/*--------------------------------*- C++ -*----------------------------------*\
| =========                 |                                                 |
| \\      /  F ield         | OpenFOAM: The Open Source CFD Toolbox           |
|  \\    /   O peration     | Version:  2512                                  |
|   \\  /    A nd           | Website:  www.openfoam.com                      |
|    \\/     M anipulation  |                                                 |
\*---------------------------------------------------------------------------*/
FoamFile
{
    version     2.0;
    format      ascii;
    arch        "LSB;label=32;scalar=64";
    note        "nPoints:44951  nCells:34292  nFaces:113284  nInternalFaces:100569";
    class       labelList;
    location    "constant/polyMesh";
    object      neighbour;
}
// * * * * * * * * * * * * * * * * * * * * * * * * * * * * * * * * * * * * * //


100569
(
1
6
42
2
7
43
3
8
44
4
9
45
5
10
46
11
47
7
12
48
8
13
49
9
14
50
10
15
51
11
16
52
17
53
13
18
54
14
19
55
15
20
56
16
21
57
17
22
58
23
59
19
25
60
26042
26045
26046
20
26
61
26049
26052
26053
21
27
62
26056
26059
26060
22
28
63
26063
26066
26067
23
29
64
33806
33809
33810
30
65
25
66
2886
2888
26043
26045
26047
26042
26043
26045
26042
26049
26050
26052
26049
26056
26057
26059
26056
26063
26064
26066
26063
33806
33807
33809
36
72
26070
26073
26074
33806
33808
33810
33812
2886
2890
2893
26043
28874
28875
28876
28877
2890
2897
2900
7441
7442
7443
7444
26050
2897
2904
2907
7469
7470
7471
7472
26057
2904
2911
2914
26064
28895
28896
28897
28898
2911
2918
2921
28916
28917
28918
28919
33807
2918
26070
26071
26073
2869
2891
2925
2926
2871
2898
2928
2912
2929
2930
2875
2919
2933
2934
2878
26071
26078
26079
26080
43
48
84
44
49
85
45
50
86
46
51
87
47
52
88
53
89
49
54
90
50
55
91
51
56
92
52
57
93
53
58
94
59
95
55
60
96
56
61
97
57
62
98
58
63
99
59
64
100
65
101
61
67
102
26084
26087
26088
62
68
103
26091
26094
26095
63
69
104
26098
26101
26102
64
70
105
26105
26108
26109
65
71
106
33813
33816
33817
72
107
67
108
7501
7503
26085
26087
26089
26045
26084
26085
26087
26052
26084
26091
26092
26094
26059
26091
26098
26099
26101
26066
26098
26105
26106
26108
26105
33809
33813
33814
33816
78
114
26112
26115
26116
33813
33815
33817
33819
2893
2968
2971
7501
26085
28928
28929
28930
28932
2900
2968
2975
2978
10690
10691
10692
10694
26092
2907
2975
2982
2985
10718
10719
10720
10722
26099
2914
2982
2989
2992
10746
10747
10748
10750
26106
2921
2989
2996
2999
28956
28957
28958
28960
33814
2996
26073
26112
26113
26115
2872
2969
3003
7505
7506
2874
2976
3005
7508
2876
2990
7509
7510
2879
2997
3009
7512
7515
2883
3012
26113
26119
26120
26123
85
90
126
86
91
127
87
92
128
88
93
129
89
94
130
95
131
91
96
132
92
97
133
93
98
134
94
99
135
95
100
136
101
137
97
102
138
98
103
139
99
104
140
100
105
141
101
106
142
107
143
103
109
144
26126
26129
26130
104
110
145
26133
26136
26137
105
111
146
26140
26143
26144
106
112
147
26147
26150
26151
107
113
148
33820
33823
33824
114
149
109
150
7517
7519
26127
26129
26131
26087
26126
26127
26129
26094
26126
26133
26134
26136
26101
26133
26140
26141
26143
26108
26140
26147
26148
26150
26147
33816
33820
33821
33823
120
156
26154
26157
26158
33820
33822
33824
33826
2971
3020
3023
7517
26127
28976
28977
28980
28981
2978
3020
3027
3030
10847
10848
10851
10852
26134
2985
3027
3034
3037
10875
10876
10879
10880
26141
2992
3034
3041
3044
10903
10904
10907
10908
26148
2999
3041
3048
3051
29004
29005
29008
29009
33821
3048
26115
26154
26155
26157
3006
3021
3055
7521
7522
3008
3028
3057
7524
3010
3042
7525
7526
3013
3049
3061
7529
7530
3017
3064
26155
26162
26163
26164
127
132
168
128
133
169
129
134
170
130
135
171
131
136
172
137
173
133
138
174
134
139
175
135
140
176
136
141
177
137
142
178
143
179
139
144
180
140
145
181
141
146
182
142
147
183
143
148
184
149
185
145
151
186
26168
26171
26172
146
152
187
26175
26178
26179
147
153
188
26182
26185
26186
148
154
189
26189
26192
26193
149
155
190
33827
33830
33831
156
191
151
192
7533
7535
26169
26171
26173
26129
26168
26169
26171
26136
26168
26175
26176
26178
26143
26175
26182
26183
26185
26150
26182
26189
26190
26192
26189
33823
33827
33828
33830
162
198
26196
26199
26200
33827
33829
33831
33833
3023
3072
3075
7533
26169
29025
29026
29029
29030
3030
3072
3079
3082
11005
11006
11009
11010
26176
3037
3079
3086
3089
11033
11034
11037
11038
26183
3044
3086
3093
3096
11061
11062
11065
11066
26190
3051
3093
3100
3103
29053
29054
29057
29058
33828
3100
26157
26196
26197
26199
3058
3073
3107
7537
7538
3060
3080
3109
7540
3062
3094
7541
7542
3065
3101
3113
7545
7546
3069
3116
26197
26204
26205
26206
169
174
210
170
175
211
171
176
212
172
177
213
173
178
214
179
215
175
180
216
176
181
217
177
182
218
178
183
219
179
184
220
185
221
181
186
222
182
187
223
183
188
224
184
189
225
185
190
226
191
227
187
193
228
26210
26213
26214
188
194
229
26217
26220
26221
189
195
230
26224
26227
26228
190
196
231
26231
26234
26235
191
197
232
33834
33837
33838
198
233
193
234
7549
7551
26211
26213
26215
26171
26210
26211
26213
26178
26210
26217
26218
26220
26185
26217
26224
26225
26227
26192
26224
26231
26232
26234
26231
33830
33834
33835
33837
204
240
26238
26241
26242
33834
33836
33838
33840
3075
3124
3127
7549
26211
29074
29075
29078
29079
3082
3124
3131
3134
11163
11164
11167
11168
26218
3089
3131
3138
3141
11191
11192
11195
11196
26225
3096
3138
3145
3148
11219
11220
11223
11224
26232
3103
3145
3152
3155
29102
29103
29106
29107
33835
3152
26199
26238
26239
26241
3110
3125
3159
7553
7554
3112
3132
3161
7556
3114
3146
7557
7558
3117
3153
3165
7561
7562
3121
3168
26239
26246
26247
26248
211
216
252
212
217
253
213
218
254
214
219
255
215
220
256
221
257
217
222
258
218
223
259
219
224
260
220
225
261
221
226
262
227
263
223
228
264
224
229
265
225
230
266
226
231
267
227
232
268
233
269
229
235
270
26252
26255
26256
230
236
271
26259
26262
26263
231
237
272
26266
26269
26270
232
238
273
26273
26276
26277
233
239
274
33841
33844
33845
240
275
235
276
7565
7567
26253
26255
26257
26213
26252
26253
26255
26220
26252
26259
26260
26262
26227
26259
26266
26267
26269
26234
26266
26273
26274
26276
26273
33837
33841
33842
33844
246
282
26280
26283
26284
33841
33843
33845
33847
3127
3176
3179
7565
26253
29123
29124
29127
29128
3134
3176
3183
3186
11321
11322
11325
11326
26260
3141
3183
3190
3193
11349
11350
11353
11354
26267
3148
3190
3197
3200
11377
11378
11381
11382
26274
3155
3197
3204
3207
29151
29152
29155
29156
33842
3204
26241
26280
26281
26283
3162
3177
3211
7569
7570
3164
3184
3213
7572
3166
3198
7573
7574
3169
3205
3217
7577
7578
3173
3220
26281
26288
26289
26290
253
258
254
259
294
255
260
295
256
261
296
257
262
297
263
298
259
264
260
265
299
261
266
300
262
267
301
263
268
302
269
303
265
270
266
271
304
267
272
305
268
273
306
269
274
307
275
308
271
277
26294
26297
26298
272
278
309
26301
26304
26305
273
279
310
26308
26311
26312
274
280
311
26315
26318
26319
275
281
312
33848
33851
33852
282
313
277
7581
7583
26295
26297
26299
26255
26294
26295
26297
26262
26294
26301
26302
26304
26269
26301
26308
26309
26311
26276
26308
26315
26316
26318
26315
33844
33848
33849
33851
288
318
26322
26325
26326
33848
33850
33852
33854
3179
3228
3231
7581
26295
29172
29173
29176
29177
3186
3228
3235
3238
11479
11480
11483
11484
26302
3193
3235
3242
3245
11507
11508
11511
11512
26309
3200
3242
3249
3252
11535
11536
11539
11540
26316
3207
3249
3256
3259
29200
29201
29204
29205
33849
3256
26283
26322
26323
26325
3214
3229
3263
7585
7586
3216
3236
3265
7588
3218
3250
7589
7590
3221
3257
3269
7593
7594
3225
3272
26323
26330
26331
26332
295
299
296
300
297
301
298
302
303
300
304
301
305
302
306
303
307
308
305
309
306
310
307
311
308
312
313
310
314
26338
26341
26342
311
315
328
26345
26348
26349
312
316
329
26352
26355
26356
313
317
330
33855
33858
33859
318
26304
26336
26338
26339
26341
26311
26338
26345
26346
26348
26318
26345
26352
26353
26355
26352
33851
33855
33856
33858
323
26359
26362
26363
33855
33857
33859
33861
3238
3280
3282
3285
11632
11633
11636
11637
26339
3245
3282
3289
3292
11660
11661
11664
11665
26346
3252
3289
3296
3299
11688
11689
11692
11693
26353
3259
3296
3303
3306
29235
29236
29239
29240
33856
3303
26325
26359
26360
26362
3268
3283
3310
7597
3270
3297
7598
7599
3273
3304
3312
7602
7603
3277
3315
26360
26365
26366
26367
329
331
26371
26374
26375
330
332
26378
26381
26382
333
33862
33865
33866
26348
26371
26372
26374
26355
26371
26378
26379
26381
26378
33858
33862
33863
33865
3292
3320
11746
11747
11750
11751
26372
3299
3320
3325
3328
11767
11768
11771
11772
26379
3306
3325
3332
3335
29263
29264
29267
29268
33863
3313
3326
7606
7607
3316
3333
3339
7610
7611
3328
3345
11809
11810
11813
11814
3340
3346
7614
7615
342
344
402
343
345
403
346
404
345
351
414
346
352
415
347
353
416
348
354
417
349
355
418
350
356
419
357
420
352
358
426
353
359
427
354
360
428
355
361
429
356
362
430
357
363
431
364
432
359
365
438
360
366
439
361
367
440
362
368
441
363
369
442
364
370
443
371
444
366
375
452
367
376
453
368
377
454
369
378
455
370
379
456
371
380
457
372
381
458
26389
26392
26393
33870
33872
33874
33869
33870
33872
3349
3350
3352
33869
3349
7618
7619
7620
376
384
465
7631
7634
7635
26385
26386
26387
26388
377
385
466
26403
26406
26407
378
386
467
26410
26413
26414
379
387
468
26417
26420
26421
380
388
469
26424
26427
26428
381
389
470
7638
7641
7642
26390
26392
26394
26389
26390
26392
7624
7625
7627
26389
33870
3350
7624
26397
26398
26399
3364
7631
7632
7634
7631
26403
26404
26406
26403
26410
26411
26413
26410
26417
26418
26420
26417
26424
26425
26427
7638
7639
7641
26424
3368
3371
7638
26390
29319
29320
29323
29324
3368
7625
26432
26433
26434
3380
7632
7646
7647
7648
3382
26404
26439
26440
26441
3385
3390
3393
11955
11956
11959
11960
26411
3390
3397
3400
11983
11984
11987
11988
26418
3397
3406
12011
12012
12015
12016
26425
29347
29348
29351
29352
3404
7639
7653
7654
7655
3369
3409
7659
7660
7661
400
411
528
3427
33876
33879
33880
401
412
529
402
413
530
403
414
531
404
415
532
405
416
533
406
417
534
407
418
535
408
419
536
409
420
537
410
421
538
422
539
7664
7666
33876
33877
33879
413
424
544
33876
33878
33880
33882
414
425
545
415
426
546
416
427
547
417
428
548
418
429
549
419
430
550
420
431
551
421
432
552
422
433
553
434
554
7668
7670
26452
26455
26456
26445
26446
26448
33877
425
436
559
26445
26447
26449
26451
426
437
560
427
438
561
428
439
562
429
440
563
430
441
564
431
442
565
432
443
566
433
444
567
434
445
568
26453
26455
26457
26452
26453
26455
7672
7674
26446
437
450
574
7672
7673
7675
7677
26466
26469
26470
438
451
575
439
452
576
440
453
577
441
454
578
442
455
579
443
456
580
444
457
581
445
458
582
446
459
583
26460
26462
26464
33883
33886
33887
26453
26459
26460
26462
3443
3457
12213
12214
12217
12218
26459
29382
29383
29386
29387
3449
3455
7678
3461
3463
3466
12242
12243
12246
12258
12259
12262
12263
3463
26466
26467
26469
452
464
589
26466
26468
26470
26472
26473
26476
26477
453
465
590
454
466
591
455
467
592
456
468
593
457
469
594
458
470
595
459
471
596
26480
26483
26484
33884
33886
33888
33872
33883
33884
33886
3352
3470
3471
3473
26460
33883
3357
3456
3470
7680
7681
7682
3464
7687
7688
3480
7691
7694
26467
29412
29413
29416
33372
33375
33377
33378
7691
26473
26474
26476
466
476
603
7710
7713
7714
26473
26475
26477
26479
467
477
604
26494
26497
26498
468
478
605
26501
26504
26505
469
479
606
26508
26511
26512
470
480
607
26515
26518
26519
471
481
608
7717
7720
7721
26481
26483
26485
26392
26480
26481
26483
7627
7698
7699
7701
26480
33884
3361
3471
7698
26488
26489
26490
7692
7706
7707
3490
3493
3496
12334
12335
12338
12355
12356
12359
12360
26474
3493
7634
7710
7711
7713
7710
26406
26494
26495
26497
26413
26494
26501
26502
26504
26420
26501
26508
26509
26511
26427
26508
26515
26516
26518
7641
7717
7718
7720
26515
3371
3500
3503
7717
26481
29445
29446
29449
29450
3377
3500
7699
26523
26524
26525
3383
3512
7711
7725
7726
7727
3387
3514
26495
26530
26531
26532
3393
3517
3522
3525
12460
12461
12464
12465
26502
3400
3522
3529
3532
12488
12489
12492
12493
26509
3406
3529
3538
12516
12517
12520
12521
26516
29473
29474
29477
29478
3410
3536
7718
7732
7733
7734
3412
3501
3541
7738
7739
7740
26537
33890
33891
33893
495
637
7745
7746
33890
33892
33894
33896
494
497
647
26538
26541
26542
26544
26546
495
498
648
33891
33892
33895
33896
499
649
497
501
658
7748
7750
26545
26546
498
502
659
499
503
660
504
661
26549
26550
26552
502
515
672
26549
26551
26553
26555
503
516
673
504
517
674
505
518
675
506
519
676
507
520
677
508
521
678
509
522
679
510
523
680
511
524
681
26557
26559
26561
26556
26557
26559
3413
3583
3585
12723
12724
12727
12728
26556
3417
3582
7751
7752
26550
33897
33898
33900
516
529
687
33897
33899
33901
33903
517
530
688
518
531
689
519
532
690
520
533
691
521
534
692
522
535
693
523
536
694
524
537
695
525
538
696
526
539
697
3599
3601
3603
26557
26558
26561
26562
3419
3583
3598
3599
3601
3423
3589
3598
7755
7756
7757
529
543
701
3612
3614
3616
33898
33899
33902
33903
33904
33907
33908
530
544
702
531
545
703
532
546
704
533
547
705
534
548
706
535
549
707
536
550
708
537
551
709
538
552
710
539
553
711
540
554
712
7762
7764
7766
3599
7664
7761
7762
7764
3428
3605
7761
7769
7770
7771
3432
3611
3620
3624
3627
12819
12820
12823
29564
29565
29568
29569
3624
33879
33904
33905
33907
545
559
717
33904
33906
33908
33910
546
560
718
547
561
719
548
562
720
549
563
721
550
564
722
551
565
723
552
566
724
553
567
725
554
568
726
555
569
727
7776
7778
7780
26570
26573
26574
7668
7762
7775
7776
7778
3436
3617
7775
7783
7784
7785
3439
3625
3634
7790
7791
7792
3636
26448
26563
26564
26566
33905
560
574
732
26563
26565
26567
26569
561
575
733
562
576
734
563
577
735
564
578
736
565
579
737
566
580
738
567
581
739
568
582
740
569
583
741
26571
26573
26575
26455
26570
26571
26573
3445
3644
3646
7776
26570
29578
29579
29582
29583
3450
3631
3643
7796
7797
7798
3452
3637
7802
7803
7804
3653
7674
7808
7809
7811
26564
575
588
747
7808
7810
7812
7814
26584
26587
26588
576
589
748
577
590
749
578
591
750
579
592
751
580
593
752
581
594
753
582
595
754
583
596
755
584
597
756
26578
26580
26582
33911
33914
33915
26462
26571
26577
26578
26580
3457
3644
3660
12943
12944
12947
12948
26577
29592
29593
29596
29597
3460
3650
3658
7815
3466
3664
3666
3669
7809
12972
12973
12976
12988
12989
12992
12993
3666
26469
26584
26585
26587
590
602
762
26584
26586
26588
26590
26591
26594
26595
591
603
763
592
604
764
593
605
765
594
606
766
595
607
767
596
608
768
597
609
769
26598
26601
26602
33912
33914
33916
33886
33911
33912
33914
3473
3673
3674
3676
26578
33911
3478
3659
3673
7817
7818
7819
3482
3667
7824
7825
3683
7694
7828
7831
26585
29622
29623
29626
33400
33403
33405
33406
7828
26476
26591
26592
26594
604
614
776
7847
7850
7851
26591
26593
26595
26597
605
615
777
26612
26615
26616
606
616
778
26619
26622
26623
607
617
779
26626
26629
26630
608
618
780
26633
26636
26637
609
619
781
7854
7857
7858
26599
26601
26603
26483
26598
26599
26601
7701
7835
7836
7838
26598
33912
3487
3674
7835
26606
26607
26608
3491
7829
7843
7844
3496
3693
3696
3699
13064
13065
13068
13085
13086
13089
13090
26592
3696
7713
7847
7848
7850
7847
26497
26612
26613
26615
26504
26612
26619
26620
26622
26511
26619
26626
26627
26629
26518
26626
26633
26634
26636
7720
7854
7855
7857
26633
3503
3703
3706
7854
26599
29655
29656
29659
29660
3509
3703
7836
26641
26642
26643
3515
3715
7848
7862
7863
7864
3519
3717
26613
26648
26649
26650
3525
3720
3725
3728
13190
13191
13194
13195
26620
3532
3725
3732
3735
13218
13219
13222
13223
26627
3538
3732
3741
13246
13247
13250
13251
26634
29683
29684
29687
29688
3542
3739
7855
7869
7870
7871
3544
3704
3744
7875
7876
7877
3758
7891
7892
7893
3557
3750
3776
26655
26656
26657
3754
3782
7743
7903
7904
7906
13346
13347
13350
3759
7903
26536
26661
26662
26664
29713
29714
29717
3764
26661
26668
26669
26671
3562
7921
7922
7923
3777
3801
26539
26675
26676
26678
29734
29735
29738
3783
26675
33893
33918
33919
33921
638
649
813
7904
7905
7908
7909
33918
33920
33922
33924
639
650
814
26662
26663
26666
26667
640
651
815
26669
26670
26673
26674
641
652
816
7912
7913
642
653
817
7916
7917
26683
26685
26687
26682
26683
26685
3795
3809
3811
13499
13500
13503
26682
29753
29754
29757
29758
3808
7928
7929
3567
7933
7934
7935
3802
3822
26543
26689
26690
26692
648
659
823
26676
26677
26680
26681
26689
26691
26693
26695
649
660
824
33919
33920
33923
33924
650
661
825
651
662
826
652
663
827
653
664
828
654
665
829
655
666
830
26683
26684
26687
26688
26697
26699
26701
3809
26696
26697
26699
3815
3830
3832
13588
13589
13592
13593
26696
29769
29770
29773
3823
3838
7747
7943
7944
7946
13620
13621
13624
29783
29784
29787
659
672
834
7943
7945
7947
7949
26690
26691
26694
26695
660
673
835
661
674
836
662
675
837
663
676
838
664
677
839
665
678
840
666
679
841
667
680
842
668
681
843
26697
26698
26701
26702
26704
26706
26708
3830
26703
26704
26706
3574
3836
26703
26711
26712
26713
3578
3839
7951
7952
7953
3851
7944
26552
26717
26718
26720
673
687
848
26717
26719
26721
26723
674
688
849
675
689
850
676
690
851
677
691
852
678
692
853
679
693
854
680
694
855
681
695
856
682
696
857
26725
26727
26729
26559
26704
26724
26725
26727
3585
3844
3859
3861
13693
13694
13697
13698
26724
3590
3858
7957
7958
3594
3852
3868
26732
26733
26734
3872
26718
33900
33925
33926
33928
688
702
863
33925
33927
33929
33931
689
703
864
690
704
865
691
705
866
692
706
867
693
707
868
694
708
869
695
709
870
696
710
871
697
711
872
698
712
873
3880
3882
3884
26725
26726
26729
26730
3601
3859
3879
3880
3882
3606
3865
3879
7961
7962
7963
3613
3873
3889
3893
3894
3896
13755
13756
13759
29832
29833
29836
702
716
877
3893
3895
3897
3899
33926
33927
33930
33931
33932
33935
33936
703
717
878
704
718
879
705
719
880
706
720
881
707
721
882
708
722
883
709
723
884
710
724
885
711
725
886
712
726
887
713
727
888
7968
7970
7972
3880
7764
7967
7968
7970
3618
3886
7967
7975
7976
7977
3627
3894
3903
3907
3910
13804
13805
13808
29851
29852
29855
29856
3907
33907
33932
33933
33935
718
732
893
33932
33934
33936
33938
719
733
894
720
734
895
721
735
896
722
736
897
723
737
898
724
738
899
725
739
900
726
740
901
727
741
902
728
742
903
7982
7984
7986
26745
26748
26749
7778
7968
7981
7982
7984
3632
3900
7981
7989
7990
7991
3639
3908
3917
7996
7997
7998
3919
26566
26738
26739
26741
33933
733
747
908
26738
26740
26742
26744
734
748
909
735
749
910
736
750
911
737
751
912
738
752
913
739
753
914
740
754
915
741
755
916
742
756
917
26746
26748
26750
26573
26745
26746
26748
3646
3927
3929
7982
26745
29865
29866
29869
29870
3651
3914
3926
8002
8003
8004
3655
3920
8008
8009
8010
3936
7811
8014
8015
8017
26739
748
761
923
8014
8016
8018
8020
26759
26762
26763
749
762
924
750
763
925
751
764
926
752
765
927
753
766
928
754
767
929
755
768
930
756
769
931
757
770
932
26753
26755
26757
33939
33942
33943
26580
26746
26752
26753
26755
3660
3927
3943
13928
13929
13932
13933
26752
29879
29880
29883
29884
3663
3933
3941
8021
3669
3947
3949
3952
8015
13957
13958
13961
13973
13974
13977
13978
3949
26587
26759
26760
26762
763
775
938
26759
26761
26763
26765
26766
26769
26770
764
776
939
765
777
940
766
778
941
767
779
942
768
780
943
769
781
944
770
782
945
26773
26776
26777
33940
33942
33944
33914
33939
33940
33942
3676
3956
3957
3959
26753
33939
3681
3942
3956
8023
8024
8025
3685
3950
8030
8031
3966
7831
8034
8037
26760
29909
29910
29913
33428
33431
33433
33434
8034
26594
26766
26767
26769
777
787
952
8053
8056
8057
26766
26768
26770
26772
778
788
953
26787
26790
26791
779
789
954
26794
26797
26798
780
790
955
26801
26804
26805
781
791
956
26808
26811
26812
782
792
957
8060
8063
8064
26774
26776
26778
26601
26773
26774
26776
7838
8041
8042
8044
26773
33940
3690
3957
8041
26781
26782
26783
3694
8035
8049
8050
3699
3976
3979
3982
14049
14050
14053
14070
14071
14074
14075
26767
3979
7850
8053
8054
8056
8053
26615
26787
26788
26790
26622
26787
26794
26795
26797
26629
26794
26801
26802
26804
26636
26801
26808
26809
26811
7857
8060
8061
8063
26808
3706
3986
3989
8060
26774
29942
29943
29946
29947
3712
3986
8042
26816
26817
26818
3718
3998
8054
8068
8069
8070
3722
4000
26788
26823
26824
26825
3728
4003
4008
4011
14175
14176
14179
14180
26795
3735
4008
4015
4018
14203
14204
14207
14208
26802
3741
4015
4024
14231
14232
14235
14236
26809
29970
29971
29974
29975
3745
4022
8061
8075
8076
8077
3747
3987
4027
8081
8082
8083
3765
4041
8097
8098
8099
3785
4033
4066
26830
26831
26832
4037
4072
7906
8115
8116
8118
14331
14332
14335
4042
8115
26664
26836
26837
26839
30000
30001
30004
4048
26671
26836
26843
26844
26846
4054
7910
8122
8123
8125
26843
30014
30015
30018
4058
7914
8122
8129
8130
8132
14420
14421
14424
3791
4062
8129
8137
8138
8139
3804
8146
8147
8148
4067
4092
26678
26850
26851
26853
30028
30029
30032
4073
26850
33921
33946
33947
33949
814
825
989
8116
8117
8120
8121
33946
33948
33950
33952
815
826
990
26837
26838
26841
26842
816
827
991
26844
26845
26848
26849
817
828
992
8123
8124
8127
8128
818
829
993
8130
8131
8134
8135
26858
26860
26862
4080
26685
26857
26858
26860
3811
4086
4100
4102
14519
14520
14523
26857
30047
30048
30051
30052
3817
4099
8153
8154
3825
8158
8159
8160
4093
4113
26692
26864
26865
26867
824
835
999
26851
26852
26855
26856
26864
26866
26868
26870
825
836
1000
33947
33948
33951
33952
826
837
1001
827
838
1002
828
839
1003
829
840
1004
830
841
1005
831
842
1006
26858
26859
26862
26863
26872
26874
26876
4100
26699
26871
26872
26874
3832
4106
4121
4123
14608
14609
14612
14613
26871
30063
30064
30067
4114
4129
7946
8168
8169
8171
14640
14641
14644
30077
30078
30081
835
848
1010
8168
8170
8172
8174
26865
26866
26869
26870
836
849
1011
837
850
1012
838
851
1013
839
852
1014
840
853
1015
841
854
1016
842
855
1017
843
856
1018
844
857
1019
26872
26873
26876
26877
26879
26881
26883
4121
26706
26878
26879
26881
3846
4127
26878
26886
26887
26888
3854
4130
8176
8177
8178
4142
8169
26720
26892
26893
26895
849
863
1024
26892
26894
26896
26898
850
864
1025
851
865
1026
852
866
1027
853
867
1028
854
868
1029
855
869
1030
856
870
1031
857
871
1032
858
872
1033
26900
26902
26904
26727
26879
26899
26900
26902
3861
4135
4150
4152
14713
14714
14717
14718
26899
3866
4149
8182
8183
3875
4143
4159
26907
26908
26909
4163
26893
33928
33953
33954
33956
864
878
1039
33953
33955
33957
33959
865
879
1040
866
880
1041
867
881
1042
868
882
1043
869
883
1044
870
884
1045
871
885
1046
872
886
1047
873
887
1048
874
888
1049
4171
4173
4175
26900
26901
26904
26905
3882
4150
4170
4171
4173
3887
4156
4170
8186
8187
8188
3896
4164
4180
4184
4185
4187
14775
14776
14779
30126
30127
30130
878
892
1053
4184
4186
4188
4190
33954
33955
33958
33959
33960
33963
33964
879
893
1054
880
894
1055
881
895
1056
882
896
1057
883
897
1058
884
898
1059
885
899
1060
886
900
1061
887
901
1062
888
902
1063
889
903
1064
8193
8195
8197
4171
7970
8192
8193
8195
3901
4177
8192
8200
8201
8202
3910
4185
4194
4198
4201
14824
14825
14828
30145
30146
30149
30150
4198
33935
33960
33961
33963
894
908
1069
33960
33962
33964
33966
895
909
1070
896
910
1071
897
911
1072
898
912
1073
899
913
1074
900
914
1075
901
915
1076
902
916
1077
903
917
1078
904
918
1079
8207
8209
8211
26920
26923
26924
7984
8193
8206
8207
8209
3915
4191
8206
8214
8215
8216
3922
4199
4208
8221
8222
8223
4210
26741
26913
26914
26916
33961
909
923
1084
26913
26915
26917
26919
910
924
1085
911
925
1086
912
926
1087
913
927
1088
914
928
1089
915
929
1090
916
930
1091
917
931
1092
918
932
1093
26921
26923
26925
26748
26920
26921
26923
3929
4218
4220
8207
26920
30159
30160
30163
30164
3934
4205
4217
8227
8228
8229
3938
4211
8233
8234
8235
4227
8017
8239
8240
8242
26914
924
937
1099
8239
8241
8243
8245
26934
26937
26938
925
938
1100
926
939
1101
927
940
1102
928
941
1103
929
942
1104
930
943
1105
931
944
1106
932
945
1107
933
946
1108
26928
26930
26932
33967
33970
33971
26755
26921
26927
26928
26930
3943
4218
4234
14948
14949
14952
14953
26927
30173
30174
30177
30178
3946
4224
4232
8246
3952
4238
4240
4243
8240
14977
14978
14981
14993
14994
14997
14998
4240
26762
26934
26935
26937
939
951
1114
26934
26936
26938
26940
26941
26944
26945
940
952
1115
941
953
1116
942
954
1117
943
955
1118
944
956
1119
945
957
1120
946
958
1121
26948
26951
26952
33968
33970
33972
33942
33967
33968
33970
3959
4247
4248
4250
26928
33967
3964
4233
4247
8248
8249
8250
3968
4241
8255
8256
4257
8037
8259
8262
26935
30203
30204
30207
33456
33459
33461
33462
8259
26769
26941
26942
26944
953
963
1128
8278
8281
8282
26941
26943
26945
26947
954
964
1129
26962
26965
26966
955
965
1130
26969
26972
26973
956
966
1131
26976
26979
26980
957
967
1132
26983
26986
26987
958
968
1133
8285
8288
8289
26949
26951
26953
26776
26948
26949
26951
8044
8266
8267
8269
26948
33968
3973
4248
8266
26956
26957
26958
3977
8260
8274
8275
3982
4267
4270
4273
15069
15070
15073
15090
15091
15094
15095
26942
4270
8056
8278
8279
8281
8278
26790
26962
26963
26965
26797
26962
26969
26970
26972
26804
26969
26976
26977
26979
26811
26976
26983
26984
26986
8063
8285
8286
8288
26983
3989
4277
4280
8285
26949
30236
30237
30240
30241
3995
4277
8267
26991
26992
26993
4001
4289
8279
8293
8294
8295
4005
4291
26963
26998
26999
27000
4011
4294
4299
4302
15195
15196
15199
15200
26970
4018
4299
4306
4309
15223
15224
15227
15228
26977
4024
4306
4315
15251
15252
15255
15256
26984
30264
30265
30268
30269
4028
4313
8286
8300
8301
8302
4030
4278
4318
8306
8307
8308
4050
4332
8322
8323
8324
4075
4324
4357
27005
27006
27007
4328
4363
8118
8340
8341
8343
15351
15352
15355
4333
8340
26839
27011
27012
27014
30294
30295
30298
4339
26846
27011
27018
27019
27021
4345
8125
8347
8348
8350
27018
30308
30309
30312
4349
8132
8347
8354
8355
8357
15440
15441
15444
4082
4353
8354
8362
8363
8364
4095
8371
8372
8373
4358
4383
26853
27025
27026
27028
30322
30323
30326
4364
27025
33949
33974
33975
33977
990
1001
1165
8341
8342
8345
8346
33974
33976
33978
33980
991
1002
1166
27012
27013
27016
27017
992
1003
1167
27019
27020
27023
27024
993
1004
1168
8348
8349
8352
8353
994
1005
1169
8355
8356
8359
8360
27033
27035
27037
4371
26860
27032
27033
27035
4102
4377
4391
4393
15539
15540
15543
27032
30341
30342
30345
30346
4108
4390
8378
8379
4116
8383
8384
8385
4384
4404
26867
27039
27040
27042
1000
1011
1175
27026
27027
27030
27031
27039
27041
27043
27045
1001
1012
1176
33975
33976
33979
33980
1002
1013
1177
1003
1014
1178
1004
1015
1179
1005
1016
1180
1006
1017
1181
1007
1018
1182
27033
27034
27037
27038
27047
27049
27051
4391
26874
27046
27047
27049
4123
4397
4412
4414
15628
15629
15632
15633
27046
30357
30358
30361
4405
4420
8171
8393
8394
8396
15660
15661
15664
30371
30372
30375
1011
1024
1186
8393
8395
8397
8399
27040
27041
27044
27045
1012
1025
1187
1013
1026
1188
1014
1027
1189
1015
1028
1190
1016
1029
1191
1017
1030
1192
1018
1031
1193
1019
1032
1194
1020
1033
1195
27047
27048
27051
27052
27054
27056
27058
4412
26881
27053
27054
27056
4137
4418
27053
27061
27062
27063
4145
4421
8401
8402
8403
4433
8394
26895
27067
27068
27070
1025
1039
1200
27067
27069
27071
27073
1026
1040
1201
1027
1041
1202
1028
1042
1203
1029
1043
1204
1030
1044
1205
1031
1045
1206
1032
1046
1207
1033
1047
1208
1034
1048
1209
27075
27077
27079
26902
27054
27074
27075
27077
4152
4426
4441
4443
15733
15734
15737
15738
27074
4157
4440
8407
8408
4166
4434
4450
27082
27083
27084
4454
27068
33956
33981
33982
33984
1040
1054
1215
33981
33983
33985
33987
1041
1055
1216
1042
1056
1217
1043
1057
1218
1044
1058
1219
1045
1059
1220
1046
1060
1221
1047
1061
1222
1048
1062
1223
1049
1063
1224
1050
1064
1225
4462
4464
4466
27075
27076
27079
27080
4173
4441
4461
4462
4464
4178
4447
4461
8411
8412
8413
4187
4455
4471
4475
4476
4478
15795
15796
15799
30420
30421
30424
1054
1068
1229
4475
4477
4479
4481
33982
33983
33986
33987
33988
33991
33992
1055
1069
1230
1056
1070
1231
1057
1071
1232
1058
1072
1233
1059
1073
1234
1060
1074
1235
1061
1075
1236
1062
1076
1237
1063
1077
1238
1064
1078
1239
1065
1079
1240
8418
8420
8422
4462
8195
8417
8418
8420
4192
4468
8417
8425
8426
8427
4201
4476
4485
4489
4492
15844
15845
15848
30439
30440
30443
30444
4489
33963
33988
33989
33991
1070
1084
1245
33988
33990
33992
33994
1071
1085
1246
1072
1086
1247
1073
1087
1248
1074
1088
1249
1075
1089
1250
1076
1090
1251
1077
1091
1252
1078
1092
1253
1079
1093
1254
1080
1094
1255
8432
8434
8436
27095
27098
27099
8209
8418
8431
8432
8434
4206
4482
8431
8439
8440
8441
4213
4490
4499
8446
8447
8448
4501
26916
27088
27089
27091
33989
1085
1099
1260
27088
27090
27092
27094
1086
1100
1261
1087
1101
1262
1088
1102
1263
1089
1103
1264
1090
1104
1265
1091
1105
1266
1092
1106
1267
1093
1107
1268
1094
1108
1269
27096
27098
27100
26923
27095
27096
27098
4220
4509
4511
8432
27095
30453
30454
30457
30458
4225
4496
4508
8452
8453
8454
4229
4502
8458
8459
8460
4518
8242
8464
8465
8467
27089
1100
1113
1275
8464
8466
8468
8470
27109
27112
27113
1101
1114
1276
1102
1115
1277
1103
1116
1278
1104
1117
1279
1105
1118
1280
1106
1119
1281
1107
1120
1282
1108
1121
1283
1109
1122
1284
27103
27105
27107
33995
33998
33999
26930
27096
27102
27103
27105
4234
4509
4525
15968
15969
15972
15973
27102
30467
30468
30471
30472
4237
4515
4523
8471
4243
4529
4531
4534
8465
15997
15998
16001
16013
16014
16017
16018
4531
26937
27109
27110
27112
1115
1127
1290
27109
27111
27113
27115
27116
27119
27120
1116
1128
1291
1117
1129
1292
1118
1130
1293
1119
1131
1294
1120
1132
1295
1121
1133
1296
1122
1134
1297
27123
27126
27127
33996
33998
34000
33970
33995
33996
33998
4250
4538
4539
4541
27103
33995
4255
4524
4538
8473
8474
8475
4259
4532
8480
8481
4548
8262
8484
8487
27110
30497
30498
30501
33484
33487
33489
33490
8484
26944
27116
27117
27119
1129
1139
1304
8503
8506
8507
27116
27118
27120
27122
1130
1140
1305
27137
27140
27141
1131
1141
1306
27144
27147
27148
1132
1142
1307
27151
27154
27155
1133
1143
1308
27158
27161
27162
1134
1144
1309
8510
8513
8514
27124
27126
27128
26951
27123
27124
27126
8269
8491
8492
8494
27123
33996
4264
4539
8491
27131
27132
27133
4268
8485
8499
8500
4273
4558
4561
4564
16089
16090
16093
16110
16111
16114
16115
27117
4561
8281
8503
8504
8506
8503
26965
27137
27138
27140
26972
27137
27144
27145
27147
26979
27144
27151
27152
27154
26986
27151
27158
27159
27161
8288
8510
8511
8513
27158
4280
4568
4571
8510
27124
30530
30531
30534
30535
4286
4568
8492
27166
27167
27168
4292
4580
8504
8518
8519
8520
4296
4582
27138
27173
27174
27175
4302
4585
4590
4593
16215
16216
16219
16220
27145
4309
4590
4597
4600
16243
16244
16247
16248
27152
4315
4597
4606
16271
16272
16275
16276
27159
30558
30559
30562
30563
4319
4604
8511
8525
8526
8527
4321
4569
4609
8531
8532
8533
4341
4623
8547
8548
8549
4366
4615
4648
27180
27181
27182
4619
4654
8343
8565
8566
8568
16371
16372
16375
4624
8565
27014
27186
27187
27189
30588
30589
30592
4630
27021
27186
27193
27194
27196
4636
8350
8572
8573
8575
27193
30602
30603
30606
4640
8357
8572
8579
8580
8582
16460
16461
16464
4373
4644
8579
8587
8588
8589
4386
8596
8597
8598
4649
4674
27028
27200
27201
27203
30616
30617
30620
4655
27200
33977
34002
34003
34005
1166
1177
1341
8566
8567
8570
8571
34002
34004
34006
34008
1167
1178
1342
27187
27188
27191
27192
1168
1179
1343
27194
27195
27198
27199
1169
1180
1344
8573
8574
8577
8578
1170
1181
1345
8580
8581
8584
8585
27208
27210
27212
4662
27035
27207
27208
27210
4393
4668
4682
4684
16559
16560
16563
27207
30635
30636
30639
30640
4399
4681
8603
8604
4407
8608
8609
8610
4675
4695
27042
27214
27215
27217
1176
1187
1351
27201
27202
27205
27206
27214
27216
27218
27220
1177
1188
1352
34003
34004
34007
34008
1178
1189
1353
1179
1190
1354
1180
1191
1355
1181
1192
1356
1182
1193
1357
1183
1194
1358
27208
27209
27212
27213
27222
27224
27226
4682
27049
27221
27222
27224
4414
4688
4703
4705
16648
16649
16652
16653
27221
30651
30652
30655
4696
4711
8396
8618
8619
8621
16680
16681
16684
30665
30666
30669
1187
1200
1362
8618
8620
8622
8624
27215
27216
27219
27220
1188
1201
1363
1189
1202
1364
1190
1203
1365
1191
1204
1366
1192
1205
1367
1193
1206
1368
1194
1207
1369
1195
1208
1370
1196
1209
1371
27222
27223
27226
27227
27229
27231
27233
4703
27056
27228
27229
27231
4428
4709
27228
27236
27237
27238
4436
4712
8626
8627
8628
4724
8619
27070
27242
27243
27245
1201
1215
1376
27242
27244
27246
27248
1202
1216
1377
1203
1217
1378
1204
1218
1379
1205
1219
1380
1206
1220
1381
1207
1221
1382
1208
1222
1383
1209
1223
1384
1210
1224
1385
27250
27252
27254
27077
27229
27249
27250
27252
4443
4717
4732
4734
16753
16754
16757
16758
27249
4448
4731
8632
8633
4457
4725
4741
27257
27258
27259
4745
27243
33984
34009
34010
34012
1216
1230
1391
34009
34011
34013
34015
1217
1231
1392
1218
1232
1393
1219
1233
1394
1220
1234
1395
1221
1235
1396
1222
1236
1397
1223
1237
1398
1224
1238
1399
1225
1239
1400
1226
1240
1401
4753
4755
4757
27250
27251
27254
27255
4464
4732
4752
4753
4755
4469
4738
4752
8636
8637
8638
4478
4746
4762
4766
4767
4769
16815
16816
16819
30714
30715
30718
1230
1244
1405
4766
4768
4770
4772
34010
34011
34014
34015
34016
34019
34020
1231
1245
1406
1232
1246
1407
1233
1247
1408
1234
1248
1409
1235
1249
1410
1236
1250
1411
1237
1251
1412
1238
1252
1413
1239
1253
1414
1240
1254
1415
1241
1255
1416
8643
8645
8647
4753
8420
8642
8643
8645
4483
4759
8642
8650
8651
8652
4492
4767
4776
4780
4783
16864
16865
16868
30733
30734
30737
30738
4780
33991
34016
34017
34019
1246
1260
1421
34016
34018
34020
34022
1247
1261
1422
1248
1262
1423
1249
1263
1424
1250
1264
1425
1251
1265
1426
1252
1266
1427
1253
1267
1428
1254
1268
1429
1255
1269
1430
1256
1270
1431
8657
8659
8661
27270
27273
27274
8434
8643
8656
8657
8659
4497
4773
8656
8664
8665
8666
4504
4781
4790
8671
8672
8673
4792
27091
27263
27264
27266
34017
1261
1275
1436
27263
27265
27267
27269
1262
1276
1437
1263
1277
1438
1264
1278
1439
1265
1279
1440
1266
1280
1441
1267
1281
1442
1268
1282
1443
1269
1283
1444
1270
1284
1445
27271
27273
27275
27098
27270
27271
27273
4511
4800
4802
8657
27270
30747
30748
30751
30752
4516
4787
4799
8677
8678
8679
4520
4793
8683
8684
8685
4809
8467
8689
8690
8692
27264
1276
1289
1451
8689
8691
8693
8695
27284
27287
27288
1277
1290
1452
1278
1291
1453
1279
1292
1454
1280
1293
1455
1281
1294
1456
1282
1295
1457
1283
1296
1458
1284
1297
1459
1285
1298
1460
27278
27280
27282
34023
34026
34027
27105
27271
27277
27278
27280
4525
4800
4816
16988
16989
16992
16993
27277
30761
30762
30765
30766
4528
4806
4814
8696
4534
4820
4822
4825
8690
17017
17018
17021
17033
17034
17037
17038
4822
27112
27284
27285
27287
1291
1303
1466
27284
27286
27288
27290
27291
27294
27295
1292
1304
1467
1293
1305
1468
1294
1306
1469
1295
1307
1470
1296
1308
1471
1297
1309
1472
1298
1310
1473
27298
27301
27302
34024
34026
34028
33998
34023
34024
34026
4541
4829
4830
4832
27278
34023
4546
4815
4829
8698
8699
8700
4550
4823
8705
8706
4839
8487
8709
8712
27285
30791
30792
30795
33512
33515
33517
33518
8709
27119
27291
27292
27294
1305
1315
1480
8728
8731
8732
27291
27293
27295
27297
1306
1316
1481
27312
27315
27316
1307
1317
1482
27319
27322
27323
1308
1318
1483
27326
27329
27330
1309
1319
1484
27333
27336
27337
1310
1320
1485
8735
8738
8739
27299
27301
27303
27126
27298
27299
27301
8494
8716
8717
8719
27298
34024
4555
4830
8716
27306
27307
27308
4559
8710
8724
8725
4564
4849
4852
4855
17109
17110
17113
17130
17131
17134
17135
27292
4852
8506
8728
8729
8731
8728
27140
27312
27313
27315
27147
27312
27319
27320
27322
27154
27319
27326
27327
27329
27161
27326
27333
27334
27336
8513
8735
8736
8738
27333
4571
4859
4862
8735
27299
30824
30825
30828
30829
4577
4859
8717
27341
27342
27343
4583
4871
8729
8743
8744
8745
4587
4873
27313
27348
27349
27350
4593
4876
4881
4884
17235
17236
17239
17240
27320
4600
4881
4888
4891
17263
17264
17267
17268
27327
4606
4888
4897
17291
17292
17295
17296
27334
30852
30853
30856
30857
4610
4895
8736
8750
8751
8752
4612
4860
4900
8756
8757
8758
4632
4914
8772
8773
8774
4657
4906
4939
27355
27356
27357
4910
4945
8568
8790
8791
8793
17391
17392
17395
4915
8790
27189
27361
27362
27364
30882
30883
30886
4921
27196
27361
27368
27369
27371
4927
8575
8797
8798
8800
27368
30896
30897
30900
4931
8582
8797
8804
8805
8807
17480
17481
17484
4664
4935
8804
8812
8813
8814
4677
8821
8822
8823
4940
4965
27203
27375
27376
27378
30910
30911
30914
4946
27375
34005
34030
34031
34033
1342
1353
1517
8791
8792
8795
8796
34030
34032
34034
34036
1343
1354
1518
27362
27363
27366
27367
1344
1355
1519
27369
27370
27373
27374
1345
1356
1520
8798
8799
8802
8803
1346
1357
1521
8805
8806
8809
8810
27383
27385
27387
4953
27210
27382
27383
27385
4684
4959
4973
4975
17579
17580
17583
27382
30929
30930
30933
30934
4690
4972
8828
8829
4698
8833
8834
8835
4966
4986
27217
27389
27390
27392
1352
1363
1527
27376
27377
27380
27381
27389
27391
27393
27395
1353
1364
1528
34031
34032
34035
34036
1354
1365
1529
1355
1366
1530
1356
1367
1531
1357
1368
1532
1358
1369
1533
1359
1370
1534
27383
27384
27387
27388
27397
27399
27401
4973
27224
27396
27397
27399
4705
4979
4994
4996
17668
17669
17672
17673
27396
30945
30946
30949
4987
5002
8621
8843
8844
8846
17700
17701
17704
30959
30960
30963
1363
1376
1538
8843
8845
8847
8849
27390
27391
27394
27395
1364
1377
1539
1365
1378
1540
1366
1379
1541
1367
1380
1542
1368
1381
1543
1369
1382
1544
1370
1383
1545
1371
1384
1546
1372
1385
1547
27397
27398
27401
27402
27404
27406
27408
4994
27231
27403
27404
27406
4719
5000
27403
27411
27412
27413
4727
5003
8851
8852
8853
5015
8844
27245
27417
27418
27420
1377
1391
1552
27417
27419
27421
27423
1378
1392
1553
1379
1393
1554
1380
1394
1555
1381
1395
1556
1382
1396
1557
1383
1397
1558
1384
1398
1559
1385
1399
1560
1386
1400
1561
27425
27427
27429
27252
27404
27424
27425
27427
4734
5008
5023
5025
17773
17774
17777
17778
27424
4739
5022
8857
8858
4748
5016
5032
27432
27433
27434
5036
27418
34012
34037
34038
34040
1392
1406
1567
34037
34039
34041
34043
1393
1407
1568
1394
1408
1569
1395
1409
1570
1396
1410
1571
1397
1411
1572
1398
1412
1573
1399
1413
1574
1400
1414
1575
1401
1415
1576
1402
1416
1577
5044
5046
5048
27425
27426
27429
27430
4755
5023
5043
5044
5046
4760
5029
5043
8861
8862
8863
4769
5037
5053
5057
5058
5060
17835
17836
17839
31008
31009
31012
1406
1420
1581
5057
5059
5061
5063
34038
34039
34042
34043
34044
34047
34048
1407
1421
1582
1408
1422
1583
1409
1423
1584
1410
1424
1585
1411
1425
1586
1412
1426
1587
1413
1427
1588
1414
1428
1589
1415
1429
1590
1416
1430
1591
1417
1431
1592
8868
8870
8872
5044
8645
8867
8868
8870
4774
5050
8867
8875
8876
8877
4783
5058
5067
5071
5074
17884
17885
17888
31027
31028
31031
31032
5071
34019
34044
34045
34047
1422
1436
1597
34044
34046
34048
34050
1423
1437
1598
1424
1438
1599
1425
1439
1600
1426
1440
1601
1427
1441
1602
1428
1442
1603
1429
1443
1604
1430
1444
1605
1431
1445
1606
1432
1446
1607
8882
8884
8886
27445
27448
27449
8659
8868
8881
8882
8884
4788
5064
8881
8889
8890
8891
4795
5072
5081
8896
8897
8898
5083
27266
27438
27439
27441
34045
1437
1451
1612
27438
27440
27442
27444
1438
1452
1613
1439
1453
1614
1440
1454
1615
1441
1455
1616
1442
1456
1617
1443
1457
1618
1444
1458
1619
1445
1459
1620
1446
1460
1621
27446
27448
27450
27273
27445
27446
27448
4802
5091
5093
8882
27445
31041
31042
31045
31046
4807
5078
5090
8902
8903
8904
4811
5084
8908
8909
8910
5100
8692
8914
8915
8917
27439
1452
1465
1627
8914
8916
8918
8920
27459
27462
27463
1453
1466
1628
1454
1467
1629
1455
1468
1630
1456
1469
1631
1457
1470
1632
1458
1471
1633
1459
1472
1634
1460
1473
1635
1461
1474
1636
27453
27455
27457
34051
34054
34055
27280
27446
27452
27453
27455
4816
5091
5107
18008
18009
18012
18013
27452
31055
31056
31059
31060
4819
5097
5105
8921
4825
5111
5113
5116
8915
18037
18038
18041
18053
18054
18057
18058
5113
27287
27459
27460
27462
1467
1479
1642
27459
27461
27463
27465
27466
27469
27470
1468
1480
1643
1469
1481
1644
1470
1482
1645
1471
1483
1646
1472
1484
1647
1473
1485
1648
1474
1486
1649
27473
27476
27477
34052
34054
34056
34026
34051
34052
34054
4832
5120
5121
5123
27453
34051
4837
5106
5120
8923
8924
8925
4841
5114
8930
8931
5130
8712
8934
8937
27460
31085
31086
31089
33540
33543
33545
33546
8934
27294
27466
27467
27469
1481
1491
1656
8953
8956
8957
27466
27468
27470
27472
1482
1492
1657
27487
27490
27491
1483
1493
1658
27494
27497
27498
1484
1494
1659
27501
27504
27505
1485
1495
1660
27508
27511
27512
1486
1496
1661
8960
8963
8964
27474
27476
27478
27301
27473
27474
27476
8719
8941
8942
8944
27473
34052
4846
5121
8941
27481
27482
27483
4850
8935
8949
8950
4855
5140
5143
5146
18129
18130
18133
18150
18151
18154
18155
27467
5143
8731
8953
8954
8956
8953
27315
27487
27488
27490
27322
27487
27494
27495
27497
27329
27494
27501
27502
27504
27336
27501
27508
27509
27511
8738
8960
8961
8963
27508
4862
5150
5153
8960
27474
31118
31119
31122
31123
4868
5150
8942
27516
27517
27518
4874
5162
8954
8968
8969
8970
4878
5164
27488
27523
27524
27525
4884
5167
5172
5175
18255
18256
18259
18260
27495
4891
5172
5179
5182
18283
18284
18287
18288
27502
4897
5179
5188
18311
18312
18315
18316
27509
31146
31147
31150
31151
4901
5186
8961
8975
8976
8977
4903
5151
5191
8981
8982
8983
4923
5205
8997
8998
8999
4948
5197
5230
27530
27531
27532
5201
5236
8793
9015
9016
9018
18411
18412
18415
5206
9015
27364
27536
27537
27539
31176
31177
31180
5212
27371
27536
27543
27544
27546
5218
8800
9022
9023
9025
27543
31190
31191
31194
5222
8807
9022
9029
9030
9032
18500
18501
18504
4955
5226
9029
9037
9038
9039
4968
9046
9047
9048
5231
5256
27378
27550
27551
27553
31204
31205
31208
5237
27550
34033
34058
34059
34061
1518
1529
1693
9016
9017
9020
9021
34058
34060
34062
34064
1519
1530
1694
27537
27538
27541
27542
1520
1531
1695
27544
27545
27548
27549
1521
1532
1696
9023
9024
9027
9028
1522
1533
1697
9030
9031
9034
9035
27558
27560
27562
5244
27385
27557
27558
27560
4975
5250
5264
5266
18599
18600
18603
27557
31223
31224
31227
31228
4981
5263
9053
9054
4989
9058
9059
9060
5257
5277
27392
27564
27565
27567
1528
1539
1703
27551
27552
27555
27556
27564
27566
27568
27570
1529
1540
1704
34059
34060
34063
34064
1530
1541
1705
1531
1542
1706
1532
1543
1707
1533
1544
1708
1534
1545
1709
1535
1546
1710
27558
27559
27562
27563
27572
27574
27576
5264
27399
27571
27572
27574
4996
5270
5285
5287
18688
18689
18692
18693
27571
31239
31240
31243
5278
5293
8846
9068
9069
9071
18720
18721
18724
31253
31254
31257
1539
1552
1714
9068
9070
9072
9074
27565
27566
27569
27570
1540
1553
1715
1541
1554
1716
1542
1555
1717
1543
1556
1718
1544
1557
1719
1545
1558
1720
1546
1559
1721
1547
1560
1722
1548
1561
1723
27572
27573
27576
27577
27579
27581
27583
5285
27406
27578
27579
27581
5010
5291
27578
27586
27587
27588
5018
5294
9076
9077
9078
5306
9069
27420
27592
27593
27595
1553
1567
1728
27592
27594
27596
27598
1554
1568
1729
1555
1569
1730
1556
1570
1731
1557
1571
1732
1558
1572
1733
1559
1573
1734
1560
1574
1735
1561
1575
1736
1562
1576
1737
27600
27602
27604
27427
27579
27599
27600
27602
5025
5299
5314
5316
18793
18794
18797
18798
27599
5030
5313
9082
9083
5039
5307
5323
27607
27608
27609
5327
27593
34040
34065
34066
34068
1568
1582
1743
34065
34067
34069
34071
1569
1583
1744
1570
1584
1745
1571
1585
1746
1572
1586
1747
1573
1587
1748
1574
1588
1749
1575
1589
1750
1576
1590
1751
1577
1591
1752
1578
1592
1753
5335
5337
5339
27600
27601
27604
27605
5046
5314
5334
5335
5337
5051
5320
5334
9086
9087
9088
5060
5328
5344
5348
5349
5351
18855
18856
18859
31302
31303
31306
1582
1596
1757
5348
5350
5352
5354
34066
34067
34070
34071
34072
34075
34076
1583
1597
1758
1584
1598
1759
1585
1599
1760
1586
1600
1761
1587
1601
1762
1588
1602
1763
1589
1603
1764
1590
1604
1765
1591
1605
1766
1592
1606
1767
1593
1607
1768
9093
9095
9097
5335
8870
9092
9093
9095
5065
5341
9092
9100
9101
9102
5074
5349
5358
5362
5365
18904
18905
18908
31321
31322
31325
31326
5362
34047
34072
34073
34075
1598
1612
1773
34072
34074
34076
34078
1599
1613
1774
1600
1614
1775
1601
1615
1776
1602
1616
1777
1603
1617
1778
1604
1618
1779
1605
1619
1780
1606
1620
1781
1607
1621
1782
1608
1622
1783
9107
9109
9111
27620
27623
27624
8884
9093
9106
9107
9109
5079
5355
9106
9114
9115
9116
5086
5363
5372
9121
9122
9123
5374
27441
27613
27614
27616
34073
1613
1627
1788
27613
27615
27617
27619
1614
1628
1789
1615
1629
1790
1616
1630
1791
1617
1631
1792
1618
1632
1793
1619
1633
1794
1620
1634
1795
1621
1635
1796
1622
1636
1797
27621
27623
27625
27448
27620
27621
27623
5093
5382
5384
9107
27620
31335
31336
31339
31340
5098
5369
5381
9127
9128
9129
5102
5375
9133
9134
9135
5391
8917
9139
9140
9142
27614
1628
1641
1803
9139
9141
9143
9145
27634
27637
27638
1629
1642
1804
1630
1643
1805
1631
1644
1806
1632
1645
1807
1633
1646
1808
1634
1647
1809
1635
1648
1810
1636
1649
1811
1637
1650
1812
27628
27630
27632
34079
34082
34083
27455
27621
27627
27628
27630
5107
5382
5398
19028
19029
19032
19033
27627
31349
31350
31353
31354
5110
5388
5396
9146
5116
5402
5404
5407
9140
19057
19058
19061
19073
19074
19077
19078
5404
27462
27634
27635
27637
1643
1655
1818
27634
27636
27638
27640
27641
27644
27645
1644
1656
1819
1645
1657
1820
1646
1658
1821
1647
1659
1822
1648
1660
1823
1649
1661
1824
1650
1662
1825
27648
27651
27652
34080
34082
34084
34054
34079
34080
34082
5123
5411
5412
5414
27628
34079
5128
5397
5411
9148
9149
9150
5132
5405
9155
9156
5421
8937
9159
9162
27635
31379
31380
31383
33568
33571
33573
33574
9159
27469
27641
27642
27644
1657
1667
1832
9178
9181
9182
27641
27643
27645
27647
1658
1668
1833
27662
27665
27666
1659
1669
1834
27669
27672
27673
1660
1670
1835
27676
27679
27680
1661
1671
1836
27683
27686
27687
1662
1672
1837
9185
9188
9189
27649
27651
27653
27476
27648
27649
27651
8944
9166
9167
9169
27648
34080
5137
5412
9166
27656
27657
27658
5141
9160
9174
9175
5146
5431
5434
5437
19149
19150
19153
19170
19171
19174
19175
27642
5434
8956
9178
9179
9181
9178
27490
27662
27663
27665
27497
27662
27669
27670
27672
27504
27669
27676
27677
27679
27511
27676
27683
27684
27686
8963
9185
9186
9188
27683
5153
5441
5444
9185
27649
31412
31413
31416
31417
5159
5441
9167
27691
27692
27693
5165
5453
9179
9193
9194
9195
5169
5455
27663
27698
27699
27700
5175
5458
5463
5466
19275
19276
19279
19280
27670
5182
5463
5470
5473
19303
19304
19307
19308
27677
5188
5470
5479
19331
19332
19335
19336
27684
31440
31441
31444
31445
5192
5477
9186
9200
9201
9202
5194
5442
5482
9206
9207
9208
5214
5496
9222
9223
9224
5239
5488
5521
27705
27706
27707
5492
5527
9018
9240
9241
9243
19431
19432
19435
5497
9240
27539
27711
27712
27714
31470
31471
31474
5503
27546
27711
27718
27719
27721
5509
9025
9247
9248
9250
27718
31484
31485
31488
5513
9032
9247
9254
9255
9257
19520
19521
19524
5246
5517
9254
9262
9263
9264
5259
9271
9272
9273
5522
5547
27553
27725
27726
27728
31498
31499
31502
5528
27725
34061
34086
34087
34089
1694
1705
1869
9241
9242
9245
9246
34086
34088
34090
34092
1695
1706
1870
27712
27713
27716
27717
1696
1707
1871
27719
27720
27723
27724
1697
1708
1872
9248
9249
9252
9253
1698
1709
1873
9255
9256
9259
9260
27733
27735
27737
5535
27560
27732
27733
27735
5266
5541
5555
5557
19619
19620
19623
27732
31517
31518
31521
31522
5272
5554
9278
9279
5280
9283
9284
9285
5548
5568
27567
27739
27740
27742
1704
1715
1879
27726
27727
27730
27731
27739
27741
27743
27745
1705
1716
1880
34087
34088
34091
34092
1706
1717
1881
1707
1718
1882
1708
1719
1883
1709
1720
1884
1710
1721
1885
1711
1722
1886
27733
27734
27737
27738
27747
27749
27751
5555
27574
27746
27747
27749
5287
5561
5576
5578
19708
19709
19712
19713
27746
31533
31534
31537
5569
5584
9071
9293
9294
9296
19740
19741
19744
31547
31548
31551
1715
1728
1890
9293
9295
9297
9299
27740
27741
27744
27745
1716
1729
1891
1717
1730
1892
1718
1731
1893
1719
1732
1894
1720
1733
1895
1721
1734
1896
1722
1735
1897
1723
1736
1898
1724
1737
1899
27747
27748
27751
27752
27754
27756
27758
5576
27581
27753
27754
27756
5301
5582
27753
27761
27762
27763
5309
5585
9301
9302
9303
5597
9294
27595
27767
27768
27770
1729
1743
1904
27767
27769
27771
27773
1730
1744
1905
1731
1745
1906
1732
1746
1907
1733
1747
1908
1734
1748
1909
1735
1749
1910
1736
1750
1911
1737
1751
1912
1738
1752
1913
27775
27777
27779
27602
27754
27774
27775
27777
5316
5590
5605
5607
19813
19814
19817
19818
27774
5321
5604
9307
9308
5330
5598
5614
27782
27783
27784
5618
27768
34068
34093
34094
34096
1744
1758
1919
34093
34095
34097
34099
1745
1759
1920
1746
1760
1921
1747
1761
1922
1748
1762
1923
1749
1763
1924
1750
1764
1925
1751
1765
1926
1752
1766
1927
1753
1767
1928
1754
1768
1929
5626
5628
5630
27775
27776
27779
27780
5337
5605
5625
5626
5628
5342
5611
5625
9311
9312
9313
5351
5619
5635
5639
5640
5642
19875
19876
19879
31596
31597
31600
1758
1772
1933
5639
5641
5643
5645
34094
34095
34098
34099
34100
34103
34104
1759
1773
1934
1760
1774
1935
1761
1775
1936
1762
1776
1937
1763
1777
1938
1764
1778
1939
1765
1779
1940
1766
1780
1941
1767
1781
1942
1768
1782
1943
1769
1783
1944
9318
9320
9322
5626
9095
9317
9318
9320
5356
5632
9317
9325
9326
9327
5365
5640
5649
5653
5656
19924
19925
19928
31615
31616
31619
31620
5653
34075
34100
34101
34103
1774
1788
1949
34100
34102
34104
34106
1775
1789
1950
1776
1790
1951
1777
1791
1952
1778
1792
1953
1779
1793
1954
1780
1794
1955
1781
1795
1956
1782
1796
1957
1783
1797
1958
1784
1798
1959
9332
9334
9336
27795
27798
27799
9109
9318
9331
9332
9334
5370
5646
9331
9339
9340
9341
5377
5654
5663
9346
9347
9348
5665
27616
27788
27789
27791
34101
1789
1803
1964
27788
27790
27792
27794
1790
1804
1965
1791
1805
1966
1792
1806
1967
1793
1807
1968
1794
1808
1969
1795
1809
1970
1796
1810
1971
1797
1811
1972
1798
1812
1973
27796
27798
27800
27623
27795
27796
27798
5384
5673
5675
9332
27795
31629
31630
31633
31634
5389
5660
5672
9352
9353
9354
5393
5666
9358
9359
9360
5682
9142
9364
9365
9367
27789
1804
1817
1979
9364
9366
9368
9370
27809
27812
27813
1805
1818
1980
1806
1819
1981
1807
1820
1982
1808
1821
1983
1809
1822
1984
1810
1823
1985
1811
1824
1986
1812
1825
1987
1813
1826
1988
27803
27805
27807
34107
34110
34111
27630
27796
27802
27803
27805
5398
5673
5689
20048
20049
20052
20053
27802
31643
31644
31647
31648
5401
5679
5687
9371
5407
5693
5695
5698
9365
20077
20078
20081
20093
20094
20097
20098
5695
27637
27809
27810
27812
1819
1831
1994
27809
27811
27813
27815
27816
27819
27820
1820
1832
1995
1821
1833
1996
1822
1834
1997
1823
1835
1998
1824
1836
1999
1825
1837
2000
1826
1838
2001
27823
27826
27827
34108
34110
34112
34082
34107
34108
34110
5414
5702
5703
5705
27803
34107
5419
5688
5702
9373
9374
9375
5423
5696
9380
9381
5712
9162
9384
9387
27810
31673
31674
31677
33596
33599
33601
33602
9384
27644
27816
27817
27819
1833
1843
2008
9403
9406
9407
27816
27818
27820
27822
1834
1844
2009
27837
27840
27841
1835
1845
2010
27844
27847
27848
1836
1846
2011
27851
27854
27855
1837
1847
2012
27858
27861
27862
1838
1848
2013
9410
9413
9414
27824
27826
27828
27651
27823
27824
27826
9169
9391
9392
9394
27823
34108
5428
5703
9391
27831
27832
27833
5432
9385
9399
9400
5437
5722
5725
5728
20169
20170
20173
20190
20191
20194
20195
27817
5725
9181
9403
9404
9406
9403
27665
27837
27838
27840
27672
27837
27844
27845
27847
27679
27844
27851
27852
27854
27686
27851
27858
27859
27861
9188
9410
9411
9413
27858
5444
5732
5735
9410
27824
31706
31707
31710
31711
5450
5732
9392
27866
27867
27868
5456
5744
9404
9418
9419
9420
5460
5746
27838
27873
27874
27875
5466
5749
5754
5757
20295
20296
20299
20300
27845
5473
5754
5761
5764
20323
20324
20327
20328
27852
5479
5761
5770
20351
20352
20355
20356
27859
31734
31735
31738
31739
5483
5768
9411
9425
9426
9427
5485
5733
5773
9431
9432
9433
5505
5787
9447
9448
9449
5530
5779
5812
27880
27881
27882
5783
5818
9243
9465
9466
9468
20451
20452
20455
5788
9465
27714
27886
27887
27889
31764
31765
31768
5794
27721
27886
27893
27894
27896
5800
9250
9472
9473
9475
27893
31778
31779
31782
5804
9257
9472
9479
9480
9482
20540
20541
20544
5537
5808
9479
9487
9488
9489
5550
9496
9497
9498
5813
5838
27728
27900
27901
27903
31792
31793
31796
5819
27900
34089
34114
34115
34117
1870
1881
2045
9466
9467
9470
9471
34114
34116
34118
34120
1871
1882
2046
27887
27888
27891
27892
1872
1883
2047
27894
27895
27898
27899
1873
1884
2048
9473
9474
9477
9478
1874
1885
2049
9480
9481
9484
9485
27908
27910
27912
5826
27735
27907
27908
27910
5557
5832
5846
5848
20639
20640
20643
27907
31811
31812
31815
31816
5563
5845
9503
9504
5571
9508
9509
9510
5839
5859
27742
27914
27915
27917
1880
1891
2055
27901
27902
27905
27906
27914
27916
27918
27920
1881
1892
2056
34115
34116
34119
34120
1882
1893
2057
1883
1894
2058
1884
1895
2059
1885
1896
2060
1886
1897
2061
1887
1898
2062
27908
27909
27912
27913
27922
27924
27926
5846
27749
27921
27922
27924
5578
5852
5867
5869
20728
20729
20732
20733
27921
31827
31828
31831
5860
5875
9296
9518
9519
9521
20760
20761
20764
31841
31842
31845
1891
1904
2066
9518
9520
9522
9524
27915
27916
27919
27920
1892
1905
2067
1893
1906
2068
1894
1907
2069
1895
1908
2070
1896
1909
2071
1897
1910
2072
1898
1911
2073
1899
1912
2074
1900
1913
2075
27922
27923
27926
27927
27929
27931
27933
5867
27756
27928
27929
27931
5592
5873
27928
27936
27937
27938
5600
5876
9526
9527
9528
5888
9519
27770
27942
27943
27945
1905
1919
2080
27942
27944
27946
27948
1906
1920
2081
1907
1921
2082
1908
1922
2083
1909
1923
2084
1910
1924
2085
1911
1925
2086
1912
1926
2087
1913
1927
2088
1914
1928
2089
27950
27952
27954
27777
27929
27949
27950
27952
5607
5881
5896
5898
20833
20834
20837
20838
27949
5612
5895
9532
9533
5621
5889
5905
27957
27958
27959
5909
27943
34096
34121
34122
34124
1920
1934
2095
34121
34123
34125
34127
1921
1935
2096
1922
1936
2097
1923
1937
2098
1924
1938
2099
1925
1939
2100
1926
1940
2101
1927
1941
2102
1928
1942
2103
1929
1943
2104
1930
1944
2105
5917
5919
5921
27950
27951
27954
27955
5628
5896
5916
5917
5919
5633
5902
5916
9536
9537
9538
5642
5910
5926
5930
5931
5933
20895
20896
20899
31890
31891
31894
1934
1948
2109
5930
5932
5934
5936
34122
34123
34126
34127
34128
34131
34132
1935
1949
2110
1936
1950
2111
1937
1951
2112
1938
1952
2113
1939
1953
2114
1940
1954
2115
1941
1955
2116
1942
1956
2117
1943
1957
2118
1944
1958
2119
1945
1959
2120
9543
9545
9547
5917
9320
9542
9543
9545
5647
5923
9542
9550
9551
9552
5656
5931
5940
5944
5947
20944
20945
20948
31909
31910
31913
31914
5944
34103
34128
34129
34131
1950
1964
2125
34128
34130
34132
34134
1951
1965
2126
1952
1966
2127
1953
1967
2128
1954
1968
2129
1955
1969
2130
1956
1970
2131
1957
1971
2132
1958
1972
2133
1959
1973
2134
1960
1974
2135
9557
9559
9561
27970
27973
27974
9334
9543
9556
9557
9559
5661
5937
9556
9564
9565
9566
5668
5945
5954
9571
9572
9573
5956
27791
27963
27964
27966
34129
1965
1979
2140
27963
27965
27967
27969
1966
1980
2141
1967
1981
2142
1968
1982
2143
1969
1983
2144
1970
1984
2145
1971
1985
2146
1972
1986
2147
1973
1987
2148
1974
1988
2149
27971
27973
27975
27798
27970
27971
27973
5675
5964
5966
9557
27970
31923
31924
31927
31928
5680
5951
5963
9577
9578
9579
5684
5957
9583
9584
9585
5973
9367
9589
9590
9592
27964
1980
1993
2155
9589
9591
9593
9595
27984
27987
27988
1981
1994
2156
1982
1995
2157
1983
1996
2158
1984
1997
2159
1985
1998
2160
1986
1999
2161
1987
2000
2162
1988
2001
2163
1989
2002
2164
27978
27980
27982
34135
34138
34139
27805
27971
27977
27978
27980
5689
5964
5980
21068
21069
21072
21073
27977
31937
31938
31941
31942
5692
5970
5978
9596
5698
5984
5986
5989
9590
21097
21098
21101
21113
21114
21117
21118
5986
27812
27984
27985
27987
1995
2007
2170
27984
27986
27988
27990
27991
27994
27995
1996
2008
2171
1997
2009
2172
1998
2010
2173
1999
2011
2174
2000
2012
2175
2001
2013
2176
2002
2014
2177
27998
28001
28002
34136
34138
34140
34110
34135
34136
34138
5705
5993
5994
5996
27978
34135
5710
5979
5993
9598
9599
9600
5714
5987
9605
9606
6003
9387
9609
9612
27985
31967
31968
31971
33624
33627
33629
33630
9609
27819
27991
27992
27994
2009
2019
2184
9628
9631
9632
27991
27993
27995
27997
2010
2020
2185
28012
28015
28016
2011
2021
2186
28019
28022
28023
2012
2022
2187
28026
28029
28030
2013
2023
2188
28033
28036
28037
2014
2024
2189
9635
9638
9639
27999
28001
28003
27826
27998
27999
28001
9394
9616
9617
9619
27998
34136
5719
5994
9616
28006
28007
28008
5723
9610
9624
9625
5728
6013
6016
6019
21189
21190
21193
21210
21211
21214
21215
27992
6016
9406
9628
9629
9631
9628
27840
28012
28013
28015
27847
28012
28019
28020
28022
27854
28019
28026
28027
28029
27861
28026
28033
28034
28036
9413
9635
9636
9638
28033
5735
6023
6026
9635
27999
32000
32001
32004
32005
5741
6023
9617
28041
28042
28043
5747
6035
9629
9643
9644
9645
5751
6037
28013
28048
28049
28050
5757
6040
6045
6048
21315
21316
21319
21320
28020
5764
6045
6052
6055
21343
21344
21347
21348
28027
5770
6052
6061
21371
21372
21375
21376
28034
32028
32029
32032
32033
5774
6059
9636
9650
9651
9652
5776
6024
6064
9656
9657
9658
5796
6078
9672
9673
9674
5821
6070
6103
28055
28056
28057
6074
6109
9468
9690
9691
9693
21471
21472
21475
6079
9690
27889
28061
28062
28064
32058
32059
32062
6085
27896
28061
28068
28069
28071
6091
9475
9697
9698
9700
28068
32072
32073
32076
6095
9482
9697
9704
9705
9707
21560
21561
21564
5828
6099
9704
9712
9713
9714
5841
9721
9722
9723
6104
6129
27903
28075
28076
28078
32086
32087
32090
6110
28075
34117
34142
34143
34145
2046
2057
2221
9691
9692
9695
9696
34142
34144
34146
34148
2047
2058
2222
28062
28063
28066
28067
2048
2059
2223
28069
28070
28073
28074
2049
2060
2224
9698
9699
9702
9703
2050
2061
2225
9705
9706
9709
9710
28083
28085
28087
6117
27910
28082
28083
28085
5848
6123
6137
6139
21659
21660
21663
28082
32105
32106
32109
32110
5854
6136
9728
9729
5862
9733
9734
9735
6130
6150
27917
28089
28090
28092
2056
2067
2231
28076
28077
28080
28081
28089
28091
28093
28095
2057
2068
2232
34143
34144
34147
34148
2058
2069
2233
2059
2070
2234
2060
2071
2235
2061
2072
2236
2062
2073
2237
2063
2074
2238
28083
28084
28087
28088
28097
28099
28101
6137
27924
28096
28097
28099
5869
6143
6158
6160
21748
21749
21752
21753
28096
32121
32122
32125
6151
6166
9521
9743
9744
9746
21780
21781
21784
32135
32136
32139
2067
2080
2242
9743
9745
9747
9749
28090
28091
28094
28095
2068
2081
2243
2069
2082
2244
2070
2083
2245
2071
2084
2246
2072
2085
2247
2073
2086
2248
2074
2087
2249
2075
2088
2250
2076
2089
2251
28097
28098
28101
28102
28104
28106
28108
6158
27931
28103
28104
28106
5883
6164
28103
28111
28112
28113
5891
6167
9751
9752
9753
6179
9744
27945
28117
28118
28120
2081
2095
2256
28117
28119
28121
28123
2082
2096
2257
2083
2097
2258
2084
2098
2259
2085
2099
2260
2086
2100
2261
2087
2101
2262
2088
2102
2263
2089
2103
2264
2090
2104
2265
28125
28127
28129
27952
28104
28124
28125
28127
5898
6172
6187
6189
21853
21854
21857
21858
28124
5903
6186
9757
9758
5912
6180
6196
28132
28133
28134
6200
28118
34124
34149
34150
34152
2096
2110
2271
34149
34151
34153
34155
2097
2111
2272
2098
2112
2273
2099
2113
2274
2100
2114
2275
2101
2115
2276
2102
2116
2277
2103
2117
2278
2104
2118
2279
2105
2119
2280
2106
2120
2281
6208
6210
6212
28125
28126
28129
28130
5919
6187
6207
6208
6210
5924
6193
6207
9761
9762
9763
5933
6201
6217
6221
6222
6224
21915
21916
21919
32184
32185
32188
2110
2124
2285
6221
6223
6225
6227
34150
34151
34154
34155
34156
34159
34160
2111
2125
2286
2112
2126
2287
2113
2127
2288
2114
2128
2289
2115
2129
2290
2116
2130
2291
2117
2131
2292
2118
2132
2293
2119
2133
2294
2120
2134
2295
2121
2135
2296
9768
9770
9772
6208
9545
9767
9768
9770
5938
6214
9767
9775
9776
9777
5947
6222
6231
6235
6238
21964
21965
21968
32203
32204
32207
32208
6235
34131
34156
34157
34159
2126
2140
2301
34156
34158
34160
34162
2127
2141
2302
2128
2142
2303
2129
2143
2304
2130
2144
2305
2131
2145
2306
2132
2146
2307
2133
2147
2308
2134
2148
2309
2135
2149
2310
2136
2150
2311
9782
9784
9786
28145
28148
28149
9559
9768
9781
9782
9784
5952
6228
9781
9789
9790
9791
5959
6236
6245
9796
9797
9798
6247
27966
28138
28139
28141
34157
2141
2155
2316
28138
28140
28142
28144
2142
2156
2317
2143
2157
2318
2144
2158
2319
2145
2159
2320
2146
2160
2321
2147
2161
2322
2148
2162
2323
2149
2163
2324
2150
2164
2325
28146
28148
28150
27973
28145
28146
28148
5966
6255
6257
9782
28145
32217
32218
32221
32222
5971
6242
6254
9802
9803
9804
5975
6248
9808
9809
9810
6264
9592
9814
9815
9817
28139
2156
2169
2331
9814
9816
9818
9820
28159
28162
28163
2157
2170
2332
2158
2171
2333
2159
2172
2334
2160
2173
2335
2161
2174
2336
2162
2175
2337
2163
2176
2338
2164
2177
2339
2165
2178
2340
28153
28155
28157
34163
34166
34167
27980
28146
28152
28153
28155
5980
6255
6271
22088
22089
22092
22093
28152
32231
32232
32235
32236
5983
6261
6269
9821
5989
6275
6277
6280
9815
22117
22118
22121
22133
22134
22137
22138
6277
27987
28159
28160
28162
2171
2183
2346
28159
28161
28163
28165
28166
28169
28170
2172
2184
2347
2173
2185
2348
2174
2186
2349
2175
2187
2350
2176
2188
2351
2177
2189
2352
2178
2190
2353
28173
28176
28177
34164
34166
34168
34138
34163
34164
34166
5996
6284
6285
6287
28153
34163
6001
6270
6284
9823
9824
9825
6005
6278
9830
9831
6294
9612
9834
9837
28160
32261
32262
32265
33652
33655
33657
33658
9834
27994
28166
28167
28169
2185
2195
2360
9853
9856
9857
28166
28168
28170
28172
2186
2196
2361
28187
28190
28191
2187
2197
2362
28194
28197
28198
2188
2198
2363
28201
28204
28205
2189
2199
2364
28208
28211
28212
2190
2200
2365
9860
9863
9864
28174
28176
28178
28001
28173
28174
28176
9619
9841
9842
9844
28173
34164
6010
6285
9841
28181
28182
28183
6014
9835
9849
9850
6019
6304
6307
6310
22209
22210
22213
22230
22231
22234
22235
28167
6307
9631
9853
9854
9856
9853
28015
28187
28188
28190
28022
28187
28194
28195
28197
28029
28194
28201
28202
28204
28036
28201
28208
28209
28211
9638
9860
9861
9863
28208
6026
6314
6317
9860
28174
32294
32295
32298
32299
6032
6314
9842
28216
28217
28218
6038
6326
9854
9868
9869
9870
6042
6328
28188
28223
28224
28225
6048
6331
6336
6339
22335
22336
22339
22340
28195
6055
6336
6343
6346
22363
22364
22367
22368
28202
6061
6343
6352
22391
22392
22395
22396
28209
32322
32323
32326
32327
6065
6350
9861
9875
9876
9877
6067
6315
6355
9881
9882
9883
6087
6369
9897
9898
9899
6112
6361
6394
28230
28231
28232
6365
6400
9693
9915
9916
9918
22491
22492
22495
6370
9915
28064
28236
28237
28239
32352
32353
32356
6376
28071
28236
28243
28244
28246
6382
9700
9922
9923
9925
28243
32366
32367
32370
6386
9707
9922
9929
9930
9932
22580
22581
22584
6119
6390
9929
9937
9938
9939
6132
9946
9947
9948
6395
6420
28078
28250
28251
28253
32380
32381
32384
6401
28250
34145
34170
34171
34173
2222
2233
2394
9916
9917
9920
9921
34170
34172
34174
34176
2223
2234
2395
28237
28238
28241
28242
2224
2235
2396
28244
28245
28248
28249
2225
2236
9923
9924
9927
9928
2226
2237
9930
9931
9934
9935
28258
28260
28262
6408
28085
28257
28258
28260
6139
6414
6428
6430
22679
22680
22683
28257
32399
32400
32403
32404
6145
6427
9953
9954
6153
9958
9959
9960
6421
6441
28092
28264
28265
28267
2232
2243
2399
28251
28252
28255
28256
28264
28266
28268
28270
2233
2244
2400
34171
34172
34175
34176
2234
2245
2401
2235
2246
2402
2236
2247
2403
2237
2248
2238
2249
2239
2250
28258
28259
28262
28263
28272
28274
28276
6428
28099
28271
28272
28274
6160
6434
6449
6451
22768
22769
22772
22773
28271
32415
32416
32419
6442
6457
9746
9968
9969
9971
22800
22801
22804
32429
32430
32433
2243
2256
2405
9968
9970
9972
9974
28265
28266
28269
28270
2244
2257
2406
2245
2258
2407
2246
2259
2408
2247
2260
2409
2248
2261
2410
2249
2262
2411
2250
2263
2412
2251
2264
2413
2252
2265
2414
28272
28273
28276
28277
28279
28281
28283
6449
28106
28278
28279
28281
6174
6455
28278
28286
28287
28288
6182
6458
9976
9977
9978
6470
9969
28120
28292
28293
28295
2257
2271
2419
28292
28294
28296
28298
2258
2272
2420
2259
2273
2421
2260
2274
2422
2261
2275
2423
2262
2276
2424
2263
2277
2425
2264
2278
2426
2265
2279
2427
2266
2280
2428
28300
28302
28304
28127
28279
28299
28300
28302
6189
6463
6478
6480
22873
22874
22877
22878
28299
6194
6477
9982
9983
6203
6471
6487
28307
28308
28309
6491
28293
34152
34177
34178
34180
2272
2286
2434
34177
34179
34181
34183
2273
2287
2435
2274
2288
2436
2275
2289
2437
2276
2290
2438
2277
2291
2439
2278
2292
2440
2279
2293
2441
2280
2294
2442
2281
2295
2443
2282
2296
2444
6499
6501
6503
28300
28301
28304
28305
6210
6478
6498
6499
6501
6215
6484
6498
9986
9987
9988
6224
6492
6508
6512
6513
6515
22935
22936
22939
32478
32479
32482
2286
2300
2448
6512
6514
6516
6518
34178
34179
34182
34183
34184
34187
34188
2287
2301
2449
2288
2302
2450
2289
2303
2451
2290
2304
2452
2291
2305
2453
2292
2306
2454
2293
2307
2455
2294
2308
2456
2295
2309
2457
2296
2310
2458
2297
2311
2459
9993
9995
9997
6499
9770
9992
9993
9995
6229
6505
9992
10000
10001
10002
6238
6513
6522
6526
6529
22984
22985
22988
32497
32498
32501
32502
6526
34159
34184
34185
34187
2302
2316
2464
34184
34186
34188
34190
2303
2317
2465
2304
2318
2466
2305
2319
2467
2306
2320
2468
2307
2321
2469
2308
2322
2470
2309
2323
2471
2310
2324
2472
2311
2325
2473
2312
2326
2474
10007
10009
10011
28320
28323
28324
9784
9993
10006
10007
10009
6243
6519
10006
10014
10015
10016
6250
6527
6536
10021
10022
10023
6538
28141
28313
28314
28316
34185
2317
2331
2479
28313
28315
28317
28319
2318
2332
2480
2319
2333
2481
2320
2334
2482
2321
2335
2483
2322
2336
2484
2323
2337
2485
2324
2338
2486
2325
2339
2487
2326
2340
2488
28321
28323
28325
28148
28320
28321
28323
6257
6546
6548
10007
28320
32511
32512
32515
32516
6262
6533
6545
10027
10028
10029
6266
6539
10033
10034
10035
6555
9817
10039
10040
10042
28314
2332
2345
2494
10039
10041
10043
10045
28334
28337
28338
2333
2346
2495
2334
2347
2496
2335
2348
2497
2336
2349
2498
2337
2350
2499
2338
2351
2500
2339
2352
2501
2340
2353
2502
2341
2354
2503
28328
28330
28332
34191
34194
34195
28155
28321
28327
28328
28330
6271
6546
6562
23108
23109
23112
23113
28327
32525
32526
32529
32530
6274
6552
6560
10046
6280
6566
6568
6571
10040
23137
23138
23141
23153
23154
23157
23158
6568
28162
28334
28335
28337
2347
2359
2509
28334
28336
28338
28340
28341
28344
28345
2348
2360
2510
2349
2361
2511
2350
2362
2512
2351
2363
2513
2352
2364
2514
2353
2365
2515
2354
2366
2516
28348
28351
28352
34192
34194
34196
34166
34191
34192
34194
6287
6575
6576
6578
28328
34191
6292
6561
6575
10048
10049
10050
6296
6569
10055
10056
6585
9837
10059
10062
28335
32555
32556
32559
33680
33683
33685
33686
10059
28169
28341
28342
28344
2361
2371
2523
10078
10081
10082
28341
28343
28345
28347
2362
2372
2524
28362
28365
28366
2363
2373
2525
28369
28372
28373
2364
2374
2526
28376
28379
28380
2365
2375
2527
28383
28386
28387
2366
2376
2528
10085
10088
10089
28349
28351
28353
28176
28348
28349
28351
9844
10066
10067
10069
28348
34192
6301
6576
10066
28356
28357
28358
6305
10060
10074
10075
6310
6595
6598
6601
23229
23230
23233
23250
23251
23254
23255
28342
6598
9856
10078
10079
10081
10078
28190
28362
28363
28365
28197
28362
28369
28370
28372
28204
28369
28376
28377
28379
28211
28376
28383
28384
28386
9863
10085
10086
10088
28383
6317
6605
6608
10085
28349
32588
32589
32592
32593
6323
6605
10067
28391
28392
28393
6329
6617
10079
10093
10094
10095
6333
6619
28363
28398
28399
28400
6339
6622
6627
6630
23355
23356
23359
23360
28370
6346
6627
6634
6637
23383
23384
23387
23388
28377
6352
6634
6643
23411
23412
23415
23416
28384
32616
32617
32620
32621
6356
6641
10086
10100
10101
10102
6358
6606
6646
10106
10107
10108
6378
6660
10122
10123
10124
6403
6652
6673
28405
28406
28407
6656
6679
9918
10134
10135
10137
23511
23512
23515
6661
10134
28239
28411
28412
28414
32646
32647
32650
6667
28246
28411
28418
28419
28421
6423
10142
10143
10144
6674
6688
28253
28425
28426
28428
32660
32661
32664
6680
28425
34173
34198
34199
34201
2395
2401
2555
10135
10136
10139
10140
34198
34200
34202
34204
2396
2402
2556
28412
28413
28416
28417
2403
28419
28420
28423
28424
6444
10149
10150
10151
6689
6697
28267
28432
28433
28435
2400
2406
2559
28426
28427
28430
28431
28432
28434
28436
28438
2401
2407
2560
34199
34200
34203
34204
2402
2408
2561
2403
2409
2562
2410
6698
6710
9971
10159
10160
10162
23683
23684
23687
32681
32682
32685
2406
2419
2564
10159
10161
10163
10165
28433
28434
28437
28438
2407
2420
2565
2408
2421
2566
2409
2422
2567
2410
2423
2568
2411
2424
2569
2412
2425
2413
2426
2414
2427
2415
2428
28439
28440
28441
28442
28444
28446
28448
6704
28281
28443
28444
28446
6465
6708
28443
28451
28452
28453
6473
6711
10167
10168
10169
6723
10160
28295
28457
28458
28460
2420
2434
2572
28457
28459
28461
28463
2421
2435
2573
2422
2436
2574
2423
2437
2575
2424
2438
2576
2425
2439
2577
2426
2440
2578
2427
2441
2579
2428
2442
2580
2429
2443
28465
28467
28469
28302
28444
28464
28465
28467
6480
6716
6731
6733
23756
23757
23760
23761
28464
6485
6730
10173
10174
6494
6724
6740
28472
28473
28474
6744
28458
34180
34205
34206
34208
2435
2449
2583
34205
34207
34209
34211
2436
2450
2584
2437
2451
2585
2438
2452
2586
2439
2453
2587
2440
2454
2588
2441
2455
2589
2442
2456
2590
2443
2457
2591
2444
2458
2592
2445
2459
6752
6754
6756
28465
28466
28469
28470
6501
6731
6751
6752
6754
6506
6737
6751
10177
10178
10179
6515
6745
6761
6765
6766
6768
23818
23819
23822
32730
32731
32734
2449
2463
2596
6765
6767
6769
6771
34206
34207
34210
34211
34212
34215
34216
2450
2464
2597
2451
2465
2598
2452
2466
2599
2453
2467
2600
2454
2468
2601
2455
2469
2602
2456
2470
2603
2457
2471
2604
2458
2472
2605
2459
2473
2606
2460
2474
2607
10184
10186
10188
6752
9995
10183
10184
10186
6520
6758
10183
10191
10192
10193
6529
6766
6775
6779
6782
23867
23868
23871
32749
32750
32753
32754
6779
34187
34212
34213
34215
2465
2479
2612
34212
34214
34216
34218
2466
2480
2613
2467
2481
2614
2468
2482
2615
2469
2483
2616
2470
2484
2617
2471
2485
2618
2472
2486
2619
2473
2487
2620
2474
2488
2621
2475
2489
2622
10198
10200
10202
28485
28488
28489
10009
10184
10197
10198
10200
6534
6772
10197
10205
10206
10207
6541
6780
6789
10212
10213
10214
6791
28316
28478
28479
28481
34213
2480
2494
2627
28478
28480
28482
28484
2481
2495
2628
2482
2496
2629
2483
2497
2630
2484
2498
2631
2485
2499
2632
2486
2500
2633
2487
2501
2634
2488
2502
2635
2489
2503
2636
28486
28488
28490
28323
28485
28486
28488
6548
6799
6801
10198
28485
32763
32764
32767
32768
6553
6786
6798
10218
10219
10220
6557
6792
10224
10225
10226
6808
10042
10230
10231
10233
28479
2495
2508
2642
10230
10232
10234
10236
28499
28502
28503
2496
2509
2643
2497
2510
2644
2498
2511
2645
2499
2512
2646
2500
2513
2647
2501
2514
2648
2502
2515
2649
2503
2516
2650
2504
2517
2651
28493
28495
28497
34219
34222
34223
28330
28486
28492
28493
28495
6562
6799
6815
23991
23992
23995
23996
28492
32777
32778
32781
32782
6565
6805
6813
10237
6571
6819
6821
6824
10231
24020
24021
24024
24036
24037
24040
24041
6821
28337
28499
28500
28502
2510
2522
2657
28499
28501
28503
28505
28506
28509
28510
2511
2523
2658
2512
2524
2659
2513
2525
2660
2514
2526
2661
2515
2527
2662
2516
2528
2663
2517
2529
2664
28513
28516
28517
34220
34222
34224
34194
34219
34220
34222
6578
6828
6829
6831
28493
34219
6583
6814
6828
10239
10240
10241
6587
6822
10246
10247
6838
10062
10250
10253
28500
32807
32808
32811
33708
33711
33713
33714
10250
28344
28506
28507
28509
2524
2534
2671
10269
10272
10273
28506
28508
28510
28512
2525
2535
2672
28527
28530
28531
2526
2536
2673
28534
28537
28538
2527
2537
2674
28541
28544
28545
2528
2538
2675
28548
28551
28552
2529
2539
2676
10276
10279
10280
28514
28516
28518
28351
28513
28514
28516
10069
10257
10258
10260
28513
34220
6592
6829
10257
28521
28522
28523
6596
10251
10265
10266
6601
6848
6851
6854
24112
24113
24116
24133
24134
24137
24138
28507
6851
10081
10269
10270
10272
10269
28365
28527
28528
28530
28372
28527
28534
28535
28537
28379
28534
28541
28542
28544
28386
28541
28548
28549
28551
10088
10276
10277
10279
28548
6608
6858
6861
10276
28514
32840
32841
32844
32845
6614
6858
10258
28556
28557
28558
6620
6870
10270
10284
10285
10286
6624
6872
28528
28563
28564
28565
6630
6875
6880
6883
24238
24239
24242
24243
28535
6637
6880
6887
6890
24266
24267
24270
24271
28542
6643
6887
6896
24294
24295
24298
24299
28549
32868
32869
32872
32873
6647
6894
10277
10291
10292
10293
6649
6859
6899
10297
10298
10299
6682
6905
6918
28570
28571
28572
6909
6924
10137
10318
10319
10321
24394
24395
24398
6914
10318
28414
28576
28577
32898
32899
32902
6691
10326
10327
10328
6919
6933
28428
28581
28582
28584
32905
32906
32909
6925
28581
34201
34226
34227
34229
2556
2561
2701
10319
10320
10323
10324
34226
34228
34230
34232
2562
28577
28578
28579
28580
6700
10333
10334
10335
6934
6942
28435
28588
28589
28591
2560
2565
2704
28582
28583
28586
28587
28588
28590
28592
28594
2561
2566
2705
34227
34228
34231
34232
2562
2567
2706
2568
2707
6943
6949
10162
10341
10342
10344
24515
24516
24519
32926
32927
32930
2565
2572
2709
10341
10343
10345
10347
28589
28590
28593
28594
2566
2573
2710
2567
2574
2711
2568
2575
2712
2569
2576
2713
2577
6726
6950
10349
10350
10351
6957
10342
28460
28595
28596
28598
2573
2583
2716
28595
28597
28599
28601
2574
2584
2717
2575
2585
2718
2576
2586
2719
2577
2587
2720
2578
2588
2721
2579
2589
2722
2580
2590
2723
2591
2724
6747
6958
6967
28603
28604
28605
6971
28596
34208
34233
34234
34236
2584
2597
2727
34233
34235
34237
34239
2585
2598
2728
2586
2599
2729
2587
2600
2730
2588
2601
2731
2589
2602
2732
2590
2603
2733
2591
2604
2734
2592
2605
2735
2606
2736
6754
6964
6978
6979
6759
6966
6978
10356
10357
10358
6768
6972
6982
6986
6987
6989
24594
24595
24598
32961
32962
32965
2597
2611
2738
6986
6988
6990
6992
34234
34235
34238
34239
34240
34243
34244
2598
2612
2739
2599
2613
2740
2600
2614
2741
2601
2615
2742
2602
2616
2743
2603
2617
2744
2604
2618
2745
2605
2619
2746
2606
2620
2747
2607
2621
2748
2608
2622
10363
10365
10367
6979
10186
10362
10363
10365
6773
6981
10362
10370
10371
10372
6782
6987
6996
7000
7003
24643
24644
24647
32980
32981
32984
32985
7000
34215
34240
34241
34243
2613
2627
2751
34240
34242
34244
34246
2614
2628
2752
2615
2629
2753
2616
2630
2754
2617
2631
2755
2618
2632
2756
2619
2633
2757
2620
2634
2758
2621
2635
2759
2622
2636
2760
2623
2637
2761
10377
10379
10381
28616
28619
28620
10200
10363
10376
10377
10379
6787
6993
10376
10384
10385
10386
6794
7001
7010
10391
10392
10393
7012
28481
28609
28610
28612
34241
2628
2642
2765
28609
28611
28613
28615
2629
2643
2766
2630
2644
2767
2631
2645
2768
2632
2646
2769
2633
2647
2770
2634
2648
2771
2635
2649
2772
2636
2650
2773
2637
2651
2774
28617
28619
28621
28488
28616
28617
28619
6801
7020
7022
10377
28616
32994
32995
32998
32999
6806
7007
7019
10397
10398
10399
6810
7013
10403
10404
10405
7029
10233
10409
10410
10412
28610
2643
2656
2780
10409
10411
10413
10415
28630
28633
28634
2644
2657
2781
2645
2658
2782
2646
2659
2783
2647
2660
2784
2648
2661
2785
2649
2662
2786
2650
2663
2787
2651
2664
2788
2652
2665
2789
28624
28626
28628
34247
34250
34251
28495
28617
28623
28624
28626
6815
7020
7036
24767
24768
24771
24772
28623
33008
33009
33012
33013
6818
7026
7034
10416
6824
7040
7042
7045
10410
24796
24797
24800
24812
24813
24816
24817
7042
28502
28630
28631
28633
2658
2670
2795
28630
28632
28634
28636
28637
28640
28641
2659
2671
2796
2660
2672
2797
2661
2673
2798
2662
2674
2799
2663
2675
2800
2664
2676
2801
2665
2677
2802
28644
28647
28648
34248
34250
34252
34222
34247
34248
34250
6831
7049
7050
7052
28624
34247
6836
7035
7049
10418
10419
10420
6840
7043
10425
10426
7059
10253
10429
10432
28631
33038
33039
33042
33736
33739
33741
33742
10429
28509
28637
28638
28640
2672
2682
2809
10448
10451
10452
28637
28639
28641
28643
2673
2683
2810
28658
28661
28662
2674
2684
2811
28665
28668
28669
2675
2685
2812
28672
28675
28676
2676
2686
2813
28679
28682
28683
2677
2687
2814
10455
10458
10459
28645
28647
28649
28516
28644
28645
28647
10260
10436
10437
10439
28644
34248
6845
7050
10436
28652
28653
28654
6849
10430
10444
10445
6854
7069
7072
7075
24888
24889
24892
24909
24910
24913
24914
28638
7072
10272
10448
10449
10451
10448
28530
28658
28659
28661
28537
28658
28665
28666
28668
28544
28665
28672
28673
28675
28551
28672
28679
28680
28682
10279
10455
10456
10458
28679
6861
7079
7082
10455
28645
33071
33072
33075
33076
6867
7079
10437
28687
28688
28689
6873
7091
10449
10463
10464
10465
6877
7093
28659
28694
28695
28696
6883
7096
7101
7104
25014
25015
25018
25019
28666
6890
7101
7108
7111
25042
25043
25046
25047
28673
6896
7108
7117
25070
25071
25074
25075
28680
33099
33100
33103
33104
6900
7115
10456
10470
10471
10472
6902
7080
7120
10476
10477
10478
6927
7126
7132
28701
28702
28703
6936
10492
10493
10494
7133
7147
28584
28707
28708
28710
33115
33116
33119
7139
28707
34229
34254
34255
34257
2706
10487
10488
10489
10490
34254
34256
34258
34260
6945
10499
10500
10501
7148
7156
28591
28714
28715
28717
2705
2710
28708
28709
28712
28713
28714
28716
28718
28720
2706
2711
34255
34256
34259
34260
2707
2712
2713
7157
7163
10344
10507
10508
10510
25258
25259
25262
33136
33137
33140
2710
2716
10507
10509
10511
10513
28715
28716
28719
28720
2711
2717
2712
2718
2713
2719
2720
6960
7164
10515
10516
10517
7171
10508
28598
28721
28722
28724
2717
2727
28721
28723
28725
28727
2718
2728
2719
2729
2720
2730
2721
2731
2722
2732
2723
2733
2724
2734
2735
6974
7172
7178
28729
28730
28731
7182
28722
34236
34261
34262
34264
2728
2739
34261
34263
34265
34267
2729
2740
2730
2741
2731
2742
2732
2743
2733
2744
2734
2745
2735
2746
2736
2747
2748
6989
7183
7189
7193
7194
7196
25327
25328
25331
33164
33165
33168
2739
2750
2840
7193
7195
7197
7199
34262
34263
34266
34267
34268
34271
34272
2740
2751
2741
2752
2742
2753
2743
2754
2744
2755
2745
2756
2746
2757
2747
2758
2748
2759
2760
7003
7194
7200
7204
7207
25355
25356
25359
33183
33184
33187
33188
7204
34243
34268
34269
34271
2752
2765
2843
34268
34270
34272
34274
2753
2766
2844
2754
2767
2845
2755
2768
2756
2769
2757
2770
2758
2771
2759
2772
2760
2773
2761
2774
2762
2775
10521
28742
28745
28746
10379
10521
7015
7205
7212
10524
10525
10526
7214
28612
28735
28736
28738
34269
2766
2780
2848
28735
28737
28739
28741
2767
2781
2849
2768
2782
2850
2769
2783
2770
2784
2771
2785
2772
2786
2773
2787
2774
2788
2775
2789
28743
28745
28747
28619
28742
28743
28745
7022
7222
10521
28742
33197
33198
33201
33202
7027
7211
7221
10530
10531
10532
7031
7215
10536
10537
10538
7225
10412
10542
10543
10545
28736
2781
2794
2853
10542
10544
10546
10548
28755
28758
28759
2782
2795
2854
2783
2796
2855
2784
2797
2785
2798
2786
2799
2787
2800
2788
2801
2789
2802
2790
2803
28750
28752
28754
34275
34278
34279
28626
28743
28749
28750
28752
7036
7222
25450
25451
25454
25455
28749
33204
33205
33208
33209
7039
7224
7230
10549
7045
7232
7234
7237
10543
25465
25466
25469
25481
25482
25485
25486
7234
28633
28755
28756
28758
2796
2808
2858
28755
28757
28759
28761
28762
28765
28766
2797
2809
2859
2798
2810
2799
2811
2800
2812
2801
2813
2802
2814
2803
2815
28769
28772
28773
34276
34278
34280
34250
34275
34276
34278
7052
7241
7242
7244
28750
34275
7057
7231
7241
10551
10552
10553
7061
7235
10558
10559
7250
10432
10562
10565
28756
33227
33228
33231
33764
33767
33769
33770
10562
28640
28762
28763
28765
2810
2820
2863
10581
10584
10585
28762
28764
28766
28768
2811
2821
28783
28786
28787
2812
2822
28790
28793
28794
2813
2823
28797
28800
28801
2814
2824
28804
28807
28808
2815
2825
10588
10591
10592
28770
28772
28774
28647
28769
28770
28772
10439
10569
10570
10572
28769
34276
7066
7242
10569
28777
28778
28779
7070
10563
10577
10578
7075
7260
7263
7266
25552
25553
25556
25573
25574
25577
25578
28763
7263
10451
10581
10582
10584
10581
28661
28783
28784
28786
28668
28783
28790
28791
28793
28675
28790
28797
28798
28800
28682
28797
28804
28805
28807
10458
10588
10589
10591
28804
7082
7270
7273
10588
28770
33260
33261
33264
33265
7088
7270
10570
28812
28813
28814
7094
7282
10582
10596
10597
10598
7098
7284
28784
28819
28820
28821
7104
7287
7292
7295
25678
25679
25682
25683
28791
7111
7292
7299
7302
25706
25707
25710
25711
28798
7117
7299
7308
25734
25735
25738
25739
28805
33288
33289
33292
33293
7121
7306
10589
10603
10604
10605
7123
7271
7311
10609
10610
10611
7174
7315
10619
10620
10621
7318
10616
28724
28825
28826
7185
7319
7321
28829
28830
28831
7323
28826
34264
34282
34283
7196
7324
7326
7328
7329
25831
25832
25835
33311
33312
33315
2842
7328
7330
7331
7332
34283
34284
34285
34288
34289
7207
7329
7333
7337
7340
25845
25846
25849
33316
33317
33320
33321
7337
34271
34285
34286
34288
2844
2848
34285
34287
34289
34291
2845
2849
2850
7217
7338
7344
10626
10627
10628
7346
28738
28835
28836
28838
34286
2849
2853
28835
28837
28839
28841
2850
2854
2855
7227
7347
10633
10634
10635
7353
10545
10639
10640
10642
28836
2854
2857
10639
10641
10643
10645
28842
28845
28846
2855
2858
2859
7237
7358
7360
7363
10640
25925
25926
25929
25941
25942
25945
25946
7360
28758
28842
28843
28845
2859
2862
28842
28844
28846
28848
28849
28852
28853
2863
7252
7361
10647
10648
7367
10565
10651
10654
28843
33332
33333
33336
33792
33795
33797
33798
10651
28765
28849
28850
28852
2866
10663
10666
28849
28851
28853
28855
7261
10652
10659
10660
7266
7372
7375
7378
25972
25973
25976
25993
25994
25997
25998
28850
7375
10584
10663
10664
10666
7285
7382
10664
10669
10670
10671
7289
7384
28856
28858
28859
28860
2887
2938
2939
2940
2872
2889
3003
7389
7390
7391
2892
2944
2945
2895
7395
7396
2874
2896
3005
7398
7399
2902
7401
2913
2947
2948
2916
7402
7403
2879
2917
3009
7405
7406
2920
2951
2952
2953
2923
7409
7410
2883
2924
3012
7414
7415
7416
2884
2961
2962
2965
2967
26072
26077
26078
26081
26083
2962
2963
2964
26075
28865
28866
28867
3015
7424
7426
7428
7430
26076
28864
28866
28868
28870
3016
7425
7426
7427
2887
2888
2889
2891
2938
2940
2941
28872
28875
28876
2889
2893
7501
2895
7389
7390
7392
7502
28885
28889
28890
2894
26044
28881
28882
28883
28884
28871
28872
28875
2898
28878
28879
28882
2894
26047
28888
28889
28890
28891
2900
2968
7434
7435
7436
7437
26048
2969
28885
28886
28889
2902
2970
7431
7432
7435
2901
7448
7449
7450
7451
26051
7438
7439
7442
2905
7445
7446
7449
2901
7455
7456
7457
7458
26054
2907
2975
7462
7463
7464
7465
26055
2976
7452
7453
7456
2909
2977
7459
7460
7463
2908
7476
7477
7478
7479
26058
7466
7467
7470
2912
7473
7474
7477
2908
7483
7484
7485
7486
26061
2914
2982
7490
7491
7492
7493
26062
2983
7480
7481
7484
2916
2984
7487
7488
7491
2915
26065
28902
28903
28904
28905
28892
28893
28896
2919
28899
28900
28903
2915
7497
7498
7499
7500
26068
2921
2989
26069
28909
28910
28911
28912
2990
7494
7495
7498
2923
2991
28906
28907
28910
2920
2922
33808
28913
28914
28917
2924
2951
2953
2954
26071
28913
28915
28916
28919
2922
28923
28924
28925
28926
33811
2924
2996
26073
33812
2997
28920
28921
28924
2998
7414
7415
7417
26075
28921
28922
28923
28926
2927
2944
28871
2927
2940
7395
28872
2946
7397
28873
2945
7401
7439
2931
2947
28892
2931
7402
28893
2949
7404
28894
2935
2936
2950
7408
2935
2936
2951
28913
2935
2948
7409
28914
2954
7411
28915
2956
2941
2942
2943
7388
2941
2943
2942
2943
2941
2942
7389
7392
7393
2946
28878
2946
7398
28879
7400
28880
2949
28899
2949
7405
28900
7407
28901
2954
2955
2956
7413
2954
2956
2955
2956
26079
2954
2955
7414
26080
7417
7418
26082
2959
2960
2961
7420
26077
2959
2960
26079
7422
26082
2967
26083
2965
2966
2967
7424
2965
2967
2966
2967
2965
2966
7425
7428
7429
2972
10676
10677
10678
10680
26086
7502
28927
28928
28931
2976
3005
10675
10676
10679
2972
7503
26089
28934
28936
28938
28940
2978
3020
10682
10684
10686
10688
26090
3006
3021
7504
28935
28936
28937
2980
3007
3022
10683
10684
10685
2979
10697
10698
10699
10701
26093
10689
10690
10693
2983
10696
10697
10700
2979
10703
10705
10707
10709
26096
2985
3027
10710
10712
10714
10716
26097
3008
3028
10704
10705
10706
2987
3029
10711
10712
10713
2986
10725
10726
10727
10729
26100
10717
10718
10721
2990
10724
10725
10728
2986
10731
10733
10735
10737
26103
2992
3034
10738
10740
10742
10744
26104
3035
10732
10733
10734
2994
3036
10739
10740
10741
2993
26107
28942
28943
28944
28946
10745
10746
10749
2997
3009
28941
28942
28945
2993
10752
10754
10756
10758
26110
2999
3041
26111
28948
28950
28952
28954
3010
3042
10753
10754
10755
3001
3011
3043
28949
28950
28951
2998
3000
33815
28955
28956
28959
3002
3012
10792
10796
10797
26113
28955
28957
28958
28961
3000
28962
28964
28966
28968
33818
3002
3048
26115
33819
3013
3049
28963
28964
28965
3014
3050
10805
10806
10808
26117
28962
28965
28967
28968
7502
10759
10760
10763
3006
3055
7504
10767
10768
10769
10773
10774
10776
10777
3008
3057
10779
10780
10782
10783
10784
10786
10787
3013
3061
10789
10790
10792
10793
10796
10800
10801
3017
3064
10805
10806
10807
3018
10815
10817
10818
10820
26114
26119
26121
26122
26124
10815
10816
10819
26117
28970
28971
28972
3067
10826
10828
10830
10832
26118
28969
28971
28973
28975
3068
10827
10828
10829
3024
10833
10834
10837
10838
26128
7518
28977
28978
28979
3028
3057
10834
10835
10836
3024
7519
26131
28983
28985
28987
28989
3030
3072
10840
10842
10844
10846
26132
3058
3073
7520
28984
28985
28986
3032
3059
3074
10841
10842
10843
3031
10854
10855
10858
10859
26135
10848
10849
10850
3035
10855
10856
10857
3031
10861
10863
10865
10867
26138
3037
3079
10868
10870
10872
10874
26139
3060
3080
10862
10863
10864
3039
3081
10869
10870
10871
3038
10882
10883
10886
10887
26142
10876
10877
10878
3042
10883
10884
10885
3038
10889
10891
10893
10895
26145
3044
3086
10896
10898
10900
10902
26146
3087
10890
10891
10892
3046
3088
10897
10898
10899
3045
26149
28990
28991
28994
28995
10904
10905
10906
3049
3061
28991
28992
28993
3045
10910
10912
10914
10916
26152
3051
3093
26153
28997
28999
29001
29003
3062
3094
10911
10912
10913
3053
3063
3095
28998
28999
29000
3050
3052
33822
29005
29006
29007
3054
3064
10951
10953
10955
26155
29004
29006
29008
29010
3052
29011
29013
29015
29017
33825
3054
3100
26157
33826
3065
3101
29012
29013
29014
3066
3102
10963
10964
10966
26159
29011
29014
29016
29017
7518
10918
10919
10920
3058
3107
7520
10925
10926
10927
10931
10932
10934
10935
3060
3109
10937
10938
10940
10941
10942
10944
10945
3065
3113
10947
10948
10951
10952
10953
10958
10959
3069
3116
10963
10964
10965
3070
10973
10974
10977
10978
26156
26161
26162
26165
26166
10974
10975
10976
26159
29019
29020
29021
3119
10984
10986
10988
10990
26160
29018
29020
29022
29024
3120
10985
10986
10987
3076
10991
10992
10995
10996
26170
7534
29026
29027
29028
3080
3109
10992
10993
10994
3076
7535
26173
29032
29034
29036
29038
3082
3124
10998
11000
11002
11004
26174
3110
3125
7536
29033
29034
29035
3084
3111
3126
10999
11000
11001
3083
11012
11013
11016
11017
26177
11006
11007
11008
3087
11013
11014
11015
3083
11019
11021
11023
11025
26180
3089
3131
11026
11028
11030
11032
26181
3112
3132
11020
11021
11022
3091
3133
11027
11028
11029
3090
11040
11041
11044
11045
26184
11034
11035
11036
3094
11041
11042
11043
3090
11047
11049
11051
11053
26187
3096
3138
11054
11056
11058
11060
26188
3139
11048
11049
11050
3098
3140
11055
11056
11057
3097
26191
29039
29040
29043
29044
11062
11063
11064
3101
3113
29040
29041
29042
3097
11068
11070
11072
11074
26194
3103
3145
26195
29046
29048
29050
29052
3114
3146
11069
11070
11071
3105
3115
3147
29047
29048
29049
3102
3104
33829
29054
29055
29056
3106
3116
11109
11111
11113
26197
29053
29055
29057
29059
3104
29060
29062
29064
29066
33832
3106
3152
26199
33833
3117
3153
29061
29062
29063
3118
3154
11121
11122
11124
26201
29060
29063
29065
29066
7534
11076
11077
11078
3110
3159
7536
11083
11084
11085
11089
11090
11092
11093
3112
3161
11095
11096
11098
11099
11100
11102
11103
3117
3165
11105
11106
11109
11110
11111
11116
11117
3121
3168
11121
11122
11123
3122
11131
11132
11135
11136
26198
26203
26204
26207
26208
11132
11133
11134
26201
29068
29069
29070
3171
11142
11144
11146
11148
26202
29067
29069
29071
29073
3172
11143
11144
11145
3128
11149
11150
11153
11154
26212
7550
29075
29076
29077
3132
3161
11150
11151
11152
3128
7551
26215
29081
29083
29085
29087
3134
3176
11156
11158
11160
11162
26216
3162
3177
7552
29082
29083
29084
3136
3163
3178
11157
11158
11159
3135
11170
11171
11174
11175
26219
11164
11165
11166
3139
11171
11172
11173
3135
11177
11179
11181
11183
26222
3141
3183
11184
11186
11188
11190
26223
3164
3184
11178
11179
11180
3143
3185
11185
11186
11187
3142
11198
11199
11202
11203
26226
11192
11193
11194
3146
11199
11200
11201
3142
11205
11207
11209
11211
26229
3148
3190
11212
11214
11216
11218
26230
3191
11206
11207
11208
3150
3192
11213
11214
11215
3149
26233
29088
29089
29092
29093
11220
11221
11222
3153
3165
29089
29090
29091
3149
11226
11228
11230
11232
26236
3155
3197
26237
29095
29097
29099
29101
3166
3198
11227
11228
11229
3157
3167
3199
29096
29097
29098
3154
3156
33836
29103
29104
29105
3158
3168
11267
11269
11271
26239
29102
29104
29106
29108
3156
29109
29111
29113
29115
33839
3158
3204
26241
33840
3169
3205
29110
29111
29112
3170
3206
11279
11280
11282
26243
29109
29112
29114
29115
7550
11234
11235
11236
3162
3211
7552
11241
11242
11243
11247
11248
11250
11251
3164
3213
11253
11254
11256
11257
11258
11260
11261
3169
3217
11263
11264
11267
11268
11269
11274
11275
3173
3220
11279
11280
11281
3174
11289
11290
11293
11294
26240
26245
26246
26249
26250
11290
11291
11292
26243
29117
29118
29119
3223
11300
11302
11304
11306
26244
29116
29118
29120
29122
3224
11301
11302
11303
3180
11307
11308
11311
11312
26254
7566
29124
29125
29126
3184
3213
11308
11309
11310
3180
7567
26257
29130
29132
29134
29136
3186
3228
11314
11316
11318
11320
26258
3214
3229
7568
29131
29132
29133
3188
3215
3230
11315
11316
11317
3187
11328
11329
11332
11333
26261
11322
11323
11324
3191
11329
11330
11331
3187
11335
11337
11339
11341
26264
3193
3235
11342
11344
11346
11348
26265
3216
3236
11336
11337
11338
3195
3237
11343
11344
11345
3194
11356
11357
11360
11361
26268
11350
11351
11352
3198
11357
11358
11359
3194
11363
11365
11367
11369
26271
3200
3242
11370
11372
11374
11376
26272
3243
11364
11365
11366
3202
3244
11371
11372
11373
3201
26275
29137
29138
29141
29142
11378
11379
11380
3205
3217
29138
29139
29140
3201
11384
11386
11388
11390
26278
3207
3249
26279
29144
29146
29148
29150
3218
3250
11385
11386
11387
3209
3219
3251
29145
29146
29147
3206
3208
33843
29152
29153
29154
3210
3220
11425
11427
11429
26281
29151
29153
29155
29157
3208
29158
29160
29162
29164
33846
3210
3256
26283
33847
3221
3257
29159
29160
29161
3222
3258
11437
11438
11440
26285
29158
29161
29163
29164
7566
11392
11393
11394
3214
3263
7568
11399
11400
11401
11405
11406
11408
11409
3216
3265
11411
11412
11414
11415
11416
11418
11419
3221
3269
11421
11422
11425
11426
11427
11432
11433
3225
3272
11437
11438
11439
3226
11447
11448
11451
11452
26282
26287
26288
26291
26292
11448
11449
11450
26285
29166
29167
29168
3275
11458
11460
11462
11464
26286
29165
29167
29169
29171
3276
11459
11460
11461
3232
11465
11466
11469
11470
26296
7582
29173
29174
29175
3236
3265
11466
11467
11468
3232
7583
26299
29179
29181
29183
29185
3238
3280
11472
11474
11476
11478
26300
3266
7584
29180
29181
29182
3240
3267
3281
11473
11474
11475
3239
11486
11487
11490
11491
26303
11480
11481
11482
3243
11487
11488
11489
3239
11493
11495
11497
11499
26306
3245
3282
11500
11502
11504
11506
26307
3268
3283
11494
11495
11496
3247
3284
11501
11502
11503
3246
11514
11515
11518
11519
26310
11508
11509
11510
3250
11515
11516
11517
3246
11521
11523
11525
11527
26313
3252
3289
11528
11530
11532
11534
26314
3290
11522
11523
11524
3254
3291
11529
11530
11531
3253
26317
29186
29187
29190
29191
11536
11537
11538
3257
3269
29187
29188
29189
3253
11542
11544
11546
11548
26320
3259
3296
26321
29193
29195
29197
29199
3270
3297
11543
11544
11545
3261
3271
3298
29194
29195
29196
3258
3260
33850
29201
29202
29203
3262
3272
11583
11585
11587
26323
29200
29202
29204
29206
3260
29207
29209
29211
29213
33853
3262
3303
26325
33854
3273
3304
29208
29209
29210
3274
3305
11595
11596
11598
26327
29207
29210
29212
29213
7582
11550
11551
11552
3266
7584
11557
11558
11559
11563
11564
11566
11567
3268
3310
11569
11570
11572
11573
11574
11576
11577
3273
3312
11579
11580
11583
11584
11585
11590
11591
3277
3315
11595
11596
11597
3278
11605
11606
11609
11610
26324
26329
26330
26333
26334
11606
11607
11608
26327
29215
29216
29217
3318
11616
11618
11620
11622
26328
29214
29216
29218
29220
3319
11617
11618
11619
11623
11624
11627
11628
26337
3283
3310
11624
11625
11626
3286
11639
11640
11643
11644
26340
11633
11634
11635
3290
11640
11641
11642
3286
11646
11648
11650
11652
26343
3292
11653
11655
11657
11659
26344
3311
11647
11648
11649
3294
11654
11655
11656
3293
11667
11668
11671
11672
26347
11661
11662
11663
3297
11668
11669
11670
3293
11674
11676
11678
11680
26350
3299
3320
11681
11683
11685
11687
26351
3321
11675
11676
11677
3301
3322
11682
11683
11684
3300
26354
29221
29222
29225
29226
11689
11690
11691
3304
3312
29222
29223
29224
3300
11695
11697
11699
11701
26357
3306
3325
26358
29228
29230
29232
29234
3313
3326
11696
11697
11698
3308
3314
3327
29229
29230
29231
3305
3307
33857
29236
29237
29238
3309
3315
11717
11719
11721
26360
29235
29237
29239
29241
3307
29242
29244
29246
29248
33860
3309
3332
26362
33861
3316
3333
29243
29244
29245
3317
3334
11729
11730
11732
29242
29245
29247
29248
11702
11703
11706
11707
11708
11710
11711
3316
3339
11713
11714
11717
11718
11719
11724
11725
3342
11729
11730
11731
11739
11740
11743
11744
26361
26364
26365
26368
26369
11740
11741
11742
3323
11753
11754
11757
11758
26373
11747
11748
11749
3326
11754
11755
11756
3328
11760
11762
11764
11766
26377
3330
11761
11762
11763
3329
26380
29249
29250
29253
29254
11768
11769
11770
3333
3339
29250
29251
29252
3329
11774
11776
11778
11780
26383
3335
3345
26384
29256
29258
29260
29262
3340
3346
11775
11776
11777
3337
3341
3347
29257
29258
29259
3334
3336
33864
29264
29265
29266
3338
3342
11791
11793
11795
29263
29265
29267
29269
3336
29270
29272
29274
29276
33867
3338
33868
3343
29271
29272
29273
3344
11803
11804
11806
29270
29273
29275
29276
11781
11782
11784
11785
3343
3348
11787
11788
11791
11792
11793
11798
11799
11803
11804
11805
29277
29278
29281
29282
11810
11811
11812
3348
29278
29279
29280
11816
11817
3353
7619
7620
7623
29284
29285
29288
29289
3354
26397
26399
26401
29284
29286
29288
29290
33871
3356
3359
29285
29286
29287
3353
3354
33873
3357
3470
11827
11829
11831
29291
29293
29295
29297
3361
3471
29291
29294
29296
29297
29299
29300
29302
33875
3358
3362
3472
29292
29293
29294
11822
11823
11827
11828
11829
3477
11836
11837
11841
11842
7626
11846
11847
11848
7628
29299
29300
29301
3485
11853
11854
3486
7630
11858
11859
11860
3366
26386
29305
29306
29309
29310
3380
7632
29306
29307
29308
3493
7634
26388
29312
29314
29316
29318
3381
3495
7636
29313
29314
29315
3372
11864
11865
11868
11869
26391
26433
26434
26437
7640
29320
29321
29322
3376
11865
11866
11867
3372
7642
26394
29326
29328
29330
29332
3377
3500
11871
11873
11875
11877
26395
29334
29336
29338
3412
3501
7644
29327
29328
29329
3379
3502
11872
11873
11874
7626
11879
11880
11884
11885
7629
29334
29335
29336
3507
7630
11889
11890
3508
11894
11895
11898
11899
3383
3512
11901
11902
7633
11905
11906
11907
7636
11916
11917
11918
3387
3514
7637
11923
11924
11925
3388
11937
11938
11941
11942
26405
26438
26439
26442
26443
3391
11938
11939
11940
26408
29341
29342
29343
3393
3517
11948
11950
11952
11954
26409
29340
29342
29344
29346
3395
3518
11949
11950
11951
3394
11962
11963
11966
11967
26412
11956
11957
11958
3398
11963
11964
11965
3394
11969
11971
11973
11975
26415
3400
3522
11976
11978
11980
11982
26416
3523
11970
11971
11972
3402
3524
11977
11978
11979
3401
11990
11991
11994
11995
26419
11984
11985
11986
3405
11991
11992
11993
3401
11997
11999
12001
12003
26422
3406
3529
12004
12006
12008
12010
26423
3530
11998
11999
12000
3408
3531
12005
12006
12007
26426
29348
29349
29350
12012
12013
12014
12024
12026
12028
12030
26429
29354
29356
29358
29360
3410
3536
26430
29355
29356
29357
3537
12025
12026
12027
7640
12038
12039
12040
7643
12051
12052
12053
3412
3541
7644
12058
12059
12060
12072
12073
12074
3415
12079
12081
12083
12085
3417
3582
12080
12081
12082
3419
3583
29361
29364
29366
29367
3418
3420
3584
29362
29363
29364
12086
12087
3423
3589
12089
12090
3420
3421
3422
3423
3598
12093
12095
12097
29362
29364
29366
3422
3599
7664
3424
3600
7665
12100
12101
12103
12093
12094
12095
3428
3605
12100
12101
12102
3426
3430
3608
12107
12108
12109
3427
3432
3611
12107
12108
12110
3433
3612
7665
12114
12115
12116
3436
3617
7667
12121
12122
12123
3432
3620
12128
12129
12130
3434
3438
3621
12134
12135
3433
12128
12130
12132
29368
29370
29372
29374
3435
3624
33879
3439
3625
29369
29370
29371
3440
3626
29368
29371
29373
29374
33881
7669
12138
12139
12140
3450
3631
7671
12145
12146
12147
3439
3634
12151
12152
12157
12158
12159
3442
3636
12156
12158
12160
12162
26448
3452
3637
12164
12165
12166
3453
3638
12163
12166
12168
12169
26450
3447
12170
12172
12174
12176
26454
3449
3455
12171
12172
12173
3447
7670
26456
29375
29377
29379
29381
3450
3643
7671
29376
29377
29378
3457
3644
12177
12180
12182
12183
26458
3451
3458
3645
12178
12179
12180
12184
12185
12187
12188
12189
3460
3650
12192
12193
12196
12197
12198
3653
7674
12195
12197
12199
12201
12206
12208
12210
12212
3462
3654
7676
12207
12208
12209
12214
12215
12216
26461
29383
29384
29385
12226
12228
12230
12232
26463
29389
29391
29393
29395
3460
3658
12227
12228
12229
3478
3659
26465
29390
29391
29392
12239
12241
12242
12243
3466
3664
12250
12251
12252
3465
3467
7673
12259
12260
12261
3469
3480
12258
12260
12262
12264
26467
29411
29413
29415
3467
7676
12250
12252
12254
12265
12267
12269
12271
3469
3666
7677
26469
3482
3667
12266
12267
12268
3483
3668
12265
12268
12270
12271
26471
29418
29419
29421
3474
7681
7682
7685
26461
29396
29397
29400
29401
3475
26488
26490
26492
29396
29398
29400
29402
33885
3477
3485
29397
29398
29399
3474
3475
26464
33887
3478
3673
12280
12282
12284
26465
29403
29405
29407
29409
3487
3674
29403
29406
29408
29409
29425
29426
29428
33889
3479
3488
3675
29404
29405
29406
12275
12276
12280
12281
12282
3680
12289
12290
29411
29412
29413
7692
12294
12295
12299
12300
3683
7694
29418
29419
29420
3684
7696
12304
12305
12309
12310
7700
12314
12315
12316
7702
29425
29426
29427
3688
12321
12322
3689
7704
12326
12327
12328
7693
12333
12334
12335
7696
12342
12343
3496
3693
7697
12347
12348
12349
3497
26475
29431
29432
29435
29436
12356
12357
12358
3512
7711
29432
29433
29434
3497
12347
12349
12351
12362
12364
12366
12368
26478
3696
7713
26479
29438
29440
29442
29444
3697
12363
12364
12365
3513
3698
7715
29439
29440
29441
3504
12369
12370
12373
12374
26482
26524
26525
26528
7719
29446
29447
29448
3508
12370
12371
12372
3504
7721
26485
29452
29454
29456
29458
3509
3703
12376
12378
12380
12382
26486
29460
29462
29464
3544
3704
7723
29453
29454
29455
3511
3705
12377
12378
12379
7700
12384
12385
12389
12390
7703
29460
29461
29462
3710
7704
12394
12395
3711
12399
12400
12403
12404
3515
3715
12406
12407
7712
12410
12411
12412
7715
12421
12422
12423
3519
3717
7716
12428
12429
12430
3520
12442
12443
12446
12447
26496
26529
26530
26533
26534
3523
12443
12444
12445
26499
29467
29468
29469
3525
3720
12453
12455
12457
12459
26500
29466
29468
29470
29472
3527
3721
12454
12455
12456
3526
12467
12468
12471
12472
26503
12461
12462
12463
3530
12468
12469
12470
3526
12474
12476
12478
12480
26506
3532
3725
12481
12483
12485
12487
26507
3726
12475
12476
12477
3534
3727
12482
12483
12484
3533
12495
12496
12499
12500
26510
12489
12490
12491
3537
12496
12497
12498
3533
12502
12504
12506
12508
26513
3538
3732
12509
12511
12513
12515
26514
3733
12503
12504
12505
3540
3734
12510
12511
12512
26517
29474
29475
29476
12517
12518
12519
12529
12531
12533
12535
26520
29480
29482
29484
29486
3542
3739
26521
29481
29482
29483
3740
12530
12531
12532
7719
12543
12544
12545
7722
12556
12557
12558
3544
3744
7723
12563
12564
12565
12577
12578
12579
3546
3554
3748
12584
3557
3750
12586
12587
3548
3558
3751
12591
12592
12593
3754
7743
12606
12607
12608
3551
3755
7744
29488
29489
29490
3758
12619
12620
12621
3759
26536
29495
29496
29497
3760
12618
12621
12623
12624
29494
29497
29499
29500
3555
3563
3774
12630
12631
12632
3557
3776
12643
12644
12645
3777
26539
29502
29503
29504
3559
3778
12642
12645
12647
12648
26540
29501
29504
29506
29507
29509
29510
29511
3560
3782
7743
12591
12593
12595
29508
29510
29512
29514
3560
3783
29508
29511
29513
29514
33893
3784
7745
33894
3564
3568
3799
12654
12655
12656
12661
12662
12663
3565
3801
12630
12632
12634
12660
12662
12664
12666
26539
3565
3802
12654
12655
12657
12660
12663
12665
12666
26543
3803
26541
26544
3569
3571
3820
12669
12670
12671
12675
12676
12677
3570
3822
12654
12656
12658
12674
12676
12678
12680
26543
3823
7747
29516
29517
29518
3824
7748
26545
29515
29518
29520
29521
3838
7747
12684
12685
12686
3578
3839
12691
12692
3579
3840
7749
29523
29524
29525
26547
29530
29531
29532
3585
3844
12699
12702
12704
12705
26548
29529
29532
29534
29535
3586
3845
12700
12701
12702
3580
3592
3849
12706
12707
12710
12711
12712
3581
3851
12709
12711
12713
12715
26552
29523
29525
29527
3594
3852
12717
12718
12719
3595
3853
12716
12719
12721
12722
26554
12724
12725
12726
3587
26558
29536
29538
29540
29542
3589
3598
29537
29538
29539
3587
12730
12732
12734
12736
26560
3590
3858
12731
12732
12733
3601
3859
26562
29543
29546
29548
29549
3591
3602
3860
29544
29545
29546
12737
12738
12740
12741
3606
3865
12743
12744
3594
3868
12746
12747
3596
3609
3869
12749
12750
12751
29551
29552
29553
3597
3872
29550
29552
29554
29556
33900
3613
3873
29558
29559
29560
3614
3874
29557
29560
29562
29563
33902
3600
3602
7756
7757
7760
29538
29539
29542
3600
3603
3604
3605
7761
12755
12757
12759
3602
3603
3604
3606
3879
12762
12764
12766
29544
29546
29548
3604
3880
7764
3607
3881
7765
12769
12770
12772
12755
12756
12757
12762
12763
12764
3618
3886
12769
12770
12771
3611
3620
12776
12777
12778
3613
3889
12783
12784
12785
3615
3622
3890
12790
12791
12792
3612
3615
12776
12778
12780
3616
3624
3614
3615
12783
12785
12787
29558
29560
29562
3616
3893
3616
3627
3894
12790
12791
12793
3628
3895
7763
12797
12798
12799
7765
12804
12805
12806
3632
3900
7767
12811
12812
12813
12818
12819
12820
3625
3634
12824
12825
3627
3903
12828
12829
12830
3629
3635
3904
12834
12835
3626
3628
29565
29566
29567
3630
3636
29564
29566
29568
29570
33905
3628
12828
12830
12832
29571
29573
29575
29577
3630
3907
33907
3639
3908
29572
29573
29574
3640
3909
29571
29574
29576
29577
33909
7777
12838
12839
12840
7779
12845
12846
12847
3651
3914
7781
12852
12853
12854
12858
12859
3639
3917
12863
12864
3638
3640
7789
7790
7793
7794
12869
12870
12871
3642
3653
12868
12870
12872
12874
26564
12876
12877
12878
3642
3919
12875
12877
12879
12881
26566
3655
3920
12883
12884
12885
3656
3921
12882
12885
12887
12888
26568
7777
29579
29580
29581
3648
12889
12891
12893
12895
26572
3650
3658
12890
12891
12892
3648
7780
26574
29585
29587
29589
29591
3651
3926
7781
29586
29587
29588
3660
3927
12896
12899
12901
12902
26576
3652
3661
3928
12897
12898
12899
12903
12904
12906
12907
12908
3663
3933
12911
12912
3656
7801
7802
7805
7806
12918
12919
12922
12923
3664
7809
12919
12920
12921
12926
12927
12928
3936
7811
12925
12927
12929
12931
12936
12938
12940
12942
3665
3937
7813
12937
12938
12939
12944
12945
12946
26579
29593
29594
29595
12956
12958
12960
12962
26581
29599
29601
29603
29605
3663
3941
12957
12958
12959
3681
3942
26583
29600
29601
29602
12969
12971
12972
12973
3669
3947
12980
12981
12982
3668
3670
7810
12989
12990
12991
3672
3683
12988
12990
12992
12994
26585
29621
29623
29625
3670
7813
12980
12982
12984
12995
12997
12999
13001
3672
3949
7814
26587
3685
3950
12996
12997
12998
3686
3951
12995
12998
13000
13001
26589
29628
29629
29631
3677
7818
7819
7822
26579
29606
29607
29610
29611
3678
26606
26608
26610
29606
29608
29610
29612
33913
3680
3688
29607
29608
29609
3677
3678
26582
33915
3681
3956
13010
13012
13014
26583
29613
29615
29617
29619
3690
3957
29613
29616
29618
29619
29635
29636
29638
33917
3682
3691
3958
29614
29615
29616
13005
13006
13010
13011
13012
3963
13019
13020
29621
29622
29623
7829
13024
13025
13029
13030
3966
7831
29628
29629
29630
3967
7833
13034
13035
13039
13040
7837
13044
13045
13046
7839
29635
29636
29637
3971
13051
13052
3972
7841
13056
13057
13058
7830
13063
13064
13065
7833
13072
13073
3699
3976
7834
13077
13078
13079
3700
26593
29641
29642
29645
29646
13086
13087
13088
3715
7848
29642
29643
29644
3700
13077
13079
13081
13092
13094
13096
13098
26596
3979
7850
26597
29648
29650
29652
29654
3980
13093
13094
13095
3716
3981
7852
29649
29650
29651
3707
13099
13100
13103
13104
26600
26642
26643
26646
7856
29656
29657
29658
3711
13100
13101
13102
3707
7858
26603
29662
29664
29666
29668
3712
3986
13106
13108
13110
13112
26604
29670
29672
29674
3747
3987
7860
29663
29664
29665
3714
3988
13107
13108
13109
7837
13114
13115
13119
13120
7840
29670
29671
29672
3993
7841
13124
13125
3994
13129
13130
13133
13134
3718
3998
13136
13137
7849
13140
13141
13142
7852
13151
13152
13153
3722
4000
7853
13158
13159
13160
3723
13172
13173
13176
13177
26614
26647
26648
26651
26652
3726
13173
13174
13175
26617
29677
29678
29679
3728
4003
13183
13185
13187
13189
26618
29676
29678
29680
29682
3730
4004
13184
13185
13186
3729
13197
13198
13201
13202
26621
13191
13192
13193
3733
13198
13199
13200
3729
13204
13206
13208
13210
26624
3735
4008
13211
13213
13215
13217
26625
4009
13205
13206
13207
3737
4010
13212
13213
13214
3736
13225
13226
13229
13230
26628
13219
13220
13221
3740
13226
13227
13228
3736
13232
13234
13236
13238
26631
3741
4015
13239
13241
13243
13245
26632
4016
13233
13234
13235
3743
4017
13240
13241
13242
26635
29684
29685
29686
13247
13248
13249
13259
13261
13263
13265
26638
29690
29692
29694
29696
3745
4022
26639
29691
29692
29693
4023
13260
13261
13262
7856
13273
13274
13275
7859
13286
13287
13288
3747
4027
7860
13293
13294
13295
13307
13308
13309
3750
3776
13314
3752
3779
4031
13315
13317
13318
3754
3782
13322
13323
13324
3785
4033
13329
13330
3756
3786
4034
13334
13335
13336
13345
13346
13347
3759
7903
29698
29699
29700
4037
7906
13360
13361
13362
3762
4038
7907
29705
29706
29707
13367
13368
13369
29712
29713
29714
3763
3764
13366
13368
13370
13372
26661
29711
29713
29715
29717
3765
4041
13380
13381
13382
4042
26664
29719
29720
29721
3767
4043
13379
13382
13384
13385
26665
29718
29721
29723
29724
3767
7890
7892
7894
7896
13387
13388
13389
4047
13394
13395
13396
3768
4048
13386
13389
13391
13392
26671
3769
4049
13393
13396
13398
13399
26672
29726
29727
29729
4054
7910
29726
29727
29728
3771
4055
7911
13409
13410
13411
4058
7914
13418
13419
13420
3773
4059
7915
13425
13426
13427
3791
4062
13431
13432
3777
3801
13439
13440
13441
3780
3805
4064
13450
13451
13452
13457
13458
13459
29733
29734
29735
3781
3783
13456
13458
13460
13462
26675
29732
29734
29736
29738
3785
4066
13470
13471
13472
4067
26678
29740
29741
29742
3787
4068
13469
13472
13474
13475
26679
29739
29742
29744
29745
3784
3786
13323
13324
13327
26654
26655
26658
26659
3784
3787
26654
26656
26658
26660
3788
7904
33918
29747
29748
29749
3788
4072
7906
13334
13336
13338
29746
29748
29750
29752
3788
4073
29746
29749
29751
29752
33921
4074
7908
33922
13477
13478
13479
3794
3795
13476
13478
13480
13482
13498
13500
13502
26682
7915
13484
13485
13486
4079
13491
13492
13493
3794
4080
7917
13483
13486
13488
13489
26685
3797
4081
13490
13493
13495
13496
13512
13513
13515
26686
13498
13499
13500
3808
13505
13506
3811
4086
13512
13513
13514
3812
4087
13519
13520
3802
3822
13528
13529
13530
3806
3826
4090
13539
13540
13541
3803
3805
7920
7921
7924
7925
13440
13441
13444
3803
3806
7920
7922
7924
7926
13528
13530
13532
3807
26676
26689
13546
13547
13548
3807
4092
13450
13452
13454
13545
13547
13549
13551
26678
3807
4093
13539
13540
13542
13545
13548
13550
13551
26692
4094
26680
26693
29754
29755
29756
3810
3813
26684
3814
3815
26696
29753
29755
29757
29759
29768
29770
29772
3813
13512
13514
13516
26686
29760
29762
29764
29766
3817
4099
29761
29762
29763
3814
4100
26688
26699
3818
4101
26700
29760
29763
29765
29766
29775
29776
29778
29768
29769
29770
3829
13553
13554
13558
13559
3832
4106
29775
29776
29777
3833
4107
13563
13564
3823
3838
13569
13570
13571
3827
3841
4111
13576
13577
13578
3824
3826
7932
7933
7936
7937
13529
13530
13533
29782
29783
29784
3828
7943
26690
29781
29783
29785
29787
13582
13583
13584
3828
4113
13539
13541
13543
13581
13583
13585
13587
26692
4114
7946
29789
29790
29791
4115
7947
26694
29788
29791
29793
29794
13589
13590
13591
3831
3834
26698
3835
3836
13588
13590
13592
13594
13603
13605
13607
26703
3834
13595
13597
13599
13601
26700
29775
29777
29779
4120
13596
13597
13598
3835
4121
26702
26706
3837
4122
13595
13598
13600
13601
13612
13613
13615
26707
13603
13604
13605
3846
4127
13612
13613
13614
13619
13620
13621
13626
13627
3851
7944
29796
29797
29798
4129
7946
13633
13634
13635
3854
4130
13640
13641
3855
4131
7948
29803
29804
29805
3847
13648
13650
13652
13654
26705
26710
26712
26714
26716
3858
13649
13650
13651
26707
29810
29811
29812
3861
4135
13659
13662
13664
13665
26709
29809
29812
29814
29815
3862
4136
13660
13661
13662
3852
3868
13666
13667
3856
3870
4140
13669
13670
3853
3855
7950
7951
7954
7955
29797
29798
29801
13673
13674
13675
3857
3872
13672
13674
13676
13678
26718
13680
13681
13682
3857
4142
13679
13681
13683
13685
26720
29803
29805
29807
3875
4143
13687
13688
13689
3876
4144
13686
13689
13691
13692
26722
13694
13695
13696
3863
26726
29816
29818
29820
29822
3865
3879
29817
29818
29819
3863
13700
13702
13704
13706
26728
3866
4149
13701
13702
13703
3882
4150
26730
29823
29826
29828
29829
3867
3883
4151
29824
29825
29826
13707
13708
13710
13711
3887
4156
13713
13714
13716
13717
3873
3889
13719
13720
13721
3875
4159
13724
13725
3877
3891
4160
13727
13728
13729
3874
3876
26731
26732
26735
26736
29831
29832
29833
3878
3893
29830
29832
29834
29836
33926
29838
29839
29840
3878
4163
29837
29839
29841
29843
33928
3896
4164
29845
29846
29847
3897
4165
29844
29847
29849
29850
33930
3881
3883
7962
7963
7966
29818
29819
29822
3881
3884
3885
3886
7967
13733
13735
13737
3883
3884
3885
3887
4170
13740
13742
13744
29824
29826
29828
3885
4171
7970
3888
4172
7971
13747
13748
13750
13733
13734
13735
13740
13741
13742
3901
4177
13747
13748
13749
13754
13755
13756
3894
3903
13761
13762
13763
3896
4180
13768
13769
13770
3898
3905
4181
13775
13776
13777
3895
3897
3895
3898
13761
13763
13765
3899
3907
3897
3898
13768
13770
13772
29845
29847
29849
3899
4184
3899
3910
4185
13775
13776
13778
3911
4186
7969
13782
13783
13784
7971
13789
13790
13791
3915
4191
7973
13796
13797
13798
13803
13804
13805
3908
3917
13809
13810
3910
4194
13813
13814
13815
3912
3918
4195
13819
13820
3909
3911
29852
29853
29854
3913
3919
29851
29853
29855
29857
33933
3911
13813
13815
13817
29858
29860
29862
29864
3913
4198
33935
3922
4199
29859
29860
29861
3923
4200
29858
29861
29863
29864
33937
7983
13823
13824
13825
7985
13830
13831
13832
3934
4205
7987
13837
13838
13839
13843
13844
3922
4208
13848
13849
3921
3923
7995
7996
7999
8000
13854
13855
13856
3925
3936
13853
13855
13857
13859
26739
13861
13862
13863
3925
4210
13860
13862
13864
13866
26741
3938
4211
13868
13869
13870
3939
4212
13867
13870
13872
13873
26743
7983
29866
29867
29868
3931
13874
13876
13878
13880
26747
3933
3941
13875
13876
13877
3931
7986
26749
29872
29874
29876
29878
3934
4217
7987
29873
29874
29875
3943
4218
13881
13884
13886
13887
26751
3935
3944
4219
13882
13883
13884
13888
13889
13891
13892
13893
3946
4224
13896
13897
3939
8007
8008
8011
8012
13903
13904
13907
13908
3947
8015
13904
13905
13906
13911
13912
13913
4227
8017
13910
13912
13914
13916
13921
13923
13925
13927
3948
4228
8019
13922
13923
13924
13929
13930
13931
26754
29880
29881
29882
13941
13943
13945
13947
26756
29886
29888
29890
29892
3946
4232
13942
13943
13944
3964
4233
26758
29887
29888
29889
13954
13956
13957
13958
3952
4238
13965
13966
13967
3951
3953
8016
13974
13975
13976
3955
3966
13973
13975
13977
13979
26760
29908
29910
29912
3953
8019
13965
13967
13969
13980
13982
13984
13986
3955
4240
8020
26762
3968
4241
13981
13982
13983
3969
4242
13980
13983
13985
13986
26764
29915
29916
29918
3960
8024
8025
8028
26754
29893
29894
29897
29898
3961
26781
26783
26785
29893
29895
29897
29899
33941
3963
3971
29894
29895
29896
3960
3961
26757
33943
3964
4247
13995
13997
13999
26758
29900
29902
29904
29906
3973
4248
29900
29903
29905
29906
29922
29923
29925
33945
3965
3974
4249
29901
29902
29903
13990
13991
13995
13996
13997
4254
14004
14005
29908
29909
29910
8035
14009
14010
14014
14015
4257
8037
29915
29916
29917
4258
8039
14019
14020
14024
14025
8043
14029
14030
14031
8045
29922
29923
29924
4262
14036
14037
4263
8047
14041
14042
14043
8036
14048
14049
14050
8039
14057
14058
3982
4267
8040
14062
14063
14064
3983
26768
29928
29929
29932
29933
14071
14072
14073
3998
8054
29929
29930
29931
3983
14062
14064
14066
14077
14079
14081
14083
26771
4270
8056
26772
29935
29937
29939
29941
4271
14078
14079
14080
3999
4272
8058
29936
29937
29938
3990
14084
14085
14088
14089
26775
26817
26818
26821
8062
29943
29944
29945
3994
14085
14086
14087
3990
8064
26778
29949
29951
29953
29955
3995
4277
14091
14093
14095
14097
26779
29957
29959
29961
4030
4278
8066
29950
29951
29952
3997
4279
14092
14093
14094
8043
14099
14100
14104
14105
8046
29957
29958
29959
4284
8047
14109
14110
4285
14114
14115
14118
14119
4001
4289
14121
14122
8055
14125
14126
14127
8058
14136
14137
14138
4005
4291
8059
14143
14144
14145
4006
14157
14158
14161
14162
26789
26822
26823
26826
26827
4009
14158
14159
14160
26792
29964
29965
29966
4011
4294
14168
14170
14172
14174
26793
29963
29965
29967
29969
4013
4295
14169
14170
14171
4012
14182
14183
14186
14187
26796
14176
14177
14178
4016
14183
14184
14185
4012
14189
14191
14193
14195
26799
4018
4299
14196
14198
14200
14202
26800
4300
14190
14191
14192
4020
4301
14197
14198
14199
4019
14210
14211
14214
14215
26803
14204
14205
14206
4023
14211
14212
14213
4019
14217
14219
14221
14223
26806
4024
4306
14224
14226
14228
14230
26807
4307
14218
14219
14220
4026
4308
14225
14226
14227
26810
29971
29972
29973
14232
14233
14234
14244
14246
14248
14250
26813
29977
29979
29981
29983
4028
4313
26814
29978
29979
29980
4314
14245
14246
14247
8062
14258
14259
14260
8065
14271
14272
14273
4030
4318
8066
14278
14279
14280
14292
14293
14294
4033
4066
14299
4035
4069
4322
14300
14302
14303
4037
4072
14307
14308
14309
4075
4324
14314
14315
4039
4076
4325
14319
14320
14321
14330
14331
14332
4042
8115
29985
29986
29987
4328
8118
14345
14346
14347
4045
4329
8119
29992
29993
29994
14352
14353
14354
29999
30000
30001
4046
4048
14351
14353
14355
14357
26836
29998
30000
30002
30004
4050
4332
14365
14366
14367
4333
26839
30006
30007
30008
4052
4334
14364
14367
14369
14370
26840
30005
30008
30010
30011
14372
14373
14374
4049
4052
8096
8098
8100
8102
4053
4054
14371
14373
14375
14377
26843
30013
30015
30017
14379
14380
14381
4338
14386
14387
14388
4053
4339
14378
14381
14383
14384
26846
4056
4340
14385
14388
14390
14391
26847
30020
30021
30023
30013
30014
30015
4058
8122
14397
14398
14399
4345
8125
30020
30021
30022
4060
4346
8126
14412
14413
14414
14419
14420
14421
4062
8129
14426
14427
14428
4349
8132
14435
14436
14437
4063
4350
8133
14442
14443
14444
14448
14449
4082
4353
14451
14452
4067
4092
14459
14460
14461
4070
4096
4355
14470
14471
14472
14477
14478
14479
30027
30028
30029
4071
4073
14476
14478
14480
14482
26850
30026
30028
30030
30032
4075
4357
14490
14491
14492
4358
26853
30034
30035
30036
4077
4359
14489
14492
14494
14495
26854
30033
30036
30038
30039
4074
4076
14308
14309
14312
26829
26830
26833
26834
4074
4077
26829
26831
26833
26835
4078
8116
33946
30041
30042
30043
4078
4363
8118
14319
14321
14323
30040
30042
30044
30046
4078
4364
30040
30043
30045
30046
33949
4365
8120
33950
14497
14498
14499
4081
4084
8131
8136
8138
8140
8142
4085
4086
14496
14498
14500
14502
14518
14520
14522
26857
8133
14504
14505
14506
4370
14511
14512
14513
4085
4371
8135
14503
14506
14508
14509
26860
4088
4372
14510
14513
14515
14516
14532
14533
14535
26861
14518
14519
14520
4099
14525
14526
4102
4377
14532
14533
14534
4103
4378
14539
14540
4093
4113
14548
14549
14550
4097
4117
4381
14559
14560
14561
4094
4096
8145
8146
8149
8150
14460
14461
14464
4094
4097
8145
8147
8149
8151
14548
14550
14552
4098
26851
26864
14566
14567
14568
4098
4383
14470
14472
14474
14565
14567
14569
14571
26853
4098
4384
14559
14560
14562
14565
14568
14570
14571
26867
4385
26855
26868
30048
30049
30050
4101
4104
26859
4105
4106
26871
30047
30049
30051
30053
30062
30064
30066
4104
14532
14534
14536
26861
30054
30056
30058
30060
4108
4390
30055
30056
30057
4105
4391
26863
26874
4109
4392
26875
30054
30057
30059
30060
30069
30070
30072
30062
30063
30064
4120
14573
14574
14578
14579
4123
4397
30069
30070
30071
4124
4398
14583
14584
4114
4129
14589
14590
14591
4118
4132
4402
14596
14597
14598
4115
4117
8157
8158
8161
8162
14549
14550
14553
30076
30077
30078
4119
8168
26865
30075
30077
30079
30081
14602
14603
14604
4119
4404
14559
14561
14563
14601
14603
14605
14607
26867
4405
8171
30083
30084
30085
4406
8172
26869
30082
30085
30087
30088
14609
14610
14611
4122
4125
26873
4126
4127
14608
14610
14612
14614
14623
14625
14627
26878
4125
14615
14617
14619
14621
26875
30069
30071
30073
4411
14616
14617
14618
4126
4412
26877
26881
4128
4413
14615
14618
14620
14621
14632
14633
14635
26882
14623
14624
14625
4137
4418
14632
14633
14634
14639
14640
14641
14646
14647
4142
8169
30090
30091
30092
4420
8171
14653
14654
14655
4145
4421
14660
14661
4146
4422
8173
30097
30098
30099
4138
14668
14670
14672
14674
26880
26885
26887
26889
26891
4149
14669
14670
14671
26882
30104
30105
30106
4152
4426
14679
14682
14684
14685
26884
30103
30106
30108
30109
4153
4427
14680
14681
14682
4143
4159
14686
14687
4147
4161
4431
14689
14690
4144
4146
8175
8176
8179
8180
30091
30092
30095
14693
14694
14695
4148
4163
14692
14694
14696
14698
26893
14700
14701
14702
4148
4433
14699
14701
14703
14705
26895
30097
30099
30101
4166
4434
14707
14708
14709
4167
4435
14706
14709
14711
14712
26897
14714
14715
14716
4154
26901
30110
30112
30114
30116
4156
4170
30111
30112
30113
4154
14720
14722
14724
14726
26903
4157
4440
14721
14722
14723
4173
4441
26905
30117
30120
30122
30123
4158
4174
4442
30118
30119
30120
14727
14728
14730
14731
4178
4447
14733
14734
14736
14737
4164
4180
14739
14740
14741
4166
4450
14744
14745
4168
4182
4451
14747
14748
14749
4165
4167
26906
26907
26910
26911
30125
30126
30127
4169
4184
30124
30126
30128
30130
33954
30132
30133
30134
4169
4454
30131
30133
30135
30137
33956
4187
4455
30139
30140
30141
4188
4456
30138
30141
30143
30144
33958
4172
4174
8187
8188
8191
30112
30113
30116
4172
4175
4176
4177
8192
14753
14755
14757
4174
4175
4176
4178
4461
14760
14762
14764
30118
30120
30122
4176
4462
8195
4179
4463
8196
14767
14768
14770
14753
14754
14755
14760
14761
14762
4192
4468
14767
14768
14769
14774
14775
14776
4185
4194
14781
14782
14783
4187
4471
14788
14789
14790
4189
4196
4472
14795
14796
14797
4186
4188
4186
4189
14781
14783
14785
4190
4198
4188
4189
14788
14790
14792
30139
30141
30143
4190
4475
4190
4201
4476
14795
14796
14798
4202
4477
8194
14802
14803
14804
8196
14809
14810
14811
4206
4482
8198
14816
14817
14818
14823
14824
14825
4199
4208
14829
14830
4201
4485
14833
14834
14835
4203
4209
4486
14839
14840
4200
4202
30146
30147
30148
4204
4210
30145
30147
30149
30151
33961
4202
14833
14835
14837
30152
30154
30156
30158
4204
4489
33963
4213
4490
30153
30154
30155
4214
4491
30152
30155
30157
30158
33965
8208
14843
14844
14845
8210
14850
14851
14852
4225
4496
8212
14857
14858
14859
14863
14864
4213
4499
14868
14869
4212
4214
8220
8221
8224
8225
14874
14875
14876
4216
4227
14873
14875
14877
14879
26914
14881
14882
14883
4216
4501
14880
14882
14884
14886
26916
4229
4502
14888
14889
14890
4230
4503
14887
14890
14892
14893
26918
8208
30160
30161
30162
4222
14894
14896
14898
14900
26922
4224
4232
14895
14896
14897
4222
8211
26924
30166
30168
30170
30172
4225
4508
8212
30167
30168
30169
4234
4509
14901
14904
14906
14907
26926
4226
4235
4510
14902
14903
14904
14908
14909
14911
14912
14913
4237
4515
14916
14917
4230
8232
8233
8236
8237
14923
14924
14927
14928
4238
8240
14924
14925
14926
14931
14932
14933
4518
8242
14930
14932
14934
14936
14941
14943
14945
14947
4239
4519
8244
14942
14943
14944
14949
14950
14951
26929
30174
30175
30176
14961
14963
14965
14967
26931
30180
30182
30184
30186
4237
4523
14962
14963
14964
4255
4524
26933
30181
30182
30183
14974
14976
14977
14978
4243
4529
14985
14986
14987
4242
4244
8241
14994
14995
14996
4246
4257
14993
14995
14997
14999
26935
30202
30204
30206
4244
8244
14985
14987
14989
15000
15002
15004
15006
4246
4531
8245
26937
4259
4532
15001
15002
15003
4260
4533
15000
15003
15005
15006
26939
30209
30210
30212
4251
8249
8250
8253
26929
30187
30188
30191
30192
4252
26956
26958
26960
30187
30189
30191
30193
33969
4254
4262
30188
30189
30190
4251
4252
26932
33971
4255
4538
15015
15017
15019
26933
30194
30196
30198
30200
4264
4539
30194
30197
30199
30200
30216
30217
30219
33973
4256
4265
4540
30195
30196
30197
15010
15011
15015
15016
15017
4545
15024
15025
30202
30203
30204
8260
15029
15030
15034
15035
4548
8262
30209
30210
30211
4549
8264
15039
15040
15044
15045
8268
15049
15050
15051
8270
30216
30217
30218
4553
15056
15057
4554
8272
15061
15062
15063
8261
15068
15069
15070
8264
15077
15078
4273
4558
8265
15082
15083
15084
4274
26943
30222
30223
30226
30227
15091
15092
15093
4289
8279
30223
30224
30225
4274
15082
15084
15086
15097
15099
15101
15103
26946
4561
8281
26947
30229
30231
30233
30235
4562
15098
15099
15100
4290
4563
8283
30230
30231
30232
4281
15104
15105
15108
15109
26950
26992
26993
26996
8287
30237
30238
30239
4285
15105
15106
15107
4281
8289
26953
30243
30245
30247
30249
4286
4568
15111
15113
15115
15117
26954
30251
30253
30255
4321
4569
8291
30244
30245
30246
4288
4570
15112
15113
15114
8268
15119
15120
15124
15125
8271
30251
30252
30253
4575
8272
15129
15130
4576
15134
15135
15138
15139
4292
4580
15141
15142
8280
15145
15146
15147
8283
15156
15157
15158
4296
4582
8284
15163
15164
15165
4297
15177
15178
15181
15182
26964
26997
26998
27001
27002
4300
15178
15179
15180
26967
30258
30259
30260
4302
4585
15188
15190
15192
15194
26968
30257
30259
30261
30263
4304
4586
15189
15190
15191
4303
15202
15203
15206
15207
26971
15196
15197
15198
4307
15203
15204
15205
4303
15209
15211
15213
15215
26974
4309
4590
15216
15218
15220
15222
26975
4591
15210
15211
15212
4311
4592
15217
15218
15219
4310
15230
15231
15234
15235
26978
15224
15225
15226
4314
15231
15232
15233
4310
15237
15239
15241
15243
26981
4315
4597
15244
15246
15248
15250
26982
4598
15238
15239
15240
4317
4599
15245
15246
15247
26985
30265
30266
30267
15252
15253
15254
15264
15266
15268
15270
26988
30271
30273
30275
30277
4319
4604
26989
30272
30273
30274
4605
15265
15266
15267
8287
15278
15279
15280
8290
15291
15292
15293
4321
4609
8291
15298
15299
15300
15312
15313
15314
4324
4357
15319
4326
4360
4613
15320
15322
15323
4328
4363
15327
15328
15329
4366
4615
15334
15335
4330
4367
4616
15339
15340
15341
15350
15351
15352
4333
8340
30279
30280
30281
4619
8343
15365
15366
15367
4336
4620
8344
30286
30287
30288
15372
15373
15374
30293
30294
30295
4337
4339
15371
15373
15375
15377
27011
30292
30294
30296
30298
4341
4623
15385
15386
15387
4624
27014
30300
30301
30302
4343
4625
15384
15387
15389
15390
27015
30299
30302
30304
30305
15392
15393
15394
4340
4343
8321
8323
8325
8327
4344
4345
15391
15393
15395
15397
27018
30307
30309
30311
15399
15400
15401
4629
15406
15407
15408
4344
4630
15398
15401
15403
15404
27021
4347
4631
15405
15408
15410
15411
27022
30314
30315
30317
30307
30308
30309
4349
8347
15417
15418
15419
4636
8350
30314
30315
30316
4351
4637
8351
15432
15433
15434
15439
15440
15441
4353
8354
15446
15447
15448
4640
8357
15455
15456
15457
4354
4641
8358
15462
15463
15464
15468
15469
4373
4644
15471
15472
4358
4383
15479
15480
15481
4361
4387
4646
15490
15491
15492
15497
15498
15499
30321
30322
30323
4362
4364
15496
15498
15500
15502
27025
30320
30322
30324
30326
4366
4648
15510
15511
15512
4649
27028
30328
30329
30330
4368
4650
15509
15512
15514
15515
27029
30327
30330
30332
30333
4365
4367
15328
15329
15332
27004
27005
27008
27009
4365
4368
27004
27006
27008
27010
4369
8341
33974
30335
30336
30337
4369
4654
8343
15339
15341
15343
30334
30336
30338
30340
4369
4655
30334
30337
30339
30340
33977
4656
8345
33978
15517
15518
15519
4372
4375
8356
8361
8363
8365
8367
4376
4377
15516
15518
15520
15522
15538
15540
15542
27032
8358
15524
15525
15526
4661
15531
15532
15533
4376
4662
8360
15523
15526
15528
15529
27035
4379
4663
15530
15533
15535
15536
15552
15553
15555
27036
15538
15539
15540
4390
15545
15546
4393
4668
15552
15553
15554
4394
4669
15559
15560
4384
4404
15568
15569
15570
4388
4408
4672
15579
15580
15581
4385
4387
8370
8371
8374
8375
15480
15481
15484
4385
4388
8370
8372
8374
8376
15568
15570
15572
4389
27026
27039
15586
15587
15588
4389
4674
15490
15492
15494
15585
15587
15589
15591
27028
4389
4675
15579
15580
15582
15585
15588
15590
15591
27042
4676
27030
27043
30342
30343
30344
4392
4395
27034
4396
4397
27046
30341
30343
30345
30347
30356
30358
30360
4395
15552
15554
15556
27036
30348
30350
30352
30354
4399
4681
30349
30350
30351
4396
4682
27038
27049
4400
4683
27050
30348
30351
30353
30354
30363
30364
30366
30356
30357
30358
4411
15593
15594
15598
15599
4414
4688
30363
30364
30365
4415
4689
15603
15604
4405
4420
15609
15610
15611
4409
4423
4693
15616
15617
15618
4406
4408
8382
8383
8386
8387
15569
15570
15573
30370
30371
30372
4410
8393
27040
30369
30371
30373
30375
15622
15623
15624
4410
4695
15579
15581
15583
15621
15623
15625
15627
27042
4696
8396
30377
30378
30379
4697
8397
27044
30376
30379
30381
30382
15629
15630
15631
4413
4416
27048
4417
4418
15628
15630
15632
15634
15643
15645
15647
27053
4416
15635
15637
15639
15641
27050
30363
30365
30367
4702
15636
15637
15638
4417
4703
27052
27056
4419
4704
15635
15638
15640
15641
15652
15653
15655
27057
15643
15644
15645
4428
4709
15652
15653
15654
15659
15660
15661
15666
15667
4433
8394
30384
30385
30386
4711
8396
15673
15674
15675
4436
4712
15680
15681
4437
4713
8398
30391
30392
30393
4429
15688
15690
15692
15694
27055
27060
27062
27064
27066
4440
15689
15690
15691
27057
30398
30399
30400
4443
4717
15699
15702
15704
15705
27059
30397
30400
30402
30403
4444
4718
15700
15701
15702
4434
4450
15706
15707
4438
4452
4722
15709
15710
4435
4437
8400
8401
8404
8405
30385
30386
30389
15713
15714
15715
4439
4454
15712
15714
15716
15718
27068
15720
15721
15722
4439
4724
15719
15721
15723
15725
27070
30391
30393
30395
4457
4725
15727
15728
15729
4458
4726
15726
15729
15731
15732
27072
15734
15735
15736
4445
27076
30404
30406
30408
30410
4447
4461
30405
30406
30407
4445
15740
15742
15744
15746
27078
4448
4731
15741
15742
15743
4464
4732
27080
30411
30414
30416
30417
4449
4465
4733
30412
30413
30414
15747
15748
15750
15751
4469
4738
15753
15754
15756
15757
4455
4471
15759
15760
15761
4457
4741
15764
15765
4459
4473
4742
15767
15768
15769
4456
4458
27081
27082
27085
27086
30419
30420
30421
4460
4475
30418
30420
30422
30424
33982
30426
30427
30428
4460
4745
30425
30427
30429
30431
33984
4478
4746
30433
30434
30435
4479
4747
30432
30435
30437
30438
33986
4463
4465
8412
8413
8416
30406
30407
30410
4463
4466
4467
4468
8417
15773
15775
15777
4465
4466
4467
4469
4752
15780
15782
15784
30412
30414
30416
4467
4753
8420
4470
4754
8421
15787
15788
15790
15773
15774
15775
15780
15781
15782
4483
4759
15787
15788
15789
15794
15795
15796
4476
4485
15801
15802
15803
4478
4762
15808
15809
15810
4480
4487
4763
15815
15816
15817
4477
4479
4477
4480
15801
15803
15805
4481
4489
4479
4480
15808
15810
15812
30433
30435
30437
4481
4766
4481
4492
4767
15815
15816
15818
4493
4768
8419
15822
15823
15824
8421
15829
15830
15831
4497
4773
8423
15836
15837
15838
15843
15844
15845
4490
4499
15849
15850
4492
4776
15853
15854
15855
4494
4500
4777
15859
15860
4491
4493
30440
30441
30442
4495
4501
30439
30441
30443
30445
33989
4493
15853
15855
15857
30446
30448
30450
30452
4495
4780
33991
4504
4781
30447
30448
30449
4505
4782
30446
30449
30451
30452
33993
8433
15863
15864
15865
8435
15870
15871
15872
4516
4787
8437
15877
15878
15879
15883
15884
4504
4790
15888
15889
4503
4505
8445
8446
8449
8450
15894
15895
15896
4507
4518
15893
15895
15897
15899
27089
15901
15902
15903
4507
4792
15900
15902
15904
15906
27091
4520
4793
15908
15909
15910
4521
4794
15907
15910
15912
15913
27093
8433
30454
30455
30456
4513
15914
15916
15918
15920
27097
4515
4523
15915
15916
15917
4513
8436
27099
30460
30462
30464
30466
4516
4799
8437
30461
30462
30463
4525
4800
15921
15924
15926
15927
27101
4517
4526
4801
15922
15923
15924
15928
15929
15931
15932
15933
4528
4806
15936
15937
4521
8457
8458
8461
8462
15943
15944
15947
15948
4529
8465
15944
15945
15946
15951
15952
15953
4809
8467
15950
15952
15954
15956
15961
15963
15965
15967
4530
4810
8469
15962
15963
15964
15969
15970
15971
27104
30468
30469
30470
15981
15983
15985
15987
27106
30474
30476
30478
30480
4528
4814
15982
15983
15984
4546
4815
27108
30475
30476
30477
15994
15996
15997
15998
4534
4820
16005
16006
16007
4533
4535
8466
16014
16015
16016
4537
4548
16013
16015
16017
16019
27110
30496
30498
30500
4535
8469
16005
16007
16009
16020
16022
16024
16026
4537
4822
8470
27112
4550
4823
16021
16022
16023
4551
4824
16020
16023
16025
16026
27114
30503
30504
30506
4542
8474
8475
8478
27104
30481
30482
30485
30486
4543
27131
27133
27135
30481
30483
30485
30487
33997
4545
4553
30482
30483
30484
4542
4543
27107
33999
4546
4829
16035
16037
16039
27108
30488
30490
30492
30494
4555
4830
30488
30491
30493
30494
30510
30511
30513
34001
4547
4556
4831
30489
30490
30491
16030
16031
16035
16036
16037
4836
16044
16045
30496
30497
30498
8485
16049
16050
16054
16055
4839
8487
30503
30504
30505
4840
8489
16059
16060
16064
16065
8493
16069
16070
16071
8495
30510
30511
30512
4844
16076
16077
4845
8497
16081
16082
16083
8486
16088
16089
16090
8489
16097
16098
4564
4849
8490
16102
16103
16104
4565
27118
30516
30517
30520
30521
16111
16112
16113
4580
8504
30517
30518
30519
4565
16102
16104
16106
16117
16119
16121
16123
27121
4852
8506
27122
30523
30525
30527
30529
4853
16118
16119
16120
4581
4854
8508
30524
30525
30526
4572
16124
16125
16128
16129
27125
27167
27168
27171
8512
30531
30532
30533
4576
16125
16126
16127
4572
8514
27128
30537
30539
30541
30543
4577
4859
16131
16133
16135
16137
27129
30545
30547
30549
4612
4860
8516
30538
30539
30540
4579
4861
16132
16133
16134
8493
16139
16140
16144
16145
8496
30545
30546
30547
4866
8497
16149
16150
4867
16154
16155
16158
16159
4583
4871
16161
16162
8505
16165
16166
16167
8508
16176
16177
16178
4587
4873
8509
16183
16184
16185
4588
16197
16198
16201
16202
27139
27172
27173
27176
27177
4591
16198
16199
16200
27142
30552
30553
30554
4593
4876
16208
16210
16212
16214
27143
30551
30553
30555
30557
4595
4877
16209
16210
16211
4594
16222
16223
16226
16227
27146
16216
16217
16218
4598
16223
16224
16225
4594
16229
16231
16233
16235
27149
4600
4881
16236
16238
16240
16242
27150
4882
16230
16231
16232
4602
4883
16237
16238
16239
4601
16250
16251
16254
16255
27153
16244
16245
16246
4605
16251
16252
16253
4601
16257
16259
16261
16263
27156
4606
4888
16264
16266
16268
16270
27157
4889
16258
16259
16260
4608
4890
16265
16266
16267
27160
30559
30560
30561
16272
16273
16274
16284
16286
16288
16290
27163
30565
30567
30569
30571
4610
4895
27164
30566
30567
30568
4896
16285
16286
16287
8512
16298
16299
16300
8515
16311
16312
16313
4612
4900
8516
16318
16319
16320
16332
16333
16334
4615
4648
16339
4617
4651
4904
16340
16342
16343
4619
4654
16347
16348
16349
4657
4906
16354
16355
4621
4658
4907
16359
16360
16361
16370
16371
16372
4624
8565
30573
30574
30575
4910
8568
16385
16386
16387
4627
4911
8569
30580
30581
30582
16392
16393
16394
30587
30588
30589
4628
4630
16391
16393
16395
16397
27186
30586
30588
30590
30592
4632
4914
16405
16406
16407
4915
27189
30594
30595
30596
4634
4916
16404
16407
16409
16410
27190
30593
30596
30598
30599
16412
16413
16414
4631
4634
8546
8548
8550
8552
4635
4636
16411
16413
16415
16417
27193
30601
30603
30605
16419
16420
16421
4920
16426
16427
16428
4635
4921
16418
16421
16423
16424
27196
4638
4922
16425
16428
16430
16431
27197
30608
30609
30611
30601
30602
30603
4640
8572
16437
16438
16439
4927
8575
30608
30609
30610
4642
4928
8576
16452
16453
16454
16459
16460
16461
4644
8579
16466
16467
16468
4931
8582
16475
16476
16477
4645
4932
8583
16482
16483
16484
16488
16489
4664
4935
16491
16492
4649
4674
16499
16500
16501
4652
4678
4937
16510
16511
16512
16517
16518
16519
30615
30616
30617
4653
4655
16516
16518
16520
16522
27200
30614
30616
30618
30620
4657
4939
16530
16531
16532
4940
27203
30622
30623
30624
4659
4941
16529
16532
16534
16535
27204
30621
30624
30626
30627
4656
4658
16348
16349
16352
27179
27180
27183
27184
4656
4659
27179
27181
27183
27185
4660
8566
34002
30629
30630
30631
4660
4945
8568
16359
16361
16363
30628
30630
30632
30634
4660
4946
30628
30631
30633
30634
34005
4947
8570
34006
16537
16538
16539
4663
4666
8581
8586
8588
8590
8592
4667
4668
16536
16538
16540
16542
16558
16560
16562
27207
8583
16544
16545
16546
4952
16551
16552
16553
4667
4953
8585
16543
16546
16548
16549
27210
4670
4954
16550
16553
16555
16556
16572
16573
16575
27211
16558
16559
16560
4681
16565
16566
4684
4959
16572
16573
16574
4685
4960
16579
16580
4675
4695
16588
16589
16590
4679
4699
4963
16599
16600
16601
4676
4678
8595
8596
8599
8600
16500
16501
16504
4676
4679
8595
8597
8599
8601
16588
16590
16592
4680
27201
27214
16606
16607
16608
4680
4965
16510
16512
16514
16605
16607
16609
16611
27203
4680
4966
16599
16600
16602
16605
16608
16610
16611
27217
4967
27205
27218
30636
30637
30638
4683
4686
27209
4687
4688
27221
30635
30637
30639
30641
30650
30652
30654
4686
16572
16574
16576
27211
30642
30644
30646
30648
4690
4972
30643
30644
30645
4687
4973
27213
27224
4691
4974
27225
30642
30645
30647
30648
30657
30658
30660
30650
30651
30652
4702
16613
16614
16618
16619
4705
4979
30657
30658
30659
4706
4980
16623
16624
4696
4711
16629
16630
16631
4700
4714
4984
16636
16637
16638
4697
4699
8607
8608
8611
8612
16589
16590
16593
30664
30665
30666
4701
8618
27215
30663
30665
30667
30669
16642
16643
16644
4701
4986
16599
16601
16603
16641
16643
16645
16647
27217
4987
8621
30671
30672
30673
4988
8622
27219
30670
30673
30675
30676
16649
16650
16651
4704
4707
27223
4708
4709
16648
16650
16652
16654
16663
16665
16667
27228
4707
16655
16657
16659
16661
27225
30657
30659
30661
4993
16656
16657
16658
4708
4994
27227
27231
4710
4995
16655
16658
16660
16661
16672
16673
16675
27232
16663
16664
16665
4719
5000
16672
16673
16674
16679
16680
16681
16686
16687
4724
8619
30678
30679
30680
5002
8621
16693
16694
16695
4727
5003
16700
16701
4728
5004
8623
30685
30686
30687
4720
16708
16710
16712
16714
27230
27235
27237
27239
27241
4731
16709
16710
16711
27232
30692
30693
30694
4734
5008
16719
16722
16724
16725
27234
30691
30694
30696
30697
4735
5009
16720
16721
16722
4725
4741
16726
16727
4729
4743
5013
16729
16730
4726
4728
8625
8626
8629
8630
30679
30680
30683
16733
16734
16735
4730
4745
16732
16734
16736
16738
27243
16740
16741
16742
4730
5015
16739
16741
16743
16745
27245
30685
30687
30689
4748
5016
16747
16748
16749
4749
5017
16746
16749
16751
16752
27247
16754
16755
16756
4736
27251
30698
30700
30702
30704
4738
4752
30699
30700
30701
4736
16760
16762
16764
16766
27253
4739
5022
16761
16762
16763
4755
5023
27255
30705
30708
30710
30711
4740
4756
5024
30706
30707
30708
16767
16768
16770
16771
4760
5029
16773
16774
16776
16777
4746
4762
16779
16780
16781
4748
5032
16784
16785
4750
4764
5033
16787
16788
16789
4747
4749
27256
27257
27260
27261
30713
30714
30715
4751
4766
30712
30714
30716
30718
34010
30720
30721
30722
4751
5036
30719
30721
30723
30725
34012
4769
5037
30727
30728
30729
4770
5038
30726
30729
30731
30732
34014
4754
4756
8637
8638
8641
30700
30701
30704
4754
4757
4758
4759
8642
16793
16795
16797
4756
4757
4758
4760
5043
16800
16802
16804
30706
30708
30710
4758
5044
8645
4761
5045
8646
16807
16808
16810
16793
16794
16795
16800
16801
16802
4774
5050
16807
16808
16809
16814
16815
16816
4767
4776
16821
16822
16823
4769
5053
16828
16829
16830
4771
4778
5054
16835
16836
16837
4768
4770
4768
4771
16821
16823
16825
4772
4780
4770
4771
16828
16830
16832
30727
30729
30731
4772
5057
4772
4783
5058
16835
16836
16838
4784
5059
8644
16842
16843
16844
8646
16849
16850
16851
4788
5064
8648
16856
16857
16858
16863
16864
16865
4781
4790
16869
16870
4783
5067
16873
16874
16875
4785
4791
5068
16879
16880
4782
4784
30734
30735
30736
4786
4792
30733
30735
30737
30739
34017
4784
16873
16875
16877
30740
30742
30744
30746
4786
5071
34019
4795
5072
30741
30742
30743
4796
5073
30740
30743
30745
30746
34021
8658
16883
16884
16885
8660
16890
16891
16892
4807
5078
8662
16897
16898
16899
16903
16904
4795
5081
16908
16909
4794
4796
8670
8671
8674
8675
16914
16915
16916
4798
4809
16913
16915
16917
16919
27264
16921
16922
16923
4798
5083
16920
16922
16924
16926
27266
4811
5084
16928
16929
16930
4812
5085
16927
16930
16932
16933
27268
8658
30748
30749
30750
4804
16934
16936
16938
16940
27272
4806
4814
16935
16936
16937
4804
8661
27274
30754
30756
30758
30760
4807
5090
8662
30755
30756
30757
4816
5091
16941
16944
16946
16947
27276
4808
4817
5092
16942
16943
16944
16948
16949
16951
16952
16953
4819
5097
16956
16957
4812
8682
8683
8686
8687
16963
16964
16967
16968
4820
8690
16964
16965
16966
16971
16972
16973
5100
8692
16970
16972
16974
16976
16981
16983
16985
16987
4821
5101
8694
16982
16983
16984
16989
16990
16991
27279
30762
30763
30764
17001
17003
17005
17007
27281
30768
30770
30772
30774
4819
5105
17002
17003
17004
4837
5106
27283
30769
30770
30771
17014
17016
17017
17018
4825
5111
17025
17026
17027
4824
4826
8691
17034
17035
17036
4828
4839
17033
17035
17037
17039
27285
30790
30792
30794
4826
8694
17025
17027
17029
17040
17042
17044
17046
4828
5113
8695
27287
4841
5114
17041
17042
17043
4842
5115
17040
17043
17045
17046
27289
30797
30798
30800
4833
8699
8700
8703
27279
30775
30776
30779
30780
4834
27306
27308
27310
30775
30777
30779
30781
34025
4836
4844
30776
30777
30778
4833
4834
27282
34027
4837
5120
17055
17057
17059
27283
30782
30784
30786
30788
4846
5121
30782
30785
30787
30788
30804
30805
30807
34029
4838
4847
5122
30783
30784
30785
17050
17051
17055
17056
17057
5127
17064
17065
30790
30791
30792
8710
17069
17070
17074
17075
5130
8712
30797
30798
30799
5131
8714
17079
17080
17084
17085
8718
17089
17090
17091
8720
30804
30805
30806
5135
17096
17097
5136
8722
17101
17102
17103
8711
17108
17109
17110
8714
17117
17118
4855
5140
8715
17122
17123
17124
4856
27293
30810
30811
30814
30815
17131
17132
17133
4871
8729
30811
30812
30813
4856
17122
17124
17126
17137
17139
17141
17143
27296
5143
8731
27297
30817
30819
30821
30823
5144
17138
17139
17140
4872
5145
8733
30818
30819
30820
4863
17144
17145
17148
17149
27300
27342
27343
27346
8737
30825
30826
30827
4867
17145
17146
17147
4863
8739
27303
30831
30833
30835
30837
4868
5150
17151
17153
17155
17157
27304
30839
30841
30843
4903
5151
8741
30832
30833
30834
4870
5152
17152
17153
17154
8718
17159
17160
17164
17165
8721
30839
30840
30841
5157
8722
17169
17170
5158
17174
17175
17178
17179
4874
5162
17181
17182
8730
17185
17186
17187
8733
17196
17197
17198
4878
5164
8734
17203
17204
17205
4879
17217
17218
17221
17222
27314
27347
27348
27351
27352
4882
17218
17219
17220
27317
30846
30847
30848
4884
5167
17228
17230
17232
17234
27318
30845
30847
30849
30851
4886
5168
17229
17230
17231
4885
17242
17243
17246
17247
27321
17236
17237
17238
4889
17243
17244
17245
4885
17249
17251
17253
17255
27324
4891
5172
17256
17258
17260
17262
27325
5173
17250
17251
17252
4893
5174
17257
17258
17259
4892
17270
17271
17274
17275
27328
17264
17265
17266
4896
17271
17272
17273
4892
17277
17279
17281
17283
27331
4897
5179
17284
17286
17288
17290
27332
5180
17278
17279
17280
4899
5181
17285
17286
17287
27335
30853
30854
30855
17292
17293
17294
17304
17306
17308
17310
27338
30859
30861
30863
30865
4901
5186
27339
30860
30861
30862
5187
17305
17306
17307
8737
17318
17319
17320
8740
17331
17332
17333
4903
5191
8741
17338
17339
17340
17352
17353
17354
4906
4939
17359
4908
4942
5195
17360
17362
17363
4910
4945
17367
17368
17369
4948
5197
17374
17375
4912
4949
5198
17379
17380
17381
17390
17391
17392
4915
8790
30867
30868
30869
5201
8793
17405
17406
17407
4918
5202
8794
30874
30875
30876
17412
17413
17414
30881
30882
30883
4919
4921
17411
17413
17415
17417
27361
30880
30882
30884
30886
4923
5205
17425
17426
17427
5206
27364
30888
30889
30890
4925
5207
17424
17427
17429
17430
27365
30887
30890
30892
30893
17432
17433
17434
4922
4925
8771
8773
8775
8777
4926
4927
17431
17433
17435
17437
27368
30895
30897
30899
17439
17440
17441
5211
17446
17447
17448
4926
5212
17438
17441
17443
17444
27371
4929
5213
17445
17448
17450
17451
27372
30902
30903
30905
30895
30896
30897
4931
8797
17457
17458
17459
5218
8800
30902
30903
30904
4933
5219
8801
17472
17473
17474
17479
17480
17481
4935
8804
17486
17487
17488
5222
8807
17495
17496
17497
4936
5223
8808
17502
17503
17504
17508
17509
4955
5226
17511
17512
4940
4965
17519
17520
17521
4943
4969
5228
17530
17531
17532
17537
17538
17539
30909
30910
30911
4944
4946
17536
17538
17540
17542
27375
30908
30910
30912
30914
4948
5230
17550
17551
17552
5231
27378
30916
30917
30918
4950
5232
17549
17552
17554
17555
27379
30915
30918
30920
30921
4947
4949
17368
17369
17372
27354
27355
27358
27359
4947
4950
27354
27356
27358
27360
4951
8791
34030
30923
30924
30925
4951
5236
8793
17379
17381
17383
30922
30924
30926
30928
4951
5237
30922
30925
30927
30928
34033
5238
8795
34034
17557
17558
17559
4954
4957
8806
8811
8813
8815
8817
4958
4959
17556
17558
17560
17562
17578
17580
17582
27382
8808
17564
17565
17566
5243
17571
17572
17573
4958
5244
8810
17563
17566
17568
17569
27385
4961
5245
17570
17573
17575
17576
17592
17593
17595
27386
17578
17579
17580
4972
17585
17586
4975
5250
17592
17593
17594
4976
5251
17599
17600
4966
4986
17608
17609
17610
4970
4990
5254
17619
17620
17621
4967
4969
8820
8821
8824
8825
17520
17521
17524
4967
4970
8820
8822
8824
8826
17608
17610
17612
4971
27376
27389
17626
17627
17628
4971
5256
17530
17532
17534
17625
17627
17629
17631
27378
4971
5257
17619
17620
17622
17625
17628
17630
17631
27392
5258
27380
27393
30930
30931
30932
4974
4977
27384
4978
4979
27396
30929
30931
30933
30935
30944
30946
30948
4977
17592
17594
17596
27386
30936
30938
30940
30942
4981
5263
30937
30938
30939
4978
5264
27388
27399
4982
5265
27400
30936
30939
30941
30942
30951
30952
30954
30944
30945
30946
4993
17633
17634
17638
17639
4996
5270
30951
30952
30953
4997
5271
17643
17644
4987
5002
17649
17650
17651
4991
5005
5275
17656
17657
17658
4988
4990
8832
8833
8836
8837
17609
17610
17613
30958
30959
30960
4992
8843
27390
30957
30959
30961
30963
17662
17663
17664
4992
5277
17619
17621
17623
17661
17663
17665
17667
27392
5278
8846
30965
30966
30967
5279
8847
27394
30964
30967
30969
30970
17669
17670
17671
4995
4998
27398
4999
5000
17668
17670
17672
17674
17683
17685
17687
27403
4998
17675
17677
17679
17681
27400
30951
30953
30955
5284
17676
17677
17678
4999
5285
27402
27406
5001
5286
17675
17678
17680
17681
17692
17693
17695
27407
17683
17684
17685
5010
5291
17692
17693
17694
17699
17700
17701
17706
17707
5015
8844
30972
30973
30974
5293
8846
17713
17714
17715
5018
5294
17720
17721
5019
5295
8848
30979
30980
30981
5011
17728
17730
17732
17734
27405
27410
27412
27414
27416
5022
17729
17730
17731
27407
30986
30987
30988
5025
5299
17739
17742
17744
17745
27409
30985
30988
30990
30991
5026
5300
17740
17741
17742
5016
5032
17746
17747
5020
5034
5304
17749
17750
5017
5019
8850
8851
8854
8855
30973
30974
30977
17753
17754
17755
5021
5036
17752
17754
17756
17758
27418
17760
17761
17762
5021
5306
17759
17761
17763
17765
27420
30979
30981
30983
5039
5307
17767
17768
17769
5040
5308
17766
17769
17771
17772
27422
17774
17775
17776
5027
27426
30992
30994
30996
30998
5029
5043
30993
30994
30995
5027
17780
17782
17784
17786
27428
5030
5313
17781
17782
17783
5046
5314
27430
30999
31002
31004
31005
5031
5047
5315
31000
31001
31002
17787
17788
17790
17791
5051
5320
17793
17794
17796
17797
5037
5053
17799
17800
17801
5039
5323
17804
17805
5041
5055
5324
17807
17808
17809
5038
5040
27431
27432
27435
27436
31007
31008
31009
5042
5057
31006
31008
31010
31012
34038
31014
31015
31016
5042
5327
31013
31015
31017
31019
34040
5060
5328
31021
31022
31023
5061
5329
31020
31023
31025
31026
34042
5045
5047
8862
8863
8866
30994
30995
30998
5045
5048
5049
5050
8867
17813
17815
17817
5047
5048
5049
5051
5334
17820
17822
17824
31000
31002
31004
5049
5335
8870
5052
5336
8871
17827
17828
17830
17813
17814
17815
17820
17821
17822
5065
5341
17827
17828
17829
17834
17835
17836
5058
5067
17841
17842
17843
5060
5344
17848
17849
17850
5062
5069
5345
17855
17856
17857
5059
5061
5059
5062
17841
17843
17845
5063
5071
5061
5062
17848
17850
17852
31021
31023
31025
5063
5348
5063
5074
5349
17855
17856
17858
5075
5350
8869
17862
17863
17864
8871
17869
17870
17871
5079
5355
8873
17876
17877
17878
17883
17884
17885
5072
5081
17889
17890
5074
5358
17893
17894
17895
5076
5082
5359
17899
17900
5073
5075
31028
31029
31030
5077
5083
31027
31029
31031
31033
34045
5075
17893
17895
17897
31034
31036
31038
31040
5077
5362
34047
5086
5363
31035
31036
31037
5087
5364
31034
31037
31039
31040
34049
8883
17903
17904
17905
8885
17910
17911
17912
5098
5369
8887
17917
17918
17919
17923
17924
5086
5372
17928
17929
5085
5087
8895
8896
8899
8900
17934
17935
17936
5089
5100
17933
17935
17937
17939
27439
17941
17942
17943
5089
5374
17940
17942
17944
17946
27441
5102
5375
17948
17949
17950
5103
5376
17947
17950
17952
17953
27443
8883
31042
31043
31044
5095
17954
17956
17958
17960
27447
5097
5105
17955
17956
17957
5095
8886
27449
31048
31050
31052
31054
5098
5381
8887
31049
31050
31051
5107
5382
17961
17964
17966
17967
27451
5099
5108
5383
17962
17963
17964
17968
17969
17971
17972
17973
5110
5388
17976
17977
5103
8907
8908
8911
8912
17983
17984
17987
17988
5111
8915
17984
17985
17986
17991
17992
17993
5391
8917
17990
17992
17994
17996
18001
18003
18005
18007
5112
5392
8919
18002
18003
18004
18009
18010
18011
27454
31056
31057
31058
18021
18023
18025
18027
27456
31062
31064
31066
31068
5110
5396
18022
18023
18024
5128
5397
27458
31063
31064
31065
18034
18036
18037
18038
5116
5402
18045
18046
18047
5115
5117
8916
18054
18055
18056
5119
5130
18053
18055
18057
18059
27460
31084
31086
31088
5117
8919
18045
18047
18049
18060
18062
18064
18066
5119
5404
8920
27462
5132
5405
18061
18062
18063
5133
5406
18060
18063
18065
18066
27464
31091
31092
31094
5124
8924
8925
8928
27454
31069
31070
31073
31074
5125
27481
27483
27485
31069
31071
31073
31075
34053
5127
5135
31070
31071
31072
5124
5125
27457
34055
5128
5411
18075
18077
18079
27458
31076
31078
31080
31082
5137
5412
31076
31079
31081
31082
31098
31099
31101
34057
5129
5138
5413
31077
31078
31079
18070
18071
18075
18076
18077
5418
18084
18085
31084
31085
31086
8935
18089
18090
18094
18095
5421
8937
31091
31092
31093
5422
8939
18099
18100
18104
18105
8943
18109
18110
18111
8945
31098
31099
31100
5426
18116
18117
5427
8947
18121
18122
18123
8936
18128
18129
18130
8939
18137
18138
5146
5431
8940
18142
18143
18144
5147
27468
31104
31105
31108
31109
18151
18152
18153
5162
8954
31105
31106
31107
5147
18142
18144
18146
18157
18159
18161
18163
27471
5434
8956
27472
31111
31113
31115
31117
5435
18158
18159
18160
5163
5436
8958
31112
31113
31114
5154
18164
18165
18168
18169
27475
27517
27518
27521
8962
31119
31120
31121
5158
18165
18166
18167
5154
8964
27478
31125
31127
31129
31131
5159
5441
18171
18173
18175
18177
27479
31133
31135
31137
5194
5442
8966
31126
31127
31128
5161
5443
18172
18173
18174
8943
18179
18180
18184
18185
8946
31133
31134
31135
5448
8947
18189
18190
5449
18194
18195
18198
18199
5165
5453
18201
18202
8955
18205
18206
18207
8958
18216
18217
18218
5169
5455
8959
18223
18224
18225
5170
18237
18238
18241
18242
27489
27522
27523
27526
27527
5173
18238
18239
18240
27492
31140
31141
31142
5175
5458
18248
18250
18252
18254
27493
31139
31141
31143
31145
5177
5459
18249
18250
18251
5176
18262
18263
18266
18267
27496
18256
18257
18258
5180
18263
18264
18265
5176
18269
18271
18273
18275
27499
5182
5463
18276
18278
18280
18282
27500
5464
18270
18271
18272
5184
5465
18277
18278
18279
5183
18290
18291
18294
18295
27503
18284
18285
18286
5187
18291
18292
18293
5183
18297
18299
18301
18303
27506
5188
5470
18304
18306
18308
18310
27507
5471
18298
18299
18300
5190
5472
18305
18306
18307
27510
31147
31148
31149
18312
18313
18314
18324
18326
18328
18330
27513
31153
31155
31157
31159
5192
5477
27514
31154
31155
31156
5478
18325
18326
18327
8962
18338
18339
18340
8965
18351
18352
18353
5194
5482
8966
18358
18359
18360
18372
18373
18374
5197
5230
18379
5199
5233
5486
18380
18382
18383
5201
5236
18387
18388
18389
5239
5488
18394
18395
5203
5240
5489
18399
18400
18401
18410
18411
18412
5206
9015
31161
31162
31163
5492
9018
18425
18426
18427
5209
5493
9019
31168
31169
31170
18432
18433
18434
31175
31176
31177
5210
5212
18431
18433
18435
18437
27536
31174
31176
31178
31180
5214
5496
18445
18446
18447
5497
27539
31182
31183
31184
5216
5498
18444
18447
18449
18450
27540
31181
31184
31186
31187
18452
18453
18454
5213
5216
8996
8998
9000
9002
5217
5218
18451
18453
18455
18457
27543
31189
31191
31193
18459
18460
18461
5502
18466
18467
18468
5217
5503
18458
18461
18463
18464
27546
5220
5504
18465
18468
18470
18471
27547
31196
31197
31199
31189
31190
31191
5222
9022
18477
18478
18479
5509
9025
31196
31197
31198
5224
5510
9026
18492
18493
18494
18499
18500
18501
5226
9029
18506
18507
18508
5513
9032
18515
18516
18517
5227
5514
9033
18522
18523
18524
18528
18529
5246
5517
18531
18532
5231
5256
18539
18540
18541
5234
5260
5519
18550
18551
18552
18557
18558
18559
31203
31204
31205
5235
5237
18556
18558
18560
18562
27550
31202
31204
31206
31208
5239
5521
18570
18571
18572
5522
27553
31210
31211
31212
5241
5523
18569
18572
18574
18575
27554
31209
31212
31214
31215
5238
5240
18388
18389
18392
27529
27530
27533
27534
5238
5241
27529
27531
27533
27535
5242
9016
34058
31217
31218
31219
5242
5527
9018
18399
18401
18403
31216
31218
31220
31222
5242
5528
31216
31219
31221
31222
34061
5529
9020
34062
18577
18578
18579
5245
5248
9031
9036
9038
9040
9042
5249
5250
18576
18578
18580
18582
18598
18600
18602
27557
9033
18584
18585
18586
5534
18591
18592
18593
5249
5535
9035
18583
18586
18588
18589
27560
5252
5536
18590
18593
18595
18596
18612
18613
18615
27561
18598
18599
18600
5263
18605
18606
5266
5541
18612
18613
18614
5267
5542
18619
18620
5257
5277
18628
18629
18630
5261
5281
5545
18639
18640
18641
5258
5260
9045
9046
9049
9050
18540
18541
18544
5258
5261
9045
9047
9049
9051
18628
18630
18632
5262
27551
27564
18646
18647
18648
5262
5547
18550
18552
18554
18645
18647
18649
18651
27553
5262
5548
18639
18640
18642
18645
18648
18650
18651
27567
5549
27555
27568
31224
31225
31226
5265
5268
27559
5269
5270
27571
31223
31225
31227
31229
31238
31240
31242
5268
18612
18614
18616
27561
31230
31232
31234
31236
5272
5554
31231
31232
31233
5269
5555
27563
27574
5273
5556
27575
31230
31233
31235
31236
31245
31246
31248
31238
31239
31240
5284
18653
18654
18658
18659
5287
5561
31245
31246
31247
5288
5562
18663
18664
5278
5293
18669
18670
18671
5282
5296
5566
18676
18677
18678
5279
5281
9057
9058
9061
9062
18629
18630
18633
31252
31253
31254
5283
9068
27565
31251
31253
31255
31257
18682
18683
18684
5283
5568
18639
18641
18643
18681
18683
18685
18687
27567
5569
9071
31259
31260
31261
5570
9072
27569
31258
31261
31263
31264
18689
18690
18691
5286
5289
27573
5290
5291
18688
18690
18692
18694
18703
18705
18707
27578
5289
18695
18697
18699
18701
27575
31245
31247
31249
5575
18696
18697
18698
5290
5576
27577
27581
5292
5577
18695
18698
18700
18701
18712
18713
18715
27582
18703
18704
18705
5301
5582
18712
18713
18714
18719
18720
18721
18726
18727
5306
9069
31266
31267
31268
5584
9071
18733
18734
18735
5309
5585
18740
18741
5310
5586
9073
31273
31274
31275
5302
18748
18750
18752
18754
27580
27585
27587
27589
27591
5313
18749
18750
18751
27582
31280
31281
31282
5316
5590
18759
18762
18764
18765
27584
31279
31282
31284
31285
5317
5591
18760
18761
18762
5307
5323
18766
18767
5311
5325
5595
18769
18770
5308
5310
9075
9076
9079
9080
31267
31268
31271
18773
18774
18775
5312
5327
18772
18774
18776
18778
27593
18780
18781
18782
5312
5597
18779
18781
18783
18785
27595
31273
31275
31277
5330
5598
18787
18788
18789
5331
5599
18786
18789
18791
18792
27597
18794
18795
18796
5318
27601
31286
31288
31290
31292
5320
5334
31287
31288
31289
5318
18800
18802
18804
18806
27603
5321
5604
18801
18802
18803
5337
5605
27605
31293
31296
31298
31299
5322
5338
5606
31294
31295
31296
18807
18808
18810
18811
5342
5611
18813
18814
18816
18817
5328
5344
18819
18820
18821
5330
5614
18824
18825
5332
5346
5615
18827
18828
18829
5329
5331
27606
27607
27610
27611
31301
31302
31303
5333
5348
31300
31302
31304
31306
34066
31308
31309
31310
5333
5618
31307
31309
31311
31313
34068
5351
5619
31315
31316
31317
5352
5620
31314
31317
31319
31320
34070
5336
5338
9087
9088
9091
31288
31289
31292
5336
5339
5340
5341
9092
18833
18835
18837
5338
5339
5340
5342
5625
18840
18842
18844
31294
31296
31298
5340
5626
9095
5343
5627
9096
18847
18848
18850
18833
18834
18835
18840
18841
18842
5356
5632
18847
18848
18849
18854
18855
18856
5349
5358
18861
18862
18863
5351
5635
18868
18869
18870
5353
5360
5636
18875
18876
18877
5350
5352
5350
5353
18861
18863
18865
5354
5362
5352
5353
18868
18870
18872
31315
31317
31319
5354
5639
5354
5365
5640
18875
18876
18878
5366
5641
9094
18882
18883
18884
9096
18889
18890
18891
5370
5646
9098
18896
18897
18898
18903
18904
18905
5363
5372
18909
18910
5365
5649
18913
18914
18915
5367
5373
5650
18919
18920
5364
5366
31322
31323
31324
5368
5374
31321
31323
31325
31327
34073
5366
18913
18915
18917
31328
31330
31332
31334
5368
5653
34075
5377
5654
31329
31330
31331
5378
5655
31328
31331
31333
31334
34077
9108
18923
18924
18925
9110
18930
18931
18932
5389
5660
9112
18937
18938
18939
18943
18944
5377
5663
18948
18949
5376
5378
9120
9121
9124
9125
18954
18955
18956
5380
5391
18953
18955
18957
18959
27614
18961
18962
18963
5380
5665
18960
18962
18964
18966
27616
5393
5666
18968
18969
18970
5394
5667
18967
18970
18972
18973
27618
9108
31336
31337
31338
5386
18974
18976
18978
18980
27622
5388
5396
18975
18976
18977
5386
9111
27624
31342
31344
31346
31348
5389
5672
9112
31343
31344
31345
5398
5673
18981
18984
18986
18987
27626
5390
5399
5674
18982
18983
18984
18988
18989
18991
18992
18993
5401
5679
18996
18997
5394
9132
9133
9136
9137
19003
19004
19007
19008
5402
9140
19004
19005
19006
19011
19012
19013
5682
9142
19010
19012
19014
19016
19021
19023
19025
19027
5403
5683
9144
19022
19023
19024
19029
19030
19031
27629
31350
31351
31352
19041
19043
19045
19047
27631
31356
31358
31360
31362
5401
5687
19042
19043
19044
5419
5688
27633
31357
31358
31359
19054
19056
19057
19058
5407
5693
19065
19066
19067
5406
5408
9141
19074
19075
19076
5410
5421
19073
19075
19077
19079
27635
31378
31380
31382
5408
9144
19065
19067
19069
19080
19082
19084
19086
5410
5695
9145
27637
5423
5696
19081
19082
19083
5424
5697
19080
19083
19085
19086
27639
31385
31386
31388
5415
9149
9150
9153
27629
31363
31364
31367
31368
5416
27656
27658
27660
31363
31365
31367
31369
34081
5418
5426
31364
31365
31366
5415
5416
27632
34083
5419
5702
19095
19097
19099
27633
31370
31372
31374
31376
5428
5703
31370
31373
31375
31376
31392
31393
31395
34085
5420
5429
5704
31371
31372
31373
19090
19091
19095
19096
19097
5709
19104
19105
31378
31379
31380
9160
19109
19110
19114
19115
5712
9162
31385
31386
31387
5713
9164
19119
19120
19124
19125
9168
19129
19130
19131
9170
31392
31393
31394
5717
19136
19137
5718
9172
19141
19142
19143
9161
19148
19149
19150
9164
19157
19158
5437
5722
9165
19162
19163
19164
5438
27643
31398
31399
31402
31403
19171
19172
19173
5453
9179
31399
31400
31401
5438
19162
19164
19166
19177
19179
19181
19183
27646
5725
9181
27647
31405
31407
31409
31411
5726
19178
19179
19180
5454
5727
9183
31406
31407
31408
5445
19184
19185
19188
19189
27650
27692
27693
27696
9187
31413
31414
31415
5449
19185
19186
19187
5445
9189
27653
31419
31421
31423
31425
5450
5732
19191
19193
19195
19197
27654
31427
31429
31431
5485
5733
9191
31420
31421
31422
5452
5734
19192
19193
19194
9168
19199
19200
19204
19205
9171
31427
31428
31429
5739
9172
19209
19210
5740
19214
19215
19218
19219
5456
5744
19221
19222
9180
19225
19226
19227
9183
19236
19237
19238
5460
5746
9184
19243
19244
19245
5461
19257
19258
19261
19262
27664
27697
27698
27701
27702
5464
19258
19259
19260
27667
31434
31435
31436
5466
5749
19268
19270
19272
19274
27668
31433
31435
31437
31439
5468
5750
19269
19270
19271
5467
19282
19283
19286
19287
27671
19276
19277
19278
5471
19283
19284
19285
5467
19289
19291
19293
19295
27674
5473
5754
19296
19298
19300
19302
27675
5755
19290
19291
19292
5475
5756
19297
19298
19299
5474
19310
19311
19314
19315
27678
19304
19305
19306
5478
19311
19312
19313
5474
19317
19319
19321
19323
27681
5479
5761
19324
19326
19328
19330
27682
5762
19318
19319
19320
5481
5763
19325
19326
19327
27685
31441
31442
31443
19332
19333
19334
19344
19346
19348
19350
27688
31447
31449
31451
31453
5483
5768
27689
31448
31449
31450
5769
19345
19346
19347
9187
19358
19359
19360
9190
19371
19372
19373
5485
5773
9191
19378
19379
19380
19392
19393
19394
5488
5521
19399
5490
5524
5777
19400
19402
19403
5492
5527
19407
19408
19409
5530
5779
19414
19415
5494
5531
5780
19419
19420
19421
19430
19431
19432
5497
9240
31455
31456
31457
5783
9243
19445
19446
19447
5500
5784
9244
31462
31463
31464
19452
19453
19454
31469
31470
31471
5501
5503
19451
19453
19455
19457
27711
31468
31470
31472
31474
5505
5787
19465
19466
19467
5788
27714
31476
31477
31478
5507
5789
19464
19467
19469
19470
27715
31475
31478
31480
31481
19472
19473
19474
5504
5507
9221
9223
9225
9227
5508
5509
19471
19473
19475
19477
27718
31483
31485
31487
19479
19480
19481
5793
19486
19487
19488
5508
5794
19478
19481
19483
19484
27721
5511
5795
19485
19488
19490
19491
27722
31490
31491
31493
31483
31484
31485
5513
9247
19497
19498
19499
5800
9250
31490
31491
31492
5515
5801
9251
19512
19513
19514
19519
19520
19521
5517
9254
19526
19527
19528
5804
9257
19535
19536
19537
5518
5805
9258
19542
19543
19544
19548
19549
5537
5808
19551
19552
5522
5547
19559
19560
19561
5525
5551
5810
19570
19571
19572
19577
19578
19579
31497
31498
31499
5526
5528
19576
19578
19580
19582
27725
31496
31498
31500
31502
5530
5812
19590
19591
19592
5813
27728
31504
31505
31506
5532
5814
19589
19592
19594
19595
27729
31503
31506
31508
31509
5529
5531
19408
19409
19412
27704
27705
27708
27709
5529
5532
27704
27706
27708
27710
5533
9241
34086
31511
31512
31513
5533
5818
9243
19419
19421
19423
31510
31512
31514
31516
5533
5819
31510
31513
31515
31516
34089
5820
9245
34090
19597
19598
19599
5536
5539
9256
9261
9263
9265
9267
5540
5541
19596
19598
19600
19602
19618
19620
19622
27732
9258
19604
19605
19606
5825
19611
19612
19613
5540
5826
9260
19603
19606
19608
19609
27735
5543
5827
19610
19613
19615
19616
19632
19633
19635
27736
19618
19619
19620
5554
19625
19626
5557
5832
19632
19633
19634
5558
5833
19639
19640
5548
5568
19648
19649
19650
5552
5572
5836
19659
19660
19661
5549
5551
9270
9271
9274
9275
19560
19561
19564
5549
5552
9270
9272
9274
9276
19648
19650
19652
5553
27726
27739
19666
19667
19668
5553
5838
19570
19572
19574
19665
19667
19669
19671
27728
5553
5839
19659
19660
19662
19665
19668
19670
19671
27742
5840
27730
27743
31518
31519
31520
5556
5559
27734
5560
5561
27746
31517
31519
31521
31523
31532
31534
31536
5559
19632
19634
19636
27736
31524
31526
31528
31530
5563
5845
31525
31526
31527
5560
5846
27738
27749
5564
5847
27750
31524
31527
31529
31530
31539
31540
31542
31532
31533
31534
5575
19673
19674
19678
19679
5578
5852
31539
31540
31541
5579
5853
19683
19684
5569
5584
19689
19690
19691
5573
5587
5857
19696
19697
19698
5570
5572
9282
9283
9286
9287
19649
19650
19653
31546
31547
31548
5574
9293
27740
31545
31547
31549
31551
19702
19703
19704
5574
5859
19659
19661
19663
19701
19703
19705
19707
27742
5860
9296
31553
31554
31555
5861
9297
27744
31552
31555
31557
31558
19709
19710
19711
5577
5580
27748
5581
5582
19708
19710
19712
19714
19723
19725
19727
27753
5580
19715
19717
19719
19721
27750
31539
31541
31543
5866
19716
19717
19718
5581
5867
27752
27756
5583
5868
19715
19718
19720
19721
19732
19733
19735
27757
19723
19724
19725
5592
5873
19732
19733
19734
19739
19740
19741
19746
19747
5597
9294
31560
31561
31562
5875
9296
19753
19754
19755
5600
5876
19760
19761
5601
5877
9298
31567
31568
31569
5593
19768
19770
19772
19774
27755
27760
27762
27764
27766
5604
19769
19770
19771
27757
31574
31575
31576
5607
5881
19779
19782
19784
19785
27759
31573
31576
31578
31579
5608
5882
19780
19781
19782
5598
5614
19786
19787
5602
5616
5886
19789
19790
5599
5601
9300
9301
9304
9305
31561
31562
31565
19793
19794
19795
5603
5618
19792
19794
19796
19798
27768
19800
19801
19802
5603
5888
19799
19801
19803
19805
27770
31567
31569
31571
5621
5889
19807
19808
19809
5622
5890
19806
19809
19811
19812
27772
19814
19815
19816
5609
27776
31580
31582
31584
31586
5611
5625
31581
31582
31583
5609
19820
19822
19824
19826
27778
5612
5895
19821
19822
19823
5628
5896
27780
31587
31590
31592
31593
5613
5629
5897
31588
31589
31590
19827
19828
19830
19831
5633
5902
19833
19834
19836
19837
5619
5635
19839
19840
19841
5621
5905
19844
19845
5623
5637
5906
19847
19848
19849
5620
5622
27781
27782
27785
27786
31595
31596
31597
5624
5639
31594
31596
31598
31600
34094
31602
31603
31604
5624
5909
31601
31603
31605
31607
34096
5642
5910
31609
31610
31611
5643
5911
31608
31611
31613
31614
34098
5627
5629
9312
9313
9316
31582
31583
31586
5627
5630
5631
5632
9317
19853
19855
19857
5629
5630
5631
5633
5916
19860
19862
19864
31588
31590
31592
5631
5917
9320
5634
5918
9321
19867
19868
19870
19853
19854
19855
19860
19861
19862
5647
5923
19867
19868
19869
19874
19875
19876
5640
5649
19881
19882
19883
5642
5926
19888
19889
19890
5644
5651
5927
19895
19896
19897
5641
5643
5641
5644
19881
19883
19885
5645
5653
5643
5644
19888
19890
19892
31609
31611
31613
5645
5930
5645
5656
5931
19895
19896
19898
5657
5932
9319
19902
19903
19904
9321
19909
19910
19911
5661
5937
9323
19916
19917
19918
19923
19924
19925
5654
5663
19929
19930
5656
5940
19933
19934
19935
5658
5664
5941
19939
19940
5655
5657
31616
31617
31618
5659
5665
31615
31617
31619
31621
34101
5657
19933
19935
19937
31622
31624
31626
31628
5659
5944
34103
5668
5945
31623
31624
31625
5669
5946
31622
31625
31627
31628
34105
9333
19943
19944
19945
9335
19950
19951
19952
5680
5951
9337
19957
19958
19959
19963
19964
5668
5954
19968
19969
5667
5669
9345
9346
9349
9350
19974
19975
19976
5671
5682
19973
19975
19977
19979
27789
19981
19982
19983
5671
5956
19980
19982
19984
19986
27791
5684
5957
19988
19989
19990
5685
5958
19987
19990
19992
19993
27793
9333
31630
31631
31632
5677
19994
19996
19998
20000
27797
5679
5687
19995
19996
19997
5677
9336
27799
31636
31638
31640
31642
5680
5963
9337
31637
31638
31639
5689
5964
20001
20004
20006
20007
27801
5681
5690
5965
20002
20003
20004
20008
20009
20011
20012
20013
5692
5970
20016
20017
5685
9357
9358
9361
9362
20023
20024
20027
20028
5693
9365
20024
20025
20026
20031
20032
20033
5973
9367
20030
20032
20034
20036
20041
20043
20045
20047
5694
5974
9369
20042
20043
20044
20049
20050
20051
27804
31644
31645
31646
20061
20063
20065
20067
27806
31650
31652
31654
31656
5692
5978
20062
20063
20064
5710
5979
27808
31651
31652
31653
20074
20076
20077
20078
5698
5984
20085
20086
20087
5697
5699
9366
20094
20095
20096
5701
5712
20093
20095
20097
20099
27810
31672
31674
31676
5699
9369
20085
20087
20089
20100
20102
20104
20106
5701
5986
9370
27812
5714
5987
20101
20102
20103
5715
5988
20100
20103
20105
20106
27814
31679
31680
31682
5706
9374
9375
9378
27804
31657
31658
31661
31662
5707
27831
27833
27835
31657
31659
31661
31663
34109
5709
5717
31658
31659
31660
5706
5707
27807
34111
5710
5993
20115
20117
20119
27808
31664
31666
31668
31670
5719
5994
31664
31667
31669
31670
31686
31687
31689
34113
5711
5720
5995
31665
31666
31667
20110
20111
20115
20116
20117
6000
20124
20125
31672
31673
31674
9385
20129
20130
20134
20135
6003
9387
31679
31680
31681
6004
9389
20139
20140
20144
20145
9393
20149
20150
20151
9395
31686
31687
31688
6008
20156
20157
6009
9397
20161
20162
20163
9386
20168
20169
20170
9389
20177
20178
5728
6013
9390
20182
20183
20184
5729
27818
31692
31693
31696
31697
20191
20192
20193
5744
9404
31693
31694
31695
5729
20182
20184
20186
20197
20199
20201
20203
27821
6016
9406
27822
31699
31701
31703
31705
6017
20198
20199
20200
5745
6018
9408
31700
31701
31702
5736
20204
20205
20208
20209
27825
27867
27868
27871
9412
31707
31708
31709
5740
20205
20206
20207
5736
9414
27828
31713
31715
31717
31719
5741
6023
20211
20213
20215
20217
27829
31721
31723
31725
5776
6024
9416
31714
31715
31716
5743
6025
20212
20213
20214
9393
20219
20220
20224
20225
9396
31721
31722
31723
6030
9397
20229
20230
6031
20234
20235
20238
20239
5747
6035
20241
20242
9405
20245
20246
20247
9408
20256
20257
20258
5751
6037
9409
20263
20264
20265
5752
20277
20278
20281
20282
27839
27872
27873
27876
27877
5755
20278
20279
20280
27842
31728
31729
31730
5757
6040
20288
20290
20292
20294
27843
31727
31729
31731
31733
5759
6041
20289
20290
20291
5758
20302
20303
20306
20307
27846
20296
20297
20298
5762
20303
20304
20305
5758
20309
20311
20313
20315
27849
5764
6045
20316
20318
20320
20322
27850
6046
20310
20311
20312
5766
6047
20317
20318
20319
5765
20330
20331
20334
20335
27853
20324
20325
20326
5769
20331
20332
20333
5765
20337
20339
20341
20343
27856
5770
6052
20344
20346
20348
20350
27857
6053
20338
20339
20340
5772
6054
20345
20346
20347
27860
31735
31736
31737
20352
20353
20354
20364
20366
20368
20370
27863
31741
31743
31745
31747
5774
6059
27864
31742
31743
31744
6060
20365
20366
20367
9412
20378
20379
20380
9415
20391
20392
20393
5776
6064
9416
20398
20399
20400
20412
20413
20414
5779
5812
20419
5781
5815
6068
20420
20422
20423
5783
5818
20427
20428
20429
5821
6070
20434
20435
5785
5822
6071
20439
20440
20441
20450
20451
20452
5788
9465
31749
31750
31751
6074
9468
20465
20466
20467
5791
6075
9469
31756
31757
31758
20472
20473
20474
31763
31764
31765
5792
5794
20471
20473
20475
20477
27886
31762
31764
31766
31768
5796
6078
20485
20486
20487
6079
27889
31770
31771
31772
5798
6080
20484
20487
20489
20490
27890
31769
31772
31774
31775
20492
20493
20494
5795
5798
9446
9448
9450
9452
5799
5800
20491
20493
20495
20497
27893
31777
31779
31781
20499
20500
20501
6084
20506
20507
20508
5799
6085
20498
20501
20503
20504
27896
5802
6086
20505
20508
20510
20511
27897
31784
31785
31787
31777
31778
31779
5804
9472
20517
20518
20519
6091
9475
31784
31785
31786
5806
6092
9476
20532
20533
20534
20539
20540
20541
5808
9479
20546
20547
20548
6095
9482
20555
20556
20557
5809
6096
9483
20562
20563
20564
20568
20569
5828
6099
20571
20572
5813
5838
20579
20580
20581
5816
5842
6101
20590
20591
20592
20597
20598
20599
31791
31792
31793
5817
5819
20596
20598
20600
20602
27900
31790
31792
31794
31796
5821
6103
20610
20611
20612
6104
27903
31798
31799
31800
5823
6105
20609
20612
20614
20615
27904
31797
31800
31802
31803
5820
5822
20428
20429
20432
27879
27880
27883
27884
5820
5823
27879
27881
27883
27885
5824
9466
34114
31805
31806
31807
5824
6109
9468
20439
20441
20443
31804
31806
31808
31810
5824
6110
31804
31807
31809
31810
34117
6111
9470
34118
20617
20618
20619
5827
5830
9481
9486
9488
9490
9492
5831
5832
20616
20618
20620
20622
20638
20640
20642
27907
9483
20624
20625
20626
6116
20631
20632
20633
5831
6117
9485
20623
20626
20628
20629
27910
5834
6118
20630
20633
20635
20636
20652
20653
20655
27911
20638
20639
20640
5845
20645
20646
5848
6123
20652
20653
20654
5849
6124
20659
20660
5839
5859
20668
20669
20670
5843
5863
6127
20679
20680
20681
5840
5842
9495
9496
9499
9500
20580
20581
20584
5840
5843
9495
9497
9499
9501
20668
20670
20672
5844
27901
27914
20686
20687
20688
5844
6129
20590
20592
20594
20685
20687
20689
20691
27903
5844
6130
20679
20680
20682
20685
20688
20690
20691
27917
6131
27905
27918
31812
31813
31814
5847
5850
27909
5851
5852
27921
31811
31813
31815
31817
31826
31828
31830
5850
20652
20654
20656
27911
31818
31820
31822
31824
5854
6136
31819
31820
31821
5851
6137
27913
27924
5855
6138
27925
31818
31821
31823
31824
31833
31834
31836
31826
31827
31828
5866
20693
20694
20698
20699
5869
6143
31833
31834
31835
5870
6144
20703
20704
5860
5875
20709
20710
20711
5864
5878
6148
20716
20717
20718
5861
5863
9507
9508
9511
9512
20669
20670
20673
31840
31841
31842
5865
9518
27915
31839
31841
31843
31845
20722
20723
20724
5865
6150
20679
20681
20683
20721
20723
20725
20727
27917
6151
9521
31847
31848
31849
6152
9522
27919
31846
31849
31851
31852
20729
20730
20731
5868
5871
27923
5872
5873
20728
20730
20732
20734
20743
20745
20747
27928
5871
20735
20737
20739
20741
27925
31833
31835
31837
6157
20736
20737
20738
5872
6158
27927
27931
5874
6159
20735
20738
20740
20741
20752
20753
20755
27932
20743
20744
20745
5883
6164
20752
20753
20754
20759
20760
20761
20766
20767
5888
9519
31854
31855
31856
6166
9521
20773
20774
20775
5891
6167
20780
20781
5892
6168
9523
31861
31862
31863
5884
20788
20790
20792
20794
27930
27935
27937
27939
27941
5895
20789
20790
20791
27932
31868
31869
31870
5898
6172
20799
20802
20804
20805
27934
31867
31870
31872
31873
5899
6173
20800
20801
20802
5889
5905
20806
20807
5893
5907
6177
20809
20810
5890
5892
9525
9526
9529
9530
31855
31856
31859
20813
20814
20815
5894
5909
20812
20814
20816
20818
27943
20820
20821
20822
5894
6179
20819
20821
20823
20825
27945
31861
31863
31865
5912
6180
20827
20828
20829
5913
6181
20826
20829
20831
20832
27947
20834
20835
20836
5900
27951
31874
31876
31878
31880
5902
5916
31875
31876
31877
5900
20840
20842
20844
20846
27953
5903
6186
20841
20842
20843
5919
6187
27955
31881
31884
31886
31887
5904
5920
6188
31882
31883
31884
20847
20848
20850
20851
5924
6193
20853
20854
20856
20857
5910
5926
20859
20860
20861
5912
6196
20864
20865
5914
5928
6197
20867
20868
20869
5911
5913
27956
27957
27960
27961
31889
31890
31891
5915
5930
31888
31890
31892
31894
34122
31896
31897
31898
5915
6200
31895
31897
31899
31901
34124
5933
6201
31903
31904
31905
5934
6202
31902
31905
31907
31908
34126
5918
5920
9537
9538
9541
31876
31877
31880
5918
5921
5922
5923
9542
20873
20875
20877
5920
5921
5922
5924
6207
20880
20882
20884
31882
31884
31886
5922
6208
9545
5925
6209
9546
20887
20888
20890
20873
20874
20875
20880
20881
20882
5938
6214
20887
20888
20889
20894
20895
20896
5931
5940
20901
20902
20903
5933
6217
20908
20909
20910
5935
5942
6218
20915
20916
20917
5932
5934
5932
5935
20901
20903
20905
5936
5944
5934
5935
20908
20910
20912
31903
31905
31907
5936
6221
5936
5947
6222
20915
20916
20918
5948
6223
9544
20922
20923
20924
9546
20929
20930
20931
5952
6228
9548
20936
20937
20938
20943
20944
20945
5945
5954
20949
20950
5947
6231
20953
20954
20955
5949
5955
6232
20959
20960
5946
5948
31910
31911
31912
5950
5956
31909
31911
31913
31915
34129
5948
20953
20955
20957
31916
31918
31920
31922
5950
6235
34131
5959
6236
31917
31918
31919
5960
6237
31916
31919
31921
31922
34133
9558
20963
20964
20965
9560
20970
20971
20972
5971
6242
9562
20977
20978
20979
20983
20984
5959
6245
20988
20989
5958
5960
9570
9571
9574
9575
20994
20995
20996
5962
5973
20993
20995
20997
20999
27964
21001
21002
21003
5962
6247
21000
21002
21004
21006
27966
5975
6248
21008
21009
21010
5976
6249
21007
21010
21012
21013
27968
9558
31924
31925
31926
5968
21014
21016
21018
21020
27972
5970
5978
21015
21016
21017
5968
9561
27974
31930
31932
31934
31936
5971
6254
9562
31931
31932
31933
5980
6255
21021
21024
21026
21027
27976
5972
5981
6256
21022
21023
21024
21028
21029
21031
21032
21033
5983
6261
21036
21037
5976
9582
9583
9586
9587
21043
21044
21047
21048
5984
9590
21044
21045
21046
21051
21052
21053
6264
9592
21050
21052
21054
21056
21061
21063
21065
21067
5985
6265
9594
21062
21063
21064
21069
21070
21071
27979
31938
31939
31940
21081
21083
21085
21087
27981
31944
31946
31948
31950
5983
6269
21082
21083
21084
6001
6270
27983
31945
31946
31947
21094
21096
21097
21098
5989
6275
21105
21106
21107
5988
5990
9591
21114
21115
21116
5992
6003
21113
21115
21117
21119
27985
31966
31968
31970
5990
9594
21105
21107
21109
21120
21122
21124
21126
5992
6277
9595
27987
6005
6278
21121
21122
21123
6006
6279
21120
21123
21125
21126
27989
31973
31974
31976
5997
9599
9600
9603
27979
31951
31952
31955
31956
5998
28006
28008
28010
31951
31953
31955
31957
34137
6000
6008
31952
31953
31954
5997
5998
27982
34139
6001
6284
21135
21137
21139
27983
31958
31960
31962
31964
6010
6285
31958
31961
31963
31964
31980
31981
31983
34141
6002
6011
6286
31959
31960
31961
21130
21131
21135
21136
21137
6291
21144
21145
31966
31967
31968
9610
21149
21150
21154
21155
6294
9612
31973
31974
31975
6295
9614
21159
21160
21164
21165
9618
21169
21170
21171
9620
31980
31981
31982
6299
21176
21177
6300
9622
21181
21182
21183
9611
21188
21189
21190
9614
21197
21198
6019
6304
9615
21202
21203
21204
6020
27993
31986
31987
31990
31991
21211
21212
21213
6035
9629
31987
31988
31989
6020
21202
21204
21206
21217
21219
21221
21223
27996
6307
9631
27997
31993
31995
31997
31999
6308
21218
21219
21220
6036
6309
9633
31994
31995
31996
6027
21224
21225
21228
21229
28000
28042
28043
28046
9637
32001
32002
32003
6031
21225
21226
21227
6027
9639
28003
32007
32009
32011
32013
6032
6314
21231
21233
21235
21237
28004
32015
32017
32019
6067
6315
9641
32008
32009
32010
6034
6316
21232
21233
21234
9618
21239
21240
21244
21245
9621
32015
32016
32017
6321
9622
21249
21250
6322
21254
21255
21258
21259
6038
6326
21261
21262
9630
21265
21266
21267
9633
21276
21277
21278
6042
6328
9634
21283
21284
21285
6043
21297
21298
21301
21302
28014
28047
28048
28051
28052
6046
21298
21299
21300
28017
32022
32023
32024
6048
6331
21308
21310
21312
21314
28018
32021
32023
32025
32027
6050
6332
21309
21310
21311
6049
21322
21323
21326
21327
28021
21316
21317
21318
6053
21323
21324
21325
6049
21329
21331
21333
21335
28024
6055
6336
21336
21338
21340
21342
28025
6337
21330
21331
21332
6057
6338
21337
21338
21339
6056
21350
21351
21354
21355
28028
21344
21345
21346
6060
21351
21352
21353
6056
21357
21359
21361
21363
28031
6061
6343
21364
21366
21368
21370
28032
6344
21358
21359
21360
6063
6345
21365
21366
21367
28035
32029
32030
32031
21372
21373
21374
21384
21386
21388
21390
28038
32035
32037
32039
32041
6065
6350
28039
32036
32037
32038
6351
21385
21386
21387
9637
21398
21399
21400
9640
21411
21412
21413
6067
6355
9641
21418
21419
21420
21432
21433
21434
6070
6103
21439
6072
6106
6359
21440
21442
21443
6074
6109
21447
21448
21449
6112
6361
21454
21455
6076
6113
6362
21459
21460
21461
21470
21471
21472
6079
9690
32043
32044
32045
6365
9693
21485
21486
21487
6082
6366
9694
32050
32051
32052
21492
21493
21494
32057
32058
32059
6083
6085
21491
21493
21495
21497
28061
32056
32058
32060
32062
6087
6369
21505
21506
21507
6370
28064
32064
32065
32066
6089
6371
21504
21507
21509
21510
28065
32063
32066
32068
32069
21512
21513
21514
6086
6089
9671
9673
9675
9677
6090
6091
21511
21513
21515
21517
28068
32071
32073
32075
21519
21520
21521
6375
21526
21527
21528
6090
6376
21518
21521
21523
21524
28071
6093
6377
21525
21528
21530
21531
28072
32078
32079
32081
32071
32072
32073
6095
9697
21537
21538
21539
6382
9700
32078
32079
32080
6097
6383
9701
21552
21553
21554
21559
21560
21561
6099
9704
21566
21567
21568
6386
9707
21575
21576
21577
6100
6387
9708
21582
21583
21584
21588
21589
6119
6390
21591
21592
6104
6129
21599
21600
21601
6107
6133
6392
21610
21611
21612
21617
21618
21619
32085
32086
32087
6108
6110
21616
21618
21620
21622
28075
32084
32086
32088
32090
6112
6394
21630
21631
21632
6395
28078
32092
32093
32094
6114
6396
21629
21632
21634
21635
28079
32091
32094
32096
32097
6111
6113
21448
21449
21452
28054
28055
28058
28059
6111
6114
28054
28056
28058
28060
6115
9691
34142
32099
32100
32101
6115
6400
9693
21459
21461
21463
32098
32100
32102
32104
6115
6401
32098
32101
32103
32104
34145
6402
9695
34146
21637
21638
21639
6118
6121
9706
9711
9713
9715
9717
6122
6123
21636
21638
21640
21642
21658
21660
21662
28082
9708
21644
21645
21646
6407
21651
21652
21653
6122
6408
9710
21643
21646
21648
21649
28085
6125
6409
21650
21653
21655
21656
21672
21673
21675
28086
21658
21659
21660
6136
21665
21666
6139
6414
21672
21673
21674
6140
6415
21679
21680
6130
6150
21688
21689
21690
6134
6154
6418
21699
21700
21701
6131
6133
9720
9721
9724
9725
21600
21601
21604
6131
6134
9720
9722
9724
9726
21688
21690
21692
6135
28076
28089
21706
21707
21708
6135
6420
21610
21612
21614
21705
21707
21709
21711
28078
6135
6421
21699
21700
21702
21705
21708
21710
21711
28092
6422
28080
28093
32106
32107
32108
6138
6141
28084
6142
6143
28096
32105
32107
32109
32111
32120
32122
32124
6141
21672
21674
21676
28086
32112
32114
32116
32118
6145
6427
32113
32114
32115
6142
6428
28088
28099
6146
6429
28100
32112
32115
32117
32118
32127
32128
32130
32120
32121
32122
6157
21713
21714
21718
21719
6160
6434
32127
32128
32129
6161
6435
21723
21724
6151
6166
21729
21730
21731
6155
6169
6439
21736
21737
21738
6152
6154
9732
9733
9736
9737
21689
21690
21693
32134
32135
32136
6156
9743
28090
32133
32135
32137
32139
21742
21743
21744
6156
6441
21699
21701
21703
21741
21743
21745
21747
28092
6442
9746
32141
32142
32143
6443
9747
28094
32140
32143
32145
32146
21749
21750
21751
6159
6162
28098
6163
6164
21748
21750
21752
21754
21763
21765
21767
28103
6162
21755
21757
21759
21761
28100
32127
32129
32131
6448
21756
21757
21758
6163
6449
28102
28106
6165
6450
21755
21758
21760
21761
21772
21773
21775
28107
21763
21764
21765
6174
6455
21772
21773
21774
21779
21780
21781
21786
21787
6179
9744
32148
32149
32150
6457
9746
21793
21794
21795
6182
6458
21800
21801
6183
6459
9748
32155
32156
32157
6175
21808
21810
21812
21814
28105
28110
28112
28114
28116
6186
21809
21810
21811
28107
32162
32163
32164
6189
6463
21819
21822
21824
21825
28109
32161
32164
32166
32167
6190
6464
21820
21821
21822
6180
6196
21826
21827
6184
6198
6468
21829
21830
6181
6183
9750
9751
9754
9755
32149
32150
32153
21833
21834
21835
6185
6200
21832
21834
21836
21838
28118
21840
21841
21842
6185
6470
21839
21841
21843
21845
28120
32155
32157
32159
6203
6471
21847
21848
21849
6204
6472
21846
21849
21851
21852
28122
21854
21855
21856
6191
28126
32168
32170
32172
32174
6193
6207
32169
32170
32171
6191
21860
21862
21864
21866
28128
6194
6477
21861
21862
21863
6210
6478
28130
32175
32178
32180
32181
6195
6211
6479
32176
32177
32178
21867
21868
21870
21871
6215
6484
21873
21874
21876
21877
6201
6217
21879
21880
21881
6203
6487
21884
21885
6205
6219
6488
21887
21888
21889
6202
6204
28131
28132
28135
28136
32183
32184
32185
6206
6221
32182
32184
32186
32188
34150
32190
32191
32192
6206
6491
32189
32191
32193
32195
34152
6224
6492
32197
32198
32199
6225
6493
32196
32199
32201
32202
34154
6209
6211
9762
9763
9766
32170
32171
32174
6209
6212
6213
6214
9767
21893
21895
21897
6211
6212
6213
6215
6498
21900
21902
21904
32176
32178
32180
6213
6499
9770
6216
6500
9771
21907
21908
21910
21893
21894
21895
21900
21901
21902
6229
6505
21907
21908
21909
21914
21915
21916
6222
6231
21921
21922
21923
6224
6508
21928
21929
21930
6226
6233
6509
21935
21936
21937
6223
6225
6223
6226
21921
21923
21925
6227
6235
6225
6226
21928
21930
21932
32197
32199
32201
6227
6512
6227
6238
6513
21935
21936
21938
6239
6514
9769
21942
21943
21944
9771
21949
21950
21951
6243
6519
9773
21956
21957
21958
21963
21964
21965
6236
6245
21969
21970
6238
6522
21973
21974
21975
6240
6246
6523
21979
21980
6237
6239
32204
32205
32206
6241
6247
32203
32205
32207
32209
34157
6239
21973
21975
21977
32210
32212
32214
32216
6241
6526
34159
6250
6527
32211
32212
32213
6251
6528
32210
32213
32215
32216
34161
9783
21983
21984
21985
9785
21990
21991
21992
6262
6533
9787
21997
21998
21999
22003
22004
6250
6536
22008
22009
6249
6251
9795
9796
9799
9800
22014
22015
22016
6253
6264
22013
22015
22017
22019
28139
22021
22022
22023
6253
6538
22020
22022
22024
22026
28141
6266
6539
22028
22029
22030
6267
6540
22027
22030
22032
22033
28143
9783
32218
32219
32220
6259
22034
22036
22038
22040
28147
6261
6269
22035
22036
22037
6259
9786
28149
32224
32226
32228
32230
6262
6545
9787
32225
32226
32227
6271
6546
22041
22044
22046
22047
28151
6263
6272
6547
22042
22043
22044
22048
22049
22051
22052
22053
6274
6552
22056
22057
6267
9807
9808
9811
9812
22063
22064
22067
22068
6275
9815
22064
22065
22066
22071
22072
22073
6555
9817
22070
22072
22074
22076
22081
22083
22085
22087
6276
6556
9819
22082
22083
22084
22089
22090
22091
28154
32232
32233
32234
22101
22103
22105
22107
28156
32238
32240
32242
32244
6274
6560
22102
22103
22104
6292
6561
28158
32239
32240
32241
22114
22116
22117
22118
6280
6566
22125
22126
22127
6279
6281
9816
22134
22135
22136
6283
6294
22133
22135
22137
22139
28160
32260
32262
32264
6281
9819
22125
22127
22129
22140
22142
22144
22146
6283
6568
9820
28162
6296
6569
22141
22142
22143
6297
6570
22140
22143
22145
22146
28164
32267
32268
32270
6288
9824
9825
9828
28154
32245
32246
32249
32250
6289
28181
28183
28185
32245
32247
32249
32251
34165
6291
6299
32246
32247
32248
6288
6289
28157
34167
6292
6575
22155
22157
22159
28158
32252
32254
32256
32258
6301
6576
32252
32255
32257
32258
32274
32275
32277
34169
6293
6302
6577
32253
32254
32255
22150
22151
22155
22156
22157
6582
22164
22165
32260
32261
32262
9835
22169
22170
22174
22175
6585
9837
32267
32268
32269
6586
9839
22179
22180
22184
22185
9843
22189
22190
22191
9845
32274
32275
32276
6590
22196
22197
6591
9847
22201
22202
22203
9836
22208
22209
22210
9839
22217
22218
6310
6595
9840
22222
22223
22224
6311
28168
32280
32281
32284
32285
22231
22232
22233
6326
9854
32281
32282
32283
6311
22222
22224
22226
22237
22239
22241
22243
28171
6598
9856
28172
32287
32289
32291
32293
6599
22238
22239
22240
6327
6600
9858
32288
32289
32290
6318
22244
22245
22248
22249
28175
28217
28218
28221
9862
32295
32296
32297
6322
22245
22246
22247
6318
9864
28178
32301
32303
32305
32307
6323
6605
22251
22253
22255
22257
28179
32309
32311
32313
6358
6606
9866
32302
32303
32304
6325
6607
22252
22253
22254
9843
22259
22260
22264
22265
9846
32309
32310
32311
6612
9847
22269
22270
6613
22274
22275
22278
22279
6329
6617
22281
22282
9855
22285
22286
22287
9858
22296
22297
22298
6333
6619
9859
22303
22304
22305
6334
22317
22318
22321
22322
28189
28222
28223
28226
28227
6337
22318
22319
22320
28192
32316
32317
32318
6339
6622
22328
22330
22332
22334
28193
32315
32317
32319
32321
6341
6623
22329
22330
22331
6340
22342
22343
22346
22347
28196
22336
22337
22338
6344
22343
22344
22345
6340
22349
22351
22353
22355
28199
6346
6627
22356
22358
22360
22362
28200
6628
22350
22351
22352
6348
6629
22357
22358
22359
6347
22370
22371
22374
22375
28203
22364
22365
22366
6351
22371
22372
22373
6347
22377
22379
22381
22383
28206
6352
6634
22384
22386
22388
22390
28207
6635
22378
22379
22380
6354
6636
22385
22386
22387
28210
32323
32324
32325
22392
22393
22394
22404
22406
22408
22410
28213
32329
32331
32333
32335
6356
6641
28214
32330
32331
32332
6642
22405
22406
22407
9862
22418
22419
22420
9865
22431
22432
22433
6358
6646
9866
22438
22439
22440
22452
22453
22454
6361
6394
22459
6363
6397
6650
22460
22462
22463
6365
6400
22467
22468
22469
6403
6652
22474
22475
6367
6404
6653
22479
22480
22481
22490
22491
22492
6370
9915
32337
32338
32339
6656
9918
22505
22506
22507
6373
6657
9919
32344
32345
32346
22512
22513
22514
32351
32352
32353
6374
6376
22511
22513
22515
22517
28236
32350
32352
32354
32356
6378
6660
22525
22526
22527
6661
28239
32358
32359
32360
6380
6662
22524
22527
22529
22530
28240
32357
32360
32362
32363
22532
22533
22534
6377
6380
9896
9898
9900
9902
6381
6382
22531
22533
22535
22537
28243
32365
32367
32369
22539
22540
22541
6666
22546
22547
22548
6381
6667
22538
22541
22543
22544
28246
6384
6668
22545
22548
22550
22551
28247
32372
32373
32375
32365
32366
32367
6386
9922
22557
22558
22559
9925
32372
32373
32374
6388
9926
22572
22573
22574
22579
22580
22581
6390
9929
22586
22587
22588
9932
22595
22596
22597
6391
9933
22602
22603
22604
22608
22609
6410
22611
22612
6395
6420
22619
22620
22621
6398
6424
6671
22630
22631
22632
22637
22638
22639
32379
32380
32381
6399
6401
22636
22638
22640
22642
28250
32378
32380
32382
32384
6403
6673
22650
22651
22652
6674
28253
32386
32387
32388
6405
6675
22649
22652
22654
22655
28254
32385
32388
32390
32391
6402
6404
22468
22469
22472
28229
28230
28233
28234
6402
6405
28229
28231
28233
28235
6406
9916
34170
32393
32394
32395
6406
6679
9918
22479
22481
22483
32392
32394
32396
32398
6406
6680
32392
32395
32397
32398
34173
6681
9920
34174
22657
22658
22659
6409
6412
9931
9936
9938
9940
9942
6413
6414
22656
22658
22660
22662
22678
22680
22682
28257
9933
22664
22665
22666
22671
22672
22673
6413
9935
22663
22666
22668
22669
28260
6416
22670
22673
22675
22676
22692
22693
22695
28261
22678
22679
22680
6427
22685
22686
6430
22692
22693
22694
6431
22699
22700
6421
6441
22708
22709
22710
6425
6445
6686
22719
22720
22721
6422
6424
9945
9946
9949
9950
22620
22621
22624
6422
6425
9945
9947
9949
9951
22708
22710
22712
6426
28251
28264
22726
22727
22728
6426
6688
22630
22632
22634
22725
22727
22729
22731
28253
6426
6689
22719
22720
22722
22725
22728
22730
22731
28267
6690
28255
28268
32400
32401
32402
6429
6432
28259
6433
6434
28271
32399
32401
32403
32405
32414
32416
32418
6432
22692
22694
22696
28261
32406
32408
32410
32412
6436
32407
32408
32409
6433
28263
28274
6437
28275
32406
32409
32411
32412
32421
32422
32424
32414
32415
32416
6448
22733
22734
22738
22739
6451
32421
32422
32423
6452
22743
22744
6442
6457
22749
22750
22751
6446
6460
6695
22756
22757
22758
6443
6445
9957
9958
9961
9962
22709
22710
22713
32428
32429
32430
6447
9968
28265
32427
32429
32431
32433
22762
22763
22764
6447
6697
22719
22721
22723
22761
22763
22765
22767
28267
6698
9971
32435
32436
32437
6699
9972
28269
32434
32437
32439
32440
22769
22770
22771
6450
6453
28273
6454
6455
22768
22770
22772
22774
22783
22785
22787
28278
6453
22775
22777
22779
22781
28275
32421
32423
32425
22776
22777
22778
6454
6704
28277
28281
6456
6705
22775
22778
22780
22781
22792
22793
22795
28282
22783
22784
22785
6465
6708
22792
22793
22794
22799
22800
22801
22806
22807
6470
9969
32442
32443
32444
6710
9971
22813
22814
22815
6473
6711
22820
22821
6474
6712
9973
32449
32450
32451
6466
22828
22830
22832
22834
28280
28285
28287
28289
28291
6477
22829
22830
22831
28282
32456
32457
32458
6480
6716
22839
22842
22844
22845
28284
32455
32458
32460
32461
6481
6717
22840
22841
22842
6471
6487
22846
22847
6475
6489
6721
22849
22850
6472
6474
9975
9976
9979
9980
32443
32444
32447
22853
22854
22855
6476
6491
22852
22854
22856
22858
28293
22860
22861
22862
6476
6723
22859
22861
22863
22865
28295
32449
32451
32453
6494
6724
22867
22868
22869
6495
6725
22866
22869
22871
22872
28297
22874
22875
22876
6482
28301
32462
32464
32466
32468
6484
6498
32463
32464
32465
6482
22880
22882
22884
22886
28303
6485
6730
22881
22882
22883
6501
6731
28305
32469
32472
32474
32475
6486
6502
6732
32470
32471
32472
22887
22888
22890
22891
6506
6737
22893
22894
22896
22897
6492
6508
22899
22900
22901
6494
6740
22904
22905
6496
6510
6741
22907
22908
22909
6493
6495
28306
28307
28310
28311
32477
32478
32479
6497
6512
32476
32478
32480
32482
34178
32484
32485
32486
6497
6744
32483
32485
32487
32489
34180
6515
6745
32491
32492
32493
6516
6746
32490
32493
32495
32496
34182
6500
6502
9987
9988
9991
32464
32465
32468
6500
6503
6504
6505
9992
22913
22915
22917
6502
6503
6504
6506
6751
22920
22922
22924
32470
32472
32474
6504
6752
9995
6507
6753
9996
22927
22928
22930
22913
22914
22915
22920
22921
22922
6520
6758
22927
22928
22929
22934
22935
22936
6513
6522
22941
22942
22943
6515
6761
22948
22949
22950
6517
6524
6762
22955
22956
22957
6514
6516
6514
6517
22941
22943
22945
6518
6526
6516
6517
22948
22950
22952
32491
32493
32495
6518
6765
6518
6529
6766
22955
22956
22958
6530
6767
9994
22962
22963
22964
9996
22969
22970
22971
6534
6772
9998
22976
22977
22978
22983
22984
22985
6527
6536
22989
22990
6529
6775
22993
22994
22995
6531
6537
6776
22999
23000
6528
6530
32498
32499
32500
6532
6538
32497
32499
32501
32503
34185
6530
22993
22995
22997
32504
32506
32508
32510
6532
6779
34187
6541
6780
32505
32506
32507
6542
6781
32504
32507
32509
32510
34189
10008
23003
23004
23005
10010
23010
23011
23012
6553
6786
10012
23017
23018
23019
23023
23024
6541
6789
23028
23029
6540
6542
10020
10021
10024
10025
23034
23035
23036
6544
6555
23033
23035
23037
23039
28314
23041
23042
23043
6544
6791
23040
23042
23044
23046
28316
6557
6792
23048
23049
23050
6558
6793
23047
23050
23052
23053
28318
10008
32512
32513
32514
6550
23054
23056
23058
23060
28322
6552
6560
23055
23056
23057
6550
10011
28324
32518
32520
32522
32524
6553
6798
10012
32519
32520
32521
6562
6799
23061
23064
23066
23067
28326
6554
6563
6800
23062
23063
23064
23068
23069
23071
23072
23073
6565
6805
23076
23077
6558
10032
10033
10036
10037
23083
23084
23087
23088
6566
10040
23084
23085
23086
23091
23092
23093
6808
10042
23090
23092
23094
23096
23101
23103
23105
23107
6567
6809
10044
23102
23103
23104
23109
23110
23111
28329
32526
32527
32528
23121
23123
23125
23127
28331
32532
32534
32536
32538
6565
6813
23122
23123
23124
6583
6814
28333
32533
32534
32535
23134
23136
23137
23138
6571
6819
23145
23146
23147
6570
6572
10041
23154
23155
23156
6574
6585
23153
23155
23157
23159
28335
32554
32556
32558
6572
10044
23145
23147
23149
23160
23162
23164
23166
6574
6821
10045
28337
6587
6822
23161
23162
23163
6588
6823
23160
23163
23165
23166
28339
32561
32562
32564
6579
10049
10050
10053
28329
32539
32540
32543
32544
6580
28356
28358
28360
32539
32541
32543
32545
34193
6582
6590
32540
32541
32542
6579
6580
28332
34195
6583
6828
23175
23177
23179
28333
32546
32548
32550
32552
6592
6829
32546
32549
32551
32552
32568
32569
32571
34197
6584
6593
6830
32547
32548
32549
23170
23171
23175
23176
23177
6835
23184
23185
32554
32555
32556
10060
23189
23190
23194
23195
6838
10062
32561
32562
32563
6839
10064
23199
23200
23204
23205
10068
23209
23210
23211
10070
32568
32569
32570
6843
23216
23217
6844
10072
23221
23222
23223
10061
23228
23229
23230
10064
23237
23238
6601
6848
10065
23242
23243
23244
6602
28343
32574
32575
32578
32579
23251
23252
23253
6617
10079
32575
32576
32577
6602
23242
23244
23246
23257
23259
23261
23263
28346
6851
10081
28347
32581
32583
32585
32587
6852
23258
23259
23260
6618
6853
10083
32582
32583
32584
6609
23264
23265
23268
23269
28350
28392
28393
28396
10087
32589
32590
32591
6613
23265
23266
23267
6609
10089
28353
32595
32597
32599
32601
6614
6858
23271
23273
23275
23277
28354
32603
32605
32607
6649
6859
10091
32596
32597
32598
6616
6860
23272
23273
23274
10068
23279
23280
23284
23285
10071
32603
32604
32605
6865
10072
23289
23290
6866
23294
23295
23298
23299
6620
6870
23301
23302
10080
23305
23306
23307
10083
23316
23317
23318
6624
6872
10084
23323
23324
23325
6625
23337
23338
23341
23342
28364
28397
28398
28401
28402
6628
23338
23339
23340
28367
32610
32611
32612
6630
6875
23348
23350
23352
23354
28368
32609
32611
32613
32615
6632
6876
23349
23350
23351
6631
23362
23363
23366
23367
28371
23356
23357
23358
6635
23363
23364
23365
6631
23369
23371
23373
23375
28374
6637
6880
23376
23378
23380
23382
28375
6881
23370
23371
23372
6639
6882
23377
23378
23379
6638
23390
23391
23394
23395
28378
23384
23385
23386
6642
23391
23392
23393
6638
23397
23399
23401
23403
28381
6643
6887
23404
23406
23408
23410
28382
6888
23398
23399
23400
6645
6889
23405
23406
23407
28385
32617
32618
32619
23412
23413
23414
23424
23426
23428
23430
28388
32623
32625
32627
32629
6647
6894
28389
32624
32625
32626
6895
23425
23426
23427
10087
23438
23439
23440
10090
23451
23452
23453
6649
6899
10091
23458
23459
23460
23472
23473
23474
6652
6673
23479
6654
6676
6903
23480
23482
23483
6656
6679
23487
23488
23489
6682
6905
23494
23495
6658
6683
6906
23499
23500
23501
23510
23511
23512
6661
10134
32631
32632
32633
6909
10137
23525
23526
23527
6664
6910
10138
32638
32639
32640
23532
23533
23534
32645
32646
32647
6665
6667
23531
23533
23535
23537
28411
32644
32646
32648
32650
6669
6913
23545
23546
23547
6914
28414
32652
32653
32654
6670
6915
23544
23547
23549
23550
28415
32651
32654
32656
32657
23552
23553
23554
6668
6670
10121
10123
10125
10127
23551
23553
23555
23557
28418
23559
23560
23561
23558
23561
23563
23564
28421
6674
6688
23570
23571
23572
6677
6692
6916
23581
23582
23583
23588
23589
23590
32659
32660
32661
6678
6680
23587
23589
23591
23593
28425
32658
32660
32662
32664
6682
6918
23601
23602
23603
6919
28428
32666
32667
32668
6684
6920
23600
23603
23605
23606
28429
32665
32668
32670
32671
6681
6683
23488
23489
23492
28404
28405
28408
28409
6681
6684
28404
28406
28408
28410
6685
10135
34198
32673
32674
32675
6685
6924
10137
23499
23501
23503
32672
32674
32676
32678
6685
6925
32672
32675
32677
32678
34201
6926
10139
34202
6689
6697
23612
23613
23614
6693
6701
6931
23623
23624
23625
6690
6692
10141
10142
10145
10146
23571
23572
23575
6690
6693
10141
10143
10145
10147
23612
23614
23616
6694
28426
28432
23630
23631
23632
6694
6933
23581
23583
23585
23629
23631
23633
23635
28428
6694
6934
23623
23624
23626
23629
23632
23634
23635
28435
6935
28430
28436
6698
6710
23638
23639
23640
6702
6713
6940
23645
23646
23647
6699
6701
10148
10149
10152
10153
23613
23614
23617
32680
32681
32682
6703
10159
28433
32679
32681
32683
32685
23651
23652
23653
6703
6942
23623
23625
23627
23650
23652
23654
23656
28435
6943
10162
32687
32688
32689
6944
10163
28437
32686
32689
32691
32692
6705
6706
28440
6707
6708
23657
23658
23659
23660
23666
23668
23670
28443
6707
28442
28446
6709
23661
23662
23663
23664
23675
23676
23678
28447
23666
23667
23668
6718
23675
23676
23677
23682
23683
23684
23689
23690
6723
10160
32694
32695
32696
6949
10162
23696
23697
23698
6726
6950
23703
23704
6727
6951
10164
32701
32702
32703
6719
23711
23713
23715
23717
28445
28450
28452
28454
28456
6730
23712
23713
23714
28447
32708
32709
32710
6733
23722
23725
23727
23728
28449
32707
32710
32712
32713
6734
23723
23724
23725
6724
6740
23729
23730
6728
6742
6955
23732
23733
6725
6727
10166
10167
10170
10171
32695
32696
32699
23736
23737
23738
6729
6744
23735
23737
23739
23741
28458
23743
23744
23745
6729
6957
23742
23744
23746
23748
28460
32701
32703
32705
6747
6958
23750
23751
23752
6748
6959
23749
23752
23754
23755
28462
23757
23758
23759
6735
28466
32714
32716
32718
32720
6737
6751
32715
32716
32717
6735
23763
23765
23767
23769
28468
6738
23764
23765
23766
6754
6964
28470
32721
32724
32726
32727
6739
6755
6965
32722
32723
32724
23770
23771
23773
23774
6759
6966
23776
23777
23779
23780
6745
6761
23782
23783
23784
6747
6967
23787
23788
6749
6763
6968
23790
23791
23792
6746
6748
28471
28472
28475
28476
32729
32730
32731
6750
6765
32728
32730
32732
32734
34206
32736
32737
32738
6750
6971
32735
32737
32739
32741
34208
6768
6972
32743
32744
32745
6769
6973
32742
32745
32747
32748
34210
6753
6755
10178
10179
10182
32716
32717
32720
6753
6756
6757
6758
10183
23796
23798
23800
6755
6756
6757
6759
6978
23803
23805
23807
32722
32724
32726
6757
6979
10186
6760
6980
10187
23810
23811
23813
23796
23797
23798
23803
23804
23805
6773
6981
23810
23811
23812
23817
23818
23819
6766
6775
23824
23825
23826
6768
6982
23831
23832
23833
6770
6777
6983
23838
23839
23840
6767
6769
6767
6770
23824
23826
23828
6771
6779
6769
6770
23831
23833
23835
32743
32745
32747
6771
6986
6771
6782
6987
23838
23839
23841
6783
6988
10185
23845
23846
23847
10187
23852
23853
23854
6787
6993
10189
23859
23860
23861
23866
23867
23868
6780
6789
23872
23873
6782
6996
23876
23877
23878
6784
6790
6997
23882
23883
6781
6783
32750
32751
32752
6785
6791
32749
32751
32753
32755
34213
6783
23876
23878
23880
32756
32758
32760
32762
6785
7000
34215
6794
7001
32757
32758
32759
6795
7002
32756
32759
32761
32762
34217
10199
23886
23887
23888
10201
23893
23894
23895
6806
7007
10203
23900
23901
23902
23906
23907
6794
7010
23911
23912
6793
6795
10211
10212
10215
10216
23917
23918
23919
6797
6808
23916
23918
23920
23922
28479
23924
23925
23926
6797
7012
23923
23925
23927
23929
28481
6810
7013
23931
23932
23933
6811
7014
23930
23933
23935
23936
28483
10199
32764
32765
32766
6803
23937
23939
23941
23943
28487
6805
6813
23938
23939
23940
6803
10202
28489
32770
32772
32774
32776
6806
7019
10203
32771
32772
32773
6815
7020
23944
23947
23949
23950
28491
6807
6816
7021
23945
23946
23947
23951
23952
23954
23955
23956
6818
7026
23959
23960
6811
10223
10224
10227
10228
23966
23967
23970
23971
6819
10231
23967
23968
23969
23974
23975
23976
7029
10233
23973
23975
23977
23979
23984
23986
23988
23990
6820
7030
10235
23985
23986
23987
23992
23993
23994
28494
32778
32779
32780
24004
24006
24008
24010
28496
32784
32786
32788
32790
6818
7034
24005
24006
24007
6836
7035
28498
32785
32786
32787
24017
24019
24020
24021
6824
7040
24028
24029
24030
6823
6825
10232
24037
24038
24039
6827
6838
24036
24038
24040
24042
28500
32806
32808
32810
6825
10235
24028
24030
24032
24043
24045
24047
24049
6827
7042
10236
28502
6840
7043
24044
24045
24046
6841
7044
24043
24046
24048
24049
28504
32813
32814
32816
6832
10240
10241
10244
28494
32791
32792
32795
32796
6833
28521
28523
28525
32791
32793
32795
32797
34221
6835
6843
32792
32793
32794
6832
6833
28497
34223
6836
7049
24058
24060
24062
28498
32798
32800
32802
32804
6845
7050
32798
32801
32803
32804
32820
32821
32823
34225
6837
6846
7051
32799
32800
32801
24053
24054
24058
24059
24060
7056
24067
24068
32806
32807
32808
10251
24072
24073
24077
24078
7059
10253
32813
32814
32815
7060
10255
24082
24083
24087
24088
10259
24092
24093
24094
10261
32820
32821
32822
7064
24099
24100
7065
10263
24104
24105
24106
10252
24111
24112
24113
10255
24120
24121
6854
7069
10256
24125
24126
24127
6855
28508
32826
32827
32830
32831
24134
24135
24136
6870
10270
32827
32828
32829
6855
24125
24127
24129
24140
24142
24144
24146
28511
7072
10272
28512
32833
32835
32837
32839
7073
24141
24142
24143
6871
7074
10274
32834
32835
32836
6862
24147
24148
24151
24152
28515
28557
28558
28561
10278
32841
32842
32843
6866
24148
24149
24150
6862
10280
28518
32847
32849
32851
32853
6867
7079
24154
24156
24158
24160
28519
32855
32857
32859
6902
7080
10282
32848
32849
32850
6869
7081
24155
24156
24157
10259
24162
24163
24167
24168
10262
32855
32856
32857
7086
10263
24172
24173
7087
24177
24178
24181
24182
6873
7091
24184
24185
10271
24188
24189
24190
10274
24199
24200
24201
6877
7093
10275
24206
24207
24208
6878
24220
24221
24224
24225
28529
28562
28563
28566
28567
6881
24221
24222
24223
28532
32862
32863
32864
6883
7096
24231
24233
24235
24237
28533
32861
32863
32865
32867
6885
7097
24232
24233
24234
6884
24245
24246
24249
24250
28536
24239
24240
24241
6888
24246
24247
24248
6884
24252
24254
24256
24258
28539
6890
7101
24259
24261
24263
24265
28540
7102
24253
24254
24255
6892
7103
24260
24261
24262
6891
24273
24274
24277
24278
28543
24267
24268
24269
6895
24274
24275
24276
6891
24280
24282
24284
24286
28546
6896
7108
24287
24289
24291
24293
28547
7109
24281
24282
24283
6898
7110
24288
24289
24290
28550
32869
32870
32871
24295
24296
24297
24307
24309
24311
24313
28553
32875
32877
32879
32881
6900
7115
28554
32876
32877
32878
7116
24308
24309
24310
10278
24321
24322
24323
10281
24334
24335
24336
6902
7120
10282
24341
24342
24343
24355
24356
24357
6905
6918
24362
6907
6921
7124
24363
24365
24366
6909
6924
24370
24371
24372
6927
7126
24377
24378
6911
6928
7127
24382
24383
24384
24393
24394
24395
6914
10318
32883
32884
32885
10321
24408
24409
24410
10322
32890
32891
32892
24415
24416
24417
32897
32898
32899
24414
24416
24418
24420
28576
32896
32898
32900
32902
6919
6933
24426
24427
24428
6922
6937
7130
24437
24438
24439
24444
24445
24446
32904
32905
32906
6923
6925
24443
24445
24447
24449
28581
32903
32905
32907
32909
6927
7132
24457
24458
24459
7133
28584
32911
32912
32913
6929
7134
24456
24459
24461
24462
28585
32910
32913
32915
32916
6926
6928
24371
24372
24375
28569
28570
28573
28574
6926
6929
28569
28571
28573
28575
6930
10319
34226
32918
32919
32920
6930
7138
10321
24382
24384
24386
32917
32919
32921
32923
6930
7139
32917
32920
32922
32923
34229
7140
10323
34230
6934
6942
24468
24469
24470
6938
6946
7145
24479
24480
24481
6935
6937
10325
10326
10329
10330
24427
24428
24431
6935
6938
10325
10327
10329
10331
24468
24470
24472
6939
28582
28588
24486
24487
24488
6939
7147
24437
24439
24441
24485
24487
24489
24491
28584
6939
7148
24479
24480
24482
24485
24488
24490
24491
28591
7149
28586
28592
6943
6949
24494
24495
24496
6947
6952
7154
24501
24502
24503
6944
6946
10332
10333
10336
10337
24469
24470
24473
32925
32926
32927
6948
10341
28589
32924
32926
32928
32930
24507
24508
24509
6948
7156
24479
24481
24483
24506
24508
24510
24512
28591
7157
10344
32932
32933
32934
7158
10345
28593
32931
32934
32936
32937
24514
24515
24516
24521
24522
6957
10342
32939
32940
32941
7163
10344
24528
24529
24530
6960
7164
24535
24536
6961
7165
10346
32946
32947
32948
6958
6967
24539
24540
6962
6969
7169
24542
24543
6959
6961
10348
10349
10352
10353
32940
32941
32944
24546
24547
24548
6963
6971
24545
24547
24549
24551
28596
24553
24554
24555
6963
7171
24552
24554
24556
24558
28598
32946
32948
32950
6974
7172
24560
24561
24562
6975
7173
24559
24562
24564
24565
28600
32952
32954
32956
32958
6966
6978
32953
32954
32955
24566
24567
24569
24570
6972
6982
24572
24573
24574
6974
7178
24577
24578
6976
6984
7179
24580
24581
24582
6973
6975
28602
28603
28606
28607
32960
32961
32962
6977
6986
32959
32961
32963
32965
34234
32967
32968
32969
6977
7182
32966
32968
32970
32972
34236
6989
7183
32974
32975
32976
6990
7184
32973
32976
32978
32979
34238
6980
10357
10358
10361
32954
32955
32958
6980
6981
10362
24586
24588
24590
24586
24587
24588
24593
24594
24595
6987
6996
24600
24601
24602
6989
7189
24607
24608
24609
6991
6998
7190
24614
24615
24616
6988
6990
6988
6991
24600
24602
24604
6992
7000
6990
6991
24607
24609
24611
32974
32976
32978
6992
7193
6992
7003
7194
24614
24615
24617
7004
7195
10364
24621
24622
24623
10366
24628
24629
24630
7008
10368
24635
24636
24637
24642
24643
24644
7001
7010
24648
24649
7003
7200
24652
24653
24654
7005
7011
7201
24658
24659
7002
7004
32981
32982
32983
7006
7012
32980
32982
32984
32986
34241
7004
24652
24654
24656
32987
32989
32991
32993
7006
7204
34243
7015
7205
32988
32989
32990
7016
7206
32987
32990
32992
32993
34245
10378
24662
24663
24664
10380
24669
24670
24671
7027
7211
10382
24676
24677
24678
24682
24683
7015
7212
24687
24688
7014
7016
10390
10391
10394
10395
24693
24694
24695
7018
7029
24692
24694
24696
24698
28610
24700
24701
24702
7018
7214
24699
24701
24703
24705
28612
7031
7215
24707
24708
24709
7032
7216
24706
24709
24711
24712
28614
10378
32995
32996
32997
7024
24713
24715
24717
24719
28618
7026
7034
24714
24715
24716
7024
10381
28620
33001
33003
33005
33007
7027
7221
10382
33002
33003
33004
7036
7222
24720
24723
24725
24726
28622
7028
7037
7223
24721
24722
24723
24727
24728
24730
24731
24732
7039
7224
24735
24736
7032
10402
10403
10406
10407
24742
24743
24746
24747
7040
10410
24743
24744
24745
24750
24751
24752
7225
10412
24749
24751
24753
24755
24760
24762
24764
24766
7041
7226
10414
24761
24762
24763
24768
24769
24770
28625
33009
33010
33011
24780
24782
24784
24786
28627
33015
33017
33019
33021
7039
7230
24781
24782
24783
7057
7231
28629
33016
33017
33018
24793
24795
24796
24797
7045
7232
24804
24805
24806
7044
7046
10411
24813
24814
24815
7048
7059
24812
24814
24816
24818
28631
33037
33039
33041
7046
10414
24804
24806
24808
24819
24821
24823
24825
7048
7234
10415
28633
7061
7235
24820
24821
24822
7062
7236
24819
24822
24824
24825
28635
33044
33045
33047
7053
10419
10420
10423
28625
33022
33023
33026
33027
7054
28652
28654
28656
33022
33024
33026
33028
34249
7056
7064
33023
33024
33025
7053
7054
28628
34251
7057
7241
24834
24836
24838
28629
33029
33031
33033
33035
7066
7242
33029
33032
33034
33035
33051
33052
33054
34253
7058
7067
7243
33030
33031
33032
24829
24830
24834
24835
24836
7248
24843
24844
33037
33038
33039
10430
24848
24849
24853
24854
7250
10432
33044
33045
33046
7251
10434
24858
24859
24863
24864
10438
24868
24869
24870
10440
33051
33052
33053
7255
24875
24876
7256
10442
24880
24881
24882
10431
24887
24888
24889
10434
24896
24897
7075
7260
10435
24901
24902
24903
7076
28639
33057
33058
33061
33062
24910
24911
24912
7091
10449
33058
33059
33060
7076
24901
24903
24905
24916
24918
24920
24922
28642
7263
10451
28643
33064
33066
33068
33070
7264
24917
24918
24919
7092
7265
10453
33065
33066
33067
7083
24923
24924
24927
24928
28646
28688
28689
28692
10457
33072
33073
33074
7087
24924
24925
24926
7083
10459
28649
33078
33080
33082
33084
7088
7270
24930
24932
24934
24936
28650
33086
33088
33090
7123
7271
10461
33079
33080
33081
7090
7272
24931
24932
24933
10438
24938
24939
24943
24944
10441
33086
33087
33088
7277
10442
24948
24949
7278
24953
24954
24957
24958
7094
7282
24960
24961
10450
24964
24965
24966
10453
24975
24976
24977
7098
7284
10454
24982
24983
24984
7099
24996
24997
25000
25001
28660
28693
28694
28697
28698
7102
24997
24998
24999
28663
33093
33094
33095
7104
7287
25007
25009
25011
25013
28664
33092
33094
33096
33098
7106
7288
25008
25009
25010
7105
25021
25022
25025
25026
28667
25015
25016
25017
7109
25022
25023
25024
7105
25028
25030
25032
25034
28670
7111
7292
25035
25037
25039
25041
28671
7293
25029
25030
25031
7113
7294
25036
25037
25038
7112
25049
25050
25053
25054
28674
25043
25044
25045
7116
25050
25051
25052
7112
25056
25058
25060
25062
28677
7117
7299
25063
25065
25067
25069
28678
7300
25057
25058
25059
7119
7301
25064
25065
25066
28681
33100
33101
33102
25071
25072
25073
25083
25085
25087
25089
28684
33106
33108
33110
33112
7121
7306
28685
33107
33108
33109
7307
25084
25085
25086
10457
25097
25098
25099
10460
25110
25111
25112
7123
7311
10461
25117
25118
25119
25131
25132
25133
7126
7132
25138
7128
7135
25139
25141
25142
7138
25146
25147
25148
7141
25153
25154
7142
25158
25159
25160
7133
7147
25169
25170
25171
7136
7151
25180
25181
25182
25187
25188
25189
33114
33115
33116
7137
7139
25186
25188
25190
25192
28707
33113
33115
33117
33119
7141
25200
25201
25202
28710
33121
33122
33123
7143
25199
25202
25204
25205
28711
33120
33123
33125
33126
7140
7142
25147
25148
25151
28700
28701
28704
28705
7140
7143
28700
28702
28704
28706
7144
10487
34254
33128
33129
33130
7144
25158
25160
25162
33127
33129
33131
33133
7144
33127
33130
33132
33133
34257
10489
34258
7148
7156
25211
25212
25213
7152
7160
25222
25223
25224
7149
7151
10491
10492
10495
10496
25170
25171
25174
7149
7152
10491
10493
10495
10497
25211
25213
25215
7153
28708
28714
25229
25230
25231
7153
25180
25182
25184
25228
25230
25232
25234
28710
7153
25222
25223
25225
25228
25231
25233
25234
28717
28712
28718
7157
7163
25237
25238
25239
7161
7166
25244
25245
25246
7158
7160
10498
10499
10502
10503
25212
25213
25216
33135
33136
33137
7162
10507
28715
33134
33136
33138
33140
25250
25251
25252
7162
25222
25224
25226
25249
25251
25253
25255
28717
10510
33142
33143
33144
10511
28719
33141
33144
33146
33147
25257
25258
25259
25264
25265
7171
10508
33149
33150
33151
10510
25271
25272
25273
7174
7315
25278
25279
7175
7316
10512
33156
33157
33158
7172
7178
25282
25283
7176
7180
7317
25285
25286
7173
7175
10514
10515
10518
10519
33150
33151
33154
25289
25290
25291
7177
7182
25288
25290
25292
25294
28722
25296
25297
25298
7177
7318
25295
25297
25299
25301
28724
33156
33158
33160
7185
7319
25303
25304
25305
7186
7320
25302
25305
25307
25308
28726
25309
25310
7183
7189
25312
25313
25314
7185
7321
25317
25318
7187
7191
7322
25320
25321
25322
7184
7186
28728
28729
28732
28733
33163
33164
33165
7188
7193
33162
33164
33166
33168
34262
33170
33171
33172
7188
7323
33169
33171
33173
33175
34264
7196
7324
33177
33178
33179
7197
7325
33176
33179
33181
33182
34266
25326
25327
25328
7194
7200
25333
25334
25335
7196
7326
25340
25341
25342
7198
7202
7327
25347
25348
25349
7195
7197
7195
7198
25333
25335
25337
7199
7204
7197
7198
25340
25342
25344
33177
33179
33181
7199
7328
7199
7207
7329
25347
25348
25350
7208
7330
25354
25355
25356
7205
7212
25360
25361
7207
7333
25364
25365
25366
7209
7213
7334
25370
25371
7206
7208
33184
33185
33186
7210
7214
33183
33185
33187
33189
34269
7208
25364
25366
25368
33190
33192
33194
33196
7210
7337
34271
7217
7338
33191
33192
33193
7218
7339
33190
33193
33195
33196
34273
10522
25374
25375
25376
25380
25381
7217
7344
25385
25386
7216
7218
10523
10524
10527
10528
25391
25392
25393
7220
7225
25390
25392
25394
25396
28736
25398
25399
25400
7220
7346
25397
25399
25401
25403
28738
7227
7347
25405
25406
25407
7228
7348
25404
25407
25409
25410
28740
10522
33198
33199
33200
25411
25413
25415
25417
28744
7224
7230
25412
25413
25414
25418
25419
7228
10535
10536
10539
10540
25425
25426
25429
25430
7232
10543
25426
25427
25428
25433
25434
25435
7353
10545
25432
25434
25436
25438
25443
25445
25447
25449
7233
7354
10547
25444
25445
25446
25451
25452
25453
28751
33205
33206
33207
25464
25465
25466
7237
7358
25473
25474
25475
7236
7238
10544
25482
25483
25484
7240
7250
25481
25483
25485
25487
28756
33226
33228
33230
7238
10547
25473
25475
25477
25488
25490
25492
25494
7240
7360
10548
28758
7252
7361
25489
25490
25491
7253
7362
25488
25491
25493
25494
28760
33233
33234
33236
7245
10552
10553
10556
28751
33211
33212
33215
33216
7246
28777
28779
28781
33211
33213
33215
33217
34277
7248
7255
33212
33213
33214
7245
7246
28754
34279
25503
25504
33218
33220
33222
33224
7257
33218
33221
33223
33224
33240
33241
33243
34281
7249
7258
33219
33220
33221
25498
25499
25507
25508
33226
33227
33228
10563
25512
25513
25517
25518
7367
10565
33233
33234
33235
7368
10567
25522
25523
25527
25528
10571
25532
25533
25534
10573
33240
33241
33242
25539
25540
10575
25544
25545
25546
10564
25551
25552
25553
10567
25560
25561
7266
7372
10568
25565
25566
25567
7267
28764
33246
33247
33250
33251
25574
25575
25576
7282
10582
33247
33248
33249
7267
25565
25567
25569
25580
25582
25584
25586
28767
7375
10584
28768
33253
33255
33257
33259
7376
25581
25582
25583
7283
7377
10586
33254
33255
33256
7274
25587
25588
25591
25592
28771
28813
28814
28817
10590
33261
33262
33263
7278
25588
25589
25590
7274
10592
28774
33267
33269
33271
33273
7279
25594
25596
25598
25600
28775
33275
33277
33279
7314
10594
33268
33269
33270
7281
25595
25596
25597
10571
25602
25603
25607
25608
10574
33275
33276
33277
10575
25612
25613
25617
25618
25621
25622
7285
7382
25624
25625
10583
25628
25629
25630
10586
25639
25640
25641
7289
7384
10587
25646
25647
25648
7290
25660
25661
25664
25665
28785
28818
28819
28822
28823
7293
25661
25662
25663
28788
33282
33283
33284
7295
7386
25671
25673
25675
25677
28789
33281
33283
33285
33287
7297
7387
25672
25673
25674
7296
25685
25686
25689
25690
28792
25679
25680
25681
7300
25686
25687
25688
7296
25692
25694
25696
25698
28795
7302
25699
25701
25703
25705
28796
25693
25694
25695
7304
25700
25701
25702
7303
25713
25714
25717
25718
28799
25707
25708
25709
7307
25714
25715
25716
7303
25720
25722
25724
25726
28802
7308
25727
25729
25731
25733
28803
25721
25722
25723
7310
25728
25729
25730
28806
33289
33290
33291
25735
25736
25737
25747
25749
25751
25753
28809
33295
33297
33299
33301
7312
28810
33296
33297
33298
25748
25749
25750
10590
25761
25762
25763
10593
25774
25775
25776
7314
10594
25781
25782
25783
25795
25796
25797
25807
25808
7318
10616
33303
33304
33305
7319
7321
25811
25812
7320
10618
10619
10622
10623
33304
33305
33308
25815
25816
25817
7323
25814
25816
25818
25820
28826
25821
25822
7324
7326
25824
25825
25826
7325
28828
28829
28832
28833
33310
33311
33312
7328
33309
33311
33313
33315
34283
25830
25831
25832
7329
7333
25837
25838
25839
7330
7331
7330
25837
25839
25841
7332
7337
7332
7341
25844
25845
25846
7338
7344
25850
25851
7340
25854
25855
25856
7342
7345
25860
25861
7339
7341
33317
33318
33319
7343
7346
33316
33318
33320
33322
34286
7341
25854
25856
25858
33323
33325
33327
33329
7343
34288
7349
33324
33325
33326
7350
33323
33326
33328
33329
34290
25863
25864
7349
25868
25869
7348
7350
10625
10626
10629
10630
25874
25875
25876
7352
7353
25873
25875
25877
25879
28836
25881
25882
25883
7352
25880
25882
25884
25886
28838
7355
25888
25889
25890
7356
25887
25890
25892
25893
28840
7356
10632
10633
10636
10637
25898
25899
25902
25903
7358
10640
25899
25900
25901
25906
25907
25908
10642
25905
25907
25909
25911
25916
25918
25920
25922
7359
10644
25917
25918
25919
25924
25925
25926
7363
25933
25934
25935
7362
7364
10641
25942
25943
25944
7366
7367
25941
25943
25945
25947
28843
33331
33333
33335
7364
10644
25933
25935
25937
25948
25950
25952
25954
7366
10645
28845
7369
25949
25950
25951
7370
25948
25951
25953
25954
28847
33338
33339
33341
33331
33332
33333
10652
25956
25957
25961
25962
10654
33338
33339
33340
10656
25966
25967
10653
25971
25972
25973
10656
25980
25981
7378
10657
25985
25986
25987
7379
28851
33344
33345
33348
33349
25994
25995
25996
7382
10664
33345
33346
33347
7379
25985
25987
25989
26000
26002
26004
26006
28854
10666
28855
33351
33353
33355
33357
26001
26002
26003
7383
10667
33352
33353
33354
26007
26008
7385
26010
26011
10665
26014
26015
26016
10667
26025
26026
26027
26035
26036
26039
26040
28857
28858
28861
28862
26036
26037
26038
7392
7393
7394
7392
7393
7395
7392
7394
10759
7393
7394
10760
10761
7397
28885
7397
7399
7505
28886
7400
28887
7400
7401
7431
7400
7432
10773
7433
7452
7404
7494
7404
7406
7495
7509
7407
7496
7407
7409
28906
7407
10783
28907
28908
7411
7412
7413
7411
28920
7411
7412
7415
7512
28921
7417
28922
7419
7513
7417
7418
7419
7417
7418
28865
7417
7419
10792
7418
7419
10793
28867
28869
10794
7422
7423
7424
28864
7422
7423
10811
28867
28869
7430
10812
28870
7428
7429
7430
7428
7429
7428
7430
10815
7429
7430
10816
10817
7433
7436
7452
28879
7433
7437
10675
28886
7434
28880
28887
7436
7437
28881
28888
7436
7437
7456
10676
7457
28883
10677
28891
7440
7444
7445
7440
7443
7452
28879
7441
7447
7454
7443
7444
7448
7455
7443
7444
28882
7457
28883
7451
7447
7451
7447
7450
7459
7467
7448
7461
7450
7451
7462
7450
7451
7470
7464
7471
7454
7457
7454
7458
7460
10689
7455
7461
7457
7458
7462
7457
7458
10690
7465
10691
7461
7464
7480
7461
7465
10696
7462
7464
7465
7464
7465
7484
10697
7485
10698
7468
7472
7473
7468
7471
7480
7469
7475
7482
7471
7472
7476
7483
7471
7472
7485
7479
7475
7479
7475
7478
7487
28893
7476
7489
7478
7479
7490
7478
7479
28896
7492
28897
7482
7485
7482
7486
7488
10717
7483
7489
7485
7486
7490
7485
7486
10718
7493
10719
7489
7492
7494
7489
7493
10724
7490
7492
7493
7492
7493
7498
10725
7499
10726
7496
7499
28893
7496
7500
10745
28907
7497
28894
28908
7499
7500
28895
28909
7499
7500
10746
28897
10747
28912
7502
7503
7504
10759
10763
10764
28928
28931
28932
7504
7517
7518
10767
10768
10770
28935
28936
28938
7507
10773
28927
7507
10763
10776
28931
10775
10778
28933
10693
10774
10782
7511
10745
10783
7511
10749
10786
10751
10785
10788
7513
7516
10792
28955
7514
10794
7516
10795
10799
7516
10784
10800
28959
10797
10802
28961
7518
7519
7520
10918
10920
10922
28977
28979
28981
7520
7533
7534
10925
10926
10928
28984
28985
28987
7523
10777
10931
28978
7523
10920
10934
28979
10933
10936
28982
10850
10932
10940
7527
10787
10905
10941
7527
10906
10944
10909
10943
10946
7531
7532
10950
10957
7531
7532
10801
10951
29006
7532
10942
10958
29007
10803
10954
10955
10960
29010
7534
7535
7536
11076
11078
11080
29026
29028
29030
7536
7549
7550
11083
11084
11086
29033
29034
29036
7539
10935
11089
29027
7539
11078
11092
29028
11091
11094
29031
11008
11090
11098
7543
10945
11063
11099
7543
11064
11102
11067
11101
11104
7547
7548
11108
11115
7547
7548
10959
11109
29055
7548
11100
11116
29056
10961
11112
11113
11118
29059
7550
7551
7552
11234
11236
11238
29075
29077
29079
7552
7565
7566
11241
11242
11244
29082
29083
29085
7555
11093
11247
29076
7555
11236
11250
29077
11249
11252
29080
11166
11248
11256
7559
11103
11221
11257
7559
11222
11260
11225
11259
11262
7563
7564
11266
11273
7563
7564
11117
11267
29104
7564
11258
11274
29105
11119
11270
11271
11276
29108
7566
7567
7568
11392
11394
11396
29124
29126
29128
7568
7581
7582
11399
11400
11402
29131
29132
29134
7571
11251
11405
29125
7571
11394
11408
29126
11407
11410
29129
11324
11406
11414
7575
11261
11379
11415
7575
11380
11418
11383
11417
11420
7579
7580
11424
11431
7579
7580
11275
11425
29153
7580
11416
11432
29154
11277
11428
11429
11434
29157
7582
7583
7584
11550
11552
11554
29173
29175
29177
7584
11557
11558
11560
29180
29181
29183
7587
11409
11563
29174
7587
11552
11566
29175
11565
11568
29178
11482
11564
11572
7591
11419
11537
11573
7591
11538
11576
11541
11575
11578
7595
7596
11582
11589
7595
7596
11433
11583
29202
7596
11574
11590
29203
11435
11586
11587
11592
29206
11635
11703
11706
7600
11577
11690
11707
7600
11691
11710
11694
11709
11712
7604
7605
11716
11723
7604
7605
11591
11717
29237
7605
11708
11724
29238
11593
11720
11721
11726
29241
7608
11711
11769
11781
7608
11770
11784
11773
11783
11786
7612
7613
11790
11797
7612
7613
11725
11791
29265
7613
11782
11798
29266
11727
11794
11795
11800
29269
7616
11785
11811
11816
7616
11812
11815
11818
7621
7622
7623
11821
11826
7621
7622
11819
7621
7623
11822
7622
7623
11827
11824
11820
11830
11825
11831
7628
26398
26399
26402
33358
33361
33363
33364
33871
7629
26391
26432
26434
26436
33359
33362
33363
33364
33358
33359
33360
7628
7629
26393
33874
7698
29299
29301
29303
33366
33368
33370
33371
33875
7699
26395
29334
29335
29337
33367
33369
33370
33371
7700
33365
33366
33367
7633
7635
7633
7636
7646
7648
7650
29306
29308
29310
7637
11905
11907
11909
26404
7635
7636
7637
7710
26406
7637
7711
11916
11917
11919
29313
29314
29316
7712
11923
11924
11926
26408
7640
7642
7640
7643
7653
7655
7657
26426
7644
12038
12040
12042
29320
29322
29324
7642
7643
26428
7644
7717
7644
7718
12051
12052
12054
26430
7719
12058
12059
12061
29327
29328
29330
7649
7650
7651
11904
11915
7649
7650
11905
7649
7651
7650
7651
11899
11916
11908
11909
11919
11920
7656
7657
7658
12037
12044
12050
7656
7657
12038
7656
7658
12045
29349
7657
7658
12051
29350
12041
12046
12042
12054
12047
12055
29353
7662
12070
29321
7663
12039
7662
7663
12040
12072
29322
12071
12075
29325
12043
12076
7665
7666
7667
7761
12114
12116
12118
7667
7668
7762
7669
7763
12121
12122
12124
7669
7670
7671
7775
12138
12140
12142
7671
7776
7777
12145
12146
12148
29376
29377
29379
7673
7675
26447
7677
7675
7676
26450
7677
7808
26451
7677
7809
12207
12208
12210
7810
12185
12216
12239
7683
7684
7685
12274
12279
7683
7684
11828
12272
29384
7683
7685
11829
12275
7684
7685
12280
29385
11832
12277
12273
12283
29388
12278
12284
7689
7690
12298
29410
7689
7690
12260
29411
7690
12261
12299
29414
12264
12301
29415
7693
7695
26468
33372
33373
33374
7697
12333
12335
12337
26474
33373
33376
33377
33378
7695
26471
29418
29420
29422
33380
33382
33384
33385
7697
7828
26472
26476
7829
33379
33380
33381
7830
12347
12348
12350
26478
33381
33383
33384
33385
7702
26489
26490
26493
33386
33389
33391
33392
33885
7703
26482
26523
26525
26527
33387
33390
33391
33392
33386
33387
33388
7702
7703
26484
33888
7835
29425
29427
29429
33394
33396
33398
33399
33889
7836
26486
29460
29461
29463
33395
33397
33398
33399
7837
33393
33394
33395
7708
7709
12332
12341
7708
7709
12333
33373
7709
12342
33374
12336
12337
12344
33376
7712
7714
7712
7715
7725
7727
7729
29432
29434
29436
7716
12410
12412
12414
26495
7714
7715
7716
7847
26497
7716
7848
12421
12422
12424
29439
29440
29442
7849
12428
12429
12431
26499
7719
7721
7719
7722
7732
7734
7736
26517
7723
12543
12545
12547
29446
29448
29450
7721
7722
26519
7723
7854
7723
7855
12556
12557
12559
26521
7856
12563
12564
12566
29453
29454
29456
7728
7729
7730
12409
12420
7728
7729
11917
12410
7728
7730
11918
7729
7730
12404
12421
11921
12413
12414
12424
12425
7735
7736
7737
12542
12549
12555
7735
7736
12052
12543
7735
7737
12053
12550
29475
7736
7737
12556
29476
12056
12546
12551
12547
12559
12552
12560
29479
7741
12073
12575
29447
7742
12074
12544
7741
7742
12545
12577
29448
12576
12580
29451
12548
12581
7744
7745
12606
12608
12610
7746
7903
26536
29488
29490
29492
7746
7904
7905
7748
7749
12684
12686
12688
29516
29518
29520
7750
7943
7750
7944
26552
29523
29524
29526
7945
26553
7753
12087
12725
12737
7753
12726
12740
12729
12739
12742
7758
7759
7760
12754
12761
7758
7759
12094
7758
7760
12095
12755
7759
7760
12738
12762
12098
12758
12765
12759
12766
7763
7765
7770
7771
7774
7763
7766
7767
7775
12797
12799
12801
7765
7766
7767
7967
12804
12806
12808
7767
7778
7968
7779
7969
12811
12812
12814
7772
7773
7774
12796
12803
7772
7773
12115
12756
7772
7774
12116
12797
7773
7774
12757
12804
12119
12800
12760
12807
12801
12808
7777
7779
7784
7785
7788
7777
7780
7781
12838
12840
12842
29579
29581
29583
7779
7780
7781
7981
12845
12847
12849
7781
7982
7983
12852
12853
12855
29586
29587
29589
7786
7787
7788
12837
12844
7786
7787
12139
12798
7786
7788
12140
12838
7787
7788
12799
12845
12143
12841
12802
12848
12842
12849
7793
7794
7795
12868
12875
7793
7794
12158
29566
7793
7795
12159
12858
12869
7794
7795
12859
12876
29567
12162
12872
12879
29570
12860
12873
12880
7799
12188
12839
7800
12189
12903
29580
7799
7800
12840
12906
29581
12843
12909
12905
12910
29584
7805
7806
7807
12914
12925
7805
7806
12197
12870
7805
7807
12198
7806
7807
12871
12926
12201
12916
12874
12929
12930
7810
7812
26565
7810
7813
12919
12921
12923
7814
7812
7813
26568
7814
8014
26569
7814
8015
12937
12938
12940
8016
12904
12946
12969
7820
7821
7822
13004
13009
7820
7821
12281
13002
29594
7820
7822
12282
13005
7821
7822
13010
29595
12285
13007
13003
13013
29598
13008
13014
7826
7827
13028
29620
7826
7827
12300
12990
29621
7827
12991
13029
12302
29624
12994
13031
29625
7830
7832
26586
33400
33401
33402
7834
13063
13065
13067
26592
33401
33404
33405
33406
7832
26589
29628
29630
29632
33408
33410
33412
33413
7834
8034
26590
26594
8035
33407
33408
33409
8036
13077
13078
13080
26596
33409
33411
33412
33413
7839
26607
26608
26611
33414
33417
33419
33420
33913
7840
26600
26641
26643
26645
33415
33418
33419
33420
33414
33415
33416
7839
7840
26602
33916
8041
29635
29637
29639
33422
33424
33426
33427
33917
8042
26604
29670
29671
29673
33423
33425
33426
33427
8043
33421
33422
33423
7845
7846
13062
13071
7845
7846
12343
13063
33401
7846
13072
33402
12345
13066
13067
13074
33404
7849
7851
7849
7852
7862
7864
7866
29642
29644
29646
7853
13140
13142
13144
26613
7851
7852
7853
8053
26615
7853
8054
13151
13152
13154
29649
29650
29652
8055
13158
13159
13161
26617
7856
7858
7856
7859
7869
7871
7873
26635
7860
13273
13275
13277
29656
29658
29660
7858
7859
26637
7860
8060
7860
8061
13286
13287
13289
26639
8062
13293
13294
13296
29663
29664
29666
7865
7866
7867
13139
13150
7865
7866
12422
13140
7865
7867
12423
7866
7867
13134
13151
12426
13143
13144
13154
13155
7872
7873
7874
13272
13279
13285
7872
7873
12557
13273
7872
7874
12558
13280
29685
7873
7874
13286
29686
12561
13276
13281
13277
13289
13282
13290
29689
7878
12578
13305
29657
7879
12579
13274
7878
7879
13275
13307
29658
13306
13310
29661
13278
13311
7882
7883
13340
13344
13351
7882
7883
12598
13345
12600
13342
13348
13349
13353
7887
7888
7889
13366
13373
29711
7887
7888
12613
13367
7887
7889
12614
13341
29712
12617
13370
29715
13371
13376
13343
13377
29716
7894
7895
7896
13386
7894
7895
7894
7896
13368
7895
7896
13369
13387
13390
13372
13391
7900
7901
7902
13456
13463
29732
7900
7901
12637
13457
7900
7902
12638
13434
29733
12641
13460
29736
13461
13466
13435
13467
29737
7905
7907
29699
29700
29703
7905
7908
7909
26662
7907
7908
13360
13362
13364
7909
8115
26664
29705
29707
29709
7909
8116
8117
26666
7911
7912
26672
29726
29728
29730
7913
7914
8122
13409
13411
13413
7913
8123
26674
7916
8124
7915
7916
13418
13420
13422
7917
8129
13425
13427
13429
13484
13486
13488
7917
8130
8131
7919
13478
13498
13482
13502
13510
7924
7925
7926
13545
7924
7925
12662
13436
7924
7926
12663
13523
7925
7926
13546
12666
13437
13549
13524
13550
7930
7931
13557
29767
7930
7931
29755
29768
7931
13558
29756
29771
13560
29759
29772
7936
7937
7938
13581
29781
7936
7937
12676
13525
7936
7938
12677
13567
29782
7937
7938
13582
12680
29785
13526
13585
13568
13586
29786
7940
13590
13603
13594
13607
13610
7942
13618
13625
13630
12682
13622
13628
7945
7947
7945
7948
29796
29798
29800
7949
26717
7947
7948
13633
13635
13637
29789
29791
29793
7949
8168
7949
8169
26720
29803
29804
29806
8170
26721
7954
7955
7956
13672
13679
7954
7955
12711
13626
7954
7956
12712
13673
7955
7956
13627
13680
12715
13676
13629
13683
13677
13684
7959
12741
13695
13707
7959
13696
13710
13699
13709
13712
7964
7965
7966
13732
13739
7964
7965
12763
7964
7966
12764
13733
7965
7966
13708
13740
12767
13736
13743
13737
13744
7969
7971
7976
7977
7980
7969
7972
7973
7981
13782
13784
13786
7971
7972
7973
8192
13789
13791
13793
7973
7984
8193
7985
8194
13796
13797
13799
7978
7979
7980
13781
13788
7978
7979
12805
13734
7978
7980
12806
13782
7979
7980
13735
13789
12809
13785
13738
13792
13786
13793
7983
7985
7990
7991
7994
7983
7986
7987
13823
13825
13827
29866
29868
29870
7985
7986
7987
8206
13830
13832
13834
7987
8207
8208
13837
13838
13840
29873
29874
29876
7992
7993
7994
13822
13829
7992
7993
12846
13783
7992
7994
12847
13823
7993
7994
13784
13830
12850
13826
13787
13833
13827
13834
7999
8000
8001
13853
13860
7999
8000
12877
29853
7999
8001
12878
13843
13854
8000
8001
13844
13861
29854
12881
13857
13864
29857
13845
13858
13865
8005
12907
13824
8006
12908
13888
29867
8005
8006
13825
13891
29868
13828
13894
13890
13895
29871
8011
8012
8013
13899
13910
8011
8012
12927
13855
8011
8013
12928
8012
8013
13856
13911
12931
13901
13859
13914
13915
8016
8018
26740
8016
8019
13904
13906
13908
8020
8018
8019
26743
8020
8239
26744
8020
8240
13922
13923
13925
8241
13889
13931
13954
8026
8027
8028
13989
13994
8026
8027
13011
13987
29881
8026
8028
13012
13990
8027
8028
13995
29882
13015
13992
13988
13998
29885
13993
13999
8032
8033
14013
29907
8032
8033
13030
13975
29908
8033
13976
14014
13032
29911
13979
14016
29912
8036
8038
26761
33428
33429
33430
8040
14048
14050
14052
26767
33429
33432
33433
33434
8038
26764
29915
29917
29919
33436
33438
33440
33441
8040
8259
26765
26769
8260
33435
33436
33437
8261
14062
14063
14065
26771
33437
33439
33440
33441
8045
26782
26783
26786
33442
33445
33447
33448
33941
8046
26775
26816
26818
26820
33443
33446
33447
33448
33442
33443
33444
8045
8046
26777
33944
8266
29922
29924
29926
33450
33452
33454
33455
33945
8267
26779
29957
29958
29960
33451
33453
33454
33455
8268
33449
33450
33451
8051
8052
14047
14056
8051
8052
13073
14048
33429
8052
14057
33430
13075
14051
14052
14059
33432
8055
8057
8055
8058
8068
8070
8072
29929
29931
29933
8059
14125
14127
14129
26788
8057
8058
8059
8278
26790
8059
8279
14136
14137
14139
29936
29937
29939
8280
14143
14144
14146
26792
8062
8064
8062
8065
8075
8077
8079
26810
8066
14258
14260
14262
29943
29945
29947
8064
8065
26812
8066
8285
8066
8286
14271
14272
14274
26814
8287
14278
14279
14281
29950
29951
29953
8071
8072
8073
14124
14135
8071
8072
13152
14125
8071
8073
13153
8072
8073
14119
14136
13156
14128
14129
14139
14140
8078
8079
8080
14257
14264
14270
8078
8079
13287
14258
8078
8080
13288
14265
29972
8079
8080
14271
29973
13291
14261
14266
14262
14274
14267
14275
29976
8084
13308
14290
29944
8085
13309
14259
8084
8085
14260
14292
29945
14291
14295
29948
14263
14296
8088
8089
14325
14329
14336
8088
8089
13352
14330
13354
14327
14333
14334
14338
8093
8094
8095
14351
14358
29998
8093
8094
13374
14352
8093
8095
13375
14326
29999
13378
14355
30002
14356
14361
14328
14362
30003
8100
8101
8102
14371
14378
8100
8101
13388
14372
8100
8102
13389
14353
8101
8102
14354
14379
13392
14375
14376
14382
14357
14383
8105
8106
14392
14403
30012
8105
8106
13401
14373
30013
13403
14394
30016
14377
14405
30017
8108
13415
14393
14419
14395
14423
14433
8112
8113
8114
14476
14483
30026
8112
8113
13464
14477
8112
8114
13465
14454
30027
13468
14480
30030
14481
14486
14455
14487
30031
8117
8119
29986
29987
29990
8117
8120
8121
26837
8119
8120
14345
14347
14349
8121
8340
26839
29992
29994
29996
8121
8341
8342
26841
8124
8126
14398
14399
14402
8124
8127
26845
8128
8130
8126
8127
26847
30020
30022
30024
8128
8132
8347
14412
14414
14416
8128
8348
26849
8134
8349
8131
8133
8138
8139
8142
14427
14428
14431
8131
8134
8135
8133
8134
14435
14437
14439
8135
8354
14442
14444
14446
14504
14506
14508
8135
8355
8356
8140
8141
8142
14496
14503
8140
8141
13485
14448
14497
8140
8142
13486
8141
8142
14449
14504
13489
14500
14450
14501
14507
14508
8144
13509
14498
14518
14502
14522
14530
8149
8150
8151
14565
8149
8150
13547
14456
8149
8151
13548
14543
8150
8151
14566
13551
14457
14569
14544
14570
8155
8156
14577
30061
8155
8156
13559
30049
30062
8156
14578
30050
13561
30065
14580
30053
30066
8161
8162
8163
14601
30075
8161
8162
13583
14545
8161
8163
13584
14587
30076
8162
8163
14602
13587
30079
14546
14605
14588
14606
30080
8165
13609
14610
14623
14614
14627
14630
8167
14638
14645
14650
13631
14642
14648
8170
8172
8170
8173
30090
30092
30094
8174
26892
8172
8173
14653
14655
14657
30083
30085
30087
8174
8393
8174
8394
26895
30097
30098
30100
8395
26896
8179
8180
8181
14692
14699
8179
8180
13681
14646
8179
8181
13682
14693
8180
8181
14647
14700
13685
14696
14649
14703
14697
14704
8184
13711
14715
14727
8184
14716
14730
14719
14729
14732
8189
8190
8191
14752
14759
8189
8190
13741
8189
8191
13742
14753
8190
8191
14728
14760
13745
14756
14763
14757
14764
8194
8196
8201
8202
8205
8194
8197
8198
8206
14802
14804
14806
8196
8197
8198
8417
14809
14811
14813
8198
8209
8418
8210
8419
14816
14817
14819
8203
8204
8205
14801
14808
8203
8204
13790
14754
8203
8205
13791
14802
8204
8205
14755
14809
13794
14805
14758
14812
14806
14813
8208
8210
8215
8216
8219
8208
8211
8212
14843
14845
14847
30160
30162
30164
8210
8211
8212
8431
14850
14852
14854
8212
8432
8433
14857
14858
14860
30167
30168
30170
8217
8218
8219
14842
14849
8217
8218
13831
14803
8217
8219
13832
14843
8218
8219
14804
14850
13835
14846
14807
14853
14847
14854
8224
8225
8226
14873
14880
8224
8225
13862
30147
8224
8226
13863
14863
14874
8225
8226
14864
14881
30148
13866
14877
14884
30151
14865
14878
14885
8230
13892
14844
8231
13893
14908
30161
8230
8231
14845
14911
30162
14848
14914
14910
14915
30165
8236
8237
8238
14919
14930
8236
8237
13912
14875
8236
8238
13913
8237
8238
14876
14931
13916
14921
14879
14934
14935
8241
8243
26915
8241
8244
14924
14926
14928
8245
8243
8244
26918
8245
8464
26919
8245
8465
14942
14943
14945
8466
14909
14951
14974
8251
8252
8253
15009
15014
8251
8252
13996
15007
30175
8251
8253
13997
15010
8252
8253
15015
30176
14000
15012
15008
15018
30179
15013
15019
8257
8258
15033
30201
8257
8258
14015
14995
30202
8258
14996
15034
14017
30205
14999
15036
30206
8261
8263
26936
33456
33457
33458
8265
15068
15070
15072
26942
33457
33460
33461
33462
8263
26939
30209
30211
30213
33464
33466
33468
33469
8265
8484
26940
26944
8485
33463
33464
33465
8486
15082
15083
15085
26946
33465
33467
33468
33469
8270
26957
26958
26961
33470
33473
33475
33476
33969
8271
26950
26991
26993
26995
33471
33474
33475
33476
33470
33471
33472
8270
8271
26952
33972
8491
30216
30218
30220
33478
33480
33482
33483
33973
8492
26954
30251
30252
30254
33479
33481
33482
33483
8493
33477
33478
33479
8276
8277
15067
15076
8276
8277
14058
15068
33457
8277
15077
33458
14060
15071
15072
15079
33460
8280
8282
8280
8283
8293
8295
8297
30223
30225
30227
8284
15145
15147
15149
26963
8282
8283
8284
8503
26965
8284
8504
15156
15157
15159
30230
30231
30233
8505
15163
15164
15166
26967
8287
8289
8287
8290
8300
8302
8304
26985
8291
15278
15280
15282
30237
30239
30241
8289
8290
26987
8291
8510
8291
8511
15291
15292
15294
26989
8512
15298
15299
15301
30244
30245
30247
8296
8297
8298
15144
15155
8296
8297
14137
15145
8296
8298
14138
8297
8298
15139
15156
14141
15148
15149
15159
15160
8303
8304
8305
15277
15284
15290
8303
8304
14272
15278
8303
8305
14273
15285
30266
8304
8305
15291
30267
14276
15281
15286
15282
15294
15287
15295
30270
8309
14293
15310
30238
8310
14294
15279
8309
8310
15280
15312
30239
15311
15315
30242
15283
15316
8313
8314
15345
15349
15356
8313
8314
14337
15350
14339
15347
15353
15354
15358
8318
8319
8320
15371
15378
30292
8318
8319
14359
15372
8318
8320
14360
15346
30293
14363
15375
30296
15376
15381
15348
15382
30297
8325
8326
8327
15391
15398
8325
8326
14380
15392
8325
8327
14381
15373
8326
8327
15374
15399
14384
15395
15396
15402
15377
15403
8330
8331
15412
15423
30306
8330
8331
14404
15393
30307
14406
15414
30310
15397
15425
30311
8333
14432
15413
15439
15415
15443
15453
8337
8338
8339
15496
15503
30320
8337
8338
14484
15497
8337
8339
14485
15474
30321
14488
15500
30324
15501
15506
15475
15507
30325
8342
8344
30280
30281
30284
8342
8345
8346
27012
8344
8345
15365
15367
15369
8346
8565
27014
30286
30288
30290
8346
8566
8567
27016
8349
8351
15418
15419
15422
8349
8352
27020
8353
8355
8351
8352
27022
30314
30316
30318
8353
8357
8572
15432
15434
15436
8353
8573
27024
8359
8574
8356
8358
8363
8364
8367
15447
15448
15451
8356
8359
8360
8358
8359
15455
15457
15459
8360
8579
15462
15464
15466
15524
15526
15528
8360
8580
8581
8365
8366
8367
15516
15523
8365
8366
14505
15468
15517
8365
8367
14506
8366
8367
15469
15524
14509
15520
15470
15521
15527
15528
8369
14529
15518
15538
15522
15542
15550
8374
8375
8376
15585
8374
8375
14567
15476
8374
8376
14568
15563
8375
8376
15586
14571
15477
15589
15564
15590
8380
8381
15597
30355
8380
8381
14579
30343
30356
8381
15598
30344
14581
30359
15600
30347
30360
8386
8387
8388
15621
30369
8386
8387
14603
15565
8386
8388
14604
15607
30370
8387
8388
15622
14607
30373
15566
15625
15608
15626
30374
8390
14629
15630
15643
15634
15647
15650
8392
15658
15665
15670
14651
15662
15668
8395
8397
8395
8398
30384
30386
30388
8399
27067
8397
8398
15673
15675
15677
30377
30379
30381
8399
8618
8399
8619
27070
30391
30392
30394
8620
27071
8404
8405
8406
15712
15719
8404
8405
14701
15666
8404
8406
14702
15713
8405
8406
15667
15720
14705
15716
15669
15723
15717
15724
8409
14731
15735
15747
8409
15736
15750
15739
15749
15752
8414
8415
8416
15772
15779
8414
8415
14761
8414
8416
14762
15773
8415
8416
15748
15780
14765
15776
15783
15777
15784
8419
8421
8426
8427
8430
8419
8422
8423
8431
15822
15824
15826
8421
8422
8423
8642
15829
15831
15833
8423
8434
8643
8435
8644
15836
15837
15839
8428
8429
8430
15821
15828
8428
8429
14810
15774
8428
8430
14811
15822
8429
8430
15775
15829
14814
15825
15778
15832
15826
15833
8433
8435
8440
8441
8444
8433
8436
8437
15863
15865
15867
30454
30456
30458
8435
8436
8437
8656
15870
15872
15874
8437
8657
8658
15877
15878
15880
30461
30462
30464
8442
8443
8444
15862
15869
8442
8443
14851
15823
8442
8444
14852
15863
8443
8444
15824
15870
14855
15866
15827
15873
15867
15874
8449
8450
8451
15893
15900
8449
8450
14882
30441
8449
8451
14883
15883
15894
8450
8451
15884
15901
30442
14886
15897
15904
30445
15885
15898
15905
8455
14912
15864
8456
14913
15928
30455
8455
8456
15865
15931
30456
15868
15934
15930
15935
30459
8461
8462
8463
15939
15950
8461
8462
14932
15895
8461
8463
14933
8462
8463
15896
15951
14936
15941
15899
15954
15955
8466
8468
27090
8466
8469
15944
15946
15948
8470
8468
8469
27093
8470
8689
27094
8470
8690
15962
15963
15965
8691
15929
15971
15994
8476
8477
8478
16029
16034
8476
8477
15016
16027
30469
8476
8478
15017
16030
8477
8478
16035
30470
15020
16032
16028
16038
30473
16033
16039
8482
8483
16053
30495
8482
8483
15035
16015
30496
8483
16016
16054
15037
30499
16019
16056
30500
8486
8488
27111
33484
33485
33486
8490
16088
16090
16092
27117
33485
33488
33489
33490
8488
27114
30503
30505
30507
33492
33494
33496
33497
8490
8709
27115
27119
8710
33491
33492
33493
8711
16102
16103
16105
27121
33493
33495
33496
33497
8495
27132
27133
27136
33498
33501
33503
33504
33997
8496
27125
27166
27168
27170
33499
33502
33503
33504
33498
33499
33500
8495
8496
27127
34000
8716
30510
30512
30514
33506
33508
33510
33511
34001
8717
27129
30545
30546
30548
33507
33509
33510
33511
8718
33505
33506
33507
8501
8502
16087
16096
8501
8502
15078
16088
33485
8502
16097
33486
15080
16091
16092
16099
33488
8505
8507
8505
8508
8518
8520
8522
30517
30519
30521
8509
16165
16167
16169
27138
8507
8508
8509
8728
27140
8509
8729
16176
16177
16179
30524
30525
30527
8730
16183
16184
16186
27142
8512
8514
8512
8515
8525
8527
8529
27160
8516
16298
16300
16302
30531
30533
30535
8514
8515
27162
8516
8735
8516
8736
16311
16312
16314
27164
8737
16318
16319
16321
30538
30539
30541
8521
8522
8523
16164
16175
8521
8522
15157
16165
8521
8523
15158
8522
8523
16159
16176
15161
16168
16169
16179
16180
8528
8529
8530
16297
16304
16310
8528
8529
15292
16298
8528
8530
15293
16305
30560
8529
8530
16311
30561
15296
16301
16306
16302
16314
16307
16315
30564
8534
15313
16330
30532
8535
15314
16299
8534
8535
16300
16332
30533
16331
16335
30536
16303
16336
8538
8539
16365
16369
16376
8538
8539
15357
16370
15359
16367
16373
16374
16378
8543
8544
8545
16391
16398
30586
8543
8544
15379
16392
8543
8545
15380
16366
30587
15383
16395
30590
16396
16401
16368
16402
30591
8550
8551
8552
16411
16418
8550
8551
15400
16412
8550
8552
15401
16393
8551
8552
16394
16419
15404
16415
16416
16422
16397
16423
8555
8556
16432
16443
30600
8555
8556
15424
16413
30601
15426
16434
30604
16417
16445
30605
8558
15452
16433
16459
16435
16463
16473
8562
8563
8564
16516
16523
30614
8562
8563
15504
16517
8562
8564
15505
16494
30615
15508
16520
30618
16521
16526
16495
16527
30619
8567
8569
30574
30575
30578
8567
8570
8571
27187
8569
8570
16385
16387
16389
8571
8790
27189
30580
30582
30584
8571
8791
8792
27191
8574
8576
16438
16439
16442
8574
8577
27195
8578
8580
8576
8577
27197
30608
30610
30612
8578
8582
8797
16452
16454
16456
8578
8798
27199
8584
8799
8581
8583
8588
8589
8592
16467
16468
16471
8581
8584
8585
8583
8584
16475
16477
16479
8585
8804
16482
16484
16486
16544
16546
16548
8585
8805
8806
8590
8591
8592
16536
16543
8590
8591
15525
16488
16537
8590
8592
15526
8591
8592
16489
16544
15529
16540
16490
16541
16547
16548
8594
15549
16538
16558
16542
16562
16570
8599
8600
8601
16605
8599
8600
15587
16496
8599
8601
15588
16583
8600
8601
16606
15591
16497
16609
16584
16610
8605
8606
16617
30649
8605
8606
15599
30637
30650
8606
16618
30638
15601
30653
16620
30641
30654
8611
8612
8613
16641
30663
8611
8612
15623
16585
8611
8613
15624
16627
30664
8612
8613
16642
15627
30667
16586
16645
16628
16646
30668
8615
15649
16650
16663
16654
16667
16670
8617
16678
16685
16690
15671
16682
16688
8620
8622
8620
8623
30678
30680
30682
8624
27242
8622
8623
16693
16695
16697
30671
30673
30675
8624
8843
8624
8844
27245
30685
30686
30688
8845
27246
8629
8630
8631
16732
16739
8629
8630
15721
16686
8629
8631
15722
16733
8630
8631
16687
16740
15725
16736
16689
16743
16737
16744
8634
15751
16755
16767
8634
16756
16770
16759
16769
16772
8639
8640
8641
16792
16799
8639
8640
15781
8639
8641
15782
16793
8640
8641
16768
16800
15785
16796
16803
16797
16804
8644
8646
8651
8652
8655
8644
8647
8648
8656
16842
16844
16846
8646
8647
8648
8867
16849
16851
16853
8648
8659
8868
8660
8869
16856
16857
16859
8653
8654
8655
16841
16848
8653
8654
15830
16794
8653
8655
15831
16842
8654
8655
16795
16849
15834
16845
16798
16852
16846
16853
8658
8660
8665
8666
8669
8658
8661
8662
16883
16885
16887
30748
30750
30752
8660
8661
8662
8881
16890
16892
16894
8662
8882
8883
16897
16898
16900
30755
30756
30758
8667
8668
8669
16882
16889
8667
8668
15871
16843
8667
8669
15872
16883
8668
8669
16844
16890
15875
16886
16847
16893
16887
16894
8674
8675
8676
16913
16920
8674
8675
15902
30735
8674
8676
15903
16903
16914
8675
8676
16904
16921
30736
15906
16917
16924
30739
16905
16918
16925
8680
15932
16884
8681
15933
16948
30749
8680
8681
16885
16951
30750
16888
16954
16950
16955
30753
8686
8687
8688
16959
16970
8686
8687
15952
16915
8686
8688
15953
8687
8688
16916
16971
15956
16961
16919
16974
16975
8691
8693
27265
8691
8694
16964
16966
16968
8695
8693
8694
27268
8695
8914
27269
8695
8915
16982
16983
16985
8916
16949
16991
17014
8701
8702
8703
17049
17054
8701
8702
16036
17047
30763
8701
8703
16037
17050
8702
8703
17055
30764
16040
17052
17048
17058
30767
17053
17059
8707
8708
17073
30789
8707
8708
16055
17035
30790
8708
17036
17074
16057
30793
17039
17076
30794
8711
8713
27286
33512
33513
33514
8715
17108
17110
17112
27292
33513
33516
33517
33518
8713
27289
30797
30799
30801
33520
33522
33524
33525
8715
8934
27290
27294
8935
33519
33520
33521
8936
17122
17123
17125
27296
33521
33523
33524
33525
8720
27307
27308
27311
33526
33529
33531
33532
34025
8721
27300
27341
27343
27345
33527
33530
33531
33532
33526
33527
33528
8720
8721
27302
34028
8941
30804
30806
30808
33534
33536
33538
33539
34029
8942
27304
30839
30840
30842
33535
33537
33538
33539
8943
33533
33534
33535
8726
8727
17107
17116
8726
8727
16098
17108
33513
8727
17117
33514
16100
17111
17112
17119
33516
8730
8732
8730
8733
8743
8745
8747
30811
30813
30815
8734
17185
17187
17189
27313
8732
8733
8734
8953
27315
8734
8954
17196
17197
17199
30818
30819
30821
8955
17203
17204
17206
27317
8737
8739
8737
8740
8750
8752
8754
27335
8741
17318
17320
17322
30825
30827
30829
8739
8740
27337
8741
8960
8741
8961
17331
17332
17334
27339
8962
17338
17339
17341
30832
30833
30835
8746
8747
8748
17184
17195
8746
8747
16177
17185
8746
8748
16178
8747
8748
17179
17196
16181
17188
17189
17199
17200
8753
8754
8755
17317
17324
17330
8753
8754
16312
17318
8753
8755
16313
17325
30854
8754
8755
17331
30855
16316
17321
17326
17322
17334
17327
17335
30858
8759
16333
17350
30826
8760
16334
17319
8759
8760
17320
17352
30827
17351
17355
30830
17323
17356
8763
8764
17385
17389
17396
8763
8764
16377
17390
16379
17387
17393
17394
17398
8768
8769
8770
17411
17418
30880
8768
8769
16399
17412
8768
8770
16400
17386
30881
16403
17415
30884
17416
17421
17388
17422
30885
8775
8776
8777
17431
17438
8775
8776
16420
17432
8775
8777
16421
17413
8776
8777
17414
17439
16424
17435
17436
17442
17417
17443
8780
8781
17452
17463
30894
8780
8781
16444
17433
30895
16446
17454
30898
17437
17465
30899
8783
16472
17453
17479
17455
17483
17493
8787
8788
8789
17536
17543
30908
8787
8788
16524
17537
8787
8789
16525
17514
30909
16528
17540
30912
17541
17546
17515
17547
30913
8792
8794
30868
30869
30872
8792
8795
8796
27362
8794
8795
17405
17407
17409
8796
9015
27364
30874
30876
30878
8796
9016
9017
27366
8799
8801
17458
17459
17462
8799
8802
27370
8803
8805
8801
8802
27372
30902
30904
30906
8803
8807
9022
17472
17474
17476
8803
9023
27374
8809
9024
8806
8808
8813
8814
8817
17487
17488
17491
8806
8809
8810
8808
8809
17495
17497
17499
8810
9029
17502
17504
17506
17564
17566
17568
8810
9030
9031
8815
8816
8817
17556
17563
8815
8816
16545
17508
17557
8815
8817
16546
8816
8817
17509
17564
16549
17560
17510
17561
17567
17568
8819
16569
17558
17578
17562
17582
17590
8824
8825
8826
17625
8824
8825
16607
17516
8824
8826
16608
17603
8825
8826
17626
16611
17517
17629
17604
17630
8830
8831
17637
30943
8830
8831
16619
30931
30944
8831
17638
30932
16621
30947
17640
30935
30948
8836
8837
8838
17661
30957
8836
8837
16643
17605
8836
8838
16644
17647
30958
8837
8838
17662
16647
30961
17606
17665
17648
17666
30962
8840
16669
17670
17683
17674
17687
17690
8842
17698
17705
17710
16691
17702
17708
8845
8847
8845
8848
30972
30974
30976
8849
27417
8847
8848
17713
17715
17717
30965
30967
30969
8849
9068
8849
9069
27420
30979
30980
30982
9070
27421
8854
8855
8856
17752
17759
8854
8855
16741
17706
8854
8856
16742
17753
8855
8856
17707
17760
16745
17756
17709
17763
17757
17764
8859
16771
17775
17787
8859
17776
17790
17779
17789
17792
8864
8865
8866
17812
17819
8864
8865
16801
8864
8866
16802
17813
8865
8866
17788
17820
16805
17816
17823
17817
17824
8869
8871
8876
8877
8880
8869
8872
8873
8881
17862
17864
17866
8871
8872
8873
9092
17869
17871
17873
8873
8884
9093
8885
9094
17876
17877
17879
8878
8879
8880
17861
17868
8878
8879
16850
17814
8878
8880
16851
17862
8879
8880
17815
17869
16854
17865
17818
17872
17866
17873
8883
8885
8890
8891
8894
8883
8886
8887
17903
17905
17907
31042
31044
31046
8885
8886
8887
9106
17910
17912
17914
8887
9107
9108
17917
17918
17920
31049
31050
31052
8892
8893
8894
17902
17909
8892
8893
16891
17863
8892
8894
16892
17903
8893
8894
17864
17910
16895
17906
17867
17913
17907
17914
8899
8900
8901
17933
17940
8899
8900
16922
31029
8899
8901
16923
17923
17934
8900
8901
17924
17941
31030
16926
17937
17944
31033
17925
17938
17945
8905
16952
17904
8906
16953
17968
31043
8905
8906
17905
17971
31044
17908
17974
17970
17975
31047
8911
8912
8913
17979
17990
8911
8912
16972
17935
8911
8913
16973
8912
8913
17936
17991
16976
17981
17939
17994
17995
8916
8918
27440
8916
8919
17984
17986
17988
8920
8918
8919
27443
8920
9139
27444
8920
9140
18002
18003
18005
9141
17969
18011
18034
8926
8927
8928
18069
18074
8926
8927
17056
18067
31057
8926
8928
17057
18070
8927
8928
18075
31058
17060
18072
18068
18078
31061
18073
18079
8932
8933
18093
31083
8932
8933
17075
18055
31084
8933
18056
18094
17077
31087
18059
18096
31088
8936
8938
27461
33540
33541
33542
8940
18128
18130
18132
27467
33541
33544
33545
33546
8938
27464
31091
31093
31095
33548
33550
33552
33553
8940
9159
27465
27469
9160
33547
33548
33549
9161
18142
18143
18145
27471
33549
33551
33552
33553
8945
27482
27483
27486
33554
33557
33559
33560
34053
8946
27475
27516
27518
27520
33555
33558
33559
33560
33554
33555
33556
8945
8946
27477
34056
9166
31098
31100
31102
33562
33564
33566
33567
34057
9167
27479
31133
31134
31136
33563
33565
33566
33567
9168
33561
33562
33563
8951
8952
18127
18136
8951
8952
17118
18128
33541
8952
18137
33542
17120
18131
18132
18139
33544
8955
8957
8955
8958
8968
8970
8972
31105
31107
31109
8959
18205
18207
18209
27488
8957
8958
8959
9178
27490
8959
9179
18216
18217
18219
31112
31113
31115
9180
18223
18224
18226
27492
8962
8964
8962
8965
8975
8977
8979
27510
8966
18338
18340
18342
31119
31121
31123
8964
8965
27512
8966
9185
8966
9186
18351
18352
18354
27514
9187
18358
18359
18361
31126
31127
31129
8971
8972
8973
18204
18215
8971
8972
17197
18205
8971
8973
17198
8972
8973
18199
18216
17201
18208
18209
18219
18220
8978
8979
8980
18337
18344
18350
8978
8979
17332
18338
8978
8980
17333
18345
31148
8979
8980
18351
31149
17336
18341
18346
18342
18354
18347
18355
31152
8984
17353
18370
31120
8985
17354
18339
8984
8985
18340
18372
31121
18371
18375
31124
18343
18376
8988
8989
18405
18409
18416
8988
8989
17397
18410
17399
18407
18413
18414
18418
8993
8994
8995
18431
18438
31174
8993
8994
17419
18432
8993
8995
17420
18406
31175
17423
18435
31178
18436
18441
18408
18442
31179
9000
9001
9002
18451
18458
9000
9001
17440
18452
9000
9002
17441
18433
9001
9002
18434
18459
17444
18455
18456
18462
18437
18463
9005
9006
18472
18483
31188
9005
9006
17464
18453
31189
17466
18474
31192
18457
18485
31193
9008
17492
18473
18499
18475
18503
18513
9012
9013
9014
18556
18563
31202
9012
9013
17544
18557
9012
9014
17545
18534
31203
17548
18560
31206
18561
18566
18535
18567
31207
9017
9019
31162
31163
31166
9017
9020
9021
27537
9019
9020
18425
18427
18429
9021
9240
27539
31168
31170
31172
9021
9241
9242
27541
9024
9026
18478
18479
18482
9024
9027
27545
9028
9030
9026
9027
27547
31196
31198
31200
9028
9032
9247
18492
18494
18496
9028
9248
27549
9034
9249
9031
9033
9038
9039
9042
18507
18508
18511
9031
9034
9035
9033
9034
18515
18517
18519
9035
9254
18522
18524
18526
18584
18586
18588
9035
9255
9256
9040
9041
9042
18576
18583
9040
9041
17565
18528
18577
9040
9042
17566
9041
9042
18529
18584
17569
18580
18530
18581
18587
18588
9044
17589
18578
18598
18582
18602
18610
9049
9050
9051
18645
9049
9050
17627
18536
9049
9051
17628
18623
9050
9051
18646
17631
18537
18649
18624
18650
9055
9056
18657
31237
9055
9056
17639
31225
31238
9056
18658
31226
17641
31241
18660
31229
31242
9061
9062
9063
18681
31251
9061
9062
17663
18625
9061
9063
17664
18667
31252
9062
9063
18682
17667
31255
18626
18685
18668
18686
31256
9065
17689
18690
18703
18694
18707
18710
9067
18718
18725
18730
17711
18722
18728
9070
9072
9070
9073
31266
31268
31270
9074
27592
9072
9073
18733
18735
18737
31259
31261
31263
9074
9293
9074
9294
27595
31273
31274
31276
9295
27596
9079
9080
9081
18772
18779
9079
9080
17761
18726
9079
9081
17762
18773
9080
9081
18727
18780
17765
18776
18729
18783
18777
18784
9084
17791
18795
18807
9084
18796
18810
18799
18809
18812
9089
9090
9091
18832
18839
9089
9090
17821
9089
9091
17822
18833
9090
9091
18808
18840
17825
18836
18843
18837
18844
9094
9096
9101
9102
9105
9094
9097
9098
9106
18882
18884
18886
9096
9097
9098
9317
18889
18891
18893
9098
9109
9318
9110
9319
18896
18897
18899
9103
9104
9105
18881
18888
9103
9104
17870
18834
9103
9105
17871
18882
9104
9105
18835
18889
17874
18885
18838
18892
18886
18893
9108
9110
9115
9116
9119
9108
9111
9112
18923
18925
18927
31336
31338
31340
9110
9111
9112
9331
18930
18932
18934
9112
9332
9333
18937
18938
18940
31343
31344
31346
9117
9118
9119
18922
18929
9117
9118
17911
18883
9117
9119
17912
18923
9118
9119
18884
18930
17915
18926
18887
18933
18927
18934
9124
9125
9126
18953
18960
9124
9125
17942
31323
9124
9126
17943
18943
18954
9125
9126
18944
18961
31324
17946
18957
18964
31327
18945
18958
18965
9130
17972
18924
9131
17973
18988
31337
9130
9131
18925
18991
31338
18928
18994
18990
18995
31341
9136
9137
9138
18999
19010
9136
9137
17992
18955
9136
9138
17993
9137
9138
18956
19011
17996
19001
18959
19014
19015
9141
9143
27615
9141
9144
19004
19006
19008
9145
9143
9144
27618
9145
9364
27619
9145
9365
19022
19023
19025
9366
18989
19031
19054
9151
9152
9153
19089
19094
9151
9152
18076
19087
31351
9151
9153
18077
19090
9152
9153
19095
31352
18080
19092
19088
19098
31355
19093
19099
9157
9158
19113
31377
9157
9158
18095
19075
31378
9158
19076
19114
18097
31381
19079
19116
31382
9161
9163
27636
33568
33569
33570
9165
19148
19150
19152
27642
33569
33572
33573
33574
9163
27639
31385
31387
31389
33576
33578
33580
33581
9165
9384
27640
27644
9385
33575
33576
33577
9386
19162
19163
19165
27646
33577
33579
33580
33581
9170
27657
27658
27661
33582
33585
33587
33588
34081
9171
27650
27691
27693
27695
33583
33586
33587
33588
33582
33583
33584
9170
9171
27652
34084
9391
31392
31394
31396
33590
33592
33594
33595
34085
9392
27654
31427
31428
31430
33591
33593
33594
33595
9393
33589
33590
33591
9176
9177
19147
19156
9176
9177
18138
19148
33569
9177
19157
33570
18140
19151
19152
19159
33572
9180
9182
9180
9183
9193
9195
9197
31399
31401
31403
9184
19225
19227
19229
27663
9182
9183
9184
9403
27665
9184
9404
19236
19237
19239
31406
31407
31409
9405
19243
19244
19246
27667
9187
9189
9187
9190
9200
9202
9204
27685
9191
19358
19360
19362
31413
31415
31417
9189
9190
27687
9191
9410
9191
9411
19371
19372
19374
27689
9412
19378
19379
19381
31420
31421
31423
9196
9197
9198
19224
19235
9196
9197
18217
19225
9196
9198
18218
9197
9198
19219
19236
18221
19228
19229
19239
19240
9203
9204
9205
19357
19364
19370
9203
9204
18352
19358
9203
9205
18353
19365
31442
9204
9205
19371
31443
18356
19361
19366
19362
19374
19367
19375
31446
9209
18373
19390
31414
9210
18374
19359
9209
9210
19360
19392
31415
19391
19395
31418
19363
19396
9213
9214
19425
19429
19436
9213
9214
18417
19430
18419
19427
19433
19434
19438
9218
9219
9220
19451
19458
31468
9218
9219
18439
19452
9218
9220
18440
19426
31469
18443
19455
31472
19456
19461
19428
19462
31473
9225
9226
9227
19471
19478
9225
9226
18460
19472
9225
9227
18461
19453
9226
9227
19454
19479
18464
19475
19476
19482
19457
19483
9230
9231
19492
19503
31482
9230
9231
18484
19473
31483
18486
19494
31486
19477
19505
31487
9233
18512
19493
19519
19495
19523
19533
9237
9238
9239
19576
19583
31496
9237
9238
18564
19577
9237
9239
18565
19554
31497
18568
19580
31500
19581
19586
19555
19587
31501
9242
9244
31456
31457
31460
9242
9245
9246
27712
9244
9245
19445
19447
19449
9246
9465
27714
31462
31464
31466
9246
9466
9467
27716
9249
9251
19498
19499
19502
9249
9252
27720
9253
9255
9251
9252
27722
31490
31492
31494
9253
9257
9472
19512
19514
19516
9253
9473
27724
9259
9474
9256
9258
9263
9264
9267
19527
19528
19531
9256
9259
9260
9258
9259
19535
19537
19539
9260
9479
19542
19544
19546
19604
19606
19608
9260
9480
9481
9265
9266
9267
19596
19603
9265
9266
18585
19548
19597
9265
9267
18586
9266
9267
19549
19604
18589
19600
19550
19601
19607
19608
9269
18609
19598
19618
19602
19622
19630
9274
9275
9276
19665
9274
9275
18647
19556
9274
9276
18648
19643
9275
9276
19666
18651
19557
19669
19644
19670
9280
9281
19677
31531
9280
9281
18659
31519
31532
9281
19678
31520
18661
31535
19680
31523
31536
9286
9287
9288
19701
31545
9286
9287
18683
19645
9286
9288
18684
19687
31546
9287
9288
19702
18687
31549
19646
19705
19688
19706
31550
9290
18709
19710
19723
19714
19727
19730
9292
19738
19745
19750
18731
19742
19748
9295
9297
9295
9298
31560
31562
31564
9299
27767
9297
9298
19753
19755
19757
31553
31555
31557
9299
9518
9299
9519
27770
31567
31568
31570
9520
27771
9304
9305
9306
19792
19799
9304
9305
18781
19746
9304
9306
18782
19793
9305
9306
19747
19800
18785
19796
19749
19803
19797
19804
9309
18811
19815
19827
9309
19816
19830
19819
19829
19832
9314
9315
9316
19852
19859
9314
9315
18841
9314
9316
18842
19853
9315
9316
19828
19860
18845
19856
19863
19857
19864
9319
9321
9326
9327
9330
9319
9322
9323
9331
19902
19904
19906
9321
9322
9323
9542
19909
19911
19913
9323
9334
9543
9335
9544
19916
19917
19919
9328
9329
9330
19901
19908
9328
9329
18890
19854
9328
9330
18891
19902
9329
9330
19855
19909
18894
19905
19858
19912
19906
19913
9333
9335
9340
9341
9344
9333
9336
9337
19943
19945
19947
31630
31632
31634
9335
9336
9337
9556
19950
19952
19954
9337
9557
9558
19957
19958
19960
31637
31638
31640
9342
9343
9344
19942
19949
9342
9343
18931
19903
9342
9344
18932
19943
9343
9344
19904
19950
18935
19946
19907
19953
19947
19954
9349
9350
9351
19973
19980
9349
9350
18962
31617
9349
9351
18963
19963
19974
9350
9351
19964
19981
31618
18966
19977
19984
31621
19965
19978
19985
9355
18992
19944
9356
18993
20008
31631
9355
9356
19945
20011
31632
19948
20014
20010
20015
31635
9361
9362
9363
20019
20030
9361
9362
19012
19975
9361
9363
19013
9362
9363
19976
20031
19016
20021
19979
20034
20035
9366
9368
27790
9366
9369
20024
20026
20028
9370
9368
9369
27793
9370
9589
27794
9370
9590
20042
20043
20045
9591
20009
20051
20074
9376
9377
9378
20109
20114
9376
9377
19096
20107
31645
9376
9378
19097
20110
9377
9378
20115
31646
19100
20112
20108
20118
31649
20113
20119
9382
9383
20133
31671
9382
9383
19115
20095
31672
9383
20096
20134
19117
31675
20099
20136
31676
9386
9388
27811
33596
33597
33598
9390
20168
20170
20172
27817
33597
33600
33601
33602
9388
27814
31679
31681
31683
33604
33606
33608
33609
9390
9609
27815
27819
9610
33603
33604
33605
9611
20182
20183
20185
27821
33605
33607
33608
33609
9395
27832
27833
27836
33610
33613
33615
33616
34109
9396
27825
27866
27868
27870
33611
33614
33615
33616
33610
33611
33612
9395
9396
27827
34112
9616
31686
31688
31690
33618
33620
33622
33623
34113
9617
27829
31721
31722
31724
33619
33621
33622
33623
9618
33617
33618
33619
9401
9402
20167
20176
9401
9402
19158
20168
33597
9402
20177
33598
19160
20171
20172
20179
33600
9405
9407
9405
9408
9418
9420
9422
31693
31695
31697
9409
20245
20247
20249
27838
9407
9408
9409
9628
27840
9409
9629
20256
20257
20259
31700
31701
31703
9630
20263
20264
20266
27842
9412
9414
9412
9415
9425
9427
9429
27860
9416
20378
20380
20382
31707
31709
31711
9414
9415
27862
9416
9635
9416
9636
20391
20392
20394
27864
9637
20398
20399
20401
31714
31715
31717
9421
9422
9423
20244
20255
9421
9422
19237
20245
9421
9423
19238
9422
9423
20239
20256
19241
20248
20249
20259
20260
9428
9429
9430
20377
20384
20390
9428
9429
19372
20378
9428
9430
19373
20385
31736
9429
9430
20391
31737
19376
20381
20386
20382
20394
20387
20395
31740
9434
19393
20410
31708
9435
19394
20379
9434
9435
20380
20412
31709
20411
20415
31712
20383
20416
9438
9439
20445
20449
20456
9438
9439
19437
20450
19439
20447
20453
20454
20458
9443
9444
9445
20471
20478
31762
9443
9444
19459
20472
9443
9445
19460
20446
31763
19463
20475
31766
20476
20481
20448
20482
31767
9450
9451
9452
20491
20498
9450
9451
19480
20492
9450
9452
19481
20473
9451
9452
20474
20499
19484
20495
20496
20502
20477
20503
9455
9456
20512
20523
31776
9455
9456
19504
20493
31777
19506
20514
31780
20497
20525
31781
9458
19532
20513
20539
20515
20543
20553
9462
9463
9464
20596
20603
31790
9462
9463
19584
20597
9462
9464
19585
20574
31791
19588
20600
31794
20601
20606
20575
20607
31795
9467
9469
31750
31751
31754
9467
9470
9471
27887
9469
9470
20465
20467
20469
9471
9690
27889
31756
31758
31760
9471
9691
9692
27891
9474
9476
20518
20519
20522
9474
9477
27895
9478
9480
9476
9477
27897
31784
31786
31788
9478
9482
9697
20532
20534
20536
9478
9698
27899
9484
9699
9481
9483
9488
9489
9492
20547
20548
20551
9481
9484
9485
9483
9484
20555
20557
20559
9485
9704
20562
20564
20566
20624
20626
20628
9485
9705
9706
9490
9491
9492
20616
20623
9490
9491
19605
20568
20617
9490
9492
19606
9491
9492
20569
20624
19609
20620
20570
20621
20627
20628
9494
19629
20618
20638
20622
20642
20650
9499
9500
9501
20685
9499
9500
19667
20576
9499
9501
19668
20663
9500
9501
20686
19671
20577
20689
20664
20690
9505
9506
20697
31825
9505
9506
19679
31813
31826
9506
20698
31814
19681
31829
20700
31817
31830
9511
9512
9513
20721
31839
9511
9512
19703
20665
9511
9513
19704
20707
31840
9512
9513
20722
19707
31843
20666
20725
20708
20726
31844
9515
19729
20730
20743
20734
20747
20750
9517
20758
20765
20770
19751
20762
20768
9520
9522
9520
9523
31854
31856
31858
9524
27942
9522
9523
20773
20775
20777
31847
31849
31851
9524
9743
9524
9744
27945
31861
31862
31864
9745
27946
9529
9530
9531
20812
20819
9529
9530
19801
20766
9529
9531
19802
20813
9530
9531
20767
20820
19805
20816
20769
20823
20817
20824
9534
19831
20835
20847
9534
20836
20850
20839
20849
20852
9539
9540
9541
20872
20879
9539
9540
19861
9539
9541
19862
20873
9540
9541
20848
20880
19865
20876
20883
20877
20884
9544
9546
9551
9552
9555
9544
9547
9548
9556
20922
20924
20926
9546
9547
9548
9767
20929
20931
20933
9548
9559
9768
9560
9769
20936
20937
20939
9553
9554
9555
20921
20928
9553
9554
19910
20874
9553
9555
19911
20922
9554
9555
20875
20929
19914
20925
20878
20932
20926
20933
9558
9560
9565
9566
9569
9558
9561
9562
20963
20965
20967
31924
31926
31928
9560
9561
9562
9781
20970
20972
20974
9562
9782
9783
20977
20978
20980
31931
31932
31934
9567
9568
9569
20962
20969
9567
9568
19951
20923
9567
9569
19952
20963
9568
9569
20924
20970
19955
20966
20927
20973
20967
20974
9574
9575
9576
20993
21000
9574
9575
19982
31911
9574
9576
19983
20983
20994
9575
9576
20984
21001
31912
19986
20997
21004
31915
20985
20998
21005
9580
20012
20964
9581
20013
21028
31925
9580
9581
20965
21031
31926
20968
21034
21030
21035
31929
9586
9587
9588
21039
21050
9586
9587
20032
20995
9586
9588
20033
9587
9588
20996
21051
20036
21041
20999
21054
21055
9591
9593
27965
9591
9594
21044
21046
21048
9595
9593
9594
27968
9595
9814
27969
9595
9815
21062
21063
21065
9816
21029
21071
21094
9601
9602
9603
21129
21134
9601
9602
20116
21127
31939
9601
9603
20117
21130
9602
9603
21135
31940
20120
21132
21128
21138
31943
21133
21139
9607
9608
21153
31965
9607
9608
20135
21115
31966
9608
21116
21154
20137
31969
21119
21156
31970
9611
9613
27986
33624
33625
33626
9615
21188
21190
21192
27992
33625
33628
33629
33630
9613
27989
31973
31975
31977
33632
33634
33636
33637
9615
9834
27990
27994
9835
33631
33632
33633
9836
21202
21203
21205
27996
33633
33635
33636
33637
9620
28007
28008
28011
33638
33641
33643
33644
34137
9621
28000
28041
28043
28045
33639
33642
33643
33644
33638
33639
33640
9620
9621
28002
34140
9841
31980
31982
31984
33646
33648
33650
33651
34141
9842
28004
32015
32016
32018
33647
33649
33650
33651
9843
33645
33646
33647
9626
9627
21187
21196
9626
9627
20178
21188
33625
9627
21197
33626
20180
21191
21192
21199
33628
9630
9632
9630
9633
9643
9645
9647
31987
31989
31991
9634
21265
21267
21269
28013
9632
9633
9634
9853
28015
9634
9854
21276
21277
21279
31994
31995
31997
9855
21283
21284
21286
28017
9637
9639
9637
9640
9650
9652
9654
28035
9641
21398
21400
21402
32001
32003
32005
9639
9640
28037
9641
9860
9641
9861
21411
21412
21414
28039
9862
21418
21419
21421
32008
32009
32011
9646
9647
9648
21264
21275
9646
9647
20257
21265
9646
9648
20258
9647
9648
21259
21276
20261
21268
21269
21279
21280
9653
9654
9655
21397
21404
21410
9653
9654
20392
21398
9653
9655
20393
21405
32030
9654
9655
21411
32031
20396
21401
21406
21402
21414
21407
21415
32034
9659
20413
21430
32002
9660
20414
21399
9659
9660
21400
21432
32003
21431
21435
32006
21403
21436
9663
9664
21465
21469
21476
9663
9664
20457
21470
20459
21467
21473
21474
21478
9668
9669
9670
21491
21498
32056
9668
9669
20479
21492
9668
9670
20480
21466
32057
20483
21495
32060
21496
21501
21468
21502
32061
9675
9676
9677
21511
21518
9675
9676
20500
21512
9675
9677
20501
21493
9676
9677
21494
21519
20504
21515
21516
21522
21497
21523
9680
9681
21532
21543
32070
9680
9681
20524
21513
32071
20526
21534
32074
21517
21545
32075
9683
20552
21533
21559
21535
21563
21573
9687
9688
9689
21616
21623
32084
9687
9688
20604
21617
9687
9689
20605
21594
32085
20608
21620
32088
21621
21626
21595
21627
32089
9692
9694
32044
32045
32048
9692
9695
9696
28062
9694
9695
21485
21487
21489
9696
9915
28064
32050
32052
32054
9696
9916
9917
28066
9699
9701
21538
21539
21542
9699
9702
28070
9703
9705
9701
9702
28072
32078
32080
32082
9703
9707
9922
21552
21554
21556
9703
9923
28074
9709
9924
9706
9708
9713
9714
9717
21567
21568
21571
9706
9709
9710
9708
9709
21575
21577
21579
9710
9929
21582
21584
21586
21644
21646
21648
9710
9930
9931
9715
9716
9717
21636
21643
9715
9716
20625
21588
21637
9715
9717
20626
9716
9717
21589
21644
20629
21640
21590
21641
21647
21648
9719
20649
21638
21658
21642
21662
21670
9724
9725
9726
21705
9724
9725
20687
21596
9724
9726
20688
21683
9725
9726
21706
20691
21597
21709
21684
21710
9730
9731
21717
32119
9730
9731
20699
32107
32120
9731
21718
32108
20701
32123
21720
32111
32124
9736
9737
9738
21741
32133
9736
9737
20723
21685
9736
9738
20724
21727
32134
9737
9738
21742
20727
32137
21686
21745
21728
21746
32138
9740
20749
21750
21763
21754
21767
21770
9742
21778
21785
21790
20771
21782
21788
9745
9747
9745
9748
32148
32150
32152
9749
28117
9747
9748
21793
21795
21797
32141
32143
32145
9749
9968
9749
9969
28120
32155
32156
32158
9970
28121
9754
9755
9756
21832
21839
9754
9755
20821
21786
9754
9756
20822
21833
9755
9756
21787
21840
20825
21836
21789
21843
21837
21844
9759
20851
21855
21867
9759
21856
21870
21859
21869
21872
9764
9765
9766
21892
21899
9764
9765
20881
9764
9766
20882
21893
9765
9766
21868
21900
20885
21896
21903
21897
21904
9769
9771
9776
9777
9780
9769
9772
9773
9781
21942
21944
21946
9771
9772
9773
9992
21949
21951
21953
9773
9784
9993
9785
9994
21956
21957
21959
9778
9779
9780
21941
21948
9778
9779
20930
21894
9778
9780
20931
21942
9779
9780
21895
21949
20934
21945
21898
21952
21946
21953
9783
9785
9790
9791
9794
9783
9786
9787
21983
21985
21987
32218
32220
32222
9785
9786
9787
10006
21990
21992
21994
9787
10007
10008
21997
21998
22000
32225
32226
32228
9792
9793
9794
21982
21989
9792
9793
20971
21943
9792
9794
20972
21983
9793
9794
21944
21990
20975
21986
21947
21993
21987
21994
9799
9800
9801
22013
22020
9799
9800
21002
32205
9799
9801
21003
22003
22014
9800
9801
22004
22021
32206
21006
22017
22024
32209
22005
22018
22025
9805
21032
21984
9806
21033
22048
32219
9805
9806
21985
22051
32220
21988
22054
22050
22055
32223
9811
9812
9813
22059
22070
9811
9812
21052
22015
9811
9813
21053
9812
9813
22016
22071
21056
22061
22019
22074
22075
9816
9818
28140
9816
9819
22064
22066
22068
9820
9818
9819
28143
9820
10039
28144
9820
10040
22082
22083
22085
10041
22049
22091
22114
9826
9827
9828
22149
22154
9826
9827
21136
22147
32233
9826
9828
21137
22150
9827
9828
22155
32234
21140
22152
22148
22158
32237
22153
22159
9832
9833
22173
32259
9832
9833
21155
22135
32260
9833
22136
22174
21157
32263
22139
22176
32264
9836
9838
28161
33652
33653
33654
9840
22208
22210
22212
28167
33653
33656
33657
33658
9838
28164
32267
32269
32271
33660
33662
33664
33665
9840
10059
28165
28169
10060
33659
33660
33661
10061
22222
22223
22225
28171
33661
33663
33664
33665
9845
28182
28183
28186
33666
33669
33671
33672
34165
9846
28175
28216
28218
28220
33667
33670
33671
33672
33666
33667
33668
9845
9846
28177
34168
10066
32274
32276
32278
33674
33676
33678
33679
34169
10067
28179
32309
32310
32312
33675
33677
33678
33679
10068
33673
33674
33675
9851
9852
22207
22216
9851
9852
21198
22208
33653
9852
22217
33654
21200
22211
22212
22219
33656
9855
9857
9855
9858
9868
9870
9872
32281
32283
32285
9859
22285
22287
22289
28188
9857
9858
9859
10078
28190
9859
10079
22296
22297
22299
32288
32289
32291
10080
22303
22304
22306
28192
9862
9864
9862
9865
9875
9877
9879
28210
9866
22418
22420
22422
32295
32297
32299
9864
9865
28212
9866
10085
9866
10086
22431
22432
22434
28214
10087
22438
22439
22441
32302
32303
32305
9871
9872
9873
22284
22295
9871
9872
21277
22285
9871
9873
21278
9872
9873
22279
22296
21281
22288
22289
22299
22300
9878
9879
9880
22417
22424
22430
9878
9879
21412
22418
9878
9880
21413
22425
32324
9879
9880
22431
32325
21416
22421
22426
22422
22434
22427
22435
32328
9884
21433
22450
32296
9885
21434
22419
9884
9885
22420
22452
32297
22451
22455
32300
22423
22456
9888
9889
22485
22489
22496
9888
9889
21477
22490
21479
22487
22493
22494
22498
9893
9894
9895
22511
22518
32350
9893
9894
21499
22512
9893
9895
21500
22486
32351
21503
22515
32354
22516
22521
22488
22522
32355
9900
9901
9902
22531
22538
9900
9901
21520
22532
9900
9902
21521
22513
9901
9902
22514
22539
21524
22535
22536
22542
22517
22543
9905
9906
22552
22563
32364
9905
9906
21544
22533
32365
21546
22554
32368
22537
22565
32369
9908
21572
22553
22579
22555
22583
22593
9912
9913
9914
22636
22643
32378
9912
9913
21624
22637
9912
9914
21625
22614
32379
21628
22640
32382
22641
22646
22615
22647
32383
9917
9919
32338
32339
32342
9917
9920
9921
28237
9919
9920
22505
22507
22509
9921
10134
28239
32344
32346
32348
9921
10135
10136
28241
9924
9926
22558
22559
22562
9924
9927
28245
9928
9930
9926
9927
28247
32372
32374
32376
9928
9932
22572
22574
22576
9928
28249
9934
9931
9933
9938
9939
9942
22587
22588
22591
9931
9934
9935
9933
9934
22595
22597
22599
9935
22602
22604
22606
22664
22666
22668
9935
9940
9941
9942
22656
22663
9940
9941
21645
22608
22657
9940
9942
21646
9941
9942
22609
22664
21649
22660
22610
22661
22667
22668
9944
21669
22658
22678
22662
22682
22690
9949
9950
9951
22725
9949
9950
21707
22616
9949
9951
21708
22703
9950
9951
22726
21711
22617
22729
22704
22730
9955
9956
22737
32413
9955
9956
21719
32401
32414
9956
22738
32402
21721
32417
22740
32405
32418
9961
9962
9963
22761
32427
9961
9962
21743
22705
9961
9963
21744
22747
32428
9962
9963
22762
21747
32431
22706
22765
22748
22766
32432
9965
21769
22770
22783
22774
22787
22790
9967
22798
22805
22810
21791
22802
22808
9970
9972
9970
9973
32442
32444
32446
9974
28292
9972
9973
22813
22815
22817
32435
32437
32439
9974
10159
9974
10160
28295
32449
32450
32452
10161
28296
9979
9980
9981
22852
22859
9979
9980
21841
22806
9979
9981
21842
22853
9980
9981
22807
22860
21845
22856
22809
22863
22857
22864
9984
21871
22875
22887
9984
22876
22890
22879
22889
22892
9989
9990
9991
22912
22919
9989
9990
21901
9989
9991
21902
22913
9990
9991
22888
22920
21905
22916
22923
22917
22924
9994
9996
10001
10002
10005
9994
9997
9998
10006
22962
22964
22966
9996
9997
9998
10183
22969
22971
22973
9998
10009
10184
10010
10185
22976
22977
22979
10003
10004
10005
22961
22968
10003
10004
21950
22914
10003
10005
21951
22962
10004
10005
22915
22969
21954
22965
22918
22972
22966
22973
10008
10010
10015
10016
10019
10008
10011
10012
23003
23005
23007
32512
32514
32516
10010
10011
10012
10197
23010
23012
23014
10012
10198
10199
23017
23018
23020
32519
32520
32522
10017
10018
10019
23002
23009
10017
10018
21991
22963
10017
10019
21992
23003
10018
10019
22964
23010
21995
23006
22967
23013
23007
23014
10024
10025
10026
23033
23040
10024
10025
22022
32499
10024
10026
22023
23023
23034
10025
10026
23024
23041
32500
22026
23037
23044
32503
23025
23038
23045
10030
22052
23004
10031
22053
23068
32513
10030
10031
23005
23071
32514
23008
23074
23070
23075
32517
10036
10037
10038
23079
23090
10036
10037
22072
23035
10036
10038
22073
10037
10038
23036
23091
22076
23081
23039
23094
23095
10041
10043
28315
10041
10044
23084
23086
23088
10045
10043
10044
28318
10045
10230
28319
10045
10231
23102
23103
23105
10232
23069
23111
23134
10051
10052
10053
23169
23174
10051
10052
22156
23167
32527
10051
10053
22157
23170
10052
10053
23175
32528
22160
23172
23168
23178
32531
23173
23179
10057
10058
23193
32553
10057
10058
22175
23155
32554
10058
23156
23194
22177
32557
23159
23196
32558
10061
10063
28336
33680
33681
33682
10065
23228
23230
23232
28342
33681
33684
33685
33686
10063
28339
32561
32563
32565
33688
33690
33692
33693
10065
10250
28340
28344
10251
33687
33688
33689
10252
23242
23243
23245
28346
33689
33691
33692
33693
10070
28357
28358
28361
33694
33697
33699
33700
34193
10071
28350
28391
28393
28395
33695
33698
33699
33700
33694
33695
33696
10070
10071
28352
34196
10257
32568
32570
32572
33702
33704
33706
33707
34197
10258
28354
32603
32604
32606
33703
33705
33706
33707
10259
33701
33702
33703
10076
10077
23227
23236
10076
10077
22218
23228
33681
10077
23237
33682
22220
23231
23232
23239
33684
10080
10082
10080
10083
10093
10095
10097
32575
32577
32579
10084
23305
23307
23309
28363
10082
10083
10084
10269
28365
10084
10270
23316
23317
23319
32582
32583
32585
10271
23323
23324
23326
28367
10087
10089
10087
10090
10100
10102
10104
28385
10091
23438
23440
23442
32589
32591
32593
10089
10090
28387
10091
10276
10091
10277
23451
23452
23454
28389
10278
23458
23459
23461
32596
32597
32599
10096
10097
10098
23304
23315
10096
10097
22297
23305
10096
10098
22298
10097
10098
23299
23316
22301
23308
23309
23319
23320
10103
10104
10105
23437
23444
23450
10103
10104
22432
23438
10103
10105
22433
23445
32618
10104
10105
23451
32619
22436
23441
23446
23442
23454
23447
23455
32622
10109
22453
23470
32590
10110
22454
23439
10109
10110
23440
23472
32591
23471
23475
32594
23443
23476
10113
10114
23505
23509
23516
10113
10114
22497
23510
22499
23507
23513
23514
23518
10118
10119
10120
23531
23538
32644
10118
10119
22519
23532
10118
10120
22520
23506
32645
22523
23535
32648
23536
23541
23508
23542
32649
10125
10126
10127
23551
23558
10125
10126
22540
23552
10125
10127
22541
23533
10126
10127
23534
23559
22544
23555
23556
23562
23537
23563
10131
10132
10133
23587
23594
32658
10131
10132
22644
23588
10131
10133
22645
23565
32659
22648
23591
32662
23592
23597
23566
23598
32663
10136
10138
32632
32633
32636
10136
10139
10140
28412
10138
10139
23525
23527
23529
10140
10318
28414
32638
32640
32642
10140
10319
10320
28416
10145
10146
10147
23629
10145
10146
22727
23567
10145
10147
22728
23607
10146
10147
23630
22731
23568
23633
23608
23634
10152
10153
10154
23650
32679
10152
10153
22763
23609
10152
10154
22764
23636
32680
10153
10154
23651
22767
32683
23610
23654
23637
23655
32684
10156
22789
23658
23666
23660
23670
23673
10158
23681
23688
23693
22811
23685
23691
10161
10163
10161
10164
32694
32696
32698
10165
28457
10163
10164
23696
23698
23700
32687
32689
32691
10165
10341
10165
10342
28460
32701
32702
32704
10343
28461
10170
10171
10172
23735
23742
10170
10171
22861
23689
10170
10172
22862
23736
10171
10172
23690
23743
22865
23739
23692
23746
23740
23747
10175
22891
23758
23770
10175
23759
23773
23762
23772
23775
10180
10181
10182
23795
23802
10180
10181
22921
10180
10182
22922
23796
10181
10182
23771
23803
22925
23799
23806
23800
23807
10185
10187
10192
10193
10196
10185
10188
10189
10197
23845
23847
23849
10187
10188
10189
10362
23852
23854
23856
10189
10200
10363
10201
10364
23859
23860
23862
10194
10195
10196
23844
23851
10194
10195
22970
23797
10194
10196
22971
23845
10195
10196
23798
23852
22974
23848
23801
23855
23849
23856
10199
10201
10206
10207
10210
10199
10202
10203
23886
23888
23890
32764
32766
32768
10201
10202
10203
10376
23893
23895
23897
10203
10377
10378
23900
23901
23903
32771
32772
32774
10208
10209
10210
23885
23892
10208
10209
23011
23846
10208
10210
23012
23886
10209
10210
23847
23893
23015
23889
23850
23896
23890
23897
10215
10216
10217
23916
23923
10215
10216
23042
32751
10215
10217
23043
23906
23917
10216
10217
23907
23924
32752
23046
23920
23927
32755
23908
23921
23928
10221
23072
23887
10222
23073
23951
32765
10221
10222
23888
23954
32766
23891
23957
23953
23958
32769
10227
10228
10229
23962
23973
10227
10228
23092
23918
10227
10229
23093
10228
10229
23919
23974
23096
23964
23922
23977
23978
10232
10234
28480
10232
10235
23967
23969
23971
10236
10234
10235
28483
10236
10409
28484
10236
10410
23985
23986
23988
10411
23952
23994
24017
10242
10243
10244
24052
24057
10242
10243
23176
24050
32779
10242
10244
23177
24053
10243
10244
24058
32780
23180
24055
24051
24061
32783
24056
24062
10248
10249
24076
32805
10248
10249
23195
24038
32806
10249
24039
24077
23197
32809
24042
24079
32810
10252
10254
28501
33708
33709
33710
10256
24111
24113
24115
28507
33709
33712
33713
33714
10254
28504
32813
32815
32817
33716
33718
33720
33721
10256
10429
28505
28509
10430
33715
33716
33717
10431
24125
24126
24128
28511
33717
33719
33720
33721
10261
28522
28523
28526
33722
33725
33727
33728
34221
10262
28515
28556
28558
28560
33723
33726
33727
33728
33722
33723
33724
10261
10262
28517
34224
10436
32820
32822
32824
33730
33732
33734
33735
34225
10437
28519
32855
32856
32858
33731
33733
33734
33735
10438
33729
33730
33731
10267
10268
24110
24119
10267
10268
23238
24111
33709
10268
24120
33710
23240
24114
24115
24122
33712
10271
10273
10271
10274
10284
10286
10288
32827
32829
32831
10275
24188
24190
24192
28528
10273
10274
10275
10448
28530
10275
10449
24199
24200
24202
32834
32835
32837
10450
24206
24207
24209
28532
10278
10280
10278
10281
10291
10293
10295
28550
10282
24321
24323
24325
32841
32843
32845
10280
10281
28552
10282
10455
10282
10456
24334
24335
24337
28554
10457
24341
24342
24344
32848
32849
32851
10287
10288
10289
24187
24198
10287
10288
23317
24188
10287
10289
23318
10288
10289
24182
24199
23321
24191
24192
24202
24203
10294
10295
10296
24320
24327
24333
10294
10295
23452
24321
10294
10296
23453
24328
32870
10295
10296
24334
32871
23456
24324
24329
24325
24337
24330
24338
32874
10300
23473
24353
32842
10301
23474
24322
10300
10301
24323
24355
32843
24354
24358
32846
24326
24359
10304
10305
24388
24392
24399
10304
10305
23517
24393
23519
24390
24396
24397
24401
10309
10310
10311
24414
32896
10309
10310
23539
24415
10309
10311
23540
24389
32897
23543
24418
32900
24419
24391
32901
10315
10316
10317
24443
24450
32903
10315
10316
23595
24444
10315
10317
23596
24421
32904
23599
24447
32907
24448
24453
24422
24454
32908
10320
10322
32884
32885
32888
10320
10323
10324
28577
10322
10323
24408
24410
24412
10324
32890
32892
32894
10324
10487
10488
28579
10329
10330
10331
24485
10329
10330
23631
24423
10329
10331
23632
24463
10330
10331
24486
23635
24424
24489
24464
24490
10336
10337
10338
24506
32924
10336
10337
23652
24465
10336
10338
23653
24492
32925
10337
10338
24507
23656
32928
24466
24510
24493
24511
32929
10340
24513
24520
24525
23694
24517
24523
10343
10345
10343
10346
32939
32941
32943
10347
28595
10345
10346
24528
24530
24532
32932
32934
32936
10347
10507
10347
10508
28598
32946
32947
32949
10509
28599
10352
10353
10354
24545
24552
10352
10353
23744
24521
10352
10354
23745
24546
10353
10354
24522
24553
23748
24549
24524
24556
24550
24557
10359
10360
10361
24585
10359
10360
23804
10359
10361
23805
24586
10360
10361
24567
23808
24589
24590
10364
10366
10371
10372
10375
10364
10367
10368
10376
24621
24623
24625
10366
10367
10368
24628
24630
24632
10368
10379
10380
24635
24636
24638
10373
10374
10375
24620
24627
10373
10374
23853
24587
10373
10375
23854
24621
10374
10375
24588
24628
23857
24624
24591
24631
24625
24632
10378
10380
10385
10386
10389
10378
10381
10382
24662
24664
24666
32995
32997
32999
10380
10381
10382
24669
24671
24673
10382
10521
10522
24676
24677
24679
33002
33003
33005
10387
10388
10389
24661
24668
10387
10388
23894
24622
10387
10389
23895
24662
10388
10389
24623
24669
23898
24665
24626
24672
24666
24673
10394
10395
10396
24692
24699
10394
10395
23925
32982
10394
10396
23926
24682
24693
10395
10396
24683
24700
32983
23929
24696
24703
32986
24684
24697
24704
10400
23955
24663
10401
23956
24727
32996
10400
10401
24664
24730
32997
24667
24733
24729
24734
33000
10406
10407
10408
24738
24749
10406
10407
23975
24694
10406
10408
23976
10407
10408
24695
24750
23979
24740
24698
24753
24754
10411
10413
28611
10411
10414
24743
24745
24747
10415
10413
10414
28614
10415
10542
28615
10415
10543
24761
24762
24764
10544
24728
24770
24793
10421
10422
10423
24828
24833
10421
10422
24059
24826
33010
10421
10423
24060
24829
10422
10423
24834
33011
24063
24831
24827
24837
33014
24832
24838
10427
10428
24852
33036
10427
10428
24078
24814
33037
10428
24815
24853
24080
33040
24818
24855
33041
10431
10433
28632
33736
33737
33738
10435
24887
24889
24891
28638
33737
33740
33741
33742
10433
28635
33044
33046
33048
33744
33746
33748
33749
10435
10562
28636
28640
10563
33743
33744
33745
10564
24901
24902
24904
28642
33745
33747
33748
33749
10440
28653
28654
28657
33750
33753
33755
33756
34249
10441
28646
28687
28689
28691
33751
33754
33755
33756
33750
33751
33752
10440
10441
28648
34252
10569
33051
33053
33055
33758
33760
33762
33763
34253
10570
28650
33086
33087
33089
33759
33761
33762
33763
10571
33757
33758
33759
10446
10447
24886
24895
10446
10447
24121
24887
33737
10447
24896
33738
24123
24890
24891
24898
33740
10450
10452
10450
10453
10463
10465
10467
33058
33060
33062
10454
24964
24966
24968
28659
10452
10453
10454
10581
28661
10454
10582
24975
24976
24978
33065
33066
33068
10583
24982
24983
24985
28663
10457
10459
10457
10460
10470
10472
10474
28681
10461
25097
25099
25101
33072
33074
33076
10459
10460
28683
10461
10588
10461
10589
25110
25111
25113
28685
10590
25117
25118
25120
33079
33080
33082
10466
10467
10468
24963
24974
10466
10467
24200
24964
10466
10468
24201
10467
10468
24958
24975
24204
24967
24968
24978
24979
10473
10474
10475
25096
25103
25109
10473
10474
24335
25097
10473
10475
24336
25104
33101
10474
10475
25110
33102
24339
25100
25105
25101
25113
25106
25114
33105
10479
24356
25129
33073
10480
24357
25098
10479
10480
25099
25131
33074
25130
25134
33077
25102
25135
10484
10485
10486
25186
25193
33113
10484
10485
24451
25187
10484
10486
24452
25164
33114
24455
25190
33117
25191
25196
25165
25197
33118
10488
10489
10490
10490
10495
10496
10497
25228
10495
10496
24487
25166
10495
10497
24488
25206
10496
10497
25229
24491
25167
25232
25207
25233
10502
10503
10504
25249
33134
10502
10503
24508
25208
10502
10504
24509
25235
33135
10503
10504
25250
24512
33138
25209
25253
25236
25254
33139
10506
25256
25263
25268
24526
25260
25266
10509
10511
10509
10512
33149
33151
33153
10513
28721
10511
10512
25271
25273
25275
33142
33144
33146
10513
10513
10616
28724
33156
33157
33159
10617
28725
10518
10519
10520
25288
25295
10518
10519
24554
25264
10518
10520
24555
25289
10519
10520
25265
25296
24558
25292
25267
25299
25293
25300
10522
25374
25376
25378
33198
33200
33202
10527
10528
10529
25390
25397
10527
10528
24701
33185
10527
10529
24702
25380
25391
10528
10529
25381
25398
33186
24705
25394
25401
33189
25382
25395
25402
10533
24731
25375
10534
24732
25418
33199
10533
10534
25376
33200
25379
25420
33203
10539
10540
10541
25421
25432
10539
10540
24751
25392
10539
10541
24752
10540
10541
25393
25433
24755
25423
25396
25436
25437
10544
10546
28737
10544
10547
25426
25428
25430
10548
10546
10547
28740
10548
10639
28741
10548
10640
25444
25445
25447
10641
25419
25453
10554
10555
10556
25497
25502
10554
10555
24835
25495
33206
10554
10556
24836
25498
10555
10556
33207
24839
25500
25496
33210
25501
25504
10560
10561
25516
33225
10560
10561
24854
25483
33226
10561
25484
25517
24856
33229
25487
25519
33230
10564
10566
28757
33764
33765
33766
10568
25551
25553
25555
28763
33765
33768
33769
33770
10566
28760
33233
33235
33237
33772
33774
33776
33777
10568
10651
28761
28765
10652
33771
33772
33773
10653
25565
25566
25568
28767
33773
33775
33776
33777
10573
28778
28779
28782
33778
33781
33783
33784
34277
10574
28771
28812
28814
28816
33779
33782
33783
33784
33778
33779
33780
10573
10574
28773
34280
33240
33242
33244
33786
33788
33790
33791
34281
28775
33275
33276
33278
33787
33789
33790
33791
33785
33786
33787
10579
10580
25550
25559
10579
10580
24897
25551
33765
10580
25560
33766
24899
25554
25555
25562
33768
10583
10585
10583
10586
10596
10598
10600
33247
33249
33251
10587
25628
25630
25632
28784
10585
10586
10587
10663
28786
10587
10664
25639
25640
25642
33254
33255
33257
10665
25646
25647
25649
28788
10590
10592
10590
10593
10603
10605
10607
28806
10594
25761
25763
25765
33261
33263
33265
10592
10593
28808
10594
10594
25774
25775
25777
28810
25781
25782
25784
33268
33269
33271
10599
10600
10601
25627
25638
10599
10600
24976
25628
10599
10601
24977
10600
10601
25622
25639
24980
25631
25632
25642
25643
10606
10607
10608
25760
25767
25773
10606
10607
25111
25761
10606
10608
25112
25768
33290
10607
10608
25774
33291
25115
25764
25769
25765
25777
25770
25778
33294
10612
25132
25793
33262
10613
25133
25762
10612
10613
25763
25795
33263
25794
25798
33266
25766
25799
10615
25802
25806
25269
25804
25809
10617
33303
33305
33307
28825
10622
10623
10624
25814
10622
10623
25297
25807
10622
10624
25298
25815
10623
10624
25808
25301
25818
25810
25819
10629
10630
10631
25873
25880
10629
10630
25399
33318
10629
10631
25400
25863
25874
10630
10631
25864
25881
33319
25403
25877
25884
33322
25865
25878
25885
10636
10637
10638
25894
25905
10636
10637
25434
25875
10636
10638
25435
10637
10638
25876
25906
25438
25896
25879
25909
25910
10641
10643
28837
10641
10644
25899
25901
25903
10645
10643
10644
28840
10645
28841
10645
25917
25918
25920
10649
10650
25960
33330
10649
10650
25518
25943
33331
10650
25944
25961
25520
33334
25947
25963
33335
10653
10655
28844
33792
33793
33794
10657
25971
25973
25975
28850
33793
33796
33797
33798
10655
28847
33338
33340
33342
33800
33802
33804
33805
10657
28848
28852
33799
33800
33801
25985
25986
25988
28854
33801
33803
33804
33805
10661
10662
25970
25979
10661
10662
25561
25971
33793
10662
25980
33794
25563
25974
25975
25982
33796
10665
10665
10667
10669
10671
10673
33345
33347
33349
26014
26016
26018
28856
10667
26025
26026
26028
33352
33353
33355
10672
10673
10674
26013
26024
10672
10673
25640
26014
10672
10674
25641
10673
10674
26008
26025
25644
26017
26018
26028
26029
10677
10681
10773
28927
10677
10680
10690
10678
28929
10680
10681
10682
28930
10680
10681
10683
10693
10774
10686
10694
10687
10775
28933
10686
10687
10688
28934
10686
10687
10704
10779
10686
10688
10705
10834
10687
10688
10780
10835
28937
10707
10781
28939
10837
28940
10691
10695
10696
10691
10694
10692
10698
10694
10695
10699
10703
10694
10695
10704
10707
10702
10708
10698
10702
10698
10701
10718
10699
10701
10702
10710
10701
10702
10711
10721
10714
10722
10715
10707
10708
10709
10710
10707
10708
10782
10707
10709
10848
10708
10709
10713
10849
10715
10716
10851
10714
10715
10716
10714
10715
10732
10714
10716
10733
10855
10715
10716
10856
10735
10858
10719
10723
10724
10719
10722
10720
10726
10722
10723
10727
10731
10722
10723
10732
10735
10730
10736
10726
10730
10726
10729
10746
10727
10729
10730
10738
10729
10730
10739
10749
10742
10750
10743
10735
10736
10737
10738
10735
10736
10735
10737
10876
10736
10737
10741
10877
10743
10744
10879
10742
10743
10744
10742
10743
10753
10742
10744
10754
10883
10743
10744
10884
10756
10886
10747
10751
28941
10747
10750
10748
28943
10750
10751
10752
28944
10750
10751
10753
10756
10757
28947
10756
10757
10758
28948
10756
10757
10786
10756
10758
10904
10757
10758
10787
10905
28951
10788
28953
10907
28954
10761
10764
10761
10765
10762
10764
10765
10766
10764
10765
10767
10770
10771
10770
10771
10772
10770
10771
10776
10770
10772
10918
10771
10772
10919
10921
10775
10775
10779
10781
10778
28935
10778
10780
28937
10781
28939
10781
10782
10781
10931
10785
28941
10785
10789
28945
10791
28947
10788
10788
10790
10791
10791
10800
28949
10791
10941
28951
28953
10794
10797
10794
10798
26120
10795
10797
10798
10804
10797
10798
10805
26123
10808
10809
26125
10802
10803
10804
10802
28963
10802
10803
10806
28965
10808
28967
10810
10808
10809
10810
10808
10809
28970
10808
10810
10951
10809
10810
10952
28972
28974
10954
10812
10814
26120
10813
10817
26121
10814
10818
10822
26122
10824
26125
10817
10820
10817
10821
10818
10820
10821
10826
10820
10821
10827
10830
10831
10824
10825
10826
28969
10824
10825
10970
28972
28974
10832
10971
28975
10830
10831
10832
10830
10831
10830
10832
10974
10831
10832
10975
10977
10837
10838
10839
10840
28976
10837
10838
10848
10837
10839
10931
28978
10838
10839
10841
10850
10932
28980
10844
10852
10845
10933
28982
10844
10845
10846
28983
10844
10845
10862
10937
10844
10846
10863
10992
10845
10846
10938
10993
28986
10865
10939
28988
10995
28989
10851
10852
10853
10854
10861
10851
10852
10851
10853
10856
10852
10853
10862
10858
10865
10860
10866
10858
10859
10860
10868
10858
10859
10876
10858
10860
10859
10860
10869
10878
10872
10880
10873
10865
10866
10867
10868
10865
10866
10940
10865
10867
11006
10866
10867
10871
11007
10873
10874
11009
10872
10873
10874
10872
10873
10890
10872
10874
10891
11013
10873
10874
11014
10893
11016
10879
10880
10881
10882
10889
10879
10880
10879
10881
10884
10880
10881
10890
10886
10893
10888
10894
10886
10887
10888
10896
10886
10887
10904
10886
10888
10887
10888
10897
10906
10900
10908
10901
10893
10894
10895
10896
10893
10894
10893
10895
11034
10894
10895
10899
11035
10901
10902
11037
10900
10901
10902
10900
10901
10911
10900
10902
10912
11041
10901
10902
11042
10914
11044
10907
10908
10909
10910
28990
10907
10908
10907
10909
28992
10908
10909
10911
28994
10914
10915
28996
10914
10915
10916
28997
10914
10915
10944
10914
10916
11062
10915
10916
10945
11063
29000
10946
29002
11065
29003
10921
10922
10923
10924
10921
10922
10921
10923
10922
10923
10925
10928
10929
10928
10929
10930
10928
10929
10934
10928
10930
11076
10929
10930
11077
11079
10933
10933
10937
10939
10936
28984
10936
10938
28986
10939
28988
10939
10940
10939
11089
10943
28992
10943
10947
28993
10949
28996
10946
10946
10948
10949
10949
10958
28998
10949
11099
29000
29002
10954
10955
10956
10962
10954
10955
10954
10956
26163
10955
10956
10963
26164
10966
10967
26167
10960
10961
10962
10960
29012
10960
10961
10964
29014
10966
29016
10968
10966
10967
10968
10966
10967
29019
10966
10968
11109
10967
10968
11110
29021
29023
11112
10971
10972
10973
10980
26161
10971
10972
26163
10977
26165
10982
26167
10977
10978
10979
10984
10977
10978
10977
10979
10978
10979
10985
10988
10989
10982
10983
10984
29018
10982
10983
11128
29021
29023
10990
11129
29024
10988
10989
10990
10988
10989
10988
10990
11132
10989
10990
11133
11135
10995
10996
10997
10998
29025
10995
10996
11006
10995
10997
11089
29027
10996
10997
10999
11008
11090
29029
11002
11010
11003
11091
29031
11002
11003
11004
29032
11002
11003
11020
11095
11002
11004
11021
11150
11003
11004
11096
11151
29035
11023
11097
29037
11153
29038
11009
11010
11011
11012
11019
11009
11010
11009
11011
11014
11010
11011
11020
11016
11023
11018
11024
11016
11017
11018
11026
11016
11017
11034
11016
11018
11017
11018
11027
11036
11030
11038
11031
11023
11024
11025
11026
11023
11024
11098
11023
11025
11164
11024
11025
11029
11165
11031
11032
11167
11030
11031
11032
11030
11031
11048
11030
11032
11049
11171
11031
11032
11172
11051
11174
11037
11038
11039
11040
11047
11037
11038
11037
11039
11042
11038
11039
11048
11044
11051
11046
11052
11044
11045
11046
11054
11044
11045
11062
11044
11046
11045
11046
11055
11064
11058
11066
11059
11051
11052
11053
11054
11051
11052
11051
11053
11192
11052
11053
11057
11193
11059
11060
11195
11058
11059
11060
11058
11059
11069
11058
11060
11070
11199
11059
11060
11200
11072
11202
11065
11066
11067
11068
29039
11065
11066
11065
11067
29041
11066
11067
11069
29043
11072
11073
29045
11072
11073
11074
29046
11072
11073
11102
11072
11074
11220
11073
11074
11103
11221
29049
11104
29051
11223
29052
11079
11080
11081
11082
11079
11080
11079
11081
11080
11081
11083
11086
11087
11086
11087
11088
11086
11087
11092
11086
11088
11234
11087
11088
11235
11237
11091
11091
11095
11097
11094
29033
11094
11096
29035
11097
29037
11097
11098
11097
11247
11101
29041
11101
11105
29042
11107
29045
11104
11104
11106
11107
11107
11116
29047
11107
11257
29049
29051
11112
11113
11114
11120
11112
11113
11112
11114
26205
11113
11114
11121
26206
11124
11125
26209
11118
11119
11120
11118
29061
11118
11119
11122
29063
11124
29065
11126
11124
11125
11126
11124
11125
29068
11124
11126
11267
11125
11126
11268
29070
29072
11270
11129
11130
11131
11138
26203
11129
11130
26205
11135
26207
11140
26209
11135
11136
11137
11142
11135
11136
11135
11137
11136
11137
11143
11146
11147
11140
11141
11142
29067
11140
11141
11286
29070
29072
11148
11287
29073
11146
11147
11148
11146
11147
11146
11148
11290
11147
11148
11291
11293
11153
11154
11155
11156
29074
11153
11154
11164
11153
11155
11247
29076
11154
11155
11157
11166
11248
29078
11160
11168
11161
11249
29080
11160
11161
11162
29081
11160
11161
11178
11253
11160
11162
11179
11308
11161
11162
11254
11309
29084
11181
11255
29086
11311
29087
11167
11168
11169
11170
11177
11167
11168
11167
11169
11172
11168
11169
11178
11174
11181
11176
11182
11174
11175
11176
11184
11174
11175
11192
11174
11176
11175
11176
11185
11194
11188
11196
11189
11181
11182
11183
11184
11181
11182
11256
11181
11183
11322
11182
11183
11187
11323
11189
11190
11325
11188
11189
11190
11188
11189
11206
11188
11190
11207
11329
11189
11190
11330
11209
11332
11195
11196
11197
11198
11205
11195
11196
11195
11197
11200
11196
11197
11206
11202
11209
11204
11210
11202
11203
11204
11212
11202
11203
11220
11202
11204
11203
11204
11213
11222
11216
11224
11217
11209
11210
11211
11212
11209
11210
11209
11211
11350
11210
11211
11215
11351
11217
11218
11353
11216
11217
11218
11216
11217
11227
11216
11218
11228
11357
11217
11218
11358
11230
11360
11223
11224
11225
11226
29088
11223
11224
11223
11225
29090
11224
11225
11227
29092
11230
11231
29094
11230
11231
11232
29095
11230
11231
11260
11230
11232
11378
11231
11232
11261
11379
29098
11262
29100
11381
29101
11237
11238
11239
11240
11237
11238
11237
11239
11238
11239
11241
11244
11245
11244
11245
11246
11244
11245
11250
11244
11246
11392
11245
11246
11393
11395
11249
11249
11253
11255
11252
29082
11252
11254
29084
11255
29086
11255
11256
11255
11405
11259
29090
11259
11263
29091
11265
29094
11262
11262
11264
11265
11265
11274
29096
11265
11415
29098
29100
11270
11271
11272
11278
11270
11271
11270
11272
26247
11271
11272
11279
26248
11282
11283
26251
11276
11277
11278
11276
29110
11276
11277
11280
29112
11282
29114
11284
11282
11283
11284
11282
11283
29117
11282
11284
11425
11283
11284
11426
29119
29121
11428
11287
11288
11289
11296
26245
11287
11288
26247
11293
26249
11298
26251
11293
11294
11295
11300
11293
11294
11293
11295
11294
11295
11301
11304
11305
11298
11299
11300
29116
11298
11299
11444
29119
29121
11306
11445
29122
11304
11305
11306
11304
11305
11304
11306
11448
11305
11306
11449
11451
11311
11312
11313
11314
29123
11311
11312
11322
11311
11313
11405
29125
11312
11313
11315
11324
11406
29127
11318
11326
11319
11407
29129
11318
11319
11320
29130
11318
11319
11336
11411
11318
11320
11337
11466
11319
11320
11412
11467
29133
11339
11413
29135
11469
29136
11325
11326
11327
11328
11335
11325
11326
11325
11327
11330
11326
11327
11336
11332
11339
11334
11340
11332
11333
11334
11342
11332
11333
11350
11332
11334
11333
11334
11343
11352
11346
11354
11347
11339
11340
11341
11342
11339
11340
11414
11339
11341
11480
11340
11341
11345
11481
11347
11348
11483
11346
11347
11348
11346
11347
11364
11346
11348
11365
11487
11347
11348
11488
11367
11490
11353
11354
11355
11356
11363
11353
11354
11353
11355
11358
11354
11355
11364
11360
11367
11362
11368
11360
11361
11362
11370
11360
11361
11378
11360
11362
11361
11362
11371
11380
11374
11382
11375
11367
11368
11369
11370
11367
11368
11367
11369
11508
11368
11369
11373
11509
11375
11376
11511
11374
11375
11376
11374
11375
11385
11374
11376
11386
11515
11375
11376
11516
11388
11518
11381
11382
11383
11384
29137
11381
11382
11381
11383
29139
11382
11383
11385
29141
11388
11389
29143
11388
11389
11390
29144
11388
11389
11418
11388
11390
11536
11389
11390
11419
11537
29147
11420
29149
11539
29150
11395
11396
11397
11398
11395
11396
11395
11397
11396
11397
11399
11402
11403
11402
11403
11404
11402
11403
11408
11402
11404
11550
11403
11404
11551
11553
11407
11407
11411
11413
11410
29131
11410
11412
29133
11413
29135
11413
11414
11413
11563
11417
29139
11417
11421
29140
11423
29143
11420
11420
11422
11423
11423
11432
29145
11423
11573
29147
29149
11428
11429
11430
11436
11428
11429
11428
11430
26289
11429
11430
11437
26290
11440
11441
26293
11434
11435
11436
11434
29159
11434
11435
11438
29161
11440
29163
11442
11440
11441
11442
11440
11441
29166
11440
11442
11583
11441
11442
11584
29168
29170
11586
11445
11446
11447
11454
26287
11445
11446
26289
11451
26291
11456
26293
11451
11452
11453
11458
11451
11452
11451
11453
11452
11453
11459
11462
11463
11456
11457
11458
29165
11456
11457
11602
29168
29170
11464
11603
29171
11462
11463
11464
11462
11463
11462
11464
11606
11463
11464
11607
11609
11469
11470
11471
11472
29172
11469
11470
11480
11469
11471
11563
29174
11470
11471
11473
11482
11564
29176
11476
11484
11477
11565
29178
11476
11477
11478
29179
11476
11477
11494
11569
11476
11478
11495
11624
11477
11478
11570
11625
29182
11497
11571
29184
11627
29185
11483
11484
11485
11486
11493
11483
11484
11483
11485
11488
11484
11485
11494
11490
11497
11492
11498
11490
11491
11492
11500
11490
11491
11508
11490
11492
11491
11492
11501
11510
11504
11512
11505
11497
11498
11499
11500
11497
11498
11572
11497
11499
11633
11498
11499
11503
11634
11505
11506
11636
11504
11505
11506
11504
11505
11522
11504
11506
11523
11640
11505
11506
11641
11525
11643
11511
11512
11513
11514
11521
11511
11512
11511
11513
11516
11512
11513
11522
11518
11525
11520
11526
11518
11519
11520
11528
11518
11519
11536
11518
11520
11519
11520
11529
11538
11532
11540
11533
11525
11526
11527
11528
11525
11526
11525
11527
11661
11526
11527
11531
11662
11533
11534
11664
11532
11533
11534
11532
11533
11543
11532
11534
11544
11668
11533
11534
11669
11546
11671
11539
11540
11541
11542
29186
11539
11540
11539
11541
29188
11540
11541
11543
29190
11546
11547
29192
11546
11547
11548
29193
11546
11547
11576
11546
11548
11689
11547
11548
11577
11690
29196
11578
29198
11692
29199
11553
11554
11555
11556
11553
11554
11553
11555
11554
11555
11557
11560
11561
11560
11561
11562
11560
11561
11566
11560
11562
11561
11562
11565
11565
11569
11571
11568
29180
11568
11570
29182
11571
29184
11571
11572
11571
11702
11575
29188
11575
11579
29189
11581
29192
11578
11578
11580
11581
11581
11590
29194
11581
11707
29196
29198
11586
11587
11588
11594
11586
11587
11586
11588
26331
11587
11588
11595
26332
11598
11599
26335
11592
11593
11594
11592
29208
11592
11593
11596
29210
11598
29212
11600
11598
11599
11600
11598
11599
29215
11598
11600
11717
11599
11600
11718
29217
29219
11720
11603
11604
11605
11612
26329
11603
11604
26331
11609
26333
11614
26335
11609
11610
11611
11616
11609
11610
11609
11611
11610
11611
11617
11620
11621
11614
11615
11616
29214
11614
11615
11736
29217
29219
11622
11737
29220
11620
11621
11622
11620
11621
11620
11622
11740
11621
11622
11741
11743
11627
11628
11629
11627
11628
11633
11627
11629
11702
11628
11629
11630
11635
11703
11631
11637
11704
11631
11647
11705
11650
11636
11637
11638
11639
11646
11636
11637
11636
11638
11641
11637
11638
11647
11643
11650
11645
11651
11643
11644
11645
11653
11643
11644
11661
11643
11645
11644
11645
11654
11663
11657
11665
11658
11650
11651
11652
11653
11650
11651
11706
11650
11652
11651
11652
11656
11658
11659
11657
11658
11659
11657
11658
11675
11657
11659
11676
11658
11659
11678
11664
11665
11666
11667
11674
11664
11665
11664
11666
11669
11665
11666
11675
11671
11678
11673
11679
11671
11672
11673
11681
11671
11672
11689
11671
11673
11672
11673
11682
11691
11685
11693
11686
11678
11679
11680
11681
11678
11679
11678
11680
11747
11679
11680
11684
11748
11686
11687
11750
11685
11686
11687
11685
11686
11696
11685
11687
11697
11754
11686
11687
11755
11699
11757
11692
11693
11694
11695
29221
11692
11693
11692
11694
29223
11693
11694
11696
29225
11699
11700
29227
11699
11700
11701
29228
11699
11700
11710
11699
11701
11768
11700
11701
11711
11769
29231
11712
29233
11771
29234
11704
11704
11705
11706
11709
29223
11709
11713
29224
11715
29227
11712
11712
11714
11715
11715
11724
29229
11715
11781
29231
29233
11720
11721
11722
11728
11720
11721
11720
11722
26366
11721
11722
11729
26367
11732
11733
26370
11726
11727
11728
11726
29243
11726
11727
11730
29245
11732
29247
11734
11732
11733
11734
11732
11733
11732
11734
11791
11733
11734
11792
11794
11737
11738
11739
26364
11737
11738
26366
11743
26368
26370
11743
11744
11745
11743
11744
11743
11745
11744
11745
11750
11751
11752
11753
11750
11751
11750
11752
11755
11751
11752
11757
11759
11757
11758
11759
11760
11757
11758
11768
11757
11759
11758
11759
11761
11770
11764
11772
11765
11764
11765
11766
11764
11765
11775
11764
11766
11776
11765
11766
11778
11771
11772
11773
11774
29249
11771
11772
11771
11773
29251
11772
11773
11775
29253
11778
11779
29255
11778
11779
11780
29256
11778
11779
11784
11778
11780
11810
11779
11780
11785
11811
29259
11786
29261
11813
29262
11783
29251
11783
11787
29252
11789
29255
11786
11786
11788
11789
11789
11798
29257
11789
11816
29259
29261
11794
11795
11796
11802
11794
11795
11794
11796
11795
11796
11803
11806
11807
11800
11801
11802
11800
29271
11800
11801
11804
29273
11806
29275
11808
11806
11807
11808
11806
11807
11806
11808
11807
11808
11813
11814
11815
29277
11813
11814
11813
11815
29279
11814
11815
29281
29283
11818
29279
11818
29280
29283
11820
11834
11824
11825
11835
11824
11825
29285
11825
11836
29287
11838
29289
11830
11831
11832
11835
11830
11831
11830
11832
11833
11831
11832
11837
11834
11838
11839
11834
12272
11838
11839
11838
29292
11838
11839
12275
29293
29295
12277
11843
11844
11852
26396
11843
11844
26397
29286
11844
11853
29287
26400
11855
26401
29290
11849
11850
11851
11857
26396
11849
11850
26398
33358
11849
11851
11850
11851
11858
33360
26400
11861
26402
33361
11862
11855
11856
29298
11855
29292
11855
11856
12309
29294
29300
29296
29302
12311
29304
11861
11862
11863
29298
11861
11862
33365
11861
11863
12314
29301
33366
11862
11863
12315
29303
33368
12317
29304
11868
11869
11870
11871
29319
11868
11869
11884
11868
11870
12070
29321
11869
11870
11872
11885
29323
11875
11887
11876
12071
29325
11875
11876
11877
29326
11875
11876
11894
11875
11877
11895
12370
11876
11877
12077
12371
29329
11896
12078
29331
12373
29332
11881
11882
11888
26431
11881
11882
26432
33359
11882
11889
33360
26435
11891
26436
33362
11886
11887
11893
26431
11886
11887
26433
11887
11894
26435
11896
26437
11891
11892
29333
11891
33365
11891
11892
12384
29335
33367
29337
33369
12386
29339
11896
11897
29333
11896
11896
11897
12389
29336
29338
12391
29339
11900
29307
11900
11901
29308
11903
29311
11903
11916
29313
11903
12403
29315
29317
11908
11909
11910
11911
11922
11908
11909
11908
11910
11912
26440
11909
11910
11923
26441
11913
11926
11914
11927
26444
11913
11914
11929
11913
11914
11934
11931
11936
11919
11920
11921
11922
11919
11920
11919
11921
11924
11920
11921
11926
11928
11926
11927
11928
11929
11926
11927
29341
11926
11928
12410
11927
11928
11930
12411
29343
11931
29345
11932
12413
11931
11932
11931
11932
11945
12417
11946
12418
11935
11936
11937
11944
26438
11935
11936
26440
11941
26442
11946
26444
11941
11942
11943
11948
11941
11942
11956
11941
11943
11942
11943
11949
11958
11952
11960
11953
11946
11947
11948
29340
11946
11947
12439
29343
29345
11954
12440
29346
11952
11953
11954
11952
11953
11970
11952
11954
11971
12443
11953
11954
12444
11973
12446
11959
11960
11961
11962
11969
11959
11960
11959
11961
11964
11960
11961
11970
11966
11973
11968
11974
11966
11967
11968
11976
11966
11967
11984
11966
11968
11967
11968
11977
11986
11980
11988
11981
11973
11974
11975
11976
11973
11974
11973
11975
12461
11974
11975
11979
12462
11981
11982
12464
11980
11981
11982
11980
11981
11998
11980
11982
11999
12468
11981
11982
12469
12001
12471
11987
11988
11989
11990
11997
11987
11988
11987
11989
11992
11988
11989
11998
11994
12001
11996
12002
11994
11995
11996
12004
11994
11995
12012
11994
11996
11995
11996
12005
12014
12008
12016
12009
12001
12002
12003
12004
12001
12002
12001
12003
12489
12002
12003
12007
12490
12009
12010
12492
12008
12009
12010
12008
12009
12025
12008
12010
12026
12496
12009
12010
12497
12028
12499
12015
12016
12017
12018
12024
12015
12016
12015
12017
12020
12016
12017
12025
12021
12028
12023
12029
12021
12022
12023
12031
29347
12021
12022
12045
29349
12021
12023
29351
12034
12047
29353
12035
12028
12029
12030
12031
12028
12029
12028
12030
12517
12029
12030
12033
12518
12035
12036
12520
12034
12035
12036
29354
12034
12036
12065
12524
29357
12035
12036
12525
12066
29359
12526
29360
12041
12042
12043
12048
12057
12041
12042
12041
12043
12042
12043
12058
12049
12061
12062
12046
12047
12048
12064
12046
12047
12049
12066
12049
12068
12054
12055
12056
12057
12064
12054
12055
29355
12054
12056
12059
12055
12056
12065
29357
12061
12066
29359
12063
12067
12061
12062
12063
12068
12061
12062
12072
12061
12063
12543
12062
12063
12074
12544
12076
12069
12546
12066
12067
12068
12066
12067
12550
12069
12551
12069
12554
12071
12078
12075
12076
29327
12075
12077
29329
12076
12078
29331
12078
12575
12083
12084
12085
29361
12083
12084
12086
12083
12085
12724
12084
12085
12087
12725
29363
12088
29365
12727
29367
12088
12088
12090
12091
12091
12093
29362
12091
12737
29363
29365
12096
12097
12098
12099
12096
12097
12096
12098
12097
12098
12101
12103
12105
12103
12104
12105
12103
12104
12114
12103
12105
12755
12104
12105
12115
12756
12117
12758
12110
12111
12112
12110
12111
12128
12110
12112
12776
12111
12112
12129
12777
12131
12779
12117
12118
12119
12120
12117
12118
12117
12119
12118
12119
12122
12124
12126
12124
12125
12126
12124
12125
12138
12124
12126
12797
12125
12126
12139
12798
12141
12800
12131
12132
12133
12131
12132
12131
12133
12818
12132
12133
12135
12819
12136
12821
12136
12151
29369
12136
12824
29370
29372
12141
12142
12143
12144
12141
12142
12141
12143
12142
12143
12146
12148
12150
12148
12149
12150
12148
12149
12187
12148
12150
12838
12149
12150
12188
12839
12190
12841
12153
12157
12153
12154
12159
12858
12155
12161
12155
12165
12861
12167
12160
12161
12162
12163
12160
12161
29369
12160
12162
29371
12161
12162
12165
29373
12167
12169
12167
12168
12169
12167
12168
12196
12167
12169
12869
12168
12169
12197
12870
12199
12872
12174
12175
12176
12177
12174
12175
12184
12174
12176
12214
12175
12176
12178
12185
12216
12181
12186
12182
12218
12181
12182
12183
29375
12181
12182
12192
12227
12181
12183
12193
12890
29378
12182
12183
12228
12891
12194
29380
12230
12893
29381
12186
12186
12192
12194
12190
12191
29376
12190
12191
12193
29378
12194
29380
12194
12239
12194
12903
12199
12200
12201
12202
12199
12200
12199
12201
12200
12201
12205
12204
12205
12206
12204
12205
12209
12915
12211
12212
12916
12210
12211
12212
12210
12211
12250
12210
12212
12919
12211
12212
12251
12920
12253
12922
12217
12218
12219
12220
12226
12217
12218
12217
12219
12221
12218
12219
12227
12223
12230
12224
12231
12223
12224
12225
12233
29382
12223
12224
12223
12225
12272
29384
29386
12236
12237
12273
29388
12230
12231
12232
12233
12230
12231
12239
12230
12232
12944
12231
12232
12234
12945
12236
12238
12947
12236
12237
12238
29389
12236
12238
12951
12237
12238
12286
12952
29392
12287
29394
12953
29395
12244
12245
12246
12249
12244
12245
12244
12246
12247
12245
12246
12250
12253
12248
12254
12248
12259
12257
12263
12253
12254
12255
12253
12254
12253
12255
12971
12254
12255
12256
12972
12257
12974
12257
12267
12977
12269
12262
12263
12264
12265
12262
12263
12262
12264
12263
12264
12266
12269
12270
12269
12270
12271
12269
12270
12299
12269
12271
12989
12270
12271
12300
12990
12301
12992
12273
12287
12277
12278
12288
12277
12278
29397
12278
12289
29399
12291
29401
12283
12284
12285
12288
12283
12284
29390
12283
12285
12286
29392
12284
12285
12290
12287
29394
12291
12292
12287
13002
12291
12292
12291
29404
12291
12292
13005
29405
29407
13007
12296
12297
12303
29410
12296
12297
29412
33372
12297
12304
33374
29414
12306
29416
33375
12301
12302
29417
12301
12301
12302
29419
29421
29423
12306
12307
29417
12306
33379
12306
12307
13024
29420
33380
29422
33382
13026
29423
12311
12312
12320
26487
12311
12312
26488
29398
12312
12321
29399
26491
12323
26492
29402
12317
12318
12319
12325
26487
12317
12318
26489
33386
12317
12319
12318
12319
12326
33388
26491
12329
26493
33389
12330
12323
12324
29424
12323
29404
12323
12324
13039
29406
29426
29408
29428
13041
29430
12329
12330
12331
29424
12329
12330
33393
12329
12331
13044
29427
33394
12330
12331
13045
29429
33396
13047
29430
12336
12337
12338
12346
12336
12337
12336
12338
12339
12337
12338
12347
12350
12340
12351
12340
12356
12354
12360
12344
12345
12346
12344
33379
12344
12345
12348
33381
12350
33383
12352
12350
12351
12352
12350
12351
12350
12352
13063
12351
12352
12353
13064
12354
13066
12354
12364
13069
12366
12359
12360
12361
12362
29431
12359
12360
12359
12361
29433
12360
12361
12363
29435
12366
12367
29437
12366
12367
12368
29438
12366
12367
12366
12368
13086
12367
12368
13087
29441
29443
13089
29444
12373
12374
12375
12376
29445
12373
12374
12389
12373
12375
12575
29447
12374
12375
12377
12390
29449
12380
12392
12381
12576
29451
12380
12381
12382
29452
12380
12381
12399
12380
12382
12400
13100
12381
12382
12582
13101
29455
12401
12583
29457
13103
29458
12386
12387
12393
26522
12386
12387
26523
33387
12387
12394
33388
26526
12396
26527
33390
12391
12392
12398
26522
12391
12392
26524
12392
12399
26526
12401
26528
12396
12397
29459
12396
33393
12396
12397
13114
29461
33395
29463
33397
13116
29465
12401
12402
29459
12401
12401
12402
13119
29462
29464
13121
29465
12405
29433
12405
12406
29434
12408
29437
12408
12421
29439
12408
13133
29441
29443
12413
12414
12415
12416
12427
12413
12414
12413
12415
12417
26531
12414
12415
12428
26532
12418
12431
12419
12432
26535
12418
12419
12434
12418
12419
12439
12436
12441
12424
12425
12426
12427
12424
12425
12424
12426
12429
12425
12426
12431
12433
12431
12432
12433
12434
12431
12432
29467
12431
12433
13140
12432
12433
12435
13141
29469
12436
29471
12437
13143
12436
12437
12436
12437
12450
13147
12451
13148
12440
12441
12442
12449
26529
12440
12441
26531
12446
26533
12451
26535
12446
12447
12448
12453
12446
12447
12461
12446
12448
12447
12448
12454
12463
12457
12465
12458
12451
12452
12453
29466
12451
12452
13169
29469
29471
12459
13170
29472
12457
12458
12459
12457
12458
12475
12457
12459
12476
13173
12458
12459
13174
12478
13176
12464
12465
12466
12467
12474
12464
12465
12464
12466
12469
12465
12466
12475
12471
12478
12473
12479
12471
12472
12473
12481
12471
12472
12489
12471
12473
12472
12473
12482
12491
12485
12493
12486
12478
12479
12480
12481
12478
12479
12478
12480
13191
12479
12480
12484
13192
12486
12487
13194
12485
12486
12487
12485
12486
12503
12485
12487
12504
13198
12486
12487
13199
12506
13201
12492
12493
12494
12495
12502
12492
12493
12492
12494
12497
12493
12494
12503
12499
12506
12501
12507
12499
12500
12501
12509
12499
12500
12517
12499
12501
12500
12501
12510
12519
12513
12521
12514
12506
12507
12508
12509
12506
12507
12506
12508
13219
12507
12508
12512
13220
12514
12515
13222
12513
12514
12515
12513
12514
12530
12513
12515
12531
13226
12514
12515
13227
12533
13229
12520
12521
12522
12523
12529
12520
12521
12520
12522
12525
12521
12522
12530
12526
12533
12528
12534
12526
12527
12528
12536
29473
12526
12527
12550
29475
12526
12528
29477
12539
12552
29479
12540
12533
12534
12535
12536
12533
12534
12533
12535
13247
12534
12535
12538
13248
12540
12541
13250
12539
12540
12541
29480
12539
12541
12570
13254
29483
12540
12541
13255
12571
29485
13256
29486
12546
12547
12548
12553
12562
12546
12547
12546
12548
12547
12548
12563
12554
12566
12567
12551
12552
12553
12569
12551
12552
12554
12571
12554
12573
12559
12560
12561
12562
12569
12559
12560
29481
12559
12561
12564
12560
12561
12570
29483
12566
12571
29485
12568
12572
12566
12567
12568
12573
12566
12567
12577
12566
12568
13273
12567
12568
12579
13274
12581
12574
13276
12571
12572
12573
12571
12572
13280
12574
13281
12574
13284
12576
12583
12580
12581
29453
12580
12582
29455
12581
12583
29457
12583
13305
12586
12643
12588
12589
12590
12588
29509
12588
12589
12593
13317
29510
12595
29512
12596
13319
12594
12595
12596
12594
12595
12606
12594
12596
12607
13322
12595
12596
13323
12609
13325
12599
12600
12601
12605
12599
12600
12607
12609
12604
12611
12603
12604
29487
12603
12604
12614
13341
29489
12616
29491
13342
29493
12609
12610
12611
29487
12609
12610
12609
12611
13345
12610
12611
13346
29490
29492
13348
29493
12615
12616
12617
12618
29494
12615
12617
12620
12616
12617
29496
12622
29498
12624
29500
12622
12623
12624
12622
12623
12622
12624
13367
12623
12624
13368
13370
12626
12631
12638
13434
12633
12640
12628
12632
12662
13436
12634
12664
12633
12634
12635
12633
12634
29502
12633
12635
13439
29503
12634
12635
13440
29505
13442
12639
12640
12641
12642
29501
12639
12641
12644
12640
12641
29503
12646
29505
12648
29507
12646
12647
12648
12646
12647
29509
12646
12648
13457
12647
12648
13458
29511
29513
13460
12650
12655
12663
13523
12657
12665
12652
12656
12676
13525
12658
12678
12657
12658
12659
12657
12658
12657
12659
13528
12658
12659
13529
13531
12664
12665
12666
12664
12665
12664
12666
12665
12666
12668
12670
12677
13567
12672
12679
12672
12673
12684
29516
12672
13569
29517
12673
12685
13570
29519
12687
12678
12679
12680
29515
12678
12679
12678
12680
12679
12680
29517
29519
29521
12682
12683
12690
12689
12694
12687
12688
12689
29522
12687
12688
12687
12689
13619
12688
12689
13620
29524
29526
13622
29528
12693
12694
29522
12693
12710
12693
12694
12711
13626
29525
12713
29527
13628
29528
12697
12698
12699
29529
12697
12698
13645
29531
29533
12705
13646
29535
12703
12704
12705
12703
12704
12731
12703
12705
13649
12704
12705
12732
13650
12734
13652
12708
12717
12746
12708
12718
13666
12720
12713
12714
12715
12716
12713
12714
12713
12715
12714
12715
12718
12720
12722
12720
12721
12722
12720
12721
29551
12720
12722
13673
12721
12722
13674
29552
29554
13676
12727
12728
12729
12730
29536
12727
12728
12727
12729
29537
12728
12729
12731
29540
12734
12735
29541
12734
12735
12736
29543
12734
12735
12740
12734
12736
13694
12735
12736
12741
13695
29545
12742
29547
13697
29549
12739
29537
12739
12743
29539
12745
29541
12742
12742
12744
12745
12745
12762
29544
12745
13707
29545
29547
12748
29551
12748
12750
13716
29553
12752
29555
12752
12753
12783
29558
12752
13719
29559
12753
12784
13720
29561
12786
12758
12759
12760
12768
12758
12759
12758
12760
12759
12760
12769
12772
12773
12765
12766
12767
12768
12765
12766
12765
12767
12766
12767
12770
12772
12774
12772
12773
12774
12772
12773
12804
12772
12774
13733
12773
12774
12805
13734
12807
13736
12779
12780
12781
12789
12779
12780
12779
12781
12818
12780
12781
12790
12820
12793
12794
12822
12786
12787
12788
12789
12786
12787
12786
12788
13754
12787
12788
12791
13755
12793
12795
13757
12793
12794
12795
12793
12794
12828
12793
12795
13761
12794
12795
12829
13762
12831
13764
12800
12801
12802
12810
12800
12801
12800
12802
12801
12802
12811
12814
12815
12807
12808
12809
12810
12807
12808
12807
12809
12808
12809
12812
12814
12816
12814
12815
12816
12814
12815
12845
12814
12816
13782
12815
12816
12846
13783
12848
13785
12821
12822
12823
12827
12821
12822
12821
12823
12824
12822
12823
12828
12831
12826
12832
12826
29565
12826
12834
12859
29567
12836
29569
12831
12832
12833
12831
12832
12831
12833
13803
12832
12833
12835
13804
12836
13806
12836
12863
29572
12836
13809
29573
29575
12841
12842
12843
12851
12841
12842
12841
12843
12842
12843
12852
12855
12856
12848
12849
12850
12851
12848
12849
12848
12850
12849
12850
12853
12855
12857
12855
12856
12857
12855
12856
12906
12855
12857
13823
12856
12857
12907
13824
12909
13826
12860
12861
12860
12863
12862
12865
12862
12869
12867
12873
12865
12876
12865
12866
12878
13843
12867
12880
12867
12884
13846
12886
12872
12873
12874
12882
12872
12873
12872
12874
12873
12874
12883
12886
12887
12879
12880
12881
12882
12879
12880
29572
12879
12881
29574
12880
12881
12884
29576
12886
12888
12886
12887
12888
12886
12887
12926
12886
12888
13854
12887
12888
12927
13855
12929
13857
12893
12894
12895
12896
29578
12893
12894
12903
29580
12893
12895
12944
12894
12895
12897
12904
12946
29582
12900
12905
29584
12901
12948
12900
12901
12902
29585
12900
12901
12911
12957
12900
12902
12912
13875
29588
12901
12902
12958
13876
12913
29590
12960
13878
29591
12905
12905
12911
12913
12909
12910
29586
12909
12910
12912
29588
12913
29590
12913
12969
12913
13888
12916
12917
12918
12932
12916
12917
12920
12922
12924
12934
12922
12923
12924
12936
12922
12923
12922
12924
12971
12923
12924
12937
12973
12940
12941
12975
12929
12930
12931
12932
12929
12930
12929
12931
12930
12931
12935
12934
12935
12936
12934
12935
12939
13900
12941
12942
13901
12940
12941
12942
12940
12941
12980
12940
12942
13904
12941
12942
12981
13905
12983
13907
12947
12948
12949
12950
12956
12947
12948
12947
12949
12951
12948
12949
12957
12953
12960
12954
12961
12953
12954
12955
12963
29592
12953
12954
12953
12955
13002
29594
29596
12966
12967
13003
29598
12960
12961
12962
12963
12960
12961
12969
12960
12962
13929
12961
12962
12964
13930
12966
12968
13932
12966
12967
12968
29599
12966
12968
13936
12967
12968
13016
13937
29602
13017
29604
13938
29605
12974
12975
12976
12979
12974
12975
12974
12976
12977
12975
12976
12980
12983
12978
12984
12978
12989
12987
12993
12983
12984
12985
12983
12984
12983
12985
13956
12984
12985
12986
13957
12987
13959
12987
12997
13962
12999
12992
12993
12994
12995
12992
12993
12992
12994
12993
12994
12996
12999
13000
12999
13000
13001
12999
13000
13029
12999
13001
13974
13000
13001
13030
13975
13031
13977
13003
13017
13007
13008
13018
13007
13008
29607
13008
13019
29609
13021
29611
13013
13014
13015
13018
13013
13014
29600
13013
13015
13016
29602
13014
13015
13020
13017
29604
13021
13022
13017
13987
13021
13022
13021
29614
13021
13022
13990
29615
29617
13992
13026
13027
13033
29620
13026
13027
29622
33400
13027
13034
33402
29624
13036
29626
33403
13031
13032
29627
13031
13031
13032
29629
29631
29633
13036
13037
29627
13036
33407
13036
13037
14009
29630
33408
29632
33410
14011
29633
13041
13042
13050
26605
13041
13042
26606
29608
13042
13051
29609
26609
13053
26610
29612
13047
13048
13049
13055
26605
13047
13048
26607
33414
13047
13049
13048
13049
13056
33416
26609
13059
26611
33417
13060
13053
13054
29634
13053
29614
13053
13054
14024
29616
29636
29618
29638
14026
29640
13059
13060
13061
29634
13059
13060
33421
13059
13061
14029
29637
33422
13060
13061
14030
29639
33424
14032
29640
13066
13067
13068
13076
13066
13067
13066
13068
13069
13067
13068
13077
13080
13070
13081
13070
13086
13084
13090
13074
13075
13076
13074
33407
13074
13075
13078
33409
13080
33411
13082
13080
13081
13082
13080
13081
13080
13082
14048
13081
13082
13083
14049
13084
14051
13084
13094
14054
13096
13089
13090
13091
13092
29641
13089
13090
13089
13091
29643
13090
13091
13093
29645
13096
13097
29647
13096
13097
13098
29648
13096
13097
13096
13098
14071
13097
13098
14072
29651
29653
14074
29654
13103
13104
13105
13106
29655
13103
13104
13119
13103
13105
13305
29657
13104
13105
13107
13120
29659
13110
13122
13111
13306
29661
13110
13111
13112
29662
13110
13111
13129
13110
13112
13130
14085
13111
13112
13312
14086
29665
13131
13313
29667
14088
29668
13116
13117
13123
26640
13116
13117
26641
33415
13117
13124
33416
26644
13126
26645
33418
13121
13122
13128
26640
13121
13122
26642
13122
13129
26644
13131
26646
13126
13127
29669
13126
33421
13126
13127
14099
29671
33423
29673
33425
14101
29675
13131
13132
29669
13131
13131
13132
14104
29672
29674
14106
29675
13135
29643
13135
13136
29644
13138
29647
13138
13151
29649
13138
14118
29651
29653
13143
13144
13145
13146
13157
13143
13144
13143
13145
13147
26649
13144
13145
13158
26650
13148
13161
13149
13162
26653
13148
13149
13164
13148
13149
13169
13166
13171
13154
13155
13156
13157
13154
13155
13154
13156
13159
13155
13156
13161
13163
13161
13162
13163
13164
13161
13162
29677
13161
13163
14125
13162
13163
13165
14126
29679
13166
29681
13167
14128
13166
13167
13166
13167
13180
14132
13181
14133
13170
13171
13172
13179
26647
13170
13171
26649
13176
26651
13181
26653
13176
13177
13178
13183
13176
13177
13191
13176
13178
13177
13178
13184
13193
13187
13195
13188
13181
13182
13183
29676
13181
13182
14154
29679
29681
13189
14155
29682
13187
13188
13189
13187
13188
13205
13187
13189
13206
14158
13188
13189
14159
13208
14161
13194
13195
13196
13197
13204
13194
13195
13194
13196
13199
13195
13196
13205
13201
13208
13203
13209
13201
13202
13203
13211
13201
13202
13219
13201
13203
13202
13203
13212
13221
13215
13223
13216
13208
13209
13210
13211
13208
13209
13208
13210
14176
13209
13210
13214
14177
13216
13217
14179
13215
13216
13217
13215
13216
13233
13215
13217
13234
14183
13216
13217
14184
13236
14186
13222
13223
13224
13225
13232
13222
13223
13222
13224
13227
13223
13224
13233
13229
13236
13231
13237
13229
13230
13231
13239
13229
13230
13247
13229
13231
13230
13231
13240
13249
13243
13251
13244
13236
13237
13238
13239
13236
13237
13236
13238
14204
13237
13238
13242
14205
13244
13245
14207
13243
13244
13245
13243
13244
13260
13243
13245
13261
14211
13244
13245
14212
13263
14214
13250
13251
13252
13253
13259
13250
13251
13250
13252
13255
13251
13252
13260
13256
13263
13258
13264
13256
13257
13258
13266
29683
13256
13257
13280
29685
13256
13258
29687
13269
13282
29689
13270
13263
13264
13265
13266
13263
13264
13263
13265
14232
13264
13265
13268
14233
13270
13271
14235
13269
13270
13271
29690
13269
13271
13300
14239
29693
13270
13271
14240
13301
29695
14241
29696
13276
13277
13278
13283
13292
13276
13277
13276
13278
13277
13278
13293
13284
13296
13297
13281
13282
13283
13299
13281
13282
13284
13301
13284
13303
13289
13290
13291
13292
13299
13289
13290
29691
13289
13291
13294
13290
13291
13300
29693
13296
13301
29695
13298
13302
13296
13297
13298
13303
13296
13297
13307
13296
13298
14258
13297
13298
13309
14259
13311
13304
14261
13301
13302
13303
13301
13302
14265
13304
14266
13304
14269
13306
13313
13310
13311
29663
13310
13312
29665
13311
13313
29667
13313
14290
13315
13318
13459
13329
13470
13319
13320
13321
13328
13319
13320
13323
26655
13320
13329
26657
13325
13327
13331
26659
13325
13326
13327
13333
13325
13326
13345
13325
13327
13326
13327
13334
13347
13337
13349
13338
13331
13332
13333
13331
29747
13331
13332
13336
14302
29748
13338
29750
13339
14304
13337
13338
13339
13337
13338
13360
13337
13339
13361
14307
13338
13339
14308
13363
14310
13342
13343
13355
29697
13342
13343
29698
29701
13357
29702
13348
13349
13350
13359
29697
13348
13349
13348
13350
29699
13349
13350
13360
29701
13363
13364
29703
13353
13354
13355
13359
13353
13354
13361
13363
13358
13365
13357
13358
29704
13357
13358
13375
14326
29706
13377
29708
14327
29710
13363
13364
13365
29704
13363
13364
13363
13365
14330
13364
13365
14331
29707
29709
14333
29710
13370
13371
13372
13379
13370
13371
13370
13372
13371
13372
13380
13383
13384
13376
13377
13378
13379
29718
13376
13378
13381
13377
13378
29720
13383
29722
13385
29724
13383
13384
13385
13383
13384
13387
13383
13385
14352
13384
13385
13389
14353
13391
14355
13390
13391
13392
13393
13390
13391
13390
13392
13395
13391
13392
13397
13399
13397
13398
13399
13397
13398
13397
13399
14372
13398
13399
13401
14373
13402
14375
13402
13403
13404
29725
13402
13403
29727
29729
13407
29731
13406
13407
13408
13406
13407
13410
13415
14393
13412
13416
13414
14394
13412
13413
13414
29725
13412
13413
13418
13412
13414
13419
14397
13413
13414
14398
29728
13421
29730
14400
29731
13416
13419
13421
13421
13422
13423
13424
13421
13422
13421
13423
14419
13422
13423
13427
14420
13429
13430
14422
13428
13429
13430
13428
13429
13431
13428
13430
14426
13429
13430
14427
14429
13433
13484
13433
13485
14448
13487
13435
13439
13443
13446
13437
13440
13444
13448
13442
13443
13444
13449
13442
13443
29733
13442
13444
13443
13444
13450
29735
13453
29737
13454
13446
13451
13465
14454
13453
13467
13448
13452
13547
14456
13454
13549
13453
13454
13455
13453
13454
29740
13453
13455
14459
29741
13454
13455
14460
29743
14462
13460
13461
13462
13469
13460
13461
13460
13462
26656
13461
13462
13470
26657
13473
13474
26660
13466
13467
13468
13469
29739
13466
13468
13471
13467
13468
29741
13473
29743
13475
29745
13473
13474
13475
13473
13474
29747
13473
13475
14477
13474
13475
14478
29749
29751
14480
13480
13481
13482
13490
13480
13481
13480
13482
13481
13482
13491
13494
13495
13487
13488
13489
13490
13487
13488
13487
13489
13492
13488
13489
13494
13496
13494
13495
13496
13494
13495
13494
13496
14497
13495
13496
13509
14498
13510
14500
13501
13502
13503
13504
13511
13501
13502
13501
13503
13505
13502
13503
13512
13507
13515
13508
13516
13507
13508
13518
13507
13508
29754
13508
13519
29756
13521
29758
13510
13513
13515
13515
13516
13517
13518
13515
13516
13515
13517
14518
13516
13517
13520
14519
13521
13522
14521
13521
13522
13521
29761
13521
13522
14525
29762
29764
14527
13524
13528
13532
13535
13526
13529
13533
13537
13531
13532
13533
13538
13531
13532
13531
13533
13532
13533
13539
13542
13543
13535
13540
13548
14543
13542
13550
13537
13541
13583
14545
13543
13585
13542
13543
13544
13542
13543
13542
13544
14548
13543
13544
14549
14551
13549
13550
13551
13549
13550
13549
13551
13550
13551
13555
13556
13562
29767
13555
13556
13589
29769
13556
13563
13591
29771
13565
13593
29773
13560
13561
29774
13560
29761
13560
13561
29763
29776
29765
29778
29780
13565
13566
29774
13565
13596
13565
13566
13597
14573
29777
13599
29779
14575
29780
13568
13569
13572
13575
13572
29782
13573
13619
13572
13573
13576
13621
29784
13579
29786
13580
13623
13575
13577
13584
14587
13579
13586
13579
13580
13633
29789
13579
14589
29790
13580
13634
14590
29792
13636
13585
13586
13587
29788
13585
13586
13585
13587
13586
13587
29790
29792
29794
13592
13593
13594
13595
13592
13593
13592
13594
13593
13594
13596
13599
13600
13599
13600
13601
13599
13600
13599
13601
14609
13600
13601
13609
14610
13610
14612
13606
13607
13608
13611
13606
13607
13606
13608
26711
13607
13608
13612
26713
13615
13616
26715
13610
13613
13615
13615
13616
13617
13615
13616
29810
13615
13617
14623
13616
13617
14624
29811
29813
14626
13622
13623
13624
13632
29795
13622
13623
13622
13624
29796
13623
13624
13633
29799
13636
13637
29800
13628
13629
13639
29795
13628
13629
29797
13629
13640
29799
13642
29801
13631
13632
13639
13638
13643
13636
13637
13638
29802
13636
13637
13636
13638
14639
13637
13638
14640
29804
29806
14642
29808
13642
13643
29802
13642
13680
13642
13643
13681
14646
29805
13683
29807
14648
29808
13646
13647
13648
13655
26710
13646
13647
26711
13652
26714
13657
26715
13652
13653
13654
13659
13652
13653
13652
13654
13694
13653
13654
13660
13696
13663
13664
13698
13657
13658
13659
29809
13657
13658
14665
29811
29813
13665
14666
29815
13663
13664
13665
13663
13664
13701
13663
13665
14669
13664
13665
13702
14670
13704
14672
13668
13673
13668
13669
13675
13717
13671
13677
13671
13687
13724
13671
13688
14686
13690
13676
13677
13678
13686
13676
13677
13676
13678
26732
13677
13678
13687
26734
13690
13691
26736
13683
13684
13685
13686
13683
13684
13683
13685
13684
13685
13688
13690
13692
13690
13691
13692
13690
13691
29838
13690
13692
14693
13691
13692
14694
29839
29841
14696
13697
13698
13699
13700
29816
13697
13698
13697
13699
29817
13698
13699
13701
29820
13704
13705
29821
13704
13705
13706
29823
13704
13705
13710
13704
13706
14714
13705
13706
13711
14715
29825
13712
29827
14717
29829
13709
29817
13709
13713
29819
13715
29821
13712
13712
13714
13715
13715
13740
29824
13715
14727
29825
29827
13718
13719
26733
13718
13724
26734
13722
13726
26737
13722
29831
13723
13754
13722
13723
13727
13756
29833
13730
29835
13731
13758
13726
29838
13726
13728
14736
29840
13730
29842
13730
13731
13768
29845
13730
14739
29846
13731
13769
14740
29848
13771
13736
13737
13738
13746
13736
13737
13736
13738
13737
13738
13747
13750
13751
13743
13744
13745
13746
13743
13744
13743
13745
13744
13745
13748
13750
13752
13750
13751
13752
13750
13751
13789
13750
13752
14753
13751
13752
13790
14754
13792
14756
13757
13758
13759
13760
13767
13757
13758
13757
13759
13761
13758
13759
13768
13764
13771
13765
13772
13764
13765
13766
13774
13764
13765
13764
13766
13803
13765
13766
13775
13805
13778
13779
13807
13771
13772
13773
13774
13771
13772
13771
13773
14774
13772
13773
13776
14775
13778
13780
14777
13778
13779
13780
13778
13779
13813
13778
13780
14781
13779
13780
13814
14782
13816
14784
13785
13786
13787
13795
13785
13786
13785
13787
13786
13787
13796
13799
13800
13792
13793
13794
13795
13792
13793
13792
13794
13793
13794
13797
13799
13801
13799
13800
13801
13799
13800
13830
13799
13801
14802
13800
13801
13831
14803
13833
14805
13806
13807
13808
13812
13806
13807
13806
13808
13809
13807
13808
13813
13816
13811
13817
13811
29852
13811
13819
13844
29854
13821
29856
13816
13817
13818
13816
13817
13816
13818
14823
13817
13818
13820
14824
13821
14826
13821
13848
29859
13821
14829
29860
29862
13826
13827
13828
13836
13826
13827
13826
13828
13827
13828
13837
13840
13841
13833
13834
13835
13836
13833
13834
13833
13835
13834
13835
13838
13840
13842
13840
13841
13842
13840
13841
13891
13840
13842
14843
13841
13842
13892
14844
13894
14846
13845
13846
13845
13848
13847
13850
13847
13854
13852
13858
13850
13861
13850
13851
13863
14863
13852
13865
13852
13869
14866
13871
13857
13858
13859
13867
13857
13858
13857
13859
13858
13859
13868
13871
13872
13864
13865
13866
13867
13864
13865
29859
13864
13866
29861
13865
13866
13869
29863
13871
13873
13871
13872
13873
13871
13872
13911
13871
13873
14874
13872
13873
13912
14875
13914
14877
13878
13879
13880
13881
29865
13878
13879
13888
29867
13878
13880
13929
13879
13880
13882
13889
13931
29869
13885
13890
29871
13886
13933
13885
13886
13887
29872
13885
13886
13896
13942
13885
13887
13897
14895
29875
13886
13887
13943
14896
13898
29877
13945
14898
29878
13890
13890
13896
13898
13894
13895
29873
13894
13895
13897
29875
13898
29877
13898
13954
13898
14908
13901
13902
13903
13917
13901
13902
13905
13907
13909
13919
13907
13908
13909
13921
13907
13908
13907
13909
13956
13908
13909
13922
13958
13925
13926
13960
13914
13915
13916
13917
13914
13915
13914
13916
13915
13916
13920
13919
13920
13921
13919
13920
13924
14920
13926
13927
14921
13925
13926
13927
13925
13926
13965
13925
13927
14924
13926
13927
13966
14925
13968
14927
13932
13933
13934
13935
13941
13932
13933
13932
13934
13936
13933
13934
13942
13938
13945
13939
13946
13938
13939
13940
13948
29879
13938
13939
13938
13940
13987
29881
29883
13951
13952
13988
29885
13945
13946
13947
13948
13945
13946
13954
13945
13947
14949
13946
13947
13949
14950
13951
13953
14952
13951
13952
13953
29886
13951
13953
14956
13952
13953
14001
14957
29889
14002
29891
14958
29892
13959
13960
13961
13964
13959
13960
13959
13961
13962
13960
13961
13965
13968
13963
13969
13963
13974
13972
13978
13968
13969
13970
13968
13969
13968
13970
14976
13969
13970
13971
14977
13972
14979
13972
13982
14982
13984
13977
13978
13979
13980
13977
13978
13977
13979
13978
13979
13981
13984
13985
13984
13985
13986
13984
13985
14014
13984
13986
14994
13985
13986
14015
14995
14016
14997
13988
14002
13992
13993
14003
13992
13993
29894
13993
14004
29896
14006
29898
13998
13999
14000
14003
13998
13999
29887
13998
14000
14001
29889
13999
14000
14005
14002
29891
14006
14007
14002
15007
14006
14007
14006
29901
14006
14007
15010
29902
29904
15012
14011
14012
14018
29907
14011
14012
29909
33428
14012
14019
33430
29911
14021
29913
33431
14016
14017
29914
14016
14016
14017
29916
29918
29920
14021
14022
29914
14021
33435
14021
14022
15029
29917
33436
29919
33438
15031
29920
14026
14027
14035
26780
14026
14027
26781
29895
14027
14036
29896
26784
14038
26785
29899
14032
14033
14034
14040
26780
14032
14033
26782
33442
14032
14034
14033
14034
14041
33444
26784
14044
26786
33445
14045
14038
14039
29921
14038
29901
14038
14039
15044
29903
29923
29905
29925
15046
29927
14044
14045
14046
29921
14044
14045
33449
14044
14046
15049
29924
33450
14045
14046
15050
29926
33452
15052
29927
14051
14052
14053
14061
14051
14052
14051
14053
14054
14052
14053
14062
14065
14055
14066
14055
14071
14069
14075
14059
14060
14061
14059
33435
14059
14060
14063
33437
14065
33439
14067
14065
14066
14067
14065
14066
14065
14067
15068
14066
14067
14068
15069
14069
15071
14069
14079
15074
14081
14074
14075
14076
14077
29928
14074
14075
14074
14076
29930
14075
14076
14078
29932
14081
14082
29934
14081
14082
14083
29935
14081
14082
14081
14083
15091
14082
14083
15092
29938
29940
15094
29941
14088
14089
14090
14091
29942
14088
14089
14104
14088
14090
14290
29944
14089
14090
14092
14105
29946
14095
14107
14096
14291
29948
14095
14096
14097
29949
14095
14096
14114
14095
14097
14115
15105
14096
14097
14297
15106
29952
14116
14298
29954
15108
29955
14101
14102
14108
26815
14101
14102
26816
33443
14102
14109
33444
26819
14111
26820
33446
14106
14107
14113
26815
14106
14107
26817
14107
14114
26819
14116
26821
14111
14112
29956
14111
33449
14111
14112
15119
29958
33451
29960
33453
15121
29962
14116
14117
29956
14116
14116
14117
15124
29959
29961
15126
29962
14120
29930
14120
14121
29931
14123
29934
14123
14136
29936
14123
15138
29938
29940
14128
14129
14130
14131
14142
14128
14129
14128
14130
14132
26824
14129
14130
14143
26825
14133
14146
14134
14147
26828
14133
14134
14149
14133
14134
14154
14151
14156
14139
14140
14141
14142
14139
14140
14139
14141
14144
14140
14141
14146
14148
14146
14147
14148
14149
14146
14147
29964
14146
14148
15145
14147
14148
14150
15146
29966
14151
29968
14152
15148
14151
14152
14151
14152
14165
15152
14166
15153
14155
14156
14157
14164
26822
14155
14156
26824
14161
26826
14166
26828
14161
14162
14163
14168
14161
14162
14176
14161
14163
14162
14163
14169
14178
14172
14180
14173
14166
14167
14168
29963
14166
14167
15174
29966
29968
14174
15175
29969
14172
14173
14174
14172
14173
14190
14172
14174
14191
15178
14173
14174
15179
14193
15181
14179
14180
14181
14182
14189
14179
14180
14179
14181
14184
14180
14181
14190
14186
14193
14188
14194
14186
14187
14188
14196
14186
14187
14204
14186
14188
14187
14188
14197
14206
14200
14208
14201
14193
14194
14195
14196
14193
14194
14193
14195
15196
14194
14195
14199
15197
14201
14202
15199
14200
14201
14202
14200
14201
14218
14200
14202
14219
15203
14201
14202
15204
14221
15206
14207
14208
14209
14210
14217
14207
14208
14207
14209
14212
14208
14209
14218
14214
14221
14216
14222
14214
14215
14216
14224
14214
14215
14232
14214
14216
14215
14216
14225
14234
14228
14236
14229
14221
14222
14223
14224
14221
14222
14221
14223
15224
14222
14223
14227
15225
14229
14230
15227
14228
14229
14230
14228
14229
14245
14228
14230
14246
15231
14229
14230
15232
14248
15234
14235
14236
14237
14238
14244
14235
14236
14235
14237
14240
14236
14237
14245
14241
14248
14243
14249
14241
14242
14243
14251
29970
14241
14242
14265
29972
14241
14243
29974
14254
14267
29976
14255
14248
14249
14250
14251
14248
14249
14248
14250
15252
14249
14250
14253
15253
14255
14256
15255
14254
14255
14256
29977
14254
14256
14285
15259
29980
14255
14256
15260
14286
29982
15261
29983
14261
14262
14263
14268
14277
14261
14262
14261
14263
14262
14263
14278
14269
14281
14282
14266
14267
14268
14284
14266
14267
14269
14286
14269
14288
14274
14275
14276
14277
14284
14274
14275
29978
14274
14276
14279
14275
14276
14285
29980
14281
14286
29982
14283
14287
14281
14282
14283
14288
14281
14282
14292
14281
14283
15278
14282
14283
14294
15279
14296
14289
15281
14286
14287
14288
14286
14287
15285
14289
15286
14289
15289
14291
14298
14295
14296
29950
14295
14297
29952
14296
14298
29954
14298
15310
14300
14303
14479
14314
14490
14304
14305
14306
14313
14304
14305
14308
26830
14305
14314
26832
14310
14312
14316
26834
14310
14311
14312
14318
14310
14311
14330
14310
14312
14311
14312
14319
14332
14322
14334
14323
14316
14317
14318
14316
30041
14316
14317
14321
15322
30042
14323
30044
14324
15324
14322
14323
14324
14322
14323
14345
14322
14324
14346
15327
14323
14324
15328
14348
15330
14327
14328
14340
29984
14327
14328
29985
29988
14342
29989
14333
14334
14335
14344
29984
14333
14334
14333
14335
29986
14334
14335
14345
29988
14348
14349
29990
14338
14339
14340
14344
14338
14339
14346
14348
14343
14350
14342
14343
29991
14342
14343
14360
15346
29993
14362
29995
15347
29997
14348
14349
14350
29991
14348
14349
14348
14350
15350
14349
14350
15351
29994
29996
15353
29997
14355
14356
14357
14364
14355
14356
14355
14357
14356
14357
14365
14368
14369
14361
14362
14363
14364
30005
14361
14363
14366
14362
14363
30007
14368
30009
14370
30011
14368
14369
14370
14368
14369
14379
14368
14370
15372
14369
14370
14381
15373
14383
15375
14375
14376
14377
14385
14375
14376
14375
14377
14376
14377
14386
14389
14390
14382
14383
14384
14385
14382
14383
14382
14384
14387
14383
14384
14389
14391
14389
14390
14391
14389
14390
14389
14391
15392
14390
14391
14404
15393
14405
15395
14394
14395
14396
14407
14394
14395
14397
14400
14401
14409
14400
14401
14402
14411
30012
14400
14401
14419
14400
14402
30014
14401
14402
14412
14421
30016
14415
14423
14416
30018
14405
14406
14407
30019
14405
14406
30021
30023
14410
30025
14409
14410
14411
14409
14410
14413
14432
15413
14415
14433
14417
15414
14415
14416
14417
30019
14415
14416
14435
14415
14417
14436
15417
14416
14417
15418
30022
14438
30024
15420
30025
14422
14423
14424
14425
14434
14422
14423
14422
14424
14427
14423
14424
14435
14429
14438
14431
14439
14429
14430
14431
14441
14429
14430
14429
14431
14430
14431
14442
14449
14445
14446
14433
14436
14438
14438
14439
14440
14441
14438
14439
14438
14440
15439
14439
14440
14444
15440
14446
14447
15442
14445
14446
14447
14445
14446
14451
14445
14447
15446
14446
14447
15447
15449
14450
14450
14451
14453
14453
14504
14453
14505
15468
14507
14455
14459
14463
14466
14457
14460
14464
14468
14462
14463
14464
14469
14462
14463
30027
14462
14464
14463
14464
14470
30029
14473
30031
14474
14466
14471
14485
15474
14473
14487
14468
14472
14567
15476
14474
14569
14473
14474
14475
14473
14474
30034
14473
14475
15479
30035
14474
14475
15480
30037
15482
14480
14481
14482
14489
14480
14481
14480
14482
26831
14481
14482
14490
26832
14493
14494
26835
14486
14487
14488
14489
30033
14486
14488
14491
14487
14488
30035
14493
30037
14495
30039
14493
14494
14495
14493
14494
30041
14493
14495
15497
14494
14495
15498
30043
30045
15500
14500
14501
14502
14510
14500
14501
14500
14502
14501
14502
14511
14514
14515
14507
14508
14509
14510
14507
14508
14507
14509
14512
14508
14509
14514
14516
14514
14515
14516
14514
14515
14514
14516
15517
14515
14516
14529
15518
14530
15520
14521
14522
14523
14524
14531
14521
14522
14521
14523
14525
14522
14523
14532
14527
14535
14528
14536
14527
14528
14538
14527
14528
30048
14528
14539
30050
14541
30052
14530
14533
14535
14535
14536
14537
14538
14535
14536
14535
14537
15538
14536
14537
14540
15539
14541
14542
15541
14541
14542
14541
30055
14541
14542
15545
30056
30058
15547
14544
14548
14552
14555
14546
14549
14553
14557
14551
14552
14553
14558
14551
14552
14551
14553
14552
14553
14559
14562
14563
14555
14560
14568
15563
14562
14570
14557
14561
14603
15565
14563
14605
14562
14563
14564
14562
14563
14562
14564
15568
14563
14564
15569
15571
14569
14570
14571
14569
14570
14569
14571
14570
14571
14575
14576
14582
30061
14575
14576
14609
30063
14576
14583
14611
30065
14585
14613
30067
14580
14581
30068
14580
30055
14580
14581
30057
30070
30059
30072
30074
14585
14586
30068
14585
14616
14585
14586
14617
15593
30071
14619
30073
15595
30074
14588
14589
14592
14595
14592
30076
14593
14639
14592
14593
14596
14641
30078
14599
30080
14600
14643
14595
14597
14604
15607
14599
14606
14599
14600
14653
30083
14599
15609
30084
14600
14654
15610
30086
14656
14605
14606
14607
30082
14605
14606
14605
14607
14606
14607
30084
30086
30088
14612
14613
14614
14615
14612
14613
14612
14614
14613
14614
14616
14619
14620
14619
14620
14621
14619
14620
14619
14621
15629
14620
14621
14629
15630
14630
15632
14626
14627
14628
14631
14626
14627
14626
14628
26886
14627
14628
14632
26888
14635
14636
26890
14630
14633
14635
14635
14636
14637
14635
14636
30104
14635
14637
15643
14636
14637
15644
30105
30107
15646
14642
14643
14644
14652
30089
14642
14643
14642
14644
30090
14643
14644
14653
30093
14656
14657
30094
14648
14649
14659
30089
14648
14649
30091
14649
14660
30093
14662
30095
14651
14652
14659
14658
14663
14656
14657
14658
30096
14656
14657
14656
14658
15659
14657
14658
15660
30098
30100
15662
30102
14662
14663
30096
14662
14700
14662
14663
14701
15666
30099
14703
30101
15668
30102
14666
14667
14668
14675
26885
14666
14667
26886
14672
26889
14677
26890
14672
14673
14674
14679
14672
14673
14672
14674
14714
14673
14674
14680
14716
14683
14684
14718
14677
14678
14679
30103
14677
14678
15685
30105
30107
14685
15686
30109
14683
14684
14685
14683
14684
14721
14683
14685
15689
14684
14685
14722
15690
14724
15692
14688
14693
14688
14689
14695
14737
14691
14697
14691
14707
14744
14691
14708
15706
14710
14696
14697
14698
14706
14696
14697
14696
14698
26907
14697
14698
14707
26909
14710
14711
26911
14703
14704
14705
14706
14703
14704
14703
14705
14704
14705
14708
14710
14712
14710
14711
14712
14710
14711
30132
14710
14712
15713
14711
14712
15714
30133
30135
15716
14717
14718
14719
14720
30110
14717
14718
14717
14719
30111
14718
14719
14721
30114
14724
14725
30115
14724
14725
14726
30117
14724
14725
14730
14724
14726
15734
14725
14726
14731
15735
30119
14732
30121
15737
30123
14729
30111
14729
14733
30113
14735
30115
14732
14732
14734
14735
14735
14760
30118
14735
15747
30119
30121
14738
14739
26908
14738
14744
26909
14742
14746
26912
14742
30125
14743
14774
14742
14743
14747
14776
30127
14750
30129
14751
14778
14746
30132
14746
14748
15756
30134
14750
30136
14750
14751
14788
30139
14750
15759
30140
14751
14789
15760
30142
14791
14756
14757
14758
14766
14756
14757
14756
14758
14757
14758
14767
14770
14771
14763
14764
14765
14766
14763
14764
14763
14765
14764
14765
14768
14770
14772
14770
14771
14772
14770
14771
14809
14770
14772
15773
14771
14772
14810
15774
14812
15776
14777
14778
14779
14780
14787
14777
14778
14777
14779
14781
14778
14779
14788
14784
14791
14785
14792
14784
14785
14786
14794
14784
14785
14784
14786
14823
14785
14786
14795
14825
14798
14799
14827
14791
14792
14793
14794
14791
14792
14791
14793
15794
14792
14793
14796
15795
14798
14800
15797
14798
14799
14800
14798
14799
14833
14798
14800
15801
14799
14800
14834
15802
14836
15804
14805
14806
14807
14815
14805
14806
14805
14807
14806
14807
14816
14819
14820
14812
14813
14814
14815
14812
14813
14812
14814
14813
14814
14817
14819
14821
14819
14820
14821
14819
14820
14850
14819
14821
15822
14820
14821
14851
15823
14853
15825
14826
14827
14828
14832
14826
14827
14826
14828
14829
14827
14828
14833
14836
14831
14837
14831
30146
14831
14839
14864
30148
14841
30150
14836
14837
14838
14836
14837
14836
14838
15843
14837
14838
14840
15844
14841
15846
14841
14868
30153
14841
15849
30154
30156
14846
14847
14848
14856
14846
14847
14846
14848
14847
14848
14857
14860
14861
14853
14854
14855
14856
14853
14854
14853
14855
14854
14855
14858
14860
14862
14860
14861
14862
14860
14861
14911
14860
14862
15863
14861
14862
14912
15864
14914
15866
14865
14866
14865
14868
14867
14870
14867
14874
14872
14878
14870
14881
14870
14871
14883
15883
14872
14885
14872
14889
15886
14891
14877
14878
14879
14887
14877
14878
14877
14879
14878
14879
14888
14891
14892
14884
14885
14886
14887
14884
14885
30153
14884
14886
30155
14885
14886
14889
30157
14891
14893
14891
14892
14893
14891
14892
14931
14891
14893
15894
14892
14893
14932
15895
14934
15897
14898
14899
14900
14901
30159
14898
14899
14908
30161
14898
14900
14949
14899
14900
14902
14909
14951
30163
14905
14910
30165
14906
14953
14905
14906
14907
30166
14905
14906
14916
14962
14905
14907
14917
15915
30169
14906
14907
14963
15916
14918
30171
14965
15918
30172
14910
14910
14916
14918
14914
14915
30167
14914
14915
14917
30169
14918
30171
14918
14974
14918
15928
14921
14922
14923
14937
14921
14922
14925
14927
14929
14939
14927
14928
14929
14941
14927
14928
14927
14929
14976
14928
14929
14942
14978
14945
14946
14980
14934
14935
14936
14937
14934
14935
14934
14936
14935
14936
14940
14939
14940
14941
14939
14940
14944
15940
14946
14947
15941
14945
14946
14947
14945
14946
14985
14945
14947
15944
14946
14947
14986
15945
14988
15947
14952
14953
14954
14955
14961
14952
14953
14952
14954
14956
14953
14954
14962
14958
14965
14959
14966
14958
14959
14960
14968
30173
14958
14959
14958
14960
15007
30175
30177
14971
14972
15008
30179
14965
14966
14967
14968
14965
14966
14974
14965
14967
15969
14966
14967
14969
15970
14971
14973
15972
14971
14972
14973
30180
14971
14973
15976
14972
14973
15021
15977
30183
15022
30185
15978
30186
14979
14980
14981
14984
14979
14980
14979
14981
14982
14980
14981
14985
14988
14983
14989
14983
14994
14992
14998
14988
14989
14990
14988
14989
14988
14990
15996
14989
14990
14991
15997
14992
15999
14992
15002
16002
15004
14997
14998
14999
15000
14997
14998
14997
14999
14998
14999
15001
15004
15005
15004
15005
15006
15004
15005
15034
15004
15006
16014
15005
15006
15035
16015
15036
16017
15008
15022
15012
15013
15023
15012
15013
30188
15013
15024
30190
15026
30192
15018
15019
15020
15023
15018
15019
30181
15018
15020
15021
30183
15019
15020
15025
15022
30185
15026
15027
15022
16027
15026
15027
15026
30195
15026
15027
16030
30196
30198
16032
15031
15032
15038
30201
15031
15032
30203
33456
15032
15039
33458
30205
15041
30207
33459
15036
15037
30208
15036
15036
15037
30210
30212
30214
15041
15042
30208
15041
33463
15041
15042
16049
30211
33464
30213
33466
16051
30214
15046
15047
15055
26955
15046
15047
26956
30189
15047
15056
30190
26959
15058
26960
30193
15052
15053
15054
15060
26955
15052
15053
26957
33470
15052
15054
15053
15054
15061
33472
26959
15064
26961
33473
15065
15058
15059
30215
15058
30195
15058
15059
16064
30197
30217
30199
30219
16066
30221
15064
15065
15066
30215
15064
15065
33477
15064
15066
16069
30218
33478
15065
15066
16070
30220
33480
16072
30221
15071
15072
15073
15081
15071
15072
15071
15073
15074
15072
15073
15082
15085
15075
15086
15075
15091
15089
15095
15079
15080
15081
15079
33463
15079
15080
15083
33465
15085
33467
15087
15085
15086
15087
15085
15086
15085
15087
16088
15086
15087
15088
16089
15089
16091
15089
15099
16094
15101
15094
15095
15096
15097
30222
15094
15095
15094
15096
30224
15095
15096
15098
30226
15101
15102
30228
15101
15102
15103
30229
15101
15102
15101
15103
16111
15102
15103
16112
30232
30234
16114
30235
15108
15109
15110
15111
30236
15108
15109
15124
15108
15110
15310
30238
15109
15110
15112
15125
30240
15115
15127
15116
15311
30242
15115
15116
15117
30243
15115
15116
15134
15115
15117
15135
16125
15116
15117
15317
16126
30246
15136
15318
30248
16128
30249
15121
15122
15128
26990
15121
15122
26991
33471
15122
15129
33472
26994
15131
26995
33474
15126
15127
15133
26990
15126
15127
26992
15127
15134
26994
15136
26996
15131
15132
30250
15131
33477
15131
15132
16139
30252
33479
30254
33481
16141
30256
15136
15137
30250
15136
15136
15137
16144
30253
30255
16146
30256
15140
30224
15140
15141
30225
15143
30228
15143
15156
30230
15143
16158
30232
30234
15148
15149
15150
15151
15162
15148
15149
15148
15150
15152
26999
15149
15150
15163
27000
15153
15166
15154
15167
27003
15153
15154
15169
15153
15154
15174
15171
15176
15159
15160
15161
15162
15159
15160
15159
15161
15164
15160
15161
15166
15168
15166
15167
15168
15169
15166
15167
30258
15166
15168
16165
15167
15168
15170
16166
30260
15171
30262
15172
16168
15171
15172
15171
15172
15185
16172
15186
16173
15175
15176
15177
15184
26997
15175
15176
26999
15181
27001
15186
27003
15181
15182
15183
15188
15181
15182
15196
15181
15183
15182
15183
15189
15198
15192
15200
15193
15186
15187
15188
30257
15186
15187
16194
30260
30262
15194
16195
30263
15192
15193
15194
15192
15193
15210
15192
15194
15211
16198
15193
15194
16199
15213
16201
15199
15200
15201
15202
15209
15199
15200
15199
15201
15204
15200
15201
15210
15206
15213
15208
15214
15206
15207
15208
15216
15206
15207
15224
15206
15208
15207
15208
15217
15226
15220
15228
15221
15213
15214
15215
15216
15213
15214
15213
15215
16216
15214
15215
15219
16217
15221
15222
16219
15220
15221
15222
15220
15221
15238
15220
15222
15239
16223
15221
15222
16224
15241
16226
15227
15228
15229
15230
15237
15227
15228
15227
15229
15232
15228
15229
15238
15234
15241
15236
15242
15234
15235
15236
15244
15234
15235
15252
15234
15236
15235
15236
15245
15254
15248
15256
15249
15241
15242
15243
15244
15241
15242
15241
15243
16244
15242
15243
15247
16245
15249
15250
16247
15248
15249
15250
15248
15249
15265
15248
15250
15266
16251
15249
15250
16252
15268
16254
15255
15256
15257
15258
15264
15255
15256
15255
15257
15260
15256
15257
15265
15261
15268
15263
15269
15261
15262
15263
15271
30264
15261
15262
15285
30266
15261
15263
30268
15274
15287
30270
15275
15268
15269
15270
15271
15268
15269
15268
15270
16272
15269
15270
15273
16273
15275
15276
16275
15274
15275
15276
30271
15274
15276
15305
16279
30274
15275
15276
16280
15306
30276
16281
30277
15281
15282
15283
15288
15297
15281
15282
15281
15283
15282
15283
15298
15289
15301
15302
15286
15287
15288
15304
15286
15287
15289
15306
15289
15308
15294
15295
15296
15297
15304
15294
15295
30272
15294
15296
15299
15295
15296
15305
30274
15301
15306
30276
15303
15307
15301
15302
15303
15308
15301
15302
15312
15301
15303
16298
15302
15303
15314
16299
15316
15309
16301
15306
15307
15308
15306
15307
16305
15309
16306
15309
16309
15311
15318
15315
15316
30244
15315
15317
30246
15316
15318
30248
15318
16330
15320
15323
15499
15334
15510
15324
15325
15326
15333
15324
15325
15328
27005
15325
15334
27007
15330
15332
15336
27009
15330
15331
15332
15338
15330
15331
15350
15330
15332
15331
15332
15339
15352
15342
15354
15343
15336
15337
15338
15336
30335
15336
15337
15341
16342
30336
15343
30338
15344
16344
15342
15343
15344
15342
15343
15365
15342
15344
15366
16347
15343
15344
16348
15368
16350
15347
15348
15360
30278
15347
15348
30279
30282
15362
30283
15353
15354
15355
15364
30278
15353
15354
15353
15355
30280
15354
15355
15365
30282
15368
15369
30284
15358
15359
15360
15364
15358
15359
15366
15368
15363
15370
15362
15363
30285
15362
15363
15380
16366
30287
15382
30289
16367
30291
15368
15369
15370
30285
15368
15369
15368
15370
16370
15369
15370
16371
30288
30290
16373
30291
15375
15376
15377
15384
15375
15376
15375
15377
15376
15377
15385
15388
15389
15381
15382
15383
15384
30299
15381
15383
15386
15382
15383
30301
15388
30303
15390
30305
15388
15389
15390
15388
15389
15399
15388
15390
16392
15389
15390
15401
16393
15403
16395
15395
15396
15397
15405
15395
15396
15395
15397
15396
15397
15406
15409
15410
15402
15403
15404
15405
15402
15403
15402
15404
15407
15403
15404
15409
15411
15409
15410
15411
15409
15410
15409
15411
16412
15410
15411
15424
16413
15425
16415
15414
15415
15416
15427
15414
15415
15417
15420
15421
15429
15420
15421
15422
15431
30306
15420
15421
15439
15420
15422
30308
15421
15422
15432
15441
30310
15435
15443
15436
30312
15425
15426
15427
30313
15425
15426
30315
30317
15430
30319
15429
15430
15431
15429
15430
15433
15452
16433
15435
15453
15437
16434
15435
15436
15437
30313
15435
15436
15455
15435
15437
15456
16437
15436
15437
16438
30316
15458
30318
16440
30319
15442
15443
15444
15445
15454
15442
15443
15442
15444
15447
15443
15444
15455
15449
15458
15451
15459
15449
15450
15451
15461
15449
15450
15449
15451
15450
15451
15462
15469
15465
15466
15453
15456
15458
15458
15459
15460
15461
15458
15459
15458
15460
16459
15459
15460
15464
16460
15466
15467
16462
15465
15466
15467
15465
15466
15471
15465
15467
16466
15466
15467
16467
16469
15470
15470
15471
15473
15473
15524
15473
15525
16488
15527
15475
15479
15483
15486
15477
15480
15484
15488
15482
15483
15484
15489
15482
15483
30321
15482
15484
15483
15484
15490
30323
15493
30325
15494
15486
15491
15505
16494
15493
15507
15488
15492
15587
16496
15494
15589
15493
15494
15495
15493
15494
30328
15493
15495
16499
30329
15494
15495
16500
30331
16502
15500
15501
15502
15509
15500
15501
15500
15502
27006
15501
15502
15510
27007
15513
15514
27010
15506
15507
15508
15509
30327
15506
15508
15511
15507
15508
30329
15513
30331
15515
30333
15513
15514
15515
15513
15514
30335
15513
15515
16517
15514
15515
16518
30337
30339
16520
15520
15521
15522
15530
15520
15521
15520
15522
15521
15522
15531
15534
15535
15527
15528
15529
15530
15527
15528
15527
15529
15532
15528
15529
15534
15536
15534
15535
15536
15534
15535
15534
15536
16537
15535
15536
15549
16538
15550
16540
15541
15542
15543
15544
15551
15541
15542
15541
15543
15545
15542
15543
15552
15547
15555
15548
15556
15547
15548
15558
15547
15548
30342
15548
15559
30344
15561
30346
15550
15553
15555
15555
15556
15557
15558
15555
15556
15555
15557
16558
15556
15557
15560
16559
15561
15562
16561
15561
15562
15561
30349
15561
15562
16565
30350
30352
16567
15564
15568
15572
15575
15566
15569
15573
15577
15571
15572
15573
15578
15571
15572
15571
15573
15572
15573
15579
15582
15583
15575
15580
15588
16583
15582
15590
15577
15581
15623
16585
15583
15625
15582
15583
15584
15582
15583
15582
15584
16588
15583
15584
16589
16591
15589
15590
15591
15589
15590
15589
15591
15590
15591
15595
15596
15602
30355
15595
15596
15629
30357
15596
15603
15631
30359
15605
15633
30361
15600
15601
30362
15600
30349
15600
15601
30351
30364
30353
30366
30368
15605
15606
30362
15605
15636
15605
15606
15637
16613
30365
15639
30367
16615
30368
15608
15609
15612
15615
15612
30370
15613
15659
15612
15613
15616
15661
30372
15619
30374
15620
15663
15615
15617
15624
16627
15619
15626
15619
15620
15673
30377
15619
16629
30378
15620
15674
16630
30380
15676
15625
15626
15627
30376
15625
15626
15625
15627
15626
15627
30378
30380
30382
15632
15633
15634
15635
15632
15633
15632
15634
15633
15634
15636
15639
15640
15639
15640
15641
15639
15640
15639
15641
16649
15640
15641
15649
16650
15650
16652
15646
15647
15648
15651
15646
15647
15646
15648
27061
15647
15648
15652
27063
15655
15656
27065
15650
15653
15655
15655
15656
15657
15655
15656
30398
15655
15657
16663
15656
15657
16664
30399
30401
16666
15662
15663
15664
15672
30383
15662
15663
15662
15664
30384
15663
15664
15673
30387
15676
15677
30388
15668
15669
15679
30383
15668
15669
30385
15669
15680
30387
15682
30389
15671
15672
15679
15678
15683
15676
15677
15678
30390
15676
15677
15676
15678
16679
15677
15678
16680
30392
30394
16682
30396
15682
15683
30390
15682
15720
15682
15683
15721
16686
30393
15723
30395
16688
30396
15686
15687
15688
15695
27060
15686
15687
27061
15692
27064
15697
27065
15692
15693
15694
15699
15692
15693
15692
15694
15734
15693
15694
15700
15736
15703
15704
15738
15697
15698
15699
30397
15697
15698
16705
30399
30401
15705
16706
30403
15703
15704
15705
15703
15704
15741
15703
15705
16709
15704
15705
15742
16710
15744
16712
15708
15713
15708
15709
15715
15757
15711
15717
15711
15727
15764
15711
15728
16726
15730
15716
15717
15718
15726
15716
15717
15716
15718
27082
15717
15718
15727
27084
15730
15731
27086
15723
15724
15725
15726
15723
15724
15723
15725
15724
15725
15728
15730
15732
15730
15731
15732
15730
15731
30426
15730
15732
16733
15731
15732
16734
30427
30429
16736
15737
15738
15739
15740
30404
15737
15738
15737
15739
30405
15738
15739
15741
30408
15744
15745
30409
15744
15745
15746
30411
15744
15745
15750
15744
15746
16754
15745
15746
15751
16755
30413
15752
30415
16757
30417
15749
30405
15749
15753
30407
15755
30409
15752
15752
15754
15755
15755
15780
30412
15755
16767
30413
30415
15758
15759
27083
15758
15764
27084
15762
15766
27087
15762
30419
15763
15794
15762
15763
15767
15796
30421
15770
30423
15771
15798
15766
30426
15766
15768
16776
30428
15770
30430
15770
15771
15808
30433
15770
16779
30434
15771
15809
16780
30436
15811
15776
15777
15778
15786
15776
15777
15776
15778
15777
15778
15787
15790
15791
15783
15784
15785
15786
15783
15784
15783
15785
15784
15785
15788
15790
15792
15790
15791
15792
15790
15791
15829
15790
15792
16793
15791
15792
15830
16794
15832
16796
15797
15798
15799
15800
15807
15797
15798
15797
15799
15801
15798
15799
15808
15804
15811
15805
15812
15804
15805
15806
15814
15804
15805
15804
15806
15843
15805
15806
15815
15845
15818
15819
15847
15811
15812
15813
15814
15811
15812
15811
15813
16814
15812
15813
15816
16815
15818
15820
16817
15818
15819
15820
15818
15819
15853
15818
15820
16821
15819
15820
15854
16822
15856
16824
15825
15826
15827
15835
15825
15826
15825
15827
15826
15827
15836
15839
15840
15832
15833
15834
15835
15832
15833
15832
15834
15833
15834
15837
15839
15841
15839
15840
15841
15839
15840
15870
15839
15841
16842
15840
15841
15871
16843
15873
16845
15846
15847
15848
15852
15846
15847
15846
15848
15849
15847
15848
15853
15856
15851
15857
15851
30440
15851
15859
15884
30442
15861
30444
15856
15857
15858
15856
15857
15856
15858
16863
15857
15858
15860
16864
15861
16866
15861
15888
30447
15861
16869
30448
30450
15866
15867
15868
15876
15866
15867
15866
15868
15867
15868
15877
15880
15881
15873
15874
15875
15876
15873
15874
15873
15875
15874
15875
15878
15880
15882
15880
15881
15882
15880
15881
15931
15880
15882
16883
15881
15882
15932
16884
15934
16886
15885
15886
15885
15888
15887
15890
15887
15894
15892
15898
15890
15901
15890
15891
15903
16903
15892
15905
15892
15909
16906
15911
15897
15898
15899
15907
15897
15898
15897
15899
15898
15899
15908
15911
15912
15904
15905
15906
15907
15904
15905
30447
15904
15906
30449
15905
15906
15909
30451
15911
15913
15911
15912
15913
15911
15912
15951
15911
15913
16914
15912
15913
15952
16915
15954
16917
15918
15919
15920
15921
30453
15918
15919
15928
30455
15918
15920
15969
15919
15920
15922
15929
15971
30457
15925
15930
30459
15926
15973
15925
15926
15927
30460
15925
15926
15936
15982
15925
15927
15937
16935
30463
15926
15927
15983
16936
15938
30465
15985
16938
30466
15930
15930
15936
15938
15934
15935
30461
15934
15935
15937
30463
15938
30465
15938
15994
15938
16948
15941
15942
15943
15957
15941
15942
15945
15947
15949
15959
15947
15948
15949
15961
15947
15948
15947
15949
15996
15948
15949
15962
15998
15965
15966
16000
15954
15955
15956
15957
15954
15955
15954
15956
15955
15956
15960
15959
15960
15961
15959
15960
15964
16960
15966
15967
16961
15965
15966
15967
15965
15966
16005
15965
15967
16964
15966
15967
16006
16965
16008
16967
15972
15973
15974
15975
15981
15972
15973
15972
15974
15976
15973
15974
15982
15978
15985
15979
15986
15978
15979
15980
15988
30467
15978
15979
15978
15980
16027
30469
30471
15991
15992
16028
30473
15985
15986
15987
15988
15985
15986
15994
15985
15987
16989
15986
15987
15989
16990
15991
15993
16992
15991
15992
15993
30474
15991
15993
16996
15992
15993
16041
16997
30477
16042
30479
16998
30480
15999
16000
16001
16004
15999
16000
15999
16001
16002
16000
16001
16005
16008
16003
16009
16003
16014
16012
16018
16008
16009
16010
16008
16009
16008
16010
17016
16009
16010
16011
17017
16012
17019
16012
16022
17022
16024
16017
16018
16019
16020
16017
16018
16017
16019
16018
16019
16021
16024
16025
16024
16025
16026
16024
16025
16054
16024
16026
17034
16025
16026
16055
17035
16056
17037
16028
16042
16032
16033
16043
16032
16033
30482
16033
16044
30484
16046
30486
16038
16039
16040
16043
16038
16039
30475
16038
16040
16041
30477
16039
16040
16045
16042
30479
16046
16047
16042
17047
16046
16047
16046
30489
16046
16047
17050
30490
30492
17052
16051
16052
16058
30495
16051
16052
30497
33484
16052
16059
33486
30499
16061
30501
33487
16056
16057
30502
16056
16056
16057
30504
30506
30508
16061
16062
30502
16061
33491
16061
16062
17069
30505
33492
30507
33494
17071
30508
16066
16067
16075
27130
16066
16067
27131
30483
16067
16076
30484
27134
16078
27135
30487
16072
16073
16074
16080
27130
16072
16073
27132
33498
16072
16074
16073
16074
16081
33500
27134
16084
27136
33501
16085
16078
16079
30509
16078
30489
16078
16079
17084
30491
30511
30493
30513
17086
30515
16084
16085
16086
30509
16084
16085
33505
16084
16086
17089
30512
33506
16085
16086
17090
30514
33508
17092
30515
16091
16092
16093
16101
16091
16092
16091
16093
16094
16092
16093
16102
16105
16095
16106
16095
16111
16109
16115
16099
16100
16101
16099
33491
16099
16100
16103
33493
16105
33495
16107
16105
16106
16107
16105
16106
16105
16107
17108
16106
16107
16108
17109
16109
17111
16109
16119
17114
16121
16114
16115
16116
16117
30516
16114
16115
16114
16116
30518
16115
16116
16118
30520
16121
16122
30522
16121
16122
16123
30523
16121
16122
16121
16123
17131
16122
16123
17132
30526
30528
17134
30529
16128
16129
16130
16131
30530
16128
16129
16144
16128
16130
16330
30532
16129
16130
16132
16145
30534
16135
16147
16136
16331
30536
16135
16136
16137
30537
16135
16136
16154
16135
16137
16155
17145
16136
16137
16337
17146
30540
16156
16338
30542
17148
30543
16141
16142
16148
27165
16141
16142
27166
33499
16142
16149
33500
27169
16151
27170
33502
16146
16147
16153
27165
16146
16147
27167
16147
16154
27169
16156
27171
16151
16152
30544
16151
33505
16151
16152
17159
30546
33507
30548
33509
17161
30550
16156
16157
30544
16156
16156
16157
17164
30547
30549
17166
30550
16160
30518
16160
16161
30519
16163
30522
16163
16176
30524
16163
17178
30526
30528
16168
16169
16170
16171
16182
16168
16169
16168
16170
16172
27174
16169
16170
16183
27175
16173
16186
16174
16187
27178
16173
16174
16189
16173
16174
16194
16191
16196
16179
16180
16181
16182
16179
16180
16179
16181
16184
16180
16181
16186
16188
16186
16187
16188
16189
16186
16187
30552
16186
16188
17185
16187
16188
16190
17186
30554
16191
30556
16192
17188
16191
16192
16191
16192
16205
17192
16206
17193
16195
16196
16197
16204
27172
16195
16196
27174
16201
27176
16206
27178
16201
16202
16203
16208
16201
16202
16216
16201
16203
16202
16203
16209
16218
16212
16220
16213
16206
16207
16208
30551
16206
16207
17214
30554
30556
16214
17215
30557
16212
16213
16214
16212
16213
16230
16212
16214
16231
17218
16213
16214
17219
16233
17221
16219
16220
16221
16222
16229
16219
16220
16219
16221
16224
16220
16221
16230
16226
16233
16228
16234
16226
16227
16228
16236
16226
16227
16244
16226
16228
16227
16228
16237
16246
16240
16248
16241
16233
16234
16235
16236
16233
16234
16233
16235
17236
16234
16235
16239
17237
16241
16242
17239
16240
16241
16242
16240
16241
16258
16240
16242
16259
17243
16241
16242
17244
16261
17246
16247
16248
16249
16250
16257
16247
16248
16247
16249
16252
16248
16249
16258
16254
16261
16256
16262
16254
16255
16256
16264
16254
16255
16272
16254
16256
16255
16256
16265
16274
16268
16276
16269
16261
16262
16263
16264
16261
16262
16261
16263
17264
16262
16263
16267
17265
16269
16270
17267
16268
16269
16270
16268
16269
16285
16268
16270
16286
17271
16269
16270
17272
16288
17274
16275
16276
16277
16278
16284
16275
16276
16275
16277
16280
16276
16277
16285
16281
16288
16283
16289
16281
16282
16283
16291
30558
16281
16282
16305
30560
16281
16283
30562
16294
16307
30564
16295
16288
16289
16290
16291
16288
16289
16288
16290
17292
16289
16290
16293
17293
16295
16296
17295
16294
16295
16296
30565
16294
16296
16325
17299
30568
16295
16296
17300
16326
30570
17301
30571
16301
16302
16303
16308
16317
16301
16302
16301
16303
16302
16303
16318
16309
16321
16322
16306
16307
16308
16324
16306
16307
16309
16326
16309
16328
16314
16315
16316
16317
16324
16314
16315
30566
16314
16316
16319
16315
16316
16325
30568
16321
16326
30570
16323
16327
16321
16322
16323
16328
16321
16322
16332
16321
16323
17318
16322
16323
16334
17319
16336
16329
17321
16326
16327
16328
16326
16327
17325
16329
17326
16329
17329
16331
16338
16335
16336
30538
16335
16337
30540
16336
16338
30542
16338
17350
16340
16343
16519
16354
16530
16344
16345
16346
16353
16344
16345
16348
27180
16345
16354
27182
16350
16352
16356
27184
16350
16351
16352
16358
16350
16351
16370
16350
16352
16351
16352
16359
16372
16362
16374
16363
16356
16357
16358
16356
30629
16356
16357
16361
17362
30630
16363
30632
16364
17364
16362
16363
16364
16362
16363
16385
16362
16364
16386
17367
16363
16364
17368
16388
17370
16367
16368
16380
30572
16367
16368
30573
30576
16382
30577
16373
16374
16375
16384
30572
16373
16374
16373
16375
30574
16374
16375
16385
30576
16388
16389
30578
16378
16379
16380
16384
16378
16379
16386
16388
16383
16390
16382
16383
30579
16382
16383
16400
17386
30581
16402
30583
17387
30585
16388
16389
16390
30579
16388
16389
16388
16390
17390
16389
16390
17391
30582
30584
17393
30585
16395
16396
16397
16404
16395
16396
16395
16397
16396
16397
16405
16408
16409
16401
16402
16403
16404
30593
16401
16403
16406
16402
16403
30595
16408
30597
16410
30599
16408
16409
16410
16408
16409
16419
16408
16410
17412
16409
16410
16421
17413
16423
17415
16415
16416
16417
16425
16415
16416
16415
16417
16416
16417
16426
16429
16430
16422
16423
16424
16425
16422
16423
16422
16424
16427
16423
16424
16429
16431
16429
16430
16431
16429
16430
16429
16431
17432
16430
16431
16444
17433
16445
17435
16434
16435
16436
16447
16434
16435
16437
16440
16441
16449
16440
16441
16442
16451
30600
16440
16441
16459
16440
16442
30602
16441
16442
16452
16461
30604
16455
16463
16456
30606
16445
16446
16447
30607
16445
16446
30609
30611
16450
30613
16449
16450
16451
16449
16450
16453
16472
17453
16455
16473
16457
17454
16455
16456
16457
30607
16455
16456
16475
16455
16457
16476
17457
16456
16457
17458
30610
16478
30612
17460
30613
16462
16463
16464
16465
16474
16462
16463
16462
16464
16467
16463
16464
16475
16469
16478
16471
16479
16469
16470
16471
16481
16469
16470
16469
16471
16470
16471
16482
16489
16485
16486
16473
16476
16478
16478
16479
16480
16481
16478
16479
16478
16480
17479
16479
16480
16484
17480
16486
16487
17482
16485
16486
16487
16485
16486
16491
16485
16487
17486
16486
16487
17487
17489
16490
16490
16491
16493
16493
16544
16493
16545
17508
16547
16495
16499
16503
16506
16497
16500
16504
16508
16502
16503
16504
16509
16502
16503
30615
16502
16504
16503
16504
16510
30617
16513
30619
16514
16506
16511
16525
17514
16513
16527
16508
16512
16607
17516
16514
16609
16513
16514
16515
16513
16514
30622
16513
16515
17519
30623
16514
16515
17520
30625
17522
16520
16521
16522
16529
16520
16521
16520
16522
27181
16521
16522
16530
27182
16533
16534
27185
16526
16527
16528
16529
30621
16526
16528
16531
16527
16528
30623
16533
30625
16535
30627
16533
16534
16535
16533
16534
30629
16533
16535
17537
16534
16535
17538
30631
30633
17540
16540
16541
16542
16550
16540
16541
16540
16542
16541
16542
16551
16554
16555
16547
16548
16549
16550
16547
16548
16547
16549
16552
16548
16549
16554
16556
16554
16555
16556
16554
16555
16554
16556
17557
16555
16556
16569
17558
16570
17560
16561
16562
16563
16564
16571
16561
16562
16561
16563
16565
16562
16563
16572
16567
16575
16568
16576
16567
16568
16578
16567
16568
30636
16568
16579
30638
16581
30640
16570
16573
16575
16575
16576
16577
16578
16575
16576
16575
16577
17578
16576
16577
16580
17579
16581
16582
17581
16581
16582
16581
30643
16581
16582
17585
30644
30646
17587
16584
16588
16592
16595
16586
16589
16593
16597
16591
16592
16593
16598
16591
16592
16591
16593
16592
16593
16599
16602
16603
16595
16600
16608
17603
16602
16610
16597
16601
16643
17605
16603
16645
16602
16603
16604
16602
16603
16602
16604
17608
16603
16604
17609
17611
16609
16610
16611
16609
16610
16609
16611
16610
16611
16615
16616
16622
30649
16615
16616
16649
30651
16616
16623
16651
30653
16625
16653
30655
16620
16621
30656
16620
30643
16620
16621
30645
30658
30647
30660
30662
16625
16626
30656
16625
16656
16625
16626
16657
17633
30659
16659
30661
17635
30662
16628
16629
16632
16635
16632
30664
16633
16679
16632
16633
16636
16681
30666
16639
30668
16640
16683
16635
16637
16644
17647
16639
16646
16639
16640
16693
30671
16639
17649
30672
16640
16694
17650
30674
16696
16645
16646
16647
30670
16645
16646
16645
16647
16646
16647
30672
30674
30676
16652
16653
16654
16655
16652
16653
16652
16654
16653
16654
16656
16659
16660
16659
16660
16661
16659
16660
16659
16661
17669
16660
16661
16669
17670
16670
17672
16666
16667
16668
16671
16666
16667
16666
16668
27236
16667
16668
16672
27238
16675
16676
27240
16670
16673
16675
16675
16676
16677
16675
16676
30692
16675
16677
17683
16676
16677
17684
30693
30695
17686
16682
16683
16684
16692
30677
16682
16683
16682
16684
30678
16683
16684
16693
30681
16696
16697
30682
16688
16689
16699
30677
16688
16689
30679
16689
16700
30681
16702
30683
16691
16692
16699
16698
16703
16696
16697
16698
30684
16696
16697
16696
16698
17699
16697
16698
17700
30686
30688
17702
30690
16702
16703
30684
16702
16740
16702
16703
16741
17706
30687
16743
30689
17708
30690
16706
16707
16708
16715
27235
16706
16707
27236
16712
27239
16717
27240
16712
16713
16714
16719
16712
16713
16712
16714
16754
16713
16714
16720
16756
16723
16724
16758
16717
16718
16719
30691
16717
16718
17725
30693
30695
16725
17726
30697
16723
16724
16725
16723
16724
16761
16723
16725
17729
16724
16725
16762
17730
16764
17732
16728
16733
16728
16729
16735
16777
16731
16737
16731
16747
16784
16731
16748
17746
16750
16736
16737
16738
16746
16736
16737
16736
16738
27257
16737
16738
16747
27259
16750
16751
27261
16743
16744
16745
16746
16743
16744
16743
16745
16744
16745
16748
16750
16752
16750
16751
16752
16750
16751
30720
16750
16752
17753
16751
16752
17754
30721
30723
17756
16757
16758
16759
16760
30698
16757
16758
16757
16759
30699
16758
16759
16761
30702
16764
16765
30703
16764
16765
16766
30705
16764
16765
16770
16764
16766
17774
16765
16766
16771
17775
30707
16772
30709
17777
30711
16769
30699
16769
16773
30701
16775
30703
16772
16772
16774
16775
16775
16800
30706
16775
17787
30707
30709
16778
16779
27258
16778
16784
27259
16782
16786
27262
16782
30713
16783
16814
16782
16783
16787
16816
30715
16790
30717
16791
16818
16786
30720
16786
16788
17796
30722
16790
30724
16790
16791
16828
30727
16790
17799
30728
16791
16829
17800
30730
16831
16796
16797
16798
16806
16796
16797
16796
16798
16797
16798
16807
16810
16811
16803
16804
16805
16806
16803
16804
16803
16805
16804
16805
16808
16810
16812
16810
16811
16812
16810
16811
16849
16810
16812
17813
16811
16812
16850
17814
16852
17816
16817
16818
16819
16820
16827
16817
16818
16817
16819
16821
16818
16819
16828
16824
16831
16825
16832
16824
16825
16826
16834
16824
16825
16824
16826
16863
16825
16826
16835
16865
16838
16839
16867
16831
16832
16833
16834
16831
16832
16831
16833
17834
16832
16833
16836
17835
16838
16840
17837
16838
16839
16840
16838
16839
16873
16838
16840
17841
16839
16840
16874
17842
16876
17844
16845
16846
16847
16855
16845
16846
16845
16847
16846
16847
16856
16859
16860
16852
16853
16854
16855
16852
16853
16852
16854
16853
16854
16857
16859
16861
16859
16860
16861
16859
16860
16890
16859
16861
17862
16860
16861
16891
17863
16893
17865
16866
16867
16868
16872
16866
16867
16866
16868
16869
16867
16868
16873
16876
16871
16877
16871
30734
16871
16879
16904
30736
16881
30738
16876
16877
16878
16876
16877
16876
16878
17883
16877
16878
16880
17884
16881
17886
16881
16908
30741
16881
17889
30742
30744
16886
16887
16888
16896
16886
16887
16886
16888
16887
16888
16897
16900
16901
16893
16894
16895
16896
16893
16894
16893
16895
16894
16895
16898
16900
16902
16900
16901
16902
16900
16901
16951
16900
16902
17903
16901
16902
16952
17904
16954
17906
16905
16906
16905
16908
16907
16910
16907
16914
16912
16918
16910
16921
16910
16911
16923
17923
16912
16925
16912
16929
17926
16931
16917
16918
16919
16927
16917
16918
16917
16919
16918
16919
16928
16931
16932
16924
16925
16926
16927
16924
16925
30741
16924
16926
30743
16925
16926
16929
30745
16931
16933
16931
16932
16933
16931
16932
16971
16931
16933
17934
16932
16933
16972
17935
16974
17937
16938
16939
16940
16941
30747
16938
16939
16948
30749
16938
16940
16989
16939
16940
16942
16949
16991
30751
16945
16950
30753
16946
16993
16945
16946
16947
30754
16945
16946
16956
17002
16945
16947
16957
17955
30757
16946
16947
17003
17956
16958
30759
17005
17958
30760
16950
16950
16956
16958
16954
16955
30755
16954
16955
16957
30757
16958
30759
16958
17014
16958
17968
16961
16962
16963
16977
16961
16962
16965
16967
16969
16979
16967
16968
16969
16981
16967
16968
16967
16969
17016
16968
16969
16982
17018
16985
16986
17020
16974
16975
16976
16977
16974
16975
16974
16976
16975
16976
16980
16979
16980
16981
16979
16980
16984
17980
16986
16987
17981
16985
16986
16987
16985
16986
17025
16985
16987
17984
16986
16987
17026
17985
17028
17987
16992
16993
16994
16995
17001
16992
16993
16992
16994
16996
16993
16994
17002
16998
17005
16999
17006
16998
16999
17000
17008
30761
16998
16999
16998
17000
17047
30763
30765
17011
17012
17048
30767
17005
17006
17007
17008
17005
17006
17014
17005
17007
18009
17006
17007
17009
18010
17011
17013
18012
17011
17012
17013
30768
17011
17013
18016
17012
17013
17061
18017
30771
17062
30773
18018
30774
17019
17020
17021
17024
17019
17020
17019
17021
17022
17020
17021
17025
17028
17023
17029
17023
17034
17032
17038
17028
17029
17030
17028
17029
17028
17030
18036
17029
17030
17031
18037
17032
18039
17032
17042
18042
17044
17037
17038
17039
17040
17037
17038
17037
17039
17038
17039
17041
17044
17045
17044
17045
17046
17044
17045
17074
17044
17046
18054
17045
17046
17075
18055
17076
18057
17048
17062
17052
17053
17063
17052
17053
30776
17053
17064
30778
17066
30780
17058
17059
17060
17063
17058
17059
30769
17058
17060
17061
30771
17059
17060
17065
17062
30773
17066
17067
17062
18067
17066
17067
17066
30783
17066
17067
18070
30784
30786
18072
17071
17072
17078
30789
17071
17072
30791
33512
17072
17079
33514
30793
17081
30795
33515
17076
17077
30796
17076
17076
17077
30798
30800
30802
17081
17082
30796
17081
33519
17081
17082
18089
30799
33520
30801
33522
18091
30802
17086
17087
17095
27305
17086
17087
27306
30777
17087
17096
30778
27309
17098
27310
30781
17092
17093
17094
17100
27305
17092
17093
27307
33526
17092
17094
17093
17094
17101
33528
27309
17104
27311
33529
17105
17098
17099
30803
17098
30783
17098
17099
18104
30785
30805
30787
30807
18106
30809
17104
17105
17106
30803
17104
17105
33533
17104
17106
18109
30806
33534
17105
17106
18110
30808
33536
18112
30809
17111
17112
17113
17121
17111
17112
17111
17113
17114
17112
17113
17122
17125
17115
17126
17115
17131
17129
17135
17119
17120
17121
17119
33519
17119
17120
17123
33521
17125
33523
17127
17125
17126
17127
17125
17126
17125
17127
18128
17126
17127
17128
18129
17129
18131
17129
17139
18134
17141
17134
17135
17136
17137
30810
17134
17135
17134
17136
30812
17135
17136
17138
30814
17141
17142
30816
17141
17142
17143
30817
17141
17142
17141
17143
18151
17142
17143
18152
30820
30822
18154
30823
17148
17149
17150
17151
30824
17148
17149
17164
17148
17150
17350
30826
17149
17150
17152
17165
30828
17155
17167
17156
17351
30830
17155
17156
17157
30831
17155
17156
17174
17155
17157
17175
18165
17156
17157
17357
18166
30834
17176
17358
30836
18168
30837
17161
17162
17168
27340
17161
17162
27341
33527
17162
17169
33528
27344
17171
27345
33530
17166
17167
17173
27340
17166
17167
27342
17167
17174
27344
17176
27346
17171
17172
30838
17171
33533
17171
17172
18179
30840
33535
30842
33537
18181
30844
17176
17177
30838
17176
17176
17177
18184
30841
30843
18186
30844
17180
30812
17180
17181
30813
17183
30816
17183
17196
30818
17183
18198
30820
30822
17188
17189
17190
17191
17202
17188
17189
17188
17190
17192
27349
17189
17190
17203
27350
17193
17206
17194
17207
27353
17193
17194
17209
17193
17194
17214
17211
17216
17199
17200
17201
17202
17199
17200
17199
17201
17204
17200
17201
17206
17208
17206
17207
17208
17209
17206
17207
30846
17206
17208
18205
17207
17208
17210
18206
30848
17211
30850
17212
18208
17211
17212
17211
17212
17225
18212
17226
18213
17215
17216
17217
17224
27347
17215
17216
27349
17221
27351
17226
27353
17221
17222
17223
17228
17221
17222
17236
17221
17223
17222
17223
17229
17238
17232
17240
17233
17226
17227
17228
30845
17226
17227
18234
30848
30850
17234
18235
30851
17232
17233
17234
17232
17233
17250
17232
17234
17251
18238
17233
17234
18239
17253
18241
17239
17240
17241
17242
17249
17239
17240
17239
17241
17244
17240
17241
17250
17246
17253
17248
17254
17246
17247
17248
17256
17246
17247
17264
17246
17248
17247
17248
17257
17266
17260
17268
17261
17253
17254
17255
17256
17253
17254
17253
17255
18256
17254
17255
17259
18257
17261
17262
18259
17260
17261
17262
17260
17261
17278
17260
17262
17279
18263
17261
17262
18264
17281
18266
17267
17268
17269
17270
17277
17267
17268
17267
17269
17272
17268
17269
17278
17274
17281
17276
17282
17274
17275
17276
17284
17274
17275
17292
17274
17276
17275
17276
17285
17294
17288
17296
17289
17281
17282
17283
17284
17281
17282
17281
17283
18284
17282
17283
17287
18285
17289
17290
18287
17288
17289
17290
17288
17289
17305
17288
17290
17306
18291
17289
17290
18292
17308
18294
17295
17296
17297
17298
17304
17295
17296
17295
17297
17300
17296
17297
17305
17301
17308
17303
17309
17301
17302
17303
17311
30852
17301
17302
17325
30854
17301
17303
30856
17314
17327
30858
17315
17308
17309
17310
17311
17308
17309
17308
17310
18312
17309
17310
17313
18313
17315
17316
18315
17314
17315
17316
30859
17314
17316
17345
18319
30862
17315
17316
18320
17346
30864
18321
30865
17321
17322
17323
17328
17337
17321
17322
17321
17323
17322
17323
17338
17329
17341
17342
17326
17327
17328
17344
17326
17327
17329
17346
17329
17348
17334
17335
17336
17337
17344
17334
17335
30860
17334
17336
17339
17335
17336
17345
30862
17341
17346
30864
17343
17347
17341
17342
17343
17348
17341
17342
17352
17341
17343
18338
17342
17343
17354
18339
17356
17349
18341
17346
17347
17348
17346
17347
18345
17349
18346
17349
18349
17351
17358
17355
17356
30832
17355
17357
30834
17356
17358
30836
17358
18370
17360
17363
17539
17374
17550
17364
17365
17366
17373
17364
17365
17368
27355
17365
17374
27357
17370
17372
17376
27359
17370
17371
17372
17378
17370
17371
17390
17370
17372
17371
17372
17379
17392
17382
17394
17383
17376
17377
17378
17376
30923
17376
17377
17381
18382
30924
17383
30926
17384
18384
17382
17383
17384
17382
17383
17405
17382
17384
17406
18387
17383
17384
18388
17408
18390
17387
17388
17400
30866
17387
17388
30867
30870
17402
30871
17393
17394
17395
17404
30866
17393
17394
17393
17395
30868
17394
17395
17405
30870
17408
17409
30872
17398
17399
17400
17404
17398
17399
17406
17408
17403
17410
17402
17403
30873
17402
17403
17420
18406
30875
17422
30877
18407
30879
17408
17409
17410
30873
17408
17409
17408
17410
18410
17409
17410
18411
30876
30878
18413
30879
17415
17416
17417
17424
17415
17416
17415
17417
17416
17417
17425
17428
17429
17421
17422
17423
17424
30887
17421
17423
17426
17422
17423
30889
17428
30891
17430
30893
17428
17429
17430
17428
17429
17439
17428
17430
18432
17429
17430
17441
18433
17443
18435
17435
17436
17437
17445
17435
17436
17435
17437
17436
17437
17446
17449
17450
17442
17443
17444
17445
17442
17443
17442
17444
17447
17443
17444
17449
17451
17449
17450
17451
17449
17450
17449
17451
18452
17450
17451
17464
18453
17465
18455
17454
17455
17456
17467
17454
17455
17457
17460
17461
17469
17460
17461
17462
17471
30894
17460
17461
17479
17460
17462
30896
17461
17462
17472
17481
30898
17475
17483
17476
30900
17465
17466
17467
30901
17465
17466
30903
30905
17470
30907
17469
17470
17471
17469
17470
17473
17492
18473
17475
17493
17477
18474
17475
17476
17477
30901
17475
17476
17495
17475
17477
17496
18477
17476
17477
18478
30904
17498
30906
18480
30907
17482
17483
17484
17485
17494
17482
17483
17482
17484
17487
17483
17484
17495
17489
17498
17491
17499
17489
17490
17491
17501
17489
17490
17489
17491
17490
17491
17502
17509
17505
17506
17493
17496
17498
17498
17499
17500
17501
17498
17499
17498
17500
18499
17499
17500
17504
18500
17506
17507
18502
17505
17506
17507
17505
17506
17511
17505
17507
18506
17506
17507
18507
18509
17510
17510
17511
17513
17513
17564
17513
17565
18528
17567
17515
17519
17523
17526
17517
17520
17524
17528
17522
17523
17524
17529
17522
17523
30909
17522
17524
17523
17524
17530
30911
17533
30913
17534
17526
17531
17545
18534
17533
17547
17528
17532
17627
18536
17534
17629
17533
17534
17535
17533
17534
30916
17533
17535
18539
30917
17534
17535
18540
30919
18542
17540
17541
17542
17549
17540
17541
17540
17542
27356
17541
17542
17550
27357
17553
17554
27360
17546
17547
17548
17549
30915
17546
17548
17551
17547
17548
30917
17553
30919
17555
30921
17553
17554
17555
17553
17554
30923
17553
17555
18557
17554
17555
18558
30925
30927
18560
17560
17561
17562
17570
17560
17561
17560
17562
17561
17562
17571
17574
17575
17567
17568
17569
17570
17567
17568
17567
17569
17572
17568
17569
17574
17576
17574
17575
17576
17574
17575
17574
17576
18577
17575
17576
17589
18578
17590
18580
17581
17582
17583
17584
17591
17581
17582
17581
17583
17585
17582
17583
17592
17587
17595
17588
17596
17587
17588
17598
17587
17588
30930
17588
17599
30932
17601
30934
17590
17593
17595
17595
17596
17597
17598
17595
17596
17595
17597
18598
17596
17597
17600
18599
17601
17602
18601
17601
17602
17601
30937
17601
17602
18605
30938
30940
18607
17604
17608
17612
17615
17606
17609
17613
17617
17611
17612
17613
17618
17611
17612
17611
17613
17612
17613
17619
17622
17623
17615
17620
17628
18623
17622
17630
17617
17621
17663
18625
17623
17665
17622
17623
17624
17622
17623
17622
17624
18628
17623
17624
18629
18631
17629
17630
17631
17629
17630
17629
17631
17630
17631
17635
17636
17642
30943
17635
17636
17669
30945
17636
17643
17671
30947
17645
17673
30949
17640
17641
30950
17640
30937
17640
17641
30939
30952
30941
30954
30956
17645
17646
30950
17645
17676
17645
17646
17677
18653
30953
17679
30955
18655
30956
17648
17649
17652
17655
17652
30958
17653
17699
17652
17653
17656
17701
30960
17659
30962
17660
17703
17655
17657
17664
18667
17659
17666
17659
17660
17713
30965
17659
18669
30966
17660
17714
18670
30968
17716
17665
17666
17667
30964
17665
17666
17665
17667
17666
17667
30966
30968
30970
17672
17673
17674
17675
17672
17673
17672
17674
17673
17674
17676
17679
17680
17679
17680
17681
17679
17680
17679
17681
18689
17680
17681
17689
18690
17690
18692
17686
17687
17688
17691
17686
17687
17686
17688
27411
17687
17688
17692
27413
17695
17696
27415
17690
17693
17695
17695
17696
17697
17695
17696
30986
17695
17697
18703
17696
17697
18704
30987
30989
18706
17702
17703
17704
17712
30971
17702
17703
17702
17704
30972
17703
17704
17713
30975
17716
17717
30976
17708
17709
17719
30971
17708
17709
30973
17709
17720
30975
17722
30977
17711
17712
17719
17718
17723
17716
17717
17718
30978
17716
17717
17716
17718
18719
17717
17718
18720
30980
30982
18722
30984
17722
17723
30978
17722
17760
17722
17723
17761
18726
30981
17763
30983
18728
30984
17726
17727
17728
17735
27410
17726
17727
27411
17732
27414
17737
27415
17732
17733
17734
17739
17732
17733
17732
17734
17774
17733
17734
17740
17776
17743
17744
17778
17737
17738
17739
30985
17737
17738
18745
30987
30989
17745
18746
30991
17743
17744
17745
17743
17744
17781
17743
17745
18749
17744
17745
17782
18750
17784
18752
17748
17753
17748
17749
17755
17797
17751
17757
17751
17767
17804
17751
17768
18766
17770
17756
17757
17758
17766
17756
17757
17756
17758
27432
17757
17758
17767
27434
17770
17771
27436
17763
17764
17765
17766
17763
17764
17763
17765
17764
17765
17768
17770
17772
17770
17771
17772
17770
17771
31014
17770
17772
18773
17771
17772
18774
31015
31017
18776
17777
17778
17779
17780
30992
17777
17778
17777
17779
30993
17778
17779
17781
30996
17784
17785
30997
17784
17785
17786
30999
17784
17785
17790
17784
17786
18794
17785
17786
17791
18795
31001
17792
31003
18797
31005
17789
30993
17789
17793
30995
17795
30997
17792
17792
17794
17795
17795
17820
31000
17795
18807
31001
31003
17798
17799
27433
17798
17804
27434
17802
17806
27437
17802
31007
17803
17834
17802
17803
17807
17836
31009
17810
31011
17811
17838
17806
31014
17806
17808
18816
31016
17810
31018
17810
17811
17848
31021
17810
18819
31022
17811
17849
18820
31024
17851
17816
17817
17818
17826
17816
17817
17816
17818
17817
17818
17827
17830
17831
17823
17824
17825
17826
17823
17824
17823
17825
17824
17825
17828
17830
17832
17830
17831
17832
17830
17831
17869
17830
17832
18833
17831
17832
17870
18834
17872
18836
17837
17838
17839
17840
17847
17837
17838
17837
17839
17841
17838
17839
17848
17844
17851
17845
17852
17844
17845
17846
17854
17844
17845
17844
17846
17883
17845
17846
17855
17885
17858
17859
17887
17851
17852
17853
17854
17851
17852
17851
17853
18854
17852
17853
17856
18855
17858
17860
18857
17858
17859
17860
17858
17859
17893
17858
17860
18861
17859
17860
17894
18862
17896
18864
17865
17866
17867
17875
17865
17866
17865
17867
17866
17867
17876
17879
17880
17872
17873
17874
17875
17872
17873
17872
17874
17873
17874
17877
17879
17881
17879
17880
17881
17879
17880
17910
17879
17881
18882
17880
17881
17911
18883
17913
18885
17886
17887
17888
17892
17886
17887
17886
17888
17889
17887
17888
17893
17896
17891
17897
17891
31028
17891
17899
17924
31030
17901
31032
17896
17897
17898
17896
17897
17896
17898
18903
17897
17898
17900
18904
17901
18906
17901
17928
31035
17901
18909
31036
31038
17906
17907
17908
17916
17906
17907
17906
17908
17907
17908
17917
17920
17921
17913
17914
17915
17916
17913
17914
17913
17915
17914
17915
17918
17920
17922
17920
17921
17922
17920
17921
17971
17920
17922
18923
17921
17922
17972
18924
17974
18926
17925
17926
17925
17928
17927
17930
17927
17934
17932
17938
17930
17941
17930
17931
17943
18943
17932
17945
17932
17949
18946
17951
17937
17938
17939
17947
17937
17938
17937
17939
17938
17939
17948
17951
17952
17944
17945
17946
17947
17944
17945
31035
17944
17946
31037
17945
17946
17949
31039
17951
17953
17951
17952
17953
17951
17952
17991
17951
17953
18954
17952
17953
17992
18955
17994
18957
17958
17959
17960
17961
31041
17958
17959
17968
31043
17958
17960
18009
17959
17960
17962
17969
18011
31045
17965
17970
31047
17966
18013
17965
17966
17967
31048
17965
17966
17976
18022
17965
17967
17977
18975
31051
17966
17967
18023
18976
17978
31053
18025
18978
31054
17970
17970
17976
17978
17974
17975
31049
17974
17975
17977
31051
17978
31053
17978
18034
17978
18988
17981
17982
17983
17997
17981
17982
17985
17987
17989
17999
17987
17988
17989
18001
17987
17988
17987
17989
18036
17988
17989
18002
18038
18005
18006
18040
17994
17995
17996
17997
17994
17995
17994
17996
17995
17996
18000
17999
18000
18001
17999
18000
18004
19000
18006
18007
19001
18005
18006
18007
18005
18006
18045
18005
18007
19004
18006
18007
18046
19005
18048
19007
18012
18013
18014
18015
18021
18012
18013
18012
18014
18016
18013
18014
18022
18018
18025
18019
18026
18018
18019
18020
18028
31055
18018
18019
18018
18020
18067
31057
31059
18031
18032
18068
31061
18025
18026
18027
18028
18025
18026
18034
18025
18027
19029
18026
18027
18029
19030
18031
18033
19032
18031
18032
18033
31062
18031
18033
19036
18032
18033
18081
19037
31065
18082
31067
19038
31068
18039
18040
18041
18044
18039
18040
18039
18041
18042
18040
18041
18045
18048
18043
18049
18043
18054
18052
18058
18048
18049
18050
18048
18049
18048
18050
19056
18049
18050
18051
19057
18052
19059
18052
18062
19062
18064
18057
18058
18059
18060
18057
18058
18057
18059
18058
18059
18061
18064
18065
18064
18065
18066
18064
18065
18094
18064
18066
19074
18065
18066
18095
19075
18096
19077
18068
18082
18072
18073
18083
18072
18073
31070
18073
18084
31072
18086
31074
18078
18079
18080
18083
18078
18079
31063
18078
18080
18081
31065
18079
18080
18085
18082
31067
18086
18087
18082
19087
18086
18087
18086
31077
18086
18087
19090
31078
31080
19092
18091
18092
18098
31083
18091
18092
31085
33540
18092
18099
33542
31087
18101
31089
33543
18096
18097
31090
18096
18096
18097
31092
31094
31096
18101
18102
31090
18101
33547
18101
18102
19109
31093
33548
31095
33550
19111
31096
18106
18107
18115
27480
18106
18107
27481
31071
18107
18116
31072
27484
18118
27485
31075
18112
18113
18114
18120
27480
18112
18113
27482
33554
18112
18114
18113
18114
18121
33556
27484
18124
27486
33557
18125
18118
18119
31097
18118
31077
18118
18119
19124
31079
31099
31081
31101
19126
31103
18124
18125
18126
31097
18124
18125
33561
18124
18126
19129
31100
33562
18125
18126
19130
31102
33564
19132
31103
18131
18132
18133
18141
18131
18132
18131
18133
18134
18132
18133
18142
18145
18135
18146
18135
18151
18149
18155
18139
18140
18141
18139
33547
18139
18140
18143
33549
18145
33551
18147
18145
18146
18147
18145
18146
18145
18147
19148
18146
18147
18148
19149
18149
19151
18149
18159
19154
18161
18154
18155
18156
18157
31104
18154
18155
18154
18156
31106
18155
18156
18158
31108
18161
18162
31110
18161
18162
18163
31111
18161
18162
18161
18163
19171
18162
18163
19172
31114
31116
19174
31117
18168
18169
18170
18171
31118
18168
18169
18184
18168
18170
18370
31120
18169
18170
18172
18185
31122
18175
18187
18176
18371
31124
18175
18176
18177
31125
18175
18176
18194
18175
18177
18195
19185
18176
18177
18377
19186
31128
18196
18378
31130
19188
31131
18181
18182
18188
27515
18181
18182
27516
33555
18182
18189
33556
27519
18191
27520
33558
18186
18187
18193
27515
18186
18187
27517
18187
18194
27519
18196
27521
18191
18192
31132
18191
33561
18191
18192
19199
31134
33563
31136
33565
19201
31138
18196
18197
31132
18196
18196
18197
19204
31135
31137
19206
31138
18200
31106
18200
18201
31107
18203
31110
18203
18216
31112
18203
19218
31114
31116
18208
18209
18210
18211
18222
18208
18209
18208
18210
18212
27524
18209
18210
18223
27525
18213
18226
18214
18227
27528
18213
18214
18229
18213
18214
18234
18231
18236
18219
18220
18221
18222
18219
18220
18219
18221
18224
18220
18221
18226
18228
18226
18227
18228
18229
18226
18227
31140
18226
18228
19225
18227
18228
18230
19226
31142
18231
31144
18232
19228
18231
18232
18231
18232
18245
19232
18246
19233
18235
18236
18237
18244
27522
18235
18236
27524
18241
27526
18246
27528
18241
18242
18243
18248
18241
18242
18256
18241
18243
18242
18243
18249
18258
18252
18260
18253
18246
18247
18248
31139
18246
18247
19254
31142
31144
18254
19255
31145
18252
18253
18254
18252
18253
18270
18252
18254
18271
19258
18253
18254
19259
18273
19261
18259
18260
18261
18262
18269
18259
18260
18259
18261
18264
18260
18261
18270
18266
18273
18268
18274
18266
18267
18268
18276
18266
18267
18284
18266
18268
18267
18268
18277
18286
18280
18288
18281
18273
18274
18275
18276
18273
18274
18273
18275
19276
18274
18275
18279
19277
18281
18282
19279
18280
18281
18282
18280
18281
18298
18280
18282
18299
19283
18281
18282
19284
18301
19286
18287
18288
18289
18290
18297
18287
18288
18287
18289
18292
18288
18289
18298
18294
18301
18296
18302
18294
18295
18296
18304
18294
18295
18312
18294
18296
18295
18296
18305
18314
18308
18316
18309
18301
18302
18303
18304
18301
18302
18301
18303
19304
18302
18303
18307
19305
18309
18310
19307
18308
18309
18310
18308
18309
18325
18308
18310
18326
19311
18309
18310
19312
18328
19314
18315
18316
18317
18318
18324
18315
18316
18315
18317
18320
18316
18317
18325
18321
18328
18323
18329
18321
18322
18323
18331
31146
18321
18322
18345
31148
18321
18323
31150
18334
18347
31152
18335
18328
18329
18330
18331
18328
18329
18328
18330
19332
18329
18330
18333
19333
18335
18336
19335
18334
18335
18336
31153
18334
18336
18365
19339
31156
18335
18336
19340
18366
31158
19341
31159
18341
18342
18343
18348
18357
18341
18342
18341
18343
18342
18343
18358
18349
18361
18362
18346
18347
18348
18364
18346
18347
18349
18366
18349
18368
18354
18355
18356
18357
18364
18354
18355
31154
18354
18356
18359
18355
18356
18365
31156
18361
18366
31158
18363
18367
18361
18362
18363
18368
18361
18362
18372
18361
18363
19358
18362
18363
18374
19359
18376
18369
19361
18366
18367
18368
18366
18367
19365
18369
19366
18369
19369
18371
18378
18375
18376
31126
18375
18377
31128
18376
18378
31130
18378
19390
18380
18383
18559
18394
18570
18384
18385
18386
18393
18384
18385
18388
27530
18385
18394
27532
18390
18392
18396
27534
18390
18391
18392
18398
18390
18391
18410
18390
18392
18391
18392
18399
18412
18402
18414
18403
18396
18397
18398
18396
31217
18396
18397
18401
19402
31218
18403
31220
18404
19404
18402
18403
18404
18402
18403
18425
18402
18404
18426
19407
18403
18404
19408
18428
19410
18407
18408
18420
31160
18407
18408
31161
31164
18422
31165
18413
18414
18415
18424
31160
18413
18414
18413
18415
31162
18414
18415
18425
31164
18428
18429
31166
18418
18419
18420
18424
18418
18419
18426
18428
18423
18430
18422
18423
31167
18422
18423
18440
19426
31169
18442
31171
19427
31173
18428
18429
18430
31167
18428
18429
18428
18430
19430
18429
18430
19431
31170
31172
19433
31173
18435
18436
18437
18444
18435
18436
18435
18437
18436
18437
18445
18448
18449
18441
18442
18443
18444
31181
18441
18443
18446
18442
18443
31183
18448
31185
18450
31187
18448
18449
18450
18448
18449
18459
18448
18450
19452
18449
18450
18461
19453
18463
19455
18455
18456
18457
18465
18455
18456
18455
18457
18456
18457
18466
18469
18470
18462
18463
18464
18465
18462
18463
18462
18464
18467
18463
18464
18469
18471
18469
18470
18471
18469
18470
18469
18471
19472
18470
18471
18484
19473
18485
19475
18474
18475
18476
18487
18474
18475
18477
18480
18481
18489
18480
18481
18482
18491
31188
18480
18481
18499
18480
18482
31190
18481
18482
18492
18501
31192
18495
18503
18496
31194
18485
18486
18487
31195
18485
18486
31197
31199
18490
31201
18489
18490
18491
18489
18490
18493
18512
19493
18495
18513
18497
19494
18495
18496
18497
31195
18495
18496
18515
18495
18497
18516
19497
18496
18497
19498
31198
18518
31200
19500
31201
18502
18503
18504
18505
18514
18502
18503
18502
18504
18507
18503
18504
18515
18509
18518
18511
18519
18509
18510
18511
18521
18509
18510
18509
18511
18510
18511
18522
18529
18525
18526
18513
18516
18518
18518
18519
18520
18521
18518
18519
18518
18520
19519
18519
18520
18524
19520
18526
18527
19522
18525
18526
18527
18525
18526
18531
18525
18527
19526
18526
18527
19527
19529
18530
18530
18531
18533
18533
18584
18533
18585
19548
18587
18535
18539
18543
18546
18537
18540
18544
18548
18542
18543
18544
18549
18542
18543
31203
18542
18544
18543
18544
18550
31205
18553
31207
18554
18546
18551
18565
19554
18553
18567
18548
18552
18647
19556
18554
18649
18553
18554
18555
18553
18554
31210
18553
18555
19559
31211
18554
18555
19560
31213
19562
18560
18561
18562
18569
18560
18561
18560
18562
27531
18561
18562
18570
27532
18573
18574
27535
18566
18567
18568
18569
31209
18566
18568
18571
18567
18568
31211
18573
31213
18575
31215
18573
18574
18575
18573
18574
31217
18573
18575
19577
18574
18575
19578
31219
31221
19580
18580
18581
18582
18590
18580
18581
18580
18582
18581
18582
18591
18594
18595
18587
18588
18589
18590
18587
18588
18587
18589
18592
18588
18589
18594
18596
18594
18595
18596
18594
18595
18594
18596
19597
18595
18596
18609
19598
18610
19600
18601
18602
18603
18604
18611
18601
18602
18601
18603
18605
18602
18603
18612
18607
18615
18608
18616
18607
18608
18618
18607
18608
31224
18608
18619
31226
18621
31228
18610
18613
18615
18615
18616
18617
18618
18615
18616
18615
18617
19618
18616
18617
18620
19619
18621
18622
19621
18621
18622
18621
31231
18621
18622
19625
31232
31234
19627
18624
18628
18632
18635
18626
18629
18633
18637
18631
18632
18633
18638
18631
18632
18631
18633
18632
18633
18639
18642
18643
18635
18640
18648
19643
18642
18650
18637
18641
18683
19645
18643
18685
18642
18643
18644
18642
18643
18642
18644
19648
18643
18644
19649
19651
18649
18650
18651
18649
18650
18649
18651
18650
18651
18655
18656
18662
31237
18655
18656
18689
31239
18656
18663
18691
31241
18665
18693
31243
18660
18661
31244
18660
31231
18660
18661
31233
31246
31235
31248
31250
18665
18666
31244
18665
18696
18665
18666
18697
19673
31247
18699
31249
19675
31250
18668
18669
18672
18675
18672
31252
18673
18719
18672
18673
18676
18721
31254
18679
31256
18680
18723
18675
18677
18684
19687
18679
18686
18679
18680
18733
31259
18679
19689
31260
18680
18734
19690
31262
18736
18685
18686
18687
31258
18685
18686
18685
18687
18686
18687
31260
31262
31264
18692
18693
18694
18695
18692
18693
18692
18694
18693
18694
18696
18699
18700
18699
18700
18701
18699
18700
18699
18701
19709
18700
18701
18709
19710
18710
19712
18706
18707
18708
18711
18706
18707
18706
18708
27586
18707
18708
18712
27588
18715
18716
27590
18710
18713
18715
18715
18716
18717
18715
18716
31280
18715
18717
19723
18716
18717
19724
31281
31283
19726
18722
18723
18724
18732
31265
18722
18723
18722
18724
31266
18723
18724
18733
31269
18736
18737
31270
18728
18729
18739
31265
18728
18729
31267
18729
18740
31269
18742
31271
18731
18732
18739
18738
18743
18736
18737
18738
31272
18736
18737
18736
18738
19739
18737
18738
19740
31274
31276
19742
31278
18742
18743
31272
18742
18780
18742
18743
18781
19746
31275
18783
31277
19748
31278
18746
18747
18748
18755
27585
18746
18747
27586
18752
27589
18757
27590
18752
18753
18754
18759
18752
18753
18752
18754
18794
18753
18754
18760
18796
18763
18764
18798
18757
18758
18759
31279
18757
18758
19765
31281
31283
18765
19766
31285
18763
18764
18765
18763
18764
18801
18763
18765
19769
18764
18765
18802
19770
18804
19772
18768
18773
18768
18769
18775
18817
18771
18777
18771
18787
18824
18771
18788
19786
18790
18776
18777
18778
18786
18776
18777
18776
18778
27607
18777
18778
18787
27609
18790
18791
27611
18783
18784
18785
18786
18783
18784
18783
18785
18784
18785
18788
18790
18792
18790
18791
18792
18790
18791
31308
18790
18792
19793
18791
18792
19794
31309
31311
19796
18797
18798
18799
18800
31286
18797
18798
18797
18799
31287
18798
18799
18801
31290
18804
18805
31291
18804
18805
18806
31293
18804
18805
18810
18804
18806
19814
18805
18806
18811
19815
31295
18812
31297
19817
31299
18809
31287
18809
18813
31289
18815
31291
18812
18812
18814
18815
18815
18840
31294
18815
19827
31295
31297
18818
18819
27608
18818
18824
27609
18822
18826
27612
18822
31301
18823
18854
18822
18823
18827
18856
31303
18830
31305
18831
18858
18826
31308
18826
18828
19836
31310
18830
31312
18830
18831
18868
31315
18830
19839
31316
18831
18869
19840
31318
18871
18836
18837
18838
18846
18836
18837
18836
18838
18837
18838
18847
18850
18851
18843
18844
18845
18846
18843
18844
18843
18845
18844
18845
18848
18850
18852
18850
18851
18852
18850
18851
18889
18850
18852
19853
18851
18852
18890
19854
18892
19856
18857
18858
18859
18860
18867
18857
18858
18857
18859
18861
18858
18859
18868
18864
18871
18865
18872
18864
18865
18866
18874
18864
18865
18864
18866
18903
18865
18866
18875
18905
18878
18879
18907
18871
18872
18873
18874
18871
18872
18871
18873
19874
18872
18873
18876
19875
18878
18880
19877
18878
18879
18880
18878
18879
18913
18878
18880
19881
18879
18880
18914
19882
18916
19884
18885
18886
18887
18895
18885
18886
18885
18887
18886
18887
18896
18899
18900
18892
18893
18894
18895
18892
18893
18892
18894
18893
18894
18897
18899
18901
18899
18900
18901
18899
18900
18930
18899
18901
19902
18900
18901
18931
19903
18933
19905
18906
18907
18908
18912
18906
18907
18906
18908
18909
18907
18908
18913
18916
18911
18917
18911
31322
18911
18919
18944
31324
18921
31326
18916
18917
18918
18916
18917
18916
18918
19923
18917
18918
18920
19924
18921
19926
18921
18948
31329
18921
19929
31330
31332
18926
18927
18928
18936
18926
18927
18926
18928
18927
18928
18937
18940
18941
18933
18934
18935
18936
18933
18934
18933
18935
18934
18935
18938
18940
18942
18940
18941
18942
18940
18941
18991
18940
18942
19943
18941
18942
18992
19944
18994
19946
18945
18946
18945
18948
18947
18950
18947
18954
18952
18958
18950
18961
18950
18951
18963
19963
18952
18965
18952
18969
19966
18971
18957
18958
18959
18967
18957
18958
18957
18959
18958
18959
18968
18971
18972
18964
18965
18966
18967
18964
18965
31329
18964
18966
31331
18965
18966
18969
31333
18971
18973
18971
18972
18973
18971
18972
19011
18971
18973
19974
18972
18973
19012
19975
19014
19977
18978
18979
18980
18981
31335
18978
18979
18988
31337
18978
18980
19029
18979
18980
18982
18989
19031
31339
18985
18990
31341
18986
19033
18985
18986
18987
31342
18985
18986
18996
19042
18985
18987
18997
19995
31345
18986
18987
19043
19996
18998
31347
19045
19998
31348
18990
18990
18996
18998
18994
18995
31343
18994
18995
18997
31345
18998
31347
18998
19054
18998
20008
19001
19002
19003
19017
19001
19002
19005
19007
19009
19019
19007
19008
19009
19021
19007
19008
19007
19009
19056
19008
19009
19022
19058
19025
19026
19060
19014
19015
19016
19017
19014
19015
19014
19016
19015
19016
19020
19019
19020
19021
19019
19020
19024
20020
19026
19027
20021
19025
19026
19027
19025
19026
19065
19025
19027
20024
19026
19027
19066
20025
19068
20027
19032
19033
19034
19035
19041
19032
19033
19032
19034
19036
19033
19034
19042
19038
19045
19039
19046
19038
19039
19040
19048
31349
19038
19039
19038
19040
19087
31351
31353
19051
19052
19088
31355
19045
19046
19047
19048
19045
19046
19054
19045
19047
20049
19046
19047
19049
20050
19051
19053
20052
19051
19052
19053
31356
19051
19053
20056
19052
19053
19101
20057
31359
19102
31361
20058
31362
19059
19060
19061
19064
19059
19060
19059
19061
19062
19060
19061
19065
19068
19063
19069
19063
19074
19072
19078
19068
19069
19070
19068
19069
19068
19070
20076
19069
19070
19071
20077
19072
20079
19072
19082
20082
19084
19077
19078
19079
19080
19077
19078
19077
19079
19078
19079
19081
19084
19085
19084
19085
19086
19084
19085
19114
19084
19086
20094
19085
19086
19115
20095
19116
20097
19088
19102
19092
19093
19103
19092
19093
31364
19093
19104
31366
19106
31368
19098
19099
19100
19103
19098
19099
31357
19098
19100
19101
31359
19099
19100
19105
19102
31361
19106
19107
19102
20107
19106
19107
19106
31371
19106
19107
20110
31372
31374
20112
19111
19112
19118
31377
19111
19112
31379
33568
19112
19119
33570
31381
19121
31383
33571
19116
19117
31384
19116
19116
19117
31386
31388
31390
19121
19122
31384
19121
33575
19121
19122
20129
31387
33576
31389
33578
20131
31390
19126
19127
19135
27655
19126
19127
27656
31365
19127
19136
31366
27659
19138
27660
31369
19132
19133
19134
19140
27655
19132
19133
27657
33582
19132
19134
19133
19134
19141
33584
27659
19144
27661
33585
19145
19138
19139
31391
19138
31371
19138
19139
20144
31373
31393
31375
31395
20146
31397
19144
19145
19146
31391
19144
19145
33589
19144
19146
20149
31394
33590
19145
19146
20150
31396
33592
20152
31397
19151
19152
19153
19161
19151
19152
19151
19153
19154
19152
19153
19162
19165
19155
19166
19155
19171
19169
19175
19159
19160
19161
19159
33575
19159
19160
19163
33577
19165
33579
19167
19165
19166
19167
19165
19166
19165
19167
20168
19166
19167
19168
20169
19169
20171
19169
19179
20174
19181
19174
19175
19176
19177
31398
19174
19175
19174
19176
31400
19175
19176
19178
31402
19181
19182
31404
19181
19182
19183
31405
19181
19182
19181
19183
20191
19182
19183
20192
31408
31410
20194
31411
19188
19189
19190
19191
31412
19188
19189
19204
19188
19190
19390
31414
19189
19190
19192
19205
31416
19195
19207
19196
19391
31418
19195
19196
19197
31419
19195
19196
19214
19195
19197
19215
20205
19196
19197
19397
20206
31422
19216
19398
31424
20208
31425
19201
19202
19208
27690
19201
19202
27691
33583
19202
19209
33584
27694
19211
27695
33586
19206
19207
19213
27690
19206
19207
27692
19207
19214
27694
19216
27696
19211
19212
31426
19211
33589
19211
19212
20219
31428
33591
31430
33593
20221
31432
19216
19217
31426
19216
19216
19217
20224
31429
31431
20226
31432
19220
31400
19220
19221
31401
19223
31404
19223
19236
31406
19223
20238
31408
31410
19228
19229
19230
19231
19242
19228
19229
19228
19230
19232
27699
19229
19230
19243
27700
19233
19246
19234
19247
27703
19233
19234
19249
19233
19234
19254
19251
19256
19239
19240
19241
19242
19239
19240
19239
19241
19244
19240
19241
19246
19248
19246
19247
19248
19249
19246
19247
31434
19246
19248
20245
19247
19248
19250
20246
31436
19251
31438
19252
20248
19251
19252
19251
19252
19265
20252
19266
20253
19255
19256
19257
19264
27697
19255
19256
27699
19261
27701
19266
27703
19261
19262
19263
19268
19261
19262
19276
19261
19263
19262
19263
19269
19278
19272
19280
19273
19266
19267
19268
31433
19266
19267
20274
31436
31438
19274
20275
31439
19272
19273
19274
19272
19273
19290
19272
19274
19291
20278
19273
19274
20279
19293
20281
19279
19280
19281
19282
19289
19279
19280
19279
19281
19284
19280
19281
19290
19286
19293
19288
19294
19286
19287
19288
19296
19286
19287
19304
19286
19288
19287
19288
19297
19306
19300
19308
19301
19293
19294
19295
19296
19293
19294
19293
19295
20296
19294
19295
19299
20297
19301
19302
20299
19300
19301
19302
19300
19301
19318
19300
19302
19319
20303
19301
19302
20304
19321
20306
19307
19308
19309
19310
19317
19307
19308
19307
19309
19312
19308
19309
19318
19314
19321
19316
19322
19314
19315
19316
19324
19314
19315
19332
19314
19316
19315
19316
19325
19334
19328
19336
19329
19321
19322
19323
19324
19321
19322
19321
19323
20324
19322
19323
19327
20325
19329
19330
20327
19328
19329
19330
19328
19329
19345
19328
19330
19346
20331
19329
19330
20332
19348
20334
19335
19336
19337
19338
19344
19335
19336
19335
19337
19340
19336
19337
19345
19341
19348
19343
19349
19341
19342
19343
19351
31440
19341
19342
19365
31442
19341
19343
31444
19354
19367
31446
19355
19348
19349
19350
19351
19348
19349
19348
19350
20352
19349
19350
19353
20353
19355
19356
20355
19354
19355
19356
31447
19354
19356
19385
20359
31450
19355
19356
20360
19386
31452
20361
31453
19361
19362
19363
19368
19377
19361
19362
19361
19363
19362
19363
19378
19369
19381
19382
19366
19367
19368
19384
19366
19367
19369
19386
19369
19388
19374
19375
19376
19377
19384
19374
19375
31448
19374
19376
19379
19375
19376
19385
31450
19381
19386
31452
19383
19387
19381
19382
19383
19388
19381
19382
19392
19381
19383
20378
19382
19383
19394
20379
19396
19389
20381
19386
19387
19388
19386
19387
20385
19389
20386
19389
20389
19391
19398
19395
19396
31420
19395
19397
31422
19396
19398
31424
19398
20410
19400
19403
19579
19414
19590
19404
19405
19406
19413
19404
19405
19408
27705
19405
19414
27707
19410
19412
19416
27709
19410
19411
19412
19418
19410
19411
19430
19410
19412
19411
19412
19419
19432
19422
19434
19423
19416
19417
19418
19416
31511
19416
19417
19421
20422
31512
19423
31514
19424
20424
19422
19423
19424
19422
19423
19445
19422
19424
19446
20427
19423
19424
20428
19448
20430
19427
19428
19440
31454
19427
19428
31455
31458
19442
31459
19433
19434
19435
19444
31454
19433
19434
19433
19435
31456
19434
19435
19445
31458
19448
19449
31460
19438
19439
19440
19444
19438
19439
19446
19448
19443
19450
19442
19443
31461
19442
19443
19460
20446
31463
19462
31465
20447
31467
19448
19449
19450
31461
19448
19449
19448
19450
20450
19449
19450
20451
31464
31466
20453
31467
19455
19456
19457
19464
19455
19456
19455
19457
19456
19457
19465
19468
19469
19461
19462
19463
19464
31475
19461
19463
19466
19462
19463
31477
19468
31479
19470
31481
19468
19469
19470
19468
19469
19479
19468
19470
20472
19469
19470
19481
20473
19483
20475
19475
19476
19477
19485
19475
19476
19475
19477
19476
19477
19486
19489
19490
19482
19483
19484
19485
19482
19483
19482
19484
19487
19483
19484
19489
19491
19489
19490
19491
19489
19490
19489
19491
20492
19490
19491
19504
20493
19505
20495
19494
19495
19496
19507
19494
19495
19497
19500
19501
19509
19500
19501
19502
19511
31482
19500
19501
19519
19500
19502
31484
19501
19502
19512
19521
31486
19515
19523
19516
31488
19505
19506
19507
31489
19505
19506
31491
31493
19510
31495
19509
19510
19511
19509
19510
19513
19532
20513
19515
19533
19517
20514
19515
19516
19517
31489
19515
19516
19535
19515
19517
19536
20517
19516
19517
20518
31492
19538
31494
20520
31495
19522
19523
19524
19525
19534
19522
19523
19522
19524
19527
19523
19524
19535
19529
19538
19531
19539
19529
19530
19531
19541
19529
19530
19529
19531
19530
19531
19542
19549
19545
19546
19533
19536
19538
19538
19539
19540
19541
19538
19539
19538
19540
20539
19539
19540
19544
20540
19546
19547
20542
19545
19546
19547
19545
19546
19551
19545
19547
20546
19546
19547
20547
20549
19550
19550
19551
19553
19553
19604
19553
19605
20568
19607
19555
19559
19563
19566
19557
19560
19564
19568
19562
19563
19564
19569
19562
19563
31497
19562
19564
19563
19564
19570
31499
19573
31501
19574
19566
19571
19585
20574
19573
19587
19568
19572
19667
20576
19574
19669
19573
19574
19575
19573
19574
31504
19573
19575
20579
31505
19574
19575
20580
31507
20582
19580
19581
19582
19589
19580
19581
19580
19582
27706
19581
19582
19590
27707
19593
19594
27710
19586
19587
19588
19589
31503
19586
19588
19591
19587
19588
31505
19593
31507
19595
31509
19593
19594
19595
19593
19594
31511
19593
19595
20597
19594
19595
20598
31513
31515
20600
19600
19601
19602
19610
19600
19601
19600
19602
19601
19602
19611
19614
19615
19607
19608
19609
19610
19607
19608
19607
19609
19612
19608
19609
19614
19616
19614
19615
19616
19614
19615
19614
19616
20617
19615
19616
19629
20618
19630
20620
19621
19622
19623
19624
19631
19621
19622
19621
19623
19625
19622
19623
19632
19627
19635
19628
19636
19627
19628
19638
19627
19628
31518
19628
19639
31520
19641
31522
19630
19633
19635
19635
19636
19637
19638
19635
19636
19635
19637
20638
19636
19637
19640
20639
19641
19642
20641
19641
19642
19641
31525
19641
19642
20645
31526
31528
20647
19644
19648
19652
19655
19646
19649
19653
19657
19651
19652
19653
19658
19651
19652
19651
19653
19652
19653
19659
19662
19663
19655
19660
19668
20663
19662
19670
19657
19661
19703
20665
19663
19705
19662
19663
19664
19662
19663
19662
19664
20668
19663
19664
20669
20671
19669
19670
19671
19669
19670
19669
19671
19670
19671
19675
19676
19682
31531
19675
19676
19709
31533
19676
19683
19711
31535
19685
19713
31537
19680
19681
31538
19680
31525
19680
19681
31527
31540
31529
31542
31544
19685
19686
31538
19685
19716
19685
19686
19717
20693
31541
19719
31543
20695
31544
19688
19689
19692
19695
19692
31546
19693
19739
19692
19693
19696
19741
31548
19699
31550
19700
19743
19695
19697
19704
20707
19699
19706
19699
19700
19753
31553
19699
20709
31554
19700
19754
20710
31556
19756
19705
19706
19707
31552
19705
19706
19705
19707
19706
19707
31554
31556
31558
19712
19713
19714
19715
19712
19713
19712
19714
19713
19714
19716
19719
19720
19719
19720
19721
19719
19720
19719
19721
20729
19720
19721
19729
20730
19730
20732
19726
19727
19728
19731
19726
19727
19726
19728
27761
19727
19728
19732
27763
19735
19736
27765
19730
19733
19735
19735
19736
19737
19735
19736
31574
19735
19737
20743
19736
19737
20744
31575
31577
20746
19742
19743
19744
19752
31559
19742
19743
19742
19744
31560
19743
19744
19753
31563
19756
19757
31564
19748
19749
19759
31559
19748
19749
31561
19749
19760
31563
19762
31565
19751
19752
19759
19758
19763
19756
19757
19758
31566
19756
19757
19756
19758
20759
19757
19758
20760
31568
31570
20762
31572
19762
19763
31566
19762
19800
19762
19763
19801
20766
31569
19803
31571
20768
31572
19766
19767
19768
19775
27760
19766
19767
27761
19772
27764
19777
27765
19772
19773
19774
19779
19772
19773
19772
19774
19814
19773
19774
19780
19816
19783
19784
19818
19777
19778
19779
31573
19777
19778
20785
31575
31577
19785
20786
31579
19783
19784
19785
19783
19784
19821
19783
19785
20789
19784
19785
19822
20790
19824
20792
19788
19793
19788
19789
19795
19837
19791
19797
19791
19807
19844
19791
19808
20806
19810
19796
19797
19798
19806
19796
19797
19796
19798
27782
19797
19798
19807
27784
19810
19811
27786
19803
19804
19805
19806
19803
19804
19803
19805
19804
19805
19808
19810
19812
19810
19811
19812
19810
19811
31602
19810
19812
20813
19811
19812
20814
31603
31605
20816
19817
19818
19819
19820
31580
19817
19818
19817
19819
31581
19818
19819
19821
31584
19824
19825
31585
19824
19825
19826
31587
19824
19825
19830
19824
19826
20834
19825
19826
19831
20835
31589
19832
31591
20837
31593
19829
31581
19829
19833
31583
19835
31585
19832
19832
19834
19835
19835
19860
31588
19835
20847
31589
31591
19838
19839
27783
19838
19844
27784
19842
19846
27787
19842
31595
19843
19874
19842
19843
19847
19876
31597
19850
31599
19851
19878
19846
31602
19846
19848
20856
31604
19850
31606
19850
19851
19888
31609
19850
20859
31610
19851
19889
20860
31612
19891
19856
19857
19858
19866
19856
19857
19856
19858
19857
19858
19867
19870
19871
19863
19864
19865
19866
19863
19864
19863
19865
19864
19865
19868
19870
19872
19870
19871
19872
19870
19871
19909
19870
19872
20873
19871
19872
19910
20874
19912
20876
19877
19878
19879
19880
19887
19877
19878
19877
19879
19881
19878
19879
19888
19884
19891
19885
19892
19884
19885
19886
19894
19884
19885
19884
19886
19923
19885
19886
19895
19925
19898
19899
19927
19891
19892
19893
19894
19891
19892
19891
19893
20894
19892
19893
19896
20895
19898
19900
20897
19898
19899
19900
19898
19899
19933
19898
19900
20901
19899
19900
19934
20902
19936
20904
19905
19906
19907
19915
19905
19906
19905
19907
19906
19907
19916
19919
19920
19912
19913
19914
19915
19912
19913
19912
19914
19913
19914
19917
19919
19921
19919
19920
19921
19919
19920
19950
19919
19921
20922
19920
19921
19951
20923
19953
20925
19926
19927
19928
19932
19926
19927
19926
19928
19929
19927
19928
19933
19936
19931
19937
19931
31616
19931
19939
19964
31618
19941
31620
19936
19937
19938
19936
19937
19936
19938
20943
19937
19938
19940
20944
19941
20946
19941
19968
31623
19941
20949
31624
31626
19946
19947
19948
19956
19946
19947
19946
19948
19947
19948
19957
19960
19961
19953
19954
19955
19956
19953
19954
19953
19955
19954
19955
19958
19960
19962
19960
19961
19962
19960
19961
20011
19960
19962
20963
19961
19962
20012
20964
20014
20966
19965
19966
19965
19968
19967
19970
19967
19974
19972
19978
19970
19981
19970
19971
19983
20983
19972
19985
19972
19989
20986
19991
19977
19978
19979
19987
19977
19978
19977
19979
19978
19979
19988
19991
19992
19984
19985
19986
19987
19984
19985
31623
19984
19986
31625
19985
19986
19989
31627
19991
19993
19991
19992
19993
19991
19992
20031
19991
19993
20994
19992
19993
20032
20995
20034
20997
19998
19999
20000
20001
31629
19998
19999
20008
31631
19998
20000
20049
19999
20000
20002
20009
20051
31633
20005
20010
31635
20006
20053
20005
20006
20007
31636
20005
20006
20016
20062
20005
20007
20017
21015
31639
20006
20007
20063
21016
20018
31641
20065
21018
31642
20010
20010
20016
20018
20014
20015
31637
20014
20015
20017
31639
20018
31641
20018
20074
20018
21028
20021
20022
20023
20037
20021
20022
20025
20027
20029
20039
20027
20028
20029
20041
20027
20028
20027
20029
20076
20028
20029
20042
20078
20045
20046
20080
20034
20035
20036
20037
20034
20035
20034
20036
20035
20036
20040
20039
20040
20041
20039
20040
20044
21040
20046
20047
21041
20045
20046
20047
20045
20046
20085
20045
20047
21044
20046
20047
20086
21045
20088
21047
20052
20053
20054
20055
20061
20052
20053
20052
20054
20056
20053
20054
20062
20058
20065
20059
20066
20058
20059
20060
20068
31643
20058
20059
20058
20060
20107
31645
31647
20071
20072
20108
31649
20065
20066
20067
20068
20065
20066
20074
20065
20067
21069
20066
20067
20069
21070
20071
20073
21072
20071
20072
20073
31650
20071
20073
21076
20072
20073
20121
21077
31653
20122
31655
21078
31656
20079
20080
20081
20084
20079
20080
20079
20081
20082
20080
20081
20085
20088
20083
20089
20083
20094
20092
20098
20088
20089
20090
20088
20089
20088
20090
21096
20089
20090
20091
21097
20092
21099
20092
20102
21102
20104
20097
20098
20099
20100
20097
20098
20097
20099
20098
20099
20101
20104
20105
20104
20105
20106
20104
20105
20134
20104
20106
21114
20105
20106
20135
21115
20136
21117
20108
20122
20112
20113
20123
20112
20113
31658
20113
20124
31660
20126
31662
20118
20119
20120
20123
20118
20119
31651
20118
20120
20121
31653
20119
20120
20125
20122
31655
20126
20127
20122
21127
20126
20127
20126
31665
20126
20127
21130
31666
31668
21132
20131
20132
20138
31671
20131
20132
31673
33596
20132
20139
33598
31675
20141
31677
33599
20136
20137
31678
20136
20136
20137
31680
31682
31684
20141
20142
31678
20141
33603
20141
20142
21149
31681
33604
31683
33606
21151
31684
20146
20147
20155
27830
20146
20147
27831
31659
20147
20156
31660
27834
20158
27835
31663
20152
20153
20154
20160
27830
20152
20153
27832
33610
20152
20154
20153
20154
20161
33612
27834
20164
27836
33613
20165
20158
20159
31685
20158
31665
20158
20159
21164
31667
31687
31669
31689
21166
31691
20164
20165
20166
31685
20164
20165
33617
20164
20166
21169
31688
33618
20165
20166
21170
31690
33620
21172
31691
20171
20172
20173
20181
20171
20172
20171
20173
20174
20172
20173
20182
20185
20175
20186
20175
20191
20189
20195
20179
20180
20181
20179
33603
20179
20180
20183
33605
20185
33607
20187
20185
20186
20187
20185
20186
20185
20187
21188
20186
20187
20188
21189
20189
21191
20189
20199
21194
20201
20194
20195
20196
20197
31692
20194
20195
20194
20196
31694
20195
20196
20198
31696
20201
20202
31698
20201
20202
20203
31699
20201
20202
20201
20203
21211
20202
20203
21212
31702
31704
21214
31705
20208
20209
20210
20211
31706
20208
20209
20224
20208
20210
20410
31708
20209
20210
20212
20225
31710
20215
20227
20216
20411
31712
20215
20216
20217
31713
20215
20216
20234
20215
20217
20235
21225
20216
20217
20417
21226
31716
20236
20418
31718
21228
31719
20221
20222
20228
27865
20221
20222
27866
33611
20222
20229
33612
27869
20231
27870
33614
20226
20227
20233
27865
20226
20227
27867
20227
20234
27869
20236
27871
20231
20232
31720
20231
33617
20231
20232
21239
31722
33619
31724
33621
21241
31726
20236
20237
31720
20236
20236
20237
21244
31723
31725
21246
31726
20240
31694
20240
20241
31695
20243
31698
20243
20256
31700
20243
21258
31702
31704
20248
20249
20250
20251
20262
20248
20249
20248
20250
20252
27874
20249
20250
20263
27875
20253
20266
20254
20267
27878
20253
20254
20269
20253
20254
20274
20271
20276
20259
20260
20261
20262
20259
20260
20259
20261
20264
20260
20261
20266
20268
20266
20267
20268
20269
20266
20267
31728
20266
20268
21265
20267
20268
20270
21266
31730
20271
31732
20272
21268
20271
20272
20271
20272
20285
21272
20286
21273
20275
20276
20277
20284
27872
20275
20276
27874
20281
27876
20286
27878
20281
20282
20283
20288
20281
20282
20296
20281
20283
20282
20283
20289
20298
20292
20300
20293
20286
20287
20288
31727
20286
20287
21294
31730
31732
20294
21295
31733
20292
20293
20294
20292
20293
20310
20292
20294
20311
21298
20293
20294
21299
20313
21301
20299
20300
20301
20302
20309
20299
20300
20299
20301
20304
20300
20301
20310
20306
20313
20308
20314
20306
20307
20308
20316
20306
20307
20324
20306
20308
20307
20308
20317
20326
20320
20328
20321
20313
20314
20315
20316
20313
20314
20313
20315
21316
20314
20315
20319
21317
20321
20322
21319
20320
20321
20322
20320
20321
20338
20320
20322
20339
21323
20321
20322
21324
20341
21326
20327
20328
20329
20330
20337
20327
20328
20327
20329
20332
20328
20329
20338
20334
20341
20336
20342
20334
20335
20336
20344
20334
20335
20352
20334
20336
20335
20336
20345
20354
20348
20356
20349
20341
20342
20343
20344
20341
20342
20341
20343
21344
20342
20343
20347
21345
20349
20350
21347
20348
20349
20350
20348
20349
20365
20348
20350
20366
21351
20349
20350
21352
20368
21354
20355
20356
20357
20358
20364
20355
20356
20355
20357
20360
20356
20357
20365
20361
20368
20363
20369
20361
20362
20363
20371
31734
20361
20362
20385
31736
20361
20363
31738
20374
20387
31740
20375
20368
20369
20370
20371
20368
20369
20368
20370
21372
20369
20370
20373
21373
20375
20376
21375
20374
20375
20376
31741
20374
20376
20405
21379
31744
20375
20376
21380
20406
31746
21381
31747
20381
20382
20383
20388
20397
20381
20382
20381
20383
20382
20383
20398
20389
20401
20402
20386
20387
20388
20404
20386
20387
20389
20406
20389
20408
20394
20395
20396
20397
20404
20394
20395
31742
20394
20396
20399
20395
20396
20405
31744
20401
20406
31746
20403
20407
20401
20402
20403
20408
20401
20402
20412
20401
20403
21398
20402
20403
20414
21399
20416
20409
21401
20406
20407
20408
20406
20407
21405
20409
21406
20409
21409
20411
20418
20415
20416
31714
20415
20417
31716
20416
20418
31718
20418
21430
20420
20423
20599
20434
20610
20424
20425
20426
20433
20424
20425
20428
27880
20425
20434
27882
20430
20432
20436
27884
20430
20431
20432
20438
20430
20431
20450
20430
20432
20431
20432
20439
20452
20442
20454
20443
20436
20437
20438
20436
31805
20436
20437
20441
21442
31806
20443
31808
20444
21444
20442
20443
20444
20442
20443
20465
20442
20444
20466
21447
20443
20444
21448
20468
21450
20447
20448
20460
31748
20447
20448
31749
31752
20462
31753
20453
20454
20455
20464
31748
20453
20454
20453
20455
31750
20454
20455
20465
31752
20468
20469
31754
20458
20459
20460
20464
20458
20459
20466
20468
20463
20470
20462
20463
31755
20462
20463
20480
21466
31757
20482
31759
21467
31761
20468
20469
20470
31755
20468
20469
20468
20470
21470
20469
20470
21471
31758
31760
21473
31761
20475
20476
20477
20484
20475
20476
20475
20477
20476
20477
20485
20488
20489
20481
20482
20483
20484
31769
20481
20483
20486
20482
20483
31771
20488
31773
20490
31775
20488
20489
20490
20488
20489
20499
20488
20490
21492
20489
20490
20501
21493
20503
21495
20495
20496
20497
20505
20495
20496
20495
20497
20496
20497
20506
20509
20510
20502
20503
20504
20505
20502
20503
20502
20504
20507
20503
20504
20509
20511
20509
20510
20511
20509
20510
20509
20511
21512
20510
20511
20524
21513
20525
21515
20514
20515
20516
20527
20514
20515
20517
20520
20521
20529
20520
20521
20522
20531
31776
20520
20521
20539
20520
20522
31778
20521
20522
20532
20541
31780
20535
20543
20536
31782
20525
20526
20527
31783
20525
20526
31785
31787
20530
31789
20529
20530
20531
20529
20530
20533
20552
21533
20535
20553
20537
21534
20535
20536
20537
31783
20535
20536
20555
20535
20537
20556
21537
20536
20537
21538
31786
20558
31788
21540
31789
20542
20543
20544
20545
20554
20542
20543
20542
20544
20547
20543
20544
20555
20549
20558
20551
20559
20549
20550
20551
20561
20549
20550
20549
20551
20550
20551
20562
20569
20565
20566
20553
20556
20558
20558
20559
20560
20561
20558
20559
20558
20560
21559
20559
20560
20564
21560
20566
20567
21562
20565
20566
20567
20565
20566
20571
20565
20567
21566
20566
20567
21567
21569
20570
20570
20571
20573
20573
20624
20573
20625
21588
20627
20575
20579
20583
20586
20577
20580
20584
20588
20582
20583
20584
20589
20582
20583
31791
20582
20584
20583
20584
20590
31793
20593
31795
20594
20586
20591
20605
21594
20593
20607
20588
20592
20687
21596
20594
20689
20593
20594
20595
20593
20594
31798
20593
20595
21599
31799
20594
20595
21600
31801
21602
20600
20601
20602
20609
20600
20601
20600
20602
27881
20601
20602
20610
27882
20613
20614
27885
20606
20607
20608
20609
31797
20606
20608
20611
20607
20608
31799
20613
31801
20615
31803
20613
20614
20615
20613
20614
31805
20613
20615
21617
20614
20615
21618
31807
31809
21620
20620
20621
20622
20630
20620
20621
20620
20622
20621
20622
20631
20634
20635
20627
20628
20629
20630
20627
20628
20627
20629
20632
20628
20629
20634
20636
20634
20635
20636
20634
20635
20634
20636
21637
20635
20636
20649
21638
20650
21640
20641
20642
20643
20644
20651
20641
20642
20641
20643
20645
20642
20643
20652
20647
20655
20648
20656
20647
20648
20658
20647
20648
31812
20648
20659
31814
20661
31816
20650
20653
20655
20655
20656
20657
20658
20655
20656
20655
20657
21658
20656
20657
20660
21659
20661
20662
21661
20661
20662
20661
31819
20661
20662
21665
31820
31822
21667
20664
20668
20672
20675
20666
20669
20673
20677
20671
20672
20673
20678
20671
20672
20671
20673
20672
20673
20679
20682
20683
20675
20680
20688
21683
20682
20690
20677
20681
20723
21685
20683
20725
20682
20683
20684
20682
20683
20682
20684
21688
20683
20684
21689
21691
20689
20690
20691
20689
20690
20689
20691
20690
20691
20695
20696
20702
31825
20695
20696
20729
31827
20696
20703
20731
31829
20705
20733
31831
20700
20701
31832
20700
31819
20700
20701
31821
31834
31823
31836
31838
20705
20706
31832
20705
20736
20705
20706
20737
21713
31835
20739
31837
21715
31838
20708
20709
20712
20715
20712
31840
20713
20759
20712
20713
20716
20761
31842
20719
31844
20720
20763
20715
20717
20724
21727
20719
20726
20719
20720
20773
31847
20719
21729
31848
20720
20774
21730
31850
20776
20725
20726
20727
31846
20725
20726
20725
20727
20726
20727
31848
31850
31852
20732
20733
20734
20735
20732
20733
20732
20734
20733
20734
20736
20739
20740
20739
20740
20741
20739
20740
20739
20741
21749
20740
20741
20749
21750
20750
21752
20746
20747
20748
20751
20746
20747
20746
20748
27936
20747
20748
20752
27938
20755
20756
27940
20750
20753
20755
20755
20756
20757
20755
20756
31868
20755
20757
21763
20756
20757
21764
31869
31871
21766
20762
20763
20764
20772
31853
20762
20763
20762
20764
31854
20763
20764
20773
31857
20776
20777
31858
20768
20769
20779
31853
20768
20769
31855
20769
20780
31857
20782
31859
20771
20772
20779
20778
20783
20776
20777
20778
31860
20776
20777
20776
20778
21779
20777
20778
21780
31862
31864
21782
31866
20782
20783
31860
20782
20820
20782
20783
20821
21786
31863
20823
31865
21788
31866
20786
20787
20788
20795
27935
20786
20787
27936
20792
27939
20797
27940
20792
20793
20794
20799
20792
20793
20792
20794
20834
20793
20794
20800
20836
20803
20804
20838
20797
20798
20799
31867
20797
20798
21805
31869
31871
20805
21806
31873
20803
20804
20805
20803
20804
20841
20803
20805
21809
20804
20805
20842
21810
20844
21812
20808
20813
20808
20809
20815
20857
20811
20817
20811
20827
20864
20811
20828
21826
20830
20816
20817
20818
20826
20816
20817
20816
20818
27957
20817
20818
20827
27959
20830
20831
27961
20823
20824
20825
20826
20823
20824
20823
20825
20824
20825
20828
20830
20832
20830
20831
20832
20830
20831
31896
20830
20832
21833
20831
20832
21834
31897
31899
21836
20837
20838
20839
20840
31874
20837
20838
20837
20839
31875
20838
20839
20841
31878
20844
20845
31879
20844
20845
20846
31881
20844
20845
20850
20844
20846
21854
20845
20846
20851
21855
31883
20852
31885
21857
31887
20849
31875
20849
20853
31877
20855
31879
20852
20852
20854
20855
20855
20880
31882
20855
21867
31883
31885
20858
20859
27958
20858
20864
27959
20862
20866
27962
20862
31889
20863
20894
20862
20863
20867
20896
31891
20870
31893
20871
20898
20866
31896
20866
20868
21876
31898
20870
31900
20870
20871
20908
31903
20870
21879
31904
20871
20909
21880
31906
20911
20876
20877
20878
20886
20876
20877
20876
20878
20877
20878
20887
20890
20891
20883
20884
20885
20886
20883
20884
20883
20885
20884
20885
20888
20890
20892
20890
20891
20892
20890
20891
20929
20890
20892
21893
20891
20892
20930
21894
20932
21896
20897
20898
20899
20900
20907
20897
20898
20897
20899
20901
20898
20899
20908
20904
20911
20905
20912
20904
20905
20906
20914
20904
20905
20904
20906
20943
20905
20906
20915
20945
20918
20919
20947
20911
20912
20913
20914
20911
20912
20911
20913
21914
20912
20913
20916
21915
20918
20920
21917
20918
20919
20920
20918
20919
20953
20918
20920
21921
20919
20920
20954
21922
20956
21924
20925
20926
20927
20935
20925
20926
20925
20927
20926
20927
20936
20939
20940
20932
20933
20934
20935
20932
20933
20932
20934
20933
20934
20937
20939
20941
20939
20940
20941
20939
20940
20970
20939
20941
21942
20940
20941
20971
21943
20973
21945
20946
20947
20948
20952
20946
20947
20946
20948
20949
20947
20948
20953
20956
20951
20957
20951
31910
20951
20959
20984
31912
20961
31914
20956
20957
20958
20956
20957
20956
20958
21963
20957
20958
20960
21964
20961
21966
20961
20988
31917
20961
21969
31918
31920
20966
20967
20968
20976
20966
20967
20966
20968
20967
20968
20977
20980
20981
20973
20974
20975
20976
20973
20974
20973
20975
20974
20975
20978
20980
20982
20980
20981
20982
20980
20981
21031
20980
20982
21983
20981
20982
21032
21984
21034
21986
20985
20986
20985
20988
20987
20990
20987
20994
20992
20998
20990
21001
20990
20991
21003
22003
20992
21005
20992
21009
22006
21011
20997
20998
20999
21007
20997
20998
20997
20999
20998
20999
21008
21011
21012
21004
21005
21006
21007
21004
21005
31917
21004
21006
31919
21005
21006
21009
31921
21011
21013
21011
21012
21013
21011
21012
21051
21011
21013
22014
21012
21013
21052
22015
21054
22017
21018
21019
21020
21021
31923
21018
21019
21028
31925
21018
21020
21069
21019
21020
21022
21029
21071
31927
21025
21030
31929
21026
21073
21025
21026
21027
31930
21025
21026
21036
21082
21025
21027
21037
22035
31933
21026
21027
21083
22036
21038
31935
21085
22038
31936
21030
21030
21036
21038
21034
21035
31931
21034
21035
21037
31933
21038
31935
21038
21094
21038
22048
21041
21042
21043
21057
21041
21042
21045
21047
21049
21059
21047
21048
21049
21061
21047
21048
21047
21049
21096
21048
21049
21062
21098
21065
21066
21100
21054
21055
21056
21057
21054
21055
21054
21056
21055
21056
21060
21059
21060
21061
21059
21060
21064
22060
21066
21067
22061
21065
21066
21067
21065
21066
21105
21065
21067
22064
21066
21067
21106
22065
21108
22067
21072
21073
21074
21075
21081
21072
21073
21072
21074
21076
21073
21074
21082
21078
21085
21079
21086
21078
21079
21080
21088
31937
21078
21079
21078
21080
21127
31939
31941
21091
21092
21128
31943
21085
21086
21087
21088
21085
21086
21094
21085
21087
22089
21086
21087
21089
22090
21091
21093
22092
21091
21092
21093
31944
21091
21093
22096
21092
21093
21141
22097
31947
21142
31949
22098
31950
21099
21100
21101
21104
21099
21100
21099
21101
21102
21100
21101
21105
21108
21103
21109
21103
21114
21112
21118
21108
21109
21110
21108
21109
21108
21110
22116
21109
21110
21111
22117
21112
22119
21112
21122
22122
21124
21117
21118
21119
21120
21117
21118
21117
21119
21118
21119
21121
21124
21125
21124
21125
21126
21124
21125
21154
21124
21126
22134
21125
21126
21155
22135
21156
22137
21128
21142
21132
21133
21143
21132
21133
31952
21133
21144
31954
21146
31956
21138
21139
21140
21143
21138
21139
31945
21138
21140
21141
31947
21139
21140
21145
21142
31949
21146
21147
21142
22147
21146
21147
21146
31959
21146
21147
22150
31960
31962
22152
21151
21152
21158
31965
21151
21152
31967
33624
21152
21159
33626
31969
21161
31971
33627
21156
21157
31972
21156
21156
21157
31974
31976
31978
21161
21162
31972
21161
33631
21161
21162
22169
31975
33632
31977
33634
22171
31978
21166
21167
21175
28005
21166
21167
28006
31953
21167
21176
31954
28009
21178
28010
31957
21172
21173
21174
21180
28005
21172
21173
28007
33638
21172
21174
21173
21174
21181
33640
28009
21184
28011
33641
21185
21178
21179
31979
21178
31959
21178
21179
22184
31961
31981
31963
31983
22186
31985
21184
21185
21186
31979
21184
21185
33645
21184
21186
22189
31982
33646
21185
21186
22190
31984
33648
22192
31985
21191
21192
21193
21201
21191
21192
21191
21193
21194
21192
21193
21202
21205
21195
21206
21195
21211
21209
21215
21199
21200
21201
21199
33631
21199
21200
21203
33633
21205
33635
21207
21205
21206
21207
21205
21206
21205
21207
22208
21206
21207
21208
22209
21209
22211
21209
21219
22214
21221
21214
21215
21216
21217
31986
21214
21215
21214
21216
31988
21215
21216
21218
31990
21221
21222
31992
21221
21222
21223
31993
21221
21222
21221
21223
22231
21222
21223
22232
31996
31998
22234
31999
21228
21229
21230
21231
32000
21228
21229
21244
21228
21230
21430
32002
21229
21230
21232
21245
32004
21235
21247
21236
21431
32006
21235
21236
21237
32007
21235
21236
21254
21235
21237
21255
22245
21236
21237
21437
22246
32010
21256
21438
32012
22248
32013
21241
21242
21248
28040
21241
21242
28041
33639
21242
21249
33640
28044
21251
28045
33642
21246
21247
21253
28040
21246
21247
28042
21247
21254
28044
21256
28046
21251
21252
32014
21251
33645
21251
21252
22259
32016
33647
32018
33649
22261
32020
21256
21257
32014
21256
21256
21257
22264
32017
32019
22266
32020
21260
31988
21260
21261
31989
21263
31992
21263
21276
31994
21263
22278
31996
31998
21268
21269
21270
21271
21282
21268
21269
21268
21270
21272
28049
21269
21270
21283
28050
21273
21286
21274
21287
28053
21273
21274
21289
21273
21274
21294
21291
21296
21279
21280
21281
21282
21279
21280
21279
21281
21284
21280
21281
21286
21288
21286
21287
21288
21289
21286
21287
32022
21286
21288
22285
21287
21288
21290
22286
32024
21291
32026
21292
22288
21291
21292
21291
21292
21305
22292
21306
22293
21295
21296
21297
21304
28047
21295
21296
28049
21301
28051
21306
28053
21301
21302
21303
21308
21301
21302
21316
21301
21303
21302
21303
21309
21318
21312
21320
21313
21306
21307
21308
32021
21306
21307
22314
32024
32026
21314
22315
32027
21312
21313
21314
21312
21313
21330
21312
21314
21331
22318
21313
21314
22319
21333
22321
21319
21320
21321
21322
21329
21319
21320
21319
21321
21324
21320
21321
21330
21326
21333
21328
21334
21326
21327
21328
21336
21326
21327
21344
21326
21328
21327
21328
21337
21346
21340
21348
21341
21333
21334
21335
21336
21333
21334
21333
21335
22336
21334
21335
21339
22337
21341
21342
22339
21340
21341
21342
21340
21341
21358
21340
21342
21359
22343
21341
21342
22344
21361
22346
21347
21348
21349
21350
21357
21347
21348
21347
21349
21352
21348
21349
21358
21354
21361
21356
21362
21354
21355
21356
21364
21354
21355
21372
21354
21356
21355
21356
21365
21374
21368
21376
21369
21361
21362
21363
21364
21361
21362
21361
21363
22364
21362
21363
21367
22365
21369
21370
22367
21368
21369
21370
21368
21369
21385
21368
21370
21386
22371
21369
21370
22372
21388
22374
21375
21376
21377
21378
21384
21375
21376
21375
21377
21380
21376
21377
21385
21381
21388
21383
21389
21381
21382
21383
21391
32028
21381
21382
21405
32030
21381
21383
32032
21394
21407
32034
21395
21388
21389
21390
21391
21388
21389
21388
21390
22392
21389
21390
21393
22393
21395
21396
22395
21394
21395
21396
32035
21394
21396
21425
22399
32038
21395
21396
22400
21426
32040
22401
32041
21401
21402
21403
21408
21417
21401
21402
21401
21403
21402
21403
21418
21409
21421
21422
21406
21407
21408
21424
21406
21407
21409
21426
21409
21428
21414
21415
21416
21417
21424
21414
21415
32036
21414
21416
21419
21415
21416
21425
32038
21421
21426
32040
21423
21427
21421
21422
21423
21428
21421
21422
21432
21421
21423
22418
21422
21423
21434
22419
21436
21429
22421
21426
21427
21428
21426
21427
22425
21429
22426
21429
22429
21431
21438
21435
21436
32008
21435
21437
32010
21436
21438
32012
21438
22450
21440
21443
21619
21454
21630
21444
21445
21446
21453
21444
21445
21448
28055
21445
21454
28057
21450
21452
21456
28059
21450
21451
21452
21458
21450
21451
21470
21450
21452
21451
21452
21459
21472
21462
21474
21463
21456
21457
21458
21456
32099
21456
21457
21461
22462
32100
21463
32102
21464
22464
21462
21463
21464
21462
21463
21485
21462
21464
21486
22467
21463
21464
22468
21488
22470
21467
21468
21480
32042
21467
21468
32043
32046
21482
32047
21473
21474
21475
21484
32042
21473
21474
21473
21475
32044
21474
21475
21485
32046
21488
21489
32048
21478
21479
21480
21484
21478
21479
21486
21488
21483
21490
21482
21483
32049
21482
21483
21500
22486
32051
21502
32053
22487
32055
21488
21489
21490
32049
21488
21489
21488
21490
22490
21489
21490
22491
32052
32054
22493
32055
21495
21496
21497
21504
21495
21496
21495
21497
21496
21497
21505
21508
21509
21501
21502
21503
21504
32063
21501
21503
21506
21502
21503
32065
21508
32067
21510
32069
21508
21509
21510
21508
21509
21519
21508
21510
22512
21509
21510
21521
22513
21523
22515
21515
21516
21517
21525
21515
21516
21515
21517
21516
21517
21526
21529
21530
21522
21523
21524
21525
21522
21523
21522
21524
21527
21523
21524
21529
21531
21529
21530
21531
21529
21530
21529
21531
22532
21530
21531
21544
22533
21545
22535
21534
21535
21536
21547
21534
21535
21537
21540
21541
21549
21540
21541
21542
21551
32070
21540
21541
21559
21540
21542
32072
21541
21542
21552
21561
32074
21555
21563
21556
32076
21545
21546
21547
32077
21545
21546
32079
32081
21550
32083
21549
21550
21551
21549
21550
21553
21572
22553
21555
21573
21557
22554
21555
21556
21557
32077
21555
21556
21575
21555
21557
21576
22557
21556
21557
22558
32080
21578
32082
22560
32083
21562
21563
21564
21565
21574
21562
21563
21562
21564
21567
21563
21564
21575
21569
21578
21571
21579
21569
21570
21571
21581
21569
21570
21569
21571
21570
21571
21582
21589
21585
21586
21573
21576
21578
21578
21579
21580
21581
21578
21579
21578
21580
22579
21579
21580
21584
22580
21586
21587
22582
21585
21586
21587
21585
21586
21591
21585
21587
22586
21586
21587
22587
22589
21590
21590
21591
21593
21593
21644
21593
21645
22608
21647
21595
21599
21603
21606
21597
21600
21604
21608
21602
21603
21604
21609
21602
21603
32085
21602
21604
21603
21604
21610
32087
21613
32089
21614
21606
21611
21625
22614
21613
21627
21608
21612
21707
22616
21614
21709
21613
21614
21615
21613
21614
32092
21613
21615
22619
32093
21614
21615
22620
32095
22622
21620
21621
21622
21629
21620
21621
21620
21622
28056
21621
21622
21630
28057
21633
21634
28060
21626
21627
21628
21629
32091
21626
21628
21631
21627
21628
32093
21633
32095
21635
32097
21633
21634
21635
21633
21634
32099
21633
21635
22637
21634
21635
22638
32101
32103
22640
21640
21641
21642
21650
21640
21641
21640
21642
21641
21642
21651
21654
21655
21647
21648
21649
21650
21647
21648
21647
21649
21652
21648
21649
21654
21656
21654
21655
21656
21654
21655
21654
21656
22657
21655
21656
21669
22658
21670
22660
21661
21662
21663
21664
21671
21661
21662
21661
21663
21665
21662
21663
21672
21667
21675
21668
21676
21667
21668
21678
21667
21668
32106
21668
21679
32108
21681
32110
21670
21673
21675
21675
21676
21677
21678
21675
21676
21675
21677
22678
21676
21677
21680
22679
21681
21682
22681
21681
21682
21681
32113
21681
21682
22685
32114
32116
22687
21684
21688
21692
21695
21686
21689
21693
21697
21691
21692
21693
21698
21691
21692
21691
21693
21692
21693
21699
21702
21703
21695
21700
21708
22703
21702
21710
21697
21701
21743
22705
21703
21745
21702
21703
21704
21702
21703
21702
21704
22708
21703
21704
22709
22711
21709
21710
21711
21709
21710
21709
21711
21710
21711
21715
21716
21722
32119
21715
21716
21749
32121
21716
21723
21751
32123
21725
21753
32125
21720
21721
32126
21720
32113
21720
21721
32115
32128
32117
32130
32132
21725
21726
32126
21725
21756
21725
21726
21757
22733
32129
21759
32131
22735
32132
21728
21729
21732
21735
21732
32134
21733
21779
21732
21733
21736
21781
32136
21739
32138
21740
21783
21735
21737
21744
22747
21739
21746
21739
21740
21793
32141
21739
22749
32142
21740
21794
22750
32144
21796
21745
21746
21747
32140
21745
21746
21745
21747
21746
21747
32142
32144
32146
21752
21753
21754
21755
21752
21753
21752
21754
21753
21754
21756
21759
21760
21759
21760
21761
21759
21760
21759
21761
22769
21760
21761
21769
22770
21770
22772
21766
21767
21768
21771
21766
21767
21766
21768
28111
21767
21768
21772
28113
21775
21776
28115
21770
21773
21775
21775
21776
21777
21775
21776
32162
21775
21777
22783
21776
21777
22784
32163
32165
22786
21782
21783
21784
21792
32147
21782
21783
21782
21784
32148
21783
21784
21793
32151
21796
21797
32152
21788
21789
21799
32147
21788
21789
32149
21789
21800
32151
21802
32153
21791
21792
21799
21798
21803
21796
21797
21798
32154
21796
21797
21796
21798
22799
21797
21798
22800
32156
32158
22802
32160
21802
21803
32154
21802
21840
21802
21803
21841
22806
32157
21843
32159
22808
32160
21806
21807
21808
21815
28110
21806
21807
28111
21812
28114
21817
28115
21812
21813
21814
21819
21812
21813
21812
21814
21854
21813
21814
21820
21856
21823
21824
21858
21817
21818
21819
32161
21817
21818
22825
32163
32165
21825
22826
32167
21823
21824
21825
21823
21824
21861
21823
21825
22829
21824
21825
21862
22830
21864
22832
21828
21833
21828
21829
21835
21877
21831
21837
21831
21847
21884
21831
21848
22846
21850
21836
21837
21838
21846
21836
21837
21836
21838
28132
21837
21838
21847
28134
21850
21851
28136
21843
21844
21845
21846
21843
21844
21843
21845
21844
21845
21848
21850
21852
21850
21851
21852
21850
21851
32190
21850
21852
22853
21851
21852
22854
32191
32193
22856
21857
21858
21859
21860
32168
21857
21858
21857
21859
32169
21858
21859
21861
32172
21864
21865
32173
21864
21865
21866
32175
21864
21865
21870
21864
21866
22874
21865
21866
21871
22875
32177
21872
32179
22877
32181
21869
32169
21869
21873
32171
21875
32173
21872
21872
21874
21875
21875
21900
32176
21875
22887
32177
32179
21878
21879
28133
21878
21884
28134
21882
21886
28137
21882
32183
21883
21914
21882
21883
21887
21916
32185
21890
32187
21891
21918
21886
32190
21886
21888
22896
32192
21890
32194
21890
21891
21928
32197
21890
22899
32198
21891
21929
22900
32200
21931
21896
21897
21898
21906
21896
21897
21896
21898
21897
21898
21907
21910
21911
21903
21904
21905
21906
21903
21904
21903
21905
21904
21905
21908
21910
21912
21910
21911
21912
21910
21911
21949
21910
21912
22913
21911
21912
21950
22914
21952
22916
21917
21918
21919
21920
21927
21917
21918
21917
21919
21921
21918
21919
21928
21924
21931
21925
21932
21924
21925
21926
21934
21924
21925
21924
21926
21963
21925
21926
21935
21965
21938
21939
21967
21931
21932
21933
21934
21931
21932
21931
21933
22934
21932
21933
21936
22935
21938
21940
22937
21938
21939
21940
21938
21939
21973
21938
21940
22941
21939
21940
21974
22942
21976
22944
21945
21946
21947
21955
21945
21946
21945
21947
21946
21947
21956
21959
21960
21952
21953
21954
21955
21952
21953
21952
21954
21953
21954
21957
21959
21961
21959
21960
21961
21959
21960
21990
21959
21961
22962
21960
21961
21991
22963
21993
22965
21966
21967
21968
21972
21966
21967
21966
21968
21969
21967
21968
21973
21976
21971
21977
21971
32204
21971
21979
22004
32206
21981
32208
21976
21977
21978
21976
21977
21976
21978
22983
21977
21978
21980
22984
21981
22986
21981
22008
32211
21981
22989
32212
32214
21986
21987
21988
21996
21986
21987
21986
21988
21987
21988
21997
22000
22001
21993
21994
21995
21996
21993
21994
21993
21995
21994
21995
21998
22000
22002
22000
22001
22002
22000
22001
22051
22000
22002
23003
22001
22002
22052
23004
22054
23006
22005
22006
22005
22008
22007
22010
22007
22014
22012
22018
22010
22021
22010
22011
22023
23023
22012
22025
22012
22029
23026
22031
22017
22018
22019
22027
22017
22018
22017
22019
22018
22019
22028
22031
22032
22024
22025
22026
22027
22024
22025
32211
22024
22026
32213
22025
22026
22029
32215
22031
22033
22031
22032
22033
22031
22032
22071
22031
22033
23034
22032
22033
22072
23035
22074
23037
22038
22039
22040
22041
32217
22038
22039
22048
32219
22038
22040
22089
22039
22040
22042
22049
22091
32221
22045
22050
32223
22046
22093
22045
22046
22047
32224
22045
22046
22056
22102
22045
22047
22057
23055
32227
22046
22047
22103
23056
22058
32229
22105
23058
32230
22050
22050
22056
22058
22054
22055
32225
22054
22055
22057
32227
22058
32229
22058
22114
22058
23068
22061
22062
22063
22077
22061
22062
22065
22067
22069
22079
22067
22068
22069
22081
22067
22068
22067
22069
22116
22068
22069
22082
22118
22085
22086
22120
22074
22075
22076
22077
22074
22075
22074
22076
22075
22076
22080
22079
22080
22081
22079
22080
22084
23080
22086
22087
23081
22085
22086
22087
22085
22086
22125
22085
22087
23084
22086
22087
22126
23085
22128
23087
22092
22093
22094
22095
22101
22092
22093
22092
22094
22096
22093
22094
22102
22098
22105
22099
22106
22098
22099
22100
22108
32231
22098
22099
22098
22100
22147
32233
32235
22111
22112
22148
32237
22105
22106
22107
22108
22105
22106
22114
22105
22107
23109
22106
22107
22109
23110
22111
22113
23112
22111
22112
22113
32238
22111
22113
23116
22112
22113
22161
23117
32241
22162
32243
23118
32244
22119
22120
22121
22124
22119
22120
22119
22121
22122
22120
22121
22125
22128
22123
22129
22123
22134
22132
22138
22128
22129
22130
22128
22129
22128
22130
23136
22129
22130
22131
23137
22132
23139
22132
22142
23142
22144
22137
22138
22139
22140
22137
22138
22137
22139
22138
22139
22141
22144
22145
22144
22145
22146
22144
22145
22174
22144
22146
23154
22145
22146
22175
23155
22176
23157
22148
22162
22152
22153
22163
22152
22153
32246
22153
22164
32248
22166
32250
22158
22159
22160
22163
22158
22159
32239
22158
22160
22161
32241
22159
22160
22165
22162
32243
22166
22167
22162
23167
22166
22167
22166
32253
22166
22167
23170
32254
32256
23172
22171
22172
22178
32259
22171
22172
32261
33652
22172
22179
33654
32263
22181
32265
33655
22176
22177
32266
22176
22176
22177
32268
32270
32272
22181
22182
32266
22181
33659
22181
22182
23189
32269
33660
32271
33662
23191
32272
22186
22187
22195
28180
22186
22187
28181
32247
22187
22196
32248
28184
22198
28185
32251
22192
22193
22194
22200
28180
22192
22193
28182
33666
22192
22194
22193
22194
22201
33668
28184
22204
28186
33669
22205
22198
22199
32273
22198
32253
22198
22199
23204
32255
32275
32257
32277
23206
32279
22204
22205
22206
32273
22204
22205
33673
22204
22206
23209
32276
33674
22205
22206
23210
32278
33676
23212
32279
22211
22212
22213
22221
22211
22212
22211
22213
22214
22212
22213
22222
22225
22215
22226
22215
22231
22229
22235
22219
22220
22221
22219
33659
22219
22220
22223
33661
22225
33663
22227
22225
22226
22227
22225
22226
22225
22227
23228
22226
22227
22228
23229
22229
23231
22229
22239
23234
22241
22234
22235
22236
22237
32280
22234
22235
22234
22236
32282
22235
22236
22238
32284
22241
22242
32286
22241
22242
22243
32287
22241
22242
22241
22243
23251
22242
22243
23252
32290
32292
23254
32293
22248
22249
22250
22251
32294
22248
22249
22264
22248
22250
22450
32296
22249
22250
22252
22265
32298
22255
22267
22256
22451
32300
22255
22256
22257
32301
22255
22256
22274
22255
22257
22275
23265
22256
22257
22457
23266
32304
22276
22458
32306
23268
32307
22261
22262
22268
28215
22261
22262
28216
33667
22262
22269
33668
28219
22271
28220
33670
22266
22267
22273
28215
22266
22267
28217
22267
22274
28219
22276
28221
22271
22272
32308
22271
33673
22271
22272
23279
32310
33675
32312
33677
23281
32314
22276
22277
32308
22276
22276
22277
23284
32311
32313
23286
32314
22280
32282
22280
22281
32283
22283
32286
22283
22296
32288
22283
23298
32290
32292
22288
22289
22290
22291
22302
22288
22289
22288
22290
22292
28224
22289
22290
22303
28225
22293
22306
22294
22307
28228
22293
22294
22309
22293
22294
22314
22311
22316
22299
22300
22301
22302
22299
22300
22299
22301
22304
22300
22301
22306
22308
22306
22307
22308
22309
22306
22307
32316
22306
22308
23305
22307
22308
22310
23306
32318
22311
32320
22312
23308
22311
22312
22311
22312
22325
23312
22326
23313
22315
22316
22317
22324
28222
22315
22316
28224
22321
28226
22326
28228
22321
22322
22323
22328
22321
22322
22336
22321
22323
22322
22323
22329
22338
22332
22340
22333
22326
22327
22328
32315
22326
22327
23334
32318
32320
22334
23335
32321
22332
22333
22334
22332
22333
22350
22332
22334
22351
23338
22333
22334
23339
22353
23341
22339
22340
22341
22342
22349
22339
22340
22339
22341
22344
22340
22341
22350
22346
22353
22348
22354
22346
22347
22348
22356
22346
22347
22364
22346
22348
22347
22348
22357
22366
22360
22368
22361
22353
22354
22355
22356
22353
22354
22353
22355
23356
22354
22355
22359
23357
22361
22362
23359
22360
22361
22362
22360
22361
22378
22360
22362
22379
23363
22361
22362
23364
22381
23366
22367
22368
22369
22370
22377
22367
22368
22367
22369
22372
22368
22369
22378
22374
22381
22376
22382
22374
22375
22376
22384
22374
22375
22392
22374
22376
22375
22376
22385
22394
22388
22396
22389
22381
22382
22383
22384
22381
22382
22381
22383
23384
22382
22383
22387
23385
22389
22390
23387
22388
22389
22390
22388
22389
22405
22388
22390
22406
23391
22389
22390
23392
22408
23394
22395
22396
22397
22398
22404
22395
22396
22395
22397
22400
22396
22397
22405
22401
22408
22403
22409
22401
22402
22403
22411
32322
22401
22402
22425
32324
22401
22403
32326
22414
22427
32328
22415
22408
22409
22410
22411
22408
22409
22408
22410
23412
22409
22410
22413
23413
22415
22416
23415
22414
22415
22416
32329
22414
22416
22445
23419
32332
22415
22416
23420
22446
32334
23421
32335
22421
22422
22423
22428
22437
22421
22422
22421
22423
22422
22423
22438
22429
22441
22442
22426
22427
22428
22444
22426
22427
22429
22446
22429
22448
22434
22435
22436
22437
22444
22434
22435
32330
22434
22436
22439
22435
22436
22445
32332
22441
22446
32334
22443
22447
22441
22442
22443
22448
22441
22442
22452
22441
22443
23438
22442
22443
22454
23439
22456
22449
23441
22446
22447
22448
22446
22447
23445
22449
23446
22449
23449
22451
22458
22455
22456
32302
22455
22457
32304
22456
22458
32306
22458
23470
22460
22463
22639
22474
22650
22464
22465
22466
22473
22464
22465
22468
28230
22465
22474
28232
22470
22472
22476
28234
22470
22471
22472
22478
22470
22471
22490
22470
22472
22471
22472
22479
22492
22482
22494
22483
22476
22477
22478
22476
32393
22476
22477
22481
23482
32394
22483
32396
22484
23484
22482
22483
22484
22482
22483
22505
22482
22484
22506
23487
22483
22484
23488
22508
23490
22487
22488
22500
32336
22487
22488
32337
32340
22502
32341
22493
22494
22495
22504
32336
22493
22494
22493
22495
32338
22494
22495
22505
32340
22508
22509
32342
22498
22499
22500
22504
22498
22499
22506
22508
22503
22510
22502
22503
32343
22502
22503
22520
23506
32345
22522
32347
23507
32349
22508
22509
22510
32343
22508
22509
22508
22510
23510
22509
22510
23511
32346
32348
23513
32349
22515
22516
22517
22524
22515
22516
22515
22517
22516
22517
22525
22528
22529
22521
22522
22523
22524
32357
22521
22523
22526
22522
22523
32359
22528
32361
22530
32363
22528
22529
22530
22528
22529
22539
22528
22530
23532
22529
22530
22541
23533
22543
23535
22535
22536
22537
22545
22535
22536
22535
22537
22536
22537
22546
22549
22550
22542
22543
22544
22545
22542
22543
22542
22544
22547
22543
22544
22549
22551
22549
22550
22551
22549
22550
22549
22551
23552
22550
22551
22564
23553
22565
23555
22554
22555
22556
22567
22554
22555
22557
22560
22561
22569
22560
22561
22562
22571
32364
22560
22561
22579
22560
22562
32366
22561
22562
22572
22581
32368
22575
22583
22576
32370
22565
22566
22567
32371
22565
22566
32373
32375
22570
32377
22569
22570
22571
22569
22570
22573
22592
22575
22593
22577
22575
22576
22577
32371
22575
22576
22595
22575
22577
22596
22576
22577
32374
22598
32376
32377
22582
22583
22584
22585
22594
22582
22583
22582
22584
22587
22583
22584
22595
22589
22598
22591
22599
22589
22590
22591
22601
22589
22590
22589
22591
22590
22591
22602
22609
22605
22606
22593
22596
22598
22598
22599
22600
22601
22598
22599
22598
22600
22599
22600
22604
22606
22607
22605
22606
22607
22605
22606
22611
22605
22607
22606
22607
22610
22610
22611
22613
22613
22664
22613
22665
22667
22615
22619
22623
22626
22617
22620
22624
22628
22622
22623
22624
22629
22622
22623
32379
22622
22624
22623
22624
22630
32381
22633
32383
22634
22626
22631
22645
23565
22633
22647
22628
22632
22727
23567
22634
22729
22633
22634
22635
22633
22634
32386
22633
22635
23570
32387
22634
22635
23571
32389
23573
22640
22641
22642
22649
22640
22641
22640
22642
28231
22641
22642
22650
28232
22653
22654
28235
22646
22647
22648
22649
32385
22646
22648
22651
22647
22648
32387
22653
32389
22655
32391
22653
22654
22655
22653
22654
32393
22653
22655
23588
22654
22655
23589
32395
32397
23591
22660
22661
22662
22670
22660
22661
22660
22662
22661
22662
22671
22674
22675
22667
22668
22669
22670
22667
22668
22667
22669
22672
22668
22669
22674
22676
22674
22675
22676
22674
22675
22674
22676
22675
22676
22689
22690
22681
22682
22683
22684
22691
22681
22682
22681
22683
22685
22682
22683
22692
22687
22695
22688
22696
22687
22688
22698
22687
22688
32400
22688
22699
32402
22701
32404
22690
22693
22695
22695
22696
22697
22698
22695
22696
22695
22697
22696
22697
22700
22701
22702
22701
22702
22701
32407
22701
22702
32408
32410
22704
22708
22712
22715
22706
22709
22713
22717
22711
22712
22713
22718
22711
22712
22711
22713
22712
22713
22719
22722
22723
22715
22720
22728
23607
22722
22730
22717
22721
22763
23609
22723
22765
22722
22723
22724
22722
22723
22722
22724
23612
22723
22724
23613
23615
22729
22730
22731
22729
22730
22729
22731
22730
22731
22735
22736
22742
32413
22735
22736
22769
32415
22736
22743
22771
32417
22745
22773
32419
22740
22741
32420
22740
32407
22740
22741
32409
32422
32411
32424
32426
22745
22746
32420
22745
22776
22745
22746
22777
32423
22779
32425
32426
22748
22749
22752
22755
22752
32428
22753
22799
22752
22753
22756
22801
32430
22759
32432
22760
22803
22755
22757
22764
23636
22759
22766
22759
22760
22813
32435
22759
23638
32436
22760
22814
23639
32438
22816
22765
22766
22767
32434
22765
22766
22765
22767
22766
22767
32436
32438
32440
22772
22773
22774
22775
22772
22773
22772
22774
22773
22774
22776
22779
22780
22779
22780
22781
22779
22780
22779
22781
22780
22781
22789
23658
22790
23659
22786
22787
22788
22791
22786
22787
22786
22788
28286
22787
22788
22792
28288
22795
22796
28290
22790
22793
22795
22795
22796
22797
22795
22796
32456
22795
22797
23666
22796
22797
23667
32457
32459
23669
22802
22803
22804
22812
32441
22802
22803
22802
22804
32442
22803
22804
22813
32445
22816
22817
32446
22808
22809
22819
32441
22808
22809
32443
22809
22820
32445
22822
32447
22811
22812
22819
22818
22823
22816
22817
22818
32448
22816
22817
22816
22818
23682
22817
22818
23683
32450
32452
23685
32454
22822
22823
32448
22822
22860
22822
22823
22861
23689
32451
22863
32453
23691
32454
22826
22827
22828
22835
28285
22826
22827
28286
22832
28289
22837
28290
22832
22833
22834
22839
22832
22833
22832
22834
22874
22833
22834
22840
22876
22843
22844
22878
22837
22838
22839
32455
22837
22838
23708
32457
32459
22845
23709
32461
22843
22844
22845
22843
22844
22881
22843
22845
23712
22844
22845
22882
23713
22884
23715
22848
22853
22848
22849
22855
22897
22851
22857
22851
22867
22904
22851
22868
23729
22870
22856
22857
22858
22866
22856
22857
22856
22858
28307
22857
22858
22867
28309
22870
22871
28311
22863
22864
22865
22866
22863
22864
22863
22865
22864
22865
22868
22870
22872
22870
22871
22872
22870
22871
32484
22870
22872
23736
22871
22872
23737
32485
32487
23739
22877
22878
22879
22880
32462
22877
22878
22877
22879
32463
22878
22879
22881
32466
22884
22885
32467
22884
22885
22886
32469
22884
22885
22890
22884
22886
23757
22885
22886
22891
23758
32471
22892
32473
23760
32475
22889
32463
22889
22893
32465
22895
32467
22892
22892
22894
22895
22895
22920
32470
22895
23770
32471
32473
22898
22899
28308
22898
22904
28309
22902
22906
28312
22902
32477
22903
22934
22902
22903
22907
22936
32479
22910
32481
22911
22938
22906
32484
22906
22908
23779
32486
22910
32488
22910
22911
22948
32491
22910
23782
32492
22911
22949
23783
32494
22951
22916
22917
22918
22926
22916
22917
22916
22918
22917
22918
22927
22930
22931
22923
22924
22925
22926
22923
22924
22923
22925
22924
22925
22928
22930
22932
22930
22931
22932
22930
22931
22969
22930
22932
23796
22931
22932
22970
23797
22972
23799
22937
22938
22939
22940
22947
22937
22938
22937
22939
22941
22938
22939
22948
22944
22951
22945
22952
22944
22945
22946
22954
22944
22945
22944
22946
22983
22945
22946
22955
22985
22958
22959
22987
22951
22952
22953
22954
22951
22952
22951
22953
23817
22952
22953
22956
23818
22958
22960
23820
22958
22959
22960
22958
22959
22993
22958
22960
23824
22959
22960
22994
23825
22996
23827
22965
22966
22967
22975
22965
22966
22965
22967
22966
22967
22976
22979
22980
22972
22973
22974
22975
22972
22973
22972
22974
22973
22974
22977
22979
22981
22979
22980
22981
22979
22980
23010
22979
22981
23845
22980
22981
23011
23846
23013
23848
22986
22987
22988
22992
22986
22987
22986
22988
22989
22987
22988
22993
22996
22991
22997
22991
32498
22991
22999
23024
32500
23001
32502
22996
22997
22998
22996
22997
22996
22998
23866
22997
22998
23000
23867
23001
23869
23001
23028
32505
23001
23872
32506
32508
23006
23007
23008
23016
23006
23007
23006
23008
23007
23008
23017
23020
23021
23013
23014
23015
23016
23013
23014
23013
23015
23014
23015
23018
23020
23022
23020
23021
23022
23020
23021
23071
23020
23022
23886
23021
23022
23072
23887
23074
23889
23025
23026
23025
23028
23027
23030
23027
23034
23032
23038
23030
23041
23030
23031
23043
23906
23032
23045
23032
23049
23909
23051
23037
23038
23039
23047
23037
23038
23037
23039
23038
23039
23048
23051
23052
23044
23045
23046
23047
23044
23045
32505
23044
23046
32507
23045
23046
23049
32509
23051
23053
23051
23052
23053
23051
23052
23091
23051
23053
23917
23052
23053
23092
23918
23094
23920
23058
23059
23060
23061
32511
23058
23059
23068
32513
23058
23060
23109
23059
23060
23062
23069
23111
32515
23065
23070
32517
23066
23113
23065
23066
23067
32518
23065
23066
23076
23122
23065
23067
23077
23938
32521
23066
23067
23123
23939
23078
32523
23125
23941
32524
23070
23070
23076
23078
23074
23075
32519
23074
23075
23077
32521
23078
32523
23078
23134
23078
23951
23081
23082
23083
23097
23081
23082
23085
23087
23089
23099
23087
23088
23089
23101
23087
23088
23087
23089
23136
23088
23089
23102
23138
23105
23106
23140
23094
23095
23096
23097
23094
23095
23094
23096
23095
23096
23100
23099
23100
23101
23099
23100
23104
23963
23106
23107
23964
23105
23106
23107
23105
23106
23145
23105
23107
23967
23106
23107
23146
23968
23148
23970
23112
23113
23114
23115
23121
23112
23113
23112
23114
23116
23113
23114
23122
23118
23125
23119
23126
23118
23119
23120
23128
32525
23118
23119
23118
23120
23167
32527
32529
23131
23132
23168
32531
23125
23126
23127
23128
23125
23126
23134
23125
23127
23992
23126
23127
23129
23993
23131
23133
23995
23131
23132
23133
32532
23131
23133
23999
23132
23133
23181
24000
32535
23182
32537
24001
32538
23139
23140
23141
23144
23139
23140
23139
23141
23142
23140
23141
23145
23148
23143
23149
23143
23154
23152
23158
23148
23149
23150
23148
23149
23148
23150
24019
23149
23150
23151
24020
23152
24022
23152
23162
24025
23164
23157
23158
23159
23160
23157
23158
23157
23159
23158
23159
23161
23164
23165
23164
23165
23166
23164
23165
23194
23164
23166
24037
23165
23166
23195
24038
23196
24040
23168
23182
23172
23173
23183
23172
23173
32540
23173
23184
32542
23186
32544
23178
23179
23180
23183
23178
23179
32533
23178
23180
23181
32535
23179
23180
23185
23182
32537
23186
23187
23182
24050
23186
23187
23186
32547
23186
23187
24053
32548
32550
24055
23191
23192
23198
32553
23191
23192
32555
33680
23192
23199
33682
32557
23201
32559
33683
23196
23197
32560
23196
23196
23197
32562
32564
32566
23201
23202
32560
23201
33687
23201
23202
24072
32563
33688
32565
33690
24074
32566
23206
23207
23215
28355
23206
23207
28356
32541
23207
23216
32542
28359
23218
28360
32545
23212
23213
23214
23220
28355
23212
23213
28357
33694
23212
23214
23213
23214
23221
33696
28359
23224
28361
33697
23225
23218
23219
32567
23218
32547
23218
23219
24087
32549
32569
32551
32571
24089
32573
23224
23225
23226
32567
23224
23225
33701
23224
23226
24092
32570
33702
23225
23226
24093
32572
33704
24095
32573
23231
23232
23233
23241
23231
23232
23231
23233
23234
23232
23233
23242
23245
23235
23246
23235
23251
23249
23255
23239
23240
23241
23239
33687
23239
23240
23243
33689
23245
33691
23247
23245
23246
23247
23245
23246
23245
23247
24111
23246
23247
23248
24112
23249
24114
23249
23259
24117
23261
23254
23255
23256
23257
32574
23254
23255
23254
23256
32576
23255
23256
23258
32578
23261
23262
32580
23261
23262
23263
32581
23261
23262
23261
23263
24134
23262
23263
24135
32584
32586
24137
32587
23268
23269
23270
23271
32588
23268
23269
23284
23268
23270
23470
32590
23269
23270
23272
23285
32592
23275
23287
23276
23471
32594
23275
23276
23277
32595
23275
23276
23294
23275
23277
23295
24148
23276
23277
23477
24149
32598
23296
23478
32600
24151
32601
23281
23282
23288
28390
23281
23282
28391
33695
23282
23289
33696
28394
23291
28395
33698
23286
23287
23293
28390
23286
23287
28392
23287
23294
28394
23296
28396
23291
23292
32602
23291
33701
23291
23292
24162
32604
33703
32606
33705
24164
32608
23296
23297
32602
23296
23296
23297
24167
32605
32607
24169
32608
23300
32576
23300
23301
32577
23303
32580
23303
23316
32582
23303
24181
32584
32586
23308
23309
23310
23311
23322
23308
23309
23308
23310
23312
28399
23309
23310
23323
28400
23313
23326
23314
23327
28403
23313
23314
23329
23313
23314
23334
23331
23336
23319
23320
23321
23322
23319
23320
23319
23321
23324
23320
23321
23326
23328
23326
23327
23328
23329
23326
23327
32610
23326
23328
24188
23327
23328
23330
24189
32612
23331
32614
23332
24191
23331
23332
23331
23332
23345
24195
23346
24196
23335
23336
23337
23344
28397
23335
23336
28399
23341
28401
23346
28403
23341
23342
23343
23348
23341
23342
23356
23341
23343
23342
23343
23349
23358
23352
23360
23353
23346
23347
23348
32609
23346
23347
24217
32612
32614
23354
24218
32615
23352
23353
23354
23352
23353
23370
23352
23354
23371
24221
23353
23354
24222
23373
24224
23359
23360
23361
23362
23369
23359
23360
23359
23361
23364
23360
23361
23370
23366
23373
23368
23374
23366
23367
23368
23376
23366
23367
23384
23366
23368
23367
23368
23377
23386
23380
23388
23381
23373
23374
23375
23376
23373
23374
23373
23375
24239
23374
23375
23379
24240
23381
23382
24242
23380
23381
23382
23380
23381
23398
23380
23382
23399
24246
23381
23382
24247
23401
24249
23387
23388
23389
23390
23397
23387
23388
23387
23389
23392
23388
23389
23398
23394
23401
23396
23402
23394
23395
23396
23404
23394
23395
23412
23394
23396
23395
23396
23405
23414
23408
23416
23409
23401
23402
23403
23404
23401
23402
23401
23403
24267
23402
23403
23407
24268
23409
23410
24270
23408
23409
23410
23408
23409
23425
23408
23410
23426
24274
23409
23410
24275
23428
24277
23415
23416
23417
23418
23424
23415
23416
23415
23417
23420
23416
23417
23425
23421
23428
23423
23429
23421
23422
23423
23431
32616
23421
23422
23445
32618
23421
23423
32620
23434
23447
32622
23435
23428
23429
23430
23431
23428
23429
23428
23430
24295
23429
23430
23433
24296
23435
23436
24298
23434
23435
23436
32623
23434
23436
23465
24302
32626
23435
23436
24303
23466
32628
24304
32629
23441
23442
23443
23448
23457
23441
23442
23441
23443
23442
23443
23458
23449
23461
23462
23446
23447
23448
23464
23446
23447
23449
23466
23449
23468
23454
23455
23456
23457
23464
23454
23455
32624
23454
23456
23459
23455
23456
23465
32626
23461
23466
32628
23463
23467
23461
23462
23463
23468
23461
23462
23472
23461
23463
24321
23462
23463
23474
24322
23476
23469
24324
23466
23467
23468
23466
23467
24328
23469
24329
23469
24332
23471
23478
23475
23476
32596
23475
23477
32598
23476
23478
32600
23478
24353
23480
23483
23590
23494
23601
23484
23485
23486
23493
23484
23485
23488
28405
23485
23494
28407
23490
23492
23496
28409
23490
23491
23492
23498
23490
23491
23510
23490
23492
23491
23492
23499
23512
23502
23514
23503
23496
23497
23498
23496
32673
23496
23497
23501
24365
32674
23503
32676
23504
24367
23502
23503
23504
23502
23503
23525
23502
23504
23526
24370
23503
23504
24371
23528
24373
23507
23508
23520
32630
23507
23508
32631
32634
23522
32635
23513
23514
23515
23524
32630
23513
23514
23513
23515
32632
23514
23515
23525
32634
23528
23529
32636
23518
23519
23520
23524
23518
23519
23526
23528
23523
23530
23522
23523
32637
23522
23523
23540
24389
32639
23542
32641
24390
32643
23528
23529
23530
32637
23528
23529
23528
23530
24393
23529
23530
24394
32640
32642
24396
32643
23535
23536
23537
23544
23535
23536
23535
23537
23536
23537
23545
23548
23549
23541
23542
23543
23544
32651
23541
23543
23546
23542
23543
32653
23548
32655
23550
32657
23548
23549
23550
23548
23549
23559
23548
23550
24415
23549
23550
23561
24416
23563
24418
23555
23556
23557
23555
23556
23555
23557
23556
23557
23562
23563
23564
23562
23563
23562
23564
23563
23564
23566
23570
23574
23577
23568
23571
23575
23579
23573
23574
23575
23580
23573
23574
32659
23573
23575
23574
23575
23581
32661
23584
32663
23585
23577
23582
23596
24421
23584
23598
23579
23583
23631
24423
23585
23633
23584
23585
23586
23584
23585
32666
23584
23586
24426
32667
23585
23586
24427
32669
24429
23591
23592
23593
23600
23591
23592
23591
23593
28406
23592
23593
23601
28407
23604
23605
28410
23597
23598
23599
23600
32665
23597
23599
23602
23598
23599
32667
23604
32669
23606
32671
23604
23605
23606
23604
23605
32673
23604
23606
24444
23605
23606
24445
32675
32677
24447
23608
23612
23616
23619
23610
23613
23617
23621
23615
23616
23617
23622
23615
23616
23615
23617
23616
23617
23623
23626
23627
23619
23624
23632
24463
23626
23634
23621
23625
23652
24465
23627
23654
23626
23627
23628
23626
23627
23626
23628
24468
23627
23628
24469
24471
23633
23634
23635
23633
23634
23633
23635
23634
23635
23637
23638
23641
23644
23641
32680
23642
23682
23641
23642
23645
23684
32682
23648
32684
23649
23686
23644
23646
23653
24492
23648
23655
23648
23649
23696
32687
23648
24494
32688
23649
23697
24495
32690
23699
23654
23655
23656
32686
23654
23655
23654
23656
23655
23656
32688
32690
32692
23659
23660
23661
23659
23660
23663
23663
23664
23663
23664
23672
23673
23669
23670
23671
23674
23669
23670
23669
23671
28451
23670
23671
23675
28453
23678
23679
28455
23673
23676
23678
23678
23679
23680
23678
23679
32708
23678
23680
23679
23680
32709
32711
23685
23686
23687
23695
32693
23685
23686
23685
23687
32694
23686
23687
23696
32697
23699
23700
32698
23691
23692
23702
32693
23691
23692
32695
23692
23703
32697
23705
32699
23694
23695
23702
23701
23706
23699
23700
23701
32700
23699
23700
23699
23701
24514
23700
23701
24515
32702
32704
24517
32706
23705
23706
32700
23705
23743
23705
23706
23744
24521
32703
23746
32705
24523
32706
23709
23710
23711
23718
28450
23709
23710
28451
23715
28454
23720
28455
23715
23716
23717
23722
23715
23716
23715
23717
23757
23716
23717
23723
23759
23726
23727
23761
23720
23721
23722
32707
23720
23721
32709
32711
23728
32713
23726
23727
23728
23726
23727
23764
23726
23728
23727
23728
23765
23767
23731
23736
23731
23732
23738
23780
23734
23740
23734
23750
23787
23734
23751
24539
23753
23739
23740
23741
23749
23739
23740
23739
23741
28472
23740
23741
23750
28474
23753
23754
28476
23746
23747
23748
23749
23746
23747
23746
23748
23747
23748
23751
23753
23755
23753
23754
23755
23753
23754
32736
23753
23755
24546
23754
23755
24547
32737
32739
24549
23760
23761
23762
23763
32714
23760
23761
23760
23762
32715
23761
23762
23764
32718
23767
23768
32719
23767
23768
23769
32721
23767
23768
23773
23767
23769
23768
23769
23774
32723
23775
32725
32727
23772
32715
23772
23776
32717
23778
32719
23775
23775
23777
23778
23778
23803
32722
23778
24566
32723
32725
23781
23782
28473
23781
23787
28474
23785
23789
28477
23785
32729
23786
23817
23785
23786
23790
23819
32731
23793
32733
23794
23821
23789
32736
23789
23791
24569
32738
23793
32740
23793
23794
23831
32743
23793
24572
32744
23794
23832
24573
32746
23834
23799
23800
23801
23809
23799
23800
23799
23801
23800
23801
23810
23813
23814
23806
23807
23808
23809
23806
23807
23806
23808
23807
23808
23811
23813
23815
23813
23814
23815
23813
23814
23852
23813
23815
24586
23814
23815
23853
24587
23855
24589
23820
23821
23822
23823
23830
23820
23821
23820
23822
23824
23821
23822
23831
23827
23834
23828
23835
23827
23828
23829
23837
23827
23828
23827
23829
23866
23828
23829
23838
23868
23841
23842
23870
23834
23835
23836
23837
23834
23835
23834
23836
24593
23835
23836
23839
24594
23841
23843
24596
23841
23842
23843
23841
23842
23876
23841
23843
24600
23842
23843
23877
24601
23879
24603
23848
23849
23850
23858
23848
23849
23848
23850
23849
23850
23859
23862
23863
23855
23856
23857
23858
23855
23856
23855
23857
23856
23857
23860
23862
23864
23862
23863
23864
23862
23863
23893
23862
23864
24621
23863
23864
23894
24622
23896
24624
23869
23870
23871
23875
23869
23870
23869
23871
23872
23870
23871
23876
23879
23874
23880
23874
32750
23874
23882
23907
32752
23884
32754
23879
23880
23881
23879
23880
23879
23881
24642
23880
23881
23883
24643
23884
24645
23884
23911
32757
23884
24648
32758
32760
23889
23890
23891
23899
23889
23890
23889
23891
23890
23891
23900
23903
23904
23896
23897
23898
23899
23896
23897
23896
23898
23897
23898
23901
23903
23905
23903
23904
23905
23903
23904
23954
23903
23905
24662
23904
23905
23955
24663
23957
24665
23908
23909
23908
23911
23910
23913
23910
23917
23915
23921
23913
23924
23913
23914
23926
24682
23915
23928
23915
23932
24685
23934
23920
23921
23922
23930
23920
23921
23920
23922
23921
23922
23931
23934
23935
23927
23928
23929
23930
23927
23928
32757
23927
23929
32759
23928
23929
23932
32761
23934
23936
23934
23935
23936
23934
23935
23974
23934
23936
24693
23935
23936
23975
24694
23977
24696
23941
23942
23943
23944
32763
23941
23942
23951
32765
23941
23943
23992
23942
23943
23945
23952
23994
32767
23948
23953
32769
23949
23996
23948
23949
23950
32770
23948
23949
23959
24005
23948
23950
23960
24714
32773
23949
23950
24006
24715
23961
32775
24008
24717
32776
23953
23953
23959
23961
23957
23958
32771
23957
23958
23960
32773
23961
32775
23961
24017
23961
24727
23964
23965
23966
23980
23964
23965
23968
23970
23972
23982
23970
23971
23972
23984
23970
23971
23970
23972
24019
23971
23972
23985
24021
23988
23989
24023
23977
23978
23979
23980
23977
23978
23977
23979
23978
23979
23983
23982
23983
23984
23982
23983
23987
24739
23989
23990
24740
23988
23989
23990
23988
23989
24028
23988
23990
24743
23989
23990
24029
24744
24031
24746
23995
23996
23997
23998
24004
23995
23996
23995
23997
23999
23996
23997
24005
24001
24008
24002
24009
24001
24002
24003
24011
32777
24001
24002
24001
24003
24050
32779
32781
24014
24015
24051
32783
24008
24009
24010
24011
24008
24009
24017
24008
24010
24768
24009
24010
24012
24769
24014
24016
24771
24014
24015
24016
32784
24014
24016
24775
24015
24016
24064
24776
32787
24065
32789
24777
32790
24022
24023
24024
24027
24022
24023
24022
24024
24025
24023
24024
24028
24031
24026
24032
24026
24037
24035
24041
24031
24032
24033
24031
24032
24031
24033
24795
24032
24033
24034
24796
24035
24798
24035
24045
24801
24047
24040
24041
24042
24043
24040
24041
24040
24042
24041
24042
24044
24047
24048
24047
24048
24049
24047
24048
24077
24047
24049
24813
24048
24049
24078
24814
24079
24816
24051
24065
24055
24056
24066
24055
24056
32792
24056
24067
32794
24069
32796
24061
24062
24063
24066
24061
24062
32785
24061
24063
24064
32787
24062
24063
24068
24065
32789
24069
24070
24065
24826
24069
24070
24069
32799
24069
24070
24829
32800
32802
24831
24074
24075
24081
32805
24074
24075
32807
33708
24075
24082
33710
32809
24084
32811
33711
24079
24080
32812
24079
24079
24080
32814
32816
32818
24084
24085
32812
24084
33715
24084
24085
24848
32815
33716
32817
33718
24850
32818
24089
24090
24098
28520
24089
24090
28521
32793
24090
24099
32794
28524
24101
28525
32797
24095
24096
24097
24103
28520
24095
24096
28522
33722
24095
24097
24096
24097
24104
33724
28524
24107
28526
33725
24108
24101
24102
32819
24101
32799
24101
24102
24863
32801
32821
32803
32823
24865
32825
24107
24108
24109
32819
24107
24108
33729
24107
24109
24868
32822
33730
24108
24109
24869
32824
33732
24871
32825
24114
24115
24116
24124
24114
24115
24114
24116
24117
24115
24116
24125
24128
24118
24129
24118
24134
24132
24138
24122
24123
24124
24122
33715
24122
24123
24126
33717
24128
33719
24130
24128
24129
24130
24128
24129
24128
24130
24887
24129
24130
24131
24888
24132
24890
24132
24142
24893
24144
24137
24138
24139
24140
32826
24137
24138
24137
24139
32828
24138
24139
24141
32830
24144
24145
32832
24144
24145
24146
32833
24144
24145
24144
24146
24910
24145
24146
24911
32836
32838
24913
32839
24151
24152
24153
24154
32840
24151
24152
24167
24151
24153
24353
32842
24152
24153
24155
24168
32844
24158
24170
24159
24354
32846
24158
24159
24160
32847
24158
24159
24177
24158
24160
24178
24924
24159
24160
24360
24925
32850
24179
24361
32852
24927
32853
24164
24165
24171
28555
24164
24165
28556
33723
24165
24172
33724
28559
24174
28560
33726
24169
24170
24176
28555
24169
24170
28557
24170
24177
28559
24179
28561
24174
24175
32854
24174
33729
24174
24175
24938
32856
33731
32858
33733
24940
32860
24179
24180
32854
24179
24179
24180
24943
32857
32859
24945
32860
24183
32828
24183
24184
32829
24186
32832
24186
24199
32834
24186
24957
32836
32838
24191
24192
24193
24194
24205
24191
24192
24191
24193
24195
28564
24192
24193
24206
28565
24196
24209
24197
24210
28568
24196
24197
24212
24196
24197
24217
24214
24219
24202
24203
24204
24205
24202
24203
24202
24204
24207
24203
24204
24209
24211
24209
24210
24211
24212
24209
24210
32862
24209
24211
24964
24210
24211
24213
24965
32864
24214
32866
24215
24967
24214
24215
24214
24215
24228
24971
24229
24972
24218
24219
24220
24227
28562
24218
24219
28564
24224
28566
24229
28568
24224
24225
24226
24231
24224
24225
24239
24224
24226
24225
24226
24232
24241
24235
24243
24236
24229
24230
24231
32861
24229
24230
24993
32864
32866
24237
24994
32867
24235
24236
24237
24235
24236
24253
24235
24237
24254
24997
24236
24237
24998
24256
25000
24242
24243
24244
24245
24252
24242
24243
24242
24244
24247
24243
24244
24253
24249
24256
24251
24257
24249
24250
24251
24259
24249
24250
24267
24249
24251
24250
24251
24260
24269
24263
24271
24264
24256
24257
24258
24259
24256
24257
24256
24258
25015
24257
24258
24262
25016
24264
24265
25018
24263
24264
24265
24263
24264
24281
24263
24265
24282
25022
24264
24265
25023
24284
25025
24270
24271
24272
24273
24280
24270
24271
24270
24272
24275
24271
24272
24281
24277
24284
24279
24285
24277
24278
24279
24287
24277
24278
24295
24277
24279
24278
24279
24288
24297
24291
24299
24292
24284
24285
24286
24287
24284
24285
24284
24286
25043
24285
24286
24290
25044
24292
24293
25046
24291
24292
24293
24291
24292
24308
24291
24293
24309
25050
24292
24293
25051
24311
25053
24298
24299
24300
24301
24307
24298
24299
24298
24300
24303
24299
24300
24308
24304
24311
24306
24312
24304
24305
24306
24314
32868
24304
24305
24328
32870
24304
24306
32872
24317
24330
32874
24318
24311
24312
24313
24314
24311
24312
24311
24313
25071
24312
24313
24316
25072
24318
24319
25074
24317
24318
24319
32875
24317
24319
24348
25078
32878
24318
24319
25079
24349
32880
25080
32881
24324
24325
24326
24331
24340
24324
24325
24324
24326
24325
24326
24341
24332
24344
24345
24329
24330
24331
24347
24329
24330
24332
24349
24332
24351
24337
24338
24339
24340
24347
24337
24338
32876
24337
24339
24342
24338
24339
24348
32878
24344
24349
32880
24346
24350
24344
24345
24346
24351
24344
24345
24355
24344
24346
25097
24345
24346
24357
25098
24359
24352
25100
24349
24350
24351
24349
24350
25104
24352
25105
24352
25108
24354
24361
24358
24359
32848
24358
24360
32850
24359
24361
32852
24361
25129
24363
24366
24446
24377
24457
24367
24368
24369
24376
24367
24368
24371
28570
24368
24377
28572
24373
24375
24379
28574
24373
24374
24375
24381
24373
24374
24393
24373
24375
24374
24375
24382
24395
24385
24397
24386
24379
24380
24381
24379
32918
24379
24380
24384
25141
32919
24386
32921
24387
25143
24385
24386
24387
24385
24386
24408
24385
24387
24409
25146
24386
24387
25147
24411
25149
24390
24391
24403
32882
24390
24391
32883
32886
24405
32887
24396
24397
24398
24407
32882
24396
24397
24396
24398
32884
24397
24398
24408
32886
24411
24412
32888
24401
24402
24403
24407
24401
24402
24409
24411
24406
24413
24405
24406
32889
24405
24406
32891
32893
32895
24411
24412
24413
32889
24411
24412
24411
24413
24412
24413
32892
32894
32895
24418
24419
24420
24418
24419
24418
24420
24419
24420
24422
24426
24430
24433
24424
24427
24431
24435
24429
24430
24431
24436
24429
24430
32904
24429
24431
24430
24431
24437
32906
24440
32908
24441
24433
24438
24452
25164
24440
24454
24435
24439
24487
25166
24441
24489
24440
24441
24442
24440
24441
32911
24440
24442
25169
32912
24441
24442
25170
32914
25172
24447
24448
24449
24456
24447
24448
24447
24449
28571
24448
24449
24457
28572
24460
24461
28575
24453
24454
24455
24456
32910
24453
24455
24458
24454
24455
32912
24460
32914
24462
32916
24460
24461
24462
24460
24461
32918
24460
24462
25187
24461
24462
25188
32920
32922
25190
24464
24468
24472
24475
24466
24469
24473
24477
24471
24472
24473
24478
24471
24472
24471
24473
24472
24473
24479
24482
24483
24475
24480
24488
25206
24482
24490
24477
24481
24508
25208
24483
24510
24482
24483
24484
24482
24483
24482
24484
25211
24483
24484
25212
25214
24489
24490
24491
24489
24490
24489
24491
24490
24491
24493
24494
24497
24500
24497
32925
24498
24514
24497
24498
24501
24516
32927
24504
32929
24505
24518
24500
24502
24509
25235
24504
24511
24504
24505
24528
32932
24504
25237
32933
24505
24529
25238
32935
24531
24510
24511
24512
32931
24510
24511
24510
24512
24511
24512
32933
32935
32937
24517
24518
24519
24527
32938
24517
24518
24517
24519
32939
24518
24519
24528
32942
24531
24532
32943
24523
24524
24534
32938
24523
24524
32940
24524
24535
32942
24537
32944
24526
24527
24534
24533
24538
24531
24532
24533
32945
24531
24532
24531
24533
25257
24532
24533
25258
32947
32949
25260
32951
24537
24538
32945
24537
24553
24537
24538
24554
25264
32948
24556
32950
25266
32951
24541
24546
24541
24542
24548
24570
24544
24550
24544
24560
24577
24544
24561
25282
24563
24549
24550
24551
24559
24549
24550
24549
24551
28603
24550
24551
24560
28605
24563
24564
28607
24556
24557
24558
24559
24556
24557
24556
24558
24557
24558
24561
24563
24565
24563
24564
24565
24563
24564
32967
24563
24565
25289
24564
24565
25290
32968
32970
25292
24568
32953
24568
32955
32957
24571
24572
28604
24571
24577
28605
24575
24579
28608
24575
32960
24576
24593
24575
24576
24580
24595
32962
24583
32964
24584
24597
24579
32967
24579
24581
25309
32969
24583
32971
24583
24584
24607
32974
24583
25312
32975
24584
24608
25313
32977
24610
24589
24590
24591
24589
24590
24589
24591
24590
24591
24596
24597
24598
24599
24606
24596
24597
24596
24598
24600
24597
24598
24607
24603
24610
24604
24611
24603
24604
24605
24613
24603
24604
24603
24605
24642
24604
24605
24614
24644
24617
24618
24646
24610
24611
24612
24613
24610
24611
24610
24612
25326
24611
24612
24615
25327
24617
24619
25329
24617
24618
24619
24617
24618
24652
24617
24619
25333
24618
24619
24653
25334
24655
25336
24624
24625
24626
24634
24624
24625
24624
24626
24625
24626
24635
24638
24639
24631
24632
24633
24634
24631
24632
24631
24633
24632
24633
24636
24638
24640
24638
24639
24640
24638
24639
24669
24638
24640
24639
24640
24670
24672
24645
24646
24647
24651
24645
24646
24645
24647
24648
24646
24647
24652
24655
24650
24656
24650
32981
24650
24658
24683
32983
24660
32985
24655
24656
24657
24655
24656
24655
24657
25354
24656
24657
24659
25355
24660
25357
24660
24687
32988
24660
25360
32989
32991
24665
24666
24667
24675
24665
24666
24665
24667
24666
24667
24676
24679
24680
24672
24673
24674
24675
24672
24673
24672
24674
24673
24674
24677
24679
24681
24679
24680
24681
24679
24680
24730
24679
24681
25374
24680
24681
24731
25375
24733
25377
24684
24685
24684
24687
24686
24689
24686
24693
24691
24697
24689
24700
24689
24690
24702
25380
24691
24704
24691
24708
25383
24710
24696
24697
24698
24706
24696
24697
24696
24698
24697
24698
24707
24710
24711
24703
24704
24705
24706
24703
24704
32988
24703
24705
32990
24704
24705
24708
32992
24710
24712
24710
24711
24712
24710
24711
24750
24710
24712
25391
24711
24712
24751
25392
24753
25394
24717
24718
24719
24720
32994
24717
24718
24727
32996
24717
24719
24768
24718
24719
24721
24728
24770
32998
24724
24729
33000
24725
24772
24724
24725
24726
33001
24724
24725
24735
24781
24724
24726
24736
25412
33004
24725
24726
24782
25413
24737
33006
24784
25415
33007
24729
24729
24735
24737
24733
24734
33002
24733
24734
24736
33004
24737
33006
24737
24793
24737
25418
24740
24741
24742
24756
24740
24741
24744
24746
24748
24758
24746
24747
24748
24760
24746
24747
24746
24748
24795
24747
24748
24761
24797
24764
24765
24799
24753
24754
24755
24756
24753
24754
24753
24755
24754
24755
24759
24758
24759
24760
24758
24759
24763
25422
24765
24766
25423
24764
24765
24766
24764
24765
24804
24764
24766
25426
24765
24766
24805
25427
24807
25429
24771
24772
24773
24774
24780
24771
24772
24771
24773
24775
24772
24773
24781
24777
24784
24778
24785
24777
24778
24779
24787
33008
24777
24778
24777
24779
24826
33010
33012
24790
24791
24827
33014
24784
24785
24786
24787
24784
24785
24793
24784
24786
25451
24785
24786
24788
25452
24790
24792
25454
24790
24791
24792
33015
24790
24792
25458
24791
24792
24840
25459
33018
24841
33020
25460
33021
24798
24799
24800
24803
24798
24799
24798
24800
24801
24799
24800
24804
24807
24802
24808
24802
24813
24811
24817
24807
24808
24809
24807
24808
24807
24809
25464
24808
24809
24810
25465
24811
25467
24811
24821
25470
24823
24816
24817
24818
24819
24816
24817
24816
24818
24817
24818
24820
24823
24824
24823
24824
24825
24823
24824
24853
24823
24825
25482
24824
24825
24854
25483
24855
25485
24827
24841
24831
24832
24842
24831
24832
33023
24832
24843
33025
24845
33027
24837
24838
24839
24842
24837
24838
33016
24837
24839
24840
33018
24838
24839
24844
24841
33020
24845
24846
24841
25495
24845
24846
24845
33030
24845
24846
25498
33031
33033
25500
24850
24851
24857
33036
24850
24851
33038
33736
24851
24858
33738
33040
24860
33042
33739
24855
24856
33043
24855
24855
24856
33045
33047
33049
24860
24861
33043
24860
33743
24860
24861
25512
33046
33744
33048
33746
25514
33049
24865
24866
24874
28651
24865
24866
28652
33024
24866
24875
33025
28655
24877
28656
33028
24871
24872
24873
24879
28651
24871
24872
28653
33750
24871
24873
24872
24873
24880
33752
28655
24883
28657
33753
24884
24877
24878
33050
24877
33030
24877
24878
25527
33032
33052
33034
33054
25529
33056
24883
24884
24885
33050
24883
24884
33757
24883
24885
25532
33053
33758
24884
24885
25533
33055
33760
25535
33056
24890
24891
24892
24900
24890
24891
24890
24892
24893
24891
24892
24901
24904
24894
24905
24894
24910
24908
24914
24898
24899
24900
24898
33743
24898
24899
24902
33745
24904
33747
24906
24904
24905
24906
24904
24905
24904
24906
25551
24905
24906
24907
25552
24908
25554
24908
24918
25557
24920
24913
24914
24915
24916
33057
24913
24914
24913
24915
33059
24914
24915
24917
33061
24920
24921
33063
24920
24921
24922
33064
24920
24921
24920
24922
25574
24921
24922
25575
33067
33069
25577
33070
24927
24928
24929
24930
33071
24927
24928
24943
24927
24929
25129
33073
24928
24929
24931
24944
33075
24934
24946
24935
25130
33077
24934
24935
24936
33078
24934
24935
24953
24934
24936
24954
25588
24935
24936
25136
25589
33081
24955
25137
33083
25591
33084
24940
24941
24947
28686
24940
24941
28687
33751
24941
24948
33752
28690
24950
28691
33754
24945
24946
24952
28686
24945
24946
28688
24946
24953
28690
24955
28692
24950
24951
33085
24950
33757
24950
24951
25602
33087
33759
33089
33761
25604
33091
24955
24956
33085
24955
24955
24956
25607
33088
33090
25609
33091
24959
33059
24959
24960
33060
24962
33063
24962
24975
33065
24962
25621
33067
33069
24967
24968
24969
24970
24981
24967
24968
24967
24969
24971
28695
24968
24969
24982
28696
24972
24985
24973
24986
28699
24972
24973
24988
24972
24973
24993
24990
24995
24978
24979
24980
24981
24978
24979
24978
24980
24983
24979
24980
24985
24987
24985
24986
24987
24988
24985
24986
33093
24985
24987
25628
24986
24987
24989
25629
33095
24990
33097
24991
25631
24990
24991
24990
24991
25004
25635
25005
25636
24994
24995
24996
25003
28693
24994
24995
28695
25000
28697
25005
28699
25000
25001
25002
25007
25000
25001
25015
25000
25002
25001
25002
25008
25017
25011
25019
25012
25005
25006
25007
33092
25005
25006
25657
33095
33097
25013
25658
33098
25011
25012
25013
25011
25012
25029
25011
25013
25030
25661
25012
25013
25662
25032
25664
25018
25019
25020
25021
25028
25018
25019
25018
25020
25023
25019
25020
25029
25025
25032
25027
25033
25025
25026
25027
25035
25025
25026
25043
25025
25027
25026
25027
25036
25045
25039
25047
25040
25032
25033
25034
25035
25032
25033
25032
25034
25679
25033
25034
25038
25680
25040
25041
25682
25039
25040
25041
25039
25040
25057
25039
25041
25058
25686
25040
25041
25687
25060
25689
25046
25047
25048
25049
25056
25046
25047
25046
25048
25051
25047
25048
25057
25053
25060
25055
25061
25053
25054
25055
25063
25053
25054
25071
25053
25055
25054
25055
25064
25073
25067
25075
25068
25060
25061
25062
25063
25060
25061
25060
25062
25707
25061
25062
25066
25708
25068
25069
25710
25067
25068
25069
25067
25068
25084
25067
25069
25085
25714
25068
25069
25715
25087
25717
25074
25075
25076
25077
25083
25074
25075
25074
25076
25079
25075
25076
25084
25080
25087
25082
25088
25080
25081
25082
25090
33099
25080
25081
25104
33101
25080
25082
33103
25093
25106
33105
25094
25087
25088
25089
25090
25087
25088
25087
25089
25735
25088
25089
25092
25736
25094
25095
25738
25093
25094
25095
33106
25093
25095
25124
25742
33109
25094
25095
25743
25125
33111
25744
33112
25100
25101
25102
25107
25116
25100
25101
25100
25102
25101
25102
25117
25108
25120
25121
25105
25106
25107
25123
25105
25106
25108
25125
25108
25127
25113
25114
25115
25116
25123
25113
25114
33107
25113
25115
25118
25114
25115
25124
33109
25120
25125
33111
25122
25126
25120
25121
25122
25127
25120
25121
25131
25120
25122
25761
25121
25122
25133
25762
25135
25128
25764
25125
25126
25127
25125
25126
25768
25128
25769
25128
25772
25130
25137
25134
25135
33079
25134
25136
33081
25135
25137
33083
25137
25793
25139
25142
25189
25153
25200
25143
25144
25145
25152
25143
25144
25147
28701
25144
25153
28703
25149
25151
25155
28705
25149
25150
25151
25157
25149
25150
25149
25151
25150
25151
25158
25161
25162
25155
25156
25157
25155
33128
25155
25156
25160
33129
25162
33131
25163
25161
25162
25163
25161
25162
25161
25163
25162
25163
25165
25169
25173
25176
25167
25170
25174
25178
25172
25173
25174
25179
25172
25173
33114
25172
25174
25173
25174
25180
33116
25183
33118
25184
25176
25181
25195
25183
25197
25178
25182
25230
25184
25232
25183
25184
25185
25183
25184
33121
25183
25185
33122
25184
25185
33124
25190
25191
25192
25199
25190
25191
25190
25192
28702
25191
25192
25200
28703
25203
25204
28706
25196
25197
25198
25199
33120
25196
25198
25201
25197
25198
33122
25203
33124
25205
33126
25203
25204
25205
25203
25204
33128
25203
25205
25204
25205
33130
33132
25207
25211
25215
25218
25209
25212
25216
25220
25214
25215
25216
25221
25214
25215
25214
25216
25215
25216
25222
25225
25226
25218
25223
25231
25225
25233
25220
25224
25251
25226
25253
25225
25226
25227
25225
25226
25225
25227
25226
25227
25232
25233
25234
25232
25233
25232
25234
25233
25234
25236
25237
25240
25243
25240
33135
25241
25257
25240
25241
25244
25259
33137
25247
33139
25248
25261
25243
25245
25252
25247
25254
25247
25248
25271
33142
25247
33143
25248
25272
33145
25274
25253
25254
25255
33141
25253
25254
25253
25255
25254
25255
33143
33145
33147
25260
25261
25262
25270
33148
25260
25261
25260
25262
33149
25261
25262
25271
33152
25274
25275
33153
25266
25267
25277
33148
25266
25267
33150
25267
25278
33152
25280
33154
25269
25270
25277
25276
25281
25274
25275
25276
33155
25274
25275
25274
25276
25275
25276
25803
33157
33159
25804
33161
25280
25281
33155
25280
25296
25280
25281
25297
25807
33158
25299
33160
25809
33161
25284
25289
25284
25285
25291
25310
25287
25293
25287
25303
25317
25287
25304
25811
25306
25292
25293
25294
25302
25292
25293
25292
25294
28729
25293
25294
25303
28731
25306
25307
28733
25299
25300
25301
25302
25299
25300
25299
25301
25300
25301
25304
25306
25308
25306
25307
25308
25306
25307
33170
25306
25308
25815
25307
25308
25816
33171
33173
25818
25311
25312
28730
25311
25317
28731
25315
25319
28734
25315
33163
25316
25326
25315
25316
25320
25328
33165
25323
33167
25324
25330
25319
33170
25319
25321
25821
33172
25323
33174
25323
25324
25340
33177
25323
25824
33178
25324
25341
25825
33180
25343
25329
25330
25331
25332
25339
25329
25330
25329
25331
25333
25330
25331
25340
25336
25343
25337
25344
25336
25337
25338
25346
25336
25337
25336
25338
25354
25337
25338
25347
25356
25350
25351
25358
25343
25344
25345
25346
25343
25344
25343
25345
25830
25344
25345
25348
25831
25350
25352
25833
25350
25351
25352
25350
25351
25364
25350
25352
25837
25351
25352
25365
25838
25367
25840
25357
25358
25359
25363
25357
25358
25357
25359
25360
25358
25359
25364
25367
25362
25368
25362
33184
25362
25370
25381
33186
25372
33188
25367
25368
25369
25367
25368
25367
25369
25844
25368
25369
25371
25845
25372
25847
25372
25385
33191
25372
25850
33192
33194
25377
25378
25379
25377
25378
25377
25379
25378
25379
25382
25383
25382
25385
25384
25387
25384
25391
25389
25395
25387
25398
25387
25388
25400
25863
25389
25402
25389
25406
25866
25408
25394
25395
25396
25404
25394
25395
25394
25396
25395
25396
25405
25408
25409
25401
25402
25403
25404
25401
25402
33191
25401
25403
33193
25402
25403
25406
33195
25408
25410
25408
25409
25410
25408
25409
25433
25408
25410
25874
25409
25410
25434
25875
25436
25877
25415
25416
25417
33197
25415
25416
25418
33199
25415
25417
25451
25416
25417
25419
25453
33201
25420
33203
25455
25420
25420
25423
25424
25425
25439
25423
25424
25427
25429
25431
25441
25429
25430
25431
25443
25429
25430
25429
25431
25464
25430
25431
25444
25466
25447
25448
25468
25436
25437
25438
25439
25436
25437
25436
25438
25437
25438
25442
25441
25442
25443
25441
25442
25446
25895
25448
25449
25896
25447
25448
25449
25447
25448
25473
25447
25449
25899
25448
25449
25474
25900
25476
25902
25454
25455
25456
25457
25454
25455
25454
25456
25458
25455
25456
25460
25461
25460
25461
25462
33204
25460
25461
25460
25462
25495
33206
33208
25496
33210
25467
25468
25469
25472
25467
25468
25467
25469
25470
25468
25469
25473
25476
25471
25477
25471
25482
25480
25486
25476
25477
25478
25476
25477
25476
25478
25924
25477
25478
25479
25925
25480
25927
25480
25490
25930
25492
25485
25486
25487
25488
25485
25486
25485
25487
25486
25487
25489
25492
25493
25492
25493
25494
25492
25493
25517
25492
25494
25942
25493
25494
25518
25943
25519
25945
25496
25500
25501
25506
25500
25501
33212
25501
25507
33214
25509
33216
25504
25505
25506
25504
25505
25508
25509
25510
25509
25510
25509
33219
25509
25510
33220
33222
25514
25515
25521
33225
25514
25515
33227
33764
25515
25522
33766
33229
25524
33231
33767
25519
25520
33232
25519
25519
25520
33234
33236
33238
25524
25525
33232
25524
33771
25524
25525
25956
33235
33772
33237
33774
25958
33238
25529
25530
25538
28776
25529
25530
28777
33213
25530
25539
33214
28780
25541
28781
33217
25535
25536
25537
25543
28776
25535
25536
28778
33778
25535
25537
25536
25537
25544
33780
28780
25547
28782
33781
25548
25541
25542
33239
25541
33219
25541
25542
33221
33241
33223
33243
33245
25547
25548
25549
33239
25547
25548
33785
25547
25549
33242
33786
25548
25549
33244
33788
33245
25554
25555
25556
25564
25554
25555
25554
25556
25557
25555
25556
25565
25568
25558
25569
25558
25574
25572
25578
25562
25563
25564
25562
33771
25562
25563
25566
33773
25568
33775
25570
25568
25569
25570
25568
25569
25568
25570
25971
25569
25570
25571
25972
25572
25974
25572
25582
25977
25584
25577
25578
25579
25580
33246
25577
25578
25577
25579
33248
25578
25579
25581
33250
25584
25585
33252
25584
25585
25586
33253
25584
25585
25584
25586
25994
25585
25586
25995
33256
33258
25997
33259
25591
25592
25593
25594
33260
25591
25592
25607
25591
25593
25793
33262
25592
25593
25595
25608
33264
25598
25610
25599
25794
33266
25598
25599
25600
33267
25598
25599
25617
25598
25600
25618
25599
25600
25800
33270
25619
25801
33272
33273
25604
25605
25611
28811
25604
25605
28812
33779
25605
25612
33780
28815
25614
28816
33782
25609
25610
25616
28811
25609
25610
28813
25610
25617
28815
25619
28817
25614
25615
33274
25614
33785
25614
25615
33276
33787
33278
33789
33280
25619
25620
33274
25619
25619
25620
33277
33279
33280
25623
33248
25623
25624
33249
25626
33252
25626
25639
33254
25626
26007
33256
33258
25631
25632
25633
25634
25645
25631
25632
25631
25633
25635
28820
25632
25633
25646
28821
25636
25649
25637
25650
28824
25636
25637
25652
25636
25637
25657
25654
25659
25642
25643
25644
25645
25642
25643
25642
25644
25647
25643
25644
25649
25651
25649
25650
25651
25652
25649
25650
33282
25649
25651
26014
25650
25651
25653
26015
33284
25654
33286
25655
26017
25654
25655
25654
25655
25668
26021
25669
26022
25658
25659
25660
25667
28818
25658
25659
28820
25664
28822
25669
28824
25664
25665
25666
25671
25664
25665
25679
25664
25666
25665
25666
25672
25681
25675
25683
25676
25669
25670
25671
33281
25669
25670
26032
33284
33286
25677
26033
33287
25675
25676
25677
25675
25676
25693
25675
25677
25694
26036
25676
25677
26037
25696
26039
25682
25683
25684
25685
25692
25682
25683
25682
25684
25687
25683
25684
25693
25689
25696
25691
25697
25689
25690
25691
25699
25689
25690
25707
25689
25691
25690
25691
25700
25709
25703
25711
25704
25696
25697
25698
25699
25696
25697
25696
25698
25697
25698
25702
25704
25705
25703
25704
25705
25703
25704
25721
25703
25705
25722
25704
25705
25724
25710
25711
25712
25713
25720
25710
25711
25710
25712
25715
25711
25712
25721
25717
25724
25719
25725
25717
25718
25719
25727
25717
25718
25735
25717
25719
25718
25719
25728
25737
25731
25739
25732
25724
25725
25726
25727
25724
25725
25724
25726
25725
25726
25730
25732
25733
25731
25732
25733
25731
25732
25748
25731
25733
25749
25732
25733
25751
25738
25739
25740
25741
25747
25738
25739
25738
25740
25743
25739
25740
25748
25744
25751
25746
25752
25744
25745
25746
25754
33288
25744
25745
25768
33290
25744
25746
33292
25757
25770
33294
25758
25751
25752
25753
25754
25751
25752
25751
25753
25752
25753
25756
25758
25759
25757
25758
25759
33295
25757
25759
25788
33298
25758
25759
25789
33300
33301
25764
25765
25766
25771
25780
25764
25765
25764
25766
25765
25766
25781
25772
25784
25785
25769
25770
25771
25787
25769
25770
25772
25789
25772
25791
25777
25778
25779
25780
25787
25777
25778
33296
25777
25779
25782
25778
25779
25788
33298
25784
25789
33300
25786
25790
25784
25785
25786
25791
25784
25785
25795
25784
25786
25785
25786
25797
25799
25792
25789
25790
25791
25789
25790
25792
25792
25794
25801
25798
25799
33268
25798
25800
33270
25799
25801
33272
25801
25804
25805
33302
25804
25805
33303
33306
33307
25809
25810
33302
25809
25810
33304
25810
33306
33308
25813
25815
25813
25817
25822
25819
25818
25819
25820
25818
25819
25818
25820
28829
25819
25820
28831
28833
25823
25824
28830
25823
28831
25827
28834
25827
33310
25828
25830
25827
25828
25832
33312
33314
25834
25833
25834
25835
25836
25833
25834
25833
25835
25837
25834
25835
25840
25841
25840
25841
25842
25840
25841
25840
25842
25844
25841
25842
25846
25848
25847
25848
25849
25853
25847
25848
25847
25849
25850
25848
25849
25854
25857
25852
25858
25852
33317
25852
25860
25864
33319
25862
33321
25857
25858
25859
25857
25858
25857
25859
25858
25859
25861
25862
25862
25868
33324
25862
33325
33327
25865
25866
25865
25868
25867
25870
25867
25874
25872
25878
25870
25881
25870
25871
25883
25872
25885
25872
25889
25891
25877
25878
25879
25887
25877
25878
25877
25879
25878
25879
25888
25891
25892
25884
25885
25886
25887
25884
25885
33324
25884
25886
33326
25885
25886
25889
33328
25891
25893
25891
25892
25893
25891
25892
25906
25891
25893
25892
25893
25907
25909
25896
25897
25898
25912
25896
25897
25900
25902
25904
25914
25902
25903
25904
25916
25902
25903
25902
25904
25924
25903
25904
25917
25926
25920
25921
25928
25909
25910
25911
25912
25909
25910
25909
25911
25910
25911
25915
25914
25915
25916
25914
25915
25919
25921
25922
25920
25921
25922
25920
25921
25933
25920
25922
25921
25922
25934
25936
25927
25928
25929
25932
25927
25928
25927
25929
25930
25928
25929
25933
25936
25931
25937
25931
25942
25940
25946
25936
25937
25938
25936
25937
25936
25938
25937
25938
25939
25940
25940
25950
25952
25945
25946
25947
25948
25945
25946
25945
25947
25946
25947
25949
25952
25953
25952
25953
25954
25952
25953
25961
25952
25954
25953
25954
25962
25963
25958
25959
25965
33330
25958
25959
33332
33792
25959
25966
33794
33334
25968
33336
33795
25963
25964
33337
25963
25963
25964
33339
33341
33343
25968
25969
33337
25968
33799
25968
25969
33340
33800
33342
33802
33343
25974
25975
25976
25984
25974
25975
25974
25976
25977
25975
25976
25985
25988
25978
25989
25978
25994
25992
25998
25982
25983
25984
25982
33799
25982
25983
25986
33801
25988
33803
25990
25988
25989
25990
25988
25989
25988
25990
25989
25990
25991
25992
25992
26002
26004
25997
25998
25999
26000
33344
25997
25998
25997
25999
33346
25998
25999
26001
33348
26004
26005
33350
26004
26005
26006
33351
26004
26005
26004
26006
26005
26006
33354
33356
33357
26009
33346
26009
26010
33347
26012
33350
26012
26025
33352
26012
33354
33356
26017
26018
26019
26020
26017
26018
26017
26019
26021
28859
26018
26019
28860
26022
26023
28863
26022
26023
26022
26023
26032
26034
26028
26029
26030
26028
26029
26028
26030
26029
26030
26033
26034
26035
28857
26033
26034
28859
26039
28861
28863
26039
26040
26041
26039
26040
26039
26041
26040
26041
26044
26046
26044
26047
26048
26050
26046
26047
26048
26052
26084
26048
26085
26054
26086
26051
26053
26051
26054
26055
26057
26053
26054
26055
26059
26091
26055
26092
26061
26093
26058
26060
26058
26061
26062
26064
26060
26061
26062
26066
26098
26062
26099
26068
26100
26065
26067
26065
26068
26069
33807
26067
26068
26069
26105
33809
26069
26106
26107
33811
26072
26074
26072
26075
26078
26080
26081
26076
26074
26075
26076
26112
26076
26113
28865
28866
28868
26114
26081
26082
26083
28864
26081
26083
26082
26083
26081
26082
28865
28868
28869
26086
26088
26086
26089
26090
26092
26088
26089
26090
26094
26126
26090
26127
26096
26128
26093
26095
26093
26096
26097
26099
26095
26096
26097
26101
26133
26097
26134
26103
26135
26100
26102
26100
26103
26104
26106
26102
26103
26104
26108
26140
26104
26141
26110
26142
26107
26109
26107
26110
26111
33814
26109
26110
26111
26147
33816
26111
26148
26149
33818
26114
26116
26114
26117
26119
26123
26124
26118
26116
26117
26118
26154
26118
26155
28970
28971
28973
26156
26121
26124
28866
26121
26125
28867
26122
28870
26124
26125
28969
26124
26125
28970
28973
28974
26128
26130
26128
26131
26132
26134
26130
26131
26132
26136
26168
26132
26169
26138
26170
26135
26137
26135
26138
26139
26141
26137
26138
26139
26143
26175
26139
26176
26145
26177
26142
26144
26142
26145
26146
26148
26144
26145
26146
26150
26182
26146
26183
26152
26184
26149
26151
26149
26152
26153
33821
26151
26152
26153
26189
33823
26153
26190
26191
33825
26156
26158
26156
26159
26162
26164
26166
26160
26158
26159
26160
26196
26160
26197
29019
29020
29022
26198
26165
26166
26167
29018
26165
26166
28971
26165
26167
28972
26166
26167
29019
28975
29022
29023
26170
26172
26170
26173
26174
26176
26172
26173
26174
26178
26210
26174
26211
26180
26212
26177
26179
26177
26180
26181
26183
26179
26180
26181
26185
26217
26181
26218
26187
26219
26184
26186
26184
26187
26188
26190
26186
26187
26188
26192
26224
26188
26225
26194
26226
26191
26193
26191
26194
26195
33828
26193
26194
26195
26231
33830
26195
26232
26233
33832
26198
26200
26198
26201
26204
26206
26208
26202
26200
26201
26202
26238
26202
26239
29068
29069
29071
26240
26207
26208
26209
29067
26207
26208
29020
26207
26209
29021
26208
26209
29068
29024
29071
29072
26212
26214
26212
26215
26216
26218
26214
26215
26216
26220
26252
26216
26253
26222
26254
26219
26221
26219
26222
26223
26225
26221
26222
26223
26227
26259
26223
26260
26229
26261
26226
26228
26226
26229
26230
26232
26228
26229
26230
26234
26266
26230
26267
26236
26268
26233
26235
26233
26236
26237
33835
26235
26236
26237
26273
33837
26237
26274
26275
33839
26240
26242
26240
26243
26246
26248
26250
26244
26242
26243
26244
26280
26244
26281
29117
29118
29120
26282
26249
26250
26251
29116
26249
26250
29069
26249
26251
29070
26250
26251
29117
29073
29120
29121
26254
26256
26254
26257
26258
26260
26256
26257
26258
26262
26294
26258
26295
26264
26296
26261
26263
26261
26264
26265
26267
26263
26264
26265
26269
26301
26265
26302
26271
26303
26268
26270
26268
26271
26272
26274
26270
26271
26272
26276
26308
26272
26309
26278
26310
26275
26277
26275
26278
26279
33842
26277
26278
26279
26315
33844
26279
26316
26317
33846
26282
26284
26282
26285
26288
26290
26292
26286
26284
26285
26286
26322
26286
26323
29166
29167
29169
26324
26291
26292
26293
29165
26291
26292
29118
26291
26293
29119
26292
26293
29166
29122
29169
29170
26296
26298
26296
26299
26300
26302
26298
26299
26300
26304
26336
26300
26306
26337
26303
26305
26303
26306
26307
26309
26305
26306
26307
26311
26338
26307
26339
26313
26340
26310
26312
26310
26313
26314
26316
26312
26313
26314
26318
26345
26314
26346
26320
26347
26317
26319
26317
26320
26321
33849
26319
26320
26321
26352
33851
26321
26353
26354
33853
26324
26326
26324
26327
26330
26332
26334
26328
26326
26327
26328
26359
26328
26360
29215
29216
29218
26361
26333
26334
26335
29214
26333
26334
29167
26333
26335
29168
26334
26335
29215
29171
29218
29219
26337
26339
26340
26342
26340
26343
26344
26346
26342
26343
26344
26348
26344
26350
26347
26349
26347
26350
26351
26353
26349
26350
26351
26355
26371
26351
26372
26357
26373
26354
26356
26354
26357
26358
33856
26356
26357
26358
26378
33858
26358
26379
26380
33860
26361
26363
26361
26365
26367
26369
26363
26368
26369
26370
26368
26369
29216
26368
26370
29217
26369
26370
29220
26373
26375
26373
26376
26377
26379
26375
26376
26377
26381
26377
26383
26380
26382
26380
26383
26384
33863
26382
26383
26384
33865
26384
33867
26386
26387
26388
26388
26473
26475
26391
26393
26391
26394
26395
26393
26394
26395
26480
26395
26481
26482
26400
26401
26402
29298
26400
26401
26400
26402
26401
26402
29299
29302
29303
26405
26407
26405
26408
26439
26441
26443
26409
26411
26407
26408
26409
26413
26494
26409
26495
29341
29342
29344
26415
26496
26412
26414
26412
26415
26416
26418
26414
26415
26416
26420
26501
26416
26502
26422
26503
26419
26421
26419
26422
26423
26425
26421
26422
26423
26427
26508
26423
26509
26429
26510
26426
26428
26426
26429
26430
29348
29350
29352
26428
26429
26430
26515
26430
26516
26517
29355
29356
29358
26435
26436
26437
29333
26435
26436
26435
26437
26436
26437
29334
29337
29338
26442
26443
26444
29340
26442
26443
26442
26444
26443
26444
29341
29344
29345
26447
26449
33878
26447
26450
26451
26449
26450
33881
26451
26563
33882
26451
26564
26565
26454
26456
26454
26457
26458
26459
26456
26457
26458
26570
26458
26462
26571
26463
26572
26461
26463
26461
26464
26465
29383
29385
29387
26463
26464
26465
26577
26465
26578
26579
29390
29391
29393
26468
26470
26468
26471
26472
26470
26471
26472
26584
26472
26585
26586
26475
26477
26475
26478
26479
26477
26478
26479
26591
26479
26592
26593
26482
26484
26482
26485
26486
26484
26485
26486
26598
26486
26599
26600
26491
26492
26493
29424
26491
26492
29300
26491
26493
29301
26492
26493
29425
29304
29428
29429
26496
26498
26496
26499
26530
26532
26534
26500
26502
26498
26499
26500
26504
26612
26500
26613
29467
29468
29470
26506
26614
26503
26505
26503
26506
26507
26509
26505
26506
26507
26511
26619
26507
26620
26513
26621
26510
26512
26510
26513
26514
26516
26512
26513
26514
26518
26626
26514
26627
26520
26628
26517
26519
26517
26520
26521
29474
29476
29478
26519
26520
26521
26633
26521
26634
26635
29481
29482
29484
26526
26527
26528
29459
26526
26527
29335
26526
26528
29336
26527
26528
29460
29339
29463
29464
26533
26534
26535
29466
26533
26534
29342
26533
26535
29343
26534
26535
29467
29346
29470
29471
29495
29497
29499
26538
26540
26542
33891
26540
26541
29502
29504
29506
26542
26675
33893
26542
26676
26677
33895
26544
26545
26546
26689
26546
26690
26691
26548
26703
29530
29532
29534
26560
26705
26551
26553
26551
26554
26555
33897
26553
26554
26555
26717
26555
26718
33900
26719
33901
26558
26560
26558
26561
26562
26560
26561
26562
26724
26562
26725
26726
26565
26567
33906
26565
26568
26569
26567
26568
33909
26569
26738
33910
26569
26739
26740
26572
26574
26572
26575
26576
26577
26574
26575
26576
26745
26576
26580
26746
26581
26747
26579
26581
26579
26582
26583
29593
29595
29597
26581
26582
26583
26752
26583
26753
26754
29600
29601
29603
26586
26588
26586
26589
26590
26588
26589
26590
26759
26590
26760
26761
26593
26595
26593
26596
26597
26595
26596
26597
26766
26597
26767
26768
26600
26602
26600
26603
26604
26602
26603
26604
26773
26604
26774
26775
26609
26610
26611
29634
26609
26610
29426
26609
26611
29427
26610
26611
29635
29430
29638
29639
26614
26616
26614
26617
26648
26650
26652
26618
26620
26616
26617
26618
26622
26787
26618
26788
29677
29678
29680
26624
26789
26621
26623
26621
26624
26625
26627
26623
26624
26625
26629
26794
26625
26795
26631
26796
26628
26630
26628
26631
26632
26634
26630
26631
26632
26636
26801
26632
26802
26638
26803
26635
26637
26635
26638
26639
29684
29686
29688
26637
26638
26639
26808
26639
26809
26810
29691
29692
29694
26644
26645
26646
29669
26644
26645
29461
26644
26646
29462
26645
26646
29670
29465
29673
29674
26651
26652
26653
29676
26651
26652
29468
26651
26653
29469
26652
26653
29677
29472
29680
29681
26658
26659
26660
29746
26658
26659
29510
26658
26660
29511
26659
26660
29747
29514
29750
29751
26663
26665
26663
26666
26667
26669
26665
26666
29719
29721
29723
26667
26671
26836
26667
26837
26673
26838
26670
26672
26670
26673
26674
26672
26673
26674
26843
26674
26844
26845
26677
26679
26677
26680
26681
33919
26679
26680
29740
29742
29744
26681
26850
33921
26681
26851
26852
33923
26684
26686
26684
26687
26688
26686
26687
26688
26857
26688
26858
26859
26691
26693
26691
26694
26695
26693
26694
26695
26864
26695
26865
26866
26698
26700
26698
26701
26702
26700
26701
26702
26871
26702
26872
26873
26705
26707
26712
26713
26716
26705
26708
26709
26724
26707
26708
26709
26878
29810
29812
29814
26709
26727
26879
26728
26880
26714
26715
26716
29809
26714
26715
29531
26714
26716
29532
26715
26716
29810
29535
29813
29814
26719
26721
26719
26722
26723
33925
26721
26722
26723
26892
26723
26893
33928
26894
33929
26726
26728
26726
26729
26730
26728
26729
26730
26899
26730
26900
26901
26735
26736
26737
29830
29837
26735
26736
29552
26735
26737
29553
29831
26736
26737
29838
29556
29834
29841
29835
29842
26740
26742
33934
26740
26743
26744
26742
26743
33937
26744
26913
33938
26744
26914
26915
26747
26749
26747
26750
26751
26752
26749
26750
26751
26920
26751
26755
26921
26756
26922
26754
26756
26754
26757
26758
29880
29882
29884
26756
26757
26758
26927
26758
26928
26929
29887
29888
29890
26761
26763
26761
26764
26765
26763
26764
26765
26934
26765
26935
26936
26768
26770
26768
26771
26772
26770
26771
26772
26941
26772
26942
26943
26775
26777
26775
26778
26779
26777
26778
26779
26948
26779
26949
26950
26784
26785
26786
29921
26784
26785
29636
26784
26786
29637
26785
26786
29922
29640
29925
29926
26789
26791
26789
26792
26823
26825
26827
26793
26795
26791
26792
26793
26797
26962
26793
26963
29964
29965
29967
26799
26964
26796
26798
26796
26799
26800
26802
26798
26799
26800
26804
26969
26800
26970
26806
26971
26803
26805
26803
26806
26807
26809
26805
26806
26807
26811
26976
26807
26977
26813
26978
26810
26812
26810
26813
26814
29971
29973
29975
26812
26813
26814
26983
26814
26984
26985
29978
29979
29981
26819
26820
26821
29956
26819
26820
29671
26819
26821
29672
26820
26821
29957
29675
29960
29961
26826
26827
26828
29963
26826
26827
29678
26826
26828
29679
26827
26828
29964
29682
29967
29968
26833
26834
26835
30040
26833
26834
29748
26833
26835
29749
26834
26835
30041
29752
30044
30045
26838
26840
26838
26841
26842
26844
26840
26841
30006
30008
30010
26842
26846
27011
26842
27012
26848
27013
26845
26847
26845
26848
26849
26847
26848
26849
27018
26849
27019
27020
26852
26854
26852
26855
26856
33947
26854
26855
30034
30036
30038
26856
27025
33949
26856
27026
27027
33951
26859
26861
26859
26862
26863
26861
26862
26863
27032
26863
27033
27034
26866
26868
26866
26869
26870
26868
26869
26870
27039
26870
27040
27041
26873
26875
26873
26876
26877
26875
26876
26877
27046
26877
27047
27048
26880
26882
26887
26888
26891
26880
26883
26884
26899
26882
26883
26884
27053
30104
30106
30108
26884
26902
27054
26903
27055
26889
26890
26891
30103
26889
26890
29811
26889
26891
29812
26890
26891
30104
29815
30107
30108
26894
26896
26894
26897
26898
33953
26896
26897
26898
27067
26898
27068
33956
27069
33957
26901
26903
26901
26904
26905
26903
26904
26905
27074
26905
27075
27076
26910
26911
26912
30124
30131
26910
26911
29839
26910
26912
29840
30125
26911
26912
30132
29843
30128
30135
30129
30136
26915
26917
33962
26915
26918
26919
26917
26918
33965
26919
27088
33966
26919
27089
27090
26922
26924
26922
26925
26926
26927
26924
26925
26926
27095
26926
26930
27096
26931
27097
26929
26931
26929
26932
26933
30174
30176
30178
26931
26932
26933
27102
26933
27103
27104
30181
30182
30184
26936
26938
26936
26939
26940
26938
26939
26940
27109
26940
27110
27111
26943
26945
26943
26946
26947
26945
26946
26947
27116
26947
27117
27118
26950
26952
26950
26953
26954
26952
26953
26954
27123
26954
27124
27125
26959
26960
26961
30215
26959
26960
29923
26959
26961
29924
26960
26961
30216
29927
30219
30220
26964
26966
26964
26967
26998
27000
27002
26968
26970
26966
26967
26968
26972
27137
26968
27138
30258
30259
30261
26974
27139
26971
26973
26971
26974
26975
26977
26973
26974
26975
26979
27144
26975
27145
26981
27146
26978
26980
26978
26981
26982
26984
26980
26981
26982
26986
27151
26982
27152
26988
27153
26985
26987
26985
26988
26989
30265
30267
30269
26987
26988
26989
27158
26989
27159
27160
30272
30273
30275
26994
26995
26996
30250
26994
26995
29958
26994
26996
29959
26995
26996
30251
29962
30254
30255
27001
27002
27003
30257
27001
27002
29965
27001
27003
29966
27002
27003
30258
29969
30261
30262
27008
27009
27010
30334
27008
27009
30042
27008
27010
30043
27009
27010
30335
30046
30338
30339
27013
27015
27013
27016
27017
27019
27015
27016
30300
30302
30304
27017
27021
27186
27017
27187
27023
27188
27020
27022
27020
27023
27024
27022
27023
27024
27193
27024
27194
27195
27027
27029
27027
27030
27031
33975
27029
27030
30328
30330
30332
27031
27200
33977
27031
27201
27202
33979
27034
27036
27034
27037
27038
27036
27037
27038
27207
27038
27208
27209
27041
27043
27041
27044
27045
27043
27044
27045
27214
27045
27215
27216
27048
27050
27048
27051
27052
27050
27051
27052
27221
27052
27222
27223
27055
27057
27062
27063
27066
27055
27058
27059
27074
27057
27058
27059
27228
30398
30400
30402
27059
27077
27229
27078
27230
27064
27065
27066
30397
27064
27065
30105
27064
27066
30106
27065
27066
30398
30109
30401
30402
27069
27071
27069
27072
27073
33981
27071
27072
27073
27242
27073
27243
33984
27244
33985
27076
27078
27076
27079
27080
27078
27079
27080
27249
27080
27250
27251
27085
27086
27087
30418
30425
27085
27086
30133
27085
27087
30134
30419
27086
27087
30426
30137
30422
30429
30423
30430
27090
27092
33990
27090
27093
27094
27092
27093
33993
27094
27263
33994
27094
27264
27265
27097
27099
27097
27100
27101
27102
27099
27100
27101
27270
27101
27105
27271
27106
27272
27104
27106
27104
27107
27108
30468
30470
30472
27106
27107
27108
27277
27108
27278
27279
30475
30476
30478
27111
27113
27111
27114
27115
27113
27114
27115
27284
27115
27285
27286
27118
27120
27118
27121
27122
27120
27121
27122
27291
27122
27292
27293
27125
27127
27125
27128
27129
27127
27128
27129
27298
27129
27299
27300
27134
27135
27136
30509
27134
27135
30217
27134
27136
30218
27135
27136
30510
30221
30513
30514
27139
27141
27139
27142
27173
27175
27177
27143
27145
27141
27142
27143
27147
27312
27143
27313
30552
30553
30555
27149
27314
27146
27148
27146
27149
27150
27152
27148
27149
27150
27154
27319
27150
27320
27156
27321
27153
27155
27153
27156
27157
27159
27155
27156
27157
27161
27326
27157
27327
27163
27328
27160
27162
27160
27163
27164
30559
30561
30563
27162
27163
27164
27333
27164
27334
27335
30566
30567
30569
27169
27170
27171
30544
27169
27170
30252
27169
27171
30253
27170
27171
30545
30256
30548
30549
27176
27177
27178
30551
27176
27177
30259
27176
27178
30260
27177
27178
30552
30263
30555
30556
27183
27184
27185
30628
27183
27184
30336
27183
27185
30337
27184
27185
30629
30340
30632
30633
27188
27190
27188
27191
27192
27194
27190
27191
30594
30596
30598
27192
27196
27361
27192
27362
27198
27363
27195
27197
27195
27198
27199
27197
27198
27199
27368
27199
27369
27370
27202
27204
27202
27205
27206
34003
27204
27205
30622
30624
30626
27206
27375
34005
27206
27376
27377
34007
27209
27211
27209
27212
27213
27211
27212
27213
27382
27213
27383
27384
27216
27218
27216
27219
27220
27218
27219
27220
27389
27220
27390
27391
27223
27225
27223
27226
27227
27225
27226
27227
27396
27227
27397
27398
27230
27232
27237
27238
27241
27230
27233
27234
27249
27232
27233
27234
27403
30692
30694
30696
27234
27252
27404
27253
27405
27239
27240
27241
30691
27239
27240
30399
27239
27241
30400
27240
27241
30692
30403
30695
30696
27244
27246
27244
27247
27248
34009
27246
27247
27248
27417
27248
27418
34012
27419
34013
27251
27253
27251
27254
27255
27253
27254
27255
27424
27255
27425
27426
27260
27261
27262
30712
30719
27260
27261
30427
27260
27262
30428
30713
27261
27262
30720
30431
30716
30723
30717
30724
27265
27267
34018
27265
27268
27269
27267
27268
34021
27269
27438
34022
27269
27439
27440
27272
27274
27272
27275
27276
27277
27274
27275
27276
27445
27276
27280
27446
27281
27447
27279
27281
27279
27282
27283
30762
30764
30766
27281
27282
27283
27452
27283
27453
27454
30769
30770
30772
27286
27288
27286
27289
27290
27288
27289
27290
27459
27290
27460
27461
27293
27295
27293
27296
27297
27295
27296
27297
27466
27297
27467
27468
27300
27302
27300
27303
27304
27302
27303
27304
27473
27304
27474
27475
27309
27310
27311
30803
27309
27310
30511
27309
27311
30512
27310
27311
30804
30515
30807
30808
27314
27316
27314
27317
27348
27350
27352
27318
27320
27316
27317
27318
27322
27487
27318
27488
30846
30847
30849
27324
27489
27321
27323
27321
27324
27325
27327
27323
27324
27325
27329
27494
27325
27495
27331
27496
27328
27330
27328
27331
27332
27334
27330
27331
27332
27336
27501
27332
27502
27338
27503
27335
27337
27335
27338
27339
30853
30855
30857
27337
27338
27339
27508
27339
27509
27510
30860
30861
30863
27344
27345
27346
30838
27344
27345
30546
27344
27346
30547
27345
27346
30839
30550
30842
30843
27351
27352
27353
30845
27351
27352
30553
27351
27353
30554
27352
27353
30846
30557
30849
30850
27358
27359
27360
30922
27358
27359
30630
27358
27360
30631
27359
27360
30923
30634
30926
30927
27363
27365
27363
27366
27367
27369
27365
27366
30888
30890
30892
27367
27371
27536
27367
27537
27373
27538
27370
27372
27370
27373
27374
27372
27373
27374
27543
27374
27544
27545
27377
27379
27377
27380
27381
34031
27379
27380
30916
30918
30920
27381
27550
34033
27381
27551
27552
34035
27384
27386
27384
27387
27388
27386
27387
27388
27557
27388
27558
27559
27391
27393
27391
27394
27395
27393
27394
27395
27564
27395
27565
27566
27398
27400
27398
27401
27402
27400
27401
27402
27571
27402
27572
27573
27405
27407
27412
27413
27416
27405
27408
27409
27424
27407
27408
27409
27578
30986
30988
30990
27409
27427
27579
27428
27580
27414
27415
27416
30985
27414
27415
30693
27414
27416
30694
27415
27416
30986
30697
30989
30990
27419
27421
27419
27422
27423
34037
27421
27422
27423
27592
27423
27593
34040
27594
34041
27426
27428
27426
27429
27430
27428
27429
27430
27599
27430
27600
27601
27435
27436
27437
31006
31013
27435
27436
30721
27435
27437
30722
31007
27436
27437
31014
30725
31010
31017
31011
31018
27440
27442
34046
27440
27443
27444
27442
27443
34049
27444
27613
34050
27444
27614
27615
27447
27449
27447
27450
27451
27452
27449
27450
27451
27620
27451
27455
27621
27456
27622
27454
27456
27454
27457
27458
31056
31058
31060
27456
27457
27458
27627
27458
27628
27629
31063
31064
31066
27461
27463
27461
27464
27465
27463
27464
27465
27634
27465
27635
27636
27468
27470
27468
27471
27472
27470
27471
27472
27641
27472
27642
27643
27475
27477
27475
27478
27479
27477
27478
27479
27648
27479
27649
27650
27484
27485
27486
31097
27484
27485
30805
27484
27486
30806
27485
27486
31098
30809
31101
31102
27489
27491
27489
27492
27523
27525
27527
27493
27495
27491
27492
27493
27497
27662
27493
27663
31140
31141
31143
27499
27664
27496
27498
27496
27499
27500
27502
27498
27499
27500
27504
27669
27500
27670
27506
27671
27503
27505
27503
27506
27507
27509
27505
27506
27507
27511
27676
27507
27677
27513
27678
27510
27512
27510
27513
27514
31147
31149
31151
27512
27513
27514
27683
27514
27684
27685
31154
31155
31157
27519
27520
27521
31132
27519
27520
30840
27519
27521
30841
27520
27521
31133
30844
31136
31137
27526
27527
27528
31139
27526
27527
30847
27526
27528
30848
27527
27528
31140
30851
31143
31144
27533
27534
27535
31216
27533
27534
30924
27533
27535
30925
27534
27535
31217
30928
31220
31221
27538
27540
27538
27541
27542
27544
27540
27541
31182
31184
31186
27542
27546
27711
27542
27712
27548
27713
27545
27547
27545
27548
27549
27547
27548
27549
27718
27549
27719
27720
27552
27554
27552
27555
27556
34059
27554
27555
31210
31212
31214
27556
27725
34061
27556
27726
27727
34063
27559
27561
27559
27562
27563
27561
27562
27563
27732
27563
27733
27734
27566
27568
27566
27569
27570
27568
27569
27570
27739
27570
27740
27741
27573
27575
27573
27576
27577
27575
27576
27577
27746
27577
27747
27748
27580
27582
27587
27588
27591
27580
27583
27584
27599
27582
27583
27584
27753
31280
31282
31284
27584
27602
27754
27603
27755
27589
27590
27591
31279
27589
27590
30987
27589
27591
30988
27590
27591
31280
30991
31283
31284
27594
27596
27594
27597
27598
34065
27596
27597
27598
27767
27598
27768
34068
27769
34069
27601
27603
27601
27604
27605
27603
27604
27605
27774
27605
27775
27776
27610
27611
27612
31300
31307
27610
27611
31015
27610
27612
31016
31301
27611
27612
31308
31019
31304
31311
31305
31312
27615
27617
34074
27615
27618
27619
27617
27618
34077
27619
27788
34078
27619
27789
27790
27622
27624
27622
27625
27626
27627
27624
27625
27626
27795
27626
27630
27796
27631
27797
27629
27631
27629
27632
27633
31350
31352
31354
27631
27632
27633
27802
27633
27803
27804
31357
31358
31360
27636
27638
27636
27639
27640
27638
27639
27640
27809
27640
27810
27811
27643
27645
27643
27646
27647
27645
27646
27647
27816
27647
27817
27818
27650
27652
27650
27653
27654
27652
27653
27654
27823
27654
27824
27825
27659
27660
27661
31391
27659
27660
31099
27659
27661
31100
27660
27661
31392
31103
31395
31396
27664
27666
27664
27667
27698
27700
27702
27668
27670
27666
27667
27668
27672
27837
27668
27838
31434
31435
31437
27674
27839
27671
27673
27671
27674
27675
27677
27673
27674
27675
27679
27844
27675
27845
27681
27846
27678
27680
27678
27681
27682
27684
27680
27681
27682
27686
27851
27682
27852
27688
27853
27685
27687
27685
27688
27689
31441
31443
31445
27687
27688
27689
27858
27689
27859
27860
31448
31449
31451
27694
27695
27696
31426
27694
27695
31134
27694
27696
31135
27695
27696
31427
31138
31430
31431
27701
27702
27703
31433
27701
27702
31141
27701
27703
31142
27702
27703
31434
31145
31437
31438
27708
27709
27710
31510
27708
27709
31218
27708
27710
31219
27709
27710
31511
31222
31514
31515
27713
27715
27713
27716
27717
27719
27715
27716
31476
31478
31480
27717
27721
27886
27717
27887
27723
27888
27720
27722
27720
27723
27724
27722
27723
27724
27893
27724
27894
27895
27727
27729
27727
27730
27731
34087
27729
27730
31504
31506
31508
27731
27900
34089
27731
27901
27902
34091
27734
27736
27734
27737
27738
27736
27737
27738
27907
27738
27908
27909
27741
27743
27741
27744
27745
27743
27744
27745
27914
27745
27915
27916
27748
27750
27748
27751
27752
27750
27751
27752
27921
27752
27922
27923
27755
27757
27762
27763
27766
27755
27758
27759
27774
27757
27758
27759
27928
31574
31576
31578
27759
27777
27929
27778
27930
27764
27765
27766
31573
27764
27765
31281
27764
27766
31282
27765
27766
31574
31285
31577
31578
27769
27771
27769
27772
27773
34093
27771
27772
27773
27942
27773
27943
34096
27944
34097
27776
27778
27776
27779
27780
27778
27779
27780
27949
27780
27950
27951
27785
27786
27787
31594
31601
27785
27786
31309
27785
27787
31310
31595
27786
27787
31602
31313
31598
31605
31599
31606
27790
27792
34102
27790
27793
27794
27792
27793
34105
27794
27963
34106
27794
27964
27965
27797
27799
27797
27800
27801
27802
27799
27800
27801
27970
27801
27805
27971
27806
27972
27804
27806
27804
27807
27808
31644
31646
31648
27806
27807
27808
27977
27808
27978
27979
31651
31652
31654
27811
27813
27811
27814
27815
27813
27814
27815
27984
27815
27985
27986
27818
27820
27818
27821
27822
27820
27821
27822
27991
27822
27992
27993
27825
27827
27825
27828
27829
27827
27828
27829
27998
27829
27999
28000
27834
27835
27836
31685
27834
27835
31393
27834
27836
31394
27835
27836
31686
31397
31689
31690
27839
27841
27839
27842
27873
27875
27877
27843
27845
27841
27842
27843
27847
28012
27843
28013
31728
31729
31731
27849
28014
27846
27848
27846
27849
27850
27852
27848
27849
27850
27854
28019
27850
28020
27856
28021
27853
27855
27853
27856
27857
27859
27855
27856
27857
27861
28026
27857
28027
27863
28028
27860
27862
27860
27863
27864
31735
31737
31739
27862
27863
27864
28033
27864
28034
28035
31742
31743
31745
27869
27870
27871
31720
27869
27870
31428
27869
27871
31429
27870
27871
31721
31432
31724
31725
27876
27877
27878
31727
27876
27877
31435
27876
27878
31436
27877
27878
31728
31439
31731
31732
27883
27884
27885
31804
27883
27884
31512
27883
27885
31513
27884
27885
31805
31516
31808
31809
27888
27890
27888
27891
27892
27894
27890
27891
31770
31772
31774
27892
27896
28061
27892
28062
27898
28063
27895
27897
27895
27898
27899
27897
27898
27899
28068
27899
28069
28070
27902
27904
27902
27905
27906
34115
27904
27905
31798
31800
31802
27906
28075
34117
27906
28076
28077
34119
27909
27911
27909
27912
27913
27911
27912
27913
28082
27913
28083
28084
27916
27918
27916
27919
27920
27918
27919
27920
28089
27920
28090
28091
27923
27925
27923
27926
27927
27925
27926
27927
28096
27927
28097
28098
27930
27932
27937
27938
27941
27930
27933
27934
27949
27932
27933
27934
28103
31868
31870
31872
27934
27952
28104
27953
28105
27939
27940
27941
31867
27939
27940
31575
27939
27941
31576
27940
27941
31868
31579
31871
31872
27944
27946
27944
27947
27948
34121
27946
27947
27948
28117
27948
28118
34124
28119
34125
27951
27953
27951
27954
27955
27953
27954
27955
28124
27955
28125
28126
27960
27961
27962
31888
31895
27960
27961
31603
27960
27962
31604
31889
27961
27962
31896
31607
31892
31899
31893
31900
27965
27967
34130
27965
27968
27969
27967
27968
34133
27969
28138
34134
27969
28139
28140
27972
27974
27972
27975
27976
27977
27974
27975
27976
28145
27976
27980
28146
27981
28147
27979
27981
27979
27982
27983
31938
31940
31942
27981
27982
27983
28152
27983
28153
28154
31945
31946
31948
27986
27988
27986
27989
27990
27988
27989
27990
28159
27990
28160
28161
27993
27995
27993
27996
27997
27995
27996
27997
28166
27997
28167
28168
28000
28002
28000
28003
28004
28002
28003
28004
28173
28004
28174
28175
28009
28010
28011
31979
28009
28010
31687
28009
28011
31688
28010
28011
31980
31691
31983
31984
28014
28016
28014
28017
28048
28050
28052
28018
28020
28016
28017
28018
28022
28187
28018
28188
32022
32023
32025
28024
28189
28021
28023
28021
28024
28025
28027
28023
28024
28025
28029
28194
28025
28195
28031
28196
28028
28030
28028
28031
28032
28034
28030
28031
28032
28036
28201
28032
28202
28038
28203
28035
28037
28035
28038
28039
32029
32031
32033
28037
28038
28039
28208
28039
28209
28210
32036
32037
32039
28044
28045
28046
32014
28044
28045
31722
28044
28046
31723
28045
28046
32015
31726
32018
32019
28051
28052
28053
32021
28051
28052
31729
28051
28053
31730
28052
28053
32022
31733
32025
32026
28058
28059
28060
32098
28058
28059
31806
28058
28060
31807
28059
28060
32099
31810
32102
32103
28063
28065
28063
28066
28067
28069
28065
28066
32064
32066
32068
28067
28071
28236
28067
28237
28073
28238
28070
28072
28070
28073
28074
28072
28073
28074
28243
28074
28244
28245
28077
28079
28077
28080
28081
34143
28079
28080
32092
32094
32096
28081
28250
34145
28081
28251
28252
34147
28084
28086
28084
28087
28088
28086
28087
28088
28257
28088
28258
28259
28091
28093
28091
28094
28095
28093
28094
28095
28264
28095
28265
28266
28098
28100
28098
28101
28102
28100
28101
28102
28271
28102
28272
28273
28105
28107
28112
28113
28116
28105
28108
28109
28124
28107
28108
28109
28278
32162
32164
32166
28109
28127
28279
28128
28280
28114
28115
28116
32161
28114
28115
31869
28114
28116
31870
28115
28116
32162
31873
32165
32166
28119
28121
28119
28122
28123
34149
28121
28122
28123
28292
28123
28293
34152
28294
34153
28126
28128
28126
28129
28130
28128
28129
28130
28299
28130
28300
28301
28135
28136
28137
32182
32189
28135
28136
31897
28135
28137
31898
32183
28136
28137
32190
31901
32186
32193
32187
32194
28140
28142
34158
28140
28143
28144
28142
28143
34161
28144
28313
34162
28144
28314
28315
28147
28149
28147
28150
28151
28152
28149
28150
28151
28320
28151
28155
28321
28156
28322
28154
28156
28154
28157
28158
32232
32234
32236
28156
28157
28158
28327
28158
28328
28329
32239
32240
32242
28161
28163
28161
28164
28165
28163
28164
28165
28334
28165
28335
28336
28168
28170
28168
28171
28172
28170
28171
28172
28341
28172
28342
28343
28175
28177
28175
28178
28179
28177
28178
28179
28348
28179
28349
28350
28184
28185
28186
32273
28184
28185
31981
28184
28186
31982
28185
28186
32274
31985
32277
32278
28189
28191
28189
28192
28223
28225
28227
28193
28195
28191
28192
28193
28197
28362
28193
28363
32316
32317
32319
28199
28364
28196
28198
28196
28199
28200
28202
28198
28199
28200
28204
28369
28200
28370
28206
28371
28203
28205
28203
28206
28207
28209
28205
28206
28207
28211
28376
28207
28377
28213
28378
28210
28212
28210
28213
28214
32323
32325
32327
28212
28213
28214
28383
28214
28384
28385
32330
32331
32333
28219
28220
28221
32308
28219
28220
32016
28219
28221
32017
28220
28221
32309
32020
32312
32313
28226
28227
28228
32315
28226
28227
32023
28226
28228
32024
28227
28228
32316
32027
32319
32320
28233
28234
28235
32392
28233
28234
32100
28233
28235
32101
28234
28235
32393
32104
32396
32397
28238
28240
28238
28241
28242
28244
28240
28241
32358
32360
32362
28242
28246
28411
28242
28412
28248
28413
28245
28247
28245
28248
28249
28247
28248
28249
28418
28249
28419
28420
28252
28254
28252
28255
28256
34171
28254
28255
32386
32388
32390
28256
28425
34173
28256
28426
28427
34175
28259
28261
28259
28262
28263
28261
28262
28263
28263
28266
28268
28266
28269
28270
28268
28269
28270
28432
28270
28433
28434
28273
28275
28273
28276
28277
28275
28276
28277
28277
28439
28440
28280
28282
28287
28288
28291
28280
28283
28284
28299
28282
28283
28284
28443
32456
32458
32460
28284
28302
28444
28303
28445
28289
28290
28291
32455
28289
28290
32163
28289
28291
32164
28290
28291
32456
32167
32459
32460
28294
28296
28294
28297
28298
34177
28296
28297
28298
28457
28298
28458
34180
28459
34181
28301
28303
28301
28304
28305
28303
28304
28305
28464
28305
28465
28466
28310
28311
28312
32476
32483
28310
28311
32191
28310
28312
32192
32477
28311
28312
32484
32195
32480
32487
32481
32488
28315
28317
34186
28315
28318
28319
28317
28318
34189
28319
28478
34190
28319
28479
28480
28322
28324
28322
28325
28326
28327
28324
28325
28326
28485
28326
28330
28486
28331
28487
28329
28331
28329
28332
28333
32526
32528
32530
28331
28332
28333
28492
28333
28493
28494
32533
32534
32536
28336
28338
28336
28339
28340
28338
28339
28340
28499
28340
28500
28501
28343
28345
28343
28346
28347
28345
28346
28347
28506
28347
28507
28508
28350
28352
28350
28353
28354
28352
28353
28354
28513
28354
28514
28515
28359
28360
28361
32567
28359
28360
32275
28359
28361
32276
28360
28361
32568
32279
32571
32572
28364
28366
28364
28367
28398
28400
28402
28368
28370
28366
28367
28368
28372
28527
28368
28528
32610
32611
32613
28374
28529
28371
28373
28371
28374
28375
28377
28373
28374
28375
28379
28534
28375
28535
28381
28536
28378
28380
28378
28381
28382
28384
28380
28381
28382
28386
28541
28382
28542
28388
28543
28385
28387
28385
28388
28389
32617
32619
32621
28387
28388
28389
28548
28389
28549
28550
32624
32625
32627
28394
28395
28396
32602
28394
28395
32310
28394
28396
32311
28395
28396
32603
32314
32606
32607
28401
28402
28403
32609
28401
28402
32317
28401
28403
32318
28402
28403
32610
32321
32613
32614
28408
28409
28410
32672
28408
28409
32394
28408
28410
32395
28409
28410
32673
32398
32676
32677
28413
28415
28413
28416
28417
28419
28415
28416
32652
32654
32656
28417
28421
28576
28417
28577
28423
28578
28420
28422
28420
28423
28424
28422
28423
28424
28424
28427
28429
28427
28430
28431
34199
28429
28430
32666
32668
32670
28431
28581
34201
28431
28582
28583
34203
28434
28436
28434
28437
28438
28436
28437
28438
28588
28438
28589
28590
28440
28441
28442
28442
28445
28447
28452
28453
28456
28445
28448
28449
28464
28447
28448
28449
32708
32710
32712
28449
28467
28468
28454
28455
28456
32707
28454
28455
32457
28454
28456
32458
28455
28456
32708
32461
32711
32712
28459
28461
28459
28462
28463
34205
28461
28462
28463
28595
28463
28596
34208
28597
34209
28466
28468
28466
28469
28470
28468
28469
28470
28470
28475
28476
28477
32728
32735
28475
28476
32485
28475
28477
32486
32729
28476
28477
32736
32489
32732
32739
32733
32740
28480
28482
34214
28480
28483
28484
28482
28483
34217
28484
28609
34218
28484
28610
28611
28487
28489
28487
28490
28491
28492
28489
28490
28491
28616
28491
28495
28617
28496
28618
28494
28496
28494
28497
28498
32778
32780
32782
28496
28497
28498
28623
28498
28624
28625
32785
32786
32788
28501
28503
28501
28504
28505
28503
28504
28505
28630
28505
28631
28632
28508
28510
28508
28511
28512
28510
28511
28512
28637
28512
28638
28639
28515
28517
28515
28518
28519
28517
28518
28519
28644
28519
28645
28646
28524
28525
28526
32819
28524
28525
32569
28524
28526
32570
28525
28526
32820
32573
32823
32824
28529
28531
28529
28532
28563
28565
28567
28533
28535
28531
28532
28533
28537
28658
28533
28659
32862
32863
32865
28539
28660
28536
28538
28536
28539
28540
28542
28538
28539
28540
28544
28665
28540
28666
28546
28667
28543
28545
28543
28546
28547
28549
28545
28546
28547
28551
28672
28547
28673
28553
28674
28550
28552
28550
28553
28554
32869
32871
32873
28552
28553
28554
28679
28554
28680
28681
32876
32877
32879
28559
28560
28561
32854
28559
28560
32604
28559
28561
32605
28560
28561
32855
32608
32858
32859
28566
28567
28568
32861
28566
28567
32611
28566
28568
32612
28567
28568
32862
32615
32865
32866
28573
28574
28575
32917
28573
28574
32674
28573
28575
32675
28574
28575
32918
32678
32921
32922
28578
28578
28579
28580
28580
28583
28585
28583
28586
28587
34227
28585
28586
32911
32913
32915
28587
28707
34229
28587
28708
28709
34231
28590
28592
28590
28593
28594
28592
28593
28594
28714
28594
28715
28716
28597
28599
28597
28600
28601
34233
28599
28600
28601
28721
28601
28722
34236
28723
34237
28606
28607
28608
32959
32966
28606
28607
32737
28606
28608
32738
32960
28607
28608
32967
32741
32963
32970
32964
32971
28611
28613
34242
28611
28614
28615
28613
28614
34245
28615
28735
34246
28615
28736
28737
28618
28620
28618
28621
28622
28623
28620
28621
28622
28742
28622
28626
28743
28627
28744
28625
28627
28625
28628
28629
33009
33011
33013
28627
28628
28629
28749
28629
28750
28751
33016
33017
33019
28632
28634
28632
28635
28636
28634
28635
28636
28755
28636
28756
28757
28639
28641
28639
28642
28643
28641
28642
28643
28762
28643
28763
28764
28646
28648
28646
28649
28650
28648
28649
28650
28769
28650
28770
28771
28655
28656
28657
33050
28655
28656
32821
28655
28657
32822
28656
28657
33051
32825
33054
33055
28660
28662
28660
28663
28694
28696
28698
28664
28666
28662
28663
28664
28668
28783
28664
28784
33093
33094
33096
28670
28785
28667
28669
28667
28670
28671
28673
28669
28670
28671
28675
28790
28671
28791
28677
28792
28674
28676
28674
28677
28678
28680
28676
28677
28678
28682
28797
28678
28798
28684
28799
28681
28683
28681
28684
28685
33100
33102
33104
28683
28684
28685
28804
28685
28805
28806
33107
33108
33110
28690
28691
28692
33085
28690
28691
32856
28690
28692
32857
28691
28692
33086
32860
33089
33090
28697
28698
28699
33092
28697
28698
32863
28697
28699
32864
28698
28699
33093
32867
33096
33097
28704
28705
28706
33127
28704
28705
32919
28704
28706
32920
28705
28706
33128
32923
33131
33132
28709
28711
28709
28712
28713
34255
28711
28712
33121
33123
33125
28713
34257
28713
34259
28716
28718
28716
28719
28720
28718
28719
28720
28720
28723
28725
28723
28726
28727
34261
28725
28726
28727
28825
28727
28826
34264
28827
34265
28732
28733
28734
33162
33169
28732
28733
32968
28732
28734
32969
33163
28733
28734
33170
32972
33166
33173
33167
33174
28737
28739
34270
28737
28740
28741
28739
28740
34273
28741
28835
34274
28741
28836
28837
28744
28746
28744
28747
28748
28749
28746
28747
28748
28748
28752
28753
28751
28753
28751
28754
33205
33207
33209
28753
28754
28757
28759
28757
28760
28761
28759
28760
28761
28842
28761
28843
28844
28764
28766
28764
28767
28768
28766
28767
28768
28849
28768
28850
28851
28771
28773
28771
28774
28775
28773
28774
28775
28775
28780
28781
28782
33239
28780
28781
33052
28780
28782
33053
28781
28782
33240
33056
33243
33244
28785
28787
28785
28788
28819
28821
28823
28789
28791
28787
28788
28789
28793
28789
28856
33282
33283
33285
28795
28792
28794
28792
28795
28796
28798
28794
28795
28796
28800
28796
28802
28799
28801
28799
28802
28803
28805
28801
28802
28803
28807
28803
28809
28806
28808
28806
28809
28810
33289
33291
33293
28808
28809
28810
28810
33296
33297
33299
28815
28816
28817
33274
28815
28816
33087
28815
28817
33088
28816
28817
33275
33091
33278
33279
28822
28823
28824
33281
28822
28823
33094
28822
28824
33095
28823
28824
33282
33098
33285
33286
28827
28827
34282
28832
28833
28834
33309
28832
28833
33171
28832
28834
33172
33310
28833
28834
33175
33313
33314
28837
28839
34287
28837
28840
28841
28839
28840
34290
28841
34291
28841
28844
28846
28844
28847
28848
28846
28847
28848
28848
28851
28853
28851
28854
28855
28853
28854
28855
28855
28858
28860
28862
28861
28862
28863
28861
28862
33283
28861
28863
33284
28862
28863
33287
28868
28869
28870
28868
28869
28868
28870
28869
28870
28873
28877
28878
28873
28876
28885
28874
28880
28887
28876
28877
28881
28888
28876
28877
28890
28884
28880
28884
28880
28883
28881
28883
28884
28883
28884
28887
28890
28887
28891
28927
28888
28890
28891
28890
28891
28928
28929
28894
28898
28899
28894
28897
28895
28901
28897
28898
28902
28897
28898
28905
28901
28905
28901
28904
28906
28914
28902
28908
28904
28905
28909
28904
28905
28917
28911
28918
28908
28911
28920
28908
28912
28941
28909
28911
28912
28911
28912
28924
28942
28925
28943
28915
28919
28915
28918
28920
28916
28922
28918
28919
28923
28918
28919
28925
28922
28925
28922
28926
28955
28923
28925
28926
28925
28926
28956
28957
28929
28933
28929
28932
28930
28932
28933
28934
28932
28933
28935
28938
28939
28938
28939
28940
28938
28939
28938
28940
28977
28939
28940
28978
28980
28943
28947
28943
28946
28956
28944
28946
28947
28948
28946
28947
28949
28959
28952
28960
28953
28952
28953
28954
28952
28953
28963
28952
28954
28964
28991
28953
28954
28992
28966
28994
28957
28961
28957
28960
28958
28960
28961
28962
28960
28961
28963
28966
28967
28966
28967
28968
28966
28967
28966
28968
29005
28967
28968
29006
29008
28973
28974
28975
28973
28974
28973
28975
28974
28975
28980
28981
28982
28983
28980
28981
28980
28982
28981
28982
28984
28987
28988
28987
28988
28989
28987
28988
28987
28989
29026
28988
28989
29027
29029
28994
28995
28996
28997
28994
28995
29005
28994
28996
28995
28996
28998
29007
29001
29009
29002
29001
29002
29003
29001
29002
29012
29001
29003
29013
29040
29002
29003
29041
29015
29043
29008
29009
29010
29011
29008
29009
29008
29010
29009
29010
29012
29015
29016
29015
29016
29017
29015
29016
29015
29017
29054
29016
29017
29055
29057
29022
29023
29024
29022
29023
29022
29024
29023
29024
29029
29030
29031
29032
29029
29030
29029
29031
29030
29031
29033
29036
29037
29036
29037
29038
29036
29037
29036
29038
29075
29037
29038
29076
29078
29043
29044
29045
29046
29043
29044
29054
29043
29045
29044
29045
29047
29056
29050
29058
29051
29050
29051
29052
29050
29051
29061
29050
29052
29062
29089
29051
29052
29090
29064
29092
29057
29058
29059
29060
29057
29058
29057
29059
29058
29059
29061
29064
29065
29064
29065
29066
29064
29065
29064
29066
29103
29065
29066
29104
29106
29071
29072
29073
29071
29072
29071
29073
29072
29073
29078
29079
29080
29081
29078
29079
29078
29080
29079
29080
29082
29085
29086
29085
29086
29087
29085
29086
29085
29087
29124
29086
29087
29125
29127
29092
29093
29094
29095
29092
29093
29103
29092
29094
29093
29094
29096
29105
29099
29107
29100
29099
29100
29101
29099
29100
29110
29099
29101
29111
29138
29100
29101
29139
29113
29141
29106
29107
29108
29109
29106
29107
29106
29108
29107
29108
29110
29113
29114
29113
29114
29115
29113
29114
29113
29115
29152
29114
29115
29153
29155
29120
29121
29122
29120
29121
29120
29122
29121
29122
29127
29128
29129
29130
29127
29128
29127
29129
29128
29129
29131
29134
29135
29134
29135
29136
29134
29135
29134
29136
29173
29135
29136
29174
29176
29141
29142
29143
29144
29141
29142
29152
29141
29143
29142
29143
29145
29154
29148
29156
29149
29148
29149
29150
29148
29149
29159
29148
29150
29160
29187
29149
29150
29188
29162
29190
29155
29156
29157
29158
29155
29156
29155
29157
29156
29157
29159
29162
29163
29162
29163
29164
29162
29163
29162
29164
29201
29163
29164
29202
29204
29169
29170
29171
29169
29170
29169
29171
29170
29171
29176
29177
29178
29179
29176
29177
29176
29178
29177
29178
29180
29183
29184
29183
29184
29185
29183
29184
29183
29185
29184
29185
29190
29191
29192
29193
29190
29191
29201
29190
29192
29191
29192
29194
29203
29197
29205
29198
29197
29198
29199
29197
29198
29208
29197
29199
29209
29222
29198
29199
29223
29211
29225
29204
29205
29206
29207
29204
29205
29204
29206
29205
29206
29208
29211
29212
29211
29212
29213
29211
29212
29211
29213
29236
29212
29213
29237
29239
29218
29219
29220
29218
29219
29218
29220
29219
29220
29225
29226
29227
29228
29225
29226
29236
29225
29227
29226
29227
29229
29238
29232
29240
29233
29232
29233
29234
29232
29233
29243
29232
29234
29244
29250
29233
29234
29251
29246
29253
29239
29240
29241
29242
29239
29240
29239
29241
29240
29241
29243
29246
29247
29246
29247
29248
29246
29247
29246
29248
29264
29247
29248
29265
29267
29253
29254
29255
29256
29253
29254
29264
29253
29255
29254
29255
29257
29266
29260
29268
29261
29260
29261
29262
29260
29261
29271
29260
29262
29272
29278
29261
29262
29279
29274
29281
29267
29268
29269
29270
29267
29268
29267
29269
29268
29269
29271
29274
29275
29274
29275
29276
29274
29275
29274
29276
29275
29276
29281
29282
29283
29281
29282
29281
29283
29282
29283
29288
29289
29290
29291
29288
29289
29288
29290
29289
29290
29292
29295
29296
29295
29296
29297
29295
29296
29295
29297
29397
29296
29297
29398
29400
29302
29303
29304
29302
29303
29302
29304
29303
29304
29309
29310
29311
29312
29309
29310
29309
29311
29310
29311
29313
29316
29317
29316
29317
29318
29316
29317
29316
29318
29432
29317
29318
29433
29435
29323
29324
29325
29326
29323
29324
29323
29325
29324
29325
29327
29330
29331
29330
29331
29332
29330
29331
29330
29332
29446
29331
29332
29447
29449
29337
29338
29339
29337
29338
29337
29339
29338
29339
29344
29345
29346
29344
29345
29344
29346
29345
29346
29351
29352
29353
29354
29351
29352
29351
29353
29352
29353
29355
29358
29359
29358
29359
29360
29358
29359
29358
29360
29474
29359
29360
29475
29477
29365
29366
29367
29365
29366
29365
29367
29537
29366
29367
29538
29540
29372
29373
29374
29372
29373
29372
29374
29565
29373
29374
29566
29568
29379
29380
29381
29379
29380
29379
29381
29579
29380
29381
29580
29582
29386
29387
29388
29389
29386
29387
29386
29388
29387
29388
29390
29393
29394
29393
29394
29395
29393
29394
29393
29395
29593
29394
29395
29594
29596
29400
29401
29402
29403
29400
29401
29400
29402
29401
29402
29404
29407
29408
29407
29408
29409
29407
29408
29407
29409
29607
29408
29409
29608
29610
29414
29415
29416
29417
29414
29415
29414
29416
29415
29416
29418
29421
29422
29421
29422
29423
29421
29422
29421
29423
29621
29422
29423
29622
29624
29428
29429
29430
29428
29429
29428
29430
29429
29430
29435
29436
29437
29438
29435
29436
29435
29437
29436
29437
29439
29442
29443
29442
29443
29444
29442
29443
29442
29444
29642
29443
29444
29643
29645
29449
29450
29451
29452
29449
29450
29449
29451
29450
29451
29453
29456
29457
29456
29457
29458
29456
29457
29456
29458
29656
29457
29458
29657
29659
29463
29464
29465
29463
29464
29463
29465
29464
29465
29470
29471
29472
29470
29471
29470
29472
29471
29472
29477
29478
29479
29480
29477
29478
29477
29479
29478
29479
29481
29484
29485
29484
29485
29486
29484
29485
29484
29486
29684
29485
29486
29685
29687
29491
29492
29493
29491
29492
29495
29491
29493
29496
29698
29492
29493
29699
29498
29701
29498
29499
29500
29498
29499
29498
29500
29712
29499
29500
29713
29715
29505
29506
29507
29505
29506
29505
29507
29733
29506
29507
29734
29736
29512
29513
29514
29512
29513
29512
29514
29513
29514
29519
29520
29521
29519
29520
29519
29521
29782
29520
29521
29783
29785
29526
29527
29528
29526
29527
29526
29528
29796
29527
29528
29797
29799
29533
29534
29535
29533
29534
29533
29535
29534
29535
29540
29541
29542
29543
29540
29541
29540
29542
29541
29542
29544
29547
29548
29547
29548
29549
29547
29548
29547
29549
29817
29548
29549
29818
29820
29554
29555
29556
29557
29554
29555
29554
29556
29555
29556
29559
29561
29563
29561
29562
29563
29561
29562
29561
29563
29831
29562
29563
29832
29834
29568
29569
29570
29571
29568
29569
29568
29570
29569
29570
29572
29575
29576
29575
29576
29577
29575
29576
29575
29577
29852
29576
29577
29853
29855
29582
29583
29584
29585
29582
29583
29582
29584
29583
29584
29586
29589
29590
29589
29590
29591
29589
29590
29589
29591
29866
29590
29591
29867
29869
29596
29597
29598
29599
29596
29597
29596
29598
29597
29598
29600
29603
29604
29603
29604
29605
29603
29604
29603
29605
29880
29604
29605
29881
29883
29610
29611
29612
29613
29610
29611
29610
29612
29611
29612
29614
29617
29618
29617
29618
29619
29617
29618
29617
29619
29894
29618
29619
29895
29897
29624
29625
29626
29627
29624
29625
29624
29626
29625
29626
29628
29631
29632
29631
29632
29633
29631
29632
29631
29633
29908
29632
29633
29909
29911
29638
29639
29640
29638
29639
29638
29640
29639
29640
29645
29646
29647
29648
29645
29646
29645
29647
29646
29647
29649
29652
29653
29652
29653
29654
29652
29653
29652
29654
29929
29653
29654
29930
29932
29659
29660
29661
29662
29659
29660
29659
29661
29660
29661
29663
29666
29667
29666
29667
29668
29666
29667
29666
29668
29943
29667
29668
29944
29946
29673
29674
29675
29673
29674
29673
29675
29674
29675
29680
29681
29682
29680
29681
29680
29682
29681
29682
29687
29688
29689
29690
29687
29688
29687
29689
29688
29689
29691
29694
29695
29694
29695
29696
29694
29695
29694
29696
29971
29695
29696
29972
29974
29701
29702
29703
29704
29701
29702
29712
29701
29703
29702
29703
29705
29714
29708
29716
29709
29708
29709
29710
29708
29709
29719
29708
29710
29720
29985
29709
29710
29986
29722
29988
29715
29716
29717
29718
29715
29716
29715
29717
29716
29717
29719
29722
29723
29722
29723
29724
29722
29723
29722
29724
29999
29723
29724
30000
30002
29729
29730
29731
29729
29730
29729
29731
30013
29730
29731
30014
30016
29736
29737
29738
29739
29736
29737
29736
29738
29737
29738
29740
29743
29744
29743
29744
29745
29743
29744
29743
29745
30027
29744
29745
30028
30030
29750
29751
29752
29750
29751
29750
29752
29751
29752
29757
29758
29759
29760
29757
29758
29757
29759
29758
29759
29761
29764
29765
29764
29765
29766
29764
29765
29764
29766
30048
29765
29766
30049
30051
29771
29772
29773
29774
29771
29772
29771
29773
29772
29773
29775
29778
29779
29778
29779
29780
29778
29779
29778
29780
30062
29779
29780
30063
30065
29785
29786
29787
29788
29785
29786
29785
29787
29786
29787
29789
29792
29793
29792
29793
29794
29792
29793
29792
29794
30076
29793
29794
30077
30079
29799
29800
29801
29802
29799
29800
29799
29801
29800
29801
29803
29806
29807
29806
29807
29808
29806
29807
29806
29808
30090
29807
29808
30091
30093
29813
29814
29815
29813
29814
29813
29815
29814
29815
29820
29821
29822
29823
29820
29821
29820
29822
29821
29822
29824
29827
29828
29827
29828
29829
29827
29828
29827
29829
30111
29828
29829
30112
30114
29834
29835
29836
29844
29834
29835
29834
29836
29835
29836
29845
29848
29849
29841
29842
29843
29844
29841
29842
29841
29843
29842
29843
29846
29848
29850
29848
29849
29850
29848
29849
29848
29850
30125
29849
29850
30126
30128
29855
29856
29857
29858
29855
29856
29855
29857
29856
29857
29859
29862
29863
29862
29863
29864
29862
29863
29862
29864
30146
29863
29864
30147
30149
29869
29870
29871
29872
29869
29870
29869
29871
29870
29871
29873
29876
29877
29876
29877
29878
29876
29877
29876
29878
30160
29877
29878
30161
30163
29883
29884
29885
29886
29883
29884
29883
29885
29884
29885
29887
29890
29891
29890
29891
29892
29890
29891
29890
29892
30174
29891
29892
30175
30177
29897
29898
29899
29900
29897
29898
29897
29899
29898
29899
29901
29904
29905
29904
29905
29906
29904
29905
29904
29906
30188
29905
29906
30189
30191
29911
29912
29913
29914
29911
29912
29911
29913
29912
29913
29915
29918
29919
29918
29919
29920
29918
29919
29918
29920
30202
29919
29920
30203
30205
29925
29926
29927
29925
29926
29925
29927
29926
29927
29932
29933
29934
29935
29932
29933
29932
29934
29933
29934
29936
29939
29940
29939
29940
29941
29939
29940
29939
29941
30223
29940
29941
30224
30226
29946
29947
29948
29949
29946
29947
29946
29948
29947
29948
29950
29953
29954
29953
29954
29955
29953
29954
29953
29955
30237
29954
29955
30238
30240
29960
29961
29962
29960
29961
29960
29962
29961
29962
29967
29968
29969
29967
29968
29967
29969
29968
29969
29974
29975
29976
29977
29974
29975
29974
29976
29975
29976
29978
29981
29982
29981
29982
29983
29981
29982
29981
29983
30265
29982
29983
30266
30268
29988
29989
29990
29991
29988
29989
29999
29988
29990
29989
29990
29992
30001
29995
30003
29996
29995
29996
29997
29995
29996
30006
29995
29997
30007
30279
29996
29997
30280
30009
30282
30002
30003
30004
30005
30002
30003
30002
30004
30003
30004
30006
30009
30010
30009
30010
30011
30009
30010
30009
30011
30293
30010
30011
30294
30296
30016
30017
30018
30019
30016
30017
30016
30018
30017
30018
30020
30023
30024
30023
30024
30025
30023
30024
30023
30025
30307
30024
30025
30308
30310
30030
30031
30032
30033
30030
30031
30030
30032
30031
30032
30034
30037
30038
30037
30038
30039
30037
30038
30037
30039
30321
30038
30039
30322
30324
30044
30045
30046
30044
30045
30044
30046
30045
30046
30051
30052
30053
30054
30051
30052
30051
30053
30052
30053
30055
30058
30059
30058
30059
30060
30058
30059
30058
30060
30342
30059
30060
30343
30345
30065
30066
30067
30068
30065
30066
30065
30067
30066
30067
30069
30072
30073
30072
30073
30074
30072
30073
30072
30074
30356
30073
30074
30357
30359
30079
30080
30081
30082
30079
30080
30079
30081
30080
30081
30083
30086
30087
30086
30087
30088
30086
30087
30086
30088
30370
30087
30088
30371
30373
30093
30094
30095
30096
30093
30094
30093
30095
30094
30095
30097
30100
30101
30100
30101
30102
30100
30101
30100
30102
30384
30101
30102
30385
30387
30107
30108
30109
30107
30108
30107
30109
30108
30109
30114
30115
30116
30117
30114
30115
30114
30116
30115
30116
30118
30121
30122
30121
30122
30123
30121
30122
30121
30123
30405
30122
30123
30406
30408
30128
30129
30130
30138
30128
30129
30128
30130
30129
30130
30139
30142
30143
30135
30136
30137
30138
30135
30136
30135
30137
30136
30137
30140
30142
30144
30142
30143
30144
30142
30143
30142
30144
30419
30143
30144
30420
30422
30149
30150
30151
30152
30149
30150
30149
30151
30150
30151
30153
30156
30157
30156
30157
30158
30156
30157
30156
30158
30440
30157
30158
30441
30443
30163
30164
30165
30166
30163
30164
30163
30165
30164
30165
30167
30170
30171
30170
30171
30172
30170
30171
30170
30172
30454
30171
30172
30455
30457
30177
30178
30179
30180
30177
30178
30177
30179
30178
30179
30181
30184
30185
30184
30185
30186
30184
30185
30184
30186
30468
30185
30186
30469
30471
30191
30192
30193
30194
30191
30192
30191
30193
30192
30193
30195
30198
30199
30198
30199
30200
30198
30199
30198
30200
30482
30199
30200
30483
30485
30205
30206
30207
30208
30205
30206
30205
30207
30206
30207
30209
30212
30213
30212
30213
30214
30212
30213
30212
30214
30496
30213
30214
30497
30499
30219
30220
30221
30219
30220
30219
30221
30220
30221
30226
30227
30228
30229
30226
30227
30226
30228
30227
30228
30230
30233
30234
30233
30234
30235
30233
30234
30233
30235
30517
30234
30235
30518
30520
30240
30241
30242
30243
30240
30241
30240
30242
30241
30242
30244
30247
30248
30247
30248
30249
30247
30248
30247
30249
30531
30248
30249
30532
30534
30254
30255
30256
30254
30255
30254
30256
30255
30256
30261
30262
30263
30261
30262
30261
30263
30262
30263
30268
30269
30270
30271
30268
30269
30268
30270
30269
30270
30272
30275
30276
30275
30276
30277
30275
30276
30275
30277
30559
30276
30277
30560
30562
30282
30283
30284
30285
30282
30283
30293
30282
30284
30283
30284
30286
30295
30289
30297
30290
30289
30290
30291
30289
30290
30300
30289
30291
30301
30573
30290
30291
30574
30303
30576
30296
30297
30298
30299
30296
30297
30296
30298
30297
30298
30300
30303
30304
30303
30304
30305
30303
30304
30303
30305
30587
30304
30305
30588
30590
30310
30311
30312
30313
30310
30311
30310
30312
30311
30312
30314
30317
30318
30317
30318
30319
30317
30318
30317
30319
30601
30318
30319
30602
30604
30324
30325
30326
30327
30324
30325
30324
30326
30325
30326
30328
30331
30332
30331
30332
30333
30331
30332
30331
30333
30615
30332
30333
30616
30618
30338
30339
30340
30338
30339
30338
30340
30339
30340
30345
30346
30347
30348
30345
30346
30345
30347
30346
30347
30349
30352
30353
30352
30353
30354
30352
30353
30352
30354
30636
30353
30354
30637
30639
30359
30360
30361
30362
30359
30360
30359
30361
30360
30361
30363
30366
30367
30366
30367
30368
30366
30367
30366
30368
30650
30367
30368
30651
30653
30373
30374
30375
30376
30373
30374
30373
30375
30374
30375
30377
30380
30381
30380
30381
30382
30380
30381
30380
30382
30664
30381
30382
30665
30667
30387
30388
30389
30390
30387
30388
30387
30389
30388
30389
30391
30394
30395
30394
30395
30396
30394
30395
30394
30396
30678
30395
30396
30679
30681
30401
30402
30403
30401
30402
30401
30403
30402
30403
30408
30409
30410
30411
30408
30409
30408
30410
30409
30410
30412
30415
30416
30415
30416
30417
30415
30416
30415
30417
30699
30416
30417
30700
30702
30422
30423
30424
30432
30422
30423
30422
30424
30423
30424
30433
30436
30437
30429
30430
30431
30432
30429
30430
30429
30431
30430
30431
30434
30436
30438
30436
30437
30438
30436
30437
30436
30438
30713
30437
30438
30714
30716
30443
30444
30445
30446
30443
30444
30443
30445
30444
30445
30447
30450
30451
30450
30451
30452
30450
30451
30450
30452
30734
30451
30452
30735
30737
30457
30458
30459
30460
30457
30458
30457
30459
30458
30459
30461
30464
30465
30464
30465
30466
30464
30465
30464
30466
30748
30465
30466
30749
30751
30471
30472
30473
30474
30471
30472
30471
30473
30472
30473
30475
30478
30479
30478
30479
30480
30478
30479
30478
30480
30762
30479
30480
30763
30765
30485
30486
30487
30488
30485
30486
30485
30487
30486
30487
30489
30492
30493
30492
30493
30494
30492
30493
30492
30494
30776
30493
30494
30777
30779
30499
30500
30501
30502
30499
30500
30499
30501
30500
30501
30503
30506
30507
30506
30507
30508
30506
30507
30506
30508
30790
30507
30508
30791
30793
30513
30514
30515
30513
30514
30513
30515
30514
30515
30520
30521
30522
30523
30520
30521
30520
30522
30521
30522
30524
30527
30528
30527
30528
30529
30527
30528
30527
30529
30811
30528
30529
30812
30814
30534
30535
30536
30537
30534
30535
30534
30536
30535
30536
30538
30541
30542
30541
30542
30543
30541
30542
30541
30543
30825
30542
30543
30826
30828
30548
30549
30550
30548
30549
30548
30550
30549
30550
30555
30556
30557
30555
30556
30555
30557
30556
30557
30562
30563
30564
30565
30562
30563
30562
30564
30563
30564
30566
30569
30570
30569
30570
30571
30569
30570
30569
30571
30853
30570
30571
30854
30856
30576
30577
30578
30579
30576
30577
30587
30576
30578
30577
30578
30580
30589
30583
30591
30584
30583
30584
30585
30583
30584
30594
30583
30585
30595
30867
30584
30585
30868
30597
30870
30590
30591
30592
30593
30590
30591
30590
30592
30591
30592
30594
30597
30598
30597
30598
30599
30597
30598
30597
30599
30881
30598
30599
30882
30884
30604
30605
30606
30607
30604
30605
30604
30606
30605
30606
30608
30611
30612
30611
30612
30613
30611
30612
30611
30613
30895
30612
30613
30896
30898
30618
30619
30620
30621
30618
30619
30618
30620
30619
30620
30622
30625
30626
30625
30626
30627
30625
30626
30625
30627
30909
30626
30627
30910
30912
30632
30633
30634
30632
30633
30632
30634
30633
30634
30639
30640
30641
30642
30639
30640
30639
30641
30640
30641
30643
30646
30647
30646
30647
30648
30646
30647
30646
30648
30930
30647
30648
30931
30933
30653
30654
30655
30656
30653
30654
30653
30655
30654
30655
30657
30660
30661
30660
30661
30662
30660
30661
30660
30662
30944
30661
30662
30945
30947
30667
30668
30669
30670
30667
30668
30667
30669
30668
30669
30671
30674
30675
30674
30675
30676
30674
30675
30674
30676
30958
30675
30676
30959
30961
30681
30682
30683
30684
30681
30682
30681
30683
30682
30683
30685
30688
30689
30688
30689
30690
30688
30689
30688
30690
30972
30689
30690
30973
30975
30695
30696
30697
30695
30696
30695
30697
30696
30697
30702
30703
30704
30705
30702
30703
30702
30704
30703
30704
30706
30709
30710
30709
30710
30711
30709
30710
30709
30711
30993
30710
30711
30994
30996
30716
30717
30718
30726
30716
30717
30716
30718
30717
30718
30727
30730
30731
30723
30724
30725
30726
30723
30724
30723
30725
30724
30725
30728
30730
30732
30730
30731
30732
30730
30731
30730
30732
31007
30731
30732
31008
31010
30737
30738
30739
30740
30737
30738
30737
30739
30738
30739
30741
30744
30745
30744
30745
30746
30744
30745
30744
30746
31028
30745
30746
31029
31031
30751
30752
30753
30754
30751
30752
30751
30753
30752
30753
30755
30758
30759
30758
30759
30760
30758
30759
30758
30760
31042
30759
30760
31043
31045
30765
30766
30767
30768
30765
30766
30765
30767
30766
30767
30769
30772
30773
30772
30773
30774
30772
30773
30772
30774
31056
30773
30774
31057
31059
30779
30780
30781
30782
30779
30780
30779
30781
30780
30781
30783
30786
30787
30786
30787
30788
30786
30787
30786
30788
31070
30787
30788
31071
31073
30793
30794
30795
30796
30793
30794
30793
30795
30794
30795
30797
30800
30801
30800
30801
30802
30800
30801
30800
30802
31084
30801
30802
31085
31087
30807
30808
30809
30807
30808
30807
30809
30808
30809
30814
30815
30816
30817
30814
30815
30814
30816
30815
30816
30818
30821
30822
30821
30822
30823
30821
30822
30821
30823
31105
30822
30823
31106
31108
30828
30829
30830
30831
30828
30829
30828
30830
30829
30830
30832
30835
30836
30835
30836
30837
30835
30836
30835
30837
31119
30836
30837
31120
31122
30842
30843
30844
30842
30843
30842
30844
30843
30844
30849
30850
30851
30849
30850
30849
30851
30850
30851
30856
30857
30858
30859
30856
30857
30856
30858
30857
30858
30860
30863
30864
30863
30864
30865
30863
30864
30863
30865
31147
30864
30865
31148
31150
30870
30871
30872
30873
30870
30871
30881
30870
30872
30871
30872
30874
30883
30877
30885
30878
30877
30878
30879
30877
30878
30888
30877
30879
30889
31161
30878
30879
31162
30891
31164
30884
30885
30886
30887
30884
30885
30884
30886
30885
30886
30888
30891
30892
30891
30892
30893
30891
30892
30891
30893
31175
30892
30893
31176
31178
30898
30899
30900
30901
30898
30899
30898
30900
30899
30900
30902
30905
30906
30905
30906
30907
30905
30906
30905
30907
31189
30906
30907
31190
31192
30912
30913
30914
30915
30912
30913
30912
30914
30913
30914
30916
30919
30920
30919
30920
30921
30919
30920
30919
30921
31203
30920
30921
31204
31206
30926
30927
30928
30926
30927
30926
30928
30927
30928
30933
30934
30935
30936
30933
30934
30933
30935
30934
30935
30937
30940
30941
30940
30941
30942
30940
30941
30940
30942
31224
30941
30942
31225
31227
30947
30948
30949
30950
30947
30948
30947
30949
30948
30949
30951
30954
30955
30954
30955
30956
30954
30955
30954
30956
31238
30955
30956
31239
31241
30961
30962
30963
30964
30961
30962
30961
30963
30962
30963
30965
30968
30969
30968
30969
30970
30968
30969
30968
30970
31252
30969
30970
31253
31255
30975
30976
30977
30978
30975
30976
30975
30977
30976
30977
30979
30982
30983
30982
30983
30984
30982
30983
30982
30984
31266
30983
30984
31267
31269
30989
30990
30991
30989
30990
30989
30991
30990
30991
30996
30997
30998
30999
30996
30997
30996
30998
30997
30998
31000
31003
31004
31003
31004
31005
31003
31004
31003
31005
31287
31004
31005
31288
31290
31010
31011
31012
31020
31010
31011
31010
31012
31011
31012
31021
31024
31025
31017
31018
31019
31020
31017
31018
31017
31019
31018
31019
31022
31024
31026
31024
31025
31026
31024
31025
31024
31026
31301
31025
31026
31302
31304
31031
31032
31033
31034
31031
31032
31031
31033
31032
31033
31035
31038
31039
31038
31039
31040
31038
31039
31038
31040
31322
31039
31040
31323
31325
31045
31046
31047
31048
31045
31046
31045
31047
31046
31047
31049
31052
31053
31052
31053
31054
31052
31053
31052
31054
31336
31053
31054
31337
31339
31059
31060
31061
31062
31059
31060
31059
31061
31060
31061
31063
31066
31067
31066
31067
31068
31066
31067
31066
31068
31350
31067
31068
31351
31353
31073
31074
31075
31076
31073
31074
31073
31075
31074
31075
31077
31080
31081
31080
31081
31082
31080
31081
31080
31082
31364
31081
31082
31365
31367
31087
31088
31089
31090
31087
31088
31087
31089
31088
31089
31091
31094
31095
31094
31095
31096
31094
31095
31094
31096
31378
31095
31096
31379
31381
31101
31102
31103
31101
31102
31101
31103
31102
31103
31108
31109
31110
31111
31108
31109
31108
31110
31109
31110
31112
31115
31116
31115
31116
31117
31115
31116
31115
31117
31399
31116
31117
31400
31402
31122
31123
31124
31125
31122
31123
31122
31124
31123
31124
31126
31129
31130
31129
31130
31131
31129
31130
31129
31131
31413
31130
31131
31414
31416
31136
31137
31138
31136
31137
31136
31138
31137
31138
31143
31144
31145
31143
31144
31143
31145
31144
31145
31150
31151
31152
31153
31150
31151
31150
31152
31151
31152
31154
31157
31158
31157
31158
31159
31157
31158
31157
31159
31441
31158
31159
31442
31444
31164
31165
31166
31167
31164
31165
31175
31164
31166
31165
31166
31168
31177
31171
31179
31172
31171
31172
31173
31171
31172
31182
31171
31173
31183
31455
31172
31173
31456
31185
31458
31178
31179
31180
31181
31178
31179
31178
31180
31179
31180
31182
31185
31186
31185
31186
31187
31185
31186
31185
31187
31469
31186
31187
31470
31472
31192
31193
31194
31195
31192
31193
31192
31194
31193
31194
31196
31199
31200
31199
31200
31201
31199
31200
31199
31201
31483
31200
31201
31484
31486
31206
31207
31208
31209
31206
31207
31206
31208
31207
31208
31210
31213
31214
31213
31214
31215
31213
31214
31213
31215
31497
31214
31215
31498
31500
31220
31221
31222
31220
31221
31220
31222
31221
31222
31227
31228
31229
31230
31227
31228
31227
31229
31228
31229
31231
31234
31235
31234
31235
31236
31234
31235
31234
31236
31518
31235
31236
31519
31521
31241
31242
31243
31244
31241
31242
31241
31243
31242
31243
31245
31248
31249
31248
31249
31250
31248
31249
31248
31250
31532
31249
31250
31533
31535
31255
31256
31257
31258
31255
31256
31255
31257
31256
31257
31259
31262
31263
31262
31263
31264
31262
31263
31262
31264
31546
31263
31264
31547
31549
31269
31270
31271
31272
31269
31270
31269
31271
31270
31271
31273
31276
31277
31276
31277
31278
31276
31277
31276
31278
31560
31277
31278
31561
31563
31283
31284
31285
31283
31284
31283
31285
31284
31285
31290
31291
31292
31293
31290
31291
31290
31292
31291
31292
31294
31297
31298
31297
31298
31299
31297
31298
31297
31299
31581
31298
31299
31582
31584
31304
31305
31306
31314
31304
31305
31304
31306
31305
31306
31315
31318
31319
31311
31312
31313
31314
31311
31312
31311
31313
31312
31313
31316
31318
31320
31318
31319
31320
31318
31319
31318
31320
31595
31319
31320
31596
31598
31325
31326
31327
31328
31325
31326
31325
31327
31326
31327
31329
31332
31333
31332
31333
31334
31332
31333
31332
31334
31616
31333
31334
31617
31619
31339
31340
31341
31342
31339
31340
31339
31341
31340
31341
31343
31346
31347
31346
31347
31348
31346
31347
31346
31348
31630
31347
31348
31631
31633
31353
31354
31355
31356
31353
31354
31353
31355
31354
31355
31357
31360
31361
31360
31361
31362
31360
31361
31360
31362
31644
31361
31362
31645
31647
31367
31368
31369
31370
31367
31368
31367
31369
31368
31369
31371
31374
31375
31374
31375
31376
31374
31375
31374
31376
31658
31375
31376
31659
31661
31381
31382
31383
31384
31381
31382
31381
31383
31382
31383
31385
31388
31389
31388
31389
31390
31388
31389
31388
31390
31672
31389
31390
31673
31675
31395
31396
31397
31395
31396
31395
31397
31396
31397
31402
31403
31404
31405
31402
31403
31402
31404
31403
31404
31406
31409
31410
31409
31410
31411
31409
31410
31409
31411
31693
31410
31411
31694
31696
31416
31417
31418
31419
31416
31417
31416
31418
31417
31418
31420
31423
31424
31423
31424
31425
31423
31424
31423
31425
31707
31424
31425
31708
31710
31430
31431
31432
31430
31431
31430
31432
31431
31432
31437
31438
31439
31437
31438
31437
31439
31438
31439
31444
31445
31446
31447
31444
31445
31444
31446
31445
31446
31448
31451
31452
31451
31452
31453
31451
31452
31451
31453
31735
31452
31453
31736
31738
31458
31459
31460
31461
31458
31459
31469
31458
31460
31459
31460
31462
31471
31465
31473
31466
31465
31466
31467
31465
31466
31476
31465
31467
31477
31749
31466
31467
31750
31479
31752
31472
31473
31474
31475
31472
31473
31472
31474
31473
31474
31476
31479
31480
31479
31480
31481
31479
31480
31479
31481
31763
31480
31481
31764
31766
31486
31487
31488
31489
31486
31487
31486
31488
31487
31488
31490
31493
31494
31493
31494
31495
31493
31494
31493
31495
31777
31494
31495
31778
31780
31500
31501
31502
31503
31500
31501
31500
31502
31501
31502
31504
31507
31508
31507
31508
31509
31507
31508
31507
31509
31791
31508
31509
31792
31794
31514
31515
31516
31514
31515
31514
31516
31515
31516
31521
31522
31523
31524
31521
31522
31521
31523
31522
31523
31525
31528
31529
31528
31529
31530
31528
31529
31528
31530
31812
31529
31530
31813
31815
31535
31536
31537
31538
31535
31536
31535
31537
31536
31537
31539
31542
31543
31542
31543
31544
31542
31543
31542
31544
31826
31543
31544
31827
31829
31549
31550
31551
31552
31549
31550
31549
31551
31550
31551
31553
31556
31557
31556
31557
31558
31556
31557
31556
31558
31840
31557
31558
31841
31843
31563
31564
31565
31566
31563
31564
31563
31565
31564
31565
31567
31570
31571
31570
31571
31572
31570
31571
31570
31572
31854
31571
31572
31855
31857
31577
31578
31579
31577
31578
31577
31579
31578
31579
31584
31585
31586
31587
31584
31585
31584
31586
31585
31586
31588
31591
31592
31591
31592
31593
31591
31592
31591
31593
31875
31592
31593
31876
31878
31598
31599
31600
31608
31598
31599
31598
31600
31599
31600
31609
31612
31613
31605
31606
31607
31608
31605
31606
31605
31607
31606
31607
31610
31612
31614
31612
31613
31614
31612
31613
31612
31614
31889
31613
31614
31890
31892
31619
31620
31621
31622
31619
31620
31619
31621
31620
31621
31623
31626
31627
31626
31627
31628
31626
31627
31626
31628
31910
31627
31628
31911
31913
31633
31634
31635
31636
31633
31634
31633
31635
31634
31635
31637
31640
31641
31640
31641
31642
31640
31641
31640
31642
31924
31641
31642
31925
31927
31647
31648
31649
31650
31647
31648
31647
31649
31648
31649
31651
31654
31655
31654
31655
31656
31654
31655
31654
31656
31938
31655
31656
31939
31941
31661
31662
31663
31664
31661
31662
31661
31663
31662
31663
31665
31668
31669
31668
31669
31670
31668
31669
31668
31670
31952
31669
31670
31953
31955
31675
31676
31677
31678
31675
31676
31675
31677
31676
31677
31679
31682
31683
31682
31683
31684
31682
31683
31682
31684
31966
31683
31684
31967
31969
31689
31690
31691
31689
31690
31689
31691
31690
31691
31696
31697
31698
31699
31696
31697
31696
31698
31697
31698
31700
31703
31704
31703
31704
31705
31703
31704
31703
31705
31987
31704
31705
31988
31990
31710
31711
31712
31713
31710
31711
31710
31712
31711
31712
31714
31717
31718
31717
31718
31719
31717
31718
31717
31719
32001
31718
31719
32002
32004
31724
31725
31726
31724
31725
31724
31726
31725
31726
31731
31732
31733
31731
31732
31731
31733
31732
31733
31738
31739
31740
31741
31738
31739
31738
31740
31739
31740
31742
31745
31746
31745
31746
31747
31745
31746
31745
31747
32029
31746
31747
32030
32032
31752
31753
31754
31755
31752
31753
31763
31752
31754
31753
31754
31756
31765
31759
31767
31760
31759
31760
31761
31759
31760
31770
31759
31761
31771
32043
31760
31761
32044
31773
32046
31766
31767
31768
31769
31766
31767
31766
31768
31767
31768
31770
31773
31774
31773
31774
31775
31773
31774
31773
31775
32057
31774
31775
32058
32060
31780
31781
31782
31783
31780
31781
31780
31782
31781
31782
31784
31787
31788
31787
31788
31789
31787
31788
31787
31789
32071
31788
31789
32072
32074
31794
31795
31796
31797
31794
31795
31794
31796
31795
31796
31798
31801
31802
31801
31802
31803
31801
31802
31801
31803
32085
31802
31803
32086
32088
31808
31809
31810
31808
31809
31808
31810
31809
31810
31815
31816
31817
31818
31815
31816
31815
31817
31816
31817
31819
31822
31823
31822
31823
31824
31822
31823
31822
31824
32106
31823
31824
32107
32109
31829
31830
31831
31832
31829
31830
31829
31831
31830
31831
31833
31836
31837
31836
31837
31838
31836
31837
31836
31838
32120
31837
31838
32121
32123
31843
31844
31845
31846
31843
31844
31843
31845
31844
31845
31847
31850
31851
31850
31851
31852
31850
31851
31850
31852
32134
31851
31852
32135
32137
31857
31858
31859
31860
31857
31858
31857
31859
31858
31859
31861
31864
31865
31864
31865
31866
31864
31865
31864
31866
32148
31865
31866
32149
32151
31871
31872
31873
31871
31872
31871
31873
31872
31873
31878
31879
31880
31881
31878
31879
31878
31880
31879
31880
31882
31885
31886
31885
31886
31887
31885
31886
31885
31887
32169
31886
31887
32170
32172
31892
31893
31894
31902
31892
31893
31892
31894
31893
31894
31903
31906
31907
31899
31900
31901
31902
31899
31900
31899
31901
31900
31901
31904
31906
31908
31906
31907
31908
31906
31907
31906
31908
32183
31907
31908
32184
32186
31913
31914
31915
31916
31913
31914
31913
31915
31914
31915
31917
31920
31921
31920
31921
31922
31920
31921
31920
31922
32204
31921
31922
32205
32207
31927
31928
31929
31930
31927
31928
31927
31929
31928
31929
31931
31934
31935
31934
31935
31936
31934
31935
31934
31936
32218
31935
31936
32219
32221
31941
31942
31943
31944
31941
31942
31941
31943
31942
31943
31945
31948
31949
31948
31949
31950
31948
31949
31948
31950
32232
31949
31950
32233
32235
31955
31956
31957
31958
31955
31956
31955
31957
31956
31957
31959
31962
31963
31962
31963
31964
31962
31963
31962
31964
32246
31963
31964
32247
32249
31969
31970
31971
31972
31969
31970
31969
31971
31970
31971
31973
31976
31977
31976
31977
31978
31976
31977
31976
31978
32260
31977
31978
32261
32263
31983
31984
31985
31983
31984
31983
31985
31984
31985
31990
31991
31992
31993
31990
31991
31990
31992
31991
31992
31994
31997
31998
31997
31998
31999
31997
31998
31997
31999
32281
31998
31999
32282
32284
32004
32005
32006
32007
32004
32005
32004
32006
32005
32006
32008
32011
32012
32011
32012
32013
32011
32012
32011
32013
32295
32012
32013
32296
32298
32018
32019
32020
32018
32019
32018
32020
32019
32020
32025
32026
32027
32025
32026
32025
32027
32026
32027
32032
32033
32034
32035
32032
32033
32032
32034
32033
32034
32036
32039
32040
32039
32040
32041
32039
32040
32039
32041
32323
32040
32041
32324
32326
32046
32047
32048
32049
32046
32047
32057
32046
32048
32047
32048
32050
32059
32053
32061
32054
32053
32054
32055
32053
32054
32064
32053
32055
32065
32337
32054
32055
32338
32067
32340
32060
32061
32062
32063
32060
32061
32060
32062
32061
32062
32064
32067
32068
32067
32068
32069
32067
32068
32067
32069
32351
32068
32069
32352
32354
32074
32075
32076
32077
32074
32075
32074
32076
32075
32076
32078
32081
32082
32081
32082
32083
32081
32082
32081
32083
32365
32082
32083
32366
32368
32088
32089
32090
32091
32088
32089
32088
32090
32089
32090
32092
32095
32096
32095
32096
32097
32095
32096
32095
32097
32379
32096
32097
32380
32382
32102
32103
32104
32102
32103
32102
32104
32103
32104
32109
32110
32111
32112
32109
32110
32109
32111
32110
32111
32113
32116
32117
32116
32117
32118
32116
32117
32116
32118
32400
32117
32118
32401
32403
32123
32124
32125
32126
32123
32124
32123
32125
32124
32125
32127
32130
32131
32130
32131
32132
32130
32131
32130
32132
32414
32131
32132
32415
32417
32137
32138
32139
32140
32137
32138
32137
32139
32138
32139
32141
32144
32145
32144
32145
32146
32144
32145
32144
32146
32428
32145
32146
32429
32431
32151
32152
32153
32154
32151
32152
32151
32153
32152
32153
32155
32158
32159
32158
32159
32160
32158
32159
32158
32160
32442
32159
32160
32443
32445
32165
32166
32167
32165
32166
32165
32167
32166
32167
32172
32173
32174
32175
32172
32173
32172
32174
32173
32174
32176
32179
32180
32179
32180
32181
32179
32180
32179
32181
32463
32180
32181
32464
32466
32186
32187
32188
32196
32186
32187
32186
32188
32187
32188
32197
32200
32201
32193
32194
32195
32196
32193
32194
32193
32195
32194
32195
32198
32200
32202
32200
32201
32202
32200
32201
32200
32202
32477
32201
32202
32478
32480
32207
32208
32209
32210
32207
32208
32207
32209
32208
32209
32211
32214
32215
32214
32215
32216
32214
32215
32214
32216
32498
32215
32216
32499
32501
32221
32222
32223
32224
32221
32222
32221
32223
32222
32223
32225
32228
32229
32228
32229
32230
32228
32229
32228
32230
32512
32229
32230
32513
32515
32235
32236
32237
32238
32235
32236
32235
32237
32236
32237
32239
32242
32243
32242
32243
32244
32242
32243
32242
32244
32526
32243
32244
32527
32529
32249
32250
32251
32252
32249
32250
32249
32251
32250
32251
32253
32256
32257
32256
32257
32258
32256
32257
32256
32258
32540
32257
32258
32541
32543
32263
32264
32265
32266
32263
32264
32263
32265
32264
32265
32267
32270
32271
32270
32271
32272
32270
32271
32270
32272
32554
32271
32272
32555
32557
32277
32278
32279
32277
32278
32277
32279
32278
32279
32284
32285
32286
32287
32284
32285
32284
32286
32285
32286
32288
32291
32292
32291
32292
32293
32291
32292
32291
32293
32575
32292
32293
32576
32578
32298
32299
32300
32301
32298
32299
32298
32300
32299
32300
32302
32305
32306
32305
32306
32307
32305
32306
32305
32307
32589
32306
32307
32590
32592
32312
32313
32314
32312
32313
32312
32314
32313
32314
32319
32320
32321
32319
32320
32319
32321
32320
32321
32326
32327
32328
32329
32326
32327
32326
32328
32327
32328
32330
32333
32334
32333
32334
32335
32333
32334
32333
32335
32617
32334
32335
32618
32620
32340
32341
32342
32343
32340
32341
32351
32340
32342
32341
32342
32344
32353
32347
32355
32348
32347
32348
32349
32347
32348
32358
32347
32349
32359
32631
32348
32349
32632
32361
32634
32354
32355
32356
32357
32354
32355
32354
32356
32355
32356
32358
32361
32362
32361
32362
32363
32361
32362
32361
32363
32645
32362
32363
32646
32648
32368
32369
32370
32371
32368
32369
32368
32370
32369
32370
32372
32375
32376
32375
32376
32377
32375
32376
32375
32377
32376
32377
32382
32383
32384
32385
32382
32383
32382
32384
32383
32384
32386
32389
32390
32389
32390
32391
32389
32390
32389
32391
32659
32390
32391
32660
32662
32396
32397
32398
32396
32397
32396
32398
32397
32398
32403
32404
32405
32406
32403
32404
32403
32405
32404
32405
32407
32410
32411
32410
32411
32412
32410
32411
32410
32412
32411
32412
32417
32418
32419
32420
32417
32418
32417
32419
32418
32419
32421
32424
32425
32424
32425
32426
32424
32425
32424
32426
32425
32426
32431
32432
32433
32434
32431
32432
32431
32433
32432
32433
32435
32438
32439
32438
32439
32440
32438
32439
32438
32440
32680
32439
32440
32681
32683
32445
32446
32447
32448
32445
32446
32445
32447
32446
32447
32449
32452
32453
32452
32453
32454
32452
32453
32452
32454
32694
32453
32454
32695
32697
32459
32460
32461
32459
32460
32459
32461
32460
32461
32466
32467
32468
32469
32466
32467
32466
32468
32467
32468
32470
32473
32474
32473
32474
32475
32473
32474
32473
32475
32715
32474
32475
32716
32718
32480
32481
32482
32490
32480
32481
32480
32482
32481
32482
32491
32494
32495
32487
32488
32489
32490
32487
32488
32487
32489
32488
32489
32492
32494
32496
32494
32495
32496
32494
32495
32494
32496
32729
32495
32496
32730
32732
32501
32502
32503
32504
32501
32502
32501
32503
32502
32503
32505
32508
32509
32508
32509
32510
32508
32509
32508
32510
32750
32509
32510
32751
32753
32515
32516
32517
32518
32515
32516
32515
32517
32516
32517
32519
32522
32523
32522
32523
32524
32522
32523
32522
32524
32764
32523
32524
32765
32767
32529
32530
32531
32532
32529
32530
32529
32531
32530
32531
32533
32536
32537
32536
32537
32538
32536
32537
32536
32538
32778
32537
32538
32779
32781
32543
32544
32545
32546
32543
32544
32543
32545
32544
32545
32547
32550
32551
32550
32551
32552
32550
32551
32550
32552
32792
32551
32552
32793
32795
32557
32558
32559
32560
32557
32558
32557
32559
32558
32559
32561
32564
32565
32564
32565
32566
32564
32565
32564
32566
32806
32565
32566
32807
32809
32571
32572
32573
32571
32572
32571
32573
32572
32573
32578
32579
32580
32581
32578
32579
32578
32580
32579
32580
32582
32585
32586
32585
32586
32587
32585
32586
32585
32587
32827
32586
32587
32828
32830
32592
32593
32594
32595
32592
32593
32592
32594
32593
32594
32596
32599
32600
32599
32600
32601
32599
32600
32599
32601
32841
32600
32601
32842
32844
32606
32607
32608
32606
32607
32606
32608
32607
32608
32613
32614
32615
32613
32614
32613
32615
32614
32615
32620
32621
32622
32623
32620
32621
32620
32622
32621
32622
32624
32627
32628
32627
32628
32629
32627
32628
32627
32629
32869
32628
32629
32870
32872
32634
32635
32636
32637
32634
32635
32645
32634
32636
32635
32636
32638
32647
32641
32649
32642
32641
32642
32643
32641
32642
32652
32641
32643
32653
32883
32642
32643
32884
32655
32886
32648
32649
32650
32651
32648
32649
32648
32650
32649
32650
32652
32655
32656
32655
32656
32657
32655
32656
32655
32657
32897
32656
32657
32898
32900
32662
32663
32664
32665
32662
32663
32662
32664
32663
32664
32666
32669
32670
32669
32670
32671
32669
32670
32669
32671
32904
32670
32671
32905
32907
32676
32677
32678
32676
32677
32676
32678
32677
32678
32683
32684
32685
32686
32683
32684
32683
32685
32684
32685
32687
32690
32691
32690
32691
32692
32690
32691
32690
32692
32925
32691
32692
32926
32928
32697
32698
32699
32700
32697
32698
32697
32699
32698
32699
32701
32704
32705
32704
32705
32706
32704
32705
32704
32706
32939
32705
32706
32940
32942
32711
32712
32713
32711
32712
32711
32713
32712
32713
32718
32719
32720
32721
32718
32719
32718
32720
32719
32720
32722
32725
32726
32725
32726
32727
32725
32726
32725
32727
32953
32726
32727
32954
32956
32732
32733
32734
32742
32732
32733
32732
32734
32733
32734
32743
32746
32747
32739
32740
32741
32742
32739
32740
32739
32741
32740
32741
32744
32746
32748
32746
32747
32748
32746
32747
32746
32748
32960
32747
32748
32961
32963
32753
32754
32755
32756
32753
32754
32753
32755
32754
32755
32757
32760
32761
32760
32761
32762
32760
32761
32760
32762
32981
32761
32762
32982
32984
32767
32768
32769
32770
32767
32768
32767
32769
32768
32769
32771
32774
32775
32774
32775
32776
32774
32775
32774
32776
32995
32775
32776
32996
32998
32781
32782
32783
32784
32781
32782
32781
32783
32782
32783
32785
32788
32789
32788
32789
32790
32788
32789
32788
32790
33009
32789
32790
33010
33012
32795
32796
32797
32798
32795
32796
32795
32797
32796
32797
32799
32802
32803
32802
32803
32804
32802
32803
32802
32804
33023
32803
32804
33024
33026
32809
32810
32811
32812
32809
32810
32809
32811
32810
32811
32813
32816
32817
32816
32817
32818
32816
32817
32816
32818
33037
32817
32818
33038
33040
32823
32824
32825
32823
32824
32823
32825
32824
32825
32830
32831
32832
32833
32830
32831
32830
32832
32831
32832
32834
32837
32838
32837
32838
32839
32837
32838
32837
32839
33058
32838
32839
33059
33061
32844
32845
32846
32847
32844
32845
32844
32846
32845
32846
32848
32851
32852
32851
32852
32853
32851
32852
32851
32853
33072
32852
32853
33073
33075
32858
32859
32860
32858
32859
32858
32860
32859
32860
32865
32866
32867
32865
32866
32865
32867
32866
32867
32872
32873
32874
32875
32872
32873
32872
32874
32873
32874
32876
32879
32880
32879
32880
32881
32879
32880
32879
32881
33100
32880
32881
33101
33103
32886
32887
32888
32889
32886
32887
32897
32886
32888
32887
32888
32890
32899
32893
32901
32894
32893
32894
32895
32893
32894
32893
32895
32894
32895
32900
32901
32902
32900
32901
32900
32902
32901
32902
32907
32908
32909
32910
32907
32908
32907
32909
32908
32909
32911
32914
32915
32914
32915
32916
32914
32915
32914
32916
33114
32915
32916
33115
33117
32921
32922
32923
32921
32922
32921
32923
32922
32923
32928
32929
32930
32931
32928
32929
32928
32930
32929
32930
32932
32935
32936
32935
32936
32937
32935
32936
32935
32937
33135
32936
32937
33136
33138
32942
32943
32944
32945
32942
32943
32942
32944
32943
32944
32946
32949
32950
32949
32950
32951
32949
32950
32949
32951
33149
32950
32951
33150
33152
32956
32957
32958
32956
32957
32956
32958
32957
32958
32963
32964
32965
32973
32963
32964
32963
32965
32964
32965
32974
32977
32978
32970
32971
32972
32973
32970
32971
32970
32972
32971
32972
32975
32977
32979
32977
32978
32979
32977
32978
32977
32979
33163
32978
32979
33164
33166
32984
32985
32986
32987
32984
32985
32984
32986
32985
32986
32988
32991
32992
32991
32992
32993
32991
32992
32991
32993
33184
32992
32993
33185
33187
32998
32999
33000
33001
32998
32999
32998
33000
32999
33000
33002
33005
33006
33005
33006
33007
33005
33006
33005
33007
33198
33006
33007
33199
33201
33012
33013
33014
33015
33012
33013
33012
33014
33013
33014
33016
33019
33020
33019
33020
33021
33019
33020
33019
33021
33205
33020
33021
33206
33208
33026
33027
33028
33029
33026
33027
33026
33028
33027
33028
33030
33033
33034
33033
33034
33035
33033
33034
33033
33035
33212
33034
33035
33213
33215
33040
33041
33042
33043
33040
33041
33040
33042
33041
33042
33044
33047
33048
33047
33048
33049
33047
33048
33047
33049
33226
33048
33049
33227
33229
33054
33055
33056
33054
33055
33054
33056
33055
33056
33061
33062
33063
33064
33061
33062
33061
33063
33062
33063
33065
33068
33069
33068
33069
33070
33068
33069
33068
33070
33247
33069
33070
33248
33250
33075
33076
33077
33078
33075
33076
33075
33077
33076
33077
33079
33082
33083
33082
33083
33084
33082
33083
33082
33084
33261
33083
33084
33262
33264
33089
33090
33091
33089
33090
33089
33091
33090
33091
33096
33097
33098
33096
33097
33096
33098
33097
33098
33103
33104
33105
33106
33103
33104
33103
33105
33104
33105
33107
33110
33111
33110
33111
33112
33110
33111
33110
33112
33289
33111
33112
33290
33292
33117
33118
33119
33120
33117
33118
33117
33119
33118
33119
33121
33124
33125
33124
33125
33126
33124
33125
33124
33126
33125
33126
33131
33132
33133
33131
33132
33131
33133
33132
33133
33138
33139
33140
33141
33138
33139
33138
33140
33139
33140
33142
33145
33146
33145
33146
33147
33145
33146
33145
33147
33146
33147
33152
33153
33154
33155
33152
33153
33152
33154
33153
33154
33156
33159
33160
33159
33160
33161
33159
33160
33159
33161
33303
33160
33161
33304
33306
33166
33167
33168
33176
33166
33167
33166
33168
33167
33168
33177
33180
33181
33173
33174
33175
33176
33173
33174
33173
33175
33174
33175
33178
33180
33182
33180
33181
33182
33180
33181
33180
33182
33310
33181
33182
33311
33313
33187
33188
33189
33190
33187
33188
33187
33189
33188
33189
33191
33194
33195
33194
33195
33196
33194
33195
33194
33196
33317
33195
33196
33318
33320
33201
33202
33203
33201
33202
33201
33203
33202
33203
33208
33209
33210
33208
33209
33208
33210
33209
33210
33215
33216
33217
33218
33215
33216
33215
33217
33216
33217
33219
33222
33223
33222
33223
33224
33222
33223
33222
33224
33223
33224
33229
33230
33231
33232
33229
33230
33229
33231
33230
33231
33233
33236
33237
33236
33237
33238
33236
33237
33236
33238
33331
33237
33238
33332
33334
33243
33244
33245
33243
33244
33243
33245
33244
33245
33250
33251
33252
33253
33250
33251
33250
33252
33251
33252
33254
33257
33258
33257
33258
33259
33257
33258
33257
33259
33345
33258
33259
33346
33348
33264
33265
33266
33267
33264
33265
33264
33266
33265
33266
33268
33271
33272
33271
33272
33273
33271
33272
33271
33273
33272
33273
33278
33279
33280
33278
33279
33278
33280
33279
33280
33285
33286
33287
33285
33286
33285
33287
33286
33287
33292
33293
33294
33295
33292
33293
33292
33294
33293
33294
33296
33299
33300
33299
33300
33301
33299
33300
33299
33301
33300
33301
33306
33307
33308
33306
33307
33306
33308
33307
33308
33313
33314
33315
33313
33314
33313
33315
33314
33315
33320
33321
33322
33323
33320
33321
33320
33322
33321
33322
33324
33327
33328
33327
33328
33329
33327
33328
33327
33329
33328
33329
33334
33335
33336
33337
33334
33335
33334
33336
33335
33336
33338
33341
33342
33341
33342
33343
33341
33342
33341
33343
33342
33343
33348
33349
33350
33351
33348
33349
33348
33350
33349
33350
33352
33355
33356
33355
33356
33357
33355
33356
33355
33357
33356
33357
33361
33364
33362
33364
33361
33362
33365
33363
33368
33363
33369
33364
33370
33368
33369
33368
33371
33386
33369
33371
33387
33370
33370
33371
33392
33375
33378
33376
33378
33375
33376
33379
33377
33382
33377
33383
33378
33384
33382
33383
33382
33385
33400
33383
33385
33401
33384
33384
33385
33406
33389
33392
33390
33392
33389
33390
33393
33391
33396
33391
33397
33392
33398
33396
33397
33396
33399
33414
33397
33399
33415
33398
33398
33399
33420
33403
33406
33404
33406
33403
33404
33407
33405
33410
33405
33411
33406
33412
33410
33411
33410
33413
33428
33411
33413
33429
33412
33412
33413
33434
33417
33420
33418
33420
33417
33418
33421
33419
33424
33419
33425
33420
33426
33424
33425
33424
33427
33442
33425
33427
33443
33426
33426
33427
33448
33431
33434
33432
33434
33431
33432
33435
33433
33438
33433
33439
33434
33440
33438
33439
33438
33441
33456
33439
33441
33457
33440
33440
33441
33462
33445
33448
33446
33448
33445
33446
33449
33447
33452
33447
33453
33448
33454
33452
33453
33452
33455
33470
33453
33455
33471
33454
33454
33455
33476
33459
33462
33460
33462
33459
33460
33463
33461
33466
33461
33467
33462
33468
33466
33467
33466
33469
33484
33467
33469
33485
33468
33468
33469
33490
33473
33476
33474
33476
33473
33474
33477
33475
33480
33475
33481
33476
33482
33480
33481
33480
33483
33498
33481
33483
33499
33482
33482
33483
33504
33487
33490
33488
33490
33487
33488
33491
33489
33494
33489
33495
33490
33496
33494
33495
33494
33497
33512
33495
33497
33513
33496
33496
33497
33518
33501
33504
33502
33504
33501
33502
33505
33503
33508
33503
33509
33504
33510
33508
33509
33508
33511
33526
33509
33511
33527
33510
33510
33511
33532
33515
33518
33516
33518
33515
33516
33519
33517
33522
33517
33523
33518
33524
33522
33523
33522
33525
33540
33523
33525
33541
33524
33524
33525
33546
33529
33532
33530
33532
33529
33530
33533
33531
33536
33531
33537
33532
33538
33536
33537
33536
33539
33554
33537
33539
33555
33538
33538
33539
33560
33543
33546
33544
33546
33543
33544
33547
33545
33550
33545
33551
33546
33552
33550
33551
33550
33553
33568
33551
33553
33569
33552
33552
33553
33574
33557
33560
33558
33560
33557
33558
33561
33559
33564
33559
33565
33560
33566
33564
33565
33564
33567
33582
33565
33567
33583
33566
33566
33567
33588
33571
33574
33572
33574
33571
33572
33575
33573
33578
33573
33579
33574
33580
33578
33579
33578
33581
33596
33579
33581
33597
33580
33580
33581
33602
33585
33588
33586
33588
33585
33586
33589
33587
33592
33587
33593
33588
33594
33592
33593
33592
33595
33610
33593
33595
33611
33594
33594
33595
33616
33599
33602
33600
33602
33599
33600
33603
33601
33606
33601
33607
33602
33608
33606
33607
33606
33609
33624
33607
33609
33625
33608
33608
33609
33630
33613
33616
33614
33616
33613
33614
33617
33615
33620
33615
33621
33616
33622
33620
33621
33620
33623
33638
33621
33623
33639
33622
33622
33623
33644
33627
33630
33628
33630
33627
33628
33631
33629
33634
33629
33635
33630
33636
33634
33635
33634
33637
33652
33635
33637
33653
33636
33636
33637
33658
33641
33644
33642
33644
33641
33642
33645
33643
33648
33643
33649
33644
33650
33648
33649
33648
33651
33666
33649
33651
33667
33650
33650
33651
33672
33655
33658
33656
33658
33655
33656
33659
33657
33662
33657
33663
33658
33664
33662
33663
33662
33665
33680
33663
33665
33681
33664
33664
33665
33686
33669
33672
33670
33672
33669
33670
33673
33671
33676
33671
33677
33672
33678
33676
33677
33676
33679
33694
33677
33679
33695
33678
33678
33679
33700
33683
33686
33684
33686
33683
33684
33687
33685
33690
33685
33691
33686
33692
33690
33691
33690
33693
33708
33691
33693
33709
33692
33692
33693
33714
33697
33700
33698
33700
33697
33698
33701
33699
33704
33699
33705
33700
33706
33704
33705
33704
33707
33722
33705
33707
33723
33706
33706
33707
33728
33711
33714
33712
33714
33711
33712
33715
33713
33718
33713
33719
33714
33720
33718
33719
33718
33721
33736
33719
33721
33737
33720
33720
33721
33742
33725
33728
33726
33728
33725
33726
33729
33727
33732
33727
33733
33728
33734
33732
33733
33732
33735
33750
33733
33735
33751
33734
33734
33735
33756
33739
33742
33740
33742
33739
33740
33743
33741
33746
33741
33747
33742
33748
33746
33747
33746
33749
33764
33747
33749
33765
33748
33748
33749
33770
33753
33756
33754
33756
33753
33754
33757
33755
33760
33755
33761
33756
33762
33760
33761
33760
33763
33778
33761
33763
33779
33762
33762
33763
33784
33767
33770
33768
33770
33767
33768
33771
33769
33774
33769
33775
33770
33776
33774
33775
33774
33777
33792
33775
33777
33793
33776
33776
33777
33798
33781
33784
33782
33784
33781
33782
33785
33783
33788
33783
33789
33784
33790
33788
33789
33788
33791
33789
33791
33790
33790
33791
33795
33798
33796
33798
33795
33796
33799
33797
33802
33797
33803
33798
33804
33802
33803
33802
33805
33803
33805
33804
33804
33805
33808
33810
33808
33811
33812
33810
33811
33812
33813
33812
33814
33815
33815
33817
33815
33818
33819
33817
33818
33819
33820
33819
33821
33822
33822
33824
33822
33825
33826
33824
33825
33826
33827
33826
33828
33829
33829
33831
33829
33832
33833
33831
33832
33833
33834
33833
33835
33836
33836
33838
33836
33839
33840
33838
33839
33840
33841
33840
33842
33843
33843
33845
33843
33846
33847
33845
33846
33847
33848
33847
33849
33850
33850
33852
33850
33853
33854
33852
33853
33854
33855
33854
33856
33857
33857
33859
33857
33860
33861
33859
33860
33861
33862
33861
33863
33864
33864
33866
33864
33867
33868
33866
33867
33868
33868
33871
33873
33871
33874
33875
33873
33874
33875
33883
33875
33884
33885
33878
33880
33878
33881
33882
33880
33881
33882
33904
33882
33905
33906
33885
33887
33885
33888
33889
33887
33888
33889
33911
33889
33912
33913
33892
33894
33892
33895
33896
33894
33895
33896
33918
33896
33919
33920
33899
33901
33899
33902
33903
33901
33902
33903
33925
33903
33926
33927
33906
33908
33906
33909
33910
33908
33909
33910
33932
33910
33933
33934
33913
33915
33913
33916
33917
33915
33916
33917
33939
33917
33940
33941
33920
33922
33920
33923
33924
33922
33923
33924
33946
33924
33947
33948
33927
33929
33927
33930
33931
33929
33930
33931
33953
33931
33954
33955
33934
33936
33934
33937
33938
33936
33937
33938
33960
33938
33961
33962
33941
33943
33941
33944
33945
33943
33944
33945
33967
33945
33968
33969
33948
33950
33948
33951
33952
33950
33951
33952
33974
33952
33975
33976
33955
33957
33955
33958
33959
33957
33958
33959
33981
33959
33982
33983
33962
33964
33962
33965
33966
33964
33965
33966
33988
33966
33989
33990
33969
33971
33969
33972
33973
33971
33972
33973
33995
33973
33996
33997
33976
33978
33976
33979
33980
33978
33979
33980
34002
33980
34003
34004
33983
33985
33983
33986
33987
33985
33986
33987
34009
33987
34010
34011
33990
33992
33990
33993
33994
33992
33993
33994
34016
33994
34017
34018
33997
33999
33997
34000
34001
33999
34000
34001
34023
34001
34024
34025
34004
34006
34004
34007
34008
34006
34007
34008
34030
34008
34031
34032
34011
34013
34011
34014
34015
34013
34014
34015
34037
34015
34038
34039
34018
34020
34018
34021
34022
34020
34021
34022
34044
34022
34045
34046
34025
34027
34025
34028
34029
34027
34028
34029
34051
34029
34052
34053
34032
34034
34032
34035
34036
34034
34035
34036
34058
34036
34059
34060
34039
34041
34039
34042
34043
34041
34042
34043
34065
34043
34066
34067
34046
34048
34046
34049
34050
34048
34049
34050
34072
34050
34073
34074
34053
34055
34053
34056
34057
34055
34056
34057
34079
34057
34080
34081
34060
34062
34060
34063
34064
34062
34063
34064
34086
34064
34087
34088
34067
34069
34067
34070
34071
34069
34070
34071
34093
34071
34094
34095
34074
34076
34074
34077
34078
34076
34077
34078
34100
34078
34101
34102
34081
34083
34081
34084
34085
34083
34084
34085
34107
34085
34108
34109
34088
34090
34088
34091
34092
34090
34091
34092
34114
34092
34115
34116
34095
34097
34095
34098
34099
34097
34098
34099
34121
34099
34122
34123
34102
34104
34102
34105
34106
34104
34105
34106
34128
34106
34129
34130
34109
34111
34109
34112
34113
34111
34112
34113
34135
34113
34136
34137
34116
34118
34116
34119
34120
34118
34119
34120
34142
34120
34143
34144
34123
34125
34123
34126
34127
34125
34126
34127
34149
34127
34150
34151
34130
34132
34130
34133
34134
34132
34133
34134
34156
34134
34157
34158
34137
34139
34137
34140
34141
34139
34140
34141
34163
34141
34164
34165
34144
34146
34144
34147
34148
34146
34147
34148
34170
34148
34171
34172
34151
34153
34151
34154
34155
34153
34154
34155
34177
34155
34178
34179
34158
34160
34158
34161
34162
34160
34161
34162
34184
34162
34185
34186
34165
34167
34165
34168
34169
34167
34168
34169
34191
34169
34192
34193
34172
34174
34172
34175
34176
34174
34175
34176
34198
34176
34199
34200
34179
34181
34179
34182
34183
34181
34182
34183
34205
34183
34206
34207
34186
34188
34186
34189
34190
34188
34189
34190
34212
34190
34213
34214
34193
34195
34193
34196
34197
34195
34196
34197
34219
34197
34220
34221
34200
34202
34200
34203
34204
34202
34203
34204
34226
34204
34227
34228
34207
34209
34207
34210
34211
34209
34210
34211
34233
34211
34234
34235
34214
34216
34214
34217
34218
34216
34217
34218
34240
34218
34241
34242
34221
34223
34221
34224
34225
34223
34224
34225
34247
34225
34248
34249
34228
34230
34228
34231
34232
34230
34231
34232
34254
34232
34255
34256
34235
34237
34235
34238
34239
34237
34238
34239
34261
34239
34262
34263
34242
34244
34242
34245
34246
34244
34245
34246
34268
34246
34269
34270
34249
34251
34249
34252
34253
34251
34252
34253
34275
34253
34276
34277
34256
34258
34256
34259
34260
34258
34259
34260
34260
34263
34265
34263
34266
34267
34265
34266
34267
34282
34267
34283
34284
34270
34272
34270
34273
34274
34272
34273
34274
34285
34274
34286
34287
34277
34279
34277
34280
34281
34279
34280
34281
34281
34284
34284
34287
34289
34287
34290
34291
34289
34290
34291
34291
)


// ************************************************************************* //
