/*--------------------------------*- C++ -*----------------------------------*\
| =========                 |                                                 |
| \\      /  F ield         | OpenFOAM: The Open Source CFD Toolbox           |
|  \\    /   O peration     | Version:  2512                                  |
|   \\  /    A nd           | Website:  www.openfoam.com                      |
|    \\/     M anipulation  |                                                 |
\*---------------------------------------------------------------------------*/
FoamFile
{
    version     2.0;
    format      ascii;
    arch        "LSB;label=32;scalar=64";
    class       labelList;
    location    "constant/polyMesh";
    object      faceProcAddressing;
}
// * * * * * * * * * * * * * * * * * * * * * * * * * * * * * * * * * * * * * //


110491
(
952
953
954
955
1104
1105
1106
1107
1108
1109
1110
1111
1112
1113
1114
1115
1116
1117
1118
1119
1120
1121
1122
1123
1124
1125
1126
1127
1128
1129
1130
1131
1132
1133
1134
1135
1136
1137
1138
1269
1270
1271
1272
1273
1274
1275
1276
1277
1278
1279
1280
1281
1282
1283
1284
1285
1286
1287
1288
1289
1290
1291
1292
1293
1294
1295
1296
1297
1298
1299
1300
1301
1302
1303
1304
1305
1306
1307
1308
1309
1310
1311
1312
1313
1314
1315
1316
1317
1318
1319
1440
1441
1442
1443
1444
1445
1446
1447
1448
1449
1450
1451
1452
1453
1454
1455
1456
1457
1458
1459
1460
1461
1462
1463
1464
1465
1466
1467
1468
1469
1470
1471
1472
1473
1474
1475
1476
1477
1478
1479
1480
1481
1482
1483
1484
1485
1486
1487
1488
1489
1490
1491
1492
1493
1494
1495
1496
1497
1618
1619
1620
1621
1622
1623
1624
1625
1626
1627
1628
1629
1630
1631
1632
1633
1634
1635
1636
1637
1638
1639
1640
1641
1642
1643
1644
1645
1646
1647
1648
1649
1650
1651
1652
1653
1654
1655
1656
1657
1658
1659
1660
1661
1662
1663
1664
1665
1666
1667
1668
1669
1670
1671
1672
1673
1674
1675
1676
1677
1678
1679
1680
1681
1682
1794
1795
1796
1797
1798
1799
1800
1801
1802
1803
1804
1805
1806
1807
1808
1809
1810
1811
1812
1813
1814
1815
1816
1817
1818
1819
1820
1821
1822
1823
1824
1825
1826
1827
1828
1829
1830
1831
1832
1833
1834
1835
1836
1837
1838
1839
1840
1841
1842
1843
1844
1845
1846
1847
1848
1849
1850
1851
1852
1853
1854
1855
1856
1857
1858
1859
1860
1861
1862
1863
1864
1865
1970
1971
1972
1973
1974
1975
1976
1977
1978
1979
1980
1981
1982
1983
1984
1985
1986
1987
1988
1989
1990
1991
1992
1993
1994
1995
1996
1997
1998
1999
2000
2001
2002
2003
2004
2005
2006
2007
2008
2009
2010
2011
2012
2013
2014
2015
2016
2017
2018
2019
2020
2021
2022
2023
2024
2025
2026
2027
2028
2029
2030
2031
2032
2033
2034
2035
2036
2037
2038
2039
2040
2041
2042
2043
2044
2159
2160
2161
2162
2163
2164
2165
2166
2167
2168
2169
2170
2171
2172
2173
2174
2175
2176
2177
2178
2179
2180
2181
2182
2183
2184
2185
2186
2187
2188
2189
2190
2191
2192
2193
2194
2195
2196
2197
2198
2199
2200
2201
2202
2203
2204
2205
2206
2207
2208
2209
2210
2211
2212
2213
2214
2215
2216
2217
2218
2219
2220
2221
2222
2223
2376
2378
2379
2380
2381
2382
2383
2384
2385
2386
2387
2388
2389
2390
2391
2392
2393
2394
2395
2396
2397
2398
2399
2400
2401
2402
2403
2404
2405
5386
5387
5388
5389
5390
5548
5549
5550
5551
5552
5553
5554
5555
5556
5557
5558
5559
5560
5561
5562
5563
5564
5565
5566
5567
5568
5569
5570
5571
5572
5573
5574
5575
5576
5577
5578
5579
5580
5581
5582
5583
5584
5585
5586
5587
5588
5589
5590
5591
5592
5593
5594
5595
5596
5597
5598
5599
5600
5601
5738
5739
5740
5741
5742
5743
5744
5745
5746
5747
5748
5749
5750
5751
5752
5753
5754
5755
5756
5757
5758
5759
5760
5761
5762
5763
5764
5765
5766
5767
5768
5769
5770
5771
5772
5773
5774
5775
5776
5777
5778
5779
5780
5781
5782
5783
5784
5785
5786
5787
5788
5789
5790
5791
5792
5793
5794
5795
5796
5797
5798
5799
5800
5801
5802
5803
5804
5805
5806
5807
5808
5933
5934
5935
5936
5937
5938
5939
5940
5941
5942
5943
5944
5945
5946
5947
5948
5949
5950
5951
5952
5953
5954
5955
5956
5957
5958
5959
5960
5961
5962
5963
5964
5965
5966
5967
5968
5969
5970
5971
5972
5973
5974
5975
5976
5977
5978
5979
5980
5981
5982
5983
5984
5985
5986
5987
5988
5989
5990
5991
5992
5993
5994
5995
5996
5997
5998
5999
6000
6001
6002
6003
6004
6005
6006
6007
6008
6134
6135
6136
6137
6138
6139
6140
6141
6142
6143
6144
6145
6146
6147
6148
6149
6150
6151
6152
6153
6154
6155
6156
6157
6158
6159
6160
6161
6162
6163
6164
6165
6166
6167
6168
6169
6170
6171
6172
6173
6174
6175
6176
6177
6178
6179
6180
6181
6182
6183
6184
6185
6186
6187
6188
6189
6190
6191
6192
6193
6194
6195
6196
6197
6198
6199
6200
6201
6202
6203
6204
6205
6206
6207
6208
6209
6210
6211
6212
6213
6214
6215
6216
6217
6333
6334
6335
6336
6337
6338
6339
6340
6341
6342
6343
6344
6345
6346
6347
6348
6349
6350
6351
6352
6353
6354
6355
6356
6357
6358
6359
6360
6361
6362
6363
6364
6365
6366
6367
6368
6369
6370
6371
6372
6373
6374
6375
6376
6377
6378
6379
6380
6381
6382
6383
6384
6385
6386
6387
6388
6389
6390
6391
6392
6393
6394
6395
6396
6397
6398
6399
6400
6401
6402
6403
6404
6405
6406
6407
6408
6409
6410
6411
6412
6413
6414
6415
6416
6417
6418
6419
6420
6421
6422
6530
6531
6532
6533
6534
6535
6536
6537
6538
6539
6540
6541
6542
6543
6544
6545
6546
6547
6548
6549
6550
6551
6552
6553
6554
6555
6556
6557
6558
6559
6560
6561
6562
6563
6564
6565
6566
6567
6568
6569
6570
6571
6572
6573
6574
6575
6576
6577
6578
6579
6580
6581
6582
6583
6584
6585
6586
6587
6588
6589
6590
6591
6592
6593
6594
6595
6596
6597
6598
6599
6600
6601
6602
6603
6604
6605
6606
6607
6608
6609
6610
6611
6612
6613
6614
6615
6616
6617
6618
6619
6620
6621
6622
6623
6624
6625
6626
6627
6628
6629
6630
6631
6632
6633
6634
6635
6636
6637
6763
6764
6765
6766
6767
6768
6769
6770
6771
6772
6773
6774
6775
6776
6777
6778
6779
6780
6781
6782
6783
6784
6785
6786
6787
6788
6789
6790
6791
6792
6793
6794
6795
6796
6797
6798
6799
6800
6801
6802
6803
6804
6805
6806
6807
6808
6809
6810
6811
6812
6813
6814
6815
6816
6817
6819
6820
6821
6822
6823
6824
6825
6826
6827
6828
6829
6830
6831
6832
6833
6834
6835
6836
6837
6838
6839
6840
6841
6842
6843
6844
6845
6846
6847
6848
6849
6850
6851
6852
6853
6854
6855
6856
6857
6858
7035
7036
7038
7040
7041
7042
7043
7044
7046
7047
7048
7049
7050
7052
7053
7054
7055
7056
7058
7059
7060
7061
7063
7064
7065
7066
7067
7068
7069
7070
10214
10215
10216
10217
10218
10376
10377
10378
10379
10380
10381
10382
10383
10384
10385
10386
10387
10388
10389
10390
10391
10392
10393
10394
10395
10396
10397
10398
10399
10400
10401
10402
10403
10404
10405
10406
10407
10408
10409
10410
10411
10412
10413
10414
10415
10416
10417
10418
10419
10420
10421
10422
10423
10424
10425
10426
10427
10428
10429
10566
10567
10568
10569
10570
10571
10572
10573
10574
10575
10576
10577
10578
10579
10580
10581
10582
10583
10584
10585
10586
10587
10588
10589
10590
10591
10592
10593
10594
10595
10596
10597
10598
10599
10600
10601
10602
10603
10604
10605
10606
10607
10608
10609
10610
10611
10612
10613
10614
10615
10616
10617
10618
10619
10620
10621
10622
10623
10624
10625
10626
10627
10628
10629
10630
10631
10632
10633
10634
10635
10636
10637
10638
10639
10640
10641
10642
10643
10644
10645
10646
10647
10648
10649
10650
10651
10652
10653
10654
10655
10656
10657
10658
10659
10660
10661
10662
10663
10664
10665
10666
10667
10792
10793
10794
10795
10796
10797
10798
10799
10800
10801
10802
10803
10804
10805
10806
10807
10808
10809
10810
10811
10812
10813
10814
10815
10816
10817
10818
10819
10820
10821
10822
10823
10824
10825
10826
10827
10828
10829
10830
10831
10832
10833
10834
10835
10836
10837
10838
10839
10840
10841
10842
10843
10844
10845
10846
10847
10848
10849
10850
10851
10852
10853
10854
10855
10856
10857
10858
10859
10860
10861
10862
10863
10864
10865
10866
10867
10868
10869
10870
10871
10872
10873
10874
10875
10876
10877
10878
10879
10880
10881
10882
10883
10884
10885
10886
10887
10888
10889
10890
10891
10892
10893
11019
11020
11021
11022
11023
11024
11025
11026
11027
11028
11029
11030
11031
11032
11033
11034
11035
11036
11037
11038
11039
11040
11041
11042
11043
11044
11045
11046
11047
11048
11049
11050
11051
11052
11053
11054
11055
11056
11057
11058
11059
11060
11061
11062
11063
11064
11065
11066
11067
11068
11069
11070
11071
11072
11073
11074
11075
11076
11077
11078
11079
11080
11081
11082
11083
11084
11085
11086
11087
11088
11089
11090
11091
11092
11093
11094
11095
11096
11097
11098
11099
11100
11101
11102
11103
11104
11105
11106
11107
11108
11109
11110
11111
11112
11113
11114
11115
11116
11117
11118
11119
11120
11121
11122
11123
11124
11125
11126
11127
11128
11129
11130
11131
11132
11133
11134
11135
11136
11137
11138
11139
11140
11141
11142
11143
11144
11260
11261
11262
11263
11264
11265
11266
11267
11268
11269
11270
11271
11272
11273
11274
11275
11276
11277
11278
11279
11280
11281
11282
11283
11284
11285
11286
11287
11288
11289
11290
11291
11292
11293
11294
11295
11296
11297
11298
11299
11300
11301
11302
11303
11304
11305
11306
11307
11308
11309
11310
11311
11312
11313
11314
11315
11316
11317
11318
11319
11320
11321
11322
11323
11324
11325
11326
11327
11328
11329
11330
11331
11332
11333
11334
11335
11336
11337
11338
11339
11340
11341
11342
11343
11344
11345
11346
11347
11348
11349
11350
11351
11352
11353
11354
11355
11356
11464
11465
11466
11467
11468
11469
11470
11471
11472
11473
11474
11475
11476
11477
11478
11479
11480
11481
11482
11483
11484
11485
11486
11487
11488
11489
11490
11491
11492
11493
11494
11495
11496
11497
11498
11499
11500
11501
11502
11503
11504
11505
11506
11507
11508
11509
11510
11511
11512
11513
11514
11515
11516
11517
11518
11519
11520
11521
11522
11523
11524
11525
11526
11527
11528
11529
11530
11531
11532
11533
11534
11535
11536
11537
11538
11539
11540
11541
11542
11543
11544
11545
11546
11547
11548
11549
11550
11551
11552
11553
11554
11555
11556
11557
11558
11559
11560
11561
11562
11563
11564
11565
11566
11567
11568
11569
11570
11571
11572
11573
11574
11575
11576
11577
11578
11579
11580
11581
11582
11583
11584
11710
11711
11712
11713
11714
11715
11716
11717
11718
11719
11720
11721
11722
11723
11724
11725
11726
11727
11728
11729
11730
11731
11732
11733
11734
11735
11736
11737
11738
11739
11740
11741
11742
11743
11744
11745
11746
11747
11748
11749
11750
11751
11752
11753
11754
11755
11756
11757
11758
11759
11760
11761
11762
11763
11765
11766
11767
11768
11769
11770
11772
11773
11774
11775
11776
11777
11778
11779
11780
11781
11783
11784
11785
11786
11787
11788
11790
11791
11792
11793
11794
11795
11797
11798
11799
11800
11801
11802
11803
11804
11805
11806
11807
11808
11809
11810
11811
11812
11813
11814
11815
12030
12031
12032
12034
12035
12036
12037
12038
12039
12040
15283
15284
15285
15286
15287
15445
15446
15447
15448
15449
15450
15451
15452
15453
15454
15455
15456
15457
15458
15459
15460
15461
15462
15463
15464
15465
15466
15467
15468
15469
15470
15471
15472
15473
15474
15475
15476
15477
15478
15479
15480
15481
15482
15483
15484
15485
15486
15487
15488
15489
15490
15491
15492
15493
15494
15495
15496
15497
15498
15635
15636
15637
15638
15639
15640
15641
15642
15643
15644
15645
15646
15647
15648
15649
15650
15651
15652
15653
15654
15655
15656
15657
15658
15659
15660
15661
15662
15663
15664
15665
15666
15667
15668
15669
15670
15671
15672
15673
15674
15675
15676
15677
15678
15679
15680
15681
15682
15683
15684
15685
15686
15687
15688
15689
15690
15691
15692
15693
15694
15695
15696
15697
15698
15699
15700
15701
15702
15703
15704
15705
15706
15707
15708
15709
15710
15711
15712
15713
15714
15715
15716
15841
15842
15843
15844
15845
15846
15847
15848
15849
15850
15851
15852
15853
15854
15855
15856
15857
15858
15859
15860
15861
15862
15863
15864
15865
15866
15867
15868
15869
15870
15871
15872
15873
15874
15875
15876
15877
15878
15879
15880
15881
15882
15883
15884
15885
15886
15887
15888
15889
15890
15891
15892
15893
15894
15895
15896
15897
15898
15899
15900
15901
15902
15903
15904
15905
15906
15907
15908
15909
15910
16036
16037
16038
16039
16040
16041
16042
16043
16044
16045
16046
16047
16048
16049
16050
16051
16052
16053
16054
16055
16056
16057
16058
16059
16060
16061
16062
16063
16064
16065
16066
16067
16068
16069
16070
16071
16072
16073
16074
16075
16076
16077
16078
16079
16080
16081
16082
16083
16084
16085
16086
16087
16088
16089
16090
16091
16092
16093
16094
16095
16096
16097
16098
16099
16100
16101
16102
16103
16104
16105
16106
16107
16108
16109
16110
16111
16112
16113
16114
16115
16116
16117
16118
16119
16120
16121
16237
16238
16239
16240
16241
16242
16243
16244
16245
16246
16247
16248
16249
16250
16251
16252
16253
16254
16255
16256
16257
16258
16259
16260
16261
16262
16263
16264
16265
16266
16267
16268
16269
16270
16271
16272
16273
16274
16275
16276
16277
16278
16279
16280
16281
16282
16283
16284
16285
16286
16287
16288
16289
16290
16291
16292
16293
16294
16295
16296
16297
16298
16299
16300
16301
16302
16303
16304
16305
16306
16307
16308
16309
16310
16311
16312
16313
16314
16315
16316
16317
16425
16426
16427
16428
16429
16430
16431
16432
16433
16434
16435
16436
16437
16438
16439
16440
16441
16442
16443
16444
16445
16446
16447
16448
16449
16450
16451
16452
16453
16454
16455
16456
16457
16458
16459
16460
16461
16462
16463
16464
16465
16466
16467
16468
16469
16470
16471
16472
16473
16474
16475
16476
16477
16478
16479
16480
16481
16482
16483
16484
16485
16486
16487
16488
16489
16490
16491
16492
16493
16494
16495
16496
16497
16498
16499
16500
16501
16502
16503
16504
16505
16506
16507
16508
16509
16510
16511
16512
16513
16514
16515
16516
16517
16518
16519
16520
16521
16522
16523
16524
16525
16526
16527
16528
16529
16655
16656
16657
16658
16659
16660
16661
16662
16663
16664
16665
16666
16667
16668
16669
16670
16671
16672
16673
16674
16675
16676
16677
16678
16679
16680
16681
16682
16683
16684
16685
16686
16687
16688
16689
16690
16691
16692
16693
16694
16695
16696
16697
16698
16699
16700
16701
16702
16703
16704
16705
16706
16707
16708
16710
16711
16712
16713
16714
16715
16717
16718
16719
16720
16721
16722
16724
16725
16727
16728
16730
16731
16732
16733
16734
16735
16736
16737
16738
16739
16740
16741
16742
16743
16744
16943
16944
16945
16947
16948
16949
16950
16951
16952
16953
20084
20085
20086
20087
20088
20246
20247
20248
20249
20250
20251
20252
20253
20254
20255
20256
20257
20258
20259
20260
20261
20262
20263
20264
20265
20266
20267
20268
20269
20270
20271
20272
20273
20274
20275
20276
20277
20278
20279
20280
20281
20282
20283
20284
20285
20286
20287
20288
20289
20290
20291
20292
20293
20294
20295
20296
20297
20298
20299
20436
20437
20438
20439
20440
20441
20442
20443
20444
20445
20446
20447
20448
20449
20450
20451
20452
20453
20454
20455
20456
20457
20458
20459
20460
20461
20462
20463
20464
20465
20466
20467
20468
20469
20470
20471
20472
20473
20474
20475
20476
20477
20478
20479
20480
20481
20482
20483
20484
20485
20486
20487
20488
20489
20490
20491
20492
20493
20494
20495
20496
20497
20498
20499
20500
20501
20502
20503
20504
20505
20506
20507
20508
20509
20510
20511
20512
20513
20514
20515
20516
20517
20642
20643
20644
20645
20646
20647
20648
20649
20650
20651
20652
20653
20654
20655
20656
20657
20658
20659
20660
20661
20662
20663
20664
20665
20666
20667
20668
20669
20670
20671
20672
20673
20674
20675
20676
20677
20678
20679
20680
20681
20682
20683
20684
20685
20686
20687
20688
20689
20690
20691
20692
20693
20694
20695
20696
20697
20698
20699
20700
20701
20702
20703
20704
20705
20706
20707
20708
20709
20710
20711
20837
20838
20839
20840
20841
20842
20843
20844
20845
20846
20847
20848
20849
20850
20851
20852
20853
20854
20855
20856
20857
20858
20859
20860
20861
20862
20863
20864
20865
20866
20867
20868
20869
20870
20871
20872
20873
20874
20875
20876
20877
20878
20879
20880
20881
20882
20883
20884
20885
20886
20887
20888
20889
20890
20891
20892
20893
20894
20895
20896
20897
20898
20899
20900
20901
20902
20903
20904
20905
20906
20907
20908
20909
20910
20911
20912
20913
20914
20915
20916
20917
20918
20919
20920
20921
20922
21038
21039
21040
21041
21042
21043
21044
21045
21046
21047
21048
21049
21050
21051
21052
21053
21054
21055
21056
21057
21058
21059
21060
21061
21062
21063
21064
21065
21066
21067
21068
21069
21070
21071
21072
21073
21074
21075
21076
21077
21078
21079
21080
21081
21082
21083
21084
21085
21086
21087
21088
21089
21090
21091
21092
21093
21094
21095
21096
21097
21098
21099
21100
21101
21102
21103
21104
21105
21106
21107
21108
21109
21110
21111
21112
21113
21114
21115
21116
21117
21118
21226
21227
21228
21229
21230
21231
21232
21233
21235
21236
21237
21238
21239
21240
21241
21242
21243
21244
21245
21246
21247
21248
21249
21250
21251
21252
21253
21254
21255
21256
21257
21258
21259
21260
21261
21262
21263
21264
21265
21266
21267
21268
21269
21270
21271
21272
21273
21274
21275
21276
21277
21278
21279
21280
21281
21282
21283
21284
21285
21286
21287
21288
21289
21290
21291
21292
21293
21294
21295
21296
21297
21298
21299
21300
21301
21302
21303
21304
21305
21306
21307
21308
21309
21310
21311
21312
21313
21314
21315
21316
21317
21318
21319
21320
21321
21322
21323
21324
21325
21326
21327
21328
21329
21330
21456
21457
21458
21459
21460
21461
21462
21463
21464
21465
21466
21467
21468
21469
21470
21471
21472
21473
21474
21475
21476
21477
21478
21479
21480
21481
21482
21483
21484
21485
21486
21487
21488
21489
21490
21491
21492
21493
21494
21495
21496
21497
21498
21499
21500
21501
21502
21503
21504
21505
21506
21507
21508
21509
21511
21512
21513
21514
21515
21516
21518
21519
21520
21521
21522
21523
21525
21526
21528
21529
21531
21532
21533
21534
21535
21536
21537
21538
21539
21540
21541
21542
21543
21544
21545
21744
21745
21746
21749
21750
21751
21752
21753
21754
24885
24886
24887
24888
24889
25047
25048
25049
25050
25051
25052
25053
25054
25055
25056
25057
25058
25059
25060
25061
25062
25063
25064
25065
25066
25067
25068
25069
25070
25071
25072
25073
25074
25075
25076
25077
25078
25079
25080
25081
25082
25083
25084
25085
25086
25087
25088
25089
25090
25091
25092
25093
25094
25095
25096
25097
25098
25099
25100
25237
25238
25239
25240
25241
25242
25243
25244
25245
25246
25247
25248
25249
25250
25251
25252
25253
25254
25255
25256
25257
25258
25259
25260
25261
25262
25263
25264
25265
25266
25267
25268
25269
25270
25271
25272
25273
25274
25275
25276
25277
25278
25279
25280
25281
25282
25283
25284
25285
25286
25287
25288
25289
25290
25291
25292
25293
25294
25295
25296
25297
25298
25299
25300
25301
25302
25303
25304
25305
25306
25307
25308
25309
25310
25311
25312
25313
25314
25315
25316
25317
25318
25443
25444
25445
25446
25447
25448
25449
25450
25451
25452
25453
25454
25455
25456
25457
25458
25459
25460
25461
25462
25463
25464
25465
25466
25467
25468
25469
25470
25471
25472
25473
25474
25475
25476
25477
25478
25479
25480
25481
25482
25483
25484
25485
25486
25487
25488
25489
25490
25491
25492
25493
25494
25495
25496
25497
25498
25499
25500
25501
25502
25503
25504
25505
25506
25507
25508
25509
25510
25511
25512
25638
25639
25640
25641
25642
25643
25644
25645
25646
25647
25648
25649
25650
25651
25652
25653
25654
25655
25656
25657
25658
25659
25660
25661
25662
25663
25664
25665
25666
25667
25668
25669
25670
25671
25672
25673
25674
25675
25676
25677
25678
25679
25680
25681
25682
25683
25684
25685
25686
25687
25688
25689
25690
25691
25692
25693
25694
25695
25696
25697
25698
25699
25700
25701
25702
25703
25704
25705
25706
25707
25708
25709
25710
25711
25712
25713
25714
25715
25716
25717
25718
25719
25720
25721
25722
25723
25839
25840
25841
25842
25843
25844
25845
25846
25847
25848
25849
25850
25851
25852
25853
25854
25855
25856
25857
25858
25859
25860
25861
25862
25863
25864
25865
25866
25867
25868
25869
25870
25871
25872
25873
25874
25875
25876
25877
25878
25879
25880
25881
25882
25883
25884
25885
25886
25887
25888
25889
25890
25891
25892
25893
25894
25895
25896
25897
25898
25899
25900
25901
25902
25903
25904
25905
25906
25907
25908
25909
25910
25911
25912
25913
25914
25915
25916
25917
25918
25919
26027
26028
26029
26030
26031
26032
26033
26034
26036
26037
26038
26039
26040
26041
26042
26043
26044
26045
26046
26047
26048
26049
26050
26051
26052
26053
26054
26055
26056
26057
26058
26059
26060
26061
26062
26063
26064
26065
26066
26067
26068
26069
26070
26071
26072
26073
26074
26075
26076
26077
26078
26079
26080
26081
26082
26083
26084
26085
26086
26087
26088
26089
26090
26091
26092
26093
26094
26095
26096
26097
26098
26099
26100
26101
26102
26103
26104
26105
26106
26107
26108
26109
26110
26111
26112
26113
26114
26115
26116
26117
26118
26119
26120
26121
26122
26123
26124
26125
26126
26127
26128
26129
26130
26131
26257
26258
26259
26260
26262
26263
26264
26265
26266
26267
26268
26269
26271
26272
26273
26274
26275
26276
26277
26278
26280
26281
26282
26283
26284
26285
26286
26287
26288
26289
26290
26291
26292
26293
26294
26295
26296
26297
26298
26299
26300
26301
26302
26303
26304
26305
26306
26307
26308
26309
26310
26312
26313
26314
26315
26316
26317
26319
26320
26321
26322
26323
26324
26326
26327
26329
26330
26332
26333
26334
26335
26336
26337
26338
26339
26340
26341
26342
26343
26344
26345
26346
29686
29687
29688
29689
29690
29848
29849
29850
29851
29852
29853
29854
29855
29856
29857
29858
29859
29860
29861
29862
29863
29864
29865
29866
29867
29868
29869
29870
29871
29872
29873
29874
29875
29876
29877
29878
29879
29880
29881
29882
29883
29884
29885
29886
29887
29888
29889
29890
29891
29892
29893
29894
29895
29896
29897
29898
29899
29900
29901
30038
30039
30040
30041
30042
30043
30044
30045
30046
30047
30048
30049
30050
30051
30052
30053
30054
30055
30056
30057
30058
30059
30060
30061
30062
30063
30064
30065
30066
30067
30068
30069
30070
30071
30072
30073
30074
30075
30076
30077
30078
30079
30080
30081
30082
30083
30084
30085
30086
30087
30088
30089
30090
30091
30092
30093
30094
30095
30096
30097
30098
30099
30100
30101
30102
30103
30104
30105
30106
30107
30108
30109
30110
30111
30112
30113
30114
30115
30116
30117
30118
30119
30244
30245
30246
30247
30248
30249
30250
30251
30252
30253
30254
30255
30256
30257
30258
30259
30260
30261
30262
30263
30264
30265
30266
30267
30268
30269
30270
30271
30272
30273
30274
30275
30276
30277
30278
30279
30280
30281
30282
30283
30284
30285
30286
30287
30288
30289
30290
30291
30292
30293
30294
30295
30296
30297
30298
30299
30300
30301
30302
30303
30304
30305
30306
30307
30308
30309
30310
30311
30312
30313
30439
30440
30441
30442
30443
30444
30445
30446
30447
30448
30449
30450
30451
30452
30453
30454
30455
30456
30457
30458
30459
30460
30461
30462
30463
30464
30465
30466
30467
30468
30469
30470
30471
30472
30473
30474
30475
30476
30477
30478
30479
30480
30481
30482
30483
30484
30485
30486
30487
30488
30489
30490
30491
30492
30493
30494
30495
30496
30497
30498
30499
30500
30501
30502
30503
30504
30505
30506
30622
30623
30624
30625
30626
30627
30628
30629
30630
30631
30632
30633
30634
30635
30636
30637
30638
30639
30640
30641
30642
30643
30644
30645
30646
30647
30648
30649
30650
30651
30652
30653
30654
30655
30656
30657
30658
30659
30660
30661
30662
30663
30664
30665
30666
30667
30668
30669
30670
30671
30672
30673
30674
30675
30676
30677
30678
30679
30680
30681
30682
30683
30684
30685
30686
30687
30688
30689
30690
30691
30692
30693
30694
30695
30696
30697
30698
30699
30700
30701
30702
30703
30704
30705
30706
30707
30708
30709
30710
30711
30712
30713
30714
30715
30716
30717
30718
30719
30720
30721
30722
30723
30724
30725
30726
30727
30728
30729
30837
30838
30839
30840
30841
30842
30843
30844
30845
30846
30848
30849
30850
30851
30852
30853
30854
30855
30856
30857
30858
30859
30860
30861
30862
30863
30864
30865
30866
30867
30868
30869
30870
30871
30872
30873
30874
30875
30876
30877
30878
30879
30880
30881
30882
30883
30884
30885
30886
30887
30888
30889
30890
30891
30892
30893
30894
30895
30896
30897
30898
30899
30900
30901
30902
30903
30904
30905
30906
30907
30908
30909
30910
30911
30912
30913
30914
30915
30916
30917
30918
30919
31093
31095
31097
31098
31099
31100
31101
31102
31104
31105
31106
31108
31109
31110
31111
31112
31113
31115
31116
31118
31119
31121
31122
31124
31125
31126
31127
31128
31129
31130
31131
31132
31133
31134
31135
31136
31137
31138
34475
34476
34477
34478
34479
34637
34638
34639
34640
34641
34642
34643
34644
34645
34646
34647
34648
34649
34650
34651
34652
34653
34654
34655
34656
34657
34658
34659
34660
34661
34662
34663
34664
34665
34666
34667
34668
34669
34670
34671
34672
34673
34674
34675
34676
34677
34678
34679
34680
34681
34682
34683
34684
34685
34686
34687
34688
34689
34690
34827
34828
34829
34830
34831
34832
34833
34834
34835
34836
34837
34838
34839
34840
34841
34842
34843
34844
34845
34846
34847
34848
34849
34850
34851
34852
34853
34854
34855
34856
34857
34858
34859
34860
34861
34862
34863
34864
34865
34866
34867
34868
34869
34870
34871
34872
34873
34874
34875
34876
34877
34878
34879
34880
34881
34882
34883
34884
34885
34886
34887
34888
34889
34890
34891
34892
34893
34894
34895
34896
34897
34898
34899
34900
34901
34902
34903
34904
34905
34906
34907
34908
35033
35034
35035
35036
35037
35038
35039
35040
35041
35042
35043
35044
35045
35046
35047
35048
35049
35050
35051
35052
35053
35054
35055
35056
35057
35058
35059
35060
35061
35062
35063
35064
35065
35066
35067
35068
35069
35070
35071
35072
35073
35074
35075
35076
35077
35078
35079
35080
35081
35082
35083
35084
35085
35086
35087
35088
35089
35090
35091
35092
35093
35094
35095
35096
35097
35098
35099
35100
35101
35102
35228
35229
35230
35231
35232
35233
35234
35235
35236
35237
35238
35239
35240
35241
35242
35243
35244
35245
35246
35247
35248
35249
35250
35251
35252
35253
35254
35255
35256
35257
35258
35259
35260
35261
35262
35263
35264
35265
35266
35267
35268
35269
35270
35271
35272
35273
35274
35275
35276
35277
35278
35279
35280
35281
35282
35283
35284
35285
35286
35287
35288
35289
35290
35291
35292
35293
35294
35295
35411
35412
35413
35414
35415
35416
35417
35418
35419
35420
35421
35422
35423
35424
35425
35426
35427
35428
35429
35430
35431
35432
35433
35434
35435
35436
35437
35438
35439
35440
35441
35442
35443
35444
35445
35446
35447
35448
35449
35450
35451
35452
35453
35454
35455
35456
35457
35458
35459
35460
35461
35462
35463
35464
35465
35466
35467
35468
35469
35470
35471
35472
35473
35474
35475
35476
35584
35585
35586
35587
35588
35589
35590
35591
35592
35593
35595
35596
35598
35599
35600
35601
35602
35603
35604
35605
35606
35607
35609
35610
35611
35612
35613
35614
35616
35617
35618
35619
35620
35621
35623
35624
35625
35626
35627
35628
35630
35631
35632
35633
35634
35635
35636
35637
35638
35639
35640
35641
35642
35643
35644
35645
35646
35647
35648
35649
35650
35651
35652
35653
35654
35655
35656
35657
35658
35659
35660
35661
35662
35663
35664
35665
35666
35667
35668
35669
35670
35671
35672
35673
35674
35847
35849
35850
35851
35852
35853
35854
35856
35857
35859
35860
35862
35863
35865
35866
35869
35870
35871
35872
35873
35874
35875
35876
35877
35878
35879
35880
35881
35882
39160
39161
39162
39163
39164
39322
39323
39324
39325
39326
39327
39328
39329
39330
39331
39332
39333
39334
39335
39336
39337
39338
39339
39340
39341
39342
39343
39344
39345
39346
39347
39348
39349
39350
39351
39352
39353
39354
39355
39356
39357
39358
39359
39360
39361
39362
39363
39364
39365
39366
39367
39368
39369
39370
39371
39372
39373
39374
39375
39512
39513
39514
39515
39516
39517
39518
39519
39520
39521
39522
39523
39524
39525
39526
39527
39528
39529
39530
39531
39532
39533
39534
39535
39536
39537
39538
39539
39540
39541
39542
39543
39544
39545
39546
39547
39548
39549
39550
39551
39552
39553
39554
39555
39556
39557
39558
39559
39560
39561
39562
39563
39564
39565
39566
39567
39568
39569
39570
39571
39572
39573
39574
39575
39576
39577
39578
39579
39580
39581
39582
39583
39584
39585
39586
39587
39588
39589
39590
39591
39592
39593
39718
39719
39720
39721
39722
39723
39724
39725
39726
39727
39728
39729
39730
39731
39732
39733
39734
39735
39736
39737
39738
39739
39740
39741
39742
39743
39744
39745
39746
39747
39748
39749
39750
39751
39752
39753
39754
39755
39756
39757
39758
39759
39760
39761
39762
39763
39764
39765
39766
39767
39768
39769
39770
39771
39772
39773
39774
39775
39776
39777
39778
39779
39780
39781
39782
39783
39784
39785
39786
39787
39913
39914
39915
39916
39917
39918
39919
39920
39921
39922
39923
39924
39925
39926
39927
39928
39929
39930
39931
39932
39933
39934
39935
39936
39937
39938
39939
39940
39941
39942
39943
39944
39945
39946
39947
39948
39949
39950
39951
39952
39953
39954
39955
39956
39957
39958
39959
39960
39961
39962
39963
39964
39965
39966
39967
39968
39969
39970
39971
39972
39973
39974
39975
39976
39977
39978
39979
39980
40096
40097
40098
40099
40100
40101
40102
40103
40104
40105
40106
40107
40108
40109
40110
40111
40112
40113
40114
40115
40116
40117
40118
40119
40120
40121
40122
40123
40124
40125
40126
40127
40128
40129
40130
40131
40132
40133
40134
40135
40136
40137
40138
40139
40140
40141
40142
40143
40144
40145
40146
40147
40148
40149
40150
40151
40152
40153
40154
40155
40156
40157
40158
40159
40160
40161
40269
40270
40271
40272
40273
40274
40275
40276
40277
40278
40279
40280
40281
40283
40284
40285
40286
40287
40288
40290
40291
40293
40294
40296
40297
40299
40300
40301
40302
40303
40304
40305
40306
40307
40308
40309
40310
40311
40312
40313
40314
40315
40317
40318
40319
40320
40321
40322
40323
40324
40325
40326
40327
40328
40329
40330
40331
40332
40333
40334
40335
40444
40445
40446
40448
40449
40450
40451
40452
40453
40454
40484
40486
40487
40489
40490
40492
40493
40495
40498
43769
43770
43771
43772
43773
43931
43932
43933
43934
43935
43936
43937
43938
43939
43940
43941
43942
43943
43944
43945
43946
43947
43948
43949
43950
43951
43952
43953
43954
43955
43956
43957
43958
43959
43960
43961
43962
43963
43964
43965
43966
43967
43968
43969
43970
43971
43972
43973
43974
43975
43976
43977
43978
43979
43980
43981
43982
43983
43984
44121
44122
44123
44124
44125
44126
44127
44128
44129
44130
44131
44132
44133
44134
44135
44136
44137
44138
44139
44140
44141
44142
44143
44144
44145
44146
44147
44148
44149
44150
44151
44152
44153
44154
44155
44156
44157
44158
44159
44160
44161
44162
44163
44164
44165
44166
44167
44168
44169
44170
44171
44172
44173
44174
44175
44176
44177
44178
44179
44180
44181
44182
44183
44184
44185
44186
44187
44188
44189
44190
44191
44192
44193
44194
44195
44196
44197
44198
44199
44200
44201
44202
44327
44328
44329
44330
44331
44332
44333
44334
44335
44336
44337
44338
44339
44340
44341
44342
44343
44344
44345
44346
44347
44348
44349
44350
44351
44352
44353
44354
44355
44356
44357
44358
44359
44360
44361
44362
44363
44364
44365
44366
44367
44368
44369
44370
44371
44372
44373
44374
44375
44376
44377
44378
44379
44380
44381
44382
44383
44384
44385
44386
44387
44388
44389
44390
44391
44392
44393
44394
44395
44396
44522
44523
44524
44525
44526
44527
44528
44529
44530
44531
44532
44533
44534
44535
44536
44537
44538
44539
44540
44541
44542
44543
44544
44545
44546
44547
44548
44549
44550
44551
44552
44553
44554
44555
44556
44557
44558
44559
44560
44561
44562
44563
44564
44565
44566
44567
44568
44569
44570
44571
44572
44573
44574
44575
44576
44577
44578
44579
44580
44581
44582
44583
44584
44585
44586
44587
44588
44589
44705
44706
44707
44708
44709
44710
44711
44712
44713
44714
44715
44716
44717
44718
44719
44720
44721
44722
44723
44724
44725
44726
44727
44728
44729
44730
44731
44732
44733
44734
44735
44736
44737
44738
44739
44740
44741
44742
44743
44744
44745
44746
44747
44748
44749
44750
44751
44752
44753
44754
44755
44756
44757
44758
44759
44760
44761
44762
44763
44764
44765
44766
44767
44768
44769
44770
44878
44879
44880
44881
44882
44883
44884
44885
44886
44887
44888
44889
44890
44892
44893
44894
44895
44896
44897
44899
44900
44902
44903
44905
44906
44908
44909
44910
44911
44912
44913
44914
44915
44916
44917
44918
44919
44920
44921
44922
44923
44924
44926
44927
44928
44929
44930
44931
44932
44933
44934
44935
44936
44937
44938
44939
44940
44941
44942
44943
44944
45052
45053
45054
45055
45057
45058
45059
45060
45061
45062
45063
45093
45096
45099
45102
48378
48379
48380
48381
48382
48540
48541
48542
48543
48544
48545
48546
48547
48548
48549
48550
48551
48552
48553
48554
48555
48556
48557
48558
48559
48560
48561
48562
48563
48564
48565
48566
48567
48568
48569
48570
48571
48572
48573
48574
48575
48576
48577
48578
48579
48580
48581
48582
48583
48584
48585
48586
48587
48588
48589
48590
48591
48592
48593
48730
48731
48732
48733
48734
48735
48736
48737
48738
48739
48740
48741
48742
48743
48744
48745
48746
48747
48748
48749
48750
48752
48753
48754
48755
48756
48757
48758
48759
48760
48761
48762
48763
48764
48765
48766
48767
48768
48769
48770
48771
48772
48773
48774
48775
48776
48777
48778
48779
48780
48781
48782
48783
48784
48785
48786
48787
48788
48789
48790
48791
48792
48793
48794
48795
48796
48797
48798
48799
48800
48801
48802
48803
48804
48805
48806
48807
48808
48809
48810
48811
48936
48937
48938
48939
48940
48941
48942
48943
48944
48945
48946
48947
48949
48950
48951
48952
48953
48954
48955
48956
48957
48958
48960
48961
48962
48963
48964
48965
48967
48968
48969
48970
48971
48972
48973
48974
48975
48976
48977
48978
48979
48980
48981
48982
48983
48984
48985
48986
48987
48988
48989
48990
48991
48992
48993
48994
48995
48996
48997
48998
48999
49000
49001
49002
49003
49004
49005
49131
49132
49133
49134
49135
49136
49137
49138
49139
49140
49141
49142
49143
49144
49146
49147
49148
49149
49150
49151
49152
49153
49154
49155
49157
49158
49160
49161
49163
49164
49165
49166
49167
49168
49169
49170
49171
49172
49173
49174
49175
49176
49177
49178
49179
49180
49181
49182
49183
49184
49185
49186
49187
49188
49189
49190
49191
49192
49193
49194
49195
49196
49197
49198
49314
49315
49316
49317
49318
49319
49320
49321
49322
49323
49324
49325
49326
49328
49329
49330
49331
49332
49333
49335
49336
49338
49339
49341
49342
49344
49345
49347
49348
49350
49351
49353
49354
49356
49357
49359
49360
49361
49362
49363
49364
49365
49366
49367
49368
49369
49371
49372
49373
49374
49375
49376
49377
49378
49379
49487
49488
49489
49490
49491
49492
49493
49494
49495
49496
49497
49498
49499
49502
49503
49504
49505
49506
49509
49512
49515
49518
49521
49524
49527
49530
49533
49536
49539
49540
49541
49542
49543
49544
49545
49546
49548
49549
49550
49551
49552
49553
49661
49662
49663
49664
49666
49667
49668
49669
49670
49671
49672
52987
52988
52989
52990
52991
53149
53150
53151
53152
53153
53154
53155
53156
53157
53158
53159
53161
53162
53163
53164
53165
53166
53167
53168
53170
53171
53172
53173
53174
53175
53176
53177
53178
53179
53180
53181
53182
53183
53184
53185
53186
53187
53188
53189
53190
53191
53192
53193
53194
53195
53196
53197
53198
53199
53200
53201
53202
53339
53340
53341
53342
53343
53344
53345
53347
53349
53350
53351
53369
53370
53372
53373
53374
53375
53376
53377
53379
53380
53381
53382
53383
53384
53386
53387
53388
53389
53390
53391
53393
53394
53395
53396
53397
53398
53399
53400
53401
53402
53403
53404
53405
53406
53407
53408
53409
53410
53411
53412
53413
53414
53415
53416
53417
53418
53419
53420
53545
53546
53547
53548
53549
53550
53551
53552
53553
53576
53577
53579
53580
53582
53583
53585
53586
53588
53589
53591
53592
53593
53594
53595
53596
53597
53598
53599
53600
53601
53602
53603
53604
53605
53606
53607
53608
53609
53610
53611
53612
53613
53614
53740
53741
53742
53743
53744
53746
53747
53748
53749
53750
53751
53772
53775
53778
53781
53784
53787
53790
53791
53792
53793
53794
53795
53796
53797
53798
53799
53800
53801
53802
53803
53804
53805
53806
53807
53923
53924
53925
53926
53927
54096
54097
54098
54099
54100
54101
54270
54271
54272
54273
54276
54277
54278
54279
54280
54281
57788
57789
57790
57791
57794
57795
57796
57797
57798
57799
57800
57801
57803
57804
57805
57806
57807
57808
57809
57810
57811
203303
203304
203305
203328
203329
203330
203331
203336
203337
203338
203339
203340
203341
203342
203353
203354
203355
203356
203357
203358
203359
203360
203361
203362
203366
203367
203368
203369
203370
203371
203372
203373
203382
203383
203384
203385
203386
203387
203388
203389
203390
203391
203392
203393
203394
203395
203396
203397
203398
203399
203400
203401
203402
203403
203406
203407
203408
203409
203410
203411
203412
203413
203414
203415
203416
203417
203418
203419
203420
203421
203422
203423
203424
203425
203426
203427
203428
203429
203430
203431
203432
203433
203434
203435
203436
203437
203438
203439
203440
203441
203442
203443
203444
203445
203446
203447
203448
203449
203450
203451
203452
203453
203454
203455
203456
203457
203458
203459
203460
203461
203462
203463
203464
203465
203466
203467
203468
203469
203470
203471
203472
203473
203477
203478
203479
203480
203481
203482
203483
203484
203493
203494
203495
203496
203497
203498
203499
203500
203501
203502
203503
203508
203509
203510
203511
203512
203513
203514
203515
203525
203526
203527
203528
203529
203530
203531
203532
203533
203534
203535
203546
203547
203567
203568
203569
203570
203582
203583
203584
203585
203586
203601
203602
203603
203604
203605
203606
203607
203608
203609
203610
203611
203612
203613
203614
203615
203616
203617
203619
203620
203621
203622
203623
203624
203625
203626
203627
203628
203629
203630
203631
203632
203633
203634
203635
203636
203637
203638
203639
203640
203641
203642
203643
203644
203645
203646
203647
203648
203649
203650
203651
203652
203653
203654
203655
203656
203657
203658
203659
203660
203661
203662
203663
203664
203665
203666
203667
203668
203669
203670
203671
203672
203673
203674
203675
203676
203677
203678
203679
203680
203681
203682
203683
203684
203685
203686
203687
203688
203689
203694
203695
203696
203697
203698
203699
203709
203710
203711
203712
203713
203714
203715
203716
203717
203767
203768
203769
203770
203771
203785
203786
203787
203788
203789
203790
203791
203792
203793
203794
203795
203796
203797
203798
203799
203800
203801
203802
203803
203804
203805
203806
203807
203808
203809
203810
203811
203812
203813
203814
203815
203816
203817
203818
203819
203820
203821
203822
203823
203824
203825
203826
203827
203828
203829
203830
203831
203832
203833
203834
203835
203836
203837
203838
203839
203843
203844
203845
203846
203847
203848
203849
203850
203851
203852
203858
203859
203860
203861
203862
203863
203864
203865
203866
203867
203919
203920
203921
203922
203923
203939
203940
203941
203942
203943
203944
203945
203946
203947
203948
203949
203950
203951
203952
203953
203954
203955
203956
203957
203958
203959
203960
203961
203962
203963
203964
203965
203966
203967
203968
203969
203970
203971
203972
203973
203974
203975
203976
203977
203978
203979
203980
203981
203982
203983
203984
203985
203986
203987
203988
203992
203993
203994
203995
204008
204009
204010
204011
204012
204013
204020
204021
204022
204023
204024
204025
204026
204027
204028
204029
204034
204035
204036
204037
204038
204039
204040
204041
204042
204043
204044
204045
204046
204047
204048
204051
204052
204053
204054
204055
204056
204057
204058
204059
204060
204061
204062
204067
204068
204069
204070
204071
204072
204073
204074
204075
204076
204077
204078
204079
204080
204081
204082
204083
204084
204085
204086
204141
204142
204143
204144
204166
204167
204168
204169
204170
204171
204172
204173
204174
204175
204176
204177
204178
204179
204180
204181
204182
204183
204184
204185
204186
204187
204188
204189
204190
204191
204192
204193
204194
204195
204196
204197
204198
204199
204200
204201
204202
204203
204204
204205
204206
204207
204208
204209
204210
204211
204212
204213
204214
204218
204219
204220
204226
204227
204228
204234
204235
204236
204237
204238
204245
204246
204260
204261
204262
204263
204279
204280
204281
204282
204288
204289
204290
204291
204297
204298
204299
204300
204301
204302
204342
204343
204344
204345
204360
204361
204362
204363
204365
204366
204367
204368
204387
204388
204389
204390
204396
204397
204398
204399
204405
204406
204407
204408
204409
204410
204460
204461
204462
204463
205518
205520
205521
205522
205523
205524
205542
205543
205544
205545
205547
205548
205549
205550
205566
205568
205569
205570
205571
205572
205590
205591
205592
205593
205595
205596
205597
205598
205614
205616
205617
205618
205619
205620
205638
205639
205640
205641
205643
205644
205645
205646
205662
205664
205665
205666
205667
205668
205686
205687
205688
205689
205691
205692
205693
205694
205710
205713
205714
205715
205716
205752
205753
205754
205756
205757
205758
205759
205797
205798
205799
205801
205802
205803
205804
205836
205837
205838
205840
205841
205842
205843
205844
205845
205846
205878
205879
205880
205881
205882
205914
205915
205916
205917
205918
208594
208595
208596
208597
208598
208602
208603
208604
208612
208613
208614
208615
208616
208617
208618
208619
208620
208621
208622
208623
208624
208625
208626
208627
208628
208632
208633
208634
208635
208636
208637
208638
208639
208640
208641
208642
208643
208644
208645
208646
208647
208648
208649
208650
208651
208652
208653
208654
208655
208656
208657
208658
208659
208660
208661
208662
208663
208664
208665
208666
208667
208671
208672
208673
208674
208681
208682
208683
208684
208685
208694
208695
208696
208704
208705
208706
208793
208794
208795
208796
208797
208798
208799
208800
208801
208802
208803
208804
208805
208809
208810
208811
208812
208813
208814
208815
208816
208817
208818
208819
208820
208821
208822
208823
208824
208825
208826
208827
208828
208829
208830
208831
208832
208833
208834
208835
208836
208837
208838
208839
208840
208841
208842
208843
208844
208845
208846
208847
208848
208849
208850
208851
208852
208853
208854
208855
208856
208857
208858
208859
208860
208861
208862
208863
208864
208865
208866
208867
208868
208869
208870
208871
208872
208873
208874
208875
208876
208877
208878
208879
208880
208881
208882
208883
208884
208885
208886
208887
208888
208889
208890
208891
208892
208893
208894
208895
208896
208897
208898
208899
208900
208901
208902
208903
208904
208905
208906
208907
208908
208917
208918
208919
208926
208927
208928
208977
208978
208979
208980
208981
208982
208983
208984
208985
208986
208987
208988
208989
208990
208991
208992
208993
208994
208995
208996
208997
208998
208999
209000
209001
209002
209003
209004
209005
209006
209007
209008
209009
209010
209011
209012
209013
209014
209015
209016
209017
209018
209019
209020
209021
209022
209023
209024
209025
209026
209027
209028
209029
209030
209031
209032
209033
209034
209035
209036
209037
209038
209039
209040
209041
209042
209043
209044
209045
209046
209047
209048
209049
209050
209051
209052
209053
209054
209058
209059
209060
209061
209062
209063
209064
209068
209069
209070
209071
209108
209109
209110
209111
209112
209113
209114
209115
209116
209117
209118
209119
209120
209121
209122
209123
209124
209125
209126
209127
209128
209129
209130
209131
209132
209133
209134
209135
209136
209137
209138
209139
209140
209141
209142
209143
209144
209145
209146
209147
209148
209149
209150
209151
209152
209153
209154
209155
209156
209157
209158
209159
209160
209161
209162
209163
209164
209165
209166
209167
209168
209169
209170
209171
209172
209173
209174
209175
209176
209177
209178
209179
209180
209181
209190
209191
209192
209199
209200
209201
209265
209266
209267
209268
209284
209285
209286
209287
209288
209289
209290
209291
209292
209293
209294
209295
209296
209297
209298
209299
209300
209301
209302
209303
209304
209305
209306
209307
209308
209309
209310
209311
209312
209313
209314
209315
209316
209317
209318
209319
209320
209321
209322
209323
209324
209325
209326
209327
209328
209329
209330
209331
209332
209333
209334
209335
209336
209337
209338
209339
209340
209341
209342
209343
209344
209345
209346
209347
209348
209349
209350
209360
209361
209362
209363
209364
209365
209369
209370
209371
209374
209375
209376
209380
209382
209383
209384
209385
209386
209387
209388
209389
209390
209391
209392
209393
209394
209395
209396
209397
209398
209404
209406
209407
209408
209409
209410
209411
209414
209415
209416
209417
209418
209419
209420
209421
209422
209423
209424
209425
209426
209427
209428
209429
209430
209431
209432
209433
209434
209435
209436
209437
209438
209439
209440
209441
209442
209443
209444
209445
209446
209447
209448
209449
209450
209451
209455
209456
209457
209458
209459
209460
209461
209462
209463
209464
209465
209466
209467
209468
209469
209470
209471
209472
209473
209474
209475
209476
209477
209478
209479
209480
209481
209482
209483
209484
209485
209486
209487
209488
209489
209490
209491
209492
209493
209494
209495
209496
209497
209498
209499
209500
209501
209502
209503
209504
209505
209506
209507
209508
209509
209510
209511
209512
209513
209514
209515
209516
209517
209518
209519
209520
209521
209522
209523
209524
209525
209526
209527
209528
209529
209530
209531
209609
209610
209611
209612
209621
209622
209623
209624
209625
209626
209627
209628
209629
209630
209631
209632
209633
209634
209635
209636
209724
209725
209726
209727
209736
209738
209739
209740
209741
209742
209743
209745
209746
209747
209748
209749
209750
209751
209752
209753
210768
210769
210770
210771
210772
210773
210774
210775
210779
210780
210781
210782
210783
210784
210785
210786
210787
210788
210789
210790
210791
210792
210793
210794
210795
210796
210797
210798
210799
210803
210804
210805
210806
210807
210808
210809
210810
210811
210812
210813
210814
210815
210816
210817
210818
210833
210834
210835
210836
210837
210838
210839
210840
210841
210842
210843
210844
210845
210846
210847
210848
210866
210867
210868
210869
210870
210871
210872
210873
210877
210878
210879
210880
210881
210882
210883
210884
210885
210886
210887
210888
210889
210890
210891
210892
210893
210894
210895
210896
210897
210901
210902
210903
210904
210905
210906
210907
210908
210909
210910
210911
210912
210913
210914
210915
210916
210931
210932
210933
210934
210935
210936
210937
210938
210939
210940
210941
210942
210943
210944
210945
210946
210964
210965
210966
210967
210968
210969
210971
210975
210976
210977
210978
210979
210980
210981
210982
210983
210985
210986
210987
210988
210989
210990
210991
210992
210993
211003
211004
211005
211006
211007
211008
211009
211010
211011
211012
211013
211014
211029
211030
211031
211032
211033
211034
211035
211036
211037
211038
211039
211040
211041
211042
211043
211044
211062
211063
211064
211065
211066
211067
211077
211078
211079
211080
211081
211083
211084
211085
211086
211087
211088
211089
211090
211091
211101
211102
211103
211104
211105
211106
211107
211108
211109
211110
211111
211112
211127
211128
211129
211130
211131
211132
211133
211134
211135
211136
211137
211138
211139
211140
211141
211157
211158
211159
211160
211161
211162
211163
211164
211175
211176
211177
211178
211179
211180
211181
211182
211183
211184
211185
211186
211187
211188
211189
211199
211200
211201
211202
211203
211204
211205
211206
211207
211208
211209
211220
211221
211222
211223
211224
211225
211226
211227
211228
211229
211230
211231
211232
211233
211234
211235
211236
211237
211247
211248
211249
211250
211251
211262
211263
211264
211265
211266
211267
211268
211269
211270
211280
211281
211282
211283
211284
211295
211296
211297
211298
211299
211300
211301
211302
211303
211313
211314
211315
211316
211317
211318
211328
211329
211330
211331
211332
211334
211335
211336
211337
211338
211339
211346
211350
211351
211352
211353
211354
211355
211356
211357
211358
211359
211360
211361
211362
211363
211364
211365
211366
211367
211368
211369
211370
211371
211372
211373
211374
211375
211376
211377
211378
211382
211383
211384
211385
211386
211387
211391
211392
211393
211394
211395
211396
211397
211398
211399
211400
211401
211402
211403
211404
211405
211406
211407
211408
211409
211410
211411
211412
211413
211414
211415
211416
211417
211418
211419
211423
211424
211425
211426
211427
211428
211432
211433
211434
211435
211436
211437
211438
211439
211440
211441
211442
211443
211444
211445
211446
211447
211448
211449
211450
211451
211452
211453
211454
211455
211456
211457
211458
211459
211460
211464
211465
211466
211467
211468
211469
211473
211474
211475
211476
211477
211478
211479
211480
211481
211482
211483
211484
211485
211486
211487
211488
211489
211490
211491
211492
211493
211494
211495
211496
211497
211498
211499
211500
211501
211502
211503
211504
211505
211506
211507
211511
211512
211513
211514
211515
211516
211520
211521
211522
211523
211524
211525
211526
211527
211528
211529
211530
211531
211532
211533
211534
211535
211536
211537
211538
211539
211540
211541
211542
211543
211544
211545
211546
211547
211548
211549
211550
211551
211552
211553
211554
211558
211559
211560
211561
211562
211563
211567
211568
211569
211570
211571
211579
211580
211581
211582
211583
211584
211585
211586
211587
211588
211589
211590
211591
211600
211601
211602
211603
211604
211605
211626
211627
211628
211629
211630
211631
211632
211633
211634
211635
211636
211637
211638
211647
211648
211649
211650
211651
211652
211673
211674
211675
211676
211677
211678
211679
211680
211681
211682
211683
211684
211685
211694
211695
211696
211697
211698
211699
211719
211720
211721
211722
211723
211724
211725
211728
211730
211732
211733
211734
211735
211736
211737
211739
211740
211741
211743
211744
211745
211746
211747
211760
211761
211762
211763
211764
211765
211766
211767
211769
211770
211771
211772
211773
211774
211775
211776
211777
211778
211780
211781
211782
211783
211784
211785
211786
211787
211788
211795
211796
211797
211798
211799
211816
211817
211818
211819
211821
211822
211823
211824
211825
211826
211827
211828
211829
211830
211831
215110
215111
215112
215135
215136
215137
215138
215141
215142
215143
215144
215145
215146
215147
215150
215151
215152
215153
215154
215155
215156
215157
215158
215159
215160
215161
215162
215163
215164
215165
215166
215167
215168
215169
215170
215171
215172
215173
215174
215175
215176
215179
215180
215181
215187
215188
215189
215190
215191
215192
215193
215194
215195
215196
215197
215198
215199
215200
215201
215202
215203
215204
215205
215206
215207
215208
215209
215210
215211
215212
215213
215214
215215
215216
215217
215218
215219
215220
215221
215222
215223
215224
215225
215226
215227
215230
215231
215232
215238
215239
215240
215257
215258
215259
215260
215261
215262
215263
215264
215265
215266
215267
215268
215269
215270
215271
215272
215273
215274
215275
215276
215277
215286
215287
215288
215289
215290
215293
215294
215321
215322
215329
215330
215340
215341
215348
215349
215351
215352
215353
215354
215355
215356
215357
215358
215359
215360
215361
215362
215363
215364
215365
215366
215367
215368
215369
215370
215371
215372
215373
215374
215375
215376
215377
215378
215379
215380
215381
215382
215383
215384
215385
215386
215387
215388
215389
215390
215391
215392
215393
215394
215395
215396
215397
215398
215399
215400
215401
215402
215403
215404
215405
215406
215407
215408
215409
215410
215411
215412
215413
215414
215415
215416
215420
215421
215422
215423
215424
215425
215429
215430
215452
215453
215460
215461
215471
215472
215479
215480
215482
215483
215484
215485
215486
215487
215488
215489
215490
215491
215492
215493
215494
215495
215496
215497
215498
215499
215500
215516
215517
215518
215519
215522
215523
215524
215525
215526
215527
215528
215531
215532
215533
215534
215557
215558
215565
215566
215590
215591
215592
215593
215594
215595
215596
215597
215598
215599
215600
215601
215602
215603
215604
215605
215606
215607
215608
215609
215610
215611
215612
215613
215614
215615
215616
215617
215618
215619
215620
215621
215640
215641
215642
215643
215646
215647
215648
215649
215650
215653
215654
215655
215656
215657
215658
215659
215660
215661
215662
215663
215669
215670
215673
215674
215675
215676
215677
215678
215679
215680
215681
215682
215683
215684
215685
215686
215687
215688
215689
215690
215691
215692
215693
215694
215734
215735
215740
215741
215742
215743
215744
215745
215754
215755
215759
215760
215761
215762
215763
215775
215776
215777
215778
215779
215780
215783
215784
215785
215791
215792
215800
215801
215805
215806
215807
215808
215809
215810
215811
215812
215813
215814
215815
215816
215817
215818
215819
215820
215821
215822
215823
215900
215901
215902
215903
215904
215906
215907
215908
215909
215910
215911
215912
215913
215914
215915
215916
215924
215925
215926
215927
215928
215929
215941
215942
215943
215944
215945
215946
215955
215956
215957
215958
215959
215960
215967
215968
215969
215970
215971
216834
216835
216836
216837
216838
216840
216841
216842
216843
216844
216845
216846
216859
216860
216861
216862
216863
216864
216871
216872
216873
216874
216875
216876
216885
216886
216887
216888
216889
216890
216897
216898
216899
216900
216901
216921
216922
216923
216924
216925
216927
216928
216929
216930
216931
216932
216933
216946
216947
216948
216949
216950
216951
216958
216959
216960
216961
216962
216963
216972
216973
216974
216975
216976
216977
216984
216985
216986
216987
216988
217008
217009
217010
217011
217012
217014
217015
217016
217017
217018
217019
217020
217033
217034
217035
217036
217037
217038
217045
217046
217047
217048
217049
217050
217059
217060
217061
217062
217063
217064
217071
217072
217073
217074
217075
217095
217096
217097
217098
217099
217101
217102
217103
217104
217105
217106
217107
217120
217121
217122
217123
217124
217125
217132
217133
217134
217135
217136
217137
217146
217147
217148
217149
217150
217151
217158
217159
217160
217161
217162
217182
217183
217184
217185
217260
217261
217262
217263
217264
217265
217266
217267
217268
217269
217270
217278
217279
217280
217281
217282
217377
217378
217379
217380
217381
217382
217383
217384
217385
217386
217387
217395
217396
217397
217398
217399
217468
217469
217470
217471
217472
217473
217474
217475
217476
217477
217478
217486
217487
217488
217489
217490
217558
217559
217560
217561
217562
217563
217565
217566
217567
217568
217569
217570
217571
217572
217573
217575
217576
217577
217578
217579
217580
217581
217582
217583
217645
217646
217647
217648
217649
217650
217651
217653
217654
217655
217656
217657
217658
217659
217660
217661
217663
217664
217665
217666
217667
217668
217669
217670
217671
219995
219996
219997
219998
219999
220000
220001
220002
220003
220004
220005
220006
220007
220008
220009
220010
220011
220012
220013
220014
220015
220016
220017
220018
220019
220020
220021
220022
220023
220024
220025
220026
220027
220028
220029
220030
220031
220032
220033
220034
220035
220036
220037
220038
220039
220040
220041
220042
220043
220044
220045
220046
220047
220048
220049
220050
220051
220052
220053
220054
220055
220056
220057
220058
220059
220060
220061
220062
220063
220064
220065
220066
220067
220068
220069
220070
220071
220072
220073
220074
220075
220076
220077
220078
220079
220080
220081
220082
220083
220084
220085
220086
220087
220088
220138
220139
220140
220141
220142
220143
220144
220145
220146
220147
220148
220149
220150
220151
220152
220153
220154
220155
220156
220157
220158
220159
220160
220161
220162
220163
220164
220165
220166
220167
220168
220169
220170
220171
220172
220173
220174
220175
220176
220177
220178
220179
220180
220181
220182
220183
220184
220185
220186
220187
220188
220189
220190
220191
220192
220193
220194
220195
220196
220197
220198
220199
220200
220201
220202
220203
220204
220205
220206
220207
220208
220209
220210
220211
220212
220213
220214
220215
220216
220255
220256
220257
220258
220259
220260
220261
220262
220263
220264
220265
220266
220267
220268
220269
220270
220271
220272
220273
220274
220275
220276
220277
220278
220279
220280
220281
220282
220283
220284
220285
220286
220287
220288
220289
220290
220291
220292
220293
220294
220295
220296
220297
220298
220299
220300
220301
220302
220303
220304
220305
220306
220307
220308
220309
220310
220311
220312
220313
220314
220315
220316
220317
220318
220319
220320
220321
220322
220323
220324
220325
220326
220327
220328
220329
220330
220331
220332
220333
220372
220373
220374
220375
220376
220377
220378
220379
220380
220381
220382
220383
220384
220385
220386
220387
220388
220389
220390
220391
220392
220393
220394
220395
220396
220397
220398
220399
220400
220401
220402
220403
220404
220405
220406
220407
220408
220409
220410
220411
220412
220413
220414
220415
220416
220417
220418
220419
220420
220421
220422
220423
220424
220425
220426
220427
220428
220429
220430
220431
220432
220433
220434
220435
220436
220437
220438
220439
220440
220441
220442
220443
220444
220445
220446
220447
220448
220449
220450
220489
220490
220491
220492
220493
220494
220495
220496
220497
220498
220499
220500
220501
220502
220503
220504
220505
220506
220507
220508
220509
220510
220511
220512
220513
220514
220515
220516
220517
220518
220519
220520
220521
220522
220523
220524
220525
220526
220527
220528
220529
220530
220531
220532
220533
220534
220535
220536
220537
220538
220539
220540
220541
220542
220543
220544
220545
220546
220547
220548
220549
220550
220551
220552
220553
220554
220555
220556
220557
220558
220559
220560
220561
220562
220563
220564
220565
220566
220567
220568
220569
220570
220571
220572
220573
220574
220575
220576
220577
220578
220579
220580
220581
220582
220583
220584
220585
220586
220587
220588
220589
220590
220591
220592
220593
220594
220595
220596
220597
220598
220599
220600
220601
220602
220603
220604
220605
220606
220607
220608
220609
220610
220611
220612
220613
220614
220615
220616
220617
220618
220619
220620
220621
220622
220623
220624
220625
220626
220627
220628
220629
220630
220631
220632
220633
220634
220635
220636
220637
220638
220639
220640
220641
220642
220643
220644
220645
220646
220647
220648
220649
220650
220651
220652
220653
220654
220655
220656
220657
220658
220659
220660
220661
220662
220663
220664
220665
220666
220667
220668
220669
220670
220671
220672
220673
220674
220675
220676
220677
220678
220679
220680
220681
220682
220683
220684
220685
220686
220687
220688
220689
220690
220691
220692
220693
220694
220695
220696
220697
220698
220699
220700
220701
220702
220703
220704
220705
220706
220707
220708
220709
220710
220711
220712
220713
220714
220715
220716
220717
220718
220719
220720
220721
220722
220723
220724
220725
220726
220727
220728
220729
220730
220731
220732
220733
220750
220751
220752
220753
220754
220755
220756
220757
220758
220759
220760
220761
220762
220763
220764
221010
221011
221012
221013
221014
221015
221016
221017
221018
221019
221020
221021
221022
221023
221024
221025
221026
221027
221028
221029
221030
221031
221032
221033
221034
221035
221036
221037
221038
221039
221040
221041
221042
221043
221044
221045
221047
221048
221049
221050
221051
221052
221053
221054
221055
221056
221057
221059
221060
221061
221062
221063
221064
221066
221067
221068
221069
221070
221071
221072
221073
221074
221075
221076
221078
221079
221080
221081
221082
221083
221084
221085
221086
221817
221818
221819
221820
221821
221822
221823
221824
221825
221826
221827
221828
221829
221830
221831
221832
221833
221834
221835
221836
221837
221838
221839
221840
221841
221842
221843
221844
221845
221846
221847
221848
221849
221850
221851
221852
221853
221854
221855
221856
221857
221858
221859
221860
221861
221862
221863
221864
221865
221866
221867
221868
221869
221870
221871
221872
221873
221874
221875
221876
221877
221878
221879
221880
221881
221882
221883
221884
221885
221886
221887
221888
221889
221890
221891
221892
221893
221894
221895
221896
221897
221898
221899
221900
221901
221902
221903
221904
221905
221906
221907
221908
221909
221910
221911
221912
221913
221914
221915
221916
221917
221918
221919
221920
221921
221922
221923
221924
221925
221926
221927
221928
221929
221930
221931
221932
221933
221934
221935
221936
221937
221938
221939
221940
221941
221942
221943
221944
221945
221946
221947
221948
221949
221950
221951
221952
221953
221954
221955
221956
221957
221958
221959
221960
221961
221962
221963
221964
221965
221966
221967
221968
221969
221970
221971
221972
221973
221974
221975
221976
221977
221978
221979
221980
221981
221982
221983
221984
221985
221986
221987
221988
221989
221990
221991
221992
221993
221994
221995
221996
221997
221998
221999
222000
222001
222002
222003
222004
222005
222006
222007
222008
222009
222010
222011
222012
222013
222014
222015
222016
222017
222018
222019
222020
222021
222022
222023
222024
222025
222026
222027
222028
222029
222030
222031
222032
222033
222034
222035
222036
222037
222038
222039
222040
222041
222087
222088
222089
222090
222091
222092
222093
222094
222095
222096
222097
222098
222099
222100
222101
222102
222103
222104
222105
222106
222107
222108
222109
222110
222111
222112
222113
222114
222115
222116
222117
222118
222119
222120
222121
222122
222123
222124
222125
222126
222127
222128
222129
222130
222131
222132
222133
222134
222135
222136
222137
222138
222139
222140
222141
222142
222143
222144
222145
222146
222147
222148
222149
222150
222151
222152
222153
222154
222155
222156
222157
222158
222159
222160
222161
222162
222163
222164
222165
222166
222167
222199
222200
222201
222202
222203
222204
222205
222206
222207
222208
222209
222210
222211
222212
222213
222214
222215
222216
222217
222218
222219
222220
222221
222222
222223
222224
222225
222226
222227
222228
222229
222230
222231
222232
222233
222234
222235
222236
222237
222238
222239
222240
222241
222242
222243
222244
222245
222246
222247
222248
222249
222250
222251
222252
222253
222254
222255
222256
222257
222258
222259
222260
222261
222262
222263
222264
222265
222266
222267
222268
222269
222270
222271
222272
222273
222274
222275
222276
222277
222278
222279
222280
222312
222313
222314
222315
222316
222317
222318
222319
222320
222321
222322
222323
222324
222325
222326
222327
222328
222329
222330
222331
222332
222333
222334
222335
222336
222337
222338
222339
222340
222341
222342
222374
222375
222376
222377
222378
222379
222380
222381
222382
222383
222384
222385
222386
222387
222388
222389
222390
222391
222392
222393
222394
222395
222396
222397
222398
222399
222400
222401
222402
222403
222404
222444
222445
222446
222447
222449
222450
222451
222452
222453
222454
222455
222456
222457
222458
222459
222460
222462
222463
222464
222465
222467
222469
222470
222471
222472
222474
222475
222476
222478
222479
222480
222481
222482
222483
222484
222485
222486
222487
222488
222491
222492
222493
222494
222495
222497
222498
222499
222500
222501
222502
222503
222504
222505
222506
222507
222508
222510
222511
222512
222513
222515
222517
222518
222519
222520
222522
222523
222524
222526
222527
222528
222529
222530
222531
222532
222533
222534
222535
222536
222539
222540
222541
222542
222543
222545
222546
222547
222548
222549
222550
222551
222552
222553
222554
222555
222556
222558
222559
222560
222561
222563
222565
222566
222567
222568
222570
222571
222572
222574
222575
222576
222577
222578
222579
222580
222581
222582
222583
222584
222587
222588
222589
222590
222591
222592
222593
222594
222595
222596
222597
222598
222599
222600
222601
222602
222603
222604
222605
222606
222607
222608
222609
222610
222611
222612
222613
222614
222615
222616
222617
222618
222619
222620
222621
222622
222623
222624
222625
222626
222627
222628
222629
222630
222631
222632
222633
222634
222635
222636
222637
222638
222639
222640
222641
222642
222643
222644
222645
222646
222647
222648
222649
222650
222651
222652
222653
222654
222655
222656
222657
222658
222659
222660
222661
222662
222663
222829
222830
222831
222832
222833
222835
222836
222837
222838
222839
222840
222841
222842
222843
222844
222845
222847
222848
222849
222850
222851
222853
222854
222856
222857
222858
222860
222861
222862
222864
222865
222866
222867
222868
222869
222870
222871
222872
222873
222875
222876
222878
222879
222880
222881
222883
222884
222885
222886
222887
222888
222889
222890
222891
222892
222893
222894
222896
222897
222898
222899
222901
222902
222904
222905
222906
222908
222909
222911
222912
222913
222914
222915
222916
222917
222918
222919
222922
222923
222924
222925
222926
222928
222929
222930
222931
222932
222934
222935
222936
222937
222938
222939
222940
222941
222943
222945
222946
222947
222948
222950
222951
222952
222954
222955
222956
222957
222958
222959
222960
222961
222962
222963
222965
222966
222968
222969
222970
222971
222973
222974
222975
222976
222977
222978
222979
222980
222981
222982
222983
222984
222986
222987
222988
222989
222991
222992
222994
222995
222996
222998
222999
223001
223002
223003
223004
223005
223006
223007
223008
223009
223012
223013
223014
223015
223016
223018
223019
223020
223021
223022
223024
223025
223026
223027
223028
223029
223030
223031
223033
223035
223036
223037
223038
223040
223041
223042
223044
223045
223046
223047
223048
223049
223050
223051
223052
223053
223055
223056
223058
223059
223060
223061
223063
223064
223065
223066
223067
223068
223069
223070
223071
223072
223073
223074
223076
223077
223078
223079
223081
223082
223084
223085
223086
223088
223089
223091
223092
223093
223094
223095
223096
223097
223098
223099
223102
223103
223104
223105
223106
223108
223109
223110
223111
223112
223114
223115
223116
223117
223118
223119
223120
223121
223123
223125
223126
223127
223128
223130
223131
223132
223134
223135
223136
223137
223138
223139
223140
223141
223142
223143
223145
223146
223148
223149
223150
223151
223153
223154
223155
223156
223157
223158
223159
223160
223161
223162
223163
223164
223166
223167
223168
223169
223171
223172
223174
223175
223176
223178
223179
223181
223182
223183
223184
223185
223186
223187
223188
223189
223192
223193
223194
223195
223196
223198
223199
223200
223201
223202
223204
223205
223206
223207
223208
223209
223210
223211
223213
223215
223216
223217
223218
223220
223221
223222
223224
223225
223226
223227
223228
223229
223230
223231
223232
223233
223235
223236
223238
223239
223240
223241
223243
223244
223245
223246
223247
223248
223249
223250
223251
223252
223253
223254
223256
223257
223258
223259
223261
223262
223264
223265
223266
223268
223269
223271
223272
223273
223274
223275
223276
223277
223278
223279
223282
223283
223284
223285
223288
223289
223290
223291
223293
223294
223296
223326
223327
223328
223329
223331
223332
223333
223334
223335
223336
223337
223338
223339
223340
223342
223343
223344
223346
223348
223349
223350
223351
223353
223354
223356
223357
223358
223359
223360
223361
223362
223363
223364
223367
223443
223444
223445
223446
223448
223449
223450
223451
223452
223453
223454
223455
223456
223457
223459
223460
223461
223463
223465
223466
223467
223468
223470
223471
223473
223474
223475
223476
223477
223478
223479
223480
223481
223484
223539
223540
223541
223542
223544
223545
223546
223547
223548
223549
223550
223551
223552
223553
223555
223556
223557
223559
223561
223562
223563
223564
223566
223567
223569
223570
223571
223572
223573
223574
223575
223576
223577
223580
223604
223605
223606
223607
223608
223609
223610
223611
223612
223613
223614
223615
223616
223617
223618
223619
223620
223621
223622
223623
223624
223625
223626
223627
223628
223629
223630
223631
223632
223633
223634
223635
223636
223637
223661
223662
223663
223664
223665
223666
223667
223668
223669
223670
223671
223672
223673
223674
223675
223676
223677
223678
223679
223680
223681
223682
223683
223684
223685
223686
223687
223688
223689
223690
223691
223692
223693
223694
223695
223696
223764
223765
223766
223767
223768
223769
223770
223771
223772
223773
223774
223775
223776
223777
223778
223779
223780
223781
223782
223783
223784
223785
223786
223787
223788
223789
223790
223791
223792
223793
223794
223795
223796
223797
223798
223799
223800
223801
223802
223803
223804
223805
223806
223807
223808
223809
223810
223811
223812
223813
223814
223815
223816
223817
223818
223819
223820
223821
223822
223823
223824
223825
223826
223827
223828
223829
223830
223831
223832
223833
223834
223835
223836
223837
223838
223839
223840
223841
223842
223843
223844
223845
223846
223847
223848
223849
223850
223851
223852
223853
223854
223855
223856
223857
223858
223859
223860
223861
223862
223863
223864
223865
223866
223867
223868
223869
223870
223871
223872
223873
223874
223875
223876
223877
223878
223879
223880
223881
223882
223883
223884
223885
223886
223887
223888
223889
223890
223891
223892
223893
223894
223895
223896
223897
223898
223899
223900
223901
223902
223903
223904
223905
223906
223907
223908
223909
223910
223911
223912
223913
223914
223915
223916
223917
223918
223919
223920
223921
223922
223923
223924
223925
223926
223927
223928
223929
223930
223931
223932
223933
223934
223935
223936
223937
223938
223939
223940
223941
223942
223943
223944
223945
223946
223947
223948
223949
223950
223951
223952
223953
223954
223955
223956
223957
223958
223959
223960
223961
223962
223963
223964
223965
223966
223967
223968
223969
223970
223971
223972
223973
223974
223975
223976
223977
223978
223979
223980
223981
223982
223983
223984
223985
223986
223987
223988
223989
223990
223991
223992
223993
223994
223995
223996
223997
223998
223999
224000
224001
224002
224003
224004
224005
224006
224007
224008
224009
224010
224011
224012
224013
224014
224015
224016
224017
224018
224019
224020
224021
224022
224023
224024
224025
224026
224027
224028
224029
224030
224031
224032
224033
224034
224035
224036
224037
224038
224039
224040
224041
224042
224043
224044
224045
224046
224047
224048
224049
224050
224051
224052
224053
224054
224055
224056
224057
224058
224059
224060
224061
224062
224063
224064
224065
224066
224067
224068
224069
224070
224071
224072
224073
224074
224075
224076
224077
224078
224079
224080
224081
224082
224083
224084
224085
224086
224087
224088
224089
224090
224091
224092
224093
224094
224095
224096
224097
224098
224099
224100
224101
224102
224103
224104
224105
224106
224107
224108
224109
224110
224111
224112
224113
224114
224115
224116
224117
224118
224119
224120
224121
224122
224123
224124
224125
224126
224127
224128
224129
224130
224131
224132
224133
224134
224135
224136
224137
224138
224139
224140
224141
224142
224143
224144
224145
224146
224147
224148
224149
224150
224151
224152
224153
224154
224155
224156
224157
224158
224159
224160
224161
224162
224163
224164
224165
224166
224167
224168
224169
224170
224171
224172
224173
224174
224175
224176
224177
224178
224179
224180
224181
224182
224183
224184
224185
224186
224187
224188
224189
224190
224191
224192
224193
224194
224195
224196
224197
224198
224199
224200
224201
224202
224203
224204
224205
224206
224207
224208
224209
224210
224211
224212
224213
224214
224215
224216
224217
224218
224219
224220
224221
224222
224223
224224
224225
224226
224227
224228
224229
224230
224231
224232
224233
224234
224235
224236
224237
224238
224239
224240
224241
224242
224243
224244
224245
224246
224247
224248
224249
224250
224251
224252
224253
224254
224255
224256
224257
224258
224259
224260
224261
224262
224263
224264
224265
224266
224267
224268
224269
224270
224271
224272
224273
224274
224275
224276
224277
224278
224279
224280
224281
224282
224283
224284
224285
224286
224287
224288
224289
224290
224291
224292
224293
224294
224295
224296
224297
224298
224299
224300
224301
224302
224303
224304
224305
224306
224307
224308
224309
224310
224311
224312
224313
224314
224315
224316
224317
224318
224319
224320
224321
224322
224323
224324
224325
224326
224327
224328
224329
224330
224331
224332
224333
224334
224335
224336
224337
224338
224339
224340
224341
224342
224343
224344
224345
224346
224347
224348
224349
224350
224351
224352
224353
224354
224355
224356
224357
224358
224359
224360
224361
224362
224363
224364
224365
224366
224367
224368
224369
224370
224371
224372
224373
224374
224375
224376
224377
224378
224379
224380
224381
224382
224383
224384
224385
224386
224387
224388
224389
224390
224391
224392
224393
224394
224395
224396
224397
224398
224399
224400
224401
224402
224403
224404
224405
224406
224407
224408
224409
224410
224411
224412
224413
224414
224415
224416
224417
224418
224419
224420
224421
224422
224423
224424
224425
224426
224427
224428
224429
224430
224431
224432
224433
224434
224435
224436
224437
224438
224439
224440
224441
224442
224443
224444
224445
224446
224447
224448
224449
224450
224451
224452
224453
224454
224455
224456
224457
224458
224459
224460
224461
224462
224463
224464
224465
224466
224467
224468
224469
224470
224471
224472
224473
224474
224475
224476
224477
224478
224479
224480
224481
224482
224483
224484
224485
224486
224487
224488
224489
224490
224491
224492
224493
224494
224495
224496
224497
224498
224499
224500
224501
224502
224503
224504
224505
224506
224507
224508
224509
224510
224511
224512
224513
224514
224515
224516
224517
224518
224519
224520
224521
224522
224523
224524
224525
224526
224527
224528
224529
224530
224531
224532
224533
224534
224535
224536
224537
224538
224539
224540
224541
224542
224543
224544
224545
224546
224547
224548
224549
224550
224551
224552
224553
224554
224555
224556
224557
224558
224559
224560
224561
224562
224563
224564
224565
224566
224567
224568
224569
224570
224571
224572
224573
224574
224575
224576
224577
224578
224579
224580
224581
224582
224583
224584
224585
224586
224587
224588
224589
224590
224591
224592
224593
224594
224595
224596
224597
224598
224599
224600
224601
224602
224603
224604
224605
224606
224607
224608
224609
224610
224611
224612
224613
224614
224615
224616
224617
224618
224619
224620
224621
224622
224623
224624
224625
224626
224627
224628
224629
224630
224631
224632
224633
224634
224635
224636
224637
224638
224639
224640
224641
224642
224643
224644
224645
224646
224647
224648
224649
224650
224651
224652
224653
224654
224655
224656
224657
224658
224659
224660
224661
224662
224663
224664
224665
224666
224667
224668
224669
224670
224671
224672
224673
224674
224675
224676
224677
224678
224679
224680
224681
224682
224683
224684
224685
224686
224687
224688
224689
224690
224691
224692
224693
224694
224695
224696
224697
224698
224699
224700
224701
224702
224703
224704
224705
224706
224707
224708
224709
224710
224711
224712
224713
224714
224715
224716
224717
224718
224719
224720
224721
224722
224723
224724
224725
224726
224727
224728
224729
224730
224731
224732
224733
224734
224735
224736
224737
224738
224739
224740
224741
224742
224743
224744
224745
224746
224747
224748
224749
224750
224751
224752
224753
224754
224755
224756
224757
224758
224759
224760
224761
224762
224763
224764
224765
224766
224767
224768
224769
224770
224771
224772
224773
224774
224775
224776
224777
224778
224779
224780
224781
224782
224783
224784
224785
224786
224787
224788
224789
224790
224791
224792
224793
224794
224795
224796
224797
224798
224799
224800
224801
224802
224803
224804
224805
224806
224807
224808
224809
224810
224811
224812
224813
224814
224815
224816
224817
224818
224819
224820
224821
224822
224823
224824
224825
224826
224827
224828
224829
224830
224831
224832
224833
224834
224835
224836
224837
224838
224839
224840
224841
224842
224843
224844
224845
224846
224847
224848
224849
224850
224851
224852
224853
224854
224855
224856
224857
224858
224859
224860
224861
224862
224863
224864
224865
224866
224867
224868
224869
224870
224871
224872
224873
224874
224875
224876
224877
224878
224879
224880
224881
224882
224883
224884
224885
224886
224887
224888
224889
224890
224891
224892
224893
224894
224895
224896
224897
224898
224899
224900
224901
224902
224903
224904
224905
224906
224907
224908
224909
224910
224911
224912
224913
224914
224915
224916
224917
224918
224919
224920
224921
224922
224923
224924
224925
224926
224927
224928
224929
224930
224931
224932
224933
224934
224935
224936
224937
224938
224939
224940
224941
224942
224943
224944
224945
224946
224947
224948
224949
224950
224951
224952
224953
224954
224955
224956
224957
224958
224959
224960
224961
224962
224963
224964
224965
224966
224967
224968
224969
224970
224971
224972
224973
224974
224975
224976
224977
224978
224979
224980
224981
224982
224983
224984
224985
224986
224987
224988
224989
224990
224991
224992
224993
224994
224995
224996
224997
224998
224999
225000
225001
225002
225003
225004
225005
225006
225007
225008
225009
225010
225011
225012
225013
225014
225015
225016
225017
225018
225019
225020
225021
225022
225023
225024
225025
225026
225027
225028
225029
225030
225031
225032
225033
225034
225035
225036
225037
225038
225039
225040
225041
225042
225043
225044
225045
225046
225047
225048
225049
225050
225051
225052
225053
225054
225055
225056
225057
225058
225059
225060
225061
225062
225063
225064
225065
225066
225067
225068
225069
225070
225071
225072
225073
225074
225075
225076
225077
225078
225079
225080
225081
225082
225083
225084
225085
225086
225087
225088
225089
225090
225091
225092
225093
225094
225095
225096
225097
225098
225099
225100
225101
225102
225103
225104
225105
225106
225107
225108
225109
225110
225111
225112
225113
225114
225115
225116
225117
225118
225119
225120
225121
225122
225123
225124
225125
225126
225127
225128
225129
225130
225131
225132
225133
225134
225135
225136
225137
225138
225139
225140
225141
225142
225143
225144
225145
225146
225147
225148
225149
225150
225151
225152
225153
225154
225155
225156
225157
225158
225159
225160
225161
225162
225163
225164
225165
225166
225167
225168
225169
225170
225171
225172
225173
225174
225175
225176
225177
225178
225179
225180
225181
225182
225183
225184
225185
225186
225187
225188
225189
225190
225191
225192
225193
225194
225195
225196
225197
225198
225199
225200
225201
225202
225203
225204
225205
225206
225207
225208
225209
225210
225211
225212
225213
225214
225215
225216
225217
225218
225219
225220
225221
225222
225223
225224
225225
225226
225227
225228
225229
225230
225231
225232
225233
225234
225235
225236
225237
225238
225239
225240
225241
225242
225243
225244
225245
225246
225247
225248
225249
225250
225251
225252
225253
225254
225255
225256
225257
225258
225259
225260
225261
225262
225263
225264
225265
225266
225267
225268
225269
225270
225271
225272
225273
225274
225275
225276
225277
225278
225279
225280
225281
225282
225283
225284
225285
225286
225287
225288
225289
225290
225291
225292
225293
225294
225295
225296
225297
225298
225299
225300
225301
225302
225303
225304
225305
225306
225307
225308
225309
225310
225311
225312
225313
225314
225315
225316
225317
225318
225319
225320
225321
225322
225323
225324
225325
225326
225327
225328
225329
225330
225331
225332
225333
225334
225335
225336
225337
225338
225339
225340
225341
225342
225343
225344
225345
225346
225347
225348
225349
225350
225351
225352
225353
225354
225355
225356
225357
225358
225359
225360
225361
225362
225363
225364
225365
225366
225367
225368
225369
225370
225371
225372
225373
225374
225375
225376
225377
225378
225379
225380
225381
225382
225383
225384
225385
225386
225387
225388
225389
225390
225391
225392
225393
225394
225395
225396
225397
225398
225399
225400
225401
225402
225403
225404
225405
225406
225407
225408
225409
225410
225411
225412
225413
225414
225415
225416
225417
225418
225419
225420
225421
225422
225423
225424
225425
225426
225427
225428
225429
225430
225431
225432
225433
225434
225435
225436
225437
225438
225439
225440
225441
225442
225443
225444
225445
225446
225447
225448
225449
225450
225451
225452
225453
225454
225455
225456
225457
225458
225459
225460
225461
225462
225463
225464
225465
225466
225467
225468
225469
225470
225471
225472
225473
225474
225475
225476
225477
225478
225479
225480
225481
225482
225483
225484
225485
225486
225487
225488
225489
225490
225491
225492
225493
225494
225495
225496
225497
225498
225499
225500
225501
225502
225503
225504
225505
225506
225507
225508
225509
225510
225511
225512
225513
225514
225515
225516
225517
225518
225519
225520
225521
225522
225523
225524
225525
225526
225527
225528
225529
225530
225531
225532
225533
225534
225535
225536
225537
225538
225539
225540
225541
225542
225543
225544
225545
225546
225547
225548
225549
225550
225551
225552
225553
225554
225555
225556
225557
225558
225559
225560
225561
225562
225563
225564
225565
225566
225567
225568
225569
225570
225571
225572
225573
225574
225575
225576
225577
225578
225579
225580
225581
225582
225583
225584
225585
225586
225587
225588
225589
225590
225591
225592
225593
225594
225595
225596
225597
225598
225599
225600
225601
225602
225603
225604
225605
225606
225607
225608
225609
225610
225611
225612
225613
225614
225615
225616
225617
225618
225619
225620
225621
225622
225623
225624
225625
225626
225627
225628
225629
225630
225631
225632
225633
225634
225635
225636
225637
225638
225639
225640
225641
225642
225643
225644
225645
225646
225647
225648
225649
225650
225651
225652
225653
225654
225655
225656
225657
225658
225659
225660
225661
225662
225663
225664
225665
225666
225667
225668
225669
225670
225671
225672
225673
225728
225729
225730
225731
225732
225733
225734
225735
225736
225737
225738
225739
225740
225741
225742
225743
225744
225745
225746
225747
225748
225749
225750
225751
225752
225753
225754
225755
225756
225757
225758
225759
225760
225761
225762
225763
225764
225765
225766
225767
225768
225769
225770
225771
225772
225773
225774
225775
225776
225777
225778
225779
225780
225781
225782
225783
225784
225785
225786
225787
225788
225789
225790
225791
225792
225793
225794
225795
225796
225797
225798
225799
225800
225801
225802
225803
225804
225805
225806
225807
225808
225809
225810
225811
225812
225813
225814
225815
225816
225817
225818
225819
225820
225821
225822
225823
225824
225825
225826
225827
225828
225829
225830
225831
225832
225833
225834
225835
225836
225837
225838
225839
225840
225841
225842
225843
225844
225845
225846
225847
225848
225849
225850
225851
225852
225853
225854
225855
225856
225857
225858
225859
225860
225861
225862
225863
225864
225865
225866
225867
225868
225869
225870
225871
225872
225873
225874
225875
225876
225877
225878
225879
225880
225881
225882
225883
225884
225885
225886
225887
225888
225889
225890
225891
225892
225893
225894
225895
225896
225897
225898
225899
225900
225901
225902
225903
225904
225905
225906
225907
225908
225909
225910
225911
225912
225913
225914
225915
225916
225917
225918
225919
225920
225921
225922
225923
225924
225925
225926
225927
225928
225929
225930
225931
225932
225933
225934
225935
225936
225937
225938
225939
225940
225941
225942
225943
225944
225945
225946
225947
225948
225949
225950
225951
225952
225953
225954
225955
225956
225957
225958
225959
225960
225961
225962
225963
225964
225965
225966
225967
225968
225969
225970
225971
225972
225973
225974
225975
225976
225977
225978
225979
225980
225981
225982
225983
225984
225985
225986
225987
225988
225989
225990
225991
225992
225993
225994
225995
225996
225997
225998
225999
226000
226001
226002
226003
226004
226005
226006
226007
226008
226009
226010
226011
226012
226013
226014
226015
226016
226017
226018
226019
226020
226021
226022
226023
226024
226025
226026
226027
226028
226029
226030
226031
226032
226033
226034
226035
226036
226037
226038
226039
226040
226041
226042
226043
226044
226045
226046
226047
226048
226049
226050
226051
226052
226053
226054
226055
226056
226057
226058
226059
226060
226061
226062
226063
226064
226065
226066
226067
226068
226069
226070
226071
226072
226073
226074
226075
226076
226077
226078
226079
226080
226081
226082
226083
226084
226085
226086
226087
226088
226089
226090
226091
226092
226093
226094
226095
226096
226097
226098
226099
226100
226101
226102
226103
226104
226105
226106
226107
226108
226109
226110
226111
226112
226113
226114
226115
226116
226117
226118
226119
226120
226121
226122
226123
226124
226125
226126
226127
226128
226129
226130
226131
226132
226133
226134
226135
226136
226137
226138
226139
226140
226141
226142
226143
226144
226145
226146
226147
226148
226149
226150
226151
226152
226153
226154
226155
226156
226157
226158
226159
226160
226161
226162
226163
226164
226165
226166
226167
226168
226169
226170
226171
226172
226173
226174
226175
226176
226177
226178
226179
226180
226181
226182
226183
226184
226185
226186
226187
226188
226189
226190
226191
226192
226193
226194
226195
226196
226197
226198
226199
226200
226201
226202
226203
226204
226205
226206
226207
226208
226209
226210
226211
226212
226213
226214
226215
226216
226217
226218
226219
226220
226221
226222
226223
226224
226225
226226
226227
226228
226229
226230
226231
226232
226233
226234
226235
226236
226237
226238
226239
226240
226241
226242
226243
226244
226245
226246
226247
226248
226249
226250
226251
226252
226253
226254
226255
226256
226353
226354
226355
226364
226365
226366
226367
226368
226369
226370
226371
226372
226373
226374
226375
226376
226377
226389
226390
226391
226400
226401
226402
226403
226404
226405
226406
226407
226408
226409
226410
226411
226412
226413
226414
226415
226416
226428
226429
226430
226439
226440
226441
226442
226443
226444
226445
226446
226458
226459
226460
226469
226470
226471
226472
226473
226474
226475
226476
226488
226489
226490
226505
226506
226507
226508
226509
226510
226511
226512
226513
226514
226515
226516
226517
226518
226536
226537
226538
226542
226544
226545
226546
226547
226549
226550
226551
226552
226553
226554
226555
226556
226557
226558
226559
226560
226561
226562
226573
226575
226576
226577
226578
226579
226580
226581
226582
226583
226584
226585
226586
226587
226588
226589
226590
226591
226592
226593
226594
226595
226596
226597
226598
226599
226600
226601
226602
226603
226604
226605
226606
226607
226608
226609
226610
226611
226612
226613
226614
226615
226616
226617
226618
226619
226620
226621
226622
226623
226624
226625
226626
226627
226628
226629
226630
226631
226632
226633
226634
226635
226636
226637
226638
226639
226640
226641
226642
226643
226644
226645
226646
226647
226648
226649
226650
226651
226652
226653
226654
226655
226656
226657
226658
226659
226660
226661
226662
226663
226664
226665
226666
226667
226668
226669
226670
226671
226672
226673
226674
226675
226676
226677
226678
226679
226680
226681
226682
226683
226684
226685
226686
226687
226688
226689
226690
226691
226692
226693
226694
226695
226696
226697
226698
226699
226700
226701
226702
226703
226704
226705
226706
226707
226708
226709
226710
226711
226712
226713
226714
226715
226716
226717
226718
226719
226720
226721
226722
226723
226724
226725
226726
226727
226728
226729
226730
226731
226732
226733
226734
226735
226736
226737
226738
226739
226740
226741
226742
226743
226744
226745
226746
226747
226748
226749
226750
226751
226752
226753
226754
226755
226756
226757
226758
226759
226760
226761
226762
226763
226764
226765
226766
226767
226768
226769
226770
226771
226772
226773
226774
226775
226776
226777
226778
226779
226780
226781
226782
226783
226784
226785
226786
226787
226788
226789
227158
227159
227160
227169
227171
227172
227173
227174
227176
227177
227178
227179
227180
227181
227196
227197
227198
227207
227209
227210
227211
227212
227214
227215
227216
227217
227218
227219
227234
227235
227236
227245
227247
227248
227249
227250
227252
227253
227254
227255
227256
227257
227272
227273
227274
227282
227284
227285
227286
227287
227289
227290
227291
227292
227293
227307
227308
227309
227310
227312
227313
227314
227315
227316
227317
227319
227320
227321
227322
227323
227324
227325
227327
227328
227330
227331
227332
227333
227334
227335
227336
227337
227338
227339
227340
227341
227342
227343
227344
227345
227346
227347
227348
229740
229741
229742
229765
229766
229767
229768
229773
229774
229775
229776
229777
229778
229779
229790
229791
229792
229793
229794
229795
229796
229797
229798
229799
229802
229803
229804
229805
229806
229807
229808
229809
229816
229817
229818
229819
229820
229821
229822
229823
229824
229825
229826
229827
229828
229829
229830
229831
229832
229833
229834
229835
229836
229837
229838
229839
229840
229841
229842
229843
229845
229846
229847
229848
229849
229850
229851
229852
229853
229854
229855
229856
229857
229858
229859
229860
229861
229862
229863
229864
229865
229866
229867
229868
229869
229870
229871
229872
229873
229874
229875
229876
229877
229878
229879
229880
229881
229882
229883
229884
229885
229886
229887
229888
229889
229890
229891
229892
229893
229894
229895
229896
229897
229898
229899
229900
229901
229902
229903
229904
229905
229906
229907
229908
229911
229912
229913
229914
229915
229916
229917
229918
229925
229926
229927
229928
229929
229930
229931
229932
229933
229934
229935
229939
229940
229941
229942
229943
229944
229945
229946
229954
229955
229956
229957
229958
229959
229960
229961
229962
229963
229964
229975
229976
229996
229997
229998
229999
230011
230012
230013
230014
230015
230030
230031
230032
230033
230034
230035
230036
230037
230038
230039
230040
230041
230042
230043
230044
230045
230046
230047
230048
230049
230050
230051
230052
230054
230055
230056
230057
230058
230059
230060
230061
230062
230063
230064
230065
230066
230067
230068
230069
230070
230071
230072
230073
230074
230075
230076
230077
230078
230079
230080
230081
230082
230083
230084
230085
230086
230087
230088
230089
230090
230091
230092
230093
230094
230095
230096
230097
230098
230099
230100
230101
230102
230103
230104
230105
230106
230107
230108
230109
230110
230111
230112
230113
230114
230115
230116
230117
230118
230119
230120
230121
230122
230123
230124
230125
230126
230127
230128
230129
230130
230131
230132
230133
230134
230135
230136
230137
230138
230139
230140
230141
230142
230143
230144
230145
230146
230147
230148
230149
230150
230151
230152
230153
230154
230155
230156
230157
230158
230159
230160
230161
230166
230167
230168
230169
230170
230171
230181
230182
230183
230184
230185
230186
230187
230188
230189
230239
230240
230241
230242
230243
230257
230258
230259
230260
230261
230262
230263
230264
230265
230266
230267
230268
230269
230270
230271
230272
230273
230274
230275
230276
230277
230278
230279
230280
230281
230282
230283
230284
230285
230286
230287
230288
230289
230290
230291
230292
230293
230294
230295
230296
230297
230298
230299
230300
230301
230302
230303
230304
230305
230306
230307
230308
230309
230310
230311
230312
230313
230314
230315
230316
230317
230318
230319
230320
230321
230322
230323
230324
230325
230326
230327
230328
230329
230330
230331
230332
230333
230334
230335
230336
230337
230338
230339
230340
230341
230342
230343
230344
230345
230346
230347
230348
230349
230350
230351
230352
230353
230357
230358
230359
230360
230361
230362
230363
230364
230370
230371
230372
230373
230374
230375
230376
230377
230378
230430
230431
230432
230433
230434
230450
230451
230452
230453
230454
230455
230456
230457
230458
230459
230460
230461
230462
230463
230464
230465
230466
230467
230468
230469
230470
230471
230472
230473
230474
230475
230476
230477
230478
230479
230480
230481
230482
230483
230484
230485
230486
230487
230488
230489
230490
230491
230492
230493
230494
230495
230496
230497
230498
230499
230500
230501
230502
230503
230504
230505
230506
230507
230508
230509
230510
230511
230512
230513
230514
230515
230516
230517
230518
230519
230520
230521
230522
230523
230524
230525
230526
230527
230528
230529
230530
230531
230532
230533
230534
230535
230536
230537
230538
230539
230540
230541
230542
230546
230547
230548
230561
230562
230563
230564
230565
230611
230612
230613
230614
230615
230616
230617
230618
230619
230620
230624
230625
230626
230627
230628
230629
230630
230631
230632
230633
230634
230635
230636
230637
230638
230641
230642
230643
230644
230645
230646
230647
230648
230649
230650
230651
230652
230653
230654
230655
230656
230657
230658
230663
230664
230665
230666
230667
230668
230669
230670
230671
230672
230673
230674
230675
230676
230677
230678
230732
230733
230734
230735
230755
230756
230757
230758
230759
230760
230761
230762
230763
230764
230765
230766
230767
230768
230769
230770
230771
230772
230773
230774
230775
230776
230777
230778
230779
230780
230781
230782
230783
230784
230785
230786
230787
230788
230789
230790
230791
230792
230793
230794
230795
230796
230797
230798
230799
230800
230801
230802
230803
230804
230805
230806
230807
230808
230809
230810
230811
230812
230813
230814
230815
230816
230817
230818
230819
230820
230821
230822
230823
230824
230825
230826
230827
230828
230829
230830
230831
230832
230833
230834
230835
230836
230837
230838
230839
230840
230841
230845
230846
230852
230853
230859
230860
230861
230862
230869
230870
230884
230885
230886
230887
230900
230901
230902
230903
230904
230905
230909
230912
230913
230915
230916
230917
230918
230919
230920
230921
230922
230923
230930
230931
230934
230935
230936
230937
230938
230939
230940
230941
230942
230943
230944
230945
230946
230947
230948
230949
230950
230951
230952
230953
230954
230955
230956
230957
230958
230959
230960
230961
230962
230963
230964
230965
230966
230967
230968
230969
230970
230971
230972
230973
230974
230975
230976
230977
230978
230979
230980
230981
230982
230983
230984
230985
230986
230987
230988
230989
230990
230991
230992
230993
230994
230995
230996
230997
230998
230999
231000
231001
231002
231003
231004
231005
231006
231007
231008
231009
231010
231011
231012
231013
231014
231015
231016
231017
231018
231019
231020
231021
231022
231023
231024
231025
231026
231027
231028
231029
231030
231031
231032
231033
231034
231035
231036
231037
231038
231039
231040
231041
231042
231043
231044
231045
231046
231047
231048
231049
231050
231051
231052
231053
231054
231055
231056
231057
231058
231059
231060
231061
231062
231063
231064
231065
231066
231067
231068
231069
231070
231071
231072
231073
231074
231075
231076
231077
231078
231079
231080
231081
231082
231083
231084
231085
231086
231087
231088
231089
231090
231091
231092
231093
231094
231095
231096
231097
231098
231099
231100
231101
231102
231103
231104
231105
231106
231107
231108
231109
231110
231111
231112
231113
231114
231115
231116
231117
231118
231119
231120
231121
231122
231123
231124
231125
231126
231127
231128
231129
231130
231131
231132
231133
231134
231135
231136
231137
231138
231139
231140
231141
231142
231143
231144
231145
231146
231147
231148
231149
231153
231154
231155
231161
231162
231163
231169
231170
231171
231172
231173
231252
231253
231254
231255
231256
231257
231266
231267
231268
231269
231270
231271
231272
231273
231274
231275
231276
231277
231278
231279
231291
231292
231293
231294
231295
231296
231297
231298
231299
231308
231309
231310
231311
231312
231313
231314
231315
231316
231317
231318
231319
231320
231321
231322
231323
231324
231336
231337
231338
231347
231348
231349
231350
231351
231352
231353
231354
231366
231367
231368
231377
231378
231379
231380
231381
231382
231383
231384
231396
231397
231398
231399
231414
231415
231416
231417
231418
231419
231420
231421
231422
231423
231424
231425
231426
231427
231428
231429
231450
231451
231452
231453
231459
231460
231461
231462
231468
231469
231470
231471
231472
231473
231777
231778
231779
231780
233414
233415
233416
233439
233440
233441
233442
233447
233448
233449
233450
233451
233452
233453
233464
233465
233466
233467
233468
233469
233470
233471
233472
233473
233476
233477
233478
233479
233480
233481
233482
233483
233490
233491
233492
233493
233494
233495
233496
233497
233498
233499
233500
233501
233502
233503
233504
233505
233506
233507
233508
233509
233510
233511
233512
233513
233514
233515
233516
233517
233519
233520
233521
233522
233523
233524
233525
233526
233527
233528
233529
233530
233531
233532
233533
233534
233535
233536
233537
233538
233539
233540
233541
233542
233543
233544
233545
233546
233547
233548
233549
233550
233551
233552
233553
233554
233555
233556
233557
233558
233559
233560
233561
233562
233563
233564
233565
233566
233567
233568
233569
233570
233571
233572
233573
233574
233575
233576
233577
233578
233579
233580
233581
233582
233585
233586
233587
233588
233589
233590
233591
233592
233599
233600
233601
233602
233603
233604
233605
233606
233607
233608
233609
233613
233614
233615
233616
233617
233618
233619
233620
233628
233629
233630
233631
233632
233633
233634
233635
233636
233637
233638
233649
233650
233670
233671
233672
233673
233685
233686
233687
233688
233689
233704
233705
233706
233707
233708
233709
233710
233711
233712
233713
233714
233715
233716
233717
233718
233719
233720
233721
233722
233723
233724
233725
233726
233728
233729
233730
233731
233732
233733
233734
233735
233736
233737
233738
233739
233740
233741
233742
233743
233744
233745
233746
233747
233748
233749
233750
233751
233752
233753
233754
233755
233756
233757
233758
233759
233760
233761
233762
233763
233764
233765
233766
233767
233768
233769
233770
233771
233772
233773
233774
233775
233776
233777
233778
233779
233780
233781
233782
233783
233784
233785
233786
233787
233788
233789
233790
233791
233792
233793
233794
233795
233796
233797
233798
233799
233800
233801
233802
233803
233804
233805
233806
233807
233808
233809
233810
233811
233812
233813
233814
233815
233816
233817
233818
233819
233820
233821
233822
233823
233824
233825
233826
233827
233828
233829
233830
233831
233832
233833
233834
233835
233840
233841
233842
233843
233844
233845
233855
233856
233857
233858
233859
233860
233861
233862
233863
233913
233914
233915
233916
233917
233931
233932
233933
233934
233935
233936
233937
233938
233939
233940
233941
233942
233943
233944
233945
233946
233947
233948
233949
233950
233951
233952
233953
233954
233955
233956
233957
233958
233959
233960
233961
233962
233963
233964
233965
233966
233967
233968
233969
233970
233971
233972
233973
233974
233975
233976
233977
233978
233979
233980
233981
233982
233983
233984
233985
233986
233987
233988
233989
233990
233991
233992
233993
233994
233995
233996
233997
233998
233999
234000
234001
234002
234003
234004
234005
234006
234007
234008
234009
234010
234011
234012
234013
234014
234015
234016
234017
234018
234019
234020
234021
234022
234023
234024
234025
234026
234027
234031
234032
234033
234034
234035
234036
234037
234038
234044
234045
234046
234047
234048
234049
234050
234051
234052
234104
234105
234106
234107
234108
234124
234125
234126
234127
234128
234129
234130
234131
234132
234133
234134
234135
234136
234137
234138
234139
234140
234141
234142
234143
234144
234145
234146
234147
234148
234149
234150
234151
234152
234153
234154
234155
234156
234157
234158
234159
234160
234161
234162
234163
234164
234165
234166
234167
234168
234169
234170
234171
234172
234173
234174
234175
234176
234177
234178
234179
234180
234181
234182
234183
234184
234185
234186
234187
234188
234189
234190
234191
234192
234193
234194
234195
234196
234197
234198
234199
234200
234201
234202
234203
234204
234205
234206
234207
234208
234209
234210
234211
234212
234213
234214
234215
234216
234220
234221
234222
234235
234236
234237
234238
234239
234285
234286
234287
234288
234289
234290
234291
234292
234293
234294
234298
234299
234300
234301
234302
234303
234304
234305
234306
234307
234308
234309
234310
234311
234312
234315
234316
234317
234318
234319
234320
234321
234322
234323
234324
234325
234326
234327
234328
234329
234330
234331
234332
234337
234338
234339
234340
234341
234342
234343
234344
234345
234346
234347
234348
234349
234350
234351
234352
234406
234407
234408
234409
234429
234430
234431
234432
234433
234434
234435
234436
234437
234438
234439
234440
234441
234442
234443
234444
234445
234446
234447
234448
234449
234450
234451
234452
234453
234454
234455
234456
234457
234458
234459
234460
234461
234462
234463
234464
234465
234466
234467
234468
234469
234470
234471
234472
234473
234474
234475
234476
234477
234478
234479
234480
234481
234482
234483
234484
234485
234486
234487
234488
234489
234490
234491
234492
234493
234494
234495
234496
234497
234498
234499
234500
234501
234502
234503
234504
234505
234506
234507
234508
234509
234510
234511
234512
234513
234514
234515
234519
234520
234526
234527
234533
234534
234535
234536
234543
234544
234558
234559
234560
234561
234574
234575
234576
234577
234578
234579
234583
234585
234587
234589
234590
234591
234592
234593
234594
234595
234596
234597
234604
234605
234608
234609
234610
234611
234612
234613
234614
234615
234616
234617
234618
234619
234620
234621
234622
234623
234624
234625
234626
234627
234628
234629
234630
234631
234632
234633
234634
234635
234636
234637
234638
234639
234640
234641
234642
234643
234644
234645
234646
234647
234648
234649
234650
234651
234652
234653
234654
234655
234656
234657
234658
234659
234660
234661
234662
234663
234664
234665
234666
234667
234668
234669
234670
234671
234672
234673
234674
234675
234676
234677
234678
234679
234680
234681
234682
234683
234684
234685
234686
234687
234688
234689
234690
234691
234692
234693
234694
234695
234696
234697
234698
234699
234700
234701
234702
234703
234704
234705
234706
234707
234708
234709
234710
234711
234712
234713
234714
234715
234716
234717
234718
234719
234720
234721
234722
234723
234724
234725
234726
234727
234728
234729
234730
234731
234732
234733
234734
234735
234736
234737
234738
234739
234740
234741
234742
234743
234744
234745
234746
234747
234748
234749
234750
234751
234752
234753
234754
234755
234756
234757
234758
234759
234760
234761
234762
234763
234764
234765
234766
234767
234768
234769
234770
234771
234772
234773
234774
234775
234776
234777
234778
234779
234780
234781
234782
234783
234784
234785
234786
234787
234788
234789
234790
234791
234792
234793
234794
234795
234796
234797
234798
234799
234800
234801
234802
234803
234804
234805
234806
234807
234808
234809
234810
234811
234812
234813
234814
234815
234816
234817
234818
234819
234820
234824
234825
234826
234832
234833
234834
234840
234841
234842
234843
234844
234923
234924
234925
234926
234927
234928
234937
234938
234939
234940
234941
234942
234943
234944
234945
234946
234947
234948
234949
234950
234962
234963
234964
234965
234966
234967
234968
234969
234970
234979
234980
234981
234982
234983
234984
234985
234986
234987
234988
234989
234990
234991
234992
234993
234994
234995
235007
235008
235009
235018
235019
235020
235021
235022
235023
235024
235025
235037
235038
235039
235048
235049
235050
235051
235052
235053
235054
235055
235067
235068
235069
235070
235085
235086
235087
235088
235089
235090
235091
235092
235093
235094
235095
235096
235097
235098
235099
235100
235121
235122
235123
235124
235130
235131
235132
235133
235139
235140
235141
235142
235143
235144
235448
235449
235450
235451
237085
237086
237087
237110
237111
237112
237113
237118
237119
237120
237121
237122
237123
237124
237135
237136
237137
237138
237139
237140
237141
237142
237143
237144
237147
237148
237149
237150
237151
237152
237153
237154
237161
237162
237163
237164
237165
237166
237167
237168
237169
237170
237171
237172
237173
237174
237175
237176
237177
237178
237179
237180
237181
237182
237183
237184
237185
237186
237187
237188
237190
237191
237192
237193
237194
237195
237196
237197
237198
237199
237200
237201
237202
237203
237204
237205
237206
237207
237208
237209
237210
237211
237212
237213
237214
237215
237216
237217
237218
237219
237220
237221
237222
237223
237224
237225
237226
237227
237228
237229
237230
237231
237232
237233
237234
237235
237236
237237
237238
237239
237240
237241
237242
237243
237244
237245
237246
237247
237248
237249
237250
237251
237252
237253
237256
237257
237258
237259
237260
237261
237262
237263
237270
237271
237272
237273
237274
237275
237276
237277
237278
237279
237280
237284
237285
237286
237287
237288
237289
237290
237291
237299
237300
237301
237302
237303
237304
237305
237306
237307
237308
237309
237320
237321
237341
237342
237343
237344
237356
237357
237358
237359
237360
237375
237376
237377
237378
237379
237380
237381
237382
237383
237384
237385
237386
237387
237388
237389
237390
237391
237392
237393
237394
237395
237396
237397
237399
237400
237401
237402
237403
237404
237405
237406
237407
237408
237409
237410
237411
237412
237413
237414
237415
237416
237417
237418
237419
237420
237421
237422
237423
237424
237425
237426
237427
237428
237429
237430
237431
237432
237433
237434
237435
237436
237437
237438
237439
237440
237441
237442
237443
237444
237445
237446
237447
237448
237449
237450
237451
237452
237453
237454
237455
237456
237457
237458
237459
237460
237461
237462
237463
237464
237465
237466
237467
237468
237469
237470
237471
237472
237473
237474
237475
237476
237477
237478
237479
237480
237481
237482
237483
237484
237485
237486
237487
237488
237489
237490
237491
237492
237493
237494
237495
237496
237497
237498
237499
237500
237501
237502
237503
237504
237505
237506
237511
237512
237513
237514
237515
237516
237526
237527
237528
237529
237530
237531
237532
237533
237534
237584
237585
237586
237587
237588
237602
237603
237604
237605
237606
237607
237608
237609
237610
237611
237612
237613
237614
237615
237616
237617
237618
237619
237620
237621
237622
237623
237624
237625
237626
237627
237628
237629
237630
237631
237632
237633
237634
237635
237636
237637
237638
237639
237640
237641
237642
237643
237644
237645
237646
237647
237648
237649
237650
237651
237652
237653
237654
237655
237656
237657
237658
237659
237660
237661
237662
237663
237664
237665
237666
237667
237668
237669
237670
237671
237672
237673
237674
237675
237676
237677
237678
237679
237680
237681
237682
237683
237684
237685
237686
237687
237688
237689
237690
237691
237692
237693
237694
237695
237696
237697
237698
237702
237703
237704
237705
237706
237707
237708
237709
237715
237716
237717
237718
237719
237720
237721
237722
237723
237775
237776
237777
237778
237779
237795
237796
237797
237798
237799
237800
237801
237802
237803
237804
237805
237806
237807
237808
237809
237810
237811
237812
237813
237814
237815
237816
237817
237818
237819
237820
237821
237822
237823
237824
237825
237826
237827
237828
237829
237830
237831
237832
237833
237834
237835
237836
237837
237838
237839
237840
237841
237842
237843
237844
237845
237846
237847
237848
237849
237850
237851
237852
237853
237854
237855
237856
237857
237858
237859
237860
237861
237862
237863
237864
237865
237866
237867
237868
237869
237870
237871
237872
237873
237874
237875
237876
237877
237878
237879
237880
237881
237882
237883
237884
237885
237886
237887
237891
237892
237893
237906
237907
237908
237909
237910
237956
237957
237958
237959
237960
237961
237962
237963
237964
237965
237969
237970
237971
237972
237973
237974
237975
237976
237977
237978
237979
237980
237981
237982
237983
237986
237987
237988
237989
237990
237991
237992
237993
237994
237995
237996
237997
237998
237999
238000
238001
238002
238003
238008
238009
238010
238011
238012
238013
238014
238015
238016
238017
238018
238019
238020
238021
238022
238023
238077
238078
238079
238080
238100
238101
238102
238103
238104
238105
238106
238107
238108
238109
238110
238111
238112
238113
238114
238115
238116
238117
238118
238119
238120
238121
238122
238123
238124
238125
238126
238127
238128
238129
238130
238131
238132
238133
238134
238135
238136
238137
238138
238139
238140
238141
238142
238143
238144
238145
238146
238147
238148
238149
238150
238151
238152
238153
238154
238155
238156
238157
238158
238159
238160
238161
238162
238163
238164
238165
238166
238167
238168
238169
238170
238171
238172
238173
238174
238175
238176
238177
238178
238179
238180
238181
238182
238183
238184
238185
238186
238190
238191
238197
238198
238204
238205
238206
238207
238214
238215
238229
238230
238231
238232
238245
238246
238247
238248
238249
238250
238256
238258
238260
238261
238262
238264
238265
238266
238267
238268
238280
238281
238282
238283
238284
238285
238286
238287
238288
238289
238290
238291
238292
238293
238294
238295
238296
238297
238298
238299
238300
238301
238302
238303
238304
238305
238306
238307
238308
238309
238310
238311
238312
238313
238314
238315
238316
238317
238318
238319
238320
238321
238322
238323
238324
238325
238326
238327
238328
238329
238330
238331
238332
238333
238334
238335
238336
238337
238338
238339
238340
238341
238342
238343
238344
238345
238346
238347
238348
238349
238350
238351
238352
238353
238354
238355
238356
238357
238358
238359
238360
238361
238362
238363
238364
238365
238366
238367
238368
238369
238370
238371
238372
238373
238374
238375
238376
238377
238378
238379
238380
238381
238382
238383
238384
238385
238386
238387
238388
238389
238390
238391
238392
238393
238394
238395
238396
238397
238398
238399
238400
238401
238402
238403
238404
238405
238406
238407
238408
238409
238410
238411
238412
238413
238414
238415
238416
238417
238418
238419
238420
238421
238422
238423
238424
238425
238426
238427
238428
238429
238430
238431
238432
238433
238434
238435
238436
238437
238438
238439
238440
238441
238442
238443
238444
238445
238446
238447
238448
238449
238450
238451
238452
238453
238454
238455
238456
238457
238458
238459
238460
238461
238462
238463
238464
238465
238466
238467
238468
238469
238470
238471
238472
238473
238474
238475
238476
238477
238478
238479
238483
238484
238485
238491
238492
238493
238499
238500
238501
238502
238503
238582
238583
238584
238585
238586
238587
238596
238597
238598
238599
238600
238601
238602
238603
238604
238605
238606
238607
238608
238618
238619
238620
238621
238622
238623
238624
238625
238626
238635
238636
238637
238638
238639
238640
238641
238642
238643
238644
238645
238646
238647
238648
238649
238650
238660
238661
238662
238671
238672
238673
238674
238675
238676
238677
238687
238688
238689
238698
238699
238700
238701
238702
238703
238704
238714
238715
238716
238717
238732
238733
238734
238735
238736
238737
238738
238739
238740
238741
238742
238743
238744
238745
238746
238765
238766
238767
238768
238774
238775
238776
238777
238783
238784
238785
238786
238787
238788
239077
239078
239079
239080
240714
240715
240716
240739
240740
240741
240742
240747
240748
240749
240750
240751
240752
240753
240764
240765
240766
240767
240768
240769
240770
240771
240772
240773
240776
240777
240778
240779
240780
240781
240782
240783
240790
240791
240792
240793
240794
240795
240796
240797
240798
240799
240800
240801
240802
240803
240804
240805
240806
240807
240808
240809
240810
240811
240812
240813
240814
240815
240816
240817
240819
240820
240821
240822
240823
240824
240825
240826
240827
240828
240829
240830
240831
240832
240833
240834
240835
240836
240837
240838
240839
240840
240841
240842
240843
240844
240845
240846
240847
240848
240849
240850
240851
240852
240853
240854
240855
240856
240857
240858
240859
240860
240861
240862
240863
240864
240865
240866
240867
240868
240869
240870
240871
240872
240873
240874
240875
240876
240877
240878
240879
240880
240881
240882
240885
240886
240887
240888
240889
240890
240891
240892
240899
240900
240901
240902
240903
240904
240905
240906
240907
240908
240909
240913
240914
240915
240916
240917
240918
240919
240920
240928
240929
240930
240931
240932
240933
240934
240935
240936
240937
240938
240949
240950
240970
240971
240972
240973
240985
240986
240987
240988
240989
241004
241005
241006
241007
241008
241009
241010
241011
241012
241013
241014
241015
241016
241017
241018
241019
241020
241021
241022
241023
241024
241025
241026
241028
241029
241030
241031
241032
241033
241034
241035
241036
241037
241038
241039
241040
241041
241042
241043
241044
241045
241046
241047
241048
241049
241050
241051
241052
241053
241054
241055
241056
241057
241058
241059
241060
241061
241062
241063
241064
241065
241066
241067
241068
241069
241070
241071
241072
241073
241074
241075
241076
241077
241078
241079
241080
241081
241082
241083
241084
241085
241086
241087
241088
241089
241090
241091
241092
241093
241094
241095
241096
241097
241098
241099
241100
241101
241102
241103
241104
241105
241106
241107
241108
241109
241110
241111
241112
241113
241114
241115
241116
241117
241118
241119
241120
241121
241122
241123
241124
241125
241126
241127
241128
241129
241130
241131
241132
241133
241134
241135
241140
241141
241142
241143
241144
241145
241155
241156
241157
241158
241159
241160
241161
241162
241163
241213
241214
241215
241216
241217
241231
241232
241233
241234
241235
241236
241237
241238
241239
241240
241241
241242
241243
241244
241245
241246
241247
241248
241249
241250
241251
241252
241253
241254
241255
241256
241257
241258
241259
241260
241261
241262
241263
241264
241265
241266
241267
241268
241269
241270
241271
241272
241273
241274
241275
241276
241277
241278
241279
241280
241281
241282
241283
241284
241285
241286
241287
241288
241289
241290
241291
241292
241293
241294
241295
241296
241297
241298
241299
241300
241301
241302
241303
241304
241305
241306
241307
241308
241309
241310
241311
241312
241313
241314
241315
241316
241317
241318
241319
241320
241321
241322
241323
241324
241325
241326
241327
241331
241332
241333
241334
241335
241336
241337
241338
241344
241345
241346
241347
241348
241349
241350
241351
241352
241404
241405
241406
241407
241408
241424
241425
241426
241427
241428
241429
241430
241431
241432
241433
241434
241435
241436
241437
241438
241439
241440
241441
241442
241443
241444
241445
241446
241447
241448
241449
241450
241451
241452
241453
241454
241455
241456
241457
241458
241459
241460
241461
241462
241463
241464
241465
241466
241467
241468
241469
241470
241471
241472
241473
241474
241475
241476
241477
241478
241479
241480
241481
241482
241483
241484
241485
241486
241487
241488
241489
241490
241491
241492
241493
241494
241495
241496
241497
241498
241499
241500
241501
241502
241503
241504
241505
241506
241507
241508
241509
241510
241511
241512
241513
241514
241515
241516
241520
241521
241522
241535
241536
241537
241538
241539
241585
241586
241587
241588
241589
241590
241591
241592
241593
241594
241598
241599
241600
241601
241602
241603
241604
241605
241606
241607
241608
241609
241610
241611
241612
241615
241616
241617
241618
241619
241620
241621
241622
241623
241624
241625
241626
241627
241628
241629
241630
241631
241632
241637
241638
241639
241640
241641
241642
241643
241644
241645
241646
241647
241648
241649
241650
241651
241652
241706
241707
241708
241709
241729
241730
241731
241732
241733
241734
241735
241736
241737
241738
241739
241740
241741
241742
241743
241744
241745
241746
241747
241748
241749
241750
241751
241752
241753
241754
241755
241756
241757
241758
241759
241760
241761
241762
241763
241764
241765
241766
241767
241768
241769
241770
241771
241772
241773
241774
241775
241776
241777
241778
241779
241780
241781
241782
241783
241784
241785
241786
241787
241788
241789
241790
241791
241792
241793
241794
241795
241796
241797
241798
241799
241800
241801
241802
241803
241804
241805
241806
241807
241808
241809
241810
241811
241812
241813
241814
241815
241819
241820
241826
241827
241833
241834
241835
241836
241843
241844
241858
241859
241860
241861
241875
241876
241877
241878
241879
241889
241890
241891
241893
241894
241895
241896
241897
241909
241910
241911
241912
241913
241914
241915
241916
241917
241918
241919
241920
241921
241922
241923
241924
241925
241926
241927
241928
241929
241930
241931
241932
241933
241934
241935
241936
241937
241938
241939
241940
241941
241942
241943
241944
241945
241946
241947
241948
241949
241950
241951
241952
241953
241954
241955
241956
241957
241958
241959
241960
241961
241962
241963
241964
241965
241966
241967
241968
241969
241970
241971
241972
241973
241974
241975
241976
241977
241978
241979
241980
241981
241982
241986
241987
241988
241994
241995
241996
242002
242003
242004
242005
242006
242085
242086
242087
242088
242089
242090
242091
242092
242093
242094
242095
242096
242097
242098
242099
242100
242101
242102
242103
242104
242105
242106
242107
242108
242109
242110
242111
242112
242113
242114
242115
242116
242117
242118
242119
242120
242121
242122
242123
242124
242125
242126
242127
242128
242129
242130
242131
242132
242133
242134
242135
242136
242137
242138
242139
242140
242141
242142
242143
242144
242145
242146
242147
242148
242149
242150
242151
242152
242153
242154
242155
242156
242157
242158
242159
242160
242161
242162
242163
242164
242165
242166
242167
242168
242169
242170
242171
242172
242173
242174
242175
242176
242177
242178
242179
242180
242181
242182
242183
242184
242185
242186
242187
242188
242189
242190
242191
242192
242193
242194
242195
242196
242197
242198
242199
242200
242201
242202
242206
242207
242208
242209
242215
242216
242217
242218
242225
242226
242227
242228
242229
244169
244170
244171
244194
244195
244196
244197
244202
244203
244204
244205
244206
244207
244208
244219
244220
244221
244222
244223
244224
244225
244226
244227
244228
244231
244232
244233
244234
244235
244236
244237
244238
244245
244246
244247
244248
244249
244250
244251
244252
244253
244254
244255
244256
244257
244258
244259
244260
244261
244262
244263
244264
244265
244266
244267
244268
244269
244270
244271
244272
244274
244275
244276
244277
244278
244279
244280
244281
244282
244283
244284
244285
244286
244287
244288
244289
244290
244291
244292
244293
244294
244295
244296
244297
244298
244299
244300
244301
244302
244303
244304
244305
244306
244307
244308
244309
244310
244311
244312
244313
244314
244315
244316
244317
244318
244319
244320
244321
244322
244323
244324
244325
244326
244327
244328
244329
244330
244331
244332
244333
244334
244335
244336
244337
244340
244341
244342
244343
244344
244345
244346
244347
244354
244355
244356
244357
244358
244359
244360
244361
244362
244363
244364
244368
244369
244370
244371
244372
244373
244374
244375
244383
244384
244385
244386
244387
244388
244389
244390
244391
244392
244393
244404
244405
244425
244426
244427
244428
244440
244441
244442
244443
244444
244459
244460
244461
244462
244463
244464
244465
244466
244467
244468
244469
244470
244471
244472
244473
244474
244475
244476
244477
244478
244479
244480
244481
244483
244484
244485
244486
244487
244488
244489
244490
244491
244492
244493
244494
244495
244496
244497
244498
244499
244500
244501
244502
244503
244504
244505
244506
244507
244508
244509
244510
244511
244512
244513
244514
244515
244516
244517
244518
244519
244520
244521
244522
244523
244524
244525
244526
244527
244528
244529
244530
244531
244532
244533
244534
244535
244536
244537
244538
244539
244540
244541
244542
244543
244544
244545
244546
244547
244548
244549
244550
244551
244552
244553
244554
244555
244556
244557
244558
244559
244560
244561
244562
244563
244564
244565
244566
244567
244568
244569
244570
244571
244572
244573
244574
244575
244576
244577
244578
244579
244580
244581
244582
244583
244584
244585
244586
244587
244588
244589
244590
244595
244596
244597
244598
244599
244600
244610
244611
244612
244613
244614
244615
244616
244617
244618
244668
244669
244670
244671
244672
244686
244687
244688
244689
244690
244691
244692
244693
244694
244695
244696
244697
244698
244699
244700
244701
244702
244703
244704
244705
244706
244707
244708
244709
244710
244711
244712
244713
244714
244715
244716
244717
244718
244719
244720
244721
244722
244723
244724
244725
244726
244727
244728
244729
244730
244731
244732
244733
244734
244735
244736
244737
244738
244739
244740
244741
244742
244743
244744
244745
244746
244747
244748
244749
244750
244751
244752
244753
244754
244755
244756
244757
244758
244759
244760
244761
244762
244763
244764
244765
244766
244767
244768
244769
244770
244771
244772
244773
244774
244775
244776
244777
244778
244779
244780
244781
244782
244786
244787
244788
244789
244790
244791
244792
244793
244799
244800
244801
244802
244803
244804
244805
244806
244807
244859
244860
244861
244862
244863
244879
244880
244881
244882
244883
244884
244885
244886
244887
244888
244889
244890
244891
244892
244893
244894
244895
244896
244897
244898
244899
244900
244901
244902
244903
244904
244905
244906
244907
244908
244909
244910
244911
244912
244913
244914
244915
244916
244917
244918
244919
244920
244921
244922
244923
244924
244925
244926
244927
244928
244929
244930
244931
244932
244933
244934
244935
244936
244937
244938
244939
244940
244941
244942
244943
244944
244945
244946
244947
244948
244949
244950
244951
244952
244953
244954
244955
244956
244957
244958
244959
244960
244961
244962
244963
244964
244965
244966
244967
244968
244969
244970
244971
244975
244976
244977
244990
244991
244992
244993
244994
245040
245041
245042
245043
245044
245045
245046
245047
245048
245049
245053
245054
245055
245056
245057
245058
245059
245060
245061
245062
245063
245064
245065
245066
245067
245070
245071
245072
245073
245074
245075
245076
245077
245078
245079
245080
245081
245082
245083
245084
245085
245086
245087
245092
245093
245094
245095
245096
245097
245098
245099
245100
245101
245102
245103
245104
245105
245106
245107
245161
245162
245163
245164
245184
245185
245186
245187
245188
245189
245190
245191
245192
245193
245194
245195
245196
245197
245198
245199
245200
245201
245202
245203
245204
245205
245206
245207
245208
245209
245210
245211
245212
245213
245214
245215
245216
245217
245218
245219
245220
245221
245222
245223
245224
245225
245226
245227
245228
245229
245230
245231
245232
245233
245234
245235
245236
245237
245238
245239
245240
245241
245242
245243
245244
245245
245246
245247
245248
245249
245250
245251
245252
245253
245254
245255
245256
245257
245258
245259
245260
245261
245262
245263
245264
245265
245266
245267
245268
245269
245270
245274
245275
245281
245282
245288
245289
245290
245291
245298
245299
245313
245314
245315
245316
245330
245331
245332
245333
245334
245344
245345
245346
245348
245349
245350
245351
245352
245364
245365
245366
245367
245368
245369
245370
245371
245372
245373
245374
245375
245376
245377
245378
245379
245380
245381
245382
245383
245384
245385
245386
245387
245388
245389
245390
245391
245392
245393
245394
245395
245396
245397
245398
245399
245403
245404
245405
245411
245412
245413
245419
245420
245421
245422
245423
245505
245506
245507
245508
245514
245515
245516
245517
247274
247275
247276
247299
247300
247301
247302
247307
247308
247309
247310
247311
247312
247313
247324
247325
247326
247327
247328
247329
247330
247331
247332
247333
247336
247337
247338
247339
247340
247341
247342
247343
247350
247351
247352
247353
247354
247355
247356
247357
247358
247359
247360
247361
247362
247363
247364
247365
247366
247367
247368
247369
247370
247371
247372
247373
247374
247375
247376
247377
247379
247380
247381
247382
247383
247384
247385
247386
247387
247388
247389
247390
247391
247392
247393
247394
247395
247396
247397
247398
247399
247400
247401
247402
247403
247404
247405
247406
247407
247408
247409
247410
247411
247412
247413
247414
247415
247416
247417
247418
247419
247420
247421
247422
247423
247424
247425
247426
247427
247428
247429
247430
247431
247432
247433
247434
247435
247436
247437
247438
247439
247440
247441
247442
247445
247446
247447
247448
247449
247450
247451
247452
247459
247460
247461
247462
247463
247464
247465
247466
247467
247468
247469
247473
247474
247475
247476
247477
247478
247479
247480
247488
247489
247490
247491
247492
247493
247494
247495
247496
247497
247498
247509
247510
247530
247531
247532
247533
247545
247546
247547
247548
247549
247564
247565
247566
247567
247568
247569
247570
247571
247572
247573
247574
247575
247576
247577
247578
247579
247580
247581
247582
247583
247584
247585
247586
247588
247589
247590
247591
247592
247593
247594
247595
247596
247597
247598
247599
247600
247601
247602
247603
247604
247605
247606
247607
247608
247609
247610
247611
247612
247613
247614
247615
247616
247617
247618
247619
247620
247621
247622
247623
247624
247625
247626
247627
247628
247629
247630
247631
247632
247633
247634
247635
247636
247637
247638
247639
247640
247641
247642
247643
247644
247645
247646
247647
247648
247649
247650
247651
247652
247653
247654
247655
247656
247657
247658
247659
247660
247661
247662
247663
247664
247665
247666
247667
247668
247669
247670
247671
247672
247673
247674
247675
247676
247677
247678
247679
247680
247681
247682
247683
247684
247685
247686
247687
247688
247689
247690
247691
247692
247693
247694
247695
247700
247701
247702
247703
247704
247705
247715
247716
247717
247718
247719
247720
247721
247722
247723
247773
247774
247775
247776
247777
247791
247792
247793
247794
247795
247796
247797
247798
247799
247800
247801
247802
247803
247804
247805
247806
247807
247808
247809
247810
247811
247812
247813
247814
247815
247816
247817
247818
247819
247820
247821
247822
247823
247824
247825
247826
247827
247828
247829
247830
247831
247832
247833
247834
247835
247836
247837
247838
247839
247840
247841
247842
247843
247844
247845
247846
247847
247848
247849
247850
247851
247852
247853
247854
247855
247856
247857
247858
247859
247860
247861
247862
247863
247864
247865
247866
247867
247868
247869
247870
247871
247872
247873
247874
247875
247876
247877
247878
247879
247880
247881
247882
247883
247884
247885
247886
247887
247891
247892
247893
247894
247895
247896
247897
247898
247904
247905
247906
247907
247908
247909
247910
247911
247912
247964
247965
247966
247967
247968
247984
247985
247986
247987
247988
247989
247990
247991
247992
247993
247994
247995
247996
247997
247998
247999
248000
248001
248002
248003
248004
248005
248006
248007
248008
248009
248010
248011
248012
248013
248014
248015
248016
248017
248018
248019
248020
248021
248022
248023
248024
248025
248026
248027
248028
248029
248030
248031
248032
248033
248034
248035
248036
248037
248038
248039
248040
248041
248042
248043
248044
248045
248046
248047
248048
248049
248050
248051
248052
248053
248054
248055
248056
248057
248058
248059
248060
248061
248062
248063
248064
248065
248066
248067
248068
248069
248070
248071
248072
248073
248074
248075
248076
248080
248081
248082
248095
248096
248097
248098
248099
248145
248146
248147
248148
248149
248150
248151
248152
248153
248154
248158
248159
248160
248161
248162
248163
248164
248165
248166
248167
248168
248169
248170
248171
248172
248175
248176
248177
248178
248179
248180
248181
248182
248183
248184
248185
248186
248187
248188
248189
248190
248191
248192
248197
248198
248199
248200
248201
248202
248203
248204
248205
248206
248207
248208
248209
248210
248211
248212
248266
248267
248268
248269
248289
248290
248291
248292
248293
248294
248295
248296
248297
248298
248299
248300
248301
248302
248303
248304
248305
248306
248307
248308
248309
248310
248311
248312
248313
248314
248315
248316
248317
248318
248319
248320
248321
248322
248323
248324
248325
248326
248327
248328
248329
248330
248331
248332
248333
248334
248335
248336
248337
248338
248339
248340
248341
248342
248343
248344
248345
248346
248347
248348
248349
248350
248351
248352
248353
248354
248355
248356
248357
248358
248359
248360
248361
248362
248363
248364
248365
248366
248367
248368
248369
248370
248371
248372
248373
248374
248375
248379
248380
248386
248387
248393
248394
248395
248396
248403
248404
248418
248419
248420
248421
248435
248436
248437
248438
248439
248450
248451
248452
248454
248455
248456
248457
248458
248459
248472
248473
248474
248475
248476
248477
248478
248479
248480
248481
248482
248483
248484
248485
248486
248487
248488
248489
248490
248491
248492
248493
248494
248495
248496
248497
248498
248499
248500
248501
248502
248503
248504
248505
248506
248507
248511
248512
248513
248519
248520
248521
248527
248528
248529
248530
248531
248751
248752
248753
248754
250514
250515
250516
250539
250540
250541
250542
250547
250548
250549
250550
250551
250552
250553
250564
250565
250566
250567
250568
250569
250570
250571
250572
250573
250576
250577
250578
250579
250580
250581
250582
250583
250590
250591
250592
250593
250594
250595
250596
250597
250598
250599
250600
250601
250602
250603
250604
250605
250606
250607
250608
250609
250610
250611
250612
250613
250614
250615
250616
250617
250619
250620
250621
250622
250623
250624
250625
250626
250627
250628
250629
250630
250631
250632
250633
250634
250635
250636
250637
250638
250639
250640
250641
250642
250643
250644
250645
250646
250647
250648
250649
250650
250651
250652
250653
250654
250655
250656
250657
250658
250659
250660
250661
250662
250663
250664
250665
250666
250667
250668
250669
250670
250671
250672
250673
250674
250675
250676
250677
250678
250679
250680
250681
250682
250685
250686
250687
250688
250689
250690
250691
250692
250699
250700
250701
250702
250703
250704
250705
250706
250707
250708
250709
250713
250714
250715
250716
250717
250718
250719
250720
250728
250729
250730
250731
250732
250733
250734
250735
250736
250737
250738
250749
250750
250770
250771
250772
250773
250785
250786
250787
250788
250789
250804
250805
250806
250807
250808
250809
250810
250811
250812
250813
250814
250815
250816
250817
250818
250819
250820
250821
250822
250823
250824
250825
250826
250828
250829
250830
250831
250832
250833
250834
250835
250836
250837
250838
250839
250840
250841
250842
250843
250844
250845
250846
250847
250848
250849
250850
250851
250852
250853
250854
250855
250856
250857
250858
250859
250860
250861
250862
250863
250864
250865
250866
250867
250868
250869
250870
250871
250872
250873
250874
250875
250876
250877
250878
250879
250880
250881
250882
250883
250884
250885
250886
250887
250888
250889
250890
250891
250892
250893
250894
250895
250896
250897
250898
250899
250900
250901
250902
250903
250904
250905
250906
250907
250908
250909
250910
250911
250912
250913
250914
250915
250916
250917
250918
250919
250920
250921
250922
250923
250924
250925
250926
250927
250928
250929
250930
250931
250932
250933
250934
250935
250940
250941
250942
250943
250944
250945
250955
250956
250957
250958
250959
250960
250961
250962
250963
251013
251014
251015
251016
251017
251031
251032
251033
251034
251035
251036
251037
251038
251039
251040
251041
251042
251043
251044
251045
251046
251047
251048
251049
251050
251051
251052
251053
251054
251055
251056
251057
251058
251059
251060
251061
251062
251063
251064
251065
251066
251067
251068
251069
251070
251071
251072
251073
251074
251075
251076
251077
251078
251079
251080
251081
251082
251083
251084
251085
251086
251087
251088
251089
251090
251091
251092
251093
251094
251095
251096
251097
251098
251099
251100
251101
251102
251103
251104
251105
251106
251107
251108
251109
251110
251111
251112
251113
251114
251115
251116
251117
251118
251119
251120
251121
251122
251123
251124
251125
251126
251127
251131
251132
251133
251134
251135
251136
251137
251138
251144
251145
251146
251147
251148
251149
251150
251151
251152
251204
251205
251206
251207
251208
251224
251225
251226
251227
251228
251229
251230
251231
251232
251233
251234
251235
251236
251237
251238
251239
251240
251241
251242
251243
251244
251245
251246
251247
251248
251249
251250
251251
251252
251253
251254
251255
251256
251257
251258
251259
251260
251261
251262
251263
251264
251265
251266
251267
251268
251269
251270
251271
251272
251273
251274
251275
251276
251277
251278
251279
251280
251281
251282
251283
251284
251285
251286
251287
251288
251289
251290
251291
251292
251293
251294
251295
251296
251297
251298
251299
251300
251301
251302
251303
251304
251305
251306
251307
251308
251309
251310
251311
251312
251313
251314
251315
251316
251320
251321
251322
251335
251336
251337
251338
251339
251385
251386
251387
251388
251389
251390
251391
251392
251393
251394
251398
251399
251400
251401
251402
251403
251404
251405
251406
251407
251408
251409
251410
251411
251412
251415
251416
251417
251418
251419
251420
251421
251422
251423
251424
251425
251426
251427
251428
251429
251430
251431
251432
251437
251438
251439
251440
251441
251442
251443
251444
251445
251446
251447
251448
251449
251450
251451
251452
251506
251507
251508
251509
251529
251530
251531
251532
251533
251534
251535
251536
251537
251538
251539
251540
251541
251542
251543
251544
251545
251546
251547
251548
251549
251550
251551
251552
251553
251554
251555
251556
251557
251558
251559
251560
251561
251562
251563
251564
251565
251566
251567
251568
251569
251570
251571
251572
251573
251574
251575
251576
251577
251578
251579
251580
251581
251582
251583
251584
251585
251586
251587
251588
251589
251590
251591
251592
251593
251594
251595
251596
251597
251598
251599
251600
251601
251602
251603
251604
251605
251606
251607
251608
251609
251610
251611
251612
251613
251614
251615
251619
251620
251626
251627
251633
251634
251635
251636
251643
251644
251658
251659
251660
251661
251675
251676
251677
251678
251679
251690
251691
251692
251694
251695
251696
251697
251698
251699
251712
251713
251714
251715
251716
251717
251718
251719
251720
251721
251722
251723
251724
251725
251726
251727
251728
251729
251730
251731
251732
251733
251734
251735
251736
251737
251738
251739
251740
251741
251742
251743
251744
251745
251746
251747
251751
251752
251753
251759
251760
251761
251767
251768
251769
251770
251771
251850
251851
251852
251853
253613
253614
253615
253638
253639
253640
253641
253646
253647
253648
253649
253650
253651
253652
253663
253664
253665
253666
253667
253668
253669
253670
253671
253672
253675
253676
253677
253678
253679
253680
253681
253682
253689
253690
253691
253692
253693
253694
253695
253696
253697
253698
253699
253700
253701
253702
253703
253704
253705
253706
253707
253708
253709
253710
253711
253712
253713
253714
253715
253716
253718
253719
253720
253721
253722
253723
253724
253725
253726
253727
253728
253729
253730
253731
253732
253733
253734
253735
253736
253737
253738
253739
253740
253741
253742
253743
253744
253745
253746
253747
253748
253749
253750
253751
253752
253753
253754
253755
253756
253757
253758
253759
253760
253761
253762
253763
253764
253765
253766
253767
253768
253769
253770
253771
253772
253773
253774
253775
253776
253777
253778
253779
253780
253781
253784
253785
253786
253787
253788
253789
253790
253791
253798
253799
253800
253801
253802
253803
253804
253805
253806
253807
253808
253812
253813
253814
253815
253816
253817
253818
253819
253827
253828
253829
253830
253831
253832
253833
253834
253835
253836
253837
253848
253849
253869
253870
253871
253872
253884
253885
253886
253887
253888
253903
253904
253905
253906
253907
253908
253909
253910
253911
253912
253913
253914
253915
253916
253917
253918
253919
253920
253921
253922
253923
253924
253925
253927
253928
253929
253930
253931
253932
253933
253934
253935
253936
253937
253938
253939
253940
253941
253942
253943
253944
253945
253946
253947
253948
253949
253950
253951
253952
253953
253954
253955
253956
253957
253958
253959
253960
253961
253962
253963
253964
253965
253966
253967
253968
253969
253970
253971
253972
253973
253974
253975
253976
253977
253978
253979
253980
253981
253982
253983
253984
253985
253986
253987
253988
253989
253990
253991
253992
253993
253994
253995
253996
253997
253998
253999
254000
254001
254002
254003
254004
254005
254006
254007
254008
254009
254010
254011
254012
254013
254014
254015
254016
254017
254018
254019
254020
254021
254022
254023
254024
254025
254026
254027
254028
254029
254030
254031
254032
254033
254034
254039
254040
254041
254042
254043
254044
254054
254055
254056
254057
254058
254059
254060
254061
254062
254112
254113
254114
254115
254116
254130
254131
254132
254133
254134
254135
254136
254137
254138
254139
254140
254141
254142
254143
254144
254145
254146
254147
254148
254149
254150
254151
254152
254153
254154
254155
254156
254157
254158
254159
254160
254161
254162
254163
254164
254165
254166
254167
254168
254169
254170
254171
254172
254173
254174
254175
254176
254177
254178
254179
254180
254181
254182
254183
254184
254185
254186
254187
254188
254189
254190
254191
254192
254193
254194
254195
254196
254197
254198
254199
254200
254201
254202
254203
254204
254205
254206
254207
254208
254209
254210
254211
254212
254213
254214
254215
254216
254217
254218
254219
254220
254221
254222
254223
254224
254225
254226
254230
254231
254232
254233
254234
254235
254236
254237
254243
254244
254245
254246
254247
254248
254249
254250
254251
254303
254304
254305
254306
254307
254323
254324
254325
254326
254327
254328
254329
254330
254331
254332
254333
254334
254335
254336
254337
254338
254339
254340
254341
254342
254343
254344
254345
254346
254347
254348
254349
254350
254351
254352
254353
254354
254355
254356
254357
254358
254359
254360
254361
254362
254363
254364
254365
254366
254367
254368
254369
254370
254371
254372
254373
254374
254375
254376
254377
254378
254379
254380
254381
254382
254383
254384
254385
254386
254387
254388
254389
254390
254391
254392
254393
254394
254395
254396
254397
254398
254399
254400
254401
254402
254403
254404
254405
254406
254407
254408
254409
254410
254411
254412
254413
254414
254415
254419
254420
254421
254434
254435
254436
254437
254438
254484
254485
254486
254487
254488
254489
254490
254491
254492
254493
254497
254498
254499
254500
254501
254502
254503
254504
254505
254506
254507
254508
254509
254510
254511
254514
254515
254516
254517
254518
254519
254520
254521
254522
254523
254524
254525
254526
254527
254528
254529
254530
254531
254536
254537
254538
254539
254540
254541
254542
254543
254544
254545
254546
254547
254548
254549
254550
254551
254605
254606
254607
254608
254628
254629
254630
254631
254632
254633
254634
254635
254636
254637
254638
254639
254640
254641
254642
254643
254644
254645
254646
254647
254648
254649
254650
254651
254652
254653
254654
254655
254656
254657
254658
254659
254660
254661
254662
254663
254664
254665
254666
254667
254668
254669
254670
254671
254672
254673
254674
254675
254676
254677
254678
254679
254680
254681
254682
254683
254684
254685
254686
254687
254688
254689
254690
254691
254692
254693
254694
254695
254696
254697
254698
254699
254700
254701
254702
254703
254704
254705
254706
254707
254708
254709
254710
254711
254712
254713
254714
254718
254719
254725
254726
254732
254733
254734
254735
254742
254743
254748
254749
254750
254751
254752
254757
254758
254759
254760
254767
254768
254769
254770
254771
254772
254773
254774
254775
254776
254777
254778
254779
254780
254781
254782
254783
254784
254785
254786
254787
254788
254789
254790
254791
254792
254793
254794
254795
254796
254797
254798
254799
254800
254801
254802
254803
254804
254805
254806
254807
254808
254809
254810
254811
254812
254813
254814
254815
254816
254817
254818
254819
254820
254821
254822
254824
254825
254826
254827
254828
254829
254830
254831
254832
254833
254834
254835
254836
254837
254838
254839
254841
254842
254844
254845
254846
254850
254851
254852
254858
254859
254860
254867
254868
254869
254870
254877
254878
254879
254893
254894
254895
254896
254897
254911
254919
254921
254922
254923
254924
254925
254926
254928
256712
256713
256714
256737
256738
256739
256740
256745
256746
256747
256748
256749
256750
256751
256762
256763
256764
256765
256766
256767
256768
256769
256770
256771
256774
256775
256776
256777
256778
256779
256780
256781
256788
256789
256790
256791
256792
256793
256794
256795
256796
256797
256798
256799
256800
256801
256802
256803
256804
256805
256806
256807
256808
256809
256810
256811
256812
256813
256814
256815
256817
256818
256819
256820
256821
256822
256823
256824
256825
256826
256827
256828
256829
256830
256831
256832
256833
256834
256835
256836
256837
256838
256839
256840
256841
256842
256843
256844
256845
256846
256847
256848
256849
256850
256851
256852
256853
256854
256855
256856
256857
256858
256859
256860
256861
256862
256863
256864
256865
256866
256867
256868
256869
256870
256871
256872
256873
256874
256875
256876
256877
256878
256879
256880
256883
256884
256885
256886
256887
256888
256889
256890
256897
256898
256899
256900
256901
256902
256903
256904
256905
256906
256907
256911
256912
256913
256914
256915
256916
256917
256918
256926
256927
256928
256929
256930
256931
256932
256933
256934
256935
256936
256947
256948
256968
256969
256970
256971
256983
256984
256985
256986
256987
257002
257003
257004
257005
257006
257007
257008
257009
257010
257011
257012
257013
257014
257015
257016
257017
257018
257019
257020
257021
257022
257023
257024
257026
257027
257028
257029
257030
257031
257032
257033
257034
257035
257036
257037
257038
257039
257040
257041
257042
257043
257044
257045
257046
257047
257048
257049
257050
257051
257052
257053
257054
257055
257056
257057
257058
257059
257060
257061
257062
257063
257064
257065
257066
257067
257068
257069
257070
257071
257072
257073
257074
257075
257076
257077
257078
257079
257080
257081
257082
257083
257084
257085
257086
257087
257088
257089
257090
257091
257092
257093
257094
257095
257096
257097
257098
257099
257100
257101
257102
257103
257104
257105
257106
257107
257108
257109
257110
257111
257112
257113
257114
257115
257116
257117
257118
257119
257120
257121
257122
257123
257124
257125
257126
257127
257128
257129
257130
257131
257132
257133
257138
257139
257140
257141
257142
257143
257153
257154
257155
257156
257157
257158
257159
257160
257161
257211
257212
257213
257214
257215
257229
257230
257231
257232
257233
257234
257235
257236
257237
257238
257239
257240
257241
257242
257243
257244
257245
257246
257247
257248
257249
257250
257251
257252
257253
257254
257255
257256
257257
257258
257259
257260
257261
257262
257263
257264
257265
257266
257267
257268
257269
257270
257271
257272
257273
257274
257275
257276
257277
257278
257279
257280
257281
257282
257283
257284
257285
257286
257287
257288
257289
257290
257291
257292
257293
257294
257295
257296
257297
257298
257299
257300
257301
257302
257303
257304
257305
257306
257307
257308
257309
257310
257311
257312
257313
257314
257315
257316
257317
257318
257319
257320
257321
257322
257323
257324
257325
257329
257330
257331
257332
257333
257334
257335
257336
257342
257343
257344
257345
257346
257347
257348
257349
257350
257402
257403
257404
257405
257406
257422
257423
257424
257425
257426
257427
257428
257429
257430
257431
257432
257433
257434
257435
257436
257437
257438
257439
257440
257441
257442
257443
257444
257445
257446
257447
257448
257449
257450
257451
257452
257453
257454
257455
257456
257457
257458
257459
257460
257461
257462
257463
257464
257465
257466
257467
257468
257469
257470
257471
257472
257473
257474
257475
257476
257477
257478
257479
257480
257481
257482
257483
257484
257485
257486
257487
257488
257489
257490
257491
257492
257493
257494
257495
257496
257497
257498
257499
257500
257501
257502
257503
257504
257505
257506
257507
257508
257509
257510
257511
257512
257513
257514
257518
257519
257520
257533
257534
257535
257536
257537
257583
257584
257585
257586
257587
257588
257589
257590
257591
257592
257596
257597
257598
257599
257600
257601
257602
257603
257604
257605
257606
257607
257608
257609
257610
257613
257614
257615
257616
257617
257618
257619
257620
257621
257622
257623
257624
257625
257626
257627
257628
257629
257630
257635
257636
257637
257638
257639
257640
257641
257642
257643
257644
257645
257646
257647
257648
257649
257650
257704
257705
257706
257707
257727
257728
257729
257730
257731
257732
257733
257734
257735
257736
257737
257738
257739
257740
257741
257742
257743
257744
257745
257746
257747
257748
257749
257750
257751
257752
257753
257754
257755
257756
257757
257758
257759
257760
257761
257762
257763
257764
257765
257766
257767
257768
257769
257770
257771
257772
257773
257774
257775
257776
257777
257778
257779
257780
257781
257782
257783
257784
257785
257786
257787
257788
257789
257790
257791
257792
257793
257794
257795
257796
257797
257798
257799
257800
257801
257802
257803
257804
257805
257806
257807
257808
257809
257810
257811
257812
257813
257817
257818
257824
257825
257831
257832
257833
257834
257841
257842
257847
257848
257849
257850
257851
257856
257857
257858
257859
257866
257867
257868
257869
257870
257871
257872
257873
257874
257875
257876
257877
257878
257879
257880
257881
257882
257883
257884
257885
257886
257887
257888
257889
257890
257891
257892
257893
257894
257895
257896
257897
257898
257899
257900
257901
257902
257903
257904
257905
257906
257907
257908
257909
257910
257911
257912
257913
257914
257915
257916
257917
257918
257919
257920
257921
257923
257924
257925
257926
257927
257928
257929
257930
257931
257932
257933
257934
257935
257936
257937
257938
257940
257941
257943
257944
257945
257949
257950
257951
257957
257958
257959
257966
257967
257968
257969
257976
257977
257978
257992
257993
257994
257995
257996
258010
258018
258020
258021
258022
258023
258024
258025
258027
259811
259812
259813
259836
259837
259838
259839
259844
259845
259846
259847
259848
259849
259850
259861
259862
259863
259864
259865
259866
259867
259868
259869
259870
259873
259874
259875
259876
259877
259878
259879
259880
259887
259888
259889
259890
259891
259892
259893
259894
259895
259896
259897
259898
259899
259900
259901
259902
259903
259904
259905
259906
259907
259908
259909
259910
259911
259912
259913
259914
259916
259917
259918
259919
259920
259921
259922
259923
259924
259925
259926
259927
259928
259929
259930
259931
259932
259933
259934
259935
259936
259937
259938
259939
259940
259941
259942
259943
259944
259945
259946
259947
259948
259949
259950
259951
259952
259953
259954
259955
259956
259957
259958
259959
259960
259961
259962
259963
259964
259965
259966
259967
259968
259969
259970
259971
259972
259973
259974
259975
259976
259977
259978
259979
259982
259983
259984
259985
259986
259987
259988
259989
259996
259997
259998
259999
260000
260001
260002
260003
260004
260005
260006
260010
260011
260012
260013
260014
260015
260016
260017
260025
260026
260027
260028
260029
260030
260031
260032
260033
260034
260035
260046
260047
260067
260068
260069
260070
260082
260083
260084
260085
260086
260101
260102
260103
260104
260105
260106
260107
260108
260109
260110
260111
260112
260113
260114
260115
260116
260117
260118
260119
260120
260121
260122
260123
260125
260126
260127
260128
260129
260130
260131
260132
260133
260134
260135
260136
260137
260138
260139
260140
260141
260142
260143
260144
260145
260146
260147
260148
260149
260150
260151
260152
260153
260154
260155
260156
260157
260158
260159
260160
260161
260162
260163
260164
260165
260166
260167
260168
260169
260170
260171
260172
260173
260174
260175
260176
260177
260178
260179
260180
260181
260182
260183
260184
260185
260186
260187
260188
260189
260190
260191
260192
260193
260194
260195
260196
260197
260198
260199
260200
260201
260202
260203
260204
260205
260206
260207
260208
260209
260210
260211
260212
260213
260214
260215
260216
260217
260218
260219
260220
260221
260222
260223
260224
260225
260226
260227
260228
260229
260230
260231
260232
260237
260238
260239
260240
260241
260242
260252
260253
260254
260255
260256
260257
260258
260259
260260
260310
260311
260312
260313
260314
260328
260329
260330
260331
260332
260333
260334
260335
260336
260337
260338
260339
260340
260341
260342
260343
260344
260345
260346
260347
260348
260349
260350
260351
260352
260353
260354
260355
260356
260357
260358
260359
260360
260361
260362
260363
260364
260365
260366
260367
260368
260369
260370
260371
260372
260373
260374
260375
260376
260377
260378
260379
260380
260381
260382
260383
260384
260385
260386
260387
260388
260389
260390
260391
260392
260393
260394
260395
260396
260397
260398
260399
260400
260401
260402
260403
260404
260405
260406
260407
260408
260409
260410
260411
260412
260413
260414
260415
260416
260417
260418
260419
260420
260421
260422
260423
260424
260428
260429
260430
260431
260432
260433
260434
260435
260441
260442
260443
260444
260445
260446
260447
260448
260449
260501
260502
260503
260504
260505
260521
260522
260523
260524
260525
260526
260527
260528
260529
260530
260531
260532
260533
260534
260535
260536
260537
260538
260539
260540
260541
260542
260543
260544
260545
260546
260547
260548
260549
260550
260551
260552
260553
260554
260555
260556
260557
260558
260559
260560
260561
260562
260563
260564
260565
260566
260567
260568
260569
260570
260571
260572
260573
260574
260575
260576
260577
260578
260579
260580
260581
260582
260583
260584
260585
260586
260587
260588
260589
260590
260591
260592
260593
260594
260595
260596
260597
260598
260599
260600
260601
260602
260603
260604
260605
260606
260607
260608
260609
260610
260611
260612
260613
260617
260618
260619
260632
260633
260634
260635
260636
260682
260683
260684
260685
260686
260687
260688
260689
260690
260691
260695
260696
260697
260698
260699
260700
260701
260702
260703
260704
260705
260706
260707
260708
260709
260712
260713
260714
260715
260716
260717
260718
260719
260720
260721
260722
260723
260724
260725
260726
260727
260728
260729
260735
260736
260737
260738
260739
260740
260741
260742
260743
260744
260746
260747
260748
260749
260803
260804
260805
260806
260826
260827
260828
260829
260830
260831
260832
260833
260834
260835
260836
260837
260838
260839
260840
260841
260842
260843
260844
260845
260846
260847
260848
260849
260850
260851
260852
260853
260854
260855
260856
260857
260858
260859
260860
260861
260862
260863
260864
260865
260866
260867
260868
260869
260870
260871
260872
260873
260874
260875
260876
260877
260879
260880
260881
260882
260883
260884
260885
260886
260887
260888
260916
260917
260940
260941
260946
260947
260948
260949
260950
260955
260956
260957
260958
260965
260966
260967
260968
260969
260970
260971
260972
260973
260974
260975
260976
260977
260978
260979
260980
260981
260982
260983
260984
260985
260986
260987
260988
260989
260990
260991
260992
260993
260994
260995
260996
260997
260998
260999
261000
261001
261002
261003
261004
261005
261006
261007
261008
261009
261011
261012
261013
261014
261015
261016
261017
261020
261022
261023
261024
261048
261049
261050
261075
261076
261077
261091
261092
261093
261094
261095
261109
261117
261119
261120
261121
261122
261123
261124
261126
262910
262911
262912
262943
262944
262945
262946
262947
262948
262949
262972
262973
262974
262975
262976
262977
262978
262979
262997
262998
262999
263000
263001
263002
263004
263005
263006
263007
263008
263009
263010
263011
263012
263013
263036
263037
263038
263039
263040
263041
263042
263043
263044
263045
263046
263047
263048
263049
263050
263051
263052
263053
263054
263055
263056
263057
263058
263059
263060
263061
263062
263064
263065
263066
263067
263068
263069
263070
263071
263072
263073
263074
263075
263076
263077
263078
263081
263082
263083
263084
263085
263086
263087
263088
263095
263096
263097
263098
263099
263100
263101
263102
263103
263104
263105
263109
263110
263111
263112
263113
263114
263115
263116
263124
263125
263126
263127
263128
263129
263130
263131
263132
263133
263134
263145
263146
263166
263167
263168
263169
263181
263182
263183
263184
263185
263206
263207
263208
263209
263210
263211
263213
263214
263215
263216
263217
263219
263220
263221
263222
263245
263247
263248
263249
263250
263251
263252
263253
263254
263256
263257
263258
263259
263261
263286
263287
263288
263289
263290
263291
263292
263293
263294
263295
263296
263297
263298
263299
263300
263301
263302
263303
263304
263305
263306
263307
263308
263309
263311
263312
263313
263314
263315
263316
263317
263318
263319
263320
263321
263322
263324
263325
263326
263327
263328
263329
263330
263331
263336
263337
263338
263339
263340
263341
263351
263353
263354
263355
263356
263358
263359
263409
263410
263411
263412
263413
263433
263435
263436
263437
263438
263439
263440
263441
263442
263444
263445
263446
263447
263448
263449
263450
263452
263453
263480
263481
263482
263483
263484
263485
263486
263487
263488
263489
263490
263491
263492
263493
263494
263495
263496
263497
263498
263499
263500
263501
263502
263503
263504
263505
263507
263508
263509
263510
263512
263513
263514
263516
263517
263518
263519
263520
263521
263522
263523
263527
263528
263529
263530
263531
263532
263533
263534
263540
263542
263543
263544
263545
263547
263548
263600
263601
263602
263603
263604
263626
263628
263629
263630
263631
263632
263633
263634
263635
263636
263637
263639
263640
263641
263642
263643
263644
263670
263671
263672
263673
263674
263675
263676
263677
263678
263679
263680
263681
263682
263683
263684
263685
263686
263687
263688
263689
263690
263691
263692
263693
263694
263696
263697
263698
263699
263701
263702
263703
263705
263706
263707
263708
263709
263710
263711
263716
263717
263718
263733
263734
263735
263781
263782
263783
263784
263785
263786
263787
263788
263789
263790
263812
263813
263814
263815
263816
263817
263818
263819
263820
263822
263823
263824
263902
263903
263904
263905
263930
263932
263933
263934
263935
263936
263937
263938
263939
263940
263941
263943
263944
263945
263946
263947
264039
264040
264045
264046
264047
264048
264049
264070
264072
264073
264074
264075
264076
264077
264078
264080
264081
264082
264083
264084
264174
264175
264176
266135
266136
266137
266145
266146
266147
266148
266149
266151
266152
266153
266180
266181
266182
266183
266184
266185
266186
266187
266208
266209
266210
266211
266212
266213
266214
266215
266244
266245
266390
266391
266392
266393
266394
352859
352860
352907
352908
352909
352910
352911
352914
352915
352916
352917
352918
352919
352920
352921
352922
352923
352924
352925
352926
352927
352928
352929
352930
352931
352932
352933
352934
352935
352936
352937
352938
352939
352940
352941
352942
352943
352944
352945
352946
352947
352948
352949
352950
352951
352952
352953
352954
352955
352956
352957
352958
352959
352960
352961
352962
352963
352964
352965
352966
352967
352968
352969
352970
352971
352972
352973
352974
352975
352976
352977
352978
352979
352980
352987
352988
352989
352990
352993
352994
352995
352996
352997
352998
352999
353006
353007
353008
353009
353010
353012
353013
353014
353015
353016
353017
353018
353019
353020
353021
353022
353023
353024
353025
353026
353027
353028
353029
353030
353031
353032
353033
353034
353035
353036
353037
353038
353039
353040
353041
353042
353043
353044
353045
353046
353047
353048
353049
353050
353051
353052
353053
353054
353055
353056
353057
353058
353059
353060
353061
353062
353063
353064
353065
353066
353067
353068
353069
353070
353071
353073
353074
353075
353076
353077
353078
353079
353080
353081
353082
353083
353084
353085
353086
353087
353088
353089
353090
353091
353092
353093
353094
353095
353096
353097
353098
353099
353100
353101
353102
353103
353104
353105
353106
353107
353108
353109
353110
353111
353112
353113
353114
353115
353116
353117
353118
353119
353120
353121
353122
353123
353124
353125
353126
353127
353128
353129
353130
353131
353132
353133
353134
353135
353136
353137
353138
353139
353140
353141
353142
353143
353144
353145
353146
353147
353148
353149
353150
353151
353152
353153
353154
353155
353156
353157
353158
353159
353160
353161
353162
353163
353164
353165
353166
353167
353168
353169
353170
353171
353172
353173
353174
353175
353176
353177
353178
353179
353180
353181
353182
353183
353184
353185
353186
353187
353188
353189
353190
353191
353192
353193
353194
353195
353196
353197
353198
353199
353200
353201
353202
353203
353204
353211
353212
353213
353214
353217
353218
353219
353220
353221
353222
353223
353230
353231
353232
353233
353234
353236
353237
353238
353239
353240
353241
353242
353243
353244
353245
353246
353247
353248
353249
353250
353251
353252
353253
353254
353255
353256
353257
353258
353259
353260
353261
353262
353263
353264
353265
353266
353267
353268
353269
353270
353271
353282
353283
353284
353287
353305
353306
353307
353308
353309
353310
353311
353312
353313
353314
353315
353316
353317
353318
353319
353320
353321
353322
353323
353324
353325
353326
353327
353328
353329
353330
353331
353332
353333
353338
353339
353344
353345
353346
353348
353378
353379
353380
353381
353384
353385
353398
353399
353400
353401
353404
353405
353408
353409
353410
353411
353412
353413
353414
353415
353416
353417
353418
353419
353420
353421
353422
353423
353424
353425
353426
353427
353428
353429
353430
353431
353432
353433
353434
353435
353436
353437
353438
353439
353440
353441
353442
353443
353444
353445
353446
353447
353448
353449
353450
353451
353452
353453
353454
353455
353456
353457
353458
353459
353460
353461
353462
353463
353464
353465
353466
353467
353468
353469
353470
353471
353472
353473
353474
353475
353476
353477
353478
353479
353480
353481
353482
353483
353484
353485
353486
353487
353488
353489
353490
353491
353492
353493
353494
353495
353496
353497
353498
353499
353500
353501
353502
353503
353504
353505
353506
353507
353508
353509
353510
353511
353512
353513
353514
353515
353516
353517
353518
353519
353520
353521
353522
353523
353524
353525
353526
353527
353528
353529
353530
353531
353532
353533
353534
353535
353536
353537
353538
353539
353540
353541
353542
353543
353544
353545
353546
353547
353548
353549
353550
353551
353552
353553
353554
353555
353556
353557
353558
353559
353560
353561
353562
353563
353564
353565
353566
353567
353568
353592
353593
353594
353597
353614
353615
353616
353617
353618
353619
353620
353621
353622
353623
353624
353625
353626
353627
353628
353629
353630
353631
353632
353633
353637
353638
353639
353640
353642
353643
353668
353669
353670
353671
353674
353675
353688
353689
353690
353691
353694
353695
353698
353699
353700
353701
353702
353703
353704
353705
353706
353707
353708
353709
353710
353711
353712
353713
353714
353715
353716
353717
353718
353719
353720
353721
353722
353723
353724
353725
353726
353727
353728
353729
353730
353731
353732
353733
353734
353735
353736
353737
353738
353739
353740
353741
353742
353743
353744
353745
353746
353747
353748
353749
353750
353751
353752
353753
353754
353755
353756
353757
353758
353759
353760
353761
353762
353763
353764
353765
353766
353767
353768
353769
353770
353771
353772
353773
353774
353775
353776
353777
353778
353779
353780
353781
353782
353783
353784
353785
353786
353787
353788
353789
353793
353794
353795
353796
353797
353799
353800
353801
353802
353817
353818
353819
353820
353821
353825
353826
353827
353828
353829
353831
353832
353833
353834
353861
353862
353863
353864
353867
353868
353894
353895
353896
353897
353898
353899
353900
353901
353902
353903
353904
353905
353907
353908
353909
353910
353911
353912
353913
353914
353915
353916
353917
353918
353919
353920
353921
353922
353923
353924
353925
353926
353927
353928
353929
353930
353931
353932
353933
353934
353935
353936
353937
353938
353939
353940
353941
353942
353943
353944
353945
353946
353947
353948
353949
353950
353951
353952
353953
353954
353955
353956
353957
353958
353959
353960
353961
353962
353963
353964
353965
353966
353967
353968
353969
353970
353971
353972
353973
353982
353983
353984
353985
353987
353988
353991
353992
353993
353994
353995
353996
353997
353998
353999
354000
354001
354002
354003
354004
354005
354023
354024
354025
354026
354027
354028
354029
354030
354031
354032
354033
354034
354035
354036
354037
354038
354039
354040
354041
354042
354043
354044
354045
354046
354047
354048
354049
354050
354051
354052
354053
354054
354055
354056
354057
354058
354059
354060
354061
354062
354063
354064
354076
354077
354078
354079
354080
354081
354082
354083
354084
354085
354086
354087
354088
354089
354090
354091
354092
354093
354094
354095
354096
354097
354098
354099
354103
354104
354105
354106
354107
354109
354110
354111
354112
354113
354114
354115
354116
354117
354118
354119
354120
354121
354122
354123
354124
354125
354126
354127
354128
354131
354132
354133
354134
354138
354140
354141
354142
354143
354144
354145
354146
354147
354148
354149
354150
354151
354152
354153
354154
354155
354156
354157
354212
354213
354214
354215
354216
354217
354223
354228
354229
354230
354231
354232
354233
354234
354235
354236
354237
354238
354239
354240
354241
354242
354243
354244
354245
354246
354247
354248
354249
354250
354251
354252
354253
354254
354255
354256
354257
354258
354259
354260
354261
354262
354263
354264
354265
354266
354267
354268
354269
354270
354271
354272
354273
354274
354275
354276
354277
354278
354279
354280
354281
354282
354283
354284
354285
354286
354287
354288
354289
354290
354291
354292
354293
354294
354295
354296
354297
354298
354299
354300
354301
354302
354303
354304
354305
354306
354311
354312
354317
354318
354319
354320
354322
354323
354330
354331
354332
354333
354334
354335
354340
354414
354415
354419
354420
354421
354422
354423
354424
354449
354450
354451
354455
354474
354475
354476
354477
354478
354479
354480
354481
354482
354483
354484
354485
354486
354487
354488
354489
354506
354507
354508
354509
354510
354511
354512
354513
354514
354515
354516
354517
354518
354519
354520
354633
354634
354635
354636
354637
354638
354639
354640
354641
354642
354643
354644
354645
354646
354647
354648
354649
354650
354651
354652
354653
354654
354655
354656
354657
354658
354659
354660
354661
354662
354663
354664
354681
354682
354683
354684
354685
354686
354687
354688
354689
354690
354691
354692
354693
354694
354695
354779
354780
354781
354783
354784
354785
354786
354787
354788
354789
354791
354794
360054
360055
360056
360057
360058
360059
360060
360061
360062
360063
360064
360065
360066
360067
360068
360069
360070
360071
360072
360073
360074
360075
360076
360077
360078
360079
360080
360081
360082
360083
360084
360085
360086
360087
360088
360089
360090
360091
360092
360093
360094
360095
360096
360097
360098
360099
360100
360101
360102
360103
360104
360105
360106
360107
360108
360109
360110
360111
360112
360113
360114
360115
360116
360117
360118
360119
360120
360121
360122
360123
360124
360125
360126
360127
360128
360129
360130
360131
360132
360133
360134
360135
360136
360137
360138
360139
360140
360141
360142
360143
360144
360145
360146
360147
360148
360149
360150
360151
360152
360153
360154
360155
360156
360157
360158
360159
360160
360161
360162
360163
360164
360165
360166
360167
360168
360169
360170
360171
360172
360173
360174
360175
360176
360177
360178
360179
360180
360181
360182
360183
360184
360185
360186
360187
360188
360189
360190
360191
360192
360193
360194
360195
360196
360197
360198
360199
360200
360201
360202
360203
360204
360205
360206
360207
360208
360209
360210
360211
360212
360213
360214
360215
360216
360217
360218
360219
360220
360221
360222
360223
360224
360225
360226
360227
360228
360229
360230
360231
360232
360233
360234
360235
360236
360237
360238
360239
360240
360241
360242
360243
360244
360245
360246
360247
360248
360249
360250
360251
360252
360286
360287
360288
360289
360290
360291
360292
360293
360294
360295
360296
360297
360298
360299
360300
360301
360302
360303
360304
360305
360306
360307
360308
360309
360310
360311
360312
360313
360314
360315
360316
360317
360318
360319
360320
360321
360322
360323
360324
360325
360326
360327
360328
360329
360330
360331
360332
360333
360334
360335
360336
360337
360338
360339
360340
360341
360342
360343
360344
360345
360346
360347
360348
360349
360350
360351
360352
360353
360354
360355
360356
360357
360358
360359
360360
360361
360362
360363
360364
360365
360369
360370
360372
360373
360374
360380
360381
360382
360383
360385
360386
360387
360388
360389
360390
360391
360392
360394
360396
360397
360398
360399
360400
360401
360402
360403
360404
360405
360406
360407
360408
360409
360410
360411
360412
360413
360414
360415
360416
360417
360418
360419
360420
360421
360422
360423
360424
360425
360426
360427
360428
360429
360430
360431
360432
360433
360434
360435
360436
360437
360438
360439
360440
360441
360442
360443
360444
360445
360446
360447
360448
360449
360450
360451
360452
360453
360454
360455
360456
360457
360458
360459
360460
360461
360462
360463
360464
360465
360466
360467
360468
360469
360470
360471
360472
360473
360474
360475
360476
360477
360478
360479
360480
360481
360482
360483
360484
360523
360524
360525
360526
360527
360528
360529
360530
360531
360532
360533
360534
360535
360536
360537
360538
360539
360540
360541
360542
360543
360544
360545
360546
360547
360548
360549
360550
360551
360552
360553
360554
360555
360556
360557
360558
360559
360560
360561
360562
360563
360564
360565
360566
360567
360568
360618
360619
360620
360621
360622
360623
360624
360625
360626
360627
360628
360629
360630
360631
360632
360633
360634
360635
360636
360637
360638
360639
360640
360641
360642
360643
360644
360645
360646
360647
360648
360649
360650
360651
360652
360653
360654
360655
360656
360745
360746
360748
360749
360750
360751
360753
360754
360756
360757
360758
360759
361313
361314
361315
361316
361317
361318
361319
361320
361321
361322
361323
361324
361325
361326
361327
361328
361329
361330
361331
361332
361333
361334
361335
361336
361337
361338
361339
361340
361341
361342
361343
361344
361345
361346
361347
361348
361349
361350
361351
361352
361398
361399
361400
361401
361402
361403
361404
361405
361406
361407
361408
361409
361410
361411
361412
361413
361414
361415
361416
361417
361418
361419
361420
361421
361422
361423
361424
361425
361426
361427
361428
361429
361430
361431
361432
361433
361434
361435
361436
361480
361481
361482
361483
361484
361485
361486
361487
361488
361489
361490
361491
361492
361493
361494
361495
361496
361497
361498
361499
361500
361501
361502
361503
361504
361505
361506
361507
361508
361509
361510
361511
361512
361513
361514
361515
361516
361517
361518
361519
361565
361566
361567
361568
361569
361570
361571
361572
361573
361574
361575
361576
361577
361578
361579
361580
361581
361582
361583
361584
361585
361586
361587
361588
361589
361590
361591
361592
361593
361594
361595
361596
361597
361598
361599
361600
361601
361602
361603
361647
361648
361649
361650
361651
361652
361653
361654
361655
361656
361657
361658
361659
361660
361661
361662
361663
361664
361665
361666
361667
361668
361669
361670
361671
361672
361673
361674
361675
361676
361677
361678
361679
361680
361681
361682
361683
361684
361685
361686
361732
361733
361734
361735
361736
361737
361738
361739
361740
361741
361742
361743
361744
361745
361746
361747
361748
361749
361750
361751
361752
361753
361754
361755
361756
361757
361758
361759
361760
361761
361762
361763
361764
361765
361766
361767
361768
361769
361770
361814
361815
361816
361817
361818
361819
361820
361821
361822
361823
361824
361825
361826
361827
361828
361829
361830
361831
361832
361833
361834
361835
361836
361837
361838
361839
361840
361841
361842
361843
361844
361845
361846
361914
361915
361916
361917
361918
361919
361920
361921
361922
361923
361924
361925
361926
361927
361928
361929
361930
361931
361932
361933
361934
361935
361936
361937
361938
361939
361940
361941
361942
361943
361944
361945
361946
361947
361948
361949
362019
362020
362021
362022
362023
362024
362025
362026
362027
362028
362029
362030
362031
362032
362033
362034
362035
362036
362037
362038
362039
362040
362041
362042
362043
362044
362045
362046
362047
362048
362049
362050
362051
362052
362053
362054
362055
362056
362057
362109
362110
362111
362112
362113
362114
362115
362116
362117
362118
362119
362120
362121
362173
362174
362175
362176
362177
362178
362179
362180
362181
362182
362183
362184
362185
362186
362234
362237
362243
362245
362250
362255
362272
362274
362275
362281
362282
362283
362288
362292
362293
362295
362304
362305
362306
362307
364749
364751
364752
364757
364758
364766
364767
364769
364777
364778
364921
364923
364924
364929
364930
364937
364938
364940
364948
364949
364950
364951
365059
365060
365061
365062
365063
365064
365065
365066
365067
365068
365069
365070
365071
365072
365073
365074
365075
365076
365077
365078
365079
365080
365081
365082
365083
365084
365085
365086
365087
365088
365089
365090
365091
365092
365093
365094
365095
365096
365097
365098
365099
365100
365101
365102
365103
365104
365105
365106
365107
365108
365109
365110
365111
365112
365113
365114
365115
365116
365117
365118
365119
365120
365121
365122
365123
365124
365125
365126
365127
365128
365129
365130
365131
365132
365133
365134
365135
365136
365137
365138
365139
365140
365141
365142
365143
365144
365145
365146
365147
365148
365149
365150
365151
365152
365153
365154
365155
365156
365157
365158
365159
365160
365161
365162
365163
365164
365165
365166
365167
365168
365169
365170
365171
365172
365173
365174
365175
365176
365177
365178
365179
365180
365181
365182
365183
365184
365185
365186
365187
365188
365189
365190
365191
365192
365193
365194
365195
365196
365197
365198
365199
365200
365252
365253
365254
365255
365256
365257
365258
365259
365260
365261
365262
365263
365264
365265
365266
365267
365268
365269
365270
365271
365272
365273
365274
365275
365276
365277
365278
365279
365280
365281
365282
365283
365284
365285
365286
365287
365288
365289
365290
365291
365292
365293
365294
365295
365296
365297
365298
365299
365300
365301
365302
365303
365304
365305
365306
365307
365308
365309
365310
365311
365312
365313
365314
365315
365316
365317
365318
365319
365320
365321
365322
365323
365324
365325
365326
365327
365328
365329
365330
365331
365332
365333
365334
365335
365336
365337
365338
365339
365340
365341
365342
365343
365344
365345
365346
365347
365348
365349
365350
365351
365352
365353
365354
365355
365356
365357
365358
365359
365360
365361
365362
365363
365364
365365
365366
365367
365368
365369
365370
365371
365372
365373
365374
365375
365376
365377
365378
365379
365380
365381
365382
365383
365384
365385
365386
365387
365388
365389
365390
365391
365392
365393
365394
365395
365396
365397
365398
365399
365400
365401
365402
365403
365404
365405
365406
365407
365408
365409
365410
365411
365412
365413
365414
365415
365416
365417
365418
365419
365420
365421
365422
365423
365424
365425
365426
365427
365428
365429
365430
365431
365432
365433
365434
365435
365436
365437
365438
365439
365440
365441
365442
365443
365444
365445
365446
365447
365448
365449
365450
365451
365452
365453
365454
365455
365456
365457
365458
365459
365460
365461
365462
365463
365464
365465
365466
365467
365468
365469
365470
365471
365472
365473
365474
365475
365476
365477
365478
365479
365480
365481
365482
365483
365484
365485
365486
365487
365488
365489
365490
365491
365492
365493
365494
365495
365496
365497
365498
365499
365500
365501
365502
365503
365504
365505
365506
365507
365508
365509
365510
365511
365512
365513
365514
365515
365516
365517
365518
365519
365520
365521
365522
365523
365524
365525
365526
365527
365528
365529
365530
365531
365532
365533
365534
365535
365536
365537
365538
365539
365540
365541
365542
365543
365544
365545
365546
365547
365548
365549
365550
365551
365552
365553
365554
365555
365556
365557
365558
365559
365560
365561
365562
365563
365564
365565
365566
365567
365568
365569
365570
365571
365572
365573
365574
365575
365576
365577
365578
365579
365581
365582
365583
365584
365585
365586
365587
365588
365589
365590
365591
365592
365593
365594
365595
365596
365597
365599
365600
365601
365602
365603
365605
365606
365607
365608
365609
365610
365612
365613
365614
365615
365616
365617
365618
365619
365620
366093
366094
366095
366096
366097
366098
366100
366101
366102
366103
366104
366105
366106
366107
366109
366110
366563
366564
366565
366566
366567
366568
366569
366570
366571
366572
366573
366574
366575
366576
366577
366578
366579
366580
366581
366582
366583
366584
366585
366586
366587
366588
366589
366590
366591
366592
366593
366594
366595
366596
366597
366598
366599
366600
366601
366602
366603
366604
366605
366606
366607
366608
366609
366610
366611
366612
366613
366614
366615
366616
366617
366618
366619
366620
366621
366622
366623
366624
366625
366626
366627
366628
366629
366630
366631
366632
366633
366634
366635
366636
366637
366638
366639
366640
366641
366642
366643
366644
366645
366646
366647
366648
366649
366650
366651
366652
366653
366654
366655
366656
366657
366658
366659
366660
366661
366662
366663
366664
366665
366666
366667
366668
366669
366670
366671
366672
366673
366674
366675
366676
366677
366678
366679
366680
366681
366682
366683
366684
366685
366686
366687
366688
366689
366690
366691
366692
366693
366694
366695
366696
366697
366698
366699
366700
366701
366702
366703
366704
366705
366706
366707
366708
366709
366710
366711
366712
366713
366714
366715
366716
366717
366718
366719
366720
366721
366722
366723
366724
366725
366726
366727
366728
366729
366730
366731
366732
366733
366734
366735
366736
366737
366738
366739
366740
366741
366742
366743
366744
366745
366746
366747
366748
366749
366750
366751
366752
366753
366754
366755
366756
366757
366758
366759
366760
366761
366762
366763
366764
366765
366766
366767
366768
366769
366770
366771
366772
366773
366774
366775
366776
366777
366778
366779
366780
366781
366782
366783
366784
366785
366786
366787
366788
366789
366790
366791
366792
366793
366794
366795
366796
366797
366798
366799
366800
366801
366802
366803
366804
366805
366806
366807
366808
366809
366810
366811
366812
366813
366814
366815
366816
366817
366818
366819
366820
366821
366822
366823
366824
366825
366826
366827
366828
366829
366830
366831
366832
366833
366834
366835
366836
366837
366838
366839
366840
366841
366842
366843
366844
366845
366846
366847
366848
366849
366850
366851
366852
366853
366854
366855
366856
366857
366858
366859
366860
366861
366862
366863
366864
366865
366866
366867
366868
366869
366870
366871
366872
366873
366874
366875
366876
366877
366878
366879
366880
366881
366882
366883
366884
366885
366886
366887
366888
366889
366890
366891
366892
366893
366894
366895
366896
366897
366898
366899
366900
366901
366902
366903
366904
366905
366906
366907
366908
366909
366910
366911
366912
366913
366914
366915
366916
366917
366918
366919
366920
366921
366922
366923
366924
366925
366926
366927
366928
366929
366930
366931
366932
366933
366934
366935
366936
366937
366938
366939
366940
366941
366942
366943
366944
366945
366946
366947
366948
366949
366950
366951
366952
366953
366954
366955
366956
366957
366958
366959
366960
366961
366962
366963
366964
366965
366966
366967
366968
366969
366970
366971
366972
366973
366974
366975
366976
366977
366978
366979
366980
366981
366982
366983
366984
366985
366986
366987
366988
367135
367136
367137
367138
367139
367140
367141
367142
367143
367144
367145
367146
367147
367148
367149
367150
367151
367152
367153
367154
367155
367156
367157
367158
367159
367160
367161
367162
367163
367164
367165
367166
367167
367168
367169
367170
367171
367172
367173
367174
367175
367176
367177
367178
367179
367180
367181
367182
367183
367184
367185
367186
367187
367188
367189
367190
367191
367192
367193
367194
367195
367196
367197
367198
367199
367200
367201
367202
367203
367204
367205
367206
367207
367208
367209
367210
367211
367212
367213
367214
367215
367216
367217
367218
367219
367220
367221
367222
367223
367224
367225
367226
367227
367228
367229
367230
367231
367232
367233
367234
367235
367236
367237
367238
367239
367240
367241
367242
367243
367244
367245
367246
367247
367248
367249
367250
367251
367252
367253
367254
367255
367256
367257
367258
367259
367260
367261
367262
367263
367264
367265
367266
367267
367268
367269
367270
367271
367272
367273
367274
367275
367276
367277
367278
367279
367280
367281
367282
367283
367284
367285
367286
367405
367406
367407
367408
367409
367410
367411
367412
367413
367414
367415
367416
367417
367418
367419
367420
367421
367422
367423
367424
367425
367426
367427
367428
367429
367430
367431
367432
367433
367434
367435
367436
367437
367438
367439
367440
367441
367442
367443
367444
367445
367446
367447
367448
367449
367450
367451
367452
367453
367454
367455
367456
367457
367458
367459
367460
367461
367462
367463
367464
367465
367466
367467
367468
367469
367470
367471
367472
367473
367474
367475
367476
367477
367478
367479
367480
367481
367482
367483
367484
367485
367486
367487
367488
367489
367490
367491
367492
367493
367494
367495
367496
367497
367498
367499
367500
367501
367502
367503
367504
367505
367506
367507
367508
367509
367510
367511
367512
367513
367514
367515
367516
367517
367518
367519
367520
367521
367522
367523
367524
367525
367526
367527
367528
367529
367530
367531
367532
367533
367534
367535
367536
367537
367538
367539
367540
367541
367542
367543
367544
367545
367546
367547
367548
367549
367550
367551
367552
367553
367554
367618
367619
367620
367621
367622
367623
367624
367625
367626
367627
367628
367629
367630
367631
367632
367633
367634
367635
367636
367637
367638
367639
367640
367641
367642
367643
367644
367645
367646
367647
367648
367649
367650
367651
367652
367653
367654
367655
367656
367657
367658
367659
367660
367661
367662
367663
367664
367665
367666
367667
367668
367669
367670
367671
367672
367673
367674
367675
367676
367677
367678
367679
367680
367681
367682
367683
367684
367685
367686
367687
367688
367689
367690
367691
367692
367693
367694
367695
367696
367697
367698
367699
367700
367701
367702
367703
367704
367705
367706
367707
367708
367709
367710
367711
367712
367713
367714
367715
367716
367717
367718
367719
367720
367721
367722
367723
367724
367725
367726
367727
367728
367729
367730
367731
367732
367733
367734
367735
367736
367737
367738
367739
367740
367741
367742
367743
367744
367745
367809
367810
367811
367812
367813
367814
367815
367816
367817
367818
367819
367820
367821
367822
367823
367824
367825
367826
367827
367828
367829
367830
367831
367832
367833
367834
367835
367836
367837
367838
367839
367840
367841
367842
367843
367844
367845
367846
367847
367848
367849
367850
367851
367852
367853
367854
367855
367856
367857
367858
367859
367860
367861
367862
367863
367864
367865
367866
367867
367868
367869
367870
367871
367872
367873
367874
367875
367876
367877
367878
367879
367880
367881
367882
367883
367884
367885
367886
367887
367888
367889
367890
367891
367892
367893
367894
367895
367896
367897
367898
367899
367900
367901
367902
367903
367904
367905
367906
367907
367908
367909
367910
367911
367912
367913
367914
367915
367916
367917
367918
367919
367920
367921
367922
367923
367924
367925
367926
367927
367928
367929
367930
367931
367932
367933
367934
367935
367936
368075
368076
368077
368078
368079
368080
368081
368082
368083
368084
368085
368086
368087
368088
368089
368090
368091
368092
368093
368094
368095
368096
368097
368098
368099
368100
368101
368102
368103
368104
368105
368106
368107
368108
368109
368110
368111
368112
368113
368114
368115
368116
368117
368118
368119
368120
368121
368122
368123
368124
368125
368126
368127
368128
368129
368130
368131
368132
368133
368134
368135
368136
368137
368138
368139
368140
368141
368142
368143
368144
368145
368146
368147
368148
368149
368150
368151
368152
368153
368154
368155
368156
368157
368158
368159
368160
368161
368162
368163
368164
368165
368166
368167
368168
368169
368170
368171
368172
368173
368174
368175
368176
368177
368178
368179
368180
368181
368182
368183
368184
368185
368186
368187
368188
368189
368190
368191
368192
368193
368194
368195
368196
368197
368198
368199
368200
368201
368202
368203
368204
368205
368206
368207
368208
368209
368210
368211
368212
368213
368214
368215
368216
368217
368218
368219
368220
368221
368222
368223
368224
368225
368226
368227
368228
368229
368230
368231
368232
368233
368234
368235
368236
368237
368238
368239
368240
368241
368242
368243
368244
368245
368246
368247
368248
368249
368250
368251
368252
368253
368254
368255
368256
368257
368258
368259
368260
368261
368262
368263
368264
368265
368266
368267
368268
368269
368270
368271
368272
368273
368274
368275
368276
368277
368278
368279
368280
368281
368282
368283
368284
368285
368286
368287
368288
368289
368290
368291
368292
368293
368294
368295
368296
368297
368298
368299
368300
368301
368302
368303
368304
368305
368306
368307
368308
368309
368310
368311
368312
368313
368314
368315
368316
368317
368318
368319
368320
368321
368322
368323
368324
368325
368326
368327
368328
368329
368330
368331
368332
368333
368334
368335
368336
368337
368338
368339
368340
368341
368342
368343
368344
368345
368346
368347
368348
368349
368350
368351
368352
368353
368354
368355
368356
368357
368358
368359
368360
368361
368362
368363
368364
368365
368366
368367
368368
368369
368370
368371
368372
368373
368374
368375
368376
368377
368378
368379
368380
368381
368382
368383
368384
368385
368386
368387
368388
368389
368390
368391
368392
368393
368394
368395
368396
368397
368398
368399
368400
368401
368402
368403
368404
368405
368406
368407
368408
368409
368410
368411
368412
368413
368414
368415
368416
368417
368418
368419
368420
368421
368422
368423
368424
368425
368426
368427
368428
368429
368430
368431
368432
368433
368434
368435
368436
368437
368438
368439
368440
368441
368442
368443
368444
368445
368446
368447
368448
368449
368450
368451
368452
368453
368454
368455
368456
368457
368458
368459
368460
368461
368462
368463
368464
368465
368466
368467
368468
368469
368470
368471
368472
368473
368474
368475
368476
368477
368478
368479
368480
368481
368482
368483
368484
368485
368486
368487
368488
368489
368490
368491
368492
368493
368494
368495
368496
368497
368498
368499
368500
368501
368502
368503
368504
368505
368506
368507
368508
368509
368510
368511
368512
368513
368514
368515
368516
368517
368518
368519
368520
368521
368522
368523
368524
368525
368526
368527
368528
368529
368530
368531
368532
368533
368534
368535
368536
368537
368538
368539
368540
368541
368542
368543
368544
368545
368546
368547
368548
368549
368550
368551
368552
368553
368554
368555
368556
368557
368558
368559
368560
368561
368562
368563
368564
368565
368566
368567
368568
368569
368570
368571
368572
368573
368574
368575
368576
368577
368578
368579
368580
368581
368582
368583
368584
368585
368586
368587
368588
368589
368590
368591
368592
368593
368594
368595
368596
368597
368598
368599
368600
368601
368602
368603
368604
368605
368606
368607
368608
368609
368610
368611
368612
368613
368614
368615
368616
368617
368618
368619
368620
368621
368622
368623
368624
368625
368626
368627
368628
368629
368630
368631
368632
368633
368634
368635
368636
368637
368638
368639
368640
368641
368642
368643
368644
368645
368646
368647
368648
368649
368650
368651
368652
368653
368654
368655
368656
368657
368658
368659
368660
368661
368662
368663
368664
368665
368666
368667
368668
368669
368670
368671
368672
368673
368674
368675
368676
368677
368678
368679
368680
368681
368682
368683
368684
368685
368686
368687
368688
368689
368690
368691
368692
368693
368694
368695
368696
368697
368698
368699
368700
368701
368702
368703
368704
368705
368706
368707
368708
368709
368710
368711
368712
368713
368714
368715
368716
368717
368718
368719
368720
368721
368722
368723
368724
368725
368726
368727
368728
368729
368730
368731
368732
368733
368734
368735
368736
368737
368738
368739
368740
368741
368742
368743
368744
368745
368746
368747
368748
368749
368750
368751
368752
368753
368754
368755
368756
368757
368758
368759
368760
368761
368762
368763
368764
368765
368766
368767
368768
368769
368770
368771
368772
368773
368774
368775
368776
368777
368778
368779
368780
368781
368782
368783
368784
368785
368786
368787
368788
368789
368790
368791
368792
368793
368794
368795
368796
368797
368798
368799
368800
368801
368802
368803
368804
368805
368806
368807
368808
368809
368810
368811
368812
368813
368814
368815
368816
368817
368818
368819
368820
368821
368822
368823
368824
368825
368826
368827
368828
368829
368830
368831
368832
368833
368834
368835
368836
368837
368838
368839
368840
368841
368842
368843
368844
368845
368846
368847
368848
368849
368850
368851
368852
368853
368854
368855
368856
368857
368858
368859
368860
368861
368862
368863
368864
368865
368866
368867
368868
368869
368870
368871
368872
368873
368874
368875
368876
368877
368878
368879
368880
368881
368882
368883
368884
368885
368886
368887
368888
368889
368890
368891
368892
368893
368894
368895
368896
368897
368898
368899
368900
368901
368902
368903
368904
368905
368906
368907
368908
368909
368910
368911
368912
368913
368914
368915
368916
368917
368918
368919
368920
368921
368922
368923
368924
368925
368926
368927
368928
368929
368930
368931
368932
368933
368934
368935
368936
368937
368938
368939
368940
368941
368942
368943
368944
368945
368946
368947
368948
368949
368950
368951
368952
368953
368954
368955
368956
368957
368958
368959
368960
368961
368962
368963
368964
368965
368966
368967
368968
368969
368970
368971
368972
368973
368974
368975
368976
368977
368978
368979
368980
368981
368982
368983
368984
368985
368986
368987
368988
368989
368990
368991
368992
368993
368994
368995
368996
368997
368998
368999
369000
369001
369002
369003
369004
369005
369006
369007
369008
369009
369010
369011
369012
369013
369014
369015
369016
369017
369018
369019
369020
369021
369022
369023
369024
369025
369026
369027
369028
369029
369030
369031
369032
369033
369034
369035
369036
369037
369038
369039
369040
369041
369042
369043
369044
369045
369046
369047
369048
369049
369050
369051
369052
369053
369054
369055
369056
369057
369058
369059
369060
369061
369062
369063
369064
369065
369066
369067
369068
369069
369070
369071
369072
369073
369074
369075
369076
369077
369078
369079
369080
369081
369082
369083
369084
369085
369086
369087
369088
369089
369090
369091
369092
369093
369094
369095
369096
369097
369098
369099
369100
369101
369102
369103
369104
369105
369106
369107
369108
369109
369110
369111
369112
369113
369114
369115
369116
369117
369118
369119
369120
369121
369122
369123
369124
369125
369126
369127
369128
369129
369130
369131
369132
369133
369134
369135
369136
369137
369138
369139
369140
369141
369142
369143
369144
369145
369146
369147
369148
369149
369150
369151
369152
369153
369154
369155
369156
369157
369158
369159
369160
369161
369162
369163
369164
369165
369166
369167
369168
369169
369170
369171
369172
369173
369174
369175
369176
369177
369178
369179
369180
369181
369182
369183
369184
369185
369186
369187
369188
369189
369190
369191
369192
369193
369194
369195
369196
369197
369198
369199
369200
369201
369202
369203
369204
369205
369206
369207
369208
369209
369210
369211
369212
369213
369214
369215
369216
369217
369218
369219
369220
369221
369222
369223
369224
369225
369226
369227
369228
369229
369230
369231
369232
369233
369234
369235
369236
369237
369238
369239
369240
369241
369242
369243
369244
369245
369246
369247
369248
369249
369250
369251
369252
369253
369254
369255
369256
369257
369258
369259
369260
369261
369262
369263
369264
369265
369266
369267
369268
369269
369270
369271
369272
369273
369274
369275
369276
369277
369278
369279
369280
369281
369282
369283
369284
369285
369286
369287
369288
369289
369290
369291
369292
369293
369294
369295
369296
369297
369298
369299
369300
369301
369302
369303
369304
369305
369306
369307
369308
369309
369310
369311
369312
369313
369314
369315
369316
369317
369318
369319
369320
369321
369322
369323
369324
369325
369326
369327
369328
369329
369330
369331
369332
369333
369334
369335
369336
369337
369338
369339
369340
369341
369342
369343
369344
369345
369346
369347
369348
369349
369350
369351
369352
369353
369354
369355
369356
369357
369358
369359
369360
369361
369362
369363
369364
369365
369366
369367
369368
369369
369370
369371
369372
369373
369374
369375
369376
369377
369378
369379
369380
369381
369382
369383
369384
369385
369386
369387
369388
369389
369390
369391
369392
369393
369394
369395
369396
369397
369398
369399
369400
369401
369402
369403
369404
369405
369406
369407
369408
369409
369410
369411
369412
369413
369414
369415
369416
369417
369418
369419
369420
369421
369422
369423
369424
369425
369426
369427
369428
369429
369430
369431
369432
369433
369434
369435
369436
369437
369438
369439
369440
369441
369443
369444
369445
369446
369447
369448
369449
369450
369451
369452
369453
369454
369455
369456
369457
369458
369459
369460
369461
369462
369464
369465
369466
369467
369468
369469
369470
369471
369472
369473
369474
369475
369476
369477
369478
369479
369480
369481
369482
369483
369484
369486
369487
369488
369489
369490
369492
369493
369494
369495
369496
369497
369498
369499
369500
369501
369502
369503
369504
369505
369506
369508
369509
369510
369511
369512
369513
369514
369516
369517
369518
369519
369520
369521
369522
369523
369524
369525
369526
369527
369528
369529
369530
369531
369532
369533
369534
369535
369536
369537
369538
369539
369540
369541
369542
369543
369544
369545
369546
369547
369548
369549
369550
369551
369552
369553
369554
369555
369556
369557
369558
369559
369560
369561
369562
369563
369564
369565
369566
369567
369568
369569
369570
369571
369572
369573
369574
369575
369576
369577
369578
369579
369580
369581
369582
369583
369584
369585
369586
369587
369588
369589
369590
369591
369592
369593
369594
369595
369596
369597
369598
369599
369600
369601
369602
369603
369604
369605
369606
369607
369608
369609
369610
369611
369612
369613
369614
369615
369616
369617
369618
369619
369620
369621
369622
369623
369624
369625
369626
369627
369628
369629
369909
369910
369911
369912
369914
369915
369916
369917
369918
369919
369922
369923
369924
369926
369927
369930
369932
369933
369934
369935
369937
369938
369939
369940
369941
369942
369943
369945
369946
369947
369948
369949
369950
369951
369953
369955
369956
369957
369958
369960
369961
369962
369963
369964
369965
369966
369968
369969
369970
369971
369972
369973
369974
369976
369978
369979
369980
369981
369983
369984
369985
369986
369987
369988
369989
369991
369992
369993
369994
369995
369996
369997
369999
371140
371141
371142
371143
371144
371145
371146
371147
371148
371149
371157
371158
371159
371160
371161
371162
371163
371164
371165
371166
371167
371168
371169
371170
371171
371172
371173
371177
371178
371179
371180
371181
371182
371183
371184
371185
371186
371187
371188
371189
371190
371191
371192
371193
371194
371195
371196
371197
371198
371199
371200
371201
371205
371206
371207
371208
371209
371210
371211
371212
371213
371214
371215
371222
371223
371224
371229
371230
371231
371244
371245
371246
371332
371333
371334
371335
371336
371337
371338
371339
371340
371341
371342
371343
371344
371345
371346
371350
371351
371352
371353
371354
371355
371356
371357
371358
371359
371360
371361
371362
371363
371364
371365
371366
371367
371368
371369
371370
371371
371372
371373
371374
371375
371376
371377
371378
371379
371380
371381
371382
371383
371384
371385
371386
371387
371388
371389
371390
371391
371392
371393
371394
371395
371396
371397
371398
371399
371400
371401
371402
371403
371404
371405
371406
371407
371408
371409
371410
371411
371412
371413
371414
371415
371416
371417
371418
371419
371420
371421
371422
371423
371424
371425
371426
371427
371428
371429
371430
371431
371432
371433
371434
371435
371436
371437
371438
371439
371440
371441
371442
371443
371444
371445
371446
371447
371448
371449
371450
371451
371452
371453
371454
371455
371456
371457
371458
371459
371460
371461
371466
371467
371468
371480
371481
371482
371530
371531
371532
371533
371534
371535
371536
371537
371538
371539
371540
371541
371542
371543
371544
371545
371546
371550
371551
371552
371553
371554
371555
371556
371557
371558
371559
371560
371561
371565
371566
371567
371601
371602
371603
371604
371605
371606
371607
371608
371609
371610
371611
371612
371613
371614
371615
371616
371617
371618
371619
371620
371621
371626
371627
371628
371640
371641
371642
371678
371679
371680
371681
371682
371683
371694
371695
371696
371697
371698
371699
371700
371701
371702
371703
371704
371705
371706
371707
371708
371709
371710
371711
371712
371713
371714
371715
371716
371717
371718
371719
371720
371721
371722
371723
371744
371745
371746
371747
371748
371749
371750
371751
371752
371753
371754
371755
371756
371757
371758
371759
371760
371761
371762
371763
371768
371769
371770
371778
371779
371780
371784
371785
371786
371868
371869
371870
371871
371872
371873
371874
371875
371876
371877
371878
371879
371880
371881
371882
371883
371884
371885
371954
371955
371956
371957
371958
371959
371960
371961
371962
371963
371964
371965
371966
371967
371968
371969
371970
371971
371972
371973
371974
371975
371976
371977
371978
371979
371980
371981
371982
371983
371984
371985
371986
371987
371988
371989
371990
371991
371992
371993
371994
371995
371996
371997
371998
371999
372000
372001
372002
372003
372004
372005
372006
372007
372008
372009
372010
372011
372012
372013
372014
372015
372016
372017
372018
372019
372020
372021
372022
372023
372024
372025
372026
372027
372028
372029
372030
372031
372032
372033
372034
372035
372036
372037
372038
372039
372040
372041
372042
372043
372044
372045
372046
372047
372048
372049
372050
372051
372052
372053
372054
372055
372056
372057
372058
372059
372060
372061
372062
372063
372064
372065
372066
372067
372068
372069
372070
372071
372072
372073
372074
372075
372076
372077
372078
372079
372080
372081
372082
372083
372084
372085
372086
372087
372088
372089
372090
372091
372092
372093
372094
372095
372096
372097
372098
372099
372100
372101
372102
372103
372104
372105
372106
372107
372108
372109
372110
372111
372112
372113
372114
372115
372116
372117
372118
372119
372120
372121
372122
372123
372124
372125
372126
372127
372128
372129
372130
372332
372333
372334
372335
372346
372348
372350
372351
372352
372353
372364
372365
372366
372367
372368
372370
372372
372373
372375
372376
372377
372378
372379
372380
372381
372383
373198
373199
373200
373201
373202
373207
373208
373209
373210
373215
373216
373217
373221
373222
373223
373224
373225
373226
373227
373228
373229
373230
373231
373232
373233
373234
373235
373236
373237
373241
373242
373243
373244
373245
373246
373247
373248
373249
373250
373251
373252
373253
373254
373255
373256
373257
373258
373259
373260
373261
373262
373263
373264
373265
373266
373267
373268
373269
373270
373271
373272
373273
373274
373275
373276
373281
373282
373283
373284
373285
373289
373290
373291
373295
373296
373297
373307
373308
373309
373310
373320
373321
373322
373408
373409
373410
373411
373412
373413
373414
373415
373416
373417
373418
373419
373420
373421
373422
373426
373427
373428
373429
373430
373431
373432
373433
373434
373435
373436
373437
373438
373439
373440
373441
373442
373443
373444
373445
373446
373447
373448
373449
373450
373451
373452
373453
373454
373455
373456
373457
373458
373459
373460
373461
373462
373463
373464
373465
373466
373467
373468
373469
373470
373471
373472
373473
373474
373475
373476
373477
373478
373479
373480
373481
373482
373483
373484
373485
373486
373487
373488
373489
373490
373491
373492
373493
373494
373495
373496
373497
373498
373499
373500
373501
373502
373503
373504
373505
373506
373507
373508
373509
373510
373511
373512
373513
373514
373515
373516
373517
373518
373519
373520
373521
373522
373523
373524
373525
373526
373527
373528
373529
373530
373531
373532
373533
373534
373544
373545
373546
373547
373556
373557
373558
373606
373607
373608
373609
373610
373611
373612
373613
373614
373615
373616
373617
373618
373619
373620
373621
373622
373623
373624
373625
373626
373627
373628
373629
373634
373635
373636
373637
373638
373639
373640
373641
373642
373643
373647
373648
373649
373683
373684
373685
373686
373687
373688
373689
373690
373691
373692
373693
373694
373695
373696
373697
373698
373699
373700
373701
373702
373703
373704
373705
373706
373716
373717
373718
373719
373728
373729
373730
373761
373762
373763
373764
373777
373778
373779
373785
373786
373787
373788
373789
373790
373791
373792
373793
373794
373795
373796
373797
373798
373799
373800
373801
373802
373803
373804
373805
373806
373807
373808
373809
373810
373811
373835
373836
373837
373838
373839
373840
373841
373842
373843
373844
373845
373846
373847
373848
373849
373850
373851
373852
373853
373854
373855
373856
373857
373868
373869
373870
373871
373872
373873
373874
373881
373882
373883
373968
373969
373970
373971
373972
373973
373974
373975
373976
373977
373978
373979
373980
373981
373982
373983
373984
373985
373986
373987
373988
374060
374061
374062
374063
374064
374065
374066
374067
374068
374069
374070
374071
374072
374073
374074
374075
374076
374077
374078
374079
374080
374081
374082
374083
374084
374085
374086
374087
374088
374089
374090
374091
374092
374093
374094
374095
374096
374097
374098
374099
374100
374101
374102
374103
374104
374105
374106
374107
374108
374109
374110
374111
374112
374113
374114
374115
374116
374117
374118
374119
374120
374121
374122
374123
374124
374125
374126
374127
374128
374129
374130
374131
374132
374133
374134
374135
374136
374137
374138
374139
374140
374141
374142
374143
374144
374145
374146
374147
374148
374149
374150
374151
374152
374153
374154
374155
374156
374157
374158
374159
374160
374161
374162
374163
374164
374165
374166
374167
374168
374169
374170
374171
374172
374173
374174
374175
374176
374177
374178
374179
374180
374181
374182
374183
374184
374185
374186
374187
374188
374189
374190
374191
374192
374193
374194
374195
374196
374197
374198
374199
374200
374201
374202
374203
374204
374205
374206
374207
374208
374209
374210
374211
374212
374213
374214
374215
374216
374217
374218
374219
374220
374221
374222
374223
374224
374225
374226
374227
374228
374229
374230
374231
374232
374233
374234
374235
374236
374441
374442
374443
374444
374454
374457
374458
374459
374460
374470
374471
374472
374474
374475
374476
374477
374478
374479
374480
374481
374483
374484
374485
374486
374487
374489
374490
374492
375355
375356
375357
375358
375359
375364
375365
375366
375367
375372
375373
375374
375378
375379
375380
375381
375382
375383
375384
375385
375386
375387
375388
375389
375390
375391
375392
375393
375394
375398
375399
375400
375401
375402
375403
375404
375405
375406
375407
375408
375409
375410
375411
375412
375413
375414
375415
375416
375417
375418
375419
375420
375421
375422
375423
375424
375425
375426
375427
375428
375429
375430
375431
375432
375433
375438
375439
375440
375441
375442
375446
375447
375448
375452
375453
375454
375464
375465
375466
375467
375477
375478
375479
375565
375566
375567
375568
375569
375570
375571
375572
375573
375574
375575
375576
375577
375578
375579
375583
375584
375585
375586
375587
375588
375589
375590
375591
375592
375593
375594
375595
375596
375597
375598
375599
375600
375601
375602
375603
375604
375605
375606
375607
375608
375609
375610
375611
375612
375613
375614
375615
375616
375617
375618
375619
375620
375621
375622
375623
375624
375625
375626
375627
375628
375629
375630
375631
375632
375633
375634
375635
375636
375637
375638
375639
375640
375641
375642
375643
375644
375645
375646
375647
375648
375649
375650
375651
375652
375653
375654
375655
375656
375657
375658
375659
375660
375661
375662
375663
375664
375665
375666
375667
375668
375669
375670
375671
375672
375673
375674
375675
375676
375677
375678
375679
375680
375681
375682
375683
375684
375685
375686
375687
375688
375689
375690
375691
375701
375702
375703
375704
375713
375714
375715
375763
375764
375765
375766
375767
375768
375769
375770
375771
375772
375773
375774
375775
375776
375777
375778
375779
375780
375781
375782
375783
375784
375785
375786
375791
375792
375793
375794
375795
375796
375797
375798
375799
375800
375804
375805
375806
375840
375841
375842
375843
375844
375845
375846
375847
375848
375849
375850
375851
375852
375853
375854
375855
375856
375857
375858
375859
375860
375861
375862
375863
375873
375874
375875
375876
375885
375886
375887
375918
375919
375920
375921
375934
375935
375936
375942
375943
375944
375945
375946
375947
375948
375949
375950
375951
375952
375953
375954
375955
375956
375957
375958
375959
375960
375961
375962
375963
375964
375965
375966
375967
375968
375992
375993
375994
375995
375996
375997
375998
375999
376000
376001
376002
376003
376004
376005
376006
376007
376008
376009
376010
376011
376012
376013
376014
376025
376026
376027
376028
376029
376030
376031
376038
376039
376040
376125
376126
376127
376128
376129
376130
376131
376132
376133
376134
376135
376136
376137
376138
376139
376140
376141
376142
376143
376144
376145
376217
376218
376219
376220
376221
376222
376223
376224
376225
376226
376227
376228
376229
376230
376231
376232
376233
376234
376235
376236
376237
376238
376239
376240
376241
376242
376243
376244
376245
376246
376247
376248
376249
376250
376251
376252
376253
376254
376255
376256
376257
376258
376259
376260
376261
376262
376263
376264
376265
376266
376267
376268
376269
376270
376271
376272
376273
376274
376275
376276
376277
376278
376279
376280
376281
376282
376283
376284
376285
376286
376287
376288
376289
376290
376291
376292
376293
376294
376295
376296
376297
376298
376299
376300
376301
376302
376303
376304
376305
376306
376307
376308
376309
376310
376311
376312
376313
376314
376315
376316
376317
376318
376319
376320
376321
376322
376323
376324
376325
376326
376327
376328
376329
376330
376331
376332
376333
376334
376335
376336
376337
376338
376339
376340
376341
376342
376343
376344
376345
376346
376347
376348
376349
376350
376351
376352
376353
376354
376355
376356
376357
376358
376359
376360
376361
376362
376363
376364
376365
376366
376367
376368
376369
376370
376371
376372
376373
376374
376375
376376
376377
376378
376379
376380
376381
376382
376383
376384
376385
376386
376387
376388
376389
376390
376391
376392
376393
376598
376599
376600
376601
376611
376614
376615
376616
376617
376627
376628
376629
376631
376632
376633
376634
376635
376636
376637
376638
376640
376641
376642
376643
376644
376646
376647
376649
377512
377513
377514
377515
377516
377521
377522
377523
377524
377529
377530
377531
377535
377536
377537
377538
377539
377540
377541
377542
377543
377544
377545
377546
377547
377548
377549
377550
377551
377555
377556
377557
377558
377559
377560
377561
377562
377563
377564
377565
377566
377567
377568
377569
377570
377571
377572
377573
377574
377575
377576
377577
377578
377579
377580
377581
377582
377583
377584
377585
377586
377587
377588
377589
377590
377595
377596
377597
377598
377599
377603
377604
377605
377609
377610
377611
377621
377622
377623
377624
377634
377635
377636
377722
377723
377724
377725
377726
377727
377728
377729
377730
377731
377732
377733
377734
377735
377736
377740
377741
377742
377743
377744
377745
377746
377747
377748
377749
377750
377751
377752
377753
377754
377755
377756
377757
377758
377759
377760
377761
377762
377763
377764
377765
377766
377767
377768
377769
377770
377771
377772
377773
377774
377775
377776
377777
377778
377779
377780
377781
377782
377783
377784
377785
377786
377787
377788
377789
377790
377791
377792
377793
377794
377795
377796
377797
377798
377799
377800
377801
377802
377803
377804
377805
377806
377807
377808
377809
377810
377811
377812
377813
377814
377815
377816
377817
377818
377819
377820
377821
377822
377823
377824
377825
377826
377827
377828
377829
377830
377831
377832
377833
377834
377835
377836
377837
377838
377839
377840
377841
377842
377843
377844
377845
377846
377847
377848
377858
377859
377860
377861
377870
377871
377872
377920
377921
377922
377923
377924
377925
377926
377927
377928
377929
377930
377931
377932
377933
377934
377935
377936
377937
377938
377939
377940
377941
377942
377943
377948
377949
377950
377951
377952
377953
377954
377955
377956
377957
377961
377962
377963
377997
377998
377999
378000
378001
378002
378003
378004
378005
378006
378007
378008
378009
378010
378011
378012
378013
378014
378015
378016
378017
378018
378019
378020
378030
378031
378032
378033
378042
378043
378044
378075
378076
378077
378078
378091
378092
378093
378099
378100
378101
378102
378103
378104
378105
378106
378107
378108
378109
378110
378111
378112
378113
378114
378115
378116
378117
378118
378119
378120
378121
378122
378123
378124
378125
378149
378150
378151
378152
378153
378154
378155
378156
378157
378158
378159
378160
378161
378162
378163
378164
378165
378166
378167
378168
378169
378170
378171
378182
378183
378184
378185
378186
378187
378188
378195
378196
378197
378282
378283
378284
378285
378286
378287
378288
378289
378290
378291
378292
378293
378294
378295
378296
378297
378298
378299
378300
378301
378302
378375
378376
378377
378378
378379
378380
378381
378382
378383
378384
378385
378386
378387
378389
378390
378391
378392
378393
378395
378396
378397
378398
378399
378400
378401
378402
378403
378404
378406
378407
378408
378409
378410
378411
378412
378413
378414
378415
378416
378417
378418
378419
378420
378421
378422
378423
378424
378425
378426
378427
378428
378429
378430
378431
378432
378433
378435
378437
378438
378439
378440
378441
378442
378443
378444
378445
378446
378447
378448
378449
378450
378451
378452
378453
378454
378455
378456
378457
378458
378459
378460
378461
378462
378463
378566
378567
378568
378594
378595
378596
378599
378600
378601
378602
378603
378604
378605
378607
378608
378609
378611
378613
379479
379480
379481
379482
379483
379488
379489
379490
379491
379496
379497
379498
379502
379503
379504
379505
379506
379507
379508
379509
379510
379511
379512
379513
379514
379515
379516
379517
379518
379522
379523
379524
379525
379526
379527
379528
379529
379530
379531
379532
379533
379534
379535
379536
379537
379538
379539
379540
379541
379542
379543
379544
379545
379546
379547
379548
379549
379550
379551
379552
379553
379554
379555
379556
379557
379562
379563
379564
379565
379566
379570
379571
379572
379576
379577
379578
379588
379589
379590
379591
379601
379602
379603
379689
379690
379691
379692
379693
379694
379695
379696
379697
379698
379699
379700
379701
379702
379703
379707
379708
379709
379710
379711
379712
379713
379714
379715
379716
379717
379718
379719
379720
379721
379722
379723
379724
379725
379726
379727
379728
379729
379730
379731
379732
379733
379734
379735
379736
379737
379738
379739
379740
379741
379742
379743
379744
379745
379746
379747
379748
379749
379750
379751
379752
379753
379754
379755
379756
379757
379758
379759
379760
379761
379762
379763
379764
379765
379766
379767
379768
379769
379770
379771
379772
379773
379774
379775
379776
379777
379778
379779
379780
379781
379782
379783
379784
379785
379786
379787
379788
379789
379790
379791
379792
379793
379794
379795
379796
379797
379798
379799
379800
379801
379802
379803
379804
379805
379806
379807
379808
379809
379810
379811
379812
379813
379814
379815
379825
379826
379827
379828
379837
379838
379839
379887
379888
379889
379890
379891
379892
379893
379894
379895
379896
379897
379898
379899
379900
379901
379902
379903
379904
379905
379906
379907
379908
379909
379910
379915
379916
379917
379918
379919
379920
379921
379922
379923
379924
379928
379929
379930
379964
379965
379966
379967
379968
379969
379970
379971
379972
379973
379974
379975
379976
379977
379978
379979
379980
379981
379982
379983
379984
379985
379986
379987
379997
379998
379999
380000
380009
380010
380011
380042
380043
380044
380045
380058
380059
380060
380066
380067
380068
380069
380070
380071
380072
380073
380074
380075
380076
380077
380078
380079
380080
380081
380082
380083
380084
380085
380086
380087
380088
380089
380090
380091
380092
380116
380117
380118
380119
380120
380121
380122
380123
380124
380125
380126
380127
380128
380129
380130
380131
380132
380133
380134
380135
380136
380137
380138
380149
380150
380151
380152
380153
380154
380155
380162
380163
380164
380249
380250
380251
380252
380253
380254
380255
380256
380257
380258
380259
380260
380261
380262
380263
380264
380265
380266
380267
380268
380269
380341
380342
380343
380344
380345
380346
380347
380350
380351
380352
380353
380354
380356
380357
380358
380359
380362
380368
380369
380370
380371
380372
380373
380374
380375
380376
380377
380378
380379
380380
380381
380382
380383
380384
380385
380386
380387
380388
380389
380390
381356
381357
381358
381359
381360
381365
381366
381367
381368
381373
381374
381375
381379
381380
381381
381382
381383
381384
381385
381386
381387
381388
381389
381390
381391
381392
381393
381394
381395
381399
381400
381401
381402
381403
381404
381405
381406
381407
381408
381409
381410
381411
381412
381413
381414
381415
381416
381417
381418
381419
381420
381421
381422
381423
381424
381425
381426
381427
381428
381429
381430
381431
381432
381433
381434
381439
381440
381441
381442
381443
381447
381448
381449
381453
381454
381455
381465
381466
381467
381468
381478
381479
381480
381566
381567
381568
381569
381570
381571
381572
381573
381574
381575
381576
381577
381578
381579
381580
381584
381585
381586
381587
381588
381589
381590
381591
381592
381593
381594
381595
381596
381597
381598
381599
381600
381601
381602
381603
381604
381605
381606
381607
381608
381609
381610
381611
381612
381613
381614
381615
381616
381617
381618
381619
381620
381621
381622
381623
381624
381625
381626
381627
381628
381629
381630
381631
381632
381633
381634
381635
381636
381637
381638
381639
381640
381641
381642
381643
381644
381645
381646
381647
381648
381649
381650
381651
381652
381653
381654
381655
381656
381657
381658
381659
381660
381661
381662
381663
381664
381665
381666
381667
381668
381669
381670
381671
381672
381673
381674
381675
381676
381677
381678
381679
381680
381681
381682
381683
381684
381685
381686
381687
381688
381689
381690
381691
381692
381702
381703
381704
381705
381714
381715
381716
381764
381765
381766
381767
381768
381769
381770
381771
381772
381773
381774
381775
381776
381777
381778
381779
381780
381781
381782
381783
381784
381785
381786
381787
381792
381793
381794
381795
381796
381797
381798
381799
381800
381801
381805
381806
381807
381841
381842
381843
381844
381845
381846
381847
381848
381849
381850
381851
381852
381853
381854
381855
381856
381857
381858
381859
381860
381861
381862
381863
381864
381874
381875
381876
381877
381886
381887
381888
381919
381920
381921
381922
381935
381936
381937
381943
381944
381945
381946
381947
381948
381949
381950
381951
381952
381953
381954
381955
381956
381957
381958
381959
381960
381961
381962
381963
381964
381965
381966
381967
381968
381969
381993
381994
381995
381996
381997
381998
381999
382000
382001
382002
382003
382004
382005
382006
382007
382008
382009
382010
382011
382012
382013
382014
382015
382026
382027
382028
382029
382030
382031
382032
382039
382040
382041
382126
382127
382128
382129
382130
382131
382132
382133
382134
382135
382136
382137
382138
382139
382140
382141
382142
382143
382144
382145
382146
382219
382220
382221
382222
382224
382230
382231
382233
382234
382235
382236
382239
382245
382246
382247
382249
382250
382251
382252
382253
382254
382255
382256
382258
382259
382260
382261
382262
382264
382265
382267
383233
383234
383235
383236
383237
383242
383243
383244
383245
383250
383251
383252
383256
383257
383258
383259
383260
383261
383262
383263
383264
383265
383266
383267
383268
383269
383270
383271
383272
383276
383277
383278
383279
383280
383281
383282
383283
383284
383285
383286
383287
383288
383289
383290
383291
383292
383293
383294
383295
383296
383297
383298
383299
383300
383301
383302
383303
383304
383305
383306
383307
383308
383309
383310
383311
383316
383317
383318
383319
383320
383324
383325
383326
383330
383331
383332
383342
383343
383344
383345
383355
383356
383357
383443
383444
383445
383446
383447
383448
383449
383450
383451
383452
383453
383454
383455
383456
383457
383461
383462
383463
383464
383465
383466
383467
383468
383469
383470
383471
383472
383473
383474
383475
383476
383477
383478
383479
383480
383481
383482
383483
383484
383485
383486
383487
383488
383489
383490
383491
383492
383493
383494
383495
383496
383497
383498
383499
383500
383501
383502
383503
383504
383505
383506
383507
383508
383509
383510
383511
383512
383513
383514
383515
383516
383517
383518
383519
383520
383521
383522
383523
383524
383525
383526
383527
383528
383529
383530
383531
383532
383533
383534
383535
383536
383537
383538
383539
383540
383541
383542
383543
383544
383545
383546
383547
383548
383549
383550
383551
383552
383553
383554
383555
383556
383557
383558
383559
383560
383561
383562
383563
383564
383565
383566
383567
383568
383569
383579
383580
383581
383582
383591
383592
383593
383641
383642
383643
383644
383645
383646
383647
383648
383649
383650
383651
383652
383653
383654
383655
383656
383657
383658
383659
383660
383661
383662
383663
383664
383669
383670
383671
383672
383673
383674
383675
383676
383677
383678
383682
383683
383684
383718
383719
383720
383721
383722
383723
383724
383725
383726
383727
383728
383729
383730
383731
383732
383733
383734
383735
383736
383737
383738
383739
383740
383741
383751
383752
383753
383754
383763
383764
383765
383796
383797
383798
383799
383812
383813
383814
383820
383821
383822
383823
383824
383825
383826
383827
383828
383829
383830
383831
383832
383833
383834
383835
383836
383837
383838
383839
383840
383841
383842
383843
383844
383845
383846
383870
383871
383872
383873
383874
383875
383876
383877
383878
383879
383880
383881
383882
383883
383884
383885
383886
383887
383888
383889
383890
383891
383892
383903
383904
383905
383906
383907
383908
383909
383916
383917
383918
384003
384004
384005
384006
384007
384008
384009
384010
384011
384012
384013
384014
384015
384016
384017
384018
384019
384020
384021
384022
384023
384096
384097
384098
384099
384101
384107
384108
384111
384112
384113
384122
384123
384124
384126
384127
384128
384129
384130
384131
384132
384133
384135
384136
384137
384138
384139
384141
384142
384144
385110
385111
385112
385113
385114
385119
385120
385121
385122
385127
385128
385129
385133
385134
385135
385136
385137
385138
385139
385140
385141
385142
385143
385144
385145
385146
385147
385148
385149
385153
385154
385155
385156
385157
385158
385159
385160
385161
385162
385163
385164
385165
385166
385167
385168
385169
385170
385171
385172
385173
385174
385175
385176
385177
385178
385179
385180
385181
385182
385183
385184
385185
385186
385187
385188
385193
385194
385195
385196
385197
385201
385202
385203
385207
385208
385209
385219
385220
385221
385222
385232
385233
385234
385320
385321
385322
385323
385324
385325
385326
385327
385328
385329
385330
385331
385332
385333
385334
385338
385339
385340
385341
385342
385343
385344
385345
385346
385347
385348
385349
385350
385351
385352
385353
385354
385355
385356
385357
385358
385359
385360
385361
385362
385363
385364
385365
385366
385367
385368
385369
385370
385371
385372
385373
385374
385375
385376
385377
385378
385379
385380
385381
385382
385383
385384
385385
385386
385387
385388
385389
385390
385391
385392
385393
385394
385395
385396
385397
385398
385399
385400
385401
385402
385403
385404
385405
385406
385407
385408
385409
385410
385411
385412
385413
385414
385415
385416
385417
385418
385419
385420
385421
385422
385423
385424
385425
385426
385427
385428
385429
385430
385431
385432
385433
385434
385435
385436
385437
385438
385439
385440
385441
385442
385443
385444
385445
385446
385456
385457
385458
385459
385468
385469
385470
385518
385519
385520
385521
385522
385523
385524
385525
385526
385527
385528
385529
385530
385531
385532
385533
385534
385535
385536
385537
385538
385539
385540
385541
385546
385547
385548
385549
385550
385551
385552
385553
385554
385555
385559
385560
385561
385595
385596
385597
385598
385599
385600
385601
385602
385603
385604
385605
385606
385607
385608
385609
385610
385611
385612
385613
385614
385615
385616
385617
385618
385628
385629
385630
385631
385640
385641
385642
385673
385674
385675
385676
385689
385690
385691
385697
385698
385699
385700
385701
385702
385703
385704
385705
385706
385707
385708
385709
385710
385711
385712
385713
385714
385715
385716
385717
385718
385719
385720
385721
385722
385723
385747
385748
385749
385750
385751
385752
385753
385754
385755
385756
385757
385758
385759
385760
385761
385762
385763
385764
385765
385766
385767
385768
385769
385780
385781
385782
385783
385784
385785
385786
385793
385794
385795
385880
385881
385882
385883
385884
385885
385886
385887
385888
385889
385890
385891
385892
385893
385894
385895
385896
385897
385898
385899
385900
386987
386988
386989
386990
386991
386996
386997
386998
386999
387004
387005
387006
387010
387011
387012
387013
387014
387015
387016
387017
387018
387019
387020
387021
387022
387023
387024
387025
387026
387030
387031
387032
387033
387034
387035
387036
387037
387038
387039
387040
387041
387042
387043
387044
387045
387046
387047
387048
387049
387050
387051
387052
387053
387054
387055
387056
387057
387058
387059
387060
387061
387062
387063
387064
387065
387070
387071
387072
387073
387074
387078
387079
387080
387084
387085
387086
387096
387097
387098
387099
387109
387110
387111
387197
387198
387199
387200
387201
387202
387203
387204
387205
387206
387207
387208
387209
387210
387211
387215
387216
387217
387218
387219
387220
387221
387222
387223
387224
387225
387226
387227
387228
387229
387230
387231
387232
387233
387234
387235
387236
387237
387238
387239
387240
387241
387242
387243
387244
387245
387246
387247
387248
387249
387250
387251
387252
387253
387254
387255
387256
387257
387258
387259
387260
387261
387262
387263
387264
387265
387266
387267
387268
387269
387270
387271
387272
387273
387274
387275
387276
387277
387278
387279
387280
387281
387282
387283
387284
387285
387286
387287
387288
387289
387290
387291
387292
387293
387294
387295
387296
387297
387298
387299
387300
387301
387302
387303
387304
387305
387306
387307
387308
387309
387310
387311
387312
387313
387314
387315
387316
387317
387318
387319
387320
387321
387322
387323
387333
387334
387335
387336
387345
387346
387347
387395
387396
387397
387398
387399
387400
387401
387402
387403
387404
387405
387406
387407
387408
387409
387410
387411
387412
387413
387414
387415
387416
387417
387418
387423
387424
387425
387426
387427
387428
387429
387430
387431
387432
387436
387437
387438
387472
387473
387474
387475
387476
387477
387478
387479
387480
387481
387482
387483
387484
387485
387486
387487
387488
387489
387490
387491
387492
387493
387494
387495
387505
387506
387507
387508
387517
387518
387519
387550
387551
387552
387553
387566
387567
387568
387574
387575
387576
387577
387578
387579
387580
387581
387582
387583
387584
387585
387586
387587
387588
387589
387590
387591
387592
387593
387594
387595
387596
387597
387598
387599
387600
387624
387625
387626
387627
387628
387629
387630
387631
387632
387633
387634
387635
387636
387637
387638
387639
387640
387641
387642
387643
387644
387645
387646
387657
387658
387659
387660
387661
387662
387663
387670
387671
387672
387757
387758
387759
387760
387761
387762
387763
387764
387765
387766
387767
387768
387769
387770
387771
387772
387773
387774
387775
387776
387777
388864
388865
388866
388867
388868
388873
388874
388875
388876
388881
388882
388883
388887
388888
388889
388890
388891
388892
388893
388894
388895
388896
388897
388898
388899
388900
388901
388902
388903
388907
388908
388909
388910
388911
388912
388913
388914
388915
388916
388917
388918
388919
388920
388921
388922
388923
388924
388925
388926
388927
388928
388929
388930
388931
388932
388933
388934
388935
388936
388937
388938
388939
388940
388941
388942
388947
388948
388949
388950
388951
388955
388956
388957
388961
388962
388963
388973
388974
388975
388976
388986
388987
388988
389074
389075
389076
389077
389078
389079
389080
389081
389082
389083
389084
389085
389086
389087
389088
389092
389093
389094
389095
389096
389097
389098
389099
389100
389101
389102
389103
389104
389105
389106
389107
389108
389109
389110
389111
389112
389113
389114
389115
389116
389117
389118
389119
389120
389121
389122
389123
389124
389125
389126
389127
389128
389129
389130
389131
389132
389133
389134
389135
389136
389137
389138
389139
389140
389141
389142
389143
389144
389145
389146
389147
389148
389149
389150
389151
389152
389153
389154
389155
389156
389157
389158
389159
389160
389161
389162
389163
389164
389165
389166
389167
389168
389169
389170
389171
389172
389173
389174
389175
389176
389177
389178
389179
389180
389181
389182
389183
389184
389185
389186
389187
389188
389189
389190
389191
389192
389193
389194
389195
389196
389197
389198
389199
389200
389210
389211
389212
389213
389222
389223
389224
389272
389273
389274
389275
389276
389277
389278
389279
389280
389281
389282
389283
389284
389285
389286
389287
389288
389289
389290
389291
389292
389293
389294
389295
389300
389301
389302
389303
389304
389305
389306
389307
389308
389309
389313
389314
389315
389349
389350
389351
389352
389353
389354
389355
389356
389357
389358
389359
389360
389361
389362
389363
389364
389365
389366
389367
389368
389369
389370
389371
389372
389382
389383
389384
389385
389394
389395
389396
389427
389428
389429
389430
389443
389444
389445
389451
389452
389453
389454
389455
389456
389457
389458
389459
389460
389461
389462
389463
389464
389465
389466
389467
389468
389469
389470
389471
389472
389473
389474
389475
389476
389477
389501
389502
389503
389504
389505
389506
389507
389508
389509
389510
389511
389512
389513
389514
389515
389516
389517
389518
389519
389520
389521
389522
389523
389534
389535
389536
389537
389538
389539
389547
389548
389634
389635
389636
389637
389639
389640
389641
389642
389643
389644
389645
389646
389647
389648
389650
389651
389653
390741
390742
390743
390744
390750
390751
390752
390753
390758
390759
390760
390764
390766
390767
390768
390769
390771
390772
390773
390774
390775
390776
390777
390778
390779
390780
390784
390785
390786
390787
390789
390791
390792
390793
390794
390795
390796
390797
390798
390799
390800
390801
390802
390803
390804
390805
390806
390807
390808
390809
390810
390811
390812
390813
390814
390815
390816
390817
390818
390819
390824
390825
390826
390827
390828
390832
390833
390834
390838
390839
390840
390850
390851
390852
390853
390863
390864
390865
390951
390952
390953
390954
390956
390957
390958
390959
390960
390961
390962
390963
390964
390965
390969
390970
390971
390972
390974
390976
390977
390979
390980
390981
390982
390985
391001
391002
391003
391004
391005
391006
391007
391008
391009
391010
391011
391012
391013
391014
391015
391016
391017
391018
391019
391020
391021
391022
391023
391024
391025
391026
391027
391028
391029
391030
391031
391032
391033
391034
391035
391036
391037
391038
391039
391040
391041
391042
391043
391044
391045
391046
391047
391048
391049
391050
391051
391052
391053
391054
391055
391056
391057
391058
391059
391060
391061
391062
391063
391064
391065
391066
391067
391068
391069
391070
391071
391072
391073
391074
391075
391076
391077
391087
391088
391089
391090
391099
391100
391101
391149
391150
391151
391153
391154
391155
391156
391157
391158
391159
391160
391161
391162
391164
391165
391167
391169
391170
391171
391172
391177
391178
391179
391180
391181
391182
391183
391184
391185
391186
391190
391191
391192
391226
391227
391228
391230
391231
391232
391233
391234
391235
391236
391237
391238
391239
391240
391241
391243
391244
391245
391247
391249
391259
391260
391261
391262
391271
391272
391273
391304
391305
391306
391320
391321
391322
391328
391330
391332
391333
391334
391378
391379
391380
391381
391383
391384
391385
391386
391387
391388
391389
391390
391391
391392
391393
391395
391396
391397
391399
392692
392693
392694
392696
392701
392702
392703
392704
392705
392709
392710
392711
392715
392717
392727
392728
392729
392730
392740
392741
392878
392880
392881
392882
392883
392887
392905
392907
392908
392909
392910
392911
392912
392913
392932
392933
392934
392937
392938
392939
392940
392942
392943
392944
392945
392946
392947
392949
392951
445924
445925
445926
445927
445928
445929
445930
445931
445932
445933
445934
445935
445936
445937
445938
445939
445940
445941
445942
445943
445944
445945
445946
445947
445948
445949
445950
445951
445952
445953
445954
445955
445956
445957
445958
445959
445960
445961
445962
445963
445964
445965
445966
445967
445968
445969
445970
445971
445972
445973
445974
445975
445976
445977
445978
445979
445980
445981
445982
445983
445984
445985
445986
445987
445988
445989
445990
445991
445992
445993
445994
445995
445996
445997
445998
445999
446000
446001
446002
446003
446004
446005
446006
446007
446008
446009
446010
446011
446012
446013
446014
446015
446016
446017
446018
446019
446020
446021
446022
446023
446024
446025
446026
446027
446028
446029
446030
446031
446032
446033
446034
446035
446036
446037
446038
446039
446040
446041
446042
446043
446044
446045
446046
446047
446048
446049
446050
446051
446052
446053
446054
446055
446056
446057
446058
446059
446060
446061
446062
446063
446064
446065
446066
446067
446068
446069
446070
446071
446072
446073
446074
446075
446076
446077
446078
446079
446080
446081
446082
446083
446084
446085
446086
446087
446088
446089
446090
446091
446092
446093
446094
446095
446096
446097
446098
446099
446100
446101
446102
446103
446104
446105
446106
446107
446108
446109
446110
446111
446112
446113
446114
446115
446116
446117
446118
446119
446120
446121
446122
446123
446124
446125
446126
446127
446128
446129
446130
446131
446132
446133
446134
446135
446136
446137
446138
446139
446140
446141
446142
446143
446144
446145
446146
446147
446148
446149
446150
446151
446152
446153
446154
446155
446156
446157
446158
446159
446160
446161
446162
446163
446164
446165
446166
446167
446168
446169
446170
446171
446172
446173
446174
446175
446176
446177
446178
446179
446180
446181
446182
446183
446184
446185
446186
446187
446188
446189
446190
446191
446192
446193
446194
446195
446196
446197
446198
446199
446200
446201
446202
446203
446204
446205
446206
446207
446208
446209
446210
446211
446212
446213
446214
446215
446216
446217
446218
446219
446220
446221
446222
446223
446224
446225
446226
446227
446228
446229
446230
446231
446232
446233
446234
446235
446236
446237
446238
446239
446240
446241
446242
446243
446244
446245
446246
446247
446248
446249
446250
446251
446252
446253
446254
446255
446256
446257
446258
446259
446260
446261
446262
446263
446264
446265
446266
446267
446268
446269
446270
446271
446272
446273
446274
446275
446276
446277
446278
446279
446280
446281
446282
446283
446284
446285
446286
446287
446288
446289
446290
446291
446292
446293
446294
446295
446296
446297
446298
446299
446300
446301
446302
446303
446304
446305
446306
446307
446308
446309
446310
446311
446312
446313
446314
446315
446316
446317
446318
446319
446320
446321
446322
446323
446324
446325
446326
446327
446328
446329
446330
446331
446332
446333
446334
446335
446336
446337
446338
446339
446340
446341
446342
446343
446344
446345
446346
446347
446348
446349
446350
446351
446352
446353
446354
446355
446356
446357
446358
446359
446360
446361
446362
446363
446364
446365
446366
446367
446368
446369
446370
446371
446372
446373
446374
446375
446376
446377
446378
446379
446380
446381
446382
446383
446384
446385
446386
446387
446388
446389
446390
446391
446392
446393
446394
446395
446396
446397
446398
446399
446400
446401
446402
446403
446404
446405
446406
446407
446408
446409
446410
446411
446412
446413
446414
446415
446416
446417
446418
446419
446420
446421
446422
446423
446424
446425
446426
446427
446428
446429
446430
446431
446432
446433
446434
446435
446436
446437
446438
446439
446440
446441
446442
446443
446444
446445
446446
446447
446448
446449
446450
446451
446452
446453
446454
446455
446456
446457
446458
446459
446460
446461
446462
446463
446464
446465
446466
446467
446468
446469
446470
446471
446472
446473
446474
446475
446476
446477
446478
446479
446480
446481
446482
446483
446484
446485
446486
446487
446488
446489
446490
446491
446492
446493
446494
446495
446496
446497
446498
446499
446500
446501
446502
446503
446504
446505
446506
446507
446508
446509
446510
446511
446512
446513
446514
446515
446516
446517
446518
446519
446520
446521
446522
446523
446524
446525
446526
446527
446528
446529
446530
446531
446532
446533
446534
446535
446536
446537
446538
446539
446540
446541
446542
446543
446544
446545
446546
446547
446548
446549
446550
446551
446552
446553
446554
446555
446556
446557
446558
446559
446560
446561
446562
446563
446564
446565
446566
446567
446568
446569
446570
446571
446572
446573
446574
446575
446576
446577
446578
446579
446580
446581
446582
446583
446584
446585
446586
446587
446588
446589
446590
446591
446592
446593
446594
446595
446596
446597
446598
446599
446600
446601
446602
446603
446604
446605
446606
446607
446608
446609
446610
446611
446612
446613
446614
446615
446616
446617
446618
446619
446620
446621
446622
446623
446624
446625
446626
446627
446628
446629
446630
446631
446632
446633
446634
446635
446636
446637
446638
446639
446640
446641
446642
446643
446644
446645
446646
446647
446648
446649
446650
446651
446652
446653
446654
446655
446656
446657
446658
446659
446660
446661
446662
446663
446664
446665
446666
446667
446668
446669
446670
446671
446672
446673
446674
446675
446676
446677
446678
446679
446680
446681
446682
446683
446684
446685
446686
446687
446688
446689
446690
446691
446692
446693
446694
446695
446696
446697
446698
446699
446700
446701
446702
446703
446704
446705
446706
446707
446708
446709
446710
446711
446712
446713
446714
446715
446716
446717
446718
446719
446720
446721
446722
446723
446724
446725
446726
446727
446728
446729
446730
446731
446732
446733
446734
446735
446736
446737
446738
446739
446740
446741
446742
446743
446744
446745
446746
446747
446748
446749
446750
446751
446752
446753
446754
446755
446756
446757
446758
446759
446760
446761
446762
446763
446764
446765
446766
446767
446768
446769
446770
446771
446772
446773
446774
446775
446776
446777
446778
446779
446780
446781
446782
446783
446784
446785
446786
446787
446788
446789
446790
446791
446792
446793
446794
446795
446796
446797
446798
446799
446800
446801
446802
446803
446804
446805
446806
446807
446808
446809
446810
446811
446812
446813
446814
446815
446816
446817
446818
446819
446820
446821
446822
446823
446824
446825
446826
446827
446828
446829
446830
446831
446832
446833
446834
446835
446836
446837
446838
446839
446840
446841
446842
446843
446844
446845
446846
446847
446848
446849
446850
446851
446852
446853
446854
446855
446856
446857
446858
446859
446860
446861
446862
446863
446864
446865
446866
446867
446868
446869
446870
446871
446872
446873
446874
446875
446876
446877
446878
446879
446880
446881
446882
446883
446884
446885
446886
446887
446888
446889
446890
446891
446892
446893
446894
446895
446896
446897
446898
446899
446900
446901
446902
446903
446904
446905
446906
446907
446908
446909
446910
446911
446912
446913
446914
446915
446916
446917
446918
446919
446920
446921
446922
446923
446924
446925
446926
446927
446928
446929
446930
446931
446932
446933
446934
446935
446936
446937
446938
446939
446940
446941
446942
446943
446944
446945
446946
446947
446948
446949
446950
446951
446952
446953
446954
446955
446956
446957
446958
446959
446960
446961
446962
446963
446964
446965
446966
446967
446968
446969
446970
446971
446972
446973
446974
446975
446976
446977
446978
446979
446980
446981
446982
446983
446984
446985
446986
446987
446988
446989
446990
446991
446992
446993
446994
446995
446996
446997
446998
446999
447000
447001
447002
447003
447004
447005
447006
447007
447008
447009
447010
447011
447012
447013
447014
447015
447016
447017
447018
447019
447020
447021
447022
447023
447024
447025
447026
447027
447028
447029
447030
447031
447032
447033
447034
447035
447036
447037
447038
447039
447040
447041
447042
447043
447044
447045
447046
447047
447048
447049
447050
447051
447052
447053
447054
447055
447056
447057
447058
447059
447060
447061
447062
447063
447064
447065
447066
447067
447068
447069
447070
447071
447072
447073
447074
447075
447076
447077
447078
447079
447080
447081
447082
447083
447084
447085
447086
447087
447088
447089
447090
447091
447092
447093
447094
447095
447096
447097
447098
447099
447100
447101
447102
447103
447104
447105
447106
447107
447108
447109
447110
447111
447112
447113
447114
447115
447116
447117
447118
447119
447120
447121
447122
447123
447124
447125
447126
447127
447128
447129
447130
447131
447132
447133
447134
447135
447136
447137
447138
447139
447140
447141
447142
447143
447144
447145
447146
447147
447148
447149
447150
447151
447152
447153
447154
447155
447156
447157
447158
447159
447160
447161
447162
447163
447164
447165
447166
447167
447168
447169
447170
447171
447172
447173
447174
447175
447176
447177
447178
447179
447180
447181
447182
447183
447184
447185
447186
447187
447188
447189
447190
447191
447192
447193
447194
447195
447196
447197
447198
447199
447200
447201
447202
447203
447204
447205
447206
447207
447208
447209
447210
447211
447212
447213
447214
447215
447216
447217
447218
447219
447220
447221
447222
447223
447224
447225
447226
447227
447228
447229
447230
447231
447232
447233
447234
447235
447236
447237
447238
447239
447240
447241
447242
447243
447244
447245
447246
447247
447248
447249
447250
447251
447252
447253
447254
447255
447256
447257
447258
447259
447260
447261
447262
447263
447264
447265
447266
447267
447268
447269
447270
447271
447272
447273
447274
447275
447276
447277
447278
447279
447280
447281
447282
447283
447284
447285
447286
447287
447288
447289
447290
447291
447292
447293
447294
447295
447296
447297
447298
447299
447300
447301
447302
447303
447304
447305
447306
447307
447308
447309
447310
447311
447312
447313
447314
447315
447316
447317
447318
447319
447320
447321
447322
447323
447324
447325
447326
447327
447328
447329
447330
447331
447332
447333
447334
447335
447336
447337
447338
447339
447340
447341
447342
447343
447344
447345
447346
447347
447348
447349
447350
447351
447352
447353
447354
447355
447356
447357
447358
447359
447360
447361
447362
447363
447364
447365
447366
447367
447368
447369
447370
447371
447372
447373
447374
447375
447376
447377
447378
447379
447380
447381
447382
447383
447384
447385
447386
447387
447388
447389
447390
447391
447392
447393
447394
447395
447396
447397
447398
447399
447400
447401
447402
447403
447404
447405
447406
447407
447408
447409
447410
447411
447412
447413
447414
447415
447416
447417
447418
447419
447420
447421
447422
447423
447424
447425
447426
447427
447428
447429
447430
447431
447432
447433
447434
447435
447436
447437
447438
447439
447440
447441
447442
447443
447444
447445
447446
447447
447448
447449
447450
447451
447452
447453
447454
447455
447456
447457
447458
447459
447460
447461
447462
447463
447464
447465
447466
447467
447468
447469
447470
447471
447472
447473
447474
447475
447476
447477
447478
447479
447480
447481
447482
447483
447484
447485
447486
447487
447488
447489
447490
447491
447492
447493
447494
447495
447496
447497
447498
447499
447500
447501
447502
447503
447504
447505
447506
447507
447508
447509
447510
447511
447512
447513
447514
447515
447516
447517
447518
447519
447520
447521
447522
447523
447524
447525
447526
447527
447528
447529
447530
447531
447532
447533
447534
447535
447536
447537
447538
447539
447540
447541
447542
447543
447544
447545
447546
447547
447548
447549
447550
447551
447552
447553
447554
447555
447556
447557
447558
447559
447560
447561
447562
447563
447564
447565
447566
447567
447568
447569
447570
447571
447572
447573
447574
447575
447576
447577
447578
447579
447580
447581
447582
447583
447584
447585
447586
447587
447588
447589
447590
447591
447592
447593
447594
447595
447596
447597
447598
447599
447600
447601
447602
447603
447604
447605
447606
447607
447608
447609
447610
447611
447612
447613
447614
447615
447616
447617
447618
447619
447620
447621
447622
447623
447624
447625
447626
447627
447628
447629
447630
447631
447632
447633
447634
447635
447636
447637
447638
447639
447640
447641
447642
447643
447644
447645
447646
447647
447648
447649
447650
447651
447652
447653
447654
447655
447656
447657
447658
447659
447660
447661
447662
447663
447664
447665
447666
447667
447668
447669
447670
447671
447672
447673
447674
447675
447676
447677
447678
447679
447680
447681
447682
447683
447684
447685
447686
447687
447688
447689
447690
447691
447692
447693
447694
447695
447696
447697
447698
447699
447700
447701
447702
447703
447704
447705
447706
447707
447708
447709
447710
447711
447712
447713
447714
447715
447716
447717
447718
447719
447720
447721
447722
447723
447724
447725
447726
447727
447728
447729
447730
447731
447732
447733
447734
447735
447736
447737
447738
447739
447740
447741
447742
447743
447744
447745
447746
447747
447748
447749
447750
447751
447752
447753
447754
447755
447756
447757
447758
447759
447760
447761
447762
447763
447764
447765
447766
447767
447768
447769
447770
447771
447772
447773
447774
447775
447776
447777
447778
447779
447780
447781
447782
447783
447784
447785
447786
447787
447788
447789
447790
447791
447792
447793
447794
447795
447796
447797
447798
447799
447800
447801
447802
447803
447804
447805
447806
447807
447808
447809
447810
447811
447812
447813
447814
447815
447816
447817
447818
447819
447820
447821
447822
447823
447824
447825
447826
447827
447828
447829
447830
447831
447832
447833
447834
447835
447836
447837
447838
447839
447840
447841
447842
447843
447844
447845
447846
447847
447848
447849
447850
447851
447852
447853
447854
447855
447856
447857
447858
447859
447860
447861
447862
447863
447864
447865
447866
447867
447868
447869
447870
447871
447872
447873
447874
447875
447876
447877
447878
447879
447880
447881
447882
447883
447884
447885
447886
447887
447888
447889
447890
447891
447892
447893
447894
447895
447896
447897
447898
447899
447900
447901
447902
447903
447904
447905
447906
447907
447908
447909
447910
447911
447912
447913
447914
447915
447916
447917
447918
447919
447920
447921
447922
447923
447924
447925
447926
447927
447928
447929
447930
447931
447932
447933
447934
447935
447936
447937
447938
447939
447940
447941
447942
447943
447944
447945
447946
447947
447948
447949
447950
447951
447952
447953
447954
447955
447956
447957
447958
447959
447960
447961
447962
447963
447964
447965
447966
447967
447968
447969
447970
447971
447972
447973
447974
447975
447976
447977
447978
447979
447980
447981
447982
447983
447984
447985
447986
447987
447988
447989
447990
447991
447992
447993
447994
447995
447996
447997
447998
447999
448000
448001
448002
448003
448004
448005
448006
448007
448008
448009
448010
448011
448012
448013
448014
448015
448016
448017
448018
448019
448020
448021
448022
448023
448024
448025
448026
448027
448028
448029
448030
448031
448032
448033
448034
448035
448036
448037
448038
448039
448040
448041
448042
448043
448044
448045
448046
448047
448048
448049
448050
448051
448052
448053
448054
448055
448056
448057
448058
448059
448060
448061
448062
448063
448064
448065
448066
448067
448068
448069
448070
448071
448072
448073
448074
448075
448076
448077
448078
448079
448080
448081
448082
448083
448084
448085
448086
448087
448088
448089
448090
448091
448092
448093
448094
448095
448096
448097
448098
448099
448100
448101
448102
448103
448104
448105
448106
448107
448108
448109
448110
448111
448112
448113
448114
448115
448116
448117
448118
448119
448120
448121
448122
448123
448124
448125
448126
448127
448128
448129
448130
448131
448132
448133
448134
448135
448136
448137
448138
448139
448140
448141
448142
448143
448144
448145
448146
448147
448148
448149
448150
448151
448152
448153
448154
448155
448156
448157
448158
448159
448160
448161
448162
448163
448164
448165
448166
448167
448168
448169
448170
448171
448172
448173
448174
448175
448176
448177
448178
448179
448180
448181
448182
448183
448184
448185
448186
448187
448188
448189
448190
448191
448192
448193
448194
448195
448196
448197
448198
448199
448200
448201
448202
448203
448204
448205
448206
448207
448208
448209
448210
448211
448212
448213
448214
448215
448216
448217
448218
448219
448220
448221
448222
448223
448224
448225
448226
448227
448228
448229
448230
448231
448232
448233
448234
448235
448236
448237
448238
448239
448240
448241
448242
448243
448244
448245
448246
448247
448248
448249
448250
448251
448252
448253
448254
448255
448256
448257
448258
448259
448260
448261
448262
448263
448264
448265
448266
448267
448268
448269
448270
448271
448272
448273
448274
448275
448276
448277
448278
448279
448280
448281
448282
448283
448284
448285
448286
448287
448288
448289
448290
448291
448292
448293
448294
448295
448296
448297
448298
448299
448300
448301
448302
448303
448304
448305
448306
448307
448308
448309
448310
448311
448312
448313
448314
448315
448316
448317
448318
448319
448348
448349
448350
448351
448352
448353
448354
448355
448356
448357
448358
448359
448360
448361
448362
448363
448364
448365
448366
448367
448368
448369
448370
448371
448372
448373
448374
448375
448376
448377
448378
448379
448380
448381
448382
448383
448384
448385
448386
448387
448388
448389
448390
448391
448392
448393
448394
448395
448396
448397
448398
448399
448400
448401
448402
448403
448404
448405
448406
448407
448408
448409
448410
448411
448412
448413
448414
448415
448416
448417
448418
448419
448420
448421
448422
448423
448453
448454
448455
448456
448457
448458
448459
448460
448461
448462
448463
448464
448465
448466
448467
448468
448469
448470
448471
448472
448473
448474
448475
448476
448477
448478
448479
448480
448481
448482
448483
448484
448485
448486
448487
448488
448489
448490
448491
448492
448493
448494
448495
448524
448525
448526
448527
448528
448529
448530
448531
448532
448533
448534
448535
448536
448537
448538
448539
448540
448541
448542
448543
448544
448545
448546
448547
448548
448549
448550
448551
448552
448553
448554
448555
448556
448557
448558
448559
448560
448561
448562
448563
448564
448565
448566
448567
448568
448569
448570
448571
448572
448573
448574
448575
448576
448577
448578
448579
448580
448581
448582
448583
448584
448585
448586
448587
448588
448589
448590
448591
448592
448593
448594
448595
448596
448597
448598
448599
448600
448630
448631
448632
448633
448634
448635
448636
448637
448638
448639
448640
448669
448670
448671
448672
448673
448674
448675
448676
448677
448678
448679
448680
448681
448682
448683
448684
448685
448686
448687
448688
448689
448690
448691
448692
448693
448694
448695
448696
448726
448727
448728
448729
448730
448731
448732
448733
448734
448735
448736
448774
448775
448776
448777
448778
448779
448780
448781
448782
448783
448784
448785
448786
448787
448788
448789
448790
448791
448792
448793
448794
448795
448796
448797
448798
448799
448800
448801
448840
448841
448842
448844
448845
448846
448847
448848
448850
448851
448852
448853
448855
448857
448858
448859
448916
448917
448918
448919
448920
448921
448922
448923
448924
448925
448926
448927
448928
448931
448932
448941
448942
448943
448944
448945
448946
448947
448948
448949
448951
448952
448953
448955
448957
448958
448959
448960
448961
448962
448963
448964
448965
448966
448967
448968
448969
448970
448971
448972
448973
448974
448975
448976
448977
448978
448979
448980
448981
448982
448983
448984
448985
448986
448987
448988
448989
448990
448991
448992
448993
448994
448995
448996
448997
448998
448999
449000
449001
449002
449003
449004
449005
449006
449007
449008
449009
449010
449011
449012
449013
449014
449015
449016
449017
449018
449019
449020
449021
449022
449023
449024
449025
449026
449027
449028
449029
449030
449031
449032
449033
449034
449035
449036
449037
449038
449039
449040
449041
449042
449043
449044
449045
449046
449047
449048
449049
449050
449051
449052
449053
449054
449055
449056
449057
449058
449059
449060
449061
449062
449063
449064
449065
449066
449067
449068
449069
449070
449071
449072
449073
449074
449075
449076
449077
449078
449079
449080
449081
449082
449083
449084
449085
449086
449087
449088
449089
449090
449091
449092
449093
449094
449095
449096
449097
449098
449099
449100
449101
449102
449103
449104
449105
449106
449107
449108
449109
449110
449111
449112
449113
449114
449115
449116
449117
449118
449119
449120
449121
449122
449123
449124
449125
449126
449127
449128
449129
449130
449131
449132
449133
449134
449135
449136
449137
449138
449139
449140
449141
449142
449143
449144
449145
449146
449147
449148
449149
449150
449151
449152
449153
449154
449155
449877
449878
449879
449881
449882
449883
449884
449886
449887
449918
449919
449920
449922
449923
449924
449925
449927
449928
449959
449960
449961
449963
449964
449965
449966
449968
449969
450000
450001
450003
450004
450005
450007
450008
450010
450011
452115
452116
452117
452146
452147
452174
452175
452176
452177
452178
452179
452180
452181
452182
452183
452184
452185
452187
452188
452189
452190
452191
452192
452193
452194
452195
452196
452197
452198
452199
452200
452201
452202
452203
452204
452205
452237
452238
452239
452240
452241
452244
452245
452246
452247
452248
452249
452250
452251
452252
452253
452254
452255
452256
452257
452258
452259
452260
452261
452262
452263
452264
452265
452266
452267
452269
452270
452271
452272
452273
452274
452275
452276
452280
452281
452282
452283
452284
452285
452286
452287
452288
452289
452290
452291
452292
452293
452294
452295
452296
452297
452298
452299
452300
452301
452302
452308
452309
452310
452313
452314
452315
452316
452317
452318
452323
452324
452325
452326
452327
452328
452329
452330
452331
452332
452333
452334
452335
452336
452337
452338
452339
452340
452341
452342
452343
452344
452345
452346
452347
452348
452349
452350
452351
452352
452353
452354
452355
452356
452357
452358
452359
452360
452361
452362
452363
452364
452365
452366
452367
452368
452369
452370
452371
452372
452373
452374
452375
452376
452377
452378
452379
452380
452381
452382
452383
452384
452385
452386
452387
452388
452389
452390
452391
452392
452393
452394
452395
452396
452397
452398
452399
452400
452401
452402
452403
452404
452405
452406
452407
452408
452409
452410
452411
452412
452413
452414
452415
452416
452417
452418
452419
452420
452421
452422
452423
452424
452425
452426
452427
452428
452429
452430
452433
452434
452435
452436
452437
452438
452439
452440
452446
452447
452448
452449
452450
452451
452452
452453
452454
452455
452456
452457
452458
452459
452460
452461
452462
452463
452464
452465
452466
452467
452468
452469
452470
452471
452475
452476
452477
452479
452480
452481
452482
452483
452484
452491
452492
452493
452494
452495
452497
452498
452499
452500
452501
452502
452503
452504
452505
452506
452507
452508
452509
452510
452511
452512
452513
452514
452515
452516
452517
452518
452519
452536
452537
452538
452539
452540
452541
452542
452543
452544
452545
452546
452547
452548
452549
452550
452551
452552
452553
452554
452555
452556
452557
452558
452559
452560
452561
452562
452563
452564
452565
452566
452576
452577
452580
452597
452598
452599
452600
452601
452602
452603
452604
452605
452606
452607
452608
452609
452610
452611
452612
452613
452614
452615
452616
452617
452618
452619
452620
452621
452622
452623
452624
452625
452629
452637
452638
452641
452662
452663
452668
452669
452670
452672
452695
452696
452708
452709
452714
452715
452727
452728
452729
452730
452731
452732
452733
452734
452735
452736
452737
452738
452739
452740
452741
452742
452743
452744
452756
452757
452758
452759
452762
452763
452776
452777
452778
452779
452782
452783
452786
452787
452788
452789
452790
452791
452792
452793
452794
452795
452796
452797
452798
452799
452800
452801
452802
452803
452804
452805
452806
452807
452808
452809
452810
452811
452812
452813
452814
452815
452816
452817
452818
452819
452820
452821
452822
452823
452824
452825
452826
452827
452828
452829
452830
452831
452832
452833
452834
452835
452836
452837
452838
452839
452840
452841
452842
452843
452844
452845
452846
452847
452848
452849
452850
452851
452852
452853
452854
452855
452856
452857
452858
452859
452860
452861
452862
452863
452864
452865
452866
452867
452868
452869
452870
452871
452872
452873
452874
452875
452876
452877
452878
452879
452880
452881
452882
452883
452884
452885
452886
452902
452903
452904
452905
452906
452907
452908
452909
452910
452911
452912
452913
452914
452915
452916
452917
452918
452921
452922
452923
452924
452925
452926
452927
452928
452929
452932
452933
452943
452944
452947
452963
452964
452965
452966
452967
452968
452969
452970
452971
452972
452973
452974
452975
452976
452977
452978
452979
452980
452981
452982
452986
452987
452988
452989
452991
452992
453024
453025
453037
453038
453043
453044
453056
453057
453058
453059
453060
453061
453062
453063
453064
453065
453066
453067
453068
453069
453070
453081
453082
453083
453084
453087
453088
453101
453102
453103
453104
453107
453108
453111
453112
453113
453114
453115
453116
453117
453118
453119
453120
453121
453122
453123
453124
453125
453126
453127
453128
453129
453130
453131
453149
453150
453151
453152
453153
453154
453155
453156
453157
453158
453159
453160
453163
453164
453165
453166
453167
453168
453169
453170
453173
453174
453175
453176
453178
453179
453180
453195
453196
453197
453198
453199
453203
453204
453205
453206
453207
453209
453210
453211
453212
453245
453246
453260
453261
453281
453282
453283
453284
453287
453288
453289
453290
453291
453292
453293
453294
453295
453307
453308
453309
453310
453313
453314
453340
453341
453342
453343
453344
453345
453346
453347
453348
453349
453350
453351
453353
453354
453355
453356
453357
453358
453359
453360
453361
453362
453363
453364
453365
453366
453367
453368
453369
453370
453371
453372
453373
453374
453375
453376
453377
453378
453379
453380
453381
453382
453383
453384
453385
453386
453387
453388
453389
453390
453391
453392
453393
453394
453395
453396
453397
453398
453399
453400
453401
453402
453403
453404
453405
453406
453407
453408
453434
453435
453437
453439
453440
453441
453442
453443
453444
453445
453446
453447
453448
453449
453450
453451
453452
453453
453514
453515
453516
453517
453518
453519
453520
453521
453522
453523
453524
453525
453526
453527
453528
453529
453530
453532
453533
453534
453535
453536
453537
453538
453539
453540
453541
453543
453544
453545
453546
453547
453557
453558
453559
453560
453561
453562
453563
453564
453565
453566
453567
453568
453569
453570
453571
453572
453573
453574
453575
453576
453577
453578
453579
453582
453583
453584
453585
453586
453587
453588
453589
453590
453591
453592
453593
453595
453596
453597
453598
453599
453600
453601
453604
453605
453607
453608
453609
453610
453611
453612
453613
453614
453615
453616
453617
453618
453619
453620
453621
453622
453623
453624
453625
453626
453629
453630
453631
453632
453636
453638
453639
453640
453641
453642
453643
453644
453645
453646
453647
453648
453649
453650
453651
453652
453653
453654
453655
453711
453712
453722
453723
453724
453725
453726
453727
453748
453749
453750
453751
453752
453753
453759
453764
453765
453766
453767
453768
453769
453770
453771
453772
453773
453774
453775
453776
453777
453778
453779
453780
453781
453782
453783
453784
453785
453786
453787
453788
453789
453790
453791
453792
453793
453794
453795
453796
453797
453798
453799
453800
453801
453802
453803
453804
453805
453806
453807
453808
453809
453810
453811
453812
453813
453814
453815
453816
453817
453818
453819
453820
453821
453822
453823
453824
453825
453826
453827
453828
453829
453830
453831
453832
453833
453834
453835
453836
453837
453838
453839
453840
453841
453842
453843
453844
453845
453854
453855
453856
453857
453858
453885
453889
453890
453892
453898
453899
453900
453901
453902
453903
453908
453933
453934
453935
453941
453942
453943
453945
453946
453947
453963
453964
453974
453975
454001
454002
454006
454007
454008
454009
454010
454011
454036
454037
454038
454042
454062
454063
454064
454065
454066
454067
454068
454069
454070
454071
454072
454073
454074
454091
454092
454093
454094
454095
454096
454097
454098
454099
454100
454101
454102
454103
454120
454121
454122
454123
454124
454125
454126
454127
454128
454129
454130
454131
454132
454133
454134
454255
454256
454257
454258
454259
454260
454261
454262
454263
454264
454265
454266
454267
454268
454269
454270
454271
454272
454273
454274
454275
454276
454277
454278
454279
454280
454281
454282
454283
454284
454285
454286
454287
454288
454289
454290
454291
454323
454324
454325
454326
454327
454328
454329
454330
454331
454332
454333
454334
454335
454336
454337
454338
454339
454340
454341
454342
454343
454344
454345
454346
454347
454348
454349
454350
454351
454352
454353
454354
454355
454356
454357
454358
454359
454360
454361
454362
454363
454364
454365
454366
454367
454368
454369
454370
454371
454372
454373
454374
454375
454376
454377
454378
454379
454380
454381
454382
454383
454384
454385
454386
454387
454388
454389
454390
454391
454392
454393
454394
454395
454396
454397
454398
454428
454429
454430
454431
454432
454433
454434
454435
454436
454437
454438
454439
454440
454441
454442
454443
454444
454445
454446
454447
454448
454449
454450
454451
454452
454453
454454
454455
454456
454457
454458
454459
454460
454461
454462
454463
454464
454465
454466
454467
454496
454497
454498
454499
454500
454501
454502
454503
454504
454505
454506
454507
454508
454509
454510
454511
454512
454513
454514
454515
454516
454517
454518
454519
454520
454521
454522
454523
454524
454525
454526
454527
454528
454529
454530
454531
454532
454533
454534
454535
454536
454537
454538
454539
454540
454541
454542
454543
454544
454545
454546
454547
454548
454549
454550
454551
454552
454553
454554
454555
454556
454557
454558
454559
454560
454561
454562
454563
454564
454565
454566
454567
454568
454569
454570
454571
454572
454602
454603
454604
454605
454606
454607
454608
454609
454610
454611
454612
454613
454614
454615
454644
454645
454646
454647
454648
454649
454650
454651
454652
454653
454654
454655
454656
454657
454658
454659
454660
454661
454662
454663
454664
454665
454666
454667
454668
454669
454670
454671
454701
454702
454703
454704
454705
454706
454707
454708
454709
454710
454711
454712
454713
454714
454715
454753
454754
454755
454756
454757
454758
454759
454760
454761
454762
454763
454764
454765
454766
454767
454768
454769
454770
454771
454772
454773
454774
454775
454776
454777
454778
454779
454780
454836
454837
454838
454839
454840
454841
454842
454843
454844
454845
454846
454847
454848
454865
454866
454867
454868
454869
454870
454871
454872
454873
454874
454875
454876
454877
454894
454895
454896
454897
454898
454899
454900
454901
454902
454903
454904
454905
454906
454907
454908
455495
455496
455497
455499
455500
455501
455502
455503
455504
457842
457843
457844
457874
457875
457901
457902
457903
457904
457906
457907
457908
457909
457910
457911
457912
457913
457915
457916
457917
457918
457919
457920
457921
457922
457923
457924
457925
457926
457927
457928
457929
457930
457931
457932
457933
457965
457966
457967
457968
457969
457972
457973
457974
457975
457976
457977
457978
457979
457980
457981
457982
457983
457984
457985
457986
457987
457988
457989
457990
457991
457992
457993
457994
457995
457996
457997
457998
457999
458001
458002
458003
458006
458008
458009
458010
458011
458012
458013
458014
458015
458016
458017
458018
458019
458020
458021
458022
458023
458024
458025
458026
458027
458028
458029
458030
458036
458037
458038
458041
458042
458043
458044
458045
458046
458051
458052
458053
458054
458055
458056
458057
458058
458059
458060
458061
458062
458063
458064
458065
458066
458067
458068
458069
458070
458071
458072
458073
458074
458075
458076
458077
458078
458079
458080
458081
458082
458083
458084
458085
458086
458087
458088
458089
458090
458091
458092
458093
458094
458095
458096
458097
458098
458099
458100
458101
458102
458103
458104
458105
458106
458107
458108
458109
458110
458111
458112
458113
458114
458115
458116
458117
458118
458119
458120
458121
458122
458123
458124
458125
458126
458127
458128
458129
458130
458131
458132
458133
458134
458135
458136
458137
458138
458139
458140
458141
458142
458143
458144
458145
458146
458147
458148
458149
458150
458151
458152
458153
458154
458155
458156
458157
458158
458159
458160
458161
458162
458165
458166
458167
458171
458174
458175
458176
458177
458178
458179
458180
458181
458182
458183
458184
458185
458186
458187
458188
458189
458190
458191
458192
458193
458194
458195
458196
458197
458198
458199
458203
458204
458205
458207
458208
458209
458210
458211
458212
458219
458220
458221
458222
458223
458225
458226
458227
458228
458229
458230
458231
458232
458233
458234
458235
458236
458237
458238
458239
458240
458241
458242
458243
458244
458245
458246
458247
458264
458265
458266
458267
458268
458269
458270
458271
458272
458273
458274
458275
458276
458277
458278
458279
458280
458281
458282
458283
458284
458285
458286
458287
458288
458289
458290
458291
458292
458293
458294
458304
458305
458308
458325
458326
458327
458328
458329
458330
458331
458332
458333
458334
458335
458336
458337
458338
458339
458340
458341
458342
458343
458344
458345
458346
458347
458348
458349
458350
458351
458352
458353
458362
458363
458364
458369
458390
458391
458396
458397
458398
458400
458427
458428
458436
458437
458446
458447
458455
458456
458457
458458
458459
458460
458461
458462
458463
458464
458465
458466
458467
458468
458469
458470
458471
458472
458484
458485
458486
458487
458490
458491
458504
458505
458506
458507
458510
458511
458514
458515
458516
458517
458518
458519
458520
458521
458522
458523
458524
458525
458526
458527
458528
458529
458530
458531
458532
458533
458534
458535
458536
458537
458538
458539
458540
458541
458542
458543
458544
458545
458546
458547
458548
458549
458550
458551
458552
458553
458554
458555
458556
458557
458558
458559
458560
458561
458562
458563
458564
458565
458566
458567
458568
458569
458570
458571
458572
458573
458574
458575
458576
458577
458578
458579
458580
458581
458582
458583
458584
458585
458586
458587
458588
458589
458590
458591
458592
458593
458594
458595
458596
458597
458598
458599
458600
458601
458602
458603
458604
458605
458606
458607
458608
458609
458610
458611
458612
458613
458614
458630
458631
458632
458633
458634
458635
458636
458637
458638
458639
458640
458641
458642
458643
458644
458645
458646
458647
458648
458649
458652
458653
458654
458655
458656
458657
458660
458661
458671
458672
458675
458691
458692
458693
458694
458695
458696
458697
458698
458699
458700
458701
458702
458703
458704
458705
458706
458707
458708
458709
458710
458714
458715
458716
458717
458719
458720
458756
458757
458765
458766
458775
458776
458784
458785
458786
458787
458788
458789
458790
458791
458792
458793
458794
458795
458796
458797
458798
458809
458810
458811
458812
458815
458816
458829
458830
458831
458832
458835
458836
458839
458840
458841
458842
458843
458844
458845
458846
458847
458848
458849
458850
458851
458852
458853
458854
458855
458856
458857
458858
458859
458875
458876
458877
458878
458881
458882
458883
458884
458885
458886
458887
458888
458891
458892
458893
458894
458895
458896
458897
458898
458901
458902
458903
458904
458906
458907
458908
458923
458924
458925
458926
458927
458931
458932
458933
458934
458935
458937
458938
458939
458940
458978
458979
458988
458989
459011
459012
459013
459014
459015
459016
459017
459018
459019
459020
459021
459022
459023
459035
459036
459037
459038
459041
459042
459068
459069
459070
459071
459072
459073
459074
459075
459076
459077
459078
459079
459081
459082
459083
459084
459085
459086
459087
459088
459089
459090
459091
459092
459093
459094
459095
459096
459097
459098
459099
459100
459101
459102
459103
459104
459105
459106
459107
459108
459109
459110
459111
459112
459113
459114
459115
459116
459117
459118
459119
459120
459121
459122
459123
459124
459125
459126
459127
459128
459129
459130
459131
459132
459133
459134
459135
459136
459162
459163
459165
459167
459168
459169
459170
459171
459172
459173
459174
459175
459176
459177
459178
459179
459180
459181
459242
459243
459244
459245
459246
459247
459248
459249
459250
459251
459252
459253
459254
459255
459256
459257
459258
459259
459260
459261
459262
459264
459265
459266
459267
459268
459269
459271
459272
459273
459274
459275
459285
459286
459287
459288
459289
459290
459291
459292
459293
459294
459295
459296
459297
459298
459299
459300
459301
459302
459303
459304
459305
459306
459307
459310
459311
459312
459313
459314
459315
459316
459317
459318
459319
459320
459321
459322
459323
459324
459325
459326
459330
459331
459332
459333
459335
459336
459337
459338
459339
459340
459341
459342
459343
459344
459345
459346
459347
459348
459349
459350
459351
459352
459353
459354
459357
459358
459359
459360
459364
459366
459367
459368
459369
459370
459371
459372
459373
459374
459375
459376
459377
459378
459379
459380
459381
459382
459383
459443
459444
459449
459450
459451
459452
459454
459455
459476
459477
459478
459479
459480
459481
459487
459492
459493
459494
459495
459496
459497
459498
459499
459500
459501
459502
459503
459504
459505
459506
459507
459508
459509
459510
459511
459512
459513
459514
459515
459516
459517
459518
459519
459520
459521
459522
459523
459524
459525
459526
459527
459528
459529
459530
459531
459532
459533
459534
459535
459536
459537
459538
459539
459540
459541
459542
459543
459544
459545
459546
459547
459548
459549
459550
459551
459552
459553
459554
459555
459556
459557
459558
459559
459560
459561
459562
459563
459564
459565
459566
459567
459568
459569
459570
459571
459576
459577
459581
459582
459583
459585
459586
459613
459617
459618
459620
459626
459627
459628
459629
459630
459631
459636
459665
459666
459667
459668
459669
459670
459673
459674
459675
459693
459694
459702
459703
459729
459730
459734
459735
459736
459737
459738
459739
459764
459765
459766
459770
459790
459791
459792
459793
459794
459795
459796
459797
459798
459799
459800
459801
459802
459819
459820
459821
459822
459823
459824
459825
459826
459827
459828
459829
459830
459831
459848
459849
459850
459851
459852
459853
459854
459855
459856
459857
459858
459859
459860
459861
459862
459983
459984
459985
459986
459987
459988
459989
459990
459991
459992
459993
459994
459995
459996
459997
459998
459999
460000
460001
460002
460003
460004
460005
460006
460007
460008
460009
460010
460011
460012
460013
460014
460015
460016
460017
460018
460019
460051
460052
460053
460054
460055
460056
460057
460058
460059
460060
460061
460062
460063
460064
460065
460066
460067
460068
460069
460070
460071
460072
460073
460074
460075
460076
460077
460078
460079
460080
460081
460082
460083
460084
460085
460086
460087
460088
460089
460090
460091
460092
460093
460094
460095
460096
460097
460098
460099
460100
460101
460102
460103
460104
460105
460106
460107
460108
460109
460110
460111
460112
460113
460114
460115
460116
460117
460118
460119
460120
460121
460122
460123
460124
460125
460126
460156
460157
460158
460159
460160
460161
460162
460163
460164
460165
460166
460167
460168
460169
460170
460171
460172
460173
460174
460175
460176
460177
460178
460179
460180
460181
460182
460183
460184
460185
460186
460187
460188
460189
460190
460191
460192
460193
460194
460195
460224
460225
460226
460227
460228
460229
460230
460231
460232
460233
460234
460235
460236
460237
460238
460239
460240
460241
460242
460243
460244
460245
460246
460247
460248
460249
460250
460251
460252
460253
460254
460255
460256
460257
460258
460259
460260
460261
460262
460263
460264
460265
460266
460267
460268
460269
460270
460271
460272
460273
460274
460275
460276
460277
460278
460279
460280
460281
460282
460283
460284
460285
460286
460287
460288
460289
460290
460291
460292
460293
460294
460295
460296
460297
460298
460299
460300
460330
460331
460332
460333
460334
460335
460336
460337
460338
460339
460340
460341
460342
460343
460372
460373
460374
460375
460376
460377
460378
460379
460380
460381
460382
460383
460384
460385
460386
460387
460388
460389
460390
460391
460392
460393
460394
460395
460396
460397
460398
460399
460429
460430
460431
460432
460433
460434
460435
460436
460437
460438
460439
460440
460441
460442
460443
460481
460482
460483
460484
460485
460486
460487
460488
460489
460490
460491
460492
460493
460494
460495
460496
460497
460498
460499
460500
460501
460502
460503
460504
460505
460506
460507
460508
460564
460565
460566
460567
460568
460569
460570
460571
460572
460573
460574
460575
460576
460593
460594
460595
460596
460597
460598
460599
460600
460601
460602
460603
460604
460605
460622
460623
460624
460625
460626
460627
460628
460629
460630
460631
460632
460633
460634
460635
460636
461223
461224
461225
461227
461228
461229
461230
461231
461232
463570
463571
463572
463602
463603
463629
463630
463631
463632
463634
463635
463636
463637
463638
463639
463640
463641
463643
463644
463645
463646
463647
463648
463649
463650
463651
463652
463653
463654
463655
463656
463657
463658
463659
463660
463661
463693
463694
463695
463696
463697
463700
463701
463702
463703
463704
463705
463706
463707
463708
463709
463710
463711
463712
463713
463714
463715
463716
463717
463718
463719
463720
463721
463722
463723
463724
463725
463726
463727
463729
463730
463731
463734
463736
463737
463738
463739
463740
463741
463742
463743
463744
463745
463746
463747
463748
463749
463750
463751
463752
463753
463754
463755
463756
463757
463758
463764
463765
463766
463769
463770
463771
463772
463773
463774
463779
463780
463781
463782
463783
463784
463785
463786
463787
463788
463789
463790
463791
463792
463793
463794
463795
463796
463797
463798
463799
463800
463801
463802
463803
463804
463805
463806
463807
463808
463809
463810
463811
463812
463813
463814
463815
463816
463817
463818
463819
463820
463821
463822
463823
463824
463825
463826
463827
463828
463829
463830
463831
463832
463833
463834
463835
463836
463837
463838
463839
463840
463841
463842
463843
463844
463845
463846
463847
463848
463849
463850
463851
463852
463853
463854
463855
463856
463857
463858
463859
463860
463861
463862
463863
463864
463865
463866
463867
463868
463869
463870
463871
463872
463873
463874
463875
463876
463877
463878
463879
463880
463881
463882
463883
463884
463885
463886
463887
463888
463889
463890
463893
463894
463895
463899
463902
463903
463904
463905
463906
463907
463908
463909
463910
463911
463912
463913
463914
463915
463916
463917
463918
463919
463920
463921
463922
463923
463924
463925
463926
463927
463931
463932
463933
463935
463936
463937
463938
463939
463940
463947
463948
463949
463950
463951
463953
463954
463955
463956
463957
463958
463959
463960
463961
463962
463963
463964
463965
463966
463967
463968
463969
463970
463971
463972
463973
463974
463975
463992
463993
463994
463995
463996
463997
463998
463999
464000
464001
464002
464003
464004
464005
464006
464007
464008
464009
464010
464011
464012
464013
464014
464015
464016
464017
464018
464019
464020
464021
464022
464032
464033
464036
464053
464054
464055
464056
464057
464058
464059
464060
464061
464062
464063
464064
464065
464066
464067
464068
464069
464070
464071
464072
464073
464074
464075
464076
464077
464078
464079
464080
464081
464090
464091
464092
464097
464118
464119
464124
464125
464126
464128
464155
464156
464164
464165
464174
464175
464183
464184
464185
464186
464187
464188
464189
464190
464191
464192
464193
464194
464195
464196
464197
464198
464199
464200
464212
464213
464214
464215
464218
464219
464232
464233
464234
464235
464238
464239
464242
464243
464244
464245
464246
464247
464248
464249
464250
464251
464252
464253
464254
464255
464256
464257
464258
464259
464260
464261
464262
464263
464264
464265
464266
464267
464268
464269
464270
464271
464272
464273
464274
464275
464276
464277
464278
464279
464280
464281
464282
464283
464284
464285
464286
464287
464288
464289
464290
464291
464292
464293
464294
464295
464296
464297
464298
464299
464300
464301
464302
464303
464304
464305
464306
464307
464308
464309
464310
464311
464312
464313
464314
464315
464316
464317
464318
464319
464320
464321
464322
464323
464324
464325
464326
464327
464328
464329
464330
464331
464332
464333
464334
464335
464336
464337
464338
464339
464340
464341
464342
464358
464359
464360
464361
464362
464363
464364
464365
464366
464367
464368
464369
464370
464371
464372
464373
464374
464375
464376
464377
464380
464381
464382
464383
464384
464385
464388
464389
464399
464400
464403
464419
464420
464421
464422
464423
464424
464425
464426
464427
464428
464429
464430
464431
464432
464433
464434
464435
464436
464437
464438
464442
464443
464444
464445
464447
464448
464484
464485
464493
464494
464503
464504
464512
464513
464514
464515
464516
464517
464518
464519
464520
464521
464522
464523
464524
464525
464526
464537
464538
464539
464540
464543
464544
464557
464558
464559
464560
464563
464564
464567
464568
464569
464570
464571
464572
464573
464574
464575
464576
464577
464578
464579
464580
464581
464582
464583
464584
464585
464586
464587
464603
464604
464605
464606
464609
464610
464611
464612
464613
464614
464615
464616
464619
464620
464621
464622
464623
464624
464625
464626
464629
464630
464631
464632
464634
464635
464636
464651
464652
464653
464654
464655
464659
464660
464661
464662
464663
464665
464666
464667
464668
464706
464707
464716
464717
464739
464740
464741
464742
464743
464744
464745
464746
464747
464748
464749
464750
464751
464763
464764
464765
464766
464769
464770
464796
464797
464798
464799
464800
464801
464802
464803
464804
464805
464806
464807
464809
464810
464811
464812
464813
464814
464815
464816
464817
464818
464819
464820
464821
464822
464823
464824
464825
464826
464827
464828
464829
464830
464831
464832
464833
464834
464835
464836
464837
464838
464839
464840
464841
464842
464843
464844
464845
464846
464847
464848
464849
464850
464851
464852
464853
464854
464855
464856
464857
464858
464859
464860
464861
464862
464863
464864
464890
464891
464893
464895
464896
464897
464898
464899
464900
464901
464902
464903
464904
464905
464906
464907
464908
464909
464970
464971
464972
464973
464974
464975
464976
464977
464978
464979
464980
464981
464982
464983
464984
464985
464986
464987
464988
464989
464990
464992
464993
464994
464995
464996
464997
464999
465000
465001
465002
465003
465013
465014
465015
465016
465017
465018
465019
465020
465021
465022
465023
465024
465025
465026
465027
465028
465029
465030
465031
465032
465033
465034
465035
465038
465039
465040
465041
465042
465043
465044
465045
465046
465047
465048
465049
465050
465051
465052
465053
465054
465058
465059
465060
465061
465063
465064
465065
465066
465067
465068
465069
465070
465071
465072
465073
465074
465075
465076
465077
465078
465079
465080
465081
465082
465085
465086
465087
465088
465092
465094
465095
465096
465097
465098
465099
465100
465101
465102
465103
465104
465105
465106
465107
465108
465109
465110
465111
465171
465172
465177
465178
465179
465180
465182
465183
465204
465205
465206
465207
465208
465209
465215
465220
465221
465222
465223
465224
465225
465226
465227
465228
465229
465230
465231
465232
465233
465234
465235
465236
465237
465238
465239
465240
465241
465242
465243
465244
465245
465246
465247
465248
465249
465250
465251
465252
465253
465254
465255
465256
465257
465258
465259
465260
465261
465262
465263
465264
465265
465266
465267
465268
465269
465270
465271
465272
465273
465274
465275
465276
465277
465278
465279
465280
465281
465282
465283
465284
465285
465286
465287
465288
465289
465290
465291
465292
465293
465294
465295
465296
465297
465298
465299
465304
465305
465309
465310
465311
465313
465314
465341
465345
465346
465348
465354
465355
465356
465357
465358
465359
465364
465393
465394
465395
465396
465397
465398
465401
465402
465403
465421
465422
465431
465457
465458
465462
465464
465465
465467
465518
465519
465520
465521
465522
465523
465524
465525
465526
465527
465528
465529
465530
465547
465548
465549
465550
465551
465552
465553
465554
465555
465556
465557
465558
465559
465576
465577
465578
465579
465580
465581
465582
465583
465584
465585
465586
465587
465588
465589
465590
465711
465712
465713
465714
465715
465716
465717
465718
465719
465720
465721
465722
465723
465724
465725
465726
465727
465728
465729
465730
465731
465732
465733
465734
465735
465736
465737
465738
465739
465740
465741
465742
465743
465744
465745
465746
465747
465779
465780
465781
465782
465783
465784
465785
465786
465787
465788
465789
465790
465791
465792
465793
465794
465795
465796
465797
465798
465799
465800
465801
465802
465803
465804
465805
465806
465807
465808
465809
465810
465811
465812
465813
465814
465815
465816
465817
465818
465819
465820
465821
465822
465823
465824
465825
465826
465827
465828
465829
465830
465831
465832
465833
465834
465835
465836
465837
465838
465839
465840
465841
465842
465843
465844
465845
465846
465847
465848
465849
465850
465851
465879
465880
465881
465882
465883
465884
465885
465886
465887
465888
465889
465890
465891
465892
465893
465894
465895
465896
465897
465898
465899
465900
465901
465902
465903
465904
465905
465906
465907
465908
465909
465910
465911
465912
465913
465914
465915
465916
465917
465918
465947
465948
465949
465950
465951
465952
465953
465954
465955
465956
465957
465958
465959
465960
465961
465962
465963
465964
465965
465966
465967
465968
465969
465970
465971
465972
465973
465974
465975
465976
465977
465978
465979
465980
465981
465982
465983
465984
465985
465986
465987
465988
465989
465990
465991
465992
465993
465994
465995
465996
465997
465998
465999
466000
466001
466002
466003
466004
466005
466006
466007
466008
466009
466010
466011
466012
466013
466014
466015
466016
466017
466018
466019
466020
466048
466049
466050
466051
466052
466053
466054
466055
466056
466057
466058
466059
466060
466061
466090
466091
466092
466093
466094
466095
466096
466097
466098
466099
466100
466101
466102
466103
466104
466105
466106
466107
466108
466109
466110
466111
466112
466113
466114
466115
466116
466144
466145
466146
466147
466148
466149
466150
466151
466152
466153
466154
466155
466156
466157
466158
466196
466197
466198
466199
466200
466201
466202
466203
466204
466205
466206
466207
466208
466209
466210
466211
466212
466213
466214
466215
466216
466217
466218
466219
466220
466221
466222
466275
466276
466277
466278
466279
466280
466281
466282
466283
466284
466285
466286
466287
466304
466305
466306
466307
466308
466309
466310
466311
466312
466313
466314
466315
466316
466333
466334
466335
466336
466337
466338
466339
466340
466341
466342
466343
466344
466345
466346
466347
466922
466923
466924
466926
466927
466928
466929
466930
466931
469269
469270
469271
469301
469302
469328
469329
469330
469331
469333
469334
469335
469336
469337
469338
469339
469340
469342
469343
469344
469345
469346
469347
469348
469349
469350
469351
469352
469353
469354
469355
469356
469357
469358
469359
469360
469392
469393
469394
469395
469396
469399
469400
469401
469402
469403
469404
469405
469406
469407
469408
469409
469410
469411
469412
469413
469414
469415
469416
469417
469418
469419
469420
469421
469422
469423
469424
469425
469426
469428
469429
469430
469433
469435
469436
469437
469438
469439
469440
469441
469442
469443
469444
469445
469446
469447
469448
469449
469450
469451
469452
469453
469454
469455
469456
469457
469463
469464
469465
469468
469469
469470
469471
469472
469473
469478
469479
469480
469481
469482
469483
469484
469485
469486
469487
469488
469489
469490
469491
469492
469493
469494
469495
469496
469497
469498
469499
469500
469501
469502
469503
469504
469505
469506
469507
469508
469509
469510
469511
469512
469513
469514
469515
469516
469517
469518
469519
469520
469521
469522
469523
469524
469525
469526
469527
469528
469529
469530
469531
469532
469533
469534
469535
469536
469537
469538
469539
469540
469541
469542
469543
469544
469545
469546
469547
469548
469549
469550
469551
469552
469553
469554
469555
469556
469557
469558
469559
469560
469561
469562
469563
469564
469565
469566
469567
469568
469569
469570
469571
469572
469573
469574
469575
469576
469577
469578
469579
469580
469581
469582
469583
469584
469585
469586
469587
469588
469589
469592
469593
469594
469598
469601
469602
469603
469604
469605
469606
469607
469608
469609
469610
469611
469612
469613
469614
469615
469616
469617
469618
469619
469620
469621
469622
469623
469624
469625
469626
469630
469631
469632
469634
469635
469636
469637
469638
469639
469646
469647
469648
469649
469650
469652
469653
469654
469655
469656
469657
469658
469659
469660
469661
469662
469663
469664
469665
469666
469667
469668
469669
469670
469671
469672
469673
469674
469691
469692
469693
469694
469695
469696
469697
469698
469699
469700
469701
469702
469703
469704
469705
469706
469707
469708
469709
469710
469711
469712
469713
469714
469715
469716
469717
469718
469719
469720
469721
469731
469732
469735
469752
469753
469754
469755
469756
469757
469758
469759
469760
469761
469762
469763
469764
469765
469766
469767
469768
469769
469770
469771
469772
469773
469774
469775
469776
469777
469778
469779
469780
469789
469790
469791
469796
469817
469818
469823
469824
469825
469827
469854
469855
469863
469864
469873
469874
469882
469883
469884
469885
469886
469887
469888
469889
469890
469891
469892
469893
469894
469895
469896
469897
469898
469899
469911
469912
469913
469914
469917
469918
469931
469932
469933
469934
469937
469938
469941
469942
469943
469944
469945
469946
469947
469948
469949
469950
469951
469952
469953
469954
469955
469956
469957
469958
469959
469960
469961
469962
469963
469964
469965
469966
469967
469968
469969
469970
469971
469972
469973
469974
469975
469976
469977
469978
469979
469980
469981
469982
469983
469984
469985
469986
469987
469988
469989
469990
469991
469992
469993
469994
469995
469996
469997
469998
469999
470000
470001
470002
470003
470004
470005
470006
470007
470008
470009
470010
470011
470012
470013
470014
470015
470016
470017
470018
470019
470020
470021
470022
470023
470024
470025
470026
470027
470028
470029
470030
470031
470032
470033
470034
470035
470036
470037
470038
470039
470040
470041
470057
470058
470059
470060
470061
470062
470063
470064
470065
470066
470067
470068
470069
470070
470071
470072
470073
470074
470075
470076
470079
470080
470081
470082
470083
470084
470087
470088
470098
470099
470102
470118
470119
470120
470121
470122
470123
470124
470125
470126
470127
470128
470129
470130
470131
470132
470133
470134
470135
470136
470137
470141
470142
470143
470144
470146
470147
470183
470184
470192
470193
470202
470203
470211
470212
470213
470214
470215
470216
470217
470218
470219
470220
470221
470222
470223
470224
470225
470236
470237
470238
470239
470242
470243
470256
470257
470258
470259
470262
470263
470266
470267
470268
470269
470270
470271
470272
470273
470274
470275
470276
470277
470278
470279
470280
470281
470282
470283
470284
470285
470286
470302
470303
470304
470305
470308
470309
470310
470311
470312
470313
470314
470315
470318
470319
470320
470321
470322
470323
470324
470325
470328
470329
470330
470331
470333
470334
470335
470350
470351
470352
470353
470354
470358
470359
470360
470361
470362
470364
470365
470366
470367
470405
470406
470415
470416
470438
470439
470440
470441
470442
470443
470444
470445
470446
470447
470448
470449
470450
470462
470463
470464
470465
470468
470469
470495
470496
470497
470498
470499
470500
470501
470502
470503
470504
470505
470506
470508
470509
470510
470511
470512
470513
470514
470515
470516
470517
470518
470519
470520
470521
470522
470523
470524
470525
470526
470527
470528
470529
470530
470531
470532
470533
470534
470535
470536
470537
470538
470539
470540
470541
470542
470543
470544
470545
470546
470547
470548
470549
470550
470551
470552
470553
470554
470555
470556
470557
470558
470559
470560
470561
470562
470563
470589
470590
470592
470594
470595
470596
470597
470598
470599
470600
470601
470602
470603
470604
470605
470606
470607
470608
470669
470670
470671
470672
470673
470674
470675
470676
470677
470678
470679
470680
470681
470682
470683
470684
470685
470686
470687
470688
470689
470691
470692
470693
470694
470695
470696
470698
470699
470700
470701
470702
470712
470713
470714
470715
470716
470717
470718
470719
470720
470721
470722
470723
470724
470725
470726
470727
470728
470729
470730
470731
470732
470733
470734
470737
470738
470739
470740
470741
470742
470743
470744
470745
470746
470747
470748
470749
470750
470751
470752
470753
470757
470758
470759
470760
470762
470763
470764
470765
470766
470767
470768
470769
470770
470771
470772
470773
470774
470775
470776
470777
470778
470779
470780
470781
470784
470785
470786
470787
470791
470793
470794
470795
470796
470797
470798
470799
470800
470801
470802
470803
470804
470805
470806
470807
470808
470809
470810
470870
470871
470876
470877
470878
470879
470881
470882
470903
470904
470905
470906
470907
470908
470914
470919
470920
470921
470922
470923
470924
470925
470926
470927
470928
470929
470930
470931
470932
470933
470934
470935
470936
470937
470938
470939
470940
470941
470942
470943
470944
470945
470946
470947
470948
470949
470950
470951
470952
470953
470954
470955
470956
470957
470958
470959
470960
470961
470962
470963
470964
470965
470966
470967
470968
470969
470970
470971
470972
470973
470974
470975
470976
470977
470978
470979
470980
470981
470982
470983
470984
470985
470986
470987
470988
470989
470990
470991
470992
470993
470994
470995
470996
470997
470998
471003
471004
471008
471009
471010
471012
471013
471040
471044
471045
471047
471053
471054
471055
471056
471057
471058
471063
471092
471094
471095
471096
471097
471101
471102
471156
471157
471161
471163
471164
471166
471217
471218
471219
471220
471221
471222
471223
471224
471225
471226
471227
471228
471229
471246
471247
471248
471249
471250
471251
471252
471253
471254
471255
471256
471257
471258
471275
471276
471277
471278
471279
471280
471281
471282
471283
471284
471285
471286
471287
471288
471289
471410
471411
471412
471413
471414
471415
471416
471417
471418
471419
471420
471421
471422
471423
471424
471425
471426
471427
471428
471429
471430
471431
471432
471433
471434
471435
471436
471437
471438
471439
471440
471441
471442
471443
471444
471445
471446
471447
471448
471449
471450
471451
471452
471453
471454
471455
471456
471457
471458
471459
471460
471461
471462
471463
471464
471465
471466
471467
471468
471469
471470
471471
471472
471473
471474
471475
471476
471477
471478
471479
471480
471481
471482
471483
471484
471485
471486
471487
471488
471489
471490
471491
471492
471493
471494
471495
471496
471497
471498
471499
471500
471501
471502
471503
471504
471505
471506
471507
471508
471509
471510
471511
471512
471513
471514
471515
471516
471517
471518
471519
471520
471521
471522
471523
471524
471525
471526
471527
471528
471529
471530
471531
471532
471533
471534
471535
471536
471537
471538
471539
471540
471541
471542
471543
471544
471545
471546
471547
471548
471549
471550
471551
471552
471553
471554
471555
471556
471557
471558
471559
471560
471561
471562
471563
471564
471565
471566
471567
471568
471569
471570
471571
471572
471573
471574
471575
471576
471577
471578
471579
471580
471581
471582
471583
471584
471585
471586
471587
471588
471589
471590
471591
471592
471593
471594
471595
471596
471597
471598
471599
471600
471601
471602
471603
471604
471605
471606
471607
471608
471609
471610
471611
471612
471613
471614
471615
471616
471617
471618
471619
471620
471621
471622
471623
471624
471625
471626
471627
471628
471629
471630
471631
471632
471633
471634
471635
471636
471637
471638
471639
471640
471641
471642
471643
471644
471645
471646
471647
471648
471649
471650
471651
471652
471653
471654
471655
471656
471657
471658
471659
471660
471661
471662
471663
471664
471665
471666
471667
471668
471669
471670
471671
471672
471673
471674
471675
471676
471677
471678
471679
471680
471681
471682
471683
471684
471685
471686
471687
471688
471689
471690
471691
471692
471693
471694
471695
471696
471697
471698
471699
471700
471701
471702
471703
471704
471705
471706
471707
471708
471709
471727
471728
471729
471730
471731
471732
471733
471734
471735
471736
471737
471738
471739
471756
471757
471758
471759
471760
471761
471762
471763
471764
471765
471766
471767
471768
471785
471786
471787
471788
471789
471791
471792
471793
471794
471795
471797
471799
474382
474383
474384
474414
474415
474441
474442
474443
474444
474446
474447
474448
474449
474450
474451
474452
474453
474455
474456
474457
474458
474459
474460
474461
474462
474463
474464
474465
474466
474467
474468
474469
474470
474471
474472
474473
474505
474506
474507
474508
474509
474512
474513
474514
474515
474516
474517
474518
474519
474520
474521
474522
474523
474524
474525
474526
474527
474528
474529
474530
474531
474532
474533
474534
474535
474536
474537
474538
474539
474541
474542
474543
474546
474548
474549
474550
474551
474552
474553
474554
474555
474556
474557
474558
474559
474560
474561
474562
474563
474564
474565
474566
474567
474568
474569
474570
474576
474577
474578
474581
474582
474583
474584
474585
474586
474591
474592
474593
474594
474595
474596
474597
474598
474599
474600
474601
474602
474603
474604
474605
474606
474607
474608
474609
474610
474611
474612
474613
474614
474615
474616
474617
474618
474619
474620
474621
474622
474623
474624
474625
474626
474627
474628
474629
474630
474631
474632
474633
474634
474635
474636
474637
474638
474639
474640
474641
474642
474643
474644
474645
474646
474647
474648
474649
474650
474651
474652
474653
474654
474655
474656
474657
474658
474659
474660
474661
474662
474663
474664
474665
474666
474667
474668
474669
474670
474671
474672
474673
474674
474675
474676
474677
474678
474679
474680
474681
474682
474683
474684
474685
474686
474687
474688
474689
474690
474691
474692
474693
474694
474695
474696
474697
474698
474699
474700
474701
474702
474705
474706
474707
474711
474714
474715
474716
474717
474718
474719
474720
474721
474722
474723
474724
474725
474726
474727
474728
474729
474730
474731
474732
474733
474734
474735
474736
474737
474738
474739
474743
474744
474745
474747
474748
474749
474750
474751
474752
474759
474760
474761
474762
474763
474765
474766
474767
474768
474769
474770
474771
474772
474773
474774
474775
474776
474777
474778
474779
474780
474781
474782
474783
474784
474785
474786
474787
474804
474805
474806
474807
474808
474809
474810
474811
474812
474813
474814
474815
474816
474817
474818
474819
474820
474821
474822
474823
474824
474825
474826
474827
474828
474829
474830
474831
474832
474833
474834
474844
474845
474848
474865
474866
474867
474868
474869
474870
474871
474872
474873
474874
474875
474876
474877
474878
474879
474880
474881
474882
474883
474884
474885
474886
474887
474888
474889
474890
474891
474892
474893
474902
474903
474904
474909
474930
474931
474936
474937
474938
474940
474967
474968
474976
474977
474986
474987
474995
474996
474997
474998
474999
475000
475001
475002
475003
475004
475005
475006
475007
475008
475009
475010
475011
475012
475024
475025
475026
475027
475030
475031
475044
475045
475046
475047
475050
475051
475054
475055
475056
475057
475058
475059
475060
475061
475062
475063
475064
475065
475066
475067
475068
475069
475070
475071
475072
475073
475074
475075
475076
475077
475078
475079
475080
475081
475082
475083
475084
475085
475086
475087
475088
475089
475090
475091
475092
475093
475094
475095
475096
475097
475098
475099
475100
475101
475102
475103
475104
475105
475106
475107
475108
475109
475110
475111
475112
475113
475114
475115
475116
475117
475118
475119
475120
475121
475122
475123
475124
475125
475126
475127
475128
475129
475130
475131
475132
475133
475134
475135
475136
475137
475138
475139
475140
475141
475142
475143
475144
475145
475146
475147
475148
475149
475150
475151
475152
475153
475154
475170
475171
475172
475173
475174
475175
475176
475177
475178
475179
475180
475181
475182
475183
475184
475185
475186
475187
475188
475189
475192
475193
475194
475195
475196
475197
475200
475201
475211
475212
475215
475231
475232
475233
475234
475235
475236
475237
475238
475239
475240
475241
475242
475243
475244
475245
475246
475247
475248
475249
475250
475254
475255
475256
475257
475259
475260
475296
475297
475305
475306
475315
475316
475324
475325
475326
475327
475328
475329
475330
475331
475332
475333
475334
475335
475336
475337
475338
475349
475350
475351
475352
475355
475356
475369
475370
475371
475372
475375
475376
475379
475380
475381
475382
475383
475384
475385
475386
475387
475388
475389
475390
475391
475392
475393
475394
475395
475396
475397
475398
475399
475415
475416
475417
475418
475421
475422
475423
475424
475425
475426
475427
475428
475431
475432
475433
475434
475435
475436
475437
475438
475441
475442
475443
475444
475446
475447
475448
475463
475464
475465
475466
475467
475471
475472
475473
475474
475475
475477
475478
475479
475480
475518
475519
475528
475529
475551
475552
475553
475554
475555
475556
475557
475558
475559
475560
475561
475562
475563
475575
475576
475577
475578
475581
475582
475608
475609
475610
475611
475612
475613
475614
475615
475616
475617
475618
475619
475621
475622
475623
475624
475625
475626
475627
475628
475629
475630
475631
475632
475633
475634
475635
475636
475637
475638
475639
475640
475641
475642
475643
475644
475645
475646
475647
475648
475649
475650
475651
475652
475653
475654
475655
475656
475657
475658
475659
475660
475661
475662
475663
475664
475665
475666
475667
475668
475669
475670
475671
475672
475673
475674
475675
475676
475702
475703
475705
475707
475708
475709
475710
475711
475712
475713
475714
475715
475716
475717
475718
475719
475720
475721
475782
475783
475784
475785
475786
475787
475788
475789
475790
475791
475792
475793
475794
475795
475796
475797
475798
475799
475800
475801
475802
475804
475805
475806
475807
475808
475809
475811
475812
475813
475814
475815
475825
475826
475827
475828
475829
475830
475831
475832
475833
475834
475835
475836
475837
475838
475839
475840
475841
475842
475843
475844
475845
475846
475847
475850
475851
475852
475853
475854
475855
475856
475857
475858
475859
475860
475861
475862
475863
475864
475865
475866
475870
475871
475872
475873
475875
475876
475877
475878
475879
475880
475881
475882
475883
475884
475885
475886
475887
475888
475889
475890
475891
475892
475893
475894
475897
475898
475899
475900
475904
475906
475907
475908
475909
475910
475911
475912
475913
475914
475915
475916
475917
475918
475919
475920
475921
475922
475923
475983
475984
475989
475990
475991
475992
475994
475995
476016
476017
476018
476019
476020
476021
476027
476032
476033
476034
476035
476036
476037
476038
476039
476040
476041
476042
476043
476044
476045
476046
476047
476048
476049
476050
476051
476052
476053
476054
476055
476056
476057
476058
476059
476060
476061
476062
476063
476064
476065
476066
476067
476068
476069
476070
476071
476072
476073
476074
476075
476076
476077
476078
476079
476080
476081
476082
476083
476084
476085
476086
476087
476088
476089
476090
476091
476092
476093
476094
476095
476096
476097
476098
476099
476100
476101
476102
476103
476104
476105
476106
476107
476108
476109
476110
476111
476116
476117
476121
476122
476123
476125
476126
476153
476157
476158
476160
476166
476167
476168
476169
476170
476171
476176
476205
476207
476208
476209
476210
476214
476215
476269
476270
476274
476276
476277
476279
476330
476331
476332
476333
476334
476335
476336
476337
476338
476339
476340
476341
476342
476359
476360
476361
476362
476363
476364
476365
476366
476367
476368
476369
476370
476371
476388
476389
476390
476391
476392
476393
476394
476395
476396
476397
476398
476399
476400
476401
476402
476540
476541
476542
476544
476545
476546
476547
476548
476549
476569
476570
476571
476573
476574
476575
476576
476577
476578
479133
479134
479135
479165
479166
479192
479193
479194
479195
479197
479198
479199
479200
479201
479202
479203
479204
479206
479207
479208
479209
479210
479211
479212
479213
479214
479215
479216
479217
479218
479219
479220
479221
479222
479223
479224
479256
479257
479258
479259
479260
479263
479264
479265
479266
479267
479268
479269
479270
479271
479272
479273
479274
479275
479276
479277
479278
479279
479280
479281
479282
479283
479284
479285
479286
479287
479288
479289
479290
479292
479293
479294
479297
479299
479300
479301
479302
479303
479304
479305
479306
479307
479308
479309
479310
479311
479312
479313
479314
479315
479316
479317
479318
479319
479320
479321
479327
479328
479329
479332
479333
479334
479335
479336
479337
479342
479343
479344
479345
479346
479347
479348
479349
479350
479351
479352
479353
479354
479355
479356
479357
479358
479359
479360
479361
479362
479363
479364
479365
479366
479367
479368
479369
479370
479371
479372
479373
479374
479375
479376
479377
479378
479379
479380
479381
479382
479383
479384
479385
479386
479387
479388
479389
479390
479391
479392
479393
479394
479395
479396
479397
479398
479399
479400
479401
479402
479403
479404
479405
479406
479407
479408
479409
479410
479411
479412
479413
479414
479415
479416
479417
479418
479419
479420
479421
479422
479423
479424
479425
479426
479427
479428
479429
479430
479431
479432
479433
479434
479435
479436
479437
479438
479439
479440
479441
479442
479443
479444
479445
479446
479447
479448
479449
479450
479451
479452
479453
479456
479457
479458
479462
479465
479466
479467
479468
479469
479470
479471
479472
479473
479474
479475
479476
479477
479478
479479
479480
479481
479482
479483
479484
479485
479486
479487
479488
479489
479490
479494
479495
479496
479498
479499
479500
479501
479502
479503
479510
479511
479512
479513
479514
479516
479517
479518
479519
479520
479521
479522
479523
479524
479525
479526
479527
479528
479529
479530
479531
479532
479533
479534
479535
479536
479537
479538
479555
479556
479557
479558
479559
479560
479561
479562
479563
479564
479565
479566
479567
479568
479569
479570
479571
479572
479573
479574
479575
479576
479577
479578
479579
479580
479581
479582
479583
479584
479585
479595
479596
479599
479616
479617
479618
479619
479620
479621
479622
479623
479624
479625
479626
479627
479628
479629
479630
479631
479632
479633
479634
479635
479636
479637
479638
479639
479640
479641
479642
479643
479644
479653
479654
479655
479660
479681
479682
479687
479688
479689
479691
479718
479719
479727
479728
479737
479738
479746
479747
479748
479749
479750
479751
479752
479753
479754
479755
479756
479757
479758
479759
479760
479761
479762
479763
479775
479776
479777
479778
479781
479782
479795
479796
479797
479798
479801
479802
479805
479806
479807
479808
479809
479810
479811
479812
479813
479814
479815
479816
479817
479818
479819
479820
479821
479822
479823
479824
479825
479826
479827
479828
479829
479830
479831
479832
479833
479834
479835
479836
479837
479838
479839
479840
479841
479842
479843
479844
479845
479846
479847
479848
479849
479850
479851
479852
479853
479854
479855
479856
479857
479858
479859
479860
479861
479862
479863
479864
479865
479866
479867
479868
479869
479870
479871
479872
479873
479874
479875
479876
479877
479878
479879
479880
479881
479882
479883
479884
479885
479886
479887
479888
479889
479890
479891
479892
479893
479894
479895
479896
479897
479898
479899
479900
479901
479902
479903
479904
479905
479921
479922
479923
479924
479925
479926
479927
479928
479929
479930
479931
479932
479933
479934
479935
479936
479937
479938
479939
479940
479943
479944
479945
479946
479947
479948
479951
479952
479962
479963
479966
479982
479983
479984
479985
479986
479987
479988
479989
479990
479991
479992
479993
479994
479995
479996
479997
479998
479999
480000
480001
480005
480006
480007
480008
480010
480011
480047
480048
480056
480057
480066
480067
480075
480076
480077
480078
480079
480080
480081
480082
480083
480084
480085
480086
480087
480088
480089
480100
480101
480102
480103
480106
480107
480120
480121
480122
480123
480126
480127
480130
480131
480132
480133
480134
480135
480136
480137
480138
480139
480140
480141
480142
480143
480144
480145
480146
480147
480148
480149
480150
480166
480167
480168
480169
480172
480173
480174
480175
480176
480177
480178
480179
480182
480183
480184
480185
480186
480187
480188
480189
480192
480193
480194
480195
480197
480198
480199
480214
480215
480216
480217
480218
480222
480223
480224
480225
480226
480228
480229
480230
480231
480269
480270
480279
480280
480302
480303
480304
480305
480306
480307
480308
480309
480310
480311
480312
480313
480314
480326
480327
480328
480329
480332
480333
480359
480360
480361
480362
480363
480364
480365
480366
480367
480368
480369
480370
480372
480373
480374
480375
480376
480377
480378
480379
480380
480381
480382
480383
480384
480385
480386
480387
480388
480389
480390
480391
480392
480393
480394
480395
480396
480397
480398
480399
480400
480401
480402
480403
480404
480405
480406
480407
480408
480409
480410
480411
480412
480413
480414
480415
480416
480417
480418
480419
480420
480421
480422
480423
480424
480425
480426
480427
480453
480454
480456
480458
480459
480460
480461
480462
480463
480464
480465
480466
480467
480468
480469
480470
480471
480472
480533
480534
480535
480536
480537
480538
480539
480540
480541
480542
480543
480544
480545
480546
480547
480548
480549
480550
480551
480552
480553
480555
480556
480557
480558
480559
480560
480562
480563
480564
480565
480566
480576
480577
480578
480579
480580
480581
480582
480583
480584
480585
480586
480587
480588
480589
480590
480591
480592
480593
480594
480595
480596
480597
480598
480601
480602
480603
480604
480605
480606
480607
480608
480609
480610
480611
480612
480613
480614
480615
480616
480617
480621
480622
480623
480624
480626
480627
480628
480629
480630
480631
480632
480633
480634
480635
480636
480637
480638
480639
480640
480641
480642
480643
480644
480645
480648
480649
480650
480651
480655
480657
480658
480659
480660
480661
480662
480663
480664
480665
480666
480667
480668
480669
480670
480671
480672
480673
480674
480734
480735
480740
480741
480742
480743
480745
480746
480767
480768
480769
480770
480771
480772
480778
480783
480784
480785
480786
480787
480788
480789
480790
480791
480792
480793
480794
480795
480796
480797
480798
480799
480800
480801
480802
480803
480804
480805
480806
480807
480808
480809
480810
480811
480812
480813
480814
480815
480816
480817
480818
480819
480820
480821
480822
480823
480824
480825
480826
480827
480828
480829
480830
480831
480832
480833
480834
480835
480836
480837
480838
480839
480840
480841
480842
480843
480844
480845
480846
480847
480848
480849
480850
480851
480852
480853
480854
480855
480856
480857
480858
480859
480860
480861
480862
480867
480868
480872
480873
480874
480876
480877
480904
480908
480909
480911
480917
480918
480919
480920
480921
480922
480927
480956
480958
480959
480960
480961
480965
480966
481020
481021
481025
481027
481028
481030
481081
481082
481083
481084
481085
481086
481087
481088
481089
481090
481091
481092
481093
481110
481111
481112
481113
481114
481115
481116
481117
481118
481119
481120
481121
481122
481139
481140
481141
481142
481143
481144
481145
481146
481147
481148
481149
481150
481151
481152
481153
481320
481321
481322
481324
481325
481326
481327
481328
481329
483884
483885
483886
483916
483917
483943
483944
483945
483946
483948
483949
483950
483951
483952
483953
483954
483955
483957
483958
483959
483960
483961
483962
483963
483964
483965
483966
483967
483968
483969
483970
483971
483972
483973
483974
483975
484007
484008
484009
484010
484011
484014
484015
484016
484017
484018
484019
484020
484021
484022
484023
484024
484025
484026
484027
484028
484029
484030
484031
484032
484033
484034
484035
484036
484037
484038
484039
484040
484041
484043
484044
484045
484048
484050
484051
484052
484053
484054
484055
484056
484057
484058
484059
484060
484061
484062
484063
484064
484065
484066
484067
484068
484069
484070
484071
484072
484078
484079
484080
484083
484084
484085
484086
484087
484088
484093
484094
484095
484096
484097
484098
484099
484100
484101
484102
484103
484104
484105
484106
484107
484108
484109
484110
484111
484112
484113
484114
484115
484116
484117
484118
484119
484120
484121
484122
484123
484124
484125
484126
484127
484128
484129
484130
484131
484132
484133
484134
484135
484136
484137
484138
484139
484140
484141
484142
484143
484144
484145
484146
484147
484148
484149
484150
484151
484152
484153
484154
484155
484156
484157
484158
484159
484160
484161
484162
484163
484164
484165
484166
484167
484168
484169
484170
484171
484172
484173
484174
484175
484176
484177
484178
484179
484180
484181
484182
484183
484184
484185
484186
484187
484188
484189
484190
484191
484192
484193
484194
484195
484196
484197
484198
484199
484200
484201
484202
484203
484204
484207
484208
484209
484213
484216
484217
484218
484219
484220
484221
484222
484223
484224
484225
484226
484227
484228
484229
484230
484231
484232
484233
484234
484235
484236
484237
484238
484239
484240
484241
484245
484246
484247
484249
484250
484251
484252
484253
484254
484261
484262
484263
484264
484265
484267
484268
484269
484270
484271
484272
484273
484274
484275
484276
484277
484278
484279
484280
484281
484282
484283
484284
484285
484286
484287
484288
484289
484306
484307
484308
484309
484310
484311
484312
484313
484314
484315
484316
484317
484318
484319
484320
484321
484322
484323
484324
484325
484326
484327
484328
484329
484330
484331
484332
484333
484334
484335
484336
484346
484347
484350
484367
484368
484369
484370
484371
484372
484373
484374
484375
484376
484377
484378
484379
484380
484381
484382
484383
484384
484385
484386
484387
484388
484389
484390
484391
484392
484393
484394
484395
484404
484405
484406
484411
484432
484433
484438
484439
484440
484442
484469
484470
484478
484479
484488
484489
484497
484498
484499
484500
484501
484502
484503
484504
484505
484506
484507
484508
484509
484510
484511
484512
484513
484514
484526
484527
484528
484529
484532
484533
484546
484547
484548
484549
484552
484553
484556
484557
484558
484559
484560
484561
484562
484563
484564
484565
484566
484567
484568
484569
484570
484571
484572
484573
484574
484575
484576
484577
484578
484579
484580
484581
484582
484583
484584
484585
484586
484587
484588
484589
484590
484591
484592
484593
484594
484595
484596
484597
484598
484599
484600
484601
484602
484603
484604
484605
484606
484607
484608
484609
484610
484611
484612
484613
484614
484615
484616
484617
484618
484619
484620
484621
484622
484623
484624
484625
484626
484627
484628
484629
484630
484631
484632
484633
484634
484635
484636
484637
484638
484639
484640
484641
484642
484643
484644
484645
484646
484647
484648
484649
484650
484651
484652
484653
484654
484655
484656
484672
484673
484674
484675
484676
484677
484678
484679
484680
484681
484682
484683
484684
484685
484686
484687
484688
484689
484690
484691
484694
484695
484696
484697
484698
484699
484702
484703
484713
484714
484717
484733
484734
484735
484736
484737
484738
484739
484740
484741
484742
484743
484744
484745
484746
484747
484748
484749
484750
484751
484752
484756
484757
484758
484759
484761
484762
484798
484799
484807
484808
484817
484818
484826
484827
484828
484829
484830
484831
484832
484833
484834
484835
484836
484837
484838
484839
484840
484851
484852
484853
484854
484857
484858
484871
484872
484873
484874
484877
484878
484881
484882
484883
484884
484885
484886
484887
484888
484889
484890
484891
484892
484893
484894
484895
484896
484897
484898
484899
484900
484901
484917
484918
484919
484920
484923
484924
484925
484926
484927
484928
484929
484930
484933
484934
484935
484936
484937
484938
484939
484940
484943
484944
484945
484946
484948
484949
484950
484965
484966
484967
484968
484969
484973
484974
484975
484976
484977
484979
484980
484981
484982
485020
485021
485030
485031
485053
485054
485055
485056
485057
485058
485059
485060
485061
485062
485063
485064
485065
485077
485078
485079
485080
485083
485084
485110
485111
485112
485113
485114
485115
485116
485117
485118
485119
485120
485121
485123
485124
485125
485126
485127
485128
485129
485130
485131
485132
485133
485134
485135
485136
485137
485138
485139
485140
485141
485142
485143
485144
485145
485146
485147
485148
485149
485150
485151
485152
485153
485154
485155
485156
485157
485158
485159
485160
485161
485162
485163
485164
485165
485166
485167
485168
485169
485170
485171
485172
485173
485174
485175
485176
485177
485178
485204
485205
485207
485209
485210
485211
485212
485213
485214
485215
485216
485217
485218
485219
485220
485221
485222
485223
485284
485285
485286
485287
485288
485289
485290
485291
485292
485293
485294
485295
485296
485297
485298
485299
485300
485301
485302
485303
485304
485306
485307
485308
485309
485310
485311
485313
485314
485315
485316
485317
485327
485328
485329
485330
485331
485332
485333
485334
485335
485336
485337
485338
485339
485340
485341
485342
485343
485344
485345
485346
485347
485348
485349
485352
485353
485354
485355
485356
485357
485358
485359
485360
485361
485362
485363
485364
485365
485366
485367
485368
485372
485373
485374
485375
485377
485378
485379
485380
485381
485382
485383
485384
485385
485386
485387
485388
485389
485390
485391
485392
485393
485394
485395
485396
485399
485400
485401
485402
485406
485408
485409
485410
485411
485412
485413
485414
485415
485416
485417
485418
485419
485420
485421
485422
485423
485424
485425
485485
485486
485491
485492
485493
485494
485496
485497
485518
485519
485520
485521
485522
485523
485529
485534
485535
485536
485537
485538
485539
485540
485541
485542
485543
485544
485545
485546
485547
485548
485549
485550
485551
485552
485553
485554
485555
485556
485557
485558
485559
485560
485561
485562
485563
485564
485565
485566
485567
485568
485569
485570
485571
485572
485573
485574
485575
485576
485577
485578
485579
485580
485581
485582
485583
485584
485585
485586
485587
485588
485589
485590
485591
485592
485593
485594
485595
485596
485597
485598
485599
485600
485601
485602
485603
485604
485605
485606
485607
485608
485609
485610
485611
485612
485613
485618
485619
485623
485624
485625
485627
485628
485655
485659
485660
485662
485668
485669
485670
485671
485672
485673
485678
485707
485709
485710
485711
485712
485716
485717
485771
485772
485776
485778
485779
485781
485832
485833
485834
485835
485836
485837
485838
485839
485840
485841
485842
485843
485844
485861
485862
485863
485864
485865
485866
485867
485868
485869
485870
485871
485872
485873
485890
485891
485892
485893
485894
485895
485896
485897
485898
485899
485900
485901
485902
485903
485904
486071
486072
486073
486075
486076
486077
486078
486079
486080
488635
488636
488637
488667
488668
488694
488695
488696
488697
488699
488700
488701
488702
488703
488704
488705
488706
488708
488709
488710
488711
488712
488713
488714
488715
488716
488717
488718
488719
488720
488721
488722
488723
488724
488725
488726
488758
488759
488760
488761
488762
488765
488766
488767
488768
488769
488770
488771
488772
488773
488774
488775
488776
488777
488778
488779
488780
488781
488782
488783
488784
488785
488786
488787
488788
488789
488790
488791
488792
488794
488795
488796
488799
488801
488802
488803
488804
488805
488806
488807
488808
488809
488810
488811
488812
488813
488814
488815
488816
488817
488818
488819
488820
488821
488822
488823
488829
488830
488831
488834
488835
488836
488837
488838
488839
488844
488845
488846
488847
488848
488849
488850
488851
488852
488853
488854
488855
488856
488857
488858
488859
488860
488861
488862
488863
488864
488865
488866
488867
488868
488869
488870
488871
488872
488873
488874
488875
488876
488877
488878
488879
488880
488881
488882
488883
488884
488885
488886
488887
488888
488889
488890
488891
488892
488893
488894
488895
488896
488897
488898
488899
488900
488901
488902
488903
488904
488905
488906
488907
488908
488909
488910
488911
488912
488913
488914
488915
488916
488917
488918
488919
488920
488921
488922
488923
488924
488925
488926
488927
488928
488929
488930
488931
488932
488933
488934
488935
488936
488937
488938
488939
488940
488941
488942
488943
488944
488945
488946
488947
488948
488949
488950
488951
488952
488953
488954
488955
488958
488959
488960
488964
488967
488968
488969
488970
488971
488972
488973
488974
488975
488976
488977
488978
488979
488980
488981
488982
488983
488984
488985
488986
488987
488988
488989
488990
488991
488992
488996
488997
488998
489000
489001
489002
489003
489004
489005
489012
489013
489014
489015
489016
489018
489019
489020
489021
489022
489023
489024
489025
489026
489027
489028
489029
489030
489031
489032
489033
489034
489035
489036
489037
489038
489039
489040
489057
489058
489059
489060
489061
489062
489063
489064
489065
489066
489067
489068
489069
489070
489071
489072
489073
489074
489075
489076
489077
489078
489079
489080
489081
489082
489083
489084
489085
489086
489087
489097
489098
489101
489118
489119
489120
489121
489122
489123
489124
489125
489126
489127
489128
489129
489130
489131
489132
489133
489134
489135
489136
489137
489138
489139
489140
489141
489142
489143
489144
489145
489146
489155
489156
489157
489162
489183
489184
489189
489190
489191
489193
489220
489221
489229
489230
489239
489240
489248
489249
489250
489251
489252
489253
489254
489255
489256
489257
489258
489259
489260
489261
489262
489263
489264
489265
489277
489278
489279
489280
489283
489284
489297
489298
489299
489300
489303
489304
489307
489308
489309
489310
489311
489312
489313
489314
489315
489316
489317
489318
489319
489320
489321
489322
489323
489324
489325
489326
489327
489328
489329
489330
489331
489332
489333
489334
489335
489336
489337
489338
489339
489340
489341
489342
489343
489344
489345
489346
489347
489348
489349
489350
489351
489352
489353
489354
489355
489356
489357
489358
489359
489360
489361
489362
489363
489364
489365
489366
489367
489368
489369
489370
489371
489372
489373
489374
489375
489376
489377
489378
489379
489380
489381
489382
489383
489384
489385
489386
489387
489388
489389
489390
489391
489392
489393
489394
489395
489396
489397
489398
489399
489400
489401
489402
489403
489404
489405
489406
489407
489423
489424
489425
489426
489427
489428
489429
489430
489431
489432
489433
489434
489435
489436
489437
489438
489439
489440
489441
489442
489445
489446
489447
489448
489449
489450
489453
489454
489464
489465
489468
489484
489485
489486
489487
489488
489489
489490
489491
489492
489493
489494
489495
489496
489497
489498
489499
489500
489501
489502
489503
489507
489508
489509
489510
489512
489513
489549
489550
489558
489559
489568
489569
489577
489578
489579
489580
489581
489582
489583
489584
489585
489586
489587
489588
489589
489590
489591
489602
489603
489604
489605
489608
489609
489622
489623
489624
489625
489628
489629
489632
489633
489634
489635
489636
489637
489638
489639
489640
489641
489642
489643
489644
489645
489646
489647
489648
489649
489650
489651
489652
489668
489669
489670
489671
489674
489675
489676
489677
489678
489679
489680
489681
489684
489685
489686
489687
489688
489689
489690
489691
489694
489695
489696
489697
489699
489700
489701
489716
489717
489718
489719
489720
489724
489725
489726
489727
489728
489730
489731
489732
489733
489771
489772
489781
489782
489804
489805
489806
489807
489808
489809
489810
489811
489812
489813
489814
489815
489816
489828
489829
489830
489831
489834
489835
489861
489862
489863
489864
489865
489866
489867
489868
489869
489870
489871
489872
489874
489875
489876
489877
489878
489879
489880
489881
489882
489883
489884
489885
489886
489887
489888
489889
489890
489891
489892
489893
489894
489895
489896
489897
489898
489899
489900
489901
489902
489903
489904
489905
489906
489907
489908
489909
489910
489911
489912
489913
489914
489915
489916
489917
489918
489919
489920
489921
489922
489923
489924
489925
489926
489927
489928
489929
489955
489956
489958
489960
489961
489962
489963
489964
489965
489966
489967
489968
489969
489970
489971
489972
489973
489974
490035
490036
490037
490038
490039
490040
490041
490042
490043
490044
490045
490046
490047
490048
490049
490050
490051
490052
490053
490054
490055
490057
490058
490059
490060
490061
490062
490064
490065
490066
490067
490068
490078
490079
490080
490081
490082
490083
490084
490085
490086
490087
490088
490089
490090
490091
490092
490093
490094
490095
490096
490097
490098
490099
490100
490103
490104
490105
490106
490107
490108
490109
490110
490111
490112
490113
490114
490115
490116
490117
490118
490119
490123
490124
490125
490126
490128
490129
490130
490131
490132
490133
490134
490135
490136
490137
490138
490139
490140
490141
490142
490143
490144
490145
490146
490147
490150
490151
490152
490153
490157
490159
490160
490161
490162
490163
490164
490165
490166
490167
490168
490169
490170
490171
490172
490173
490174
490175
490176
490236
490237
490242
490243
490244
490245
490247
490248
490269
490270
490271
490272
490273
490274
490280
490285
490286
490287
490288
490289
490290
490291
490292
490293
490294
490295
490296
490297
490298
490299
490300
490301
490302
490303
490304
490305
490306
490307
490308
490309
490310
490311
490312
490313
490314
490315
490316
490317
490318
490319
490320
490321
490322
490323
490324
490325
490326
490327
490328
490329
490330
490331
490332
490333
490334
490335
490336
490337
490338
490339
490340
490341
490342
490343
490344
490345
490346
490347
490348
490349
490350
490351
490352
490353
490354
490355
490356
490357
490358
490359
490360
490361
490362
490363
490364
490369
490370
490374
490375
490376
490378
490379
490406
490410
490411
490413
490419
490420
490421
490422
490423
490424
490429
490458
490459
490460
490461
490462
490463
490466
490467
490468
490486
490487
490488
490489
490490
490491
490492
490493
490494
490495
490496
490497
490498
490522
490523
490527
490528
490529
490530
490531
490532
490553
490554
490555
490556
490557
490558
490559
490560
490561
490562
490563
490564
490583
490584
490585
490586
490587
490588
490589
490590
490591
490592
490593
490594
490595
490612
490613
490614
490615
490616
490617
490618
490619
490620
490621
490622
490623
490624
490641
490642
490643
490644
490645
490647
490648
490649
490650
490651
490653
490655
490671
490672
490673
490675
490676
490677
490678
490679
490681
490682
490683
490685
490687
490730
490731
490732
490734
490735
490736
490737
490738
490739
490740
490742
490745
493386
493387
493388
493418
493419
493445
493446
493447
493448
493450
493451
493452
493453
493454
493455
493456
493457
493459
493460
493461
493462
493463
493464
493465
493466
493467
493468
493469
493470
493471
493472
493473
493474
493475
493476
493477
493509
493510
493511
493512
493513
493516
493517
493518
493519
493520
493521
493522
493523
493524
493525
493526
493527
493528
493529
493530
493531
493532
493533
493534
493535
493536
493537
493538
493539
493540
493541
493542
493543
493545
493546
493547
493550
493552
493553
493554
493555
493556
493557
493558
493559
493560
493561
493562
493563
493564
493565
493566
493567
493568
493569
493570
493571
493572
493573
493574
493580
493581
493582
493585
493586
493587
493588
493589
493590
493595
493596
493597
493598
493599
493600
493601
493602
493603
493604
493605
493606
493607
493608
493609
493610
493611
493612
493613
493614
493615
493616
493617
493618
493619
493620
493621
493622
493623
493624
493625
493626
493627
493628
493629
493630
493631
493632
493633
493634
493635
493636
493637
493638
493639
493640
493641
493642
493643
493644
493645
493646
493647
493648
493649
493650
493651
493652
493653
493654
493655
493656
493657
493658
493659
493660
493661
493662
493663
493664
493665
493666
493667
493668
493669
493670
493671
493672
493673
493674
493675
493676
493677
493678
493679
493680
493681
493682
493683
493684
493685
493686
493687
493688
493689
493690
493691
493692
493693
493694
493695
493696
493697
493698
493699
493700
493701
493702
493703
493704
493705
493706
493709
493710
493711
493715
493718
493719
493720
493721
493722
493723
493724
493725
493726
493727
493728
493729
493730
493731
493732
493733
493734
493735
493736
493737
493738
493739
493740
493741
493742
493743
493747
493748
493749
493751
493752
493753
493754
493755
493756
493763
493764
493765
493766
493767
493769
493770
493771
493772
493773
493774
493775
493776
493777
493778
493779
493780
493781
493782
493783
493784
493785
493786
493787
493788
493789
493790
493791
493808
493809
493810
493811
493812
493813
493814
493815
493816
493817
493818
493819
493820
493821
493822
493823
493824
493825
493826
493827
493828
493829
493830
493831
493832
493833
493834
493835
493836
493837
493838
493848
493849
493852
493869
493870
493871
493872
493873
493874
493875
493876
493877
493878
493879
493880
493881
493882
493883
493884
493885
493886
493887
493888
493889
493890
493891
493892
493893
493894
493895
493896
493897
493906
493907
493908
493913
493934
493935
493940
493941
493942
493944
493971
493972
493980
493981
493990
493991
493999
494000
494001
494002
494003
494004
494005
494006
494007
494008
494009
494010
494011
494012
494013
494014
494015
494016
494028
494029
494030
494031
494034
494035
494048
494049
494050
494051
494054
494055
494058
494059
494060
494061
494062
494063
494064
494065
494066
494067
494068
494069
494070
494071
494072
494073
494074
494075
494076
494077
494078
494079
494080
494081
494082
494083
494084
494085
494086
494087
494088
494089
494090
494091
494092
494093
494094
494095
494096
494097
494098
494099
494100
494101
494102
494103
494104
494105
494106
494107
494108
494109
494110
494111
494112
494113
494114
494115
494116
494117
494118
494119
494120
494121
494122
494123
494124
494125
494126
494127
494128
494129
494130
494131
494132
494133
494134
494135
494136
494137
494138
494139
494140
494141
494142
494143
494144
494145
494146
494147
494148
494149
494150
494151
494152
494153
494154
494155
494156
494157
494158
494174
494175
494176
494177
494178
494179
494180
494181
494182
494183
494184
494185
494186
494187
494188
494189
494190
494191
494192
494193
494196
494197
494198
494199
494200
494201
494204
494205
494215
494216
494219
494235
494236
494237
494238
494239
494240
494241
494242
494243
494244
494245
494246
494247
494248
494249
494250
494251
494252
494253
494254
494258
494259
494260
494261
494263
494264
494300
494301
494309
494310
494319
494320
494328
494329
494330
494331
494332
494333
494334
494335
494336
494337
494338
494339
494340
494341
494342
494353
494354
494355
494356
494359
494360
494373
494374
494375
494376
494379
494380
494383
494384
494385
494386
494387
494388
494389
494390
494391
494392
494393
494394
494395
494396
494397
494398
494399
494400
494401
494402
494403
494419
494420
494421
494422
494425
494426
494427
494428
494429
494430
494431
494432
494435
494436
494437
494438
494439
494440
494441
494442
494445
494446
494447
494448
494450
494451
494452
494467
494468
494469
494470
494471
494475
494476
494477
494478
494479
494481
494482
494483
494484
494522
494523
494532
494533
494555
494556
494557
494558
494559
494560
494561
494562
494563
494564
494565
494566
494567
494579
494580
494581
494582
494585
494586
494612
494613
494614
494615
494616
494617
494618
494619
494620
494621
494622
494623
494625
494626
494627
494628
494629
494630
494631
494632
494633
494634
494635
494636
494637
494638
494639
494640
494641
494642
494643
494644
494645
494646
494647
494648
494649
494650
494651
494652
494653
494654
494655
494656
494657
494658
494659
494660
494661
494662
494663
494664
494665
494666
494667
494668
494669
494670
494671
494672
494673
494674
494675
494676
494677
494678
494679
494680
494706
494707
494709
494711
494712
494713
494714
494715
494716
494717
494718
494719
494720
494721
494722
494723
494724
494725
494786
494787
494788
494789
494790
494791
494792
494793
494794
494795
494796
494797
494798
494799
494800
494801
494802
494803
494804
494805
494806
494808
494809
494810
494811
494812
494813
494815
494816
494817
494818
494819
494829
494830
494831
494832
494833
494834
494835
494836
494837
494838
494839
494840
494841
494842
494843
494844
494845
494846
494847
494848
494849
494850
494851
494854
494855
494856
494857
494858
494859
494860
494861
494862
494863
494864
494865
494866
494867
494868
494869
494870
494874
494875
494876
494877
494879
494880
494881
494882
494883
494884
494885
494886
494887
494888
494889
494890
494891
494892
494893
494894
494895
494896
494897
494898
494901
494902
494903
494904
494908
494910
494911
494912
494913
494914
494915
494916
494917
494918
494919
494920
494921
494922
494923
494924
494925
494926
494927
494987
494988
494993
494994
494995
494996
494998
494999
495020
495021
495022
495023
495024
495025
495031
495036
495037
495038
495039
495040
495041
495042
495043
495044
495045
495046
495047
495048
495049
495050
495051
495052
495053
495054
495055
495056
495057
495058
495059
495060
495061
495062
495063
495064
495065
495066
495067
495068
495069
495070
495071
495072
495073
495074
495075
495076
495077
495078
495079
495080
495081
495082
495083
495084
495085
495086
495087
495088
495089
495090
495091
495092
495093
495094
495095
495096
495097
495098
495099
495100
495101
495102
495103
495104
495105
495106
495107
495108
495109
495110
495111
495112
495113
495114
495115
495120
495121
495125
495126
495127
495129
495130
495157
495161
495162
495164
495170
495171
495172
495173
495174
495175
495180
495209
495210
495211
495212
495213
495214
495217
495218
495219
495237
495238
495239
495240
495241
495242
495243
495244
495245
495246
495247
495248
495249
495273
495274
495278
495279
495280
495281
495282
495283
495304
495305
495306
495307
495308
495309
495310
495311
495312
495313
495314
495315
495334
495335
495336
495337
495338
495339
495340
495341
495342
495343
495344
495345
495346
495363
495364
495365
495366
495367
495368
495369
495370
495371
495372
495373
495374
495375
495392
495393
495394
495395
495396
495398
495399
495400
495401
495402
495404
495406
495422
495423
495424
495426
495427
495428
495429
495430
495432
495433
495434
495436
495438
495481
495482
495483
495485
495486
495487
495488
495489
495490
495491
495493
495496
498137
498138
498139
498169
498170
498196
498197
498198
498199
498201
498202
498203
498204
498205
498206
498207
498208
498210
498211
498212
498213
498214
498215
498216
498217
498218
498219
498220
498221
498222
498223
498224
498225
498226
498227
498228
498260
498261
498262
498263
498264
498267
498268
498269
498270
498271
498272
498273
498274
498275
498276
498277
498278
498279
498280
498281
498282
498283
498284
498285
498286
498287
498288
498289
498290
498291
498292
498293
498294
498296
498297
498298
498301
498303
498304
498305
498306
498307
498308
498309
498310
498311
498312
498313
498314
498315
498316
498317
498318
498319
498320
498321
498322
498323
498324
498325
498331
498332
498333
498336
498337
498338
498339
498340
498341
498346
498347
498348
498349
498350
498351
498352
498353
498354
498355
498356
498357
498358
498359
498360
498361
498362
498363
498364
498365
498366
498367
498368
498369
498370
498371
498372
498373
498374
498375
498376
498377
498378
498379
498380
498381
498382
498383
498384
498385
498386
498387
498388
498389
498390
498391
498392
498393
498394
498395
498396
498397
498398
498399
498400
498401
498402
498403
498404
498405
498406
498407
498408
498409
498410
498411
498412
498413
498414
498415
498416
498417
498418
498419
498420
498421
498422
498423
498424
498425
498426
498427
498428
498429
498430
498431
498432
498433
498434
498435
498436
498437
498438
498439
498440
498441
498442
498443
498444
498445
498446
498447
498448
498449
498450
498451
498452
498453
498454
498455
498456
498457
498460
498461
498462
498466
498469
498470
498471
498472
498473
498474
498475
498476
498477
498478
498479
498480
498481
498482
498483
498484
498485
498486
498487
498488
498489
498490
498491
498492
498493
498494
498498
498499
498500
498502
498503
498504
498505
498506
498507
498514
498515
498516
498517
498518
498520
498521
498522
498523
498524
498525
498526
498527
498528
498529
498530
498531
498532
498533
498534
498535
498536
498537
498538
498539
498540
498541
498542
498559
498560
498561
498562
498563
498564
498565
498566
498567
498568
498569
498570
498571
498572
498573
498574
498575
498576
498577
498578
498579
498580
498581
498582
498583
498584
498585
498586
498587
498588
498589
498599
498600
498603
498620
498621
498622
498623
498624
498625
498626
498627
498628
498629
498630
498631
498632
498633
498634
498635
498636
498637
498638
498639
498640
498641
498642
498643
498644
498645
498646
498647
498648
498657
498658
498659
498664
498685
498686
498691
498692
498693
498695
498722
498723
498731
498732
498741
498742
498750
498751
498752
498753
498754
498755
498756
498757
498758
498759
498760
498761
498762
498763
498764
498765
498766
498767
498779
498780
498781
498782
498785
498786
498799
498800
498801
498802
498805
498806
498809
498810
498811
498812
498813
498814
498815
498816
498817
498818
498819
498820
498821
498822
498823
498824
498825
498826
498827
498828
498829
498830
498831
498832
498833
498834
498835
498836
498837
498838
498839
498840
498841
498842
498843
498844
498845
498846
498847
498848
498849
498850
498851
498852
498853
498854
498855
498856
498857
498858
498859
498860
498861
498862
498863
498864
498865
498866
498867
498868
498869
498870
498871
498872
498873
498874
498875
498876
498877
498878
498879
498880
498881
498882
498883
498884
498885
498886
498887
498888
498889
498890
498891
498892
498893
498894
498895
498896
498897
498898
498899
498900
498901
498902
498903
498904
498905
498906
498907
498908
498909
498925
498926
498927
498928
498929
498930
498931
498932
498933
498934
498935
498936
498937
498938
498939
498940
498941
498942
498943
498944
498947
498948
498949
498950
498951
498952
498955
498956
498966
498967
498970
498986
498987
498988
498989
498990
498991
498992
498993
498994
498995
498996
498997
498998
498999
499000
499001
499002
499003
499004
499005
499009
499010
499011
499012
499014
499015
499051
499052
499060
499061
499070
499071
499079
499080
499081
499082
499083
499084
499085
499086
499087
499088
499089
499090
499091
499092
499093
499104
499105
499106
499107
499110
499111
499124
499125
499126
499127
499130
499131
499134
499135
499136
499137
499138
499139
499140
499141
499142
499143
499144
499145
499146
499147
499148
499149
499150
499151
499152
499153
499154
499170
499171
499172
499173
499176
499177
499178
499179
499180
499181
499182
499183
499186
499187
499188
499189
499190
499191
499192
499193
499196
499197
499198
499199
499201
499202
499203
499218
499219
499220
499221
499222
499226
499227
499228
499229
499230
499232
499233
499234
499235
499273
499274
499283
499284
499306
499307
499308
499309
499310
499311
499312
499313
499314
499315
499316
499317
499318
499330
499331
499332
499333
499336
499337
499363
499364
499365
499366
499367
499368
499369
499370
499371
499372
499373
499374
499376
499377
499378
499379
499380
499381
499382
499383
499384
499385
499386
499387
499388
499389
499390
499391
499392
499393
499394
499395
499396
499397
499398
499399
499400
499401
499402
499403
499404
499405
499406
499407
499408
499409
499410
499411
499412
499413
499414
499415
499416
499417
499418
499419
499420
499421
499422
499423
499424
499425
499426
499427
499428
499429
499430
499431
499457
499458
499460
499462
499463
499464
499465
499466
499467
499468
499469
499470
499471
499472
499473
499474
499475
499476
499537
499538
499539
499540
499541
499542
499543
499544
499545
499546
499547
499548
499549
499550
499551
499552
499553
499554
499555
499556
499557
499559
499560
499561
499562
499563
499564
499566
499567
499568
499569
499570
499580
499581
499582
499583
499584
499585
499586
499587
499588
499589
499590
499591
499592
499593
499594
499595
499596
499597
499598
499599
499600
499601
499602
499605
499606
499607
499608
499609
499610
499611
499612
499613
499614
499615
499616
499617
499618
499619
499620
499621
499625
499626
499627
499628
499630
499631
499632
499633
499634
499635
499636
499637
499638
499639
499640
499641
499642
499643
499644
499645
499646
499647
499648
499649
499652
499653
499654
499655
499659
499661
499662
499663
499664
499665
499666
499667
499668
499670
499671
499672
499673
499674
499676
499678
499738
499739
499744
499745
499746
499747
499749
499750
499771
499772
499773
499774
499775
499776
499782
499787
499788
499789
499790
499791
499792
499793
499794
499795
499796
499797
499798
499799
499800
499801
499802
499803
499804
499805
499806
499807
499808
499809
499810
499811
499812
499813
499814
499815
499816
499817
499818
499819
499820
499821
499822
499823
499824
499825
499826
499827
499828
499829
499830
499831
499832
499833
499835
499836
499837
499838
499839
499840
499841
499842
499844
499847
499871
499872
499876
499878
499881
499960
499961
499962
499963
499964
499965
499968
499969
499970
499988
499989
499990
499991
499992
499993
499994
499995
499996
499997
499998
499999
500000
500024
500025
500029
500030
500031
500032
500033
500034
500055
500056
500057
500058
500059
500060
500061
500062
500063
500064
500065
500066
500085
500086
500087
500089
500090
500091
500092
500093
500094
500173
500174
500175
500177
500178
500179
500180
500181
500183
500184
500185
500187
500189
500232
500233
500234
500236
500237
500238
500239
500240
500241
500242
500244
500247
502889
502890
502947
502948
502949
502952
502953
502954
502955
502956
502958
502959
502961
502963
502964
502965
502966
502968
502969
502970
502971
502972
502973
502974
502976
502978
503042
503043
503045
503047
503048
503049
503052
503055
503056
503057
503058
503060
503061
503062
503063
503064
503065
503066
503067
503069
503072
503122
503123
503124
503126
503127
503128
503129
503130
503131
503165
503166
503167
503168
503169
503170
503171
503172
503173
503174
503175
503176
503177
503178
503179
503180
503181
503182
503183
503184
503185
503186
503187
503188
503189
503190
503191
503192
503193
503194
503195
503196
503197
503198
503199
503200
503201
503202
503203
503204
503205
503206
503207
503208
503211
503212
503213
503217
503220
503221
503222
503223
503224
503225
503226
503227
503228
503229
503230
503231
503232
503233
503234
503235
503236
503237
503238
503239
503240
503241
503242
503243
503244
503245
503249
503250
503251
503253
503254
503255
503256
503257
503258
503265
503266
503267
503268
503269
503271
503272
503273
503274
503275
503276
503277
503278
503279
503280
503281
503282
503283
503284
503285
503286
503287
503288
503289
503290
503291
503292
503293
503310
503311
503312
503313
503314
503315
503316
503317
503318
503319
503320
503321
503322
503323
503324
503325
503326
503327
503328
503329
503330
503331
503332
503333
503334
503335
503336
503337
503338
503339
503340
503350
503351
503354
503371
503372
503373
503374
503375
503376
503377
503378
503379
503380
503381
503382
503383
503384
503385
503386
503387
503388
503389
503390
503391
503392
503393
503394
503395
503396
503397
503398
503399
503408
503409
503410
503415
503436
503437
503442
503443
503444
503446
503473
503474
503482
503492
503493
503501
503503
503504
503505
503507
503508
503509
503510
503511
503512
503513
503515
503517
503575
503576
503577
503579
503580
503581
503582
503583
503584
503585
503587
503590
503621
503622
503623
503624
503625
503626
503627
503628
503629
503630
503631
503632
503633
503634
503635
503636
503637
503638
503639
503640
503641
503642
503643
503644
503645
503646
503647
503648
503649
503650
503651
503652
503653
503655
503656
503657
503659
503676
503677
503678
503679
503680
503681
503682
503683
503684
503685
503686
503687
503688
503689
503690
503691
503692
503693
503694
503695
503698
503699
503700
503701
503702
503703
503706
503707
503717
503718
503721
503737
503738
503739
503740
503741
503742
503743
503744
503746
503747
503748
503750
503751
503753
503754
503755
503756
503760
503761
503763
503765
503802
503803
503811
503821
503822
503830
503832
503833
503834
503836
503837
503838
503839
503840
503841
503921
503922
503923
503924
503927
503928
503929
503930
503931
503932
503933
503934
503937
503938
503939
503940
503941
503942
503943
503944
503947
503948
503949
503950
503952
503953
503954
503969
503970
503971
503972
503973
503977
503978
503979
503981
503983
503984
503986
504024
504025
504034
504057
504058
504059
504060
504061
504062
504064
504065
504067
504069
504140
504141
504142
504143
504144
504145
504146
504147
504148
504149
504150
504151
504152
504153
504154
504155
504156
504157
504158
504159
504161
504162
504163
504165
504167
504168
504169
504170
504171
504172
504173
504174
504175
504176
504177
504178
504179
504180
504181
504182
504208
504209
504211
504213
504214
504215
504216
504217
504219
504220
504222
504223
504288
504289
504290
504292
504293
504294
504295
504296
504297
504298
504299
504301
504304
504305
504306
504308
504310
504311
504312
504313
504315
504318
504365
504366
504367
504369
504370
504371
504372
504376
504377
504379
504381
504382
504383
504385
504386
504387
504388
504390
504391
504489
504490
504495
504497
504498
504501
504538
504539
504540
504542
504543
504544
504545
504546
504547
504548
504550
504553
504711
504712
504713
504714
504716
504719
504721
504739
504740
504741
504742
504743
504744
504746
504747
504749
504751
504924
504925
504926
504929
504930
504931
504932
504934
504935
507916
507917
507918
507920
507921
507922
507923
507924
507925
507956
507957
507958
507962
507963
507964
507968
507971
507973
507974
507975
507977
507978
507979
507980
507981
507982
507983
507984
507985
507987
507988
507990
507992
508061
508062
508063
508064
508066
508067
508068
508069
508070
508071
508072
508074
508076
508078
508079
508080
508082
508083
508084
508085
508086
508087
508089
508159
508160
639100
639101
639102
639103
639104
639105
639106
639107
639108
639109
639110
639111
639112
639113
639114
639115
639116
639117
639118
639119
639120
639121
639122
639123
639124
639125
639126
639127
639128
639129
639130
639131
639132
639133
639134
639135
639136
639137
639138
639139
639140
639141
639142
639143
639144
639145
639146
639147
639148
639149
639150
639151
639152
639153
639154
639155
639156
639157
639158
639159
639160
639161
639162
639163
639164
639165
639166
639167
639168
639169
639170
639171
639172
639173
639174
639175
639176
639177
639178
639179
639180
639181
639182
639183
639334
639335
639336
639337
639338
639339
639340
639341
639342
639343
639344
639345
639346
639347
639348
639349
639350
639351
639352
639353
639354
639355
639356
639357
639358
639359
639360
639361
639362
639363
639364
639365
639366
639367
639368
639369
639370
639371
639372
639373
639374
639375
639376
639377
639378
639379
639380
639381
639382
639383
639384
639385
639386
639387
639388
639389
639390
639391
639392
639393
639394
639395
639396
639397
639398
639399
639400
639401
639402
639403
639404
639405
639406
639407
639408
639409
639553
639554
639555
639556
639557
639558
639559
639560
639561
639562
639563
639564
639565
639566
639567
639568
639569
639570
639571
639572
639573
639574
639575
639576
639577
639578
639579
639580
639581
639582
639583
639584
639585
639586
639587
639588
639589
639590
639591
639592
639593
639594
639595
639596
639597
639598
639599
639600
639601
639602
639603
639604
639605
639606
639607
639608
639609
639610
639611
639612
639613
639614
639615
639616
639617
639618
639619
639620
639621
639622
639623
639624
639625
639626
639627
639628
639775
639776
639777
639778
639779
639780
639781
639782
639783
639784
639785
639786
639787
639788
639789
639790
639791
639792
639793
639794
639795
639796
639797
639798
639799
639800
639801
639802
639803
639804
639805
639806
639807
639808
639809
639810
639811
639812
639813
639814
639815
639816
639817
639818
639819
639820
639821
639822
639823
639824
639825
639826
639827
639828
639829
639830
639831
639832
639833
639834
639835
639836
639837
639838
639839
639840
639841
639842
639843
639844
639845
639846
639847
639848
639849
639850
639994
639995
639996
639997
639998
639999
640000
640001
640002
640003
640004
640005
640006
640007
640008
640009
640010
640011
640012
640013
640014
640015
640016
640017
640018
640019
640020
640021
640022
640023
640024
640025
640026
640027
640028
640029
640030
640031
640032
640033
640034
640035
640036
640037
640038
640039
640040
640041
640042
640043
640044
640045
640046
640047
640048
640049
640050
640051
640052
640053
640054
640055
640056
640057
640058
640059
640060
640061
640062
640063
640064
640065
640066
640067
640068
640069
640216
640217
640218
640219
640220
640221
640222
640223
640224
640225
640226
640227
640228
640229
640230
640231
640232
640233
640234
640235
640236
640237
640238
640239
640240
640241
640242
640243
640244
640245
640246
640247
640248
640249
640250
640251
640252
640253
640254
640255
640256
640257
640258
640259
640260
640261
640262
640263
640264
640265
640266
640267
640268
640269
640270
640271
640272
640273
640274
640275
640276
640277
640278
640279
640280
640281
640282
640283
640284
640285
640286
640287
640288
640289
640290
640291
640435
640436
640437
640438
640439
640440
640441
640442
640443
640444
640445
640446
640447
640448
640449
640450
640451
640452
640453
640454
640455
640456
640457
640458
640459
640460
640461
640462
640463
640464
640465
640466
640467
640468
640469
640470
640471
640472
640473
640474
640475
640476
640477
640478
640479
640480
640481
640482
640483
640484
640485
640486
640487
640488
640489
640490
640491
640492
640493
640494
640495
640496
640497
640498
640499
640500
640501
640502
640503
640504
640505
640506
640507
640508
640509
640510
640657
640658
640659
640660
640661
640662
640663
640664
640665
640666
640667
640668
640669
640670
640671
640672
640673
640674
640675
640676
640677
640678
640679
640680
640681
640682
640683
640684
640685
640686
640687
640688
640689
640690
640691
640692
640693
640694
640695
640696
640697
640698
640699
640700
640701
640702
640703
640704
640705
640706
640707
640708
640709
640710
640711
640712
640713
640714
640715
640716
640717
640718
640719
640720
640721
640722
640723
640724
640725
640726
640727
640728
640729
640730
640731
640732
640876
640877
640878
640879
640880
640881
640882
640883
640884
640885
640886
640887
640888
640889
640890
640891
640892
640893
640894
640895
640896
640897
640898
640899
640900
640901
640902
640903
640904
640905
640906
640907
640908
640909
640910
640911
640912
640913
640914
640915
640916
640917
640918
640919
640920
640921
640922
640923
640924
640925
640926
640927
640928
640929
640930
640931
640932
640933
640934
640935
640936
640937
640938
640939
641074
641075
641076
641077
641078
641079
641080
641081
641082
641083
641084
641085
641086
641087
641088
641089
641090
641091
641092
641093
641094
641095
641096
641097
641098
641099
641100
641101
641102
641103
641104
641105
641106
641107
641108
641109
641110
641111
641112
641113
641114
641115
641116
641117
641118
641119
641120
641121
641122
641123
641124
641125
641126
641127
641128
641129
641130
641131
641132
641133
641134
641135
641136
641137
641138
641139
641140
641141
641142
641143
641257
641258
641259
641260
641261
641262
641263
641264
641265
641266
641267
641268
641269
641270
641271
641272
641273
641274
641275
641276
641277
641278
641279
641280
641281
641282
641283
641284
641285
641286
641287
641288
641289
641290
641291
641292
641293
641294
641295
641296
641297
641298
641299
641300
641301
641302
641303
641304
641305
641306
641307
641308
641309
641310
641311
641312
641313
641314
641315
641316
641317
641318
641319
641320
641321
641322
641323
641324
641325
641326
641388
641389
641390
641391
641392
641393
641394
641395
641396
641397
641398
641399
641400
641401
641402
641403
641404
641405
641406
641407
641408
641409
641410
641411
641412
641413
641414
641415
641416
641417
641418
641419
641420
641421
641422
641423
641424
641425
641426
641427
641428
641429
641430
641431
641432
641433
641434
641435
641436
641437
641438
641439
641440
641441
641442
641443
641444
641445
641446
641447
641500
641501
641502
641503
641504
641505
641506
641507
641508
641509
641510
641511
641512
641513
641514
641515
641516
641517
641518
641519
641520
641521
641522
641523
641524
641525
641526
641527
641528
641529
641530
641531
641532
641533
641534
641535
641536
641537
641538
641539
641540
641541
641542
641543
641544
641545
641546
641547
641548
641549
641550
641551
641552
641553
641554
641555
641556
641557
641558
641559
641560
641561
641562
641563
641701
641702
641703
641704
641705
641707
641708
641710
641711
641712
641713
641714
641715
641717
641718
641720
641721
641722
641723
641724
641725
641726
641727
641728
641730
641845
641846
641847
641848
641849
641850
641851
641852
641853
641854
641855
641856
641857
641858
641859
641860
641861
641862
641863
641864
641865
641866
641867
641868
641869
641870
641871
641872
641873
641874
641875
641876
641877
641878
641879
641880
641881
641882
641883
641884
641886
641887
641888
641889
641890
641891
641892
641893
641894
641895
641896
641897
641899
641900
641901
641902
641903
641904
641905
641906
641907
641908
641909
641910
641911
641912
641914
641915
641916
641917
641918
641919
641920
641921
641923
641924
641925
641926
642019
642020
642021
642022
642023
642024
642025
642026
642027
642028
642029
642030
642031
642032
642033
642034
642035
642036
642037
642038
642039
642040
642041
642042
642043
642044
642045
642046
642047
642048
642049
642050
642051
642052
642053
642054
642055
642056
642057
642058
642060
642061
642062
642063
642064
642065
642066
642067
642068
642069
642070
642071
642073
642074
642075
642076
642077
642078
642079
642080
642081
642082
642083
642084
642085
642086
642088
642089
642090
642091
642092
642093
642094
642095
642097
642098
642099
642100
642193
642194
642195
642196
642197
642198
642199
642200
642201
642202
642203
642204
642205
642206
642207
642208
642209
642210
642211
642212
642213
642214
642215
642216
642217
642218
642219
642220
642221
642222
642223
642224
642225
642226
642227
642228
642229
642231
642232
642233
642234
642235
642236
642237
642238
642239
642240
642241
642242
642244
642245
642246
642247
642248
642249
642250
642251
642252
642253
642254
642255
642256
642257
642259
642260
642261
642262
642263
642264
642265
642266
642268
642269
642270
642271
642575
642576
642578
642579
642580
642581
642582
642583
642584
642585
642586
642587
642588
642589
642590
642591
642592
642593
642594
642595
642597
642598
642599
642600
642601
642603
642604
642605
642607
642608
642609
642610
642611
642999
643000
643002
643003
643004
643005
643006
643007
643008
643009
643010
643011
643012
643013
643014
643015
643016
643017
643018
643019
643021
643022
643023
643024
643025
643027
643028
643029
643031
643032
643033
643034
643035
643444
643445
643447
643448
643449
643450
643451
643452
643453
643454
643455
643456
643457
643458
643459
643460
643461
643462
643463
643464
643466
643467
643468
643469
643470
643472
643473
643474
643476
643477
643478
643479
643480
643880
643881
643882
643883
643884
643885
643886
643887
643889
643890
643891
643892
643893
643894
643896
643897
643898
643899
643900
643901
643902
643903
643904
643905
643906
643907
643908
643909
643910
643911
643913
643914
643915
644067
644068
644069
644070
644071
644072
644073
644074
644075
644076
644077
644078
644079
644080
644081
644082
644083
644084
644085
644086
644087
644088
644089
644090
644091
644092
644093
644094
644095
644096
644097
644098
644099
644100
644101
644102
644103
644104
644105
644106
644107
644108
644109
644110
644111
644112
644113
644114
644115
644116
644117
644118
644119
644120
644121
644122
644123
644124
644125
644126
644127
644128
644129
644130
644131
644132
644133
644134
644135
644136
644137
644138
644139
644140
644141
644142
644143
644144
644145
644146
644147
644148
644149
644150
644151
644152
644153
644154
644155
644156
644157
644158
644159
644160
644161
644162
644163
644164
644165
644166
644167
644168
644169
644170
644171
644172
644173
644174
644175
644176
644177
644178
644179
644180
644181
644182
644183
644184
644185
644186
644187
644188
644189
644190
644191
644192
644193
644194
644195
644196
644197
644198
644199
644200
644201
644202
644203
644204
644205
644206
644207
644208
644209
644210
644211
644212
644213
644214
644215
644216
644217
644218
644219
644220
644221
644222
644223
644224
644225
644226
644227
644228
644229
644230
644231
644232
644233
644234
644235
644236
644237
644238
644239
644240
644241
644242
644243
644244
644245
644246
644247
644248
644249
644250
644251
644252
644253
644254
644255
644256
644257
644258
644259
644260
644261
644262
644263
644264
644265
644266
644267
644268
644269
644270
644271
644272
644273
644274
644275
644276
644277
644278
644279
644280
644281
644282
644283
644284
644285
644286
644287
644288
644289
644290
644291
644292
644293
644294
644295
644296
644297
644298
644299
644300
644301
644302
644303
644304
644305
644306
644307
644308
644309
644310
644311
644312
644313
644314
644315
644316
644317
644318
644319
644320
644321
644322
644323
644324
644325
644326
644327
644328
644329
644330
644331
644332
644333
644334
644335
644336
644337
644338
644339
644340
644341
644342
644343
644344
644345
644346
644347
644348
644349
644350
644351
644352
644353
644354
644355
644356
644357
644358
644359
644360
644361
644362
644363
644364
644365
644366
644367
644368
644369
644370
644371
644372
644373
644374
644375
644376
644440
644441
644442
644443
644444
644445
644446
644447
644448
644449
644450
644451
644452
644453
644454
644455
644456
644457
644458
644459
644460
644461
644462
644463
644464
644465
644466
644467
644468
644469
644470
644471
644472
644473
644474
644475
644476
644477
644478
644479
644480
644481
644482
644483
644484
644485
644486
644487
644488
644489
644490
644491
644492
644493
644494
644495
644496
644497
644498
644499
644500
644501
644502
644503
644504
644505
644506
644507
644508
644509
644510
644511
644512
644513
644514
644515
644516
644517
644518
644519
644520
644521
644522
644523
644524
644525
644526
644527
644528
644529
644530
644531
644532
644533
644534
644535
644536
644537
644538
644539
644540
644541
644542
644543
644544
644545
644546
644547
644548
644549
644550
644551
644552
644553
644554
644555
644556
644557
644558
644559
644560
644561
644562
644563
644564
644565
644566
644567
644568
644569
644570
644571
644572
644573
644574
644575
644576
644577
644578
644579
644580
644581
644582
644583
644584
644585
644586
644587
644588
644589
644590
644591
644592
644593
644594
644595
644596
644597
644598
644599
644600
644601
644602
644603
644604
644605
644606
644607
644608
644609
644610
644611
644612
644613
644614
644615
644616
644617
644618
644619
644620
644621
644622
644623
644624
644625
644626
644627
644628
644629
644630
644631
644632
644633
644634
644635
644636
644637
644638
644639
644640
644641
644642
644643
644644
644645
644646
644647
644648
644649
644650
644651
644652
644653
644654
644655
644656
644657
644658
644659
644660
644661
644662
644663
644664
644665
644666
644667
644668
644669
644670
644671
644672
644673
644674
644675
644676
644677
644678
644679
644680
644681
644682
644683
644684
644685
644686
644687
644688
644689
644690
644691
644692
644693
644694
644695
644696
644697
644698
644699
644700
644701
644702
644703
644704
644705
644706
644707
644708
644709
644710
644711
644712
644713
644714
644715
644716
644717
644718
644719
644720
644721
644722
644723
644724
644725
644726
644727
644728
644729
644730
644731
644732
644733
644734
644735
644736
644737
644738
644739
644740
644741
644742
644743
644744
644745
644746
644747
644748
644749
644750
644751
644752
644753
644816
644817
644818
644819
644820
644821
644822
644823
644824
644825
644826
644827
644828
644829
644830
644831
644832
644833
644834
644835
644836
644837
644838
644839
644840
644841
644842
644843
644844
644845
644846
644847
644848
644849
644850
644851
644852
644853
644854
644855
644856
644857
644858
644859
644860
644861
644862
644863
644864
644865
644866
644867
644868
644869
644870
644871
644872
644873
644874
644875
644876
644877
644878
644879
644880
644881
644882
644883
644884
644885
644886
644887
644888
644889
644890
644891
644892
644893
644894
644895
644896
644897
644898
644899
644900
644901
644902
644903
644904
644905
644906
644907
644908
644909
644910
644911
644912
644913
644914
644915
644916
644917
644918
644919
644920
644921
644922
644923
644924
644925
644926
644927
644928
644929
644930
644931
644932
644933
644934
644935
644936
644937
644938
644939
644940
644941
644942
644943
644944
644945
644946
644947
644948
644949
644950
644951
644952
644953
644954
644955
644956
644957
644958
644959
644960
644961
644962
644963
644964
644965
644966
644967
644968
644969
644970
644971
644972
644973
644974
644975
644976
644977
644978
644979
644980
644981
644982
644983
644984
644985
644986
644987
644988
644989
644990
644991
644992
644993
644994
644995
644996
644997
644998
644999
645000
645001
645002
645003
645004
645005
645006
645007
645008
645009
645010
645011
645012
645013
645014
645015
645016
645017
645018
645019
645020
645021
645022
645023
645024
645025
645026
645027
645028
645029
645030
645031
645032
645033
645034
645035
645036
645037
645038
645039
645040
645041
645042
645043
645044
645045
645046
645047
645048
645049
645050
645051
645052
645053
645054
645055
645056
645057
645058
645059
645060
645061
645062
645063
645064
645065
645066
645067
645068
645069
645070
645071
645072
645073
645074
645075
645076
645077
645078
645079
645080
645081
645082
645083
645084
645085
645086
645087
645088
645089
645090
645091
645092
645093
645094
645095
645096
645097
645098
645099
645100
645101
645102
645103
645104
645105
645106
645107
645108
645109
645110
645111
645112
645113
645114
645115
645116
645117
645118
645119
645120
645121
645122
645123
645124
645125
645126
645127
645128
645129
645192
645193
645194
645195
645196
645197
645198
645199
645200
645201
645202
645203
645204
645205
645206
645207
645208
645209
645210
645211
645212
645213
645214
645215
645216
645217
645218
645219
645220
645221
645222
645223
645224
645225
645226
645227
645228
645229
645230
645231
645232
645233
645234
645235
645236
645237
645238
645239
645240
645241
645242
645243
645244
645245
645246
645247
645248
645249
645250
645251
645252
645253
645254
645255
645256
645257
645258
645259
645260
645261
645262
645263
645264
645265
645266
645267
645268
645269
645270
645271
645272
645273
645274
645275
645276
645277
645278
645279
645280
645281
645282
645283
645284
645285
645286
645287
645288
645289
645290
645291
645292
645293
645294
645295
645296
645297
645298
645299
645300
645301
645302
645303
645304
645305
645306
645307
645308
645309
645310
645311
645312
645313
645314
645315
645316
645317
645318
645319
645320
645321
645322
645323
645324
645325
645326
645327
645328
645329
645330
645331
645332
645333
645334
645335
645336
645337
645338
645339
645340
645341
645342
645343
645344
645345
645346
645347
645348
645349
645350
645351
645352
645353
645354
645355
645356
645357
645358
645359
645360
645361
645362
645363
645364
645365
645366
645367
645368
645369
645370
645371
645372
645373
645374
645375
645376
645377
645378
645379
645380
645381
645382
645383
645384
645385
645386
645387
645388
645389
645390
645391
645392
645393
645394
645395
645396
645397
645398
645399
645400
645401
645402
645403
645404
645405
645406
645407
645408
645409
645410
645411
645412
645413
645414
645415
645416
645417
645418
645419
645420
645421
645422
645423
645424
645425
645426
645427
645428
645429
645430
645431
645432
645433
645434
645435
645436
645437
645438
645439
645440
645441
645442
645443
645444
645445
645446
645447
645448
645449
645450
645451
645452
645453
645454
645455
645456
645457
645458
645459
645460
645461
645462
645463
645464
645465
645466
645467
645468
645469
645470
645471
645472
645473
645474
645475
645476
645477
645478
645479
645480
645481
645482
645483
645484
645485
645486
645487
645488
645489
645490
645491
645492
645493
645494
645495
645496
645497
645498
645499
645500
645501
645502
645503
645504
645505
645568
645569
645570
645571
645572
645573
645575
645576
645577
645578
645579
645580
645581
645582
645584
645586
645587
645588
645589
645590
645592
645593
645595
645596
645597
645599
645600
645601
645602
645603
645604
645605
645606
645607
645608
645609
645610
645611
645612
645613
645614
645615
645616
645617
645618
645619
645620
645621
645622
645623
645624
645625
645626
645627
645628
645629
645630
645631
645632
645633
645634
645635
645636
645637
645638
645639
645640
645641
645642
645643
645644
645645
645646
645647
645648
645649
645650
645651
645652
645653
645654
645655
645656
645657
645658
645659
645660
645661
645662
645663
645664
645665
645666
645667
645668
645669
645670
645671
645672
645673
645674
645675
645676
645801
645802
645803
645804
645805
645806
645807
645808
645809
645810
645811
645812
645813
645814
645815
645816
645817
645818
645819
645820
645821
645822
645823
645824
645825
645826
645827
645828
645829
645830
645831
645832
645833
645834
645835
645836
645837
645838
645839
645840
645841
645842
645843
645844
645845
645846
645847
645848
645849
645850
645851
645852
645853
645854
645855
645856
645857
645858
645859
645860
645861
645862
645863
645864
645865
645866
645867
645868
645869
645870
645871
645872
645873
645874
645875
645876
645877
645878
645879
645880
645881
645882
645883
645884
645885
645886
645887
645888
645889
645890
645891
645892
645893
645894
645895
645896
645897
645898
645899
645900
645901
645902
645903
645904
645905
645906
645907
645908
645909
645910
645911
645912
645913
645914
645915
645916
645917
645918
645919
645920
645921
645922
645923
645924
645925
645926
645927
645928
645929
645930
645931
645932
645933
645934
645935
645936
645937
645938
645939
645940
645941
645942
645943
645944
645945
645946
646060
646061
646062
646063
646064
646065
646066
646067
646068
646069
646070
646071
646072
646073
646074
646075
646076
646077
646078
646079
646080
646081
646082
646083
646084
646085
646086
646087
646088
646089
646090
646091
646092
646093
646094
646095
646096
646097
646098
646099
646100
646101
646102
646103
646104
646105
646106
646107
646108
646109
646110
646111
646112
646113
646114
646115
646116
646117
646118
646119
646120
646121
646122
646123
646124
646125
646126
646127
646128
646129
646130
646131
646132
646133
646134
646135
646136
646137
646201
646202
646203
646204
646205
646206
646207
646208
646209
646210
646211
646212
646213
646214
646215
646216
646217
646218
646219
646220
646221
646222
646223
646224
646225
646226
646227
646228
646229
646230
646231
646232
646233
646234
646235
646236
646237
646238
646239
646240
646241
646242
646243
646244
646245
646246
646247
646248
646249
646250
646251
646252
646253
646254
646255
646256
646257
646258
646259
646260
646261
646262
646263
646264
646265
646266
646267
646268
646269
646270
646271
646272
646273
646274
646275
646276
646277
646278
646279
646280
646281
646282
646283
646284
646285
646286
646287
646288
646289
646290
646291
646292
646293
646294
646295
646296
646297
646298
646299
646300
646301
646302
646303
646304
646305
646306
646307
646308
646309
646310
646311
646312
646313
646314
646315
646316
646317
646318
646319
646320
646321
646322
646323
646324
646325
646326
646327
646328
646329
646330
646331
646332
646333
646334
646335
646336
646337
646338
646339
646340
646341
646342
646343
646344
646406
646407
646408
646409
646410
646411
646412
646413
646414
646415
646416
646417
646418
646419
646420
646421
646422
646423
646424
646425
646426
646427
646428
646429
646430
646431
646432
646433
646434
646435
646436
646437
646438
646439
646440
646441
646442
646443
646444
646445
646446
646447
646448
646449
646450
646451
646452
646453
646454
646455
646456
646457
646458
646459
646460
646461
646462
646463
646464
646465
646520
646521
646522
646523
646524
646525
646526
646527
646528
646529
646530
646531
646532
646533
646534
646535
646536
646537
646538
646539
646540
646541
646542
646543
646544
646545
646546
646547
646548
646549
646550
646551
646552
646553
646554
646555
646556
646557
646558
646559
646560
646561
646562
646563
646564
646565
646566
646567
646568
646569
646570
646571
646572
646573
646574
646575
646576
646577
646578
646579
646580
646581
646582
646583
646584
646585
646586
646587
646588
646589
646590
646591
646592
646593
646594
646595
646596
646597
646598
646599
646600
646601
646602
646603
646604
646605
646606
646607
646608
646609
646610
646611
646612
646613
646614
646615
646616
646617
646618
646619
646620
646621
646622
646623
646624
646625
646626
646627
646628
646629
646630
646631
646632
646633
646634
646635
646636
646637
646638
646639
646640
646641
646642
646643
646705
646706
646707
646708
646709
646710
646711
646712
646713
646714
646715
646716
646717
646718
646719
646720
646721
646722
646723
646724
646725
646726
646727
646728
646729
646730
646731
646732
646733
646734
646735
646736
646737
646738
646739
646740
646741
646742
646743
646744
646745
646746
646747
646748
646749
646750
646751
646752
646753
646754
646755
646756
646757
646758
646759
646760
646761
646762
646763
646764
646765
646766
646767
646768
646913
646914
646915
646916
646917
646918
646919
646920
646921
646922
646923
646924
646925
646926
646927
646928
646929
646930
646931
646932
646933
646934
646935
646936
646937
646938
646939
646940
646941
646942
646943
646944
646945
646946
646947
646948
646949
646950
646951
646952
646953
646954
646955
646956
646957
646958
646959
646960
646961
646962
646963
646964
646965
646966
646967
646968
646969
646970
646971
646972
646973
646974
646975
646976
646977
646978
646979
646980
646981
646982
646983
646984
646985
646986
646987
646988
646989
646990
646991
646992
646993
646994
646995
646996
646997
646998
646999
647000
647001
647002
647003
647004
647005
647006
647007
647008
647009
647010
647011
647012
647013
647014
647015
647016
647017
647018
647019
647020
647021
647022
647023
647024
647025
647026
647027
647028
647029
647030
647031
647032
647033
647034
647035
647036
647383
647384
647385
647386
647387
647388
647389
647390
647391
647392
647393
647394
647395
647396
647397
647398
647399
647400
647401
647402
647403
647404
647405
647406
647407
647408
647409
647410
647411
647412
647413
647414
647415
647416
647417
647418
647419
647420
647421
647422
647423
647424
647425
647426
647427
647428
647429
647430
647431
647432
647433
647434
647435
647436
647437
647438
647439
647440
647441
647442
647443
647444
647445
647446
647447
647448
647449
647450
647451
647452
647571
647572
647573
647574
647575
647576
647577
647578
647579
647580
647581
647582
647583
647584
647585
647586
647587
647588
647589
647590
647591
647592
647593
647594
647595
647596
647597
647598
647599
647600
647601
647602
647603
647604
647605
647606
647607
647608
647609
647610
647611
647612
647613
647614
647615
647616
647617
647618
647619
647620
647621
647622
647623
647624
647625
647626
647627
647628
647629
647630
647631
647632
647633
647634
647635
647636
647637
647638
647639
647640
647641
647642
647643
647644
647645
647646
647647
647648
647649
647650
647651
647652
647653
647654
647655
647656
647657
647658
647659
647660
647661
647662
647663
647664
647665
647666
647667
647668
647669
647670
647671
647672
647673
647674
647675
647676
647677
647678
647679
647680
647681
647682
647683
647684
647685
647686
647687
647688
647689
647690
647691
647692
647693
647694
647695
647696
647697
647698
647699
647700
647701
647702
647703
647704
647705
647706
647707
647708
647709
647710
647711
647712
647713
647714
647715
647716
647830
647831
647832
647833
647834
647835
647836
647837
647838
647839
647840
647841
647842
647843
647844
647845
647846
647847
647848
647849
647850
647851
647852
647853
647854
647855
647856
647857
647858
647859
647860
647861
647862
647863
647864
647865
647866
647867
647868
647869
647870
647871
647872
647873
647874
647875
647876
647877
647878
647879
647880
647881
647882
647883
647884
647885
647886
647887
647888
647889
647890
647891
647892
647893
647894
647895
647896
647897
647898
647899
647963
647964
647965
647966
647967
647968
647969
647970
647971
647972
647973
647974
647975
647976
647977
647978
647979
647980
647981
647982
647983
647984
647985
647986
647987
647988
647989
647990
647991
647992
647993
647994
647995
647996
647997
647998
647999
648000
648001
648002
648003
648004
648005
648006
648007
648008
648009
648010
648011
648012
648013
648014
648015
648016
648017
648018
648019
648020
648021
648022
648023
648024
648025
648026
648027
648028
648029
648030
648031
648032
648033
648034
648035
648036
648037
648038
648039
648040
648041
648042
648043
648044
648045
648046
648047
648048
648049
648050
648051
648052
648053
648054
648055
648056
648057
648058
648059
648060
648061
648062
648063
648064
648065
648066
648067
648068
648069
648070
648071
648072
648073
648074
648075
648076
648077
648078
648079
648080
648081
648082
648083
648084
648085
648086
648087
648088
648089
648090
648091
648092
648093
648094
648095
648096
648097
648098
648099
648100
648101
648102
648103
648104
648105
648106
648168
648169
648170
648171
648172
648173
648174
648175
648176
648177
648178
648179
648180
648181
648182
648183
648184
648185
648186
648187
648188
648189
648190
648191
648192
648193
648194
648195
648196
648197
648198
648199
648200
648201
648202
648203
648204
648205
648206
648207
648208
648209
648210
648211
648212
648213
648214
648215
648216
648217
648218
648219
648220
648221
648222
648223
648224
648225
648226
648227
648282
648283
648284
648285
648286
648287
648288
648289
648290
648291
648292
648293
648294
648295
648296
648297
648298
648299
648300
648301
648302
648303
648304
648305
648306
648307
648308
648309
648310
648311
648312
648313
648314
648315
648316
648317
648318
648319
648320
648321
648322
648323
648324
648325
648326
648327
648328
648329
648330
648331
648332
648333
648334
648335
648336
648337
648338
648339
648340
648341
648342
648343
648344
648345
648346
648347
648348
648349
648350
648351
648352
648353
648354
648355
648356
648357
648358
648359
648360
648361
648362
648363
648364
648365
648366
648367
648368
648369
648370
648371
648372
648373
648374
648375
648376
648377
648378
648379
648380
648381
648382
648383
648384
648385
648386
648387
648388
648389
648390
648391
648392
648393
648394
648395
648396
648397
648398
648399
648400
648401
648402
648403
648404
648405
648467
648468
648469
648470
648471
648472
648473
648474
648475
648476
648477
648478
648479
648480
648481
648482
648483
648484
648485
648486
648487
648488
648489
648490
648491
648492
648493
648494
648495
648496
648497
648498
648499
648500
648501
648502
648503
648504
648505
648506
648507
648508
648509
648510
648511
648512
648513
648514
648515
648516
648517
648518
648519
648520
648521
648522
648523
648524
648525
648526
648527
648528
648529
648530
648669
648670
648671
648672
648673
648674
648675
648676
648677
648678
648679
648680
648681
648682
648683
648684
648685
648686
648687
648688
648689
648690
648691
648692
648693
648694
648695
648696
648697
648698
648699
648700
648701
648702
648703
648704
648705
648706
648707
648708
648709
648710
648711
648712
648713
648714
648715
648716
648717
648718
648719
648720
648721
648722
648723
648724
648725
648726
648727
648728
648729
648730
648731
648732
648733
648734
648735
648736
648737
648738
648739
648740
648741
648742
648743
648744
648745
648746
648747
648748
648749
648750
648751
648752
648753
648754
648755
648756
648757
648758
648759
648760
648761
648762
648763
648764
648765
648766
648767
648768
648769
648770
648771
648772
648773
648774
648775
648776
648777
648778
648779
648780
648781
648782
648783
648784
648785
648786
648787
648788
648789
648790
648791
648792
649131
649132
649133
649134
649135
649136
649137
649138
649139
649140
649141
649142
649143
649144
649145
649146
649147
649148
649149
649150
649151
649152
649153
649154
649155
649156
649157
649158
649159
649160
649161
649162
649163
649164
649165
649166
649167
649168
649169
649170
649171
649172
649173
649174
649175
649176
649177
649178
649179
649180
649181
649182
649183
649184
649185
649186
649187
649188
649189
649190
649191
649192
649193
649194
649195
649196
649197
649198
649199
649200
649319
649320
649321
649322
649323
649324
649325
649326
649327
649328
649329
649330
649331
649332
649333
649334
649335
649336
649337
649338
649339
649340
649341
649342
649343
649344
649345
649346
649347
649348
649349
649350
649351
649352
649353
649354
649355
649356
649357
649358
649359
649360
649361
649362
649363
649364
649365
649366
649367
649368
649369
649370
649371
649372
649373
649374
649375
649376
649377
649378
649379
649380
649381
649382
649383
649384
649385
649386
649387
649388
649389
649390
649391
649392
649393
649394
649395
649396
649397
649398
649399
649400
649401
649402
649403
649404
649405
649406
649407
649408
649409
649410
649411
649412
649413
649414
649415
649416
649417
649418
649419
649420
649421
649422
649423
649424
649425
649426
649427
649428
649429
649430
649431
649432
649433
649434
649435
649436
649437
649438
649439
649440
649441
649442
649443
649444
649445
649446
649447
649448
649449
649450
649451
649452
649453
649454
649455
649456
649457
649458
649459
649460
649461
649462
649463
649464
649578
649579
649580
649581
649582
649583
649584
649585
649586
649587
649588
649589
649590
649591
649592
649593
649594
649595
649596
649597
649598
649599
649600
649601
649602
649603
649604
649605
649606
649607
649608
649609
649610
649611
649612
649613
649614
649615
649616
649617
649618
649619
649620
649621
649622
649623
649624
649625
649626
649627
649628
649629
649630
649631
649632
649633
649634
649635
649636
649637
649638
649639
649640
649641
649642
649643
649644
649645
649646
649647
649711
649712
649713
649714
649715
649716
649717
649718
649719
649720
649721
649722
649723
649724
649725
649726
649727
649728
649729
649730
649731
649732
649733
649734
649735
649736
649737
649738
649739
649740
649741
649742
649743
649744
649745
649746
649747
649748
649749
649750
649751
649752
649753
649754
649755
649756
649757
649758
649759
649760
649761
649762
649763
649764
649765
649766
649767
649768
649769
649770
649771
649772
649773
649774
649775
649776
649777
649778
649779
649780
649781
649782
649783
649784
649785
649786
649787
649788
649789
649790
649791
649792
649793
649794
649795
649796
649797
649798
649799
649800
649801
649802
649803
649804
649805
649806
649807
649808
649809
649810
649811
649812
649813
649814
649815
649816
649817
649818
649819
649820
649821
649822
649823
649824
649825
649826
649827
649828
649829
649830
649831
649832
649833
649834
649835
649836
649837
649838
649839
649840
649841
649842
649843
649844
649845
649846
649847
649848
649849
649850
649851
649852
649853
649854
649916
649917
649918
649919
649920
649921
649922
649923
649924
649925
649926
649927
649928
649929
649930
649931
649932
649933
649934
649935
649936
649937
649938
649939
649940
649941
649942
649943
649944
649945
649946
649947
649948
649949
649950
649951
649952
649953
649954
649955
649956
649957
649958
649959
649960
649961
649962
649963
649964
649965
649966
649967
649968
649969
649970
649971
649972
649973
649974
649975
650030
650031
650032
650033
650034
650035
650036
650037
650038
650039
650040
650041
650042
650043
650044
650045
650046
650047
650048
650049
650050
650051
650052
650053
650054
650055
650056
650057
650058
650059
650060
650061
650062
650063
650064
650065
650066
650067
650068
650069
650070
650071
650072
650073
650074
650075
650076
650077
650078
650079
650080
650081
650082
650083
650084
650085
650086
650087
650088
650089
650090
650091
650092
650093
650094
650095
650096
650097
650098
650099
650100
650101
650102
650103
650104
650105
650106
650107
650108
650109
650110
650111
650112
650113
650114
650115
650116
650117
650118
650119
650120
650121
650122
650123
650124
650125
650126
650127
650128
650129
650130
650131
650132
650133
650134
650135
650136
650137
650138
650139
650140
650141
650142
650143
650144
650145
650146
650147
650148
650149
650150
650151
650152
650153
650215
650216
650217
650218
650219
650220
650221
650222
650223
650224
650225
650226
650227
650228
650229
650230
650231
650232
650233
650234
650235
650236
650237
650238
650239
650240
650241
650242
650243
650244
650245
650246
650247
650248
650249
650250
650251
650252
650253
650254
650255
650256
650257
650258
650259
650260
650261
650262
650263
650264
650265
650266
650267
650268
650269
650270
650271
650272
650273
650274
650275
650276
650277
650278
650417
650418
650419
650420
650421
650422
650423
650424
650425
650426
650427
650428
650429
650430
650431
650432
650433
650434
650435
650436
650437
650438
650439
650440
650441
650442
650443
650444
650445
650446
650447
650448
650449
650450
650451
650452
650453
650454
650455
650456
650457
650458
650459
650460
650461
650462
650463
650464
650465
650466
650467
650468
650469
650470
650471
650472
650473
650474
650475
650476
650477
650478
650479
650480
650481
650482
650483
650484
650485
650486
650487
650488
650489
650490
650491
650492
650493
650494
650495
650496
650497
650498
650499
650500
650501
650502
650503
650504
650505
650506
650507
650508
650509
650510
650511
650512
650513
650514
650515
650516
650517
650518
650519
650520
650521
650522
650523
650524
650525
650526
650527
650528
650529
650530
650531
650532
650533
650534
650535
650536
650537
650538
650539
650540
650879
650880
650881
650882
650883
650884
650885
650886
650887
650888
650889
650890
650891
650892
650893
650894
650895
650896
650897
650898
650899
650900
650901
650902
650903
650904
650905
650906
650907
650908
650909
650910
650911
650912
650913
650914
650915
650916
650917
650918
650919
650920
650921
650922
650923
650924
650925
650926
650927
650928
650929
650930
650931
650932
650933
650934
650935
650936
650937
650938
650939
650940
650941
650942
650943
650944
650945
650946
650947
650948
651067
651068
651069
651070
651071
651072
651073
651074
651075
651076
651077
651078
651079
651080
651081
651082
651083
651084
651085
651086
651087
651088
651089
651090
651091
651092
651093
651094
651095
651096
651097
651098
651099
651100
651101
651102
651103
651104
651105
651106
651107
651108
651109
651110
651111
651112
651113
651114
651115
651116
651117
651118
651119
651120
651121
651122
651123
651124
651125
651126
651127
651128
651129
651130
651131
651132
651133
651134
651135
651136
651137
651138
651139
651140
651141
651142
651143
651144
651145
651146
651147
651148
651149
651150
651151
651152
651153
651154
651155
651156
651157
651158
651159
651160
651161
651162
651163
651164
651165
651166
651167
651168
651169
651170
651171
651172
651173
651174
651175
651176
651177
651178
651179
651180
651181
651182
651183
651184
651185
651186
651187
651188
651189
651190
651191
651192
651193
651194
651195
651196
651197
651198
651199
651200
651201
651202
651203
651204
651205
651206
651313
651314
651315
651316
651317
651318
651319
651320
651321
651322
651323
651324
651325
651326
651327
651328
651329
651330
651331
651332
651333
651334
651335
651336
651337
651338
651339
651340
651341
651342
651343
651344
651345
651346
651347
651348
651349
651350
651351
651352
651353
651354
651355
651356
651357
651358
651359
651360
651361
651362
651363
651364
651365
651366
651367
651368
651369
651370
651371
651372
651373
651374
651375
651376
651377
651378
651379
651380
651381
651382
651446
651447
651448
651449
651450
651451
651452
651453
651454
651455
651456
651457
651458
651459
651460
651461
651462
651463
651464
651465
651466
651467
651468
651469
651470
651471
651472
651473
651474
651475
651476
651477
651478
651479
651480
651481
651482
651483
651484
651485
651486
651487
651488
651489
651490
651491
651492
651493
651494
651495
651496
651497
651498
651499
651500
651501
651502
651503
651504
651505
651506
651507
651508
651509
651510
651511
651512
651513
651514
651515
651516
651517
651518
651519
651520
651521
651522
651523
651524
651525
651526
651527
651528
651529
651530
651531
651532
651533
651534
651535
651536
651537
651538
651539
651540
651541
651542
651543
651544
651545
651546
651547
651548
651549
651550
651551
651552
651553
651554
651555
651556
651557
651558
651559
651560
651561
651562
651563
651564
651565
651566
651567
651568
651569
651570
651571
651572
651573
651574
651575
651576
651577
651578
651579
651580
651581
651582
651583
651643
651644
651645
651646
651647
651648
651649
651650
651651
651652
651653
651654
651655
651656
651657
651658
651659
651660
651661
651662
651663
651664
651665
651666
651667
651668
651669
651670
651671
651672
651673
651674
651675
651676
651677
651678
651679
651680
651681
651682
651683
651684
651685
651686
651687
651688
651689
651690
651691
651692
651693
651694
651695
651696
651697
651698
651699
651700
651701
651702
651757
651758
651759
651760
651761
651762
651763
651764
651765
651766
651767
651768
651769
651770
651771
651772
651773
651774
651775
651776
651777
651778
651779
651780
651781
651782
651783
651784
651785
651786
651787
651788
651789
651790
651791
651792
651793
651794
651795
651796
651797
651798
651799
651800
651801
651802
651803
651804
651805
651806
651807
651808
651809
651810
651811
651812
651813
651814
651815
651816
651817
651818
651819
651820
651821
651822
651823
651824
651825
651826
651827
651828
651829
651830
651831
651832
651833
651834
651835
651836
651837
651838
651839
651840
651841
651842
651843
651844
651845
651846
651847
651848
651849
651850
651851
651852
651853
651854
651855
651856
651857
651858
651859
651860
651861
651862
651863
651864
651865
651866
651867
651868
651869
651870
651871
651872
651873
651874
651875
651876
651936
651937
651938
651939
651940
651941
651942
651943
651944
651945
651946
651947
651948
651949
651950
651951
651952
651953
651954
651955
651956
651957
651958
651959
651960
651961
651962
651963
651964
651965
651966
651967
651968
651969
651970
651971
651972
651973
651974
651975
651976
651977
651978
651979
651980
651981
651982
651983
651984
651985
651986
651987
651988
651989
651990
651991
651992
651993
651994
651995
651996
651997
651998
651999
652138
652139
652140
652141
652142
652143
652144
652145
652146
652147
652148
652149
652150
652151
652152
652153
652154
652155
652156
652157
652158
652159
652160
652161
652162
652163
652164
652165
652166
652167
652168
652169
652170
652171
652172
652173
652174
652175
652176
652177
652178
652179
652180
652181
652182
652183
652184
652185
652186
652187
652188
652189
652190
652191
652192
652193
652194
652195
652196
652197
652198
652199
652200
652201
652202
652203
652204
652205
652206
652207
652208
652209
652210
652211
652212
652213
652214
652215
652216
652217
652218
652219
652220
652221
652222
652223
652224
652225
652226
652227
652228
652229
652230
652231
652232
652233
652234
652235
652236
652237
652238
652239
652240
652241
652242
652243
652244
652245
652246
652247
652248
652249
652250
652251
652252
652253
652254
652255
652256
652257
652581
652582
652583
652584
652585
652586
652587
652588
652589
652590
652591
652592
652594
652595
652596
652598
652599
652600
652601
652603
652604
652605
652606
652607
652608
652609
652610
652612
652613
652615
652616
652617
652619
652620
652621
652622
652623
652624
652625
652627
652628
652629
652630
652631
652632
652633
652634
652636
652637
652639
652640
652642
652643
652644
652645
652646
652647
652648
652649
652650
652653
652654
652655
652656
652657
652658
652659
652661
652662
652663
652664
652665
652666
652667
652668
652670
652671
652673
652674
652676
652677
652678
652679
652680
652681
652682
652683
652684
652687
652688
652689
652690
652691
652692
652693
652695
652696
652697
652698
652699
652700
652701
652702
652704
652705
652707
652708
652710
652711
652712
652713
652714
652715
652716
652717
652718
652721
652722
652723
652724
652725
652726
652728
652729
652730
652731
652732
652733
652734
652736
652738
652739
652741
652742
652743
652744
652746
652747
652748
652750
652751
652752
652753
652754
652756
652757
652758
652759
652760
652761
652762
652764
652766
652767
652768
652769
652771
652772
652773
652774
652775
652778
652779
652780
652781
652782
652784
652785
652786
652787
652788
652789
652790
652792
652794
652795
652796
652797
652799
652800
652801
652802
652803
652806
652807
652808
652809
652811
652812
652813
652815
652816
652817
652818
652819
652820
652822
652823
652825
652826
652827
652828
652829
652830
652831
653090
653091
653092
653093
653094
653095
653096
653097
653098
653099
653100
653101
653102
653103
653104
653105
653106
653107
653108
653109
653110
653111
653112
653113
653114
653115
653116
653117
653118
653119
653120
653121
653122
653123
653124
653125
653126
653127
653128
653129
653130
653131
653132
653133
653134
653135
653136
653137
653138
653139
653140
653141
653142
653143
653144
653145
653146
653147
653148
653149
653150
653151
653152
653153
653154
653155
653156
653157
653158
653159
653160
653161
653162
653163
653164
653165
653166
653167
653168
653169
653170
653171
653172
653173
653174
653175
653176
653177
653178
653179
653180
653181
653182
653183
653184
653185
653186
653187
653188
653189
653661
653662
653663
653664
653665
653666
653667
653668
653669
653670
653671
653672
653673
653674
653675
653676
653677
653678
653679
653680
653681
653682
653683
653684
653685
653686
653687
653688
653689
653690
653691
653692
653693
653694
653695
653696
653697
653698
653699
653700
653701
653702
653703
653704
653705
653706
653707
653708
653709
653710
653711
653712
653741
653742
653743
653744
653745
653746
653747
653748
653749
653750
653751
653752
653753
653754
653755
653756
653757
653758
653759
653760
653761
653762
653763
653764
653765
653766
653767
653768
653769
653770
653771
653772
653773
653774
653775
653776
653777
653778
653779
653780
653781
653782
653783
653784
653785
653786
653787
653788
653789
653790
653791
653792
653793
653794
653795
653796
653797
653798
653799
653800
653801
653802
653803
653804
653805
653806
653807
653808
653809
653810
653811
653812
653813
653814
653815
653816
653817
653818
653819
653820
653821
653822
653823
653824
653825
653826
653827
653828
653829
653830
653831
653832
653833
653834
653835
653836
653837
653838
653839
653840
653841
653842
653843
653844
653845
653846
653847
653848
653849
653850
653851
653852
653853
653854
653855
653856
653857
653858
653859
653860
653861
653862
653863
653864
653865
653866
653867
653868
653869
653898
653899
653900
653901
653902
653903
653904
653905
653906
653907
653908
653909
653910
653911
653912
653913
653914
653915
653916
653917
653918
653919
653920
653921
653922
653923
653924
653925
653926
653927
653928
653929
653930
653931
653932
653933
653934
653935
653936
653937
653938
653939
653940
653941
653942
653943
653944
653945
653946
653947
653948
653949
653950
653951
653952
653953
653954
653955
653956
653957
653958
653959
653960
653961
653962
653963
653964
653965
653966
653967
653968
653969
653970
653971
653972
653973
653974
653975
653976
653977
653978
653979
653980
653981
653982
653983
653984
653985
653986
653987
653988
653989
653990
653991
653992
653993
653994
653995
653996
653997
653998
653999
654000
654001
654002
654003
654004
654005
654006
654007
654008
654009
654010
654011
654012
654013
654014
654015
654016
654017
654018
654019
654020
654021
654022
654023
654024
654025
654026
654027
654028
654029
654030
654031
654032
654033
654034
654035
654036
654037
654038
654039
654040
654041
654042
654043
654044
654045
654046
654047
654048
654049
654050
654066
654067
654068
654069
654070
654071
654072
654073
654074
654075
654076
654077
654078
654079
654080
654081
654082
654083
654084
654085
654086
654087
654088
654089
654090
654091
654092
654093
654094
654095
654096
654097
654098
654099
654100
654101
654102
654103
654104
654105
654106
654107
654108
654109
654110
654111
654112
654113
654114
654115
654116
654117
654118
654119
654120
654121
654122
654123
654124
654125
654126
654127
654128
654129
654130
654131
654132
654133
654134
654135
654136
654137
654138
654139
654140
654141
654142
654143
654144
654145
654146
654147
654148
654149
654150
654151
654152
654153
654154
654155
654156
654157
654158
654159
654160
654161
654162
654163
654164
654165
654166
654167
654168
654169
654170
654171
654172
654173
654174
654175
654176
654177
654178
654179
654180
654181
654182
654183
654184
654185
654186
654187
654188
654189
654190
654191
654192
654193
654194
654195
654196
654197
654198
654199
654200
654201
654202
654203
654204
654205
654206
654207
654208
654209
654210
654211
654212
654213
654214
654215
654216
654217
654218
654219
654220
654221
654222
654223
654224
654225
654226
654227
654228
654229
654230
654231
654232
654233
654234
654235
654236
654237
654238
654239
654240
654241
654242
654243
654244
654245
654246
654247
654248
654249
654250
654251
654252
654283
654284
654285
654286
654287
654288
654289
654290
654291
654292
654293
654294
654295
654296
654297
654298
654299
654300
654301
654302
654303
654304
654305
654306
654307
654308
654309
654310
654311
654312
654313
654314
654315
654316
654317
654318
654319
654320
654321
654322
654323
654324
654325
654326
654327
654328
654329
654330
654331
654332
654333
654334
654335
654336
654337
654338
654339
654340
654341
654342
654343
654344
654345
654346
654347
654348
654349
654350
654351
654352
654353
654354
654355
654356
654357
654358
654359
654360
654361
654362
654363
654364
654365
654366
654367
654368
654369
654370
654371
654372
654373
654374
654375
654376
654377
654378
654379
654380
654381
654382
654383
654384
654385
654386
654387
654388
654389
654390
654391
654392
654393
654394
654395
654396
654397
654398
654399
654400
654401
654402
654403
654404
654405
654406
654407
654408
654409
654410
654411
654412
654413
654414
654415
654416
654417
654418
654419
654420
654421
654422
654423
654424
654425
654426
654427
654428
654429
654430
654431
654432
654433
654434
654435
654436
654437
654438
654439
654440
654441
654442
654443
654444
654445
654446
654447
654448
654449
654450
654451
654452
654453
654454
654455
654456
654457
654458
654459
654460
654461
654462
654463
654464
654465
654466
654467
654468
654469
654470
654471
654472
654473
654474
654475
654476
654477
654478
654479
654480
654481
654482
654483
654484
654485
654486
654487
654488
654489
654490
654491
654492
654493
654494
654495
654496
654497
654498
654499
654500
654501
654502
654503
654504
654505
654506
654507
654508
654509
654510
654511
654512
654513
654514
654515
654516
654517
654518
654519
654520
654521
654522
654523
654524
654525
654526
654527
654528
654529
654530
654531
654532
654533
654534
654535
654536
654537
654538
654539
654540
654541
654542
654543
654544
654545
654546
654547
654548
654549
654550
654551
654552
654553
654554
654555
654556
654557
654584
654585
654586
654587
654588
654589
654590
654591
654592
654593
654594
654595
654596
654597
654598
654599
654600
654601
654602
654603
654604
654605
654606
654607
654608
654609
654610
654611
654612
654613
654614
654615
654616
654617
654618
654619
654620
654621
654622
654623
654624
654625
654626
654627
654628
654634
654635
654637
654639
654640
654641
654642
654643
654644
654651
654653
654654
654655
654656
654657
654658
654659
654660
654661
654662
654663
654664
654665
654666
654667
654668
654669
654670
654671
654672
654673
654674
654675
654676
654677
654678
654679
654680
654681
654682
654683
654684
654685
654686
654687
654688
654689
654690
654691
654692
654693
654694
654695
654696
654697
654698
654699
654700
654701
654702
654703
654704
654705
654706
654707
654708
654709
654710
654797
654803
654806
654812
654818
654821
654827
654833
654836
654842
654847
656030
656031
656032
656033
656034
656035
656036
656037
656038
656039
656040
656041
656042
656043
656044
656045
656046
656047
656048
656049
656050
656051
656052
656053
656054
656055
656056
656057
656058
656059
656060
656061
656062
656063
656064
656065
656066
656067
656068
656069
656070
656071
656072
656073
656074
656075
656104
656105
656106
656107
656108
656109
656110
656111
656112
656113
656114
656115
656116
656117
656118
656119
656120
656121
656122
656123
656124
656125
656126
656127
656128
656129
656130
656131
656132
656133
656162
656163
656164
656165
656166
656167
656168
656169
656170
656171
656172
656173
656174
656175
656176
656177
656178
656179
656180
656181
656182
656183
656184
656185
656201
656202
656203
656204
656205
656206
656207
656208
656209
656210
656211
656212
656213
656214
656215
656216
656217
656218
656219
656220
656221
656222
656223
656224
656225
656226
656227
656228
656229
656230
656231
656232
656233
656234
656235
656236
656237
656268
656269
656270
656271
656272
656273
656274
656275
656276
656277
656278
656279
656280
656281
656282
656283
656284
656285
656286
656287
656288
656289
656290
656291
656292
656293
656294
656295
656296
656297
656298
656299
656300
656301
656302
656303
656304
656305
656306
656307
656308
656309
656310
656311
656312
656313
656314
656341
656342
656343
656344
656345
656346
656347
656348
656349
656350
656351
656352
656353
656354
656355
656356
656357
656358
656359
656360
656361
656362
656363
656364
656365
656366
656367
656368
656369
656370
656371
656372
656373
656374
656375
656376
656377
656378
656379
656380
656381
656382
656383
656384
656385
656386
656392
656394
656396
656397
656398
656399
656400
656401
656402
656409
657190
657191
657192
657193
657194
657195
657196
657197
657198
657199
657200
657201
657202
657203
657204
657205
657206
657207
657208
657209
657210
657211
657212
657213
657214
657215
657216
657217
657218
657219
657220
657221
657222
657223
657224
657225
657226
657227
657228
657229
657230
657231
657232
657233
657234
657235
657264
657265
657266
657267
657268
657269
657270
657271
657272
657273
657274
657275
657276
657277
657278
657279
657280
657281
657282
657283
657284
657285
657286
657287
657288
657289
657290
657291
657292
657293
657322
657323
657324
657325
657326
657327
657328
657329
657330
657331
657332
657333
657334
657335
657336
657337
657338
657339
657340
657341
657342
657343
657344
657345
657361
657362
657363
657364
657365
657366
657367
657368
657369
657370
657371
657372
657373
657374
657375
657376
657377
657378
657379
657380
657381
657382
657383
657384
657385
657386
657387
657388
657389
657390
657391
657392
657393
657394
657395
657396
657397
657428
657429
657430
657431
657432
657433
657434
657435
657436
657437
657438
657439
657440
657441
657442
657443
657444
657445
657446
657447
657448
657449
657450
657451
657452
657453
657454
657455
657456
657457
657458
657459
657460
657461
657462
657463
657464
657465
657466
657467
657468
657469
657470
657471
657472
657473
657474
657501
657502
657503
657504
657505
657506
657507
657508
657509
657510
657511
657512
657513
657514
657515
657516
657517
657518
657519
657520
657521
657522
657523
657524
657525
657526
657527
657528
657529
657530
657531
657532
657533
657534
657535
657536
657537
657538
657539
657540
657541
657542
657543
657544
657545
657546
657552
657554
657556
657557
657558
657559
657560
657561
657562
657569
658350
658351
658352
658353
658354
658355
658356
658357
658358
658359
658360
658361
658362
658363
658364
658365
658366
658367
658368
658369
658370
658371
658372
658373
658374
658375
658376
658377
658378
658379
658380
658381
658382
658383
658384
658385
658386
658387
658388
658389
658390
658391
658392
658393
658394
658395
658424
658425
658426
658427
658428
658429
658430
658431
658432
658433
658434
658435
658436
658437
658438
658439
658440
658441
658442
658443
658444
658445
658446
658447
658448
658449
658450
658451
658452
658453
658482
658483
658484
658485
658486
658487
658488
658489
658490
658491
658492
658493
658494
658495
658496
658497
658498
658499
658500
658501
658502
658503
658504
658505
658521
658522
658523
658524
658525
658526
658527
658528
658529
658530
658531
658532
658533
658534
658535
658536
658537
658538
658539
658540
658541
658542
658543
658544
658545
658546
658547
658548
658549
658550
658551
658552
658553
658554
658555
658556
658557
658588
658589
658590
658591
658592
658593
658594
658595
658596
658597
658598
658599
658600
658601
658602
658603
658604
658605
658606
658607
658608
658609
658610
658611
658612
658613
658614
658615
658616
658617
658619
658620
658621
658622
658623
658624
658625
658627
658628
658629
658630
658632
658634
658661
658662
658663
658664
658665
658666
658667
658668
658669
658670
658671
658672
658673
658674
658675
658676
658677
658678
658679
658680
658681
658682
658683
658684
658685
658686
658687
658688
658689
658690
658691
658692
658693
658694
658695
658696
658697
658698
658699
658700
658701
658702
658703
658704
658705
658706
658712
658714
658716
658717
658718
658719
658720
658721
658722
658729
659510
659511
659512
659513
659514
659515
659516
659517
659518
659519
659520
659521
659522
659523
659524
659525
659526
659527
659528
659529
659530
659531
659532
659533
659534
659535
659536
659537
659538
659539
659540
659541
659542
659543
659544
659545
659546
659547
659548
659549
659550
659551
659552
659553
659554
659555
659584
659585
659586
659587
659588
659589
659590
659591
659592
659593
659594
659595
659596
659597
659598
659599
659600
659601
659602
659603
659604
659605
659606
659607
659608
659609
659610
659611
659612
659613
659642
659643
659644
659645
659646
659647
659648
659649
659650
659651
659652
659653
659654
659655
659656
659657
659658
659659
659660
659661
659662
659663
659664
659665
659681
659682
659683
659684
659685
659686
659687
659688
659689
659690
659691
659692
659693
659694
659695
659696
659697
659698
659699
659700
659701
659702
659703
659704
659705
659706
659707
659708
659709
659710
659711
659712
659713
659714
659715
659716
659717
659748
659749
659750
659751
659752
659753
659754
659755
659756
659757
659758
659759
659760
659761
659762
659763
659764
659765
659766
659767
659768
659769
659770
659771
659772
659773
659774
659775
659776
659777
659779
659780
659781
659782
659783
659784
659785
659787
659788
659789
659790
659792
659794
659821
659822
659823
659824
659825
659826
659827
659828
659829
659830
659831
659832
659833
659834
659835
659836
659837
659838
659839
659840
659841
659842
659843
659844
659845
659846
659847
659848
659849
659850
659851
659852
659853
659854
659855
659856
659857
659858
659864
659866
659868
659869
659870
660619
660620
660621
660622
660623
660624
660625
660626
660627
660628
660629
660630
660631
660632
660633
660634
660635
660636
660637
660638
660639
660640
660641
660642
660643
660644
660645
660646
660647
660648
660649
660650
660651
660652
660653
660654
660655
660656
660657
660658
660659
660660
660661
660662
660663
660664
660693
660694
660695
660696
660697
660698
660699
660700
660701
660702
660703
660704
660705
660706
660707
660708
660709
660710
660711
660712
660713
660714
660715
660716
660717
660718
660719
660720
660721
660722
660751
660752
660753
660754
660755
660756
660757
660758
660759
660760
660761
660762
660763
660764
660765
660766
660767
660768
660769
660770
660771
660772
660773
660774
660790
660791
660792
660793
660794
660795
660796
660797
660798
660799
660800
660801
660802
660803
660804
660805
660806
660807
660808
660809
660810
660811
660812
660813
660814
660815
660816
660817
660818
660819
660820
660821
660822
660823
660824
660825
660826
660857
660858
660859
660860
660861
660862
660863
660864
660865
660866
660867
660868
660869
660870
660871
660872
660873
660874
660875
660876
660877
660878
660879
660880
660881
660882
660883
660884
660885
660886
660888
660889
660890
660891
660892
660893
660894
660896
660897
660898
660899
660901
660903
660904
660905
660906
660907
660908
660909
660910
660911
660912
660913
660914
660915
660916
660917
660918
660919
660920
660921
660922
660923
660924
660925
660926
660927
660928
660929
660930
660955
660956
660957
660963
660965
660966
660967
660968
660969
660970
661658
661659
661660
661661
661662
661663
661664
661665
661666
661667
661668
661669
661670
661671
661672
661673
661674
661675
661676
661677
661678
661679
661680
661681
661682
661683
661684
661685
661686
661687
661688
661689
661690
661691
661692
661693
661694
661695
661696
661697
661698
661699
661700
661701
661702
661703
661732
661733
661734
661735
661736
661737
661738
661739
661740
661741
661742
661743
661744
661745
661746
661747
661748
661749
661750
661751
661752
661753
661754
661755
661756
661757
661758
661759
661760
661761
661790
661791
661792
661793
661794
661795
661796
661797
661798
661799
661800
661801
661802
661803
661804
661805
661806
661807
661808
661809
661810
661811
661812
661813
661829
661830
661831
661832
661833
661834
661835
661836
661837
661838
661839
661840
661841
661842
661843
661844
661845
661846
661847
661848
661849
661850
661851
661852
661853
661854
661855
661856
661857
661858
661859
661860
661861
661862
661863
661864
661865
661896
661897
661898
661899
661900
661901
661902
661903
661904
661905
661906
661907
661908
661909
661910
661911
661912
661913
661914
661915
661916
661917
661918
661919
661920
661921
661922
661923
661924
661925
661927
661928
661929
661930
661931
661932
661933
661935
661936
661937
661938
661940
661942
662553
662554
662555
662556
662557
662558
662559
662560
662561
662562
662563
662564
662565
662566
662567
662568
662569
662570
662571
662572
662573
662574
662575
662576
662577
662578
662579
662580
662581
662582
662583
662584
662585
662586
662587
662588
662589
662590
662591
662592
662593
662594
662595
662596
662597
662598
662627
662628
662629
662630
662631
662632
662633
662634
662635
662636
662637
662638
662639
662640
662641
662642
662643
662644
662645
662646
662647
662648
662649
662650
662651
662652
662653
662654
662655
662656
662685
662686
662687
662688
662689
662690
662691
662692
662693
662694
662695
662696
662697
662698
662699
662700
662701
662702
662703
662704
662705
662706
662707
662708
662724
662725
662726
662727
662728
662729
662730
662731
662732
662733
662734
662735
662736
662737
662738
662739
662740
662741
662742
662743
662744
662745
662746
662747
662748
662749
662750
662751
662752
662753
662754
662755
662756
662757
662758
662759
662760
662791
662792
662793
662794
662795
662796
662797
662798
662799
662800
662801
662802
662803
662804
662805
662806
662807
662808
662809
662810
662811
662812
662813
662814
662815
662816
662817
662818
662819
662820
662821
662822
662823
662824
662825
662826
662827
662828
662829
662830
662831
662832
662833
662834
662835
662836
662837
663448
663449
663450
663451
663452
663453
663454
663455
663456
663457
663458
663459
663460
663461
663462
663463
663464
663465
663466
663467
663468
663469
663470
663471
663472
663473
663474
663475
663476
663477
663478
663479
663480
663481
663482
663483
663484
663485
663486
663487
663488
663489
663490
663491
663492
663493
663522
663523
663524
663525
663526
663527
663528
663529
663530
663531
663532
663533
663534
663535
663536
663537
663538
663539
663540
663541
663542
663543
663544
663545
663546
663547
663548
663549
663550
663551
663580
663581
663582
663583
663584
663585
663586
663587
663588
663589
663590
663591
663592
663593
663594
663595
663596
663597
663598
663599
663600
663601
663602
663603
663619
663620
663621
663622
663623
663624
663625
663626
663627
663628
663629
663630
663631
663632
663633
663634
663635
663636
663637
663638
663639
663640
663641
663642
663643
663644
663645
663646
663647
663648
663649
663650
663651
663652
663653
663654
663655
663686
663687
663688
663689
663690
663691
663692
663693
663694
663695
663696
663697
663698
663699
663700
663701
663702
663703
663704
663705
663706
663707
663708
663709
663710
663711
663712
663713
663714
663715
663716
663717
663718
663719
663720
663721
663722
663723
663724
663725
663726
663727
663728
663729
663730
663731
663732
664343
664344
664345
664346
664347
664348
664349
664350
664351
664352
664353
664354
664355
664356
664357
664358
664359
664360
664361
664362
664363
664364
664365
664366
664367
664368
664369
664370
664371
664372
664373
664374
664375
664376
664377
664378
664379
664380
664381
664382
664383
664384
664385
664386
664387
664388
664417
664418
664419
664420
664421
664422
664423
664424
664425
664426
664427
664428
664430
664431
664432
664434
664435
664436
664437
664438
664439
664440
664441
664442
664443
664444
664445
664446
664475
664476
664477
664478
664479
664480
664481
664482
664483
664484
664485
664486
664487
664488
664489
664490
664491
664492
664493
664494
664495
664496
664497
664498
664514
664515
664516
664517
664518
664519
664520
664521
664522
664523
664524
664525
664526
664527
664528
664529
664530
664531
664532
664533
664534
664535
664536
664537
664538
664539
664540
664541
664542
664543
664544
664545
664546
664547
664548
664549
664550
664581
664582
664583
664584
664585
664586
664587
664588
664589
664591
664593
664595
664596
664597
664598
664599
664600
664601
664602
664603
664605
664608
664609
664610
664611
664612
664613
664614
664615
664616
664617
664618
664619
664620
664621
664622
664623
664624
664625
664626
664627
665238
665239
665240
665242
665243
665244
665245
665246
665247
665248
665249
665251
665254
665255
665256
665257
665258
665259
665265
665266
665268
665270
665272
665273
665274
665275
665276
665277
665278
665279
665281
665330
665331
665332
665333
665334
665335
665336
665337
665339
665370
665372
665382
665383
665384
665385
665386
665387
665388
665389
665391
665409
665411
665412
665413
665414
665415
665419
665430
665431
665432
665434
665435
665436
665437
665438
665439
665440
665441
665443
665503
665504
665505
665506
665508
665509
665510
665511
665512
665513
665514
665515
665516
665518
665519
665521
688698
688699
688700
688701
688702
688703
688704
688705
688706
688707
688708
688709
688710
688711
688712
688713
688714
688715
688716
688717
688718
688719
688720
688721
688722
688723
688724
688725
688726
688727
688728
688729
688730
688731
688732
688733
688734
688735
688736
688755
688756
688757
688758
688759
688760
688761
688762
688763
688764
688765
688766
688776
688777
688778
688779
688780
688781
688782
688783
688784
688785
688786
688787
688797
688798
688799
688800
688801
688802
688803
688804
688805
688806
688807
688808
688834
688835
688836
688837
688838
688839
688840
688841
688842
688843
688844
688845
688846
688847
688848
688849
688850
688851
688852
688853
688854
688918
688919
688920
688921
688922
688923
688924
688925
688926
689684
689685
689686
689687
689688
689689
689690
689691
689692
689693
689694
689695
689696
689697
689698
689699
689700
689701
689702
689703
689704
689705
689706
689707
689708
689709
689710
689711
689712
689713
689714
689715
690163
690164
690165
690166
690167
690168
690169
690170
690171
690197
690198
690199
690200
690201
690202
690203
690204
690205
690206
690207
690208
690234
690235
690236
690237
690238
690239
690240
690241
690242
690243
690244
690245
690246
690247
690248
690249
690250
690251
690252
690253
690254
690255
690256
690257
690258
690261
690262
690263
690264
690266
690270
690271
690272
690273
690274
690275
690276
690277
690278
690279
690280
690281
690282
690283
690284
690285
690286
690287
690288
690289
690290
690291
690292
690293
690294
690295
690296
690297
690298
690469
690470
690471
690472
690473
690474
690475
690476
690477
690478
690479
690480
690481
690482
690483
690484
690485
690486
690487
690488
690489
690490
690491
690492
690493
690494
690495
690496
690497
690498
690499
690500
690501
690502
690503
690504
690505
690506
690507
690508
690509
690510
690511
690512
690513
690514
690515
690516
690517
690518
690519
690520
690521
690522
690523
690524
690525
690526
690527
690528
690529
690530
690531
690532
690533
690534
690535
690536
690537
690538
690539
690540
690541
690542
690543
690544
690545
690546
690547
690548
690549
690550
690551
690552
690553
690554
690555
690556
690557
690558
690559
690560
690561
690562
690563
690564
690565
690566
690567
690568
690569
690570
690571
690572
690573
690574
690575
690576
690577
690578
690579
690580
690581
690582
690583
690584
690585
690586
690587
690588
690589
690590
690591
690592
690593
690594
690595
690596
690597
690598
690599
690600
690601
690602
690603
690604
690605
690606
690607
690608
690609
690610
690611
690612
690613
690614
690615
690616
690617
690618
690619
690620
690621
690622
690623
690624
690625
690626
690627
690628
690629
690630
690631
690632
690633
690634
690635
690636
690637
690638
690639
690640
690641
690642
690643
690644
690645
690646
690647
690648
690649
690650
690651
690652
690653
690654
690655
690656
690657
690658
690659
690660
690661
690662
690663
690664
690665
690666
690667
690668
690669
690686
690687
690688
690689
690690
690691
690692
690693
690694
690695
690696
690697
690698
690699
690700
690701
690702
690703
690704
690705
690706
690707
690708
690709
690710
690711
690712
690713
690714
690715
690716
690717
690718
690719
690733
690734
690735
690736
690737
690738
690739
690740
690741
690742
690743
690744
690745
690746
690747
690748
690749
690750
690751
690752
690753
690754
690755
690756
690757
690758
690759
690760
690761
690762
690763
690764
690765
690766
690767
690768
690769
690770
690771
690772
690773
690774
690775
690776
690777
690778
690779
690780
690781
690782
690783
690784
690785
690786
690787
690788
690789
690790
690791
690792
690793
690794
690795
690796
690797
690798
690799
690800
690801
690802
690803
690804
690805
690806
690807
690808
690809
690810
690811
690812
690813
690814
690815
690816
690817
690818
690819
690820
690821
690822
690823
690824
690825
690826
690827
690828
690829
690830
690831
690832
690833
690834
690835
690836
690837
690838
690839
690840
690841
690842
690843
690844
690845
690846
690847
690848
690849
690850
690851
690852
690853
690854
690855
690856
690857
690858
690859
690860
690861
690862
690863
690864
690865
690866
690867
690868
690869
690870
690871
690872
690873
690874
690875
690876
690877
690878
690879
690880
690881
690882
690883
690884
690885
690886
690887
690888
690889
690890
690891
690892
690893
690894
690895
690896
690897
690898
690899
690900
690901
690902
690903
690904
690905
690906
690907
690908
690909
690910
690911
690999
691000
691001
691002
691003
691004
691005
691006
691007
691008
691009
691010
691011
691012
691013
691014
691015
691016
691017
691018
691019
691020
691021
691022
691023
691024
691025
691026
691027
691028
691029
691030
691031
691033
691034
691035
691036
691037
691038
691040
691041
691042
691045
691046
691047
691048
691050
691052
691053
691054
691055
691056
691058
691059
691966
691967
691968
691969
691970
691971
691972
691973
691974
691975
691976
691977
691978
691979
691980
691981
691982
691983
691984
691985
691986
691987
691988
691989
692011
692012
692013
692014
692015
692016
692017
692018
692019
692020
692021
692022
692023
692024
692025
692026
692027
692028
692029
692030
692031
692032
692033
692034
692035
692036
692037
692038
692039
692040
692041
692042
692043
692044
692045
692046
692047
692048
692049
692050
692051
692052
692053
692069
692070
692071
692072
692073
692074
692075
692076
692077
692078
692079
692080
692081
692082
692083
692084
692085
692086
692087
692088
692089
692090
692091
692092
692093
692094
692095
692096
692097
692098
692099
692100
692101
692102
692103
692104
692105
692106
692107
692108
692109
692110
692111
692112
692113
692114
692115
692116
692117
692118
692119
692120
692121
692122
692123
692124
692125
692126
692127
692128
692129
692130
692131
692132
692161
692162
692163
692164
692165
692166
692167
692168
692169
692170
692171
692172
692173
692174
692175
692176
692177
692178
692179
692180
692181
692182
692183
692184
692185
692186
692187
692188
692189
692190
692191
692192
692193
692194
692195
692196
692197
692198
692199
692200
692201
692202
692203
692204
692205
692206
692207
692208
692209
692210
692211
692212
692213
692214
692215
692216
692217
692218
692219
692220
692221
692222
692223
692224
692253
692254
692255
692256
692257
692258
692259
692260
692261
692262
692263
692264
692265
692266
692267
692268
692269
692270
692271
692272
692273
692274
692275
692276
692277
692278
692279
692280
692281
692282
692283
692284
692285
692286
692287
692288
692289
692290
692291
692292
692293
692294
692295
692296
692297
692298
692299
692300
692301
692302
692303
692304
692305
692306
692307
692308
692309
692310
692311
692312
692313
692314
692315
692316
692345
692346
692347
692348
692349
692350
692351
692352
692353
692354
692355
692356
692357
692358
692359
692360
692361
692362
692363
692364
692365
692366
692367
692368
692369
692370
692371
692372
692373
692374
692375
692376
692377
692378
692379
692380
692381
692382
692383
692384
692385
692386
692387
692388
692389
692390
692391
692392
692393
692394
692395
692396
692397
692398
692399
692400
692401
692402
692403
692404
692405
692406
692407
692408
692409
692410
692411
692412
692413
692414
692415
692416
692417
692418
692419
692420
692421
692422
692423
692424
692425
692426
692427
692428
692429
692430
692431
692432
692433
692434
692435
692436
692437
692438
692439
692440
692441
692442
692443
692444
692445
692446
692447
692448
692449
692450
692451
692452
692453
692454
692455
692456
692457
692458
692459
692460
692461
692462
692463
692464
692465
692466
692467
692468
692469
692470
692471
692472
692473
692474
692475
692476
692477
692478
692479
692480
692481
692482
692483
692484
692485
692486
692487
692488
692489
692490
692491
692492
692493
692494
692495
692496
692497
692498
692499
692500
692501
692502
692503
692504
692505
692506
692507
692508
692509
692510
692511
692512
692513
692514
692515
692516
692517
692518
692519
692520
692521
692522
692523
692524
692525
692526
692527
692528
692529
692530
692531
692532
692533
692534
692535
692536
692537
692538
692539
692540
692541
692542
692543
692544
692545
692546
692547
692548
692549
692550
692551
692552
692553
692554
692555
692556
692557
692558
692559
692560
692561
692562
692563
692564
692565
692566
692567
692568
692569
692570
692571
692572
692573
692574
692575
692576
692577
692578
692579
692580
692581
692582
692583
692584
692585
692586
692587
692588
692589
692590
692591
692592
692593
692594
692595
692596
692597
692598
692599
692600
692601
692602
692603
692604
692605
692606
692607
692608
692609
692610
692611
692612
692613
692614
692615
692616
692617
692618
692619
692620
692621
692622
692623
692624
692625
692626
692627
692628
692629
692630
692631
692632
692633
692634
692635
692636
692637
692638
692639
692640
692641
692642
692643
692644
692645
692646
692647
692648
692649
692650
692651
692652
692653
692654
692655
692656
692657
692658
692659
692660
692661
692662
692663
692664
692665
692666
692667
692668
692669
692670
692671
692672
692673
692674
692675
692676
692677
692678
692679
692680
692681
692682
692683
692684
692685
692686
692687
692688
692689
692690
692691
692692
692693
692694
692695
692696
692697
692698
692699
692700
692701
692702
692703
692704
692705
692706
692707
692708
692709
692710
692711
692712
692713
692714
692715
692716
692717
692718
692719
692720
692721
692722
692723
692724
692725
692726
692727
692728
692729
692730
692731
692732
692733
692734
692736
692737
692738
692739
692740
692741
692743
692744
692745
692746
692748
692749
692751
692752
692753
692754
692756
692758
692759
692761
692762
693001
693002
693003
693004
693005
693006
693007
693008
693009
693010
693011
693012
693013
693014
693015
693016
693017
693018
693019
693020
693021
693355
693356
693357
693358
693359
693360
693361
693362
693363
693364
693365
693366
693367
693368
693369
693370
693371
693372
693373
693374
693375
693376
693377
693378
693379
693380
693381
693382
693383
693384
693385
693386
693387
693388
693389
693390
693391
693392
693393
693394
693395
693396
693397
693398
693399
693400
693401
693402
693403
693404
693405
693406
693407
693408
693409
693410
693411
693412
693413
693414
693415
693416
693417
693418
693419
693420
693421
693422
693423
693424
693425
693426
693427
693428
693429
693430
693431
693432
693433
693434
693435
693436
693437
693438
693439
693440
693441
693442
693443
693444
693445
693446
693447
693448
693449
693450
693451
693452
693453
693454
693455
693456
693457
693458
693459
693460
693461
693462
693463
693464
693465
693466
693467
693468
693469
693470
693471
693472
693473
693474
693475
693476
693477
693478
693479
693480
693481
693482
693483
693484
693485
693486
693487
693488
693489
693490
693491
693492
693493
693494
693495
693496
693497
693498
693499
693500
693501
693502
693503
693504
693505
693506
693507
693508
693509
693510
693511
693512
693513
693514
693515
693516
693517
693518
693519
693520
693521
693522
693523
693524
693525
693526
693527
693528
693529
693530
693531
693532
693533
693582
693583
693584
693585
693586
693587
693588
693589
693590
693591
693592
693593
693594
693595
693596
693597
693598
693599
693600
693601
693602
693603
693604
693605
693606
693607
693608
693609
693610
693611
693612
693613
693614
693615
693616
693617
693618
693619
693620
693621
693622
693623
693624
693625
693626
693627
693628
693629
693630
693631
693632
693633
693634
693635
693636
693637
693638
693639
693640
693641
693642
693643
693644
693645
693646
693647
693648
693649
693650
693651
693652
693653
693654
693655
693656
693657
693658
693659
693660
693661
693662
693663
693664
693665
693666
693667
693668
693669
693670
693671
693672
693673
693674
693675
693676
693677
693678
693679
693680
693681
693682
693683
693684
693685
693686
693687
693688
693689
693690
693691
693692
693693
693694
693695
693696
693697
693698
693699
693700
693701
693702
693703
693704
693705
693706
693707
693708
693709
693710
693711
693712
693713
693714
693715
693716
693717
693718
693719
693720
693721
693722
693723
693724
693725
693726
693727
693728
693729
693730
693731
693732
693733
693734
693735
693736
693737
693738
693739
693740
693741
693742
693743
693744
693745
693746
693747
693748
693749
693750
693751
693752
693753
693754
693755
693756
693757
693758
693759
693760
693761
693762
693763
693764
693765
693766
693767
693768
693769
693770
693771
693772
693773
693774
693775
693776
693777
693778
693779
693780
693781
693782
693783
693784
693785
693786
693787
693788
693789
693790
693791
693792
693793
693794
693795
693796
693797
693798
693799
693800
693801
693802
693803
693804
693805
693806
693807
693808
693809
693810
693811
693812
693813
693814
693815
693816
693817
693818
693819
693820
693821
693822
693823
693824
693825
693826
693827
693828
693829
693830
693831
693832
693833
693834
693835
693836
693837
693838
693839
693840
693841
693842
693843
693844
693845
693846
693847
693848
693849
693850
693851
693852
693853
693867
693868
693869
693870
693871
693872
693873
693874
693875
693876
693877
693878
693879
693880
693881
693882
693883
693884
693885
693886
693887
693888
693889
693890
693891
693892
693893
693894
693895
693896
693897
693898
693899
693900
693901
693902
693903
693920
693921
693922
693924
693925
693926
693927
693928
693929
693930
693931
693934
694214
694215
694216
694217
694218
694219
694220
694221
694222
694223
694224
694225
694226
694227
694228
694229
694230
694231
694232
694233
694234
694235
694236
694237
694238
694239
694240
694241
694242
694243
694244
694245
694246
694247
694248
694249
694250
694251
694252
694253
694254
694255
694256
694257
694258
694259
694260
694261
694262
694263
694264
694265
694266
694267
694268
694269
694270
694271
694272
694273
694274
694275
694276
694277
694278
694279
694280
694281
694282
694283
694284
694285
694286
694287
694288
694289
694290
694291
694292
694293
694294
694313
694314
694315
694316
694317
694318
694319
694320
694321
694322
694323
694324
694325
694326
694327
694328
694329
694330
694331
694332
694333
694334
694335
694336
694337
694338
694339
694340
694341
694342
694343
694344
694345
694346
694356
694357
694358
694359
694360
694361
694362
694363
694364
694365
694366
694367
694368
694369
694370
694371
694372
694373
694374
694375
694376
694377
694378
694379
694380
694381
694382
694383
694384
694385
694386
694387
694388
694389
694390
694391
694392
694393
694394
694395
694396
694397
694398
694399
694400
694401
694402
694403
694404
694405
694415
694416
694417
694418
694419
694420
694421
694422
694423
694424
694425
694426
694427
694428
694429
694430
694431
694432
694433
694434
694435
694436
694437
694438
694439
694490
694491
694492
694493
694494
694495
694496
694497
694498
694499
694500
694501
694502
694503
694504
694505
694506
694507
694508
694509
694510
694511
694512
694513
694514
694515
694516
694517
694518
694519
694520
694521
694522
694523
694549
694550
694551
694552
694553
694554
694555
694556
694557
694558
694559
694560
694561
694562
694563
694564
694565
694566
694567
694568
694569
694570
694571
694572
694573
694599
694600
694603
694604
694606
694610
694612
694613
694614
694615
694616
694617
694618
694619
694620
694621
694622
694623
694624
694625
694627
694630
694631
694632
694636
694637
694638
694639
694640
694641
694642
694643
694644
694645
694646
694647
694648
694649
694650
694651
694652
694653
694654
694655
694656
694657
694658
694659
694660
694661
694662
694663
694664
694665
694666
694667
694668
694669
694670
694671
694672
694673
694674
694675
694676
694677
694678
694679
694680
694681
694682
694683
694684
694685
694686
694687
694688
694689
694690
694691
694692
694693
694694
694695
694696
694697
694698
694699
694700
694701
694702
694703
694704
694705
694706
694707
694708
694709
694710
694711
694712
694713
694714
694715
694716
694717
694718
694719
694720
694721
694722
694723
694724
694725
694726
694727
694728
694729
694730
694731
694732
694733
694734
694735
694736
694737
694738
694739
694740
694741
694742
694743
694744
694745
694746
694747
694748
694749
694750
694751
694752
694753
694754
694755
694756
694757
694758
694759
694760
694761
694762
694763
694764
694765
694766
694767
694768
694769
694770
694771
694772
694773
694774
694775
694776
694777
694778
694779
694780
694781
694782
694783
694784
694785
694786
694787
694788
694789
694790
694791
694792
694793
694794
694795
694796
694797
694798
694799
694800
694801
694802
694803
694804
694805
694806
694807
694808
694809
694810
694811
694812
694813
694814
694815
694816
694817
694818
694819
694820
694821
694822
694823
694824
694825
694826
694827
694828
694829
694830
694831
694832
694833
694834
694835
694836
694837
694838
694839
694840
694841
694842
694843
694844
694845
694846
694847
694848
694849
694850
694851
694852
694853
694854
694855
694856
694857
694858
694859
694860
694861
694862
694863
694864
694865
694866
694867
694868
694869
694870
694871
694872
694873
694874
694875
694876
694877
694878
694879
694880
694881
694882
694883
694884
694885
694886
694887
694888
694889
694890
694891
694892
694893
694894
694895
694896
694897
694898
694899
694900
694901
694902
694903
694904
694905
694906
694907
694908
694909
694910
694911
694912
694913
694914
694915
694916
694917
694918
694919
694920
694921
694922
694923
694924
694925
694926
694927
694928
694929
694930
694931
694932
694933
694934
694935
694936
694937
694938
694939
694940
694941
694942
694943
694944
694945
694946
694947
694948
694949
694950
694951
694952
694953
694954
694955
694956
694957
694958
694959
694960
694961
694962
694963
694964
694965
694966
694967
694968
694969
694970
694971
694972
694973
694974
694975
694976
694977
694978
694979
694980
694981
694982
694983
694984
694985
694986
694987
694988
694989
694990
694991
694992
694993
694994
694995
694996
694997
694998
694999
695000
695001
695002
695003
695004
695005
695006
695007
695008
695009
695010
695011
695012
695013
695014
695015
695016
695017
695018
695019
695020
695021
695022
695023
695024
695025
695026
695027
695028
695029
695030
695031
695032
695033
695034
695035
695036
695037
695038
695052
695053
695054
695055
695056
695057
695058
695059
695060
695061
695062
695063
695064
695065
695066
695067
695068
695069
695070
695071
695072
695073
695074
695075
695076
695077
695078
695079
695080
695081
695082
695083
695084
695085
695086
695087
695088
695105
695106
695107
695108
695110
695111
695112
695113
695115
695116
695117
695119
695120
695122
695123
695124
695126
695127
695128
695129
695130
695131
695132
695133
695136
695965
695966
695967
695968
695969
695970
695971
695972
695973
695974
695975
695976
695977
695978
695979
695980
695981
695982
695983
695984
695985
695986
695987
695988
695989
695990
695991
695992
695993
695994
695995
695996
695997
695998
695999
696000
696001
696002
696003
696004
696005
696006
696007
696008
696009
696010
696011
696012
696013
696014
696015
696016
696017
696018
696019
696020
696021
696022
696023
696024
696025
696026
696027
696028
696029
696030
696031
696032
696033
696034
696035
696036
696037
696038
696039
696040
696041
696042
696043
696044
696045
696064
696065
696066
696067
696068
696069
696070
696071
696072
696073
696074
696075
696076
696077
696078
696079
696080
696081
696082
696083
696084
696085
696086
696087
696088
696089
696090
696091
696092
696093
696094
696095
696096
696097
696107
696108
696109
696110
696111
696112
696113
696114
696115
696116
696117
696118
696119
696120
696121
696122
696123
696124
696125
696126
696127
696128
696129
696130
696131
696132
696133
696134
696135
696136
696137
696138
696139
696140
696141
696142
696143
696144
696145
696146
696147
696148
696149
696150
696151
696152
696153
696154
696155
696156
696166
696167
696168
696169
696170
696171
696172
696173
696174
696175
696176
696177
696178
696179
696180
696181
696182
696183
696184
696185
696186
696187
696188
696189
696190
696241
696242
696243
696244
696245
696246
696247
696248
696249
696250
696251
696252
696253
696254
696255
696256
696257
696258
696259
696260
696261
696262
696263
696264
696265
696266
696267
696268
696269
696270
696271
696272
696273
696274
696300
696301
696302
696303
696304
696305
696306
696307
696308
696309
696310
696311
696312
696313
696314
696315
696316
696317
696318
696319
696320
696321
696322
696323
696324
696350
696351
696353
696354
696355
696361
696363
696364
696365
696366
696367
696368
696369
696370
696371
696372
696373
696374
696375
696376
696378
696381
696382
696383
696387
696388
696389
696390
696391
696392
696393
696394
696395
696396
696397
696398
696399
696400
696401
696402
696403
696404
696405
696406
696407
696408
696409
696410
696411
696412
696413
696414
696415
696416
696417
696418
696419
696420
696421
696422
696423
696424
696425
696426
696427
696428
696429
696430
696431
696432
696433
696434
696435
696436
696437
696438
696439
696440
696441
696442
696443
696444
696445
696446
696447
696448
696449
696450
696451
696452
696453
696454
696455
696456
696457
696458
696459
696460
696461
696462
696463
696464
696465
696466
696467
696468
696469
696470
696471
696472
696473
696474
696475
696476
696477
696478
696479
696480
696481
696482
696483
696484
696485
696486
696487
696488
696489
696490
696491
696492
696493
696494
696495
696496
696497
696498
696499
696500
696501
696502
696503
696504
696505
696506
696507
696508
696509
696510
696511
696512
696513
696514
696515
696516
696517
696518
696519
696520
696521
696522
696523
696524
696525
696526
696527
696528
696529
696530
696531
696532
696533
696534
696535
696536
696537
696538
696539
696540
696541
696542
696543
696544
696545
696546
696547
696548
696549
696550
696551
696552
696553
696554
696555
696556
696557
696558
696559
696560
696561
696562
696563
696564
696565
696566
696567
696568
696569
696570
696571
696572
696573
696574
696575
696576
696577
696578
696579
696580
696581
696582
696583
696584
696585
696586
696587
696588
696589
696590
696591
696592
696593
696594
696595
696596
696597
696598
696599
696600
696601
696602
696603
696604
696605
696606
696607
696608
696609
696610
696611
696612
696613
696614
696615
696616
696617
696618
696619
696620
696621
696622
696623
696624
696625
696626
696627
696628
696629
696630
696631
696632
696633
696634
696635
696636
696637
696638
696639
696640
696641
696642
696643
696644
696645
696646
696647
696648
696649
696650
696651
696652
696653
696654
696655
696656
696657
696658
696659
696660
696661
696662
696663
696664
696665
696666
696667
696668
696669
696670
696671
696672
696673
696674
696675
696676
696677
696678
696679
696680
696681
696682
696683
696684
696685
696686
696687
696688
696689
696690
696691
696692
696693
696694
696695
696696
696697
696698
696699
696700
696701
696702
696703
696704
696705
696706
696707
696708
696709
696710
696711
696712
696713
696714
696715
696716
696717
696718
696719
696720
696721
696722
696723
696724
696725
696726
696727
696728
696729
696730
696731
696732
696733
696734
696735
696736
696737
696738
696739
696740
696741
696742
696743
696744
696745
696746
696747
696748
696749
696750
696751
696752
696753
696754
696755
696756
696757
696758
696759
696760
696761
696762
696763
696764
696765
696766
696767
696768
696769
696770
696771
696772
696773
696774
696775
696776
696777
696778
696779
696780
696781
696782
696783
696784
696785
696786
696787
696788
696789
696803
696804
696805
696806
696807
696808
696809
696810
696811
696812
696813
696814
696815
696816
696817
696818
696819
696820
696821
696822
696823
696824
696825
696826
696827
696828
696829
696830
696831
696832
696833
696834
696835
696836
696837
696838
696839
696856
696857
696858
696859
696861
696862
696863
696864
696866
696867
696868
696870
696871
696873
696874
696875
696877
696878
696879
696880
696881
696882
696883
696884
696887
697716
697717
697718
697719
697720
697721
697722
697723
697724
697725
697726
697727
697728
697729
697730
697731
697732
697733
697734
697735
697736
697737
697738
697739
697740
697741
697742
697743
697744
697745
697746
697747
697748
697749
697750
697751
697752
697753
697754
697755
697756
697757
697758
697759
697760
697761
697762
697763
697764
697765
697766
697767
697768
697769
697770
697771
697772
697773
697774
697775
697776
697777
697778
697779
697780
697781
697782
697783
697784
697785
697786
697787
697788
697789
697790
697791
697792
697793
697794
697795
697796
697815
697816
697817
697818
697819
697820
697821
697822
697823
697824
697825
697826
697827
697828
697829
697830
697831
697832
697833
697834
697835
697836
697837
697838
697839
697840
697841
697842
697843
697844
697845
697846
697847
697848
697858
697859
697860
697861
697862
697863
697864
697865
697866
697867
697868
697869
697870
697871
697872
697873
697874
697875
697876
697877
697878
697879
697880
697881
697882
697883
697884
697885
697886
697887
697888
697889
697890
697891
697892
697893
697894
697895
697896
697897
697898
697899
697900
697901
697902
697903
697904
697905
697906
697907
697917
697918
697919
697920
697921
697922
697923
697924
697925
697926
697927
697928
697929
697930
697931
697932
697933
697934
697935
697936
697937
697938
697939
697940
697941
697992
697993
697994
697995
697996
697997
697998
697999
698000
698001
698002
698003
698004
698005
698006
698007
698008
698009
698010
698011
698012
698013
698014
698015
698016
698017
698018
698019
698020
698021
698022
698023
698024
698025
698051
698052
698053
698054
698055
698056
698057
698058
698059
698060
698061
698062
698063
698064
698065
698066
698067
698068
698069
698070
698071
698072
698073
698074
698075
698101
698102
698105
698106
698114
698115
698116
698118
698119
698120
698121
698122
698123
698139
698140
698141
698142
698143
698144
698145
698146
698147
698148
698149
698150
698151
698152
698153
698154
698155
698156
698157
698158
698159
698160
698161
698162
698163
698164
698165
698166
698167
698168
698169
698170
698171
698172
698173
698174
698175
698176
698177
698178
698179
698180
698181
698182
698183
698184
698185
698186
698187
698188
698189
698190
698191
698192
698193
698194
698195
698196
698197
698198
698199
698200
698201
698202
698203
698204
698205
698206
698207
698208
698209
698210
698211
698212
698213
698214
698215
698216
698217
698218
698219
698220
698221
698222
698223
698224
698225
698226
698227
698228
698229
698230
698231
698232
698233
698234
698235
698236
698237
698238
698239
698240
698241
698242
698243
698244
698245
698246
698247
698248
698249
698250
698251
698252
698253
698254
698255
698256
698257
698258
698259
698260
698261
698262
698263
698264
698265
698266
698267
698268
698269
698270
698271
698272
698273
698274
698275
698276
698277
698278
698279
698280
698281
698282
698283
698284
698285
698286
698287
698288
698289
698290
698291
698292
698293
698294
698295
698296
698297
698298
698299
698300
698301
698302
698303
698304
698305
698306
698307
698308
698309
698310
698311
698312
698313
698314
698315
698316
698317
698318
698319
698320
698321
698322
698323
698324
698325
698326
698327
698328
698329
698330
698331
698332
698333
698334
698335
698336
698337
698338
698339
698340
698341
698342
698343
698344
698345
698346
698347
698348
698349
698350
698351
698352
698353
698354
698355
698356
698357
698358
698359
698360
698361
698362
698363
698364
698365
698366
698367
698368
698369
698370
698371
698372
698373
698374
698375
698376
698377
698378
698379
698380
698381
698382
698383
698384
698385
698386
698387
698388
698389
698390
698391
698392
698393
698394
698395
698396
698397
698398
698399
698400
698401
698402
698403
698404
698405
698406
698407
698408
698409
698410
698411
698412
698413
698414
698415
698416
698417
698418
698419
698420
698421
698422
698423
698424
698425
698426
698427
698428
698429
698430
698431
698432
698433
698434
698435
698436
698437
698438
698439
698440
698441
698442
698443
698444
698445
698446
698447
698448
698449
698450
698451
698452
698453
698454
698455
698456
698457
698458
698459
698460
698461
698462
698463
698464
698465
698466
698467
698468
698469
698470
698471
698472
698473
698474
698475
698476
698477
698478
698479
698480
698481
698482
698483
698484
698485
698486
698487
698488
698489
698490
698491
698492
698493
698494
698495
698496
698497
698498
698499
698500
698501
698502
698503
698504
698505
698506
698507
698508
698509
698510
698511
698512
698513
698527
698528
698529
698530
698531
698532
698533
698534
698535
698536
698537
698538
698539
698540
698541
698542
698543
698544
698545
698546
698547
698548
698549
698550
698551
698552
698553
698554
698555
698556
698557
698558
698559
698560
698574
698575
698576
698577
698579
698580
698581
698582
698584
698585
698586
698588
698589
698591
698592
698593
698594
698596
698598
698599
698601
698602
699416
699417
699418
699419
699420
699421
699422
699423
699424
699425
699426
699427
699428
699429
699430
699431
699432
699433
699434
699435
699436
699437
699438
699439
699440
699441
699442
699443
699444
699445
699446
699447
699448
699449
699450
699451
699452
699453
699454
699455
699456
699457
699458
699459
699460
699461
699462
699463
699464
699465
699466
699467
699468
699469
699470
699471
699472
699473
699474
699475
699476
699477
699478
699479
699480
699481
699482
699483
699484
699485
699486
699487
699488
699489
699490
699491
699492
699493
699494
699495
699496
699515
699516
699517
699518
699519
699520
699521
699522
699523
699524
699525
699526
699527
699528
699529
699530
699531
699532
699533
699534
699535
699536
699537
699538
699539
699540
699541
699542
699543
699544
699545
699546
699547
699548
699558
699559
699560
699561
699562
699563
699564
699565
699566
699567
699568
699569
699570
699571
699572
699573
699574
699575
699576
699577
699578
699579
699580
699581
699582
699583
699584
699585
699586
699587
699588
699589
699590
699591
699592
699593
699594
699595
699596
699597
699598
699599
699600
699601
699602
699603
699604
699605
699606
699607
699617
699618
699619
699620
699621
699622
699623
699624
699625
699626
699627
699628
699629
699630
699631
699632
699633
699634
699635
699636
699637
699638
699639
699640
699641
699692
699693
699694
699695
699696
699697
699698
699699
699700
699701
699702
699703
699704
699705
699706
699707
699708
699709
699710
699711
699712
699713
699714
699715
699716
699717
699718
699719
699720
699721
699722
699723
699724
699725
699751
699752
699753
699754
699755
699756
699757
699758
699759
699760
699761
699762
699763
699764
699765
699766
699767
699768
699769
699770
699771
699772
699773
699774
699775
699814
699815
699816
699818
699819
699820
699821
699822
699823
699839
699840
699841
699842
699843
699844
699845
699846
699847
699848
699849
699850
699851
699852
699853
699854
699855
699856
699857
699858
699859
699860
699861
699862
699863
699864
699865
699866
699867
699868
699869
699870
699871
699872
699873
699874
699875
699876
699877
699878
699879
699880
699881
699882
699883
699884
699885
699886
699887
699888
699889
699890
699891
699892
699893
699894
699895
699896
699897
699898
699899
699900
699901
699902
699903
699904
699905
699906
699907
699908
699909
699910
699911
699912
699913
699914
699915
699916
699917
699918
699919
699920
699921
699922
699923
699924
699925
699926
699927
699928
699929
699930
699931
699932
699933
699934
699935
699936
699937
699938
699939
699940
699941
699942
699943
699944
699945
699946
699947
699948
699949
699950
699951
699952
699953
699954
700632
700633
700634
700635
700636
700637
700638
700639
700640
700641
700642
700643
700644
700645
700646
700647
700648
700649
700650
700651
700652
700653
700654
700655
700656
700657
700658
700659
700660
700661
700662
700663
700664
700665
700666
700667
700668
700669
700670
700671
700672
700673
700674
700675
700676
700677
700678
700679
700680
700681
700682
700683
700684
700685
700686
700687
700688
700689
700690
700691
700692
700693
700694
700695
700696
700697
700698
700699
700700
700701
700702
700703
700704
700705
700706
700707
700708
700709
700710
700711
700712
700731
700732
700733
700734
700735
700736
700737
700738
700739
700740
700741
700742
700743
700744
700745
700746
700747
700748
700749
700750
700751
700752
700753
700754
700755
700756
700757
700758
700759
700760
700761
700762
700763
700764
700774
700775
700776
700777
700778
700779
700780
700781
700782
700783
700784
700785
700786
700787
700788
700789
700790
700791
700792
700793
700794
700795
700796
700797
700798
700799
700800
700801
700802
700803
700804
700805
700806
700807
700808
700809
700810
700811
700812
700813
700814
700815
700816
700817
700818
700819
700820
700821
700822
700823
700833
700834
700835
700836
700837
700838
700839
700840
700841
700842
700843
700844
700845
700846
700847
700848
700849
700850
700851
700852
700853
700854
700855
700856
700857
700908
700909
700910
700911
700912
700913
700914
700915
700916
700917
700918
700919
700920
700921
700922
700923
700924
700925
700926
700927
700928
700929
700930
700931
700932
700933
700934
700935
700936
700937
700938
700939
700940
700941
700967
700968
700969
700970
700971
700972
700973
700974
700975
700976
700977
700978
700979
700980
700981
700982
700983
700984
700985
700986
700987
700988
700989
700990
700991
701030
701031
701032
701034
701035
701036
701037
701038
701039
701670
701671
701672
701673
701674
701675
701676
701677
701678
701679
701680
701681
701682
701683
701684
701685
701686
701687
701688
701689
701690
701691
701692
701693
701694
701695
701696
701697
701698
701699
701700
701701
701702
701703
701704
701705
701706
701707
701708
701709
701710
701711
701712
701713
701714
701715
701716
701717
701718
701719
701720
701721
701722
701723
701724
701725
701726
701727
701728
701729
701730
701731
701732
701733
701734
701735
701736
701737
701738
701739
701740
701741
701742
701743
701744
701745
701746
701747
701748
701749
701750
701769
701770
701771
701772
701773
701774
701775
701776
701777
701778
701779
701780
701781
701782
701783
701784
701785
701786
701787
701788
701789
701790
701791
701792
701793
701794
701795
701796
701797
701798
701799
701800
701801
701802
701812
701813
701814
701815
701816
701817
701818
701819
701820
701821
701822
701823
701824
701825
701826
701827
701828
701829
701830
701831
701832
701833
701834
701835
701836
701837
701838
701839
701840
701841
701842
701843
701844
701845
701846
701847
701848
701849
701850
701851
701852
701853
701854
701855
701856
701857
701858
701859
701860
701861
701871
701872
701873
701874
701875
701876
701877
701878
701879
701880
701881
701882
701883
701884
701885
701886
701887
701888
701889
701890
701891
701892
701893
701894
701895
701946
701947
701948
701949
701950
701951
701952
701953
701954
701955
701956
701957
701958
701959
701960
701961
701962
701963
701964
701965
701966
701967
701968
701969
701970
701971
701972
701973
701974
701975
701976
701977
701978
701979
702005
702006
702007
702008
702009
702010
702011
702012
702013
702014
702015
702016
702017
702018
702019
702020
702021
702022
702023
702024
702025
702026
702027
702028
702029
702068
702069
702070
702072
702073
702074
702075
702076
702077
702708
702709
702710
702711
702712
702713
702714
702715
702716
702717
702718
702719
702720
702721
702722
702723
702724
702725
702726
702727
702728
702729
702730
702731
702732
702733
702734
702735
702736
702737
702738
702739
702740
702741
702742
702743
702744
702745
702746
702747
702748
702749
702750
702751
702752
702753
702754
702755
702756
702757
702758
702759
702760
702761
702762
702763
702764
702765
702766
702767
702768
702769
702770
702771
702772
702773
702774
702775
702776
702777
702778
702779
702780
702781
702782
702783
702784
702785
702786
702787
702788
702807
702808
702809
702810
702811
702812
702813
702814
702815
702816
702817
702818
702819
702820
702821
702822
702823
702824
702825
702826
702827
702828
702829
702830
702831
702832
702833
702834
702835
702836
702837
702838
702839
702840
702850
702851
702852
702853
702854
702855
702856
702857
702858
702859
702860
702861
702862
702863
702864
702865
702866
702867
702868
702869
702870
702871
702872
702873
702874
702875
702876
702877
702878
702879
702880
702881
702882
702883
702884
702885
702886
702887
702888
702889
702890
702891
702892
702893
702894
702895
702896
702897
702898
702899
702909
702910
702911
702912
702913
702914
702915
702916
702917
702918
702919
702920
702921
702922
702923
702924
702925
702926
702927
702928
702929
702930
702931
702932
702933
702984
702985
702986
702987
702988
702989
702990
702991
702992
702993
702994
702995
702996
702997
702998
702999
703000
703001
703002
703003
703004
703005
703006
703007
703008
703009
703010
703011
703012
703013
703014
703015
703016
703017
703043
703044
703045
703046
703047
703048
703049
703050
703051
703052
703053
703054
703055
703056
703057
703058
703059
703060
703061
703062
703063
703064
703065
703066
703067
703106
703107
703108
703110
703111
703112
703113
703114
703115
703746
703747
703748
703749
703750
703751
703752
703753
703754
703755
703756
703757
703758
703759
703760
703761
703762
703763
703764
703765
703766
703767
703768
703769
703770
703771
703772
703773
703774
703775
703776
703777
703778
703779
703780
703781
703782
703783
703784
703785
703786
703787
703788
703789
703790
703791
703792
703793
703794
703795
703796
703797
703798
703799
703800
703801
703802
703803
703804
703805
703806
703807
703808
703809
703810
703811
703812
703813
703814
703815
703816
703817
703818
703819
703820
703821
703822
703823
703824
703825
703826
703845
703846
703847
703848
703849
703850
703851
703852
703853
703854
703855
703856
703857
703858
703859
703860
703861
703862
703863
703864
703865
703866
703867
703868
703869
703870
703871
703872
703873
703874
703875
703876
703877
703878
703888
703889
703890
703891
703892
703893
703894
703895
703896
703897
703898
703899
703900
703901
703902
703903
703904
703905
703906
703907
703908
703909
703910
703911
703912
703913
703914
703915
703916
703917
703918
703919
703920
703921
703922
703923
703924
703925
703926
703927
703928
703929
703930
703931
703932
703933
703934
703935
703936
703937
703947
703948
703949
703950
703951
703952
703953
703954
703955
703956
703957
703958
703959
703960
703961
703962
703963
703964
703965
703966
703967
703968
703969
703970
703971
704022
704023
704024
704025
704026
704027
704028
704029
704030
704031
704032
704033
704034
704035
704036
704037
704038
704039
704040
704041
704042
704043
704044
704045
704046
704047
704048
704049
704050
704051
704052
704053
704054
704055
704081
704082
704083
704084
704085
704086
704087
704088
704089
704090
704091
704092
704093
704094
704095
704096
704097
704098
704099
704100
704101
704102
704103
704104
704105
704131
704132
704133
704134
704135
704136
704137
704138
704139
704140
704141
704142
704143
704144
704145
704146
704147
704148
704149
704150
704151
704152
704153
704154
704155
704156
704157
704158
704159
704160
704161
704162
704163
704164
704165
704166
704167
704168
704784
704785
704786
704787
704788
704789
704790
704791
704792
704793
704794
704795
704796
704797
704798
704799
704800
704801
704802
704803
704804
704805
704806
704807
704808
704809
704810
704811
704812
704813
704814
704815
704816
704817
704818
704819
704820
704821
704822
704823
704824
704825
704826
704827
704828
704829
704830
704831
704832
704833
704834
704835
704836
704837
704838
704839
704840
704841
704842
704843
704844
704845
704846
704847
704848
704849
704850
704851
704852
704853
704854
704855
704856
704857
704858
704859
704860
704861
704862
704863
704864
704883
704884
704885
704886
704887
704888
704889
704890
704891
704892
704893
704894
704895
704896
704897
704898
704899
704900
704901
704902
704903
704904
704905
704906
704907
704908
704909
704910
704911
704912
704913
704914
704915
704916
704926
704927
704928
704929
704930
704931
704932
704933
704934
704935
704936
704937
704938
704939
704940
704941
704942
704943
704944
704945
704946
704947
704948
704949
704950
704951
704952
704953
704954
704955
704956
704957
704958
704959
704960
704961
704962
704963
704964
704965
704966
704967
704968
704969
704970
704971
704972
704973
704974
704975
704985
704986
704987
704988
704989
704990
704991
704992
704993
704994
704995
704996
704997
704998
704999
705000
705001
705002
705003
705004
705005
705006
705007
705008
705009
705060
705061
705062
705063
705064
705065
705066
705067
705068
705069
705070
705071
705072
705073
705074
705075
705076
705077
705078
705079
705080
705081
705082
705083
705084
705085
705086
705087
705088
705089
705090
705091
705092
705093
705119
705120
705121
705122
705123
705124
705125
705126
705127
705128
705129
705130
705131
705132
705133
705134
705135
705136
705137
705138
705139
705140
705141
705142
705143
705169
705170
705171
705172
705173
705174
705175
705176
705177
705178
705179
705180
705181
705182
705183
705184
705185
705186
705187
705188
705189
705190
705191
705192
705193
705194
705195
705196
705197
705198
705199
705200
705201
705202
705203
705204
705205
705206
705822
705823
705824
705825
705826
705827
705828
705829
705830
705831
705832
705833
705834
705835
705836
705837
705838
705839
705840
705841
705842
705843
705844
705845
705846
705847
705848
705849
705850
705851
705852
705853
705854
705855
705856
705857
705858
705859
705860
705861
705862
705863
705864
705865
705866
705867
705868
705869
705870
705871
705872
705873
705874
705875
705876
705877
705878
705879
705880
705881
705882
705883
705884
705885
705886
705887
705888
705889
705890
705891
705892
705893
705894
705895
705896
705897
705898
705899
705900
705901
705902
705921
705922
705923
705924
705925
705926
705927
705928
705929
705930
705931
705932
705933
705934
705935
705936
705937
705938
705939
705940
705941
705942
705943
705944
705945
705946
705947
705948
705949
705950
705951
705952
705953
705954
705964
705965
705966
705967
705968
705969
705970
705971
705972
705973
705974
705975
705976
705977
705978
705979
705980
705981
705982
705983
705984
705985
705986
705987
705988
705989
705990
705991
705992
705993
705994
705995
705996
705997
705998
705999
706000
706001
706002
706003
706004
706005
706006
706007
706008
706009
706010
706011
706012
706013
706023
706024
706025
706026
706027
706028
706029
706030
706031
706032
706033
706034
706035
706036
706037
706038
706039
706040
706041
706042
706043
706044
706045
706046
706047
706098
706099
706100
706101
706102
706103
706104
706105
706106
706107
706108
706109
706110
706111
706112
706113
706114
706115
706116
706117
706118
706119
706120
706121
706122
706123
706124
706125
706126
706127
706128
706129
706130
706131
706157
706158
706159
706161
706162
706163
706164
706165
706166
706207
706208
706209
706210
706211
706212
706213
706214
706215
706216
706217
706218
706219
706220
706221
706222
706223
706224
706225
706226
706227
706228
706229
706230
706231
706232
706233
706234
706235
706236
706237
706238
706239
706240
706241
706242
706243
706244
706860
706861
706862
706864
706865
706866
706867
706868
706869
706870
706872
706874
706891
706892
706893
706895
706896
706897
706898
706899
706900
706916
706917
706918
706919
706920
706921
706922
706923
706924
706925
706926
706927
706928
706929
706930
706931
706932
706933
706934
706935
706936
706937
706938
706939
706940
706959
706960
706961
706963
706964
706965
706966
706967
706968
707002
707003
707004
707005
707006
707007
707008
707009
707010
707011
707012
707013
707014
707015
707016
707017
707018
707019
707020
707021
707023
707024
707027
707028
707029
707030
707031
707032
707033
707034
707035
707036
707037
707038
707039
707040
707041
707042
707043
707044
707045
707046
707048
707049
707061
707062
707063
707065
707066
707067
707068
707069
707070
707136
707137
707138
707140
707141
707142
707143
707144
707145
707245
707246
707247
707249
707250
707251
707252
707253
707254
707954
707955
707956
707958
707959
707960
707961
707962
707963
733684
733685
733686
733687
733688
733689
733690
733691
733692
734191
734192
734193
734194
734195
734196
734197
734198
734199
734200
734201
734202
734203
734204
734205
734206
734207
734208
734209
734210
734211
734212
734213
734214
734215
734216
734217
734218
734219
734220
734221
734222
734223
734224
734225
734226
734227
734228
734229
734230
734231
734232
734233
734234
734235
734236
734237
734238
734239
734240
734241
734242
734243
734244
734245
734246
734247
734248
734249
734250
734251
734252
734253
734254
734255
734256
734257
734258
734259
734260
734261
734262
734263
734264
734265
734266
734504
734505
734506
734507
734508
734509
734510
734511
734512
734513
734514
734515
734516
734517
734518
734519
734520
734521
734522
734523
734524
734525
734526
734527
734528
734529
734530
734531
734532
734533
734534
734535
734536
734537
734538
734539
734540
734541
734542
734543
734544
734545
734546
734547
734548
734549
734550
734551
734552
734553
734554
734555
734556
734557
734558
734559
734560
734561
734562
734563
734564
734565
734566
734567
734568
734569
734570
734571
734572
734573
734574
734575
734576
734577
734578
734579
734580
734581
734582
734583
734584
734585
734586
734587
734588
734589
734590
734591
734592
734593
734594
734595
734596
734597
734598
734599
734600
734601
734602
734603
734604
734605
734606
734607
734608
734609
734610
734611
734612
734613
734614
734615
734616
734617
734618
734619
734620
734621
734622
734623
734624
734625
734626
734627
734628
734629
734630
734631
734632
734633
734845
734846
734847
734848
734849
734850
734851
734852
734853
734854
734855
734856
734857
734858
734859
734860
734861
734862
734863
734864
734865
734866
734867
734868
734869
734870
734871
734872
734873
734874
734875
734876
734877
734878
734879
734880
734881
734882
734883
734884
734885
734886
734887
734888
734889
734890
734891
734892
734893
734894
734895
734896
734897
734898
734899
734900
734901
734902
734903
734904
734905
734906
734907
734908
734909
734910
734911
734912
734913
734914
734915
734916
734917
734918
734919
734920
734921
734922
734923
734924
734925
734926
734927
734928
734929
734930
734931
734932
734933
734934
734935
734936
734937
734938
734939
734940
734941
734942
734943
734944
734945
734946
734947
735169
735170
735171
735172
735173
735174
735175
735176
735177
735178
735179
735180
735181
735182
735183
735184
735185
735186
735187
735188
735189
735190
735191
735192
735193
735194
735195
735196
735197
735198
735199
735200
735201
735202
735203
735204
735205
735206
735207
735208
735209
735210
735211
735212
735213
735214
735215
735216
735217
735218
735219
735220
735221
735222
735223
735224
735225
735226
735227
735228
735229
735230
735231
735232
735233
735234
735235
735236
735237
735238
735239
735240
735241
735242
735243
735244
735245
735246
735247
735248
735249
735250
735251
735252
735253
735254
735255
735256
735257
735258
735259
735260
735261
735262
735263
735264
735265
735266
735267
735268
735269
735270
735271
735493
735494
735495
735496
735497
735498
735499
735500
735501
735502
735503
735504
735505
735506
735507
735508
735509
735510
735511
735512
735513
735514
735515
735516
735517
735518
735519
735520
735521
735522
735523
735524
735525
735526
735527
735528
735529
735530
735531
735532
735533
735534
735535
735536
735537
735538
735539
735540
735541
735542
735543
735544
735545
735546
735547
735548
735549
735550
735551
735552
735553
735554
735555
735556
735557
735558
735559
735560
735561
735562
735563
735564
735565
735566
735567
735568
735569
735570
735571
735572
735573
735574
735575
735576
735577
735578
735579
735580
735581
735582
735583
735584
735585
735586
735587
735588
735589
735590
735591
735592
735593
735594
735595
740921
740922
740923
740924
740925
740926
740927
740928
740929
740930
740931
740932
740933
740934
740935
740936
740937
740938
740939
740940
740941
740942
740943
740944
740945
740946
740947
740948
740949
740950
740951
740952
740953
740954
740955
740956
740957
740958
740959
740960
740961
740962
740963
740964
740965
740966
740967
740968
740969
740970
740971
740972
740973
740974
740975
740976
740977
740978
740979
740980
740981
740982
740983
740984
740985
740986
740987
740988
740989
740990
740991
740992
740993
740994
740995
740996
740997
740998
740999
741000
741001
741002
741003
741004
741005
741006
741007
741008
741009
741010
741011
741012
741013
741014
741015
741016
741017
741018
741019
741020
741021
741022
741023
741024
741025
741026
741027
741028
741029
741030
741031
741032
741033
741034
741035
741036
741037
741038
741039
741040
741041
741042
741043
741044
741045
741046
741047
741048
741049
741050
741051
741052
741053
741054
741055
741056
741057
741058
741059
741060
741061
741062
741063
741064
741065
741066
741067
741068
741069
741070
741071
741072
741073
741074
741075
741076
741077
741078
741079
741080
741081
741082
741083
741084
741085
741086
741087
741088
741089
741090
741091
741092
741093
741094
741095
741096
741097
741098
741099
741100
741101
741102
741115
741116
741117
741118
741119
741120
741121
741122
741123
741124
741125
741126
741127
741128
741129
741130
741131
741132
741133
741134
741135
741136
741137
741138
741139
741140
741141
741142
741143
741144
741145
741146
741147
741148
741149
741150
741151
741152
741153
741154
741155
741156
741157
741158
741159
741160
741161
741162
741163
741164
741165
741166
741167
741168
741169
741170
741171
741172
741173
741174
741175
741176
741177
741178
741179
741180
741181
741182
741183
741184
741185
741186
741187
741188
741189
741190
741191
741192
741193
741369
741370
741371
741372
741373
741374
741375
741376
741377
741378
741379
741380
741381
741382
741383
741384
741385
741386
741387
741388
741389
741390
741391
741392
741393
741394
741395
741396
741397
741398
741399
741400
741401
741402
741403
741404
741405
741406
741407
741408
741409
741410
741411
741412
741413
741414
741415
741416
741417
741418
741419
741420
741421
741422
741423
741424
741425
741426
741427
741428
741429
741430
741431
741432
741433
741434
741435
741436
741437
741438
741439
741440
741441
741442
741443
741444
741445
741446
741447
741448
741449
741450
741451
741452
741453
741454
741455
741456
741457
741458
741459
741460
741461
741462
741463
741464
741465
741466
741467
741468
741469
741470
741471
741472
741473
741474
741475
741476
741477
741478
741479
741480
741481
741482
741483
741484
741485
741486
741487
741488
741489
741490
741491
741492
741493
741494
741495
741496
741497
741498
741499
741500
741501
741502
741503
741504
741505
741506
741507
741508
741509
741510
741511
741512
741513
741514
741515
741516
741517
741518
741519
741520
741521
741522
741523
741524
741525
741526
741527
741528
741529
741530
741531
741532
741545
741546
741547
741548
741549
741550
741551
741552
741553
741554
741555
741556
741557
741558
741559
741560
741561
741562
741563
741564
741565
741566
741567
741568
741569
741570
741571
741572
741573
741574
741575
741576
741577
741578
741579
741580
741581
741582
741583
741584
741585
741586
741587
741588
741589
741590
741591
741592
741593
741594
741595
741596
741597
741598
741599
741600
741601
741602
741603
741604
741605
741606
741607
741608
741609
741610
741611
741612
741613
741614
741615
741616
741617
741618
741619
741620
741621
741622
741623
741725
741726
741727
741728
741729
741730
741731
741732
741733
741734
741735
741736
741737
741738
741739
741740
741741
741742
741743
741744
741745
741746
741747
741748
741749
741750
741751
741752
741753
741754
741755
741756
741757
741758
741759
741760
741761
741762
741763
741764
741765
741766
741767
741768
741769
741770
741771
741772
741773
741774
741775
741776
741777
741778
741779
741780
741781
741782
741783
741784
741785
741786
741787
741788
741789
741790
741791
741792
741793
741794
741795
741796
741797
741798
741799
741800
741801
741802
741803
741804
741805
741806
741807
741808
741809
741810
741811
741812
741813
741814
741815
741816
741817
741818
741819
741820
741821
741822
741823
741824
741825
741826
741827
741828
741829
741830
741831
741832
741833
741834
741835
741836
741837
741838
741839
741840
741841
741842
741843
741844
741845
741846
741847
741848
741849
741850
741851
741852
741853
741854
741855
741856
741857
741858
741859
741860
741861
741862
741863
741864
741865
741866
741867
741868
741869
741870
741871
741872
741873
741874
741875
741876
741877
741878
741879
741880
741881
741882
741883
741884
741885
741886
741887
741888
741901
741902
741903
741904
741905
741906
741907
741908
741909
741910
741911
741912
741913
741914
741915
741916
741917
741918
741919
741920
741921
741922
741923
741924
741925
741926
741927
741928
741929
741930
741931
741932
741933
741934
741935
741936
741937
741938
741939
741940
741941
741942
741943
741944
741945
741946
741947
741948
741949
741950
741951
741952
741953
741954
741955
741956
741957
741958
741959
741960
741961
741962
741963
741964
741965
741966
741967
741968
741969
741970
741971
741972
741973
741974
741975
741976
741977
741978
741979
742081
742082
742083
742084
742085
742086
742087
742088
742089
742090
742091
742092
742093
742094
742095
742096
742097
742098
742099
742100
742101
742102
742103
742104
742105
742106
742107
742108
742109
742110
742111
742112
742113
742114
742115
742116
742117
742118
742119
742120
742121
742122
742123
742124
742125
742126
742127
742128
742129
742130
742131
742132
742133
742134
742135
742136
742137
742138
742139
742140
742141
742142
742143
742144
742145
742146
742147
742148
742149
742150
742151
742152
742153
742154
742155
742156
742157
742158
742159
742160
742161
742162
742163
742164
742165
742166
742167
742168
742169
742170
742171
742172
742173
742174
742175
742176
742177
742178
742179
742180
742181
742182
742183
742184
742185
742186
742187
742188
742189
742190
742191
742192
742193
742194
742195
742196
742197
742198
742199
742200
742201
742202
742203
742204
742205
742206
742207
742208
742209
742210
742211
742212
742213
742214
742215
742216
742217
742218
742219
742220
742221
742222
742223
742224
742225
742226
742227
742228
742229
742230
742231
742232
742233
742234
742235
742236
742237
742238
742239
742240
742241
742254
742255
742256
742257
742258
742259
742260
742261
742262
742263
742264
742265
742266
742267
742268
742269
742270
742271
742272
742273
742274
742275
742276
742277
742278
742279
742280
742281
742282
742283
742284
742285
742286
742287
742288
742289
742290
742291
742292
742293
742294
742295
742296
742297
742298
742299
742300
742301
742302
742303
742304
742305
742306
742307
742308
742309
742310
742311
742312
742313
742314
742315
742316
742317
742318
742319
742320
742321
742322
742323
742324
742325
742326
742327
742328
742329
742431
742432
742433
742434
742435
742436
742437
742438
742439
742440
742441
742442
742443
742444
742445
742446
742447
742448
742449
742450
742451
742452
742453
742454
742455
742456
742457
742458
742459
742460
742461
742462
742463
742464
742465
742466
742467
742468
742469
742470
742471
742472
742473
742474
742475
742476
742477
742478
742479
742480
742481
742482
742483
742484
742485
742486
742487
742488
742489
742490
742491
742492
742493
742494
742495
742496
742497
742498
742499
742500
742501
742502
743003
743004
743005
743006
743007
743008
743009
743010
743011
743012
743013
743014
743015
743016
743017
743018
743019
743020
743021
743022
743023
743024
743025
743026
743027
743028
743029
743030
743031
743032
743033
743034
743035
743036
743037
743038
743039
743040
743041
743042
743043
743044
743045
743046
743047
743048
743049
743050
743051
743052
743053
743054
743055
743056
743057
743058
743059
743060
743061
743062
743063
743064
743065
743066
743067
743068
743069
743070
743071
743072
743073
743074
743075
743076
743077
743078
743079
743080
743081
743082
743083
743084
743085
743086
743087
743088
743089
743090
743091
743092
743093
743094
743095
743096
743097
743098
743099
743100
743101
743102
743103
743104
743105
743106
743107
743108
743109
743110
743111
743112
743113
743262
743263
743264
743265
743266
743267
743268
743269
743270
743271
743272
743273
743274
743275
743276
743277
743278
743279
743280
743281
743282
743283
743284
743285
743286
743287
743288
743289
743290
743291
743292
743293
743294
743295
743296
743297
743298
743299
743300
743301
743302
743303
743304
743305
743306
743307
743308
743309
743310
743311
743312
743313
743314
743315
743316
743317
743318
743319
743320
743321
743322
743323
743324
743325
743326
743327
743328
743329
743330
743331
743332
743333
743334
743335
743336
743337
743338
743339
743340
743341
743342
743343
743344
743345
743346
743347
743348
743349
743350
743351
743352
743353
743354
743355
743356
743357
743358
743359
743360
743361
743362
743363
743364
743365
743366
743367
743368
743369
743370
743371
743372
743521
743522
743523
743524
743525
743526
743527
743528
743529
743530
743531
743532
743533
743534
743535
743536
743537
743538
743539
743540
743541
743542
743543
743544
743545
743546
743547
743548
743549
743550
743551
743552
743553
743554
743555
743556
743557
743558
743559
743560
743561
743562
743563
743564
743565
743566
743567
743568
743569
743570
743571
743572
743573
743574
743575
743576
743577
743578
743579
743580
743581
743582
743583
743584
743585
743586
743587
743588
743589
743590
743591
743592
743593
743594
743595
743596
743597
743598
743599
743600
743601
743602
743603
743604
743605
743606
743607
743608
743609
743610
743611
743612
743613
743614
743615
743616
743617
743618
743619
743620
743621
743622
743623
743624
743625
743626
743627
743628
743629
743630
743631
743780
743781
743782
743783
743784
743785
743786
743787
743788
743789
743790
743791
743792
743793
743794
743795
743796
743797
743798
743799
743800
743801
743802
743803
743804
743805
743806
743807
743808
743809
743810
743811
743812
743813
743814
743815
743816
743817
743818
743819
743820
743821
743822
743823
743824
743825
743826
743827
743828
743829
743830
743831
743832
743833
743834
743835
743836
743837
743838
743839
743840
743841
743842
743843
743844
743845
743846
743847
743848
743849
743850
743851
743852
743853
743854
743855
743856
743857
743858
743859
743860
743861
743862
743863
743864
743865
743866
743867
743868
743869
744023
744024
744025
744026
744027
744028
744029
744030
744031
744032
744033
744034
744035
744036
744039
744040
744041
744043
744044
744045
744048
744049
744050
744051
744052
744053
744054
744055
744056
744057
744058
744059
744060
744061
744062
744063
744064
744065
744066
744067
744068
744069
744070
744071
744072
744073
744074
744075
744076
744077
744078
744079
744080
744081
744082
744083
744084
744085
744086
744087
744088
744089
744090
744091
744245
744246
744247
744248
744249
744250
744251
744252
744253
744254
744255
744256
744257
744258
744261
744262
744264
744265
744268
744413
744414
744415
744416
744417
744418
744419
744420
744421
744422
744423
744424
744425
744426
744427
744428
744429
744430
744431
744432
744433
744434
744435
744436
744581
744582
744583
744584
744585
744586
744587
744588
744589
744590
744591
744592
744593
744594
744595
744596
744597
744598
744599
744600
744601
744602
744603
744604
744749
744750
744751
744752
744753
744754
744755
744756
744758
744761
744762
744763
744764
744765
744766
744767
744768
744770
750435
750436
750437
750438
750439
750440
750441
750442
750443
750444
750445
750446
750447
750448
750449
750450
750451
750452
750453
750454
750455
750456
750457
750458
750459
750460
750461
750462
750463
750464
750465
750466
750467
750468
750469
750470
750471
750472
750473
750474
750475
750476
750477
750478
750479
750480
750481
750482
750483
750484
750485
750486
750487
750488
750489
750490
750491
750492
750493
750494
750495
750496
750497
750498
750499
750500
750501
750502
750503
750504
750505
750506
750507
750508
750509
750510
750511
750512
750513
750514
750515
750516
750517
750518
750519
750520
750521
750522
750523
750524
750525
750526
750527
750528
750529
750530
750531
750532
750533
750534
750535
750536
750537
750538
750539
750540
750541
750542
750543
750544
750545
750546
750547
750548
750549
750550
750551
750552
750553
750554
750555
750556
750557
750558
750559
750560
750561
750562
750563
750564
750565
750566
750567
750568
750569
750570
750571
750572
750573
750574
750575
750576
750577
750578
750579
750580
750581
750582
750583
750584
750585
750586
750587
750588
750589
750590
750591
750592
750593
750594
750595
750596
750597
750598
750599
750600
750601
750602
750603
750604
750605
750606
750607
750608
750609
750610
750611
750612
750613
750614
750615
750616
750617
750618
750619
750620
750621
750622
750623
750624
750625
750626
750627
750628
750629
750630
750631
750632
750633
750634
750635
750636
750637
750638
750639
750640
750641
750642
750643
750644
750645
750646
750647
750648
750649
750650
750651
750652
750653
750654
750655
750656
750657
750658
750659
750660
750661
750662
750663
750664
750665
750666
750667
750668
750669
750670
750671
750672
750673
750674
750675
750676
750677
750678
750679
750680
750681
750682
750683
750684
750685
750686
750687
750688
750689
750690
750691
750692
750693
750694
750695
750696
750697
750698
750699
750700
750701
750702
750703
750704
750705
750706
750707
750708
750709
750710
750711
750712
750713
750714
750715
750716
750717
750718
750719
750720
750757
750758
750759
750760
750761
750762
750763
750764
750765
750766
750767
750768
750769
750770
750771
750772
750773
750774
750775
750776
750777
750778
750779
750780
750781
750782
750783
750784
750785
750786
750787
750788
750789
750790
750791
750792
750793
750794
750795
750796
750797
750798
750799
750800
750801
750802
750803
750804
750805
750806
750807
750808
750809
750810
750811
750812
750813
750814
750815
750816
750817
750818
750819
750820
750821
750822
750823
750824
750825
750826
750827
750828
750829
750830
750831
750832
750833
750834
750835
750836
750837
750838
750839
750840
750841
750842
750843
750844
750845
750846
750847
750848
750849
750850
750851
750852
750853
750854
750855
750856
750857
750858
750859
750860
750861
750862
750863
750864
750865
750866
750867
750868
750869
750870
750871
750872
750873
750874
750875
750876
750877
750878
750879
750880
750881
750882
750883
750884
750885
750886
750887
750888
750889
750890
750891
750892
750893
750894
750895
750896
750897
750898
750899
750900
750901
750902
750903
750904
750905
750906
750907
750908
750909
750910
750911
750912
750913
750914
750915
750916
750917
750918
750919
750920
750921
750922
750923
750924
750925
750926
750927
750928
750929
750930
750931
750932
750933
750934
750935
750936
750937
750938
750939
750940
750941
750942
750943
750944
750945
750946
750947
750948
750949
750950
750951
750952
750953
750954
750955
750956
750957
750958
750959
750960
750961
750962
750963
750964
750965
750966
750967
750968
750969
750970
750971
750972
750973
750974
750975
750976
750977
750978
750979
750980
750981
750982
750983
750984
750985
750986
750987
750988
750989
750990
750991
750992
750993
750994
750995
750996
750997
750998
750999
751000
751001
751002
751003
751004
751005
751006
751007
751008
751009
751010
751011
751012
751013
751014
751015
751016
751017
751018
751019
751020
751021
751022
751023
751024
751025
751026
751027
751028
751029
751030
751031
751032
751033
751034
751035
751036
751037
751038
751039
751040
751041
751042
751043
751044
751045
751046
751047
751048
751049
751050
751051
751052
751053
751054
751055
751056
751057
751058
751059
751060
751061
751062
751063
751064
751065
751066
751067
751068
751069
751070
751071
751072
751073
751074
751075
751076
751077
751078
751079
751080
751081
751082
751083
751084
751085
751086
751087
751088
751089
751090
751091
751092
751093
751094
751095
751096
751097
751098
751099
751100
751101
751102
751103
751104
751105
751106
751107
751108
751109
751110
751111
751112
751113
751114
751115
751116
751117
751118
751119
751120
751121
751122
751123
751124
751125
751126
751127
751128
751129
751130
751131
751132
751133
751134
751135
751136
751137
751138
751139
751140
751141
751142
751143
751144
751145
751146
751147
751148
751149
751150
751151
751152
751153
751154
751155
751156
751157
751158
751159
751160
751161
751162
751163
751216
751217
751218
751219
751220
751221
751222
751223
751224
751225
751226
751227
751228
751229
751230
751231
751232
751233
751234
751235
751236
751237
751238
751239
751240
751241
751242
751243
751244
751245
751246
751247
751248
751249
751250
751251
751252
751253
751254
751255
751256
751257
751258
751259
751260
751261
751262
751263
751264
751265
751266
751267
751268
751269
751270
751271
751272
751273
751274
751275
751276
751277
751278
751279
751280
751281
751282
751283
751284
751285
751286
751287
751288
751289
751290
751291
751292
751293
751294
751295
751296
751297
751298
751299
751300
751301
751302
751303
751304
751305
751306
751307
751308
751309
751310
751311
751312
751313
751314
751315
751316
751317
751318
751319
751320
751321
751322
751323
751324
751325
751326
751327
751328
751329
751330
751331
751332
751333
751334
751335
751336
751337
751338
751339
751340
751341
751342
751343
751344
751345
751346
751347
751348
751349
751350
751351
751352
751353
751354
751355
751356
751357
751358
751359
751360
751361
751362
751363
751364
751365
751366
751367
751368
751369
751370
751371
751372
751373
751374
751375
751376
751377
751378
751379
751380
751381
751382
751383
751384
751385
751386
751387
751388
751389
751390
751391
751392
751393
751394
751395
751396
751397
751398
751399
751400
751401
751402
751403
751404
751405
751406
751407
751408
751409
751410
751411
751412
751413
751414
751415
751416
751417
751418
751419
751420
751421
751422
751423
751424
751425
751426
751427
751428
751429
751430
751431
751432
751433
751434
751435
751436
751437
751438
751439
751440
751441
751442
751443
751444
751445
751446
751447
751448
751449
751450
751451
751452
751453
751454
751455
751456
751457
751458
751459
751460
751461
751462
751463
751464
751465
751466
751467
751468
751469
751470
751471
751472
751473
751474
751475
751476
751477
751478
751479
751480
751481
751482
751483
751484
751485
751486
751487
751488
751489
751490
751491
751492
751493
751494
751495
751496
751497
751498
751499
751500
751501
751502
751503
751504
751505
751506
751507
751508
751509
751510
751511
751512
751513
751514
751515
751516
751517
751518
751519
751520
751521
751522
751523
751524
751525
751526
751527
751528
751529
751530
751531
751532
751533
751534
751535
751536
751537
751538
751539
751540
751541
751542
751543
751544
751545
751546
751547
751548
751549
751550
751551
751552
751553
751554
751555
751556
751557
751558
751559
751560
751561
751562
751563
751564
751565
751566
751567
751568
751569
751570
751571
751572
751573
751574
751575
751576
751577
751578
751579
751580
751581
751582
751583
751584
751585
751586
751587
751588
751589
751590
751591
751592
751593
751594
751595
751596
751597
751598
751599
751600
751601
751602
751603
751604
751605
751606
751607
751608
751609
751610
751611
751612
751613
751614
751615
751616
751617
751618
751619
751620
751621
751622
751623
751624
751625
751626
751627
751628
751629
751630
751631
751632
751633
751634
751635
751636
751637
751638
751639
751640
751641
751642
751643
751644
751645
751646
751647
751648
751649
751650
751651
751652
751653
751654
751655
751656
751657
751658
751659
751660
751661
751662
751663
751664
751665
751666
751667
751668
751669
751670
751671
751672
751673
751674
751675
751676
751677
751678
751679
751680
751681
751682
751683
751684
751685
751686
751687
751688
751689
751690
751691
751692
751693
751694
751695
751696
751697
751698
751699
751700
751701
751702
751703
751704
751705
751706
751707
751708
751709
751710
751711
751712
751713
751714
751715
751716
751717
751718
751719
751720
751721
751722
751723
751724
751725
751726
751727
751728
751729
751730
751731
751732
751733
751734
751735
751736
751737
751738
751739
751740
751741
751742
751743
751744
751745
751746
751747
751748
751749
751750
751781
751782
751783
751784
751785
751786
751787
751788
751789
751790
751791
751792
751793
751794
751795
751796
751797
751798
751799
751800
751801
751802
751803
751804
751805
751806
751807
751808
751809
751810
751811
751812
751813
751814
751815
751816
751817
751818
751819
751820
751821
751822
751823
751824
751825
751826
751827
751828
751829
751830
751831
751832
751833
751834
751835
751836
751837
751838
751839
751840
751841
751842
751843
751844
751845
751846
751847
751848
751849
751850
751851
751852
751853
751854
751855
751856
751857
751858
751859
751860
751861
751862
751863
751864
751865
751866
751867
751868
751869
751870
751871
751872
751873
751874
751875
751876
751877
751878
751879
751880
751881
751882
751883
751884
751885
751886
751887
751888
751889
751890
751891
751892
751893
751894
751895
751896
751897
751898
751899
751900
751901
751902
751903
751904
751905
751906
751907
751908
751909
751910
751911
751912
751913
751914
751915
751916
751917
751918
751919
751920
751921
751922
751923
751924
751925
751926
751927
751928
751929
751930
752217
752218
752219
752220
752221
752222
752223
752224
752225
752226
752227
752228
752229
752230
752231
752232
752233
752234
752235
752236
752237
752238
752239
752240
752241
752242
752243
752244
752245
752246
752247
752248
752249
752250
752251
752252
752253
752254
752255
752256
752257
752258
752259
752260
752261
752262
752263
752264
752265
752266
752267
752268
752269
752270
752271
752272
752273
752274
752275
752276
752277
752278
752279
752280
752281
752282
752283
752284
752285
752286
752287
752288
752289
752290
752291
752292
752293
752294
752295
752296
752297
752298
752299
752300
752301
752302
752303
752304
752305
752306
752307
752308
752309
752310
752311
752312
752313
752314
752315
752316
752317
752318
752319
752320
752321
752322
752323
752324
752325
752326
752327
752328
752329
752330
752331
752332
752333
752334
752335
752336
752337
752338
752339
752340
752341
752342
752343
752344
752345
752346
752347
752348
752349
752350
752351
752352
752353
752354
752355
752356
752357
752358
752359
752360
752361
752362
752363
752364
752365
752366
752367
752368
752369
752370
752371
752372
752373
752374
752375
752376
752377
752378
752379
752380
752381
752382
752383
752384
752385
752386
752387
752388
752389
752390
752391
752392
752393
752394
752395
752396
752397
752398
752399
752400
752401
752402
752403
752404
752405
752406
752407
752408
752409
752410
752411
752412
752413
752414
752415
752416
752417
752418
752419
752420
752421
752422
752423
752424
752425
752426
752427
752428
752429
752430
752431
752432
752433
752434
752435
752436
752437
752438
752439
752440
752441
752442
752443
752444
752445
752446
752447
752448
752449
752450
752451
752452
752453
752454
752455
752456
752457
752458
752459
752460
752461
752462
752463
752464
752465
752466
752467
752468
752469
752470
752471
752472
752473
752474
752475
752476
752477
752478
752479
752480
752481
752482
752494
752495
752496
752497
752498
752499
752500
752501
752502
752503
752504
752505
752506
752507
752508
752509
752510
752549
752550
752551
752552
752553
752554
752555
752556
752557
752558
752559
752560
752561
752562
752563
752564
752565
752566
752582
752583
752584
752585
752586
752587
752588
752604
752605
752606
752607
752608
752609
752610
754356
754357
754358
754359
754360
754361
754362
754363
754364
754365
754366
754367
754368
754369
754370
754371
754372
754373
754374
754375
754376
754377
754378
754379
754380
754381
754382
754383
754384
754385
754386
754387
754388
754389
754390
754391
754392
754393
754394
754395
754396
754397
754398
754399
754400
754401
754402
754403
754404
754405
754406
754407
754408
754409
754410
754411
754412
754413
754414
754415
754416
754417
754418
754419
754420
754421
754422
754423
754424
754425
754426
754427
754428
754429
754430
754431
754432
754433
754434
754435
754436
754437
754438
754439
754440
754441
754442
754443
754444
754445
754446
754447
754448
754449
754450
754451
754452
754453
754454
754455
754456
754457
754458
754459
754460
754461
754462
754463
754464
754465
754466
754467
754468
754469
754470
754471
754472
754473
754474
754475
754476
754477
754478
754479
754480
754481
754482
754483
754484
754485
754486
754487
754488
754489
754490
754491
754492
754493
754494
754495
754496
754497
754498
754499
754500
754501
754502
754503
754504
754505
754506
754507
754508
754509
754510
754511
754512
754513
754514
754515
754516
754517
754518
754519
754520
754521
754522
754523
754524
754525
754526
754527
754528
754529
754530
754531
754532
754533
754534
754535
754536
754537
754538
754539
754540
754541
754542
754543
754544
754545
754546
754547
754548
754549
754550
754551
754552
754553
754554
754555
754556
754557
754558
754559
754560
754561
754562
754563
754564
754565
754566
754567
754568
754569
754570
754571
754572
754573
754574
754575
754576
754577
754578
754579
754580
754581
754582
754583
754584
754585
754586
754587
754588
754589
754590
754591
754592
754593
754594
754595
754596
754597
754598
754599
754600
754601
754602
754603
754604
754605
754606
754607
754608
754609
754610
754611
754612
754613
754614
754615
754616
754617
754618
754619
754620
754621
754622
754623
754624
754625
754626
754627
754628
754629
754630
754631
754632
754633
754634
754635
754636
754637
754638
754639
754640
754641
754642
754643
754644
754645
754646
754647
754648
754649
754650
754651
754652
754653
754654
754655
754656
754657
754658
754659
754660
754661
754662
754663
754664
754665
754666
754667
754668
754669
754670
754671
754672
754673
754674
754675
754676
754677
754678
754679
754680
754681
754682
754683
754684
754685
754686
754687
754688
754689
754690
754691
754692
754693
754694
754695
754696
754697
754698
754699
754700
754701
754702
754703
754704
754705
754706
754707
754708
754709
754710
754711
754712
754713
754714
754715
754716
754717
754718
754719
754720
754721
754722
754723
754724
754725
754726
754727
754728
754729
754730
754731
754732
754733
754734
754735
754736
754737
754738
754739
754740
754741
754742
754743
754744
754745
754746
754747
754748
754749
754750
754751
754752
754753
754754
754755
754756
754757
754758
754759
754760
754761
754762
754763
754764
754765
754766
754767
754768
754769
754770
754771
754772
754773
754774
754775
754776
754777
754778
754779
754780
754781
754782
754783
754784
754785
754786
754787
754788
754789
754790
754791
754792
754793
754794
754795
754796
754797
754798
754799
754800
754801
754802
754803
754804
754805
754806
754807
754808
754809
754810
754811
754812
754813
754814
754815
754816
754817
754818
754819
754820
754821
754822
754823
754824
754825
754826
754827
754828
754829
754830
754831
754832
754833
754834
754835
754836
754837
754838
754839
754840
754841
754842
754843
754844
754845
754846
754847
754848
754849
754850
754851
754852
754853
754854
754855
754856
754857
754858
754859
754860
754861
754862
754863
754864
754865
754866
754867
754868
754869
754870
754871
754872
754873
754874
754875
754876
754877
754878
754879
754880
754881
754882
754883
754884
754885
754886
754887
754888
754889
754890
754891
754892
754893
754894
754895
754896
754897
754898
754899
754900
754901
754902
754903
754904
754905
754906
754907
754908
754909
754910
754911
754912
754913
754914
754915
754916
754917
754918
754919
754920
754921
754922
754923
754924
754925
754926
754927
754928
754929
754930
754931
754932
754933
754934
754935
754936
754937
754938
754939
754940
754941
754942
754943
754944
754945
754946
754947
754948
754949
754950
754951
754952
754953
754954
754955
754956
754957
754958
754959
754960
754961
754962
754963
754964
754965
754966
754967
754968
754969
754970
754971
754972
754973
754974
754975
754976
754977
754978
754979
754980
754981
754982
754983
754984
754985
754986
754987
754988
754989
754990
754991
754992
754993
754994
754995
754996
754997
754998
754999
755000
755001
755002
755003
755004
755005
755006
755007
755008
755009
755010
755011
755012
755013
755014
755015
755016
755017
755018
755019
755020
755021
755022
755023
755024
755025
755026
755027
755028
755029
755030
755031
755032
755033
755034
755035
755036
755037
755038
755039
755040
755041
755042
755043
755044
755045
755046
755047
755048
755049
755050
755051
755052
755053
755054
755055
755056
755057
755058
755059
755060
755061
755062
755063
755064
755065
755066
755067
755068
755069
755070
755071
755072
755073
755074
755075
755076
755077
755078
755079
755080
755081
755082
755083
755084
755085
755086
755087
755088
755089
755090
755091
755092
755093
755094
755095
755096
755097
755098
755099
755100
755101
755102
755103
755104
755105
755106
755107
755108
755109
755110
755111
755112
755113
755114
755115
755116
755117
755118
755119
755120
755121
755122
755123
755124
755125
755126
755127
755128
755129
755130
755131
755132
755133
755134
755135
755136
755137
755138
755139
755140
755141
755142
755143
755144
755145
755146
755147
755148
755149
755150
755151
755152
755153
755154
755155
755156
755157
755158
755159
755160
755161
755162
755163
755164
755165
755166
755167
755168
755169
755170
755171
755172
755173
755174
755175
755176
755177
755178
755179
755180
755181
755182
755183
755184
755185
755186
755187
755188
755189
755190
755191
755192
755193
755194
755195
755196
755197
755198
755199
755200
755201
755202
755203
755204
755205
755206
755207
755208
755209
755210
755211
755212
755213
755214
755215
755216
755217
755218
755219
755220
755221
755222
755223
755224
755225
755226
755227
755228
755229
755230
755231
755232
755233
755234
755235
755236
755237
755238
755239
755240
755241
755242
755243
755244
755245
755246
755247
755248
755249
755250
755251
755252
755253
755254
755255
755256
755257
755258
755259
755260
755261
755262
755263
755264
755265
755266
755267
755268
755269
755270
755271
755272
755273
755274
755275
755276
755277
755278
755279
755280
755281
755282
755283
755284
755285
755286
755287
755288
755289
755290
755291
755292
755293
755294
755295
755296
755297
755298
755299
755300
755301
755302
755303
755304
755305
755306
755307
755308
755309
755310
755311
755312
755313
755314
755315
755316
755317
755318
755319
755320
755321
755322
755323
755324
755325
755326
755327
755328
755329
755330
755331
755332
755333
755334
755335
755336
755337
755338
755339
755340
755341
755342
755343
755344
755345
755346
755347
755348
755349
755350
755351
755352
755353
755354
755355
755356
755357
755358
755359
755360
755361
755362
755363
755364
755365
755366
755367
755368
755369
755370
755371
755372
755373
755374
755375
755376
755377
755378
755379
755380
755381
755382
755383
755384
755385
755386
755387
755388
755389
755390
755391
755392
755393
755394
755395
755396
755397
755398
755399
755400
755401
755402
755403
755404
755405
755406
755407
755408
755409
755410
755411
755412
755413
755414
755415
755416
755417
755418
755419
755420
755421
755422
755423
755424
755425
755426
755427
755428
755429
755430
755431
755432
755433
755434
755435
755436
755437
755438
755439
755440
755441
755442
755443
755444
755445
755446
755447
755448
755449
755450
755451
755452
755453
755454
755455
755456
755457
755458
755459
755460
755461
755462
755463
755464
755465
755466
755467
755468
755469
755470
755471
755472
755473
755474
755475
755476
755477
755478
755479
755480
755481
755482
755483
755484
755485
755486
755487
755488
755489
755490
755491
755492
755493
755494
755495
755496
755497
755498
755499
755500
755501
755502
755503
755504
755505
755506
755507
755508
755509
755510
755511
755512
755513
755514
755515
755516
755517
755518
755519
755520
755521
755522
755523
755524
755525
755526
755527
755528
755529
755530
755531
755532
755533
755534
755535
755536
755537
755538
755539
755540
755541
755542
755543
755544
755545
755546
755547
755548
755549
755550
755551
755552
755553
755554
755555
755556
755557
755558
755559
755560
755561
755562
755563
755564
755565
755566
755567
755568
755569
755570
755571
755572
755573
755574
755575
755576
755577
755578
755579
755580
755581
755582
755583
755584
755585
755586
755587
755588
755589
755590
755591
755592
755593
755594
755595
755596
755597
755598
755599
755600
755601
755602
755603
755604
755605
755606
755607
755608
755609
755610
755611
755612
755613
755614
755615
755616
755617
755618
755619
755620
755621
755622
755623
755624
755625
755626
755627
755628
755629
755630
755631
755632
755633
755634
755635
755636
755637
755638
755639
755640
755641
755642
755643
755644
755645
755646
755647
755648
755649
755650
755651
755652
755653
755654
755655
755656
755657
755658
755659
755660
755661
755662
755663
755664
755665
755666
755667
755668
755669
755670
755671
755672
755673
755674
755675
755676
755677
755678
755679
755680
755681
755682
755683
755684
755685
755686
755687
755688
755689
755690
755691
755692
755693
755694
755695
755696
755697
755698
755699
755700
755701
755702
755703
755704
755705
755706
755707
755708
755709
755710
755711
755712
755713
755714
755715
755716
755717
755718
755719
755720
755721
755722
755723
755724
755725
755726
755727
755728
755729
755730
755731
755732
755733
755734
755735
755736
755737
755738
755739
755740
755741
755742
755743
755744
755745
755746
755747
755748
755749
755750
755751
755752
755753
755754
755755
755756
755757
755758
755759
755760
755761
755762
755763
755764
755765
755766
755767
755768
755769
755770
755771
755772
755773
755774
755775
755776
755777
755778
755779
755780
755781
755782
755783
755784
755785
755786
755787
755788
755789
755790
755791
755792
755793
755794
755795
755796
755797
755798
755799
755800
755801
755802
755803
755804
755805
755806
755807
755808
755809
755810
755811
755812
755813
755814
755815
755816
755817
755818
755819
755820
755821
755822
755823
755824
755825
755826
755827
755828
755829
755830
755831
755832
755833
755834
755835
755836
755837
755838
755839
755840
755841
755842
755843
755844
755845
755846
755847
755848
755849
755850
755851
755852
755853
755854
755855
755856
755857
755858
755859
755860
755861
755862
755863
755864
755865
755866
755867
755868
755869
755870
755871
755872
755873
755874
755875
755876
755877
755878
755879
755880
755881
755882
755883
755884
755885
755886
755887
755888
755889
755890
755891
755892
755893
755894
755895
755896
755897
755898
755899
755900
755901
755902
755903
755904
755905
755906
755907
755908
755909
755910
755911
755912
755913
755914
755915
755916
755917
755918
755919
755920
755921
755922
755923
755924
755925
755926
755927
755928
755929
755930
755931
755932
755933
755934
755935
755936
755937
755938
755939
755940
755941
755942
755943
755944
755945
755946
755947
755948
755949
755950
755951
755952
755953
755954
755955
755956
755957
755958
755959
755960
755961
755962
756054
756055
756056
756057
756058
756059
756060
756061
756062
756063
756064
756065
756066
756067
756068
756069
756070
756071
756072
756073
756074
756075
756076
756077
756078
756079
756080
756081
756082
756083
756084
756085
756086
756087
756088
756089
756090
756091
756092
756093
756094
756095
756096
756097
756098
756099
756100
756101
756102
756103
756104
756105
756106
756107
756108
756109
756110
756111
756112
756113
756709
756710
756711
756712
756713
756714
756715
756716
756717
756718
756719
756720
756721
756722
756723
756724
756725
756726
756727
756728
756729
756730
756731
756732
756733
756734
756735
756736
756737
756738
756739
756740
756741
756742
756743
756744
756745
756746
756747
756748
756749
756750
756751
756752
756753
756754
756755
756756
756757
756758
756759
756760
756761
756762
756763
756764
756765
756766
756767
756768
756769
756770
756771
756772
756773
756774
756775
756776
756777
756778
756779
756780
756781
756782
756783
756784
756785
756786
756787
756788
756789
756790
756791
756792
756793
756794
756795
756796
756797
756798
756799
756800
756801
756802
756803
756804
756805
756806
756807
756808
756809
756810
756811
756812
756813
756814
756815
756816
756817
756818
756819
756820
756821
756822
756823
756824
756825
756826
756827
756828
756829
756830
756831
756832
756833
756834
756835
756836
756837
756838
756839
756840
756841
756842
756843
756844
756845
756846
756847
756848
756849
756850
756851
756852
756853
756854
756855
756856
756857
756858
756859
756860
756861
756862
756863
756864
756865
756866
756867
756868
756869
756870
756871
756872
756873
756874
756875
756876
756877
756878
756879
756880
756881
756882
756883
756884
756885
756886
756887
756888
756889
756890
756891
756892
756893
756894
756895
756896
756897
756898
756899
756900
756901
756902
756903
756904
756905
756906
756907
756908
756909
756910
756911
756912
756913
756914
756915
756916
756917
756918
756919
756920
756921
756922
756923
756924
756925
756926
756927
756928
756929
756930
756931
756932
756933
756934
756935
756936
756937
756938
756939
756940
756941
756942
756943
756944
756945
756946
756947
756948
756949
756950
756951
756952
756953
756954
756955
756956
756957
756958
756959
756960
756961
756962
756963
756964
756965
756966
756967
756968
756969
756970
756971
756972
756973
756974
756975
756976
756977
756978
756979
756980
756981
756982
756983
756984
756985
756986
756987
756988
756989
756990
756991
756992
756993
756994
756995
756996
756997
756998
756999
757000
757001
757002
757003
757004
757005
757006
757007
757008
757009
757010
757011
757012
757013
757014
757015
757016
757017
757018
757019
757020
757021
757022
757023
757024
757025
757026
757027
757028
757029
757030
757031
757032
757033
757034
757035
757036
757037
757038
757039
757040
757041
757042
757043
757044
757045
757046
757047
757048
757049
757050
757051
757052
757053
757054
757055
757056
757057
757058
757059
757060
757061
757062
757063
757064
757065
757066
757067
757068
757069
757070
757071
757072
757073
757074
757075
757076
757077
757078
757079
757080
757081
757082
757083
757084
757085
757086
757087
757088
757089
757090
757091
757092
757093
757094
757095
757096
757097
757098
757099
757100
757101
757102
757103
757104
757105
757106
757107
757108
757109
757110
757111
757112
757113
757114
757115
757116
757117
757118
757119
757120
757121
757122
757123
757124
757125
757126
757127
757128
757129
757130
757131
757132
757133
757134
757135
757136
757137
757138
757139
757140
757141
757142
757143
757144
757145
757146
757147
757148
757149
757150
757151
757152
757153
757154
757155
757156
757157
757158
757159
757160
757161
757162
757163
757164
757165
757166
757167
757168
757169
757170
757171
757172
757173
757174
757175
757176
757177
757178
757179
757180
757181
757182
757183
757184
757185
757186
757187
757188
757189
757190
757191
757192
757193
757194
757195
757196
757197
757198
757199
757200
757201
757202
757203
757204
757205
757206
757207
757208
757209
757210
757211
757212
757213
757214
757215
757216
757217
757218
757219
757220
757221
757222
757223
757224
757225
757226
757227
757228
757229
757230
757231
757232
757233
757234
757235
757236
757237
757238
757239
757240
757241
757242
757243
757244
757245
757246
757247
757248
757249
757250
757251
757252
757253
757254
757255
757256
757257
757258
757259
757260
757261
757262
757263
757264
757265
757266
757267
757268
757269
757270
757271
757272
757273
757274
757275
757276
757277
757278
757279
757280
757281
757282
757283
757284
757285
757286
757287
757288
757289
757290
757291
757292
757293
757294
757295
757296
757297
757298
757299
757300
757301
757302
757303
757304
757305
757306
757307
757308
757309
757310
757311
757312
757313
757314
757315
757316
757317
757318
757319
757320
757321
757322
757323
757324
757325
757326
757327
757328
757329
757330
757331
757332
757333
757334
757335
757336
757337
757338
757339
757340
757341
757342
757343
757344
757345
757346
757347
757348
757349
757350
757351
757352
757353
757354
757355
757356
757357
757358
757359
757360
757361
757362
757363
757364
757365
757366
757367
757368
757369
757370
757371
757372
757373
757374
757375
757376
757377
757378
757379
757380
757381
757382
757383
757384
757385
757386
757387
757388
757389
757390
757391
757392
757393
757394
757395
757396
757397
757398
757399
757400
757401
757402
757403
757404
757405
757406
757407
757408
757409
757410
757411
757412
757413
757414
757415
757416
757417
757418
757419
757420
757421
757422
757423
757424
757425
757426
757427
757428
757429
757430
757431
757432
757433
757434
757435
757436
757437
757438
757439
757440
757441
757442
757443
757444
757445
757446
757447
757448
757449
757450
757451
757452
757453
757454
757455
757456
757457
757458
757459
757460
757461
757462
757463
757464
757465
757466
757467
757468
757469
757470
757471
757472
757473
757474
757475
757476
757477
757478
757479
757480
757481
757482
757483
757484
757485
757486
757487
757488
757489
757490
757491
757492
757493
757494
757495
757496
757497
757498
757499
757500
757501
757502
757503
757504
757505
757506
757507
757508
757509
757510
757511
757512
757513
757514
757515
757516
757517
757518
757519
757520
757521
757522
757523
757524
757525
757526
757527
757528
757529
757530
757531
757532
757533
757534
757535
757536
757537
757538
757539
757540
757541
757542
757543
757544
757545
757546
757547
757548
757549
757550
757551
757552
757553
757554
757555
757556
757557
757558
757559
757560
757561
757562
757563
757564
757565
757566
757567
757568
757569
757570
757571
757572
757573
757574
757575
757576
757577
757578
757579
757580
757581
757582
757583
757584
757585
757586
757587
757588
757589
757590
757591
757592
757593
757594
757595
757596
757597
757598
757599
757600
757601
757602
757603
757604
757605
757606
757607
757608
757609
757610
757611
757612
757613
757614
757615
757616
757617
757618
757619
757620
757621
757622
757623
757624
757625
757626
757627
757628
757629
757630
757631
757632
757633
757634
757635
757636
757637
757638
757639
757640
757641
757642
757643
757644
757645
757646
757647
757648
757649
757650
757651
757652
757653
757654
757655
757656
757657
757658
757659
757660
757661
757662
757663
757664
757665
757666
757667
757668
757669
757670
757671
757672
757673
757674
757675
757676
757677
757678
757679
757680
757681
757682
757683
757684
757685
757686
757687
757688
757689
757690
757691
757692
757693
757694
757695
757696
757697
757698
757699
757700
757701
757702
757703
757704
757705
757706
757707
757708
757709
757710
757711
757712
757713
757714
757715
757716
757717
757718
757719
757720
757721
757722
757723
757724
757725
757726
757727
757728
757729
757730
757731
757732
757733
757734
757735
757736
757737
757738
757739
757740
757741
757742
757743
757744
757745
757746
757747
757748
757749
757750
757751
757752
757753
757754
757755
757756
757757
757758
757759
757760
757761
757762
757763
757764
757765
757766
757767
757768
757769
757770
757771
757772
757773
757774
757775
757776
757777
757778
757779
757780
757781
757782
757783
757784
757785
757786
757787
757788
757789
757790
757791
757792
757793
757794
757795
757796
757797
757798
757799
757800
757801
757802
757803
757804
757805
757806
757807
757808
757809
757810
757811
757812
757813
757814
757815
757816
757817
757818
757819
757820
757821
757822
757823
757824
757825
757826
757827
757828
757829
757830
757831
757832
757833
757834
757835
757836
757837
757838
757839
757840
757841
757842
757843
757844
757845
757846
757847
757848
757849
757850
757851
757852
757853
757854
757855
757856
757857
757858
757859
757860
757861
757862
757863
757864
757865
757866
757867
757868
757869
757870
757871
757872
757873
757874
757875
757876
757877
757878
757879
757880
757881
757882
757883
757884
757885
757886
757887
757888
757889
757890
757891
757892
757893
757894
757895
757896
757897
757898
757899
757900
757901
757902
757903
757904
757905
757906
757907
757908
757909
757910
757911
757912
757913
757914
757915
757916
757917
757918
757919
757920
757921
757922
757923
757924
757925
757926
757927
757928
757929
757930
757931
757932
757933
757934
757935
757936
757937
757938
757939
757940
757941
757942
757943
757944
757945
757946
757947
757948
757949
757950
757951
757952
757953
757954
757955
757956
757957
757958
757959
757960
757961
757962
757963
757964
757965
757966
757967
757968
757969
757970
757971
757972
757973
757974
757975
757976
757977
757978
757979
757980
757981
757982
757983
757984
757985
757986
757987
757988
757989
757990
757991
757992
757993
757994
757995
757996
757997
757998
757999
758000
758001
758002
758003
758004
758005
758006
758007
758008
758009
758010
758011
758012
758013
758014
758015
758016
758017
758018
758019
758020
758021
758022
758023
758024
758025
758026
758027
758028
758029
758030
758031
758032
758033
758034
758035
758036
758037
758038
758039
758040
758041
758042
758043
758044
758045
758046
758047
758048
758049
758050
758051
758052
758053
758054
758055
758056
758057
758058
758059
758060
758061
758062
758063
758064
758065
758066
758067
758068
758069
758070
758071
758072
758073
758074
758075
758076
758077
758078
758079
758080
758081
758082
758083
758084
758085
758086
758087
758088
758089
758090
758091
758092
758093
758094
758095
758096
758097
758098
758099
758100
758101
758102
758103
758104
758105
758106
758107
758108
758109
758110
758111
758112
758113
758114
758115
758116
758117
758118
758119
758120
758121
758122
758123
758124
758125
758126
758127
758128
758129
758130
758131
758132
758133
758134
758135
758136
758137
758138
758139
758140
758141
758142
758143
758144
758145
758146
758147
758148
758149
758150
758151
758152
758153
758154
758155
758156
758157
758158
758159
758160
758161
758162
758163
758164
758165
758166
758167
758168
758169
758170
758171
758172
758173
758174
758175
758176
758177
758178
758179
758180
758181
758182
758183
758184
758185
758186
758187
758188
758189
758190
758191
758192
758193
758194
758195
758196
758197
758198
758199
758200
758201
758202
758203
758204
758205
758206
758207
758208
758209
758210
758211
758212
758213
758214
758215
758216
758367
758368
758369
758370
758371
758372
758373
758374
758375
758376
758377
758378
758379
758380
758381
758382
758383
758384
758385
758386
758387
758388
758389
758390
758391
758392
758393
758394
758395
758396
758397
758398
758399
758400
758401
758402
758403
758404
758405
758406
758407
758408
758409
758410
758411
758412
758413
758414
758415
758416
758417
758418
758419
758420
758421
758422
758423
758424
758425
758426
758427
758428
758429
758430
758431
758432
758433
758434
758435
758436
758437
758438
758439
758440
758441
758442
758443
758444
758445
758446
758447
758448
758449
758450
758451
758452
758453
758454
758455
758456
758457
758458
758459
758460
758461
758462
758463
758464
758465
758466
758467
758468
758469
758470
758471
758472
758473
758474
758475
758476
758477
758478
758479
758480
758481
758482
758483
758484
758485
758486
758487
758488
758489
758490
758491
758492
758493
758494
758495
758496
758497
758498
758499
758500
758501
758502
758503
758504
758505
758506
758507
758508
758509
758510
758511
758512
758513
758514
758515
758516
758517
758518
758519
758520
758521
758522
758523
758524
758525
758526
758527
758528
758529
758530
758531
758532
758533
758534
758535
758536
758537
758538
758539
758540
758541
758542
758543
758544
758545
758546
758547
758548
758549
758550
758551
758552
758553
758554
758555
758556
758557
758558
758559
758560
758561
758562
758563
758564
758565
758566
758567
758568
758569
758570
758571
758572
758573
758574
758575
758576
758577
758578
758579
758580
758581
758582
758583
758584
758585
758586
758587
758588
758589
758590
758591
758592
758593
758594
758595
758596
758597
758598
758599
758600
758601
758602
758603
758604
758605
758606
758607
758608
758609
758610
758611
758612
758613
758614
758615
758616
758617
758618
758619
758620
758621
758622
758623
758624
758625
758626
758627
758628
758629
758630
758631
758632
758633
758634
758635
758636
758637
758638
758639
758640
758641
758642
758643
758644
758645
758646
758647
758648
758838
758839
758840
758841
758842
758843
758844
758845
758846
758847
758848
758849
758850
758851
758852
758853
758854
758855
758856
758857
758858
758859
758860
758861
758862
758863
758864
758865
758866
758867
758868
758869
758870
758871
758872
758873
758874
758875
758876
758877
758878
758879
758880
758881
758882
758883
758884
758885
758886
758887
758888
758889
758890
758891
758892
758893
758894
758895
758896
758897
758898
758899
758900
758901
758902
758903
758904
758905
758906
758907
758908
758909
758910
758911
758912
758913
758914
758915
758916
758917
758918
758919
758920
758921
758922
758923
758924
758925
758926
758927
758928
758929
758930
758931
758932
758933
758934
758935
758936
758937
758938
758939
758940
758941
758942
758943
758944
758945
758946
758947
758948
758949
758950
758951
758952
758953
758954
758955
758956
758957
758958
758959
758960
758961
758962
758963
758964
758965
758966
758967
758968
758969
758970
758971
758972
758973
758974
758975
758976
758977
758978
758979
758980
758981
758982
758983
758984
758985
758986
758987
758988
758989
758990
758991
758992
758993
758994
758995
758996
758997
758998
758999
759000
759001
759002
759003
759004
759005
759006
759007
759008
759009
759010
759011
759012
759013
759014
759015
759016
759017
759018
759019
759020
759021
759022
759023
759024
759025
759026
759027
759028
759029
759030
759031
759032
759033
759034
759035
759036
759037
759038
759039
759040
759041
759042
759043
759044
759045
759046
759047
759048
759049
759050
759051
759052
759053
759054
759055
759056
759057
759058
759059
759060
759061
759062
759063
759064
759065
759066
759067
759068
759069
759070
759071
759072
759073
759074
759075
759076
759077
759078
759079
759080
759081
759082
759083
759084
759085
759086
759087
759088
759089
759090
759091
759092
759093
759094
759095
759096
759097
759098
759099
759100
759101
759102
759103
759104
759105
759106
759107
759108
759109
759110
759111
759112
759113
759114
759115
759116
759117
759118
759119
759290
759291
759292
759293
759294
759295
759296
759297
759298
759299
759300
759301
759302
759303
759304
759305
759306
759307
759308
759309
759310
759311
759312
759313
759314
759315
759316
759317
759318
759319
759320
759321
759322
759323
759324
759325
759326
759327
759328
759329
759330
759331
759332
759333
759334
759335
759336
759337
759338
759339
759340
759341
759342
759343
759344
759345
759346
759347
759348
759349
759350
759351
759352
759353
759354
759355
759356
759357
759358
759359
759360
759361
759362
759363
759364
759365
759366
759367
759368
759369
759370
759371
759372
759373
759374
759375
759376
759377
759378
759379
759380
759381
759382
759383
759384
759385
759386
759387
759388
759389
759390
759391
759392
759393
759394
759395
759396
759397
759398
759399
759400
759401
759402
759403
759404
759405
759406
759407
759408
759409
759410
759411
759412
759413
759414
759415
759416
759417
759418
759419
759420
759421
759422
759423
759424
759425
759426
759427
759428
759429
759430
759431
759602
759603
759604
759605
759606
759607
759608
759609
759610
759611
759612
759613
759614
759615
759616
759617
759618
759619
759620
759621
759622
759623
759624
759625
759626
759627
759628
759629
759630
759631
759632
759633
759634
759635
759636
759637
759638
759639
759640
759641
759642
759643
759644
759645
759646
759647
759648
759649
759650
759651
759652
759653
759654
759655
759656
759657
759658
759659
759660
759661
759662
759663
759664
759665
759666
759667
759668
759669
759670
759671
759672
759673
759674
759675
759676
759677
759678
759679
759680
759681
759682
759683
759684
759685
759686
759687
759688
759689
759690
759691
759692
759693
759694
759695
759696
759697
759698
759699
759700
759701
759702
759703
759704
759705
759706
759707
759708
759709
759710
759711
759816
759817
759818
759819
759820
759821
759822
759823
759824
759825
759826
759827
759828
759829
759830
759831
759832
759833
759834
759835
759836
759837
759838
759839
759840
759841
759842
759843
759844
759845
759846
759847
759848
759849
759850
759851
759852
759853
759854
759855
759856
759857
759858
759859
759860
759861
759862
759863
759864
759865
759866
759867
759868
759869
759870
759871
759872
759873
759874
759875
759876
759877
759878
759879
759880
759881
759882
759883
759884
759885
759886
759887
759888
759889
759890
759891
759892
759893
759894
759895
759896
759897
759898
759899
759900
759901
759902
759903
759904
759905
759906
759907
759908
759909
759910
759911
759912
759913
759914
759915
759916
759917
759918
759919
759920
759921
759922
759923
759924
759925
759926
759927
759928
759929
759930
759931
759932
759933
759934
759935
759936
759937
759938
759939
759940
759941
759942
759943
759944
759945
759946
759947
759948
759949
759950
759951
759952
759953
759954
759955
759956
759957
759958
759959
759960
759961
759962
759963
759964
759965
759966
759967
759968
759969
759970
759971
759972
759973
759974
759975
759976
759977
759978
759979
759980
759981
759982
759983
759984
759985
759986
759987
759988
759989
759990
759991
759992
759993
759994
759995
759996
759997
759998
759999
760000
760001
760002
760003
760004
760005
760006
760007
760008
760009
760010
760011
760012
760013
760014
760015
760016
760017
760018
760019
760020
760021
760022
760023
760024
760025
760026
760027
760028
760029
760030
760031
760032
760033
760034
760035
760036
760037
760038
760039
760040
760041
760042
760043
760044
760045
760046
760047
760048
760049
760050
760051
760052
760053
760054
760055
760056
760057
760058
760059
760060
760061
760062
760063
760064
760065
760066
760067
760068
760069
760070
760071
760072
760073
760074
760075
760076
760077
760078
760079
760080
760081
760082
760083
760084
760085
760086
760087
760088
760089
760090
760091
760092
760093
760094
760095
760096
760097
760098
760099
760100
760101
760102
760103
760104
760105
760106
760107
760108
760109
760110
760111
760112
760113
760114
760115
760116
760117
760118
760119
760120
760121
760122
760123
760124
760125
760126
760127
760128
760129
760130
760131
760132
760133
760134
760135
760136
760137
760138
760139
760140
760141
760142
760143
760144
760145
760146
760147
760148
760149
760150
760151
760152
760153
760154
760155
760156
760157
760158
760159
760160
760161
760162
760163
760164
760165
760166
760167
760168
760169
760170
760171
760172
760173
760174
760175
760176
760177
760178
760179
760180
760181
760182
760183
760184
760185
760186
760187
760188
760189
760190
760191
760192
760193
760194
760195
760196
760197
760198
760199
760200
760201
760202
760203
760204
760205
760206
760207
760208
760209
760210
760211
760212
760213
760214
760215
760216
760217
760218
760219
760220
760221
760222
760223
760224
760225
760226
760227
760228
760229
760230
760231
760232
760233
760234
760235
760236
760237
760238
760239
760240
760241
760242
760243
760244
760245
760246
760247
760248
760249
760250
760251
760252
760253
760254
760255
760256
760257
760258
760259
760260
760261
760262
760263
760264
760265
760266
760267
760268
760269
760270
760271
760272
760273
760274
760275
760276
760277
760278
760279
760280
760281
760282
760283
760284
760285
760286
760287
760288
760289
760290
760291
760292
760293
760294
760295
760296
760297
760298
760299
760300
760301
760302
760303
760304
760305
760306
760307
760308
760309
760310
760311
760312
760313
760314
760315
760316
760317
760318
760319
760320
760321
760322
760323
760324
760325
760326
760327
760328
760329
760330
760331
760332
760333
760334
760335
760336
760337
760338
760339
760340
760341
760342
760343
760344
760345
760346
760347
760348
760349
760350
760351
760352
760353
760354
760355
760356
760357
760358
760359
760360
760361
760362
760363
760364
760365
760366
760367
760368
760369
760370
760371
760372
760373
760374
760375
760376
760377
760378
760379
760380
760381
760382
760383
760384
760385
760386
760387
760388
760389
760390
760391
760392
760393
760394
760395
760396
760397
760398
760399
760400
760401
760402
760403
760404
760405
760406
760407
760408
760409
760410
760411
760412
760413
760414
760415
760416
760417
760418
760419
760420
760421
760422
760423
760424
760425
760426
760427
760428
760429
760430
760431
760432
760433
760434
760435
760436
760437
760438
760439
760440
760441
760442
760443
760444
760445
760446
760447
760448
760449
760450
760451
760452
760453
760454
760455
760456
760457
760458
760459
760460
760461
760462
760463
760464
760465
760466
760467
760468
760469
760470
760471
760472
760473
760474
760475
760476
760477
760478
760479
760480
760481
760482
760483
760484
760485
760486
760487
760488
760489
760490
760491
760492
760493
760494
760495
760496
760497
760498
760499
760500
760501
760502
760503
760504
760505
760506
760507
760508
760509
760510
760511
760512
760513
760514
760515
760516
760517
760518
760519
760520
760521
760522
760523
760524
760525
760526
760527
760528
760529
760530
760531
760532
760533
760534
760535
760536
760537
760538
760539
760540
760541
760542
760543
760544
760545
760546
760547
760548
760549
760550
760551
760552
760553
760554
760555
760556
760557
760558
760559
760560
760561
760562
760563
760564
760565
760566
760567
760568
760569
760570
760571
760572
760573
760574
760575
760576
760577
760578
760579
760580
760581
760582
760583
760584
760585
760586
760587
760588
760589
760590
760591
760592
760593
760594
760595
760596
760597
760598
760599
760600
760601
760602
760603
760604
760605
760606
760607
760608
760609
760610
760611
760612
760613
760614
760615
760616
760617
760618
760619
760620
760621
760622
760623
760624
760625
760626
760627
760628
760629
760630
760631
760632
760633
760634
760635
760636
760637
760638
760639
760640
760641
760642
760643
760644
760645
760646
760647
760648
760649
760650
760651
760652
760653
760654
760655
760656
760657
760658
760659
760660
760661
760662
760663
760664
760665
760666
760667
760668
760669
760670
760671
760672
760673
760674
760675
760676
760677
760678
760679
760680
760681
760682
760683
760684
760685
760686
760687
760688
760689
760690
760691
760692
760693
760694
760695
760696
760697
760698
760699
760700
760701
760702
760703
760704
760705
760706
760707
760708
760709
760710
760711
760712
760713
760714
760715
760716
760717
760718
760719
760720
760721
760722
760723
760724
760725
760726
760727
760728
760729
760730
760731
760732
760733
760734
760735
760736
760737
760738
760739
760740
760741
760742
760743
760744
760745
760746
760747
760748
760749
760750
760751
760752
760753
760754
760755
760756
760757
760758
760759
760760
760761
760762
760763
760764
760765
760766
760767
760768
760769
760770
760771
760772
760773
760774
760775
760776
760777
760778
760779
760780
760781
760782
760783
760784
760785
760786
760787
760788
760789
760790
760791
760792
760793
760794
760795
760796
760797
760798
760799
760800
760801
760802
760803
760804
760805
760806
760807
760808
760809
760810
760811
760812
760813
760814
760815
760816
760817
760818
760819
760820
760821
760822
760823
760824
760825
760826
760827
760828
760829
760830
760831
760832
760833
760834
760835
760836
760837
760838
760839
760840
760841
760842
760843
760844
760845
760846
760847
760848
760849
760850
760851
760852
760853
760854
760855
760856
760857
760858
760859
760860
760861
760862
760863
760864
760865
760866
760867
760868
760869
760870
760871
760872
760873
760874
760875
760876
760877
760878
760879
760880
760881
760882
760883
760884
760885
760886
760887
760888
760889
760890
760891
760892
760893
760894
760895
760896
760897
760898
760899
760900
760901
760902
760903
760904
760905
760906
760907
760908
760909
760910
760911
760912
760913
760914
760915
760916
760917
760918
760919
760920
760921
760922
760923
760924
760925
760926
760927
760928
760929
760930
760931
760932
760933
760934
760935
760936
760937
760938
760939
760940
760941
760942
760943
760944
760945
760946
760947
760948
760949
760950
760951
760952
760953
760954
760955
760956
760957
760958
760959
760960
760961
760962
760963
760964
760965
760966
760967
760968
760969
760970
760971
760972
760973
760974
760975
760976
760977
760978
760979
760980
760981
760982
760983
760984
760985
760986
760987
760988
760989
760990
760991
760992
760993
760994
760995
760996
760997
760998
760999
761000
761001
761002
761003
761004
761005
761006
761007
761008
761009
761010
761011
761012
761013
761014
761015
761016
761017
761018
761019
761020
761021
761022
761023
761024
761025
761026
761027
761028
761029
761030
761031
761032
761033
761034
761035
761036
761037
761038
761039
761040
761041
761042
761043
761044
761045
761046
761047
761048
761049
761050
761051
761052
761053
761054
761055
761056
761057
761058
761059
761060
761061
761062
761063
761064
761065
761066
761067
761068
761069
761070
761071
761072
761073
761074
761075
761076
761077
761078
761079
761080
761081
761082
761083
761084
761085
761086
761087
761088
761089
761090
761091
761092
761093
761094
761095
761096
761097
761098
761099
761100
761101
761102
761103
761104
761105
761106
761107
761108
761109
761110
761111
761112
761113
761114
761115
761116
761117
761118
761119
761120
761121
761122
761123
761124
761125
761126
761127
761128
761129
761130
761131
761132
761133
761134
761135
761136
761137
761138
761139
761140
761141
761142
761143
761144
761145
761146
761147
761148
761149
761150
761151
761152
761153
761154
761155
761156
761157
761158
761159
761160
761161
761162
761163
761164
761165
761166
761167
761168
761169
761170
761171
761172
761173
761174
761175
761176
761177
761178
761179
761180
761181
761182
761183
761184
761185
761186
761187
761188
761189
761190
761191
761192
761193
761194
761195
761196
761197
761198
761199
761200
761201
761202
761203
761204
761205
761206
761207
761208
761209
761210
761211
761212
761213
761214
761215
761216
761217
761218
761219
761220
761221
761222
761223
761224
761225
761226
761227
761228
761229
761230
761231
761232
761233
761234
761235
761236
761237
761238
761239
761240
761241
761242
761243
761244
761245
761246
761247
761248
761249
761250
761251
761252
761253
761254
761255
761256
761257
761258
761259
761260
761261
761262
761263
761738
761739
761740
761741
761742
761743
761744
761745
761746
761747
761748
761749
761750
761751
761752
761753
761754
761755
761756
761757
761758
761759
761760
761761
761762
761763
761764
761765
761766
761767
761768
761769
761770
761771
761772
761773
761774
761775
761776
761777
761778
761779
761780
761781
761782
761783
761784
761785
761786
761787
761788
761789
761790
761791
761792
761793
761794
761795
761796
761797
761798
761799
761800
761801
761802
761803
761804
761805
761806
761807
761808
761809
761810
761811
761812
761813
761814
761815
761816
761817
761818
761819
761820
761821
761822
761823
761824
761825
761826
761827
761828
761829
761830
761831
761832
761833
761834
761835
761836
761837
761838
761839
761840
761841
761842
761843
761844
761845
761846
761847
761848
761849
761850
761851
761852
761853
761854
761855
761856
761857
761858
761859
761860
761861
761862
761863
761864
761865
761866
761867
761868
761869
761870
761871
761872
761873
761923
761924
761925
761926
761927
761928
761929
761930
761931
761932
761933
761934
761935
761936
761937
761938
761939
761940
761941
761942
761943
761944
761945
761946
761947
761948
761949
761950
761951
761952
761953
761954
761955
761956
761957
761958
761959
761960
761961
761962
761963
761964
761965
761966
761967
761968
761969
761970
761971
761972
761973
761974
761975
761976
761977
761978
761979
761980
761981
761982
761983
761984
761985
761986
761987
761988
761989
761990
761991
761992
761993
761994
761995
761996
761997
761998
761999
762000
762001
762002
762003
762004
762005
762006
762007
762008
762009
762010
762011
762012
762013
762014
762015
762016
762017
762018
762019
762020
762021
762022
762023
762024
762025
762026
762027
762028
762029
762030
762031
762032
762033
762034
762035
762036
762037
762038
762039
762040
762041
762042
762043
762044
762045
762046
762047
762048
762049
762050
762051
762052
762053
762054
762055
762056
762057
762058
762059
762060
762061
762062
762063
762064
762065
762066
762067
762068
762069
762070
762071
762072
762073
762074
762075
762076
762077
762078
762079
762080
762081
762082
762083
762084
762085
762086
762087
762088
762089
762090
762091
762092
762093
762094
762095
762096
762097
762098
762099
762100
762101
762102
762103
762104
762105
762106
762107
762108
762109
762110
762111
762112
762113
762114
762115
762116
762117
762118
762119
762120
762121
762122
762123
762124
762125
762126
762127
762128
762129
762130
762131
762132
762133
762134
762135
762136
762137
762138
762139
762140
762141
762142
762143
762144
762145
762146
762147
762148
762149
762150
762151
762152
762153
762154
762155
762156
762157
762158
762159
762160
762161
762162
762163
762164
762165
762166
762167
762168
762169
762170
762171
762172
762173
762174
762175
762176
762177
762178
762179
762180
762181
762182
762183
762184
762185
762186
762187
762188
762189
762190
762191
762192
762193
762194
762195
762196
762197
762198
762199
762200
762201
762202
762203
762204
762205
762206
762207
762208
762209
762210
762211
762212
762213
762214
762254
762255
762256
762257
762258
762259
762260
762261
762262
762263
762264
762265
762266
762267
762268
762269
762270
762271
762272
762273
762274
762275
762276
762277
762278
762279
762280
762281
762282
762283
762284
762285
762286
762287
762288
762289
762290
762291
762292
762293
762294
762295
762296
762297
762298
762299
762300
762301
762302
762303
762304
762305
762306
762307
762308
762309
762310
762311
762312
762313
762314
762315
762316
762317
762318
762319
762320
762321
762566
762567
762568
762569
762570
762571
762572
762573
762574
762575
762576
762577
762578
762579
762580
762581
762582
762583
762584
762585
762586
762587
762588
762589
762590
762591
762592
762593
762594
762595
762596
762597
762598
762599
762600
762601
762602
762603
762604
762605
762606
762607
762608
762609
762610
762611
762612
762613
762614
762615
762616
762617
762618
762619
762620
762621
762622
762623
762624
762625
762626
762627
762628
762629
762630
762631
762632
762633
762634
762635
762636
762637
762638
762639
762640
762641
762642
762643
762644
762645
762646
762647
762648
762649
762650
762651
762652
762653
762654
762655
762656
762657
762658
762659
762660
762661
762662
762663
762664
762665
762666
762667
762668
762669
762670
762671
762672
762673
762674
762675
762676
762677
762678
762679
762680
762681
762682
762683
762684
762685
762686
762687
762688
762689
762690
762691
762692
762693
762694
762695
762696
762697
762698
762699
762700
762701
762702
762703
762704
762705
762706
762707
762708
762709
762710
762711
762712
762713
762714
762715
762716
762717
762718
762719
762720
762721
762722
762723
762724
762725
762726
762727
762728
762729
762730
762731
762732
762733
762734
762735
762736
762737
762738
762739
762740
762741
762742
762743
762744
762745
762746
762747
762748
762749
762750
762751
762752
762753
762754
762755
762756
762757
762758
762759
762760
762761
762762
762763
762764
762765
762766
762767
762768
762769
762770
762771
762772
762773
762774
762775
762776
762777
762778
762779
762780
762781
762782
762783
762784
762785
762786
762787
762788
762789
762790
762791
762792
762793
762794
762795
762796
762797
762798
762799
762800
762801
762802
762803
762804
762805
762806
762807
762808
762809
762810
762811
762812
762813
762814
762815
762816
762817
762818
762819
762820
762821
762822
762823
762824
762825
762826
762827
762828
762829
762830
762831
762832
762833
762834
762835
762836
762837
762838
762839
762840
762841
762842
762843
762844
762845
762846
762847
762848
762849
762850
762851
762852
762853
762854
762855
762856
762857
762858
762859
762860
762861
762862
762863
762864
762865
762866
762867
763607
763608
763609
763610
763611
763612
763613
763614
763615
763616
763617
763618
763619
763620
763621
763622
763623
763624
763625
763626
763627
763628
763629
763630
763631
763632
763633
763634
763635
763636
763637
763638
763639
763640
763641
763642
763643
763644
763645
763646
763647
763648
763649
763650
763651
763652
763653
763654
763655
763656
763657
763658
763659
763660
763661
763662
763663
763664
763665
763666
763667
763668
763669
763670
763671
763672
763673
763674
763675
763676
763677
763678
763679
763680
763681
763682
763683
763684
763685
763686
763687
763688
763689
763690
763691
763692
763693
763694
763695
763696
763697
763698
763699
763700
763701
763702
763703
763704
763705
763706
763707
763708
763709
763710
763711
763712
763713
763714
763715
763716
763717
763718
763719
763720
763721
763722
763723
763724
763725
763726
763727
763728
763729
763730
763731
763732
763733
763734
763735
763736
763737
763738
763739
763740
763741
763742
763792
763793
763794
763795
763796
763797
763798
763799
763800
763801
763802
763803
763804
763805
763806
763807
763808
763809
763810
763811
763812
763813
763814
763815
763816
763817
763818
763819
763820
763821
763822
763823
763824
763825
763826
763827
763828
763829
763830
763831
763832
763833
763834
763835
763836
763837
763838
763839
763840
763841
763842
763843
763844
763845
763846
763847
763848
763849
763850
763851
763852
763853
763854
763855
763856
763857
763858
763859
763860
763861
763862
763863
763864
763865
763866
763867
763868
763869
763870
763871
763872
763873
763874
763875
763876
763877
763878
763879
763880
763881
763882
763883
763884
763885
763886
763887
763888
763889
763890
763891
763892
763893
763894
763895
763896
763897
763898
763899
763900
763901
763902
763903
763904
763905
763906
763907
763908
763909
763910
763911
763912
763913
763914
763915
763916
763917
763918
763919
763920
763921
763922
763923
763924
763925
763926
763927
763928
763929
763930
763931
763932
763933
763934
763935
763936
763937
763938
763939
763940
763941
763942
763943
763944
763945
763946
763947
763948
763949
763950
763951
763952
763953
763954
763955
763956
763957
763958
763959
763960
763961
763962
763963
763964
763965
763966
763967
763968
763969
763970
763971
763972
763973
763974
763975
763976
763977
763978
763979
763980
763981
763982
763983
763984
763985
763986
763987
763988
763989
763990
763991
763992
763993
763994
763995
763996
763997
763998
763999
764000
764001
764002
764003
764004
764005
764006
764007
764008
764009
764010
764011
764012
764013
764014
764015
764016
764017
764018
764019
764020
764021
764022
764023
764024
764025
764026
764027
764028
764029
764030
764031
764032
764033
764034
764035
764036
764037
764038
764039
764040
764041
764042
764043
764044
764045
764046
764047
764048
764049
764050
764051
764052
764053
764054
764055
764056
764057
764058
764059
764060
764061
764062
764063
764064
764065
764066
764067
764068
764069
764070
764071
764072
764073
764074
764075
764076
764077
764078
764079
764080
764081
764082
764083
764123
764124
764125
764126
764127
764128
764129
764130
764131
764132
764133
764134
764135
764136
764137
764138
764139
764140
764141
764142
764143
764144
764145
764146
764147
764148
764149
764150
764151
764152
764153
764154
764155
764156
764157
764158
764159
764160
764161
764162
764163
764164
764165
764166
764167
764168
764169
764170
764171
764172
764173
764174
764175
764176
764177
764178
764179
764180
764181
764182
764183
764184
764185
764186
764187
764188
764189
764190
764191
764192
764193
764194
764195
764196
764197
764198
764199
764200
764201
764202
764203
764204
764205
764206
764207
764208
764209
764210
764211
764212
764213
764214
764215
764216
764217
764218
764219
764220
764221
764222
764223
764224
764225
764226
764227
764228
764229
764230
764231
764232
764233
764234
764235
764236
764237
764238
764239
764484
764485
764486
764487
764488
764489
764490
764491
764492
764493
764494
764495
764496
764497
764498
764499
764500
764501
764502
764503
764504
764505
764506
764507
764508
764509
764510
764511
764512
764513
764514
764515
764516
764517
764518
764519
764520
764521
764522
764523
764524
764525
764526
764527
764528
764529
764530
764531
764532
764533
764534
764535
764536
764537
764538
764539
764540
764541
764542
764543
764544
764545
764546
764547
764548
764549
764550
764551
764552
764553
764554
764555
764556
764557
764558
764559
764560
764561
764562
764563
764564
764565
764566
764567
764568
764569
764570
764571
764572
764573
764574
764575
764576
764577
764578
764579
764580
764581
764582
764583
764584
764585
764586
764587
764588
764589
764590
764591
764592
764593
764594
764595
764596
764597
764598
764599
764600
764601
764602
764603
764604
764605
764606
764607
764608
764609
764610
764611
764612
764613
764614
764615
764616
764617
764618
764619
764620
764621
764622
764623
764624
764625
764626
764627
764628
764629
764630
764631
764632
764633
764634
764635
764636
764637
764638
764639
764640
764641
764642
764643
764644
764645
764646
764647
764648
764649
764650
764651
764652
764653
764654
764655
764656
764657
764658
764659
764660
764661
764662
764663
764664
764665
764666
764667
764668
764669
764670
764671
764672
764673
764674
764675
764676
764677
764678
764679
764680
764681
764682
764683
764684
764685
764686
764687
764688
764689
764690
764691
764692
764693
764694
764695
764696
764697
764698
764699
764700
764701
764702
764703
764704
764705
764706
764707
764708
764709
764710
764711
764712
764713
764714
764715
764716
764717
764718
764719
764720
764721
764722
764723
764724
764725
764726
764727
764728
764729
764730
764731
764732
764733
764734
764735
764736
764737
764738
764739
764740
764741
764742
764743
764744
764745
764746
764747
764748
764749
764750
764751
764752
764753
764754
764755
764756
764757
764758
764759
764760
764761
764762
764763
764764
764765
764766
764767
764768
764769
764770
764771
764772
764773
764774
764775
765519
765520
765521
765522
765523
765524
765525
765526
765527
765528
765529
765530
765531
765532
765533
765534
765535
765536
765537
765538
765539
765540
765541
765542
765543
765544
765545
765546
765547
765548
765549
765550
765551
765552
765553
765554
765555
765556
765557
765558
765559
765560
765561
765562
765563
765564
765565
765566
765567
765568
765569
765570
765571
765572
765573
765574
765575
765576
765577
765578
765579
765580
765581
765582
765583
765584
765585
765586
765587
765588
765589
765590
765591
765592
765593
765594
765595
765596
765597
765598
765599
765600
765601
765602
765603
765604
765605
765606
765607
765608
765609
765610
765611
765612
765613
765614
765615
765616
765617
765618
765619
765620
765621
765622
765623
765624
765625
765626
765627
765628
765629
765630
765631
765632
765633
765634
765635
765636
765637
765638
765639
765640
765641
765642
765643
765644
765645
765646
765647
765648
765649
765650
765651
765652
765653
765654
765704
765705
765706
765707
765708
765709
765710
765711
765712
765713
765714
765715
765716
765717
765718
765719
765720
765721
765722
765723
765724
765725
765726
765727
765728
765729
765730
765731
765732
765733
765734
765735
765736
765737
765738
765739
765740
765741
765742
765743
765744
765745
765746
765747
765748
765749
765750
765751
765752
765753
765754
765755
765756
765757
765758
765759
765760
765761
765762
765763
765764
765765
765766
765767
765768
765769
765770
765771
765772
765773
765774
765775
765776
765777
765778
765779
765780
765781
765782
765783
765784
765785
765786
765787
765788
765789
765790
765791
765792
765793
765794
765795
765796
765797
765798
765799
765800
765801
765802
765803
765804
765805
765806
765807
765808
765809
765810
765811
765812
765813
765814
765815
765816
765817
765818
765819
765820
765821
765822
765823
765824
765825
765826
765827
765828
765829
765830
765831
765832
765833
765834
765835
765836
765837
765838
765839
765840
765841
765842
765843
765844
765845
765846
765847
765848
765849
765850
765851
765852
765853
765854
765855
765856
765857
765858
765859
765860
765861
765862
765863
765864
765865
765866
765867
765868
765869
765870
765871
765872
765873
765874
765875
765876
765877
765878
765879
765880
765881
765882
765883
765884
765885
765886
765887
765888
765889
765890
765891
765892
765893
765894
765895
765896
765897
765898
765899
765900
765901
765902
765903
765904
765905
765906
765907
765908
765909
765910
765911
765912
765913
765914
765915
765916
765917
765918
765919
765920
765921
765922
765923
765924
765925
765926
765927
765928
765929
765930
765931
765932
765933
765934
765935
765936
765937
765938
765939
765940
765941
765942
765943
765944
765945
765946
765947
765948
765949
765950
765951
765952
765953
765954
765955
765956
765957
765958
765959
765960
765961
765962
765963
765964
765965
765966
765967
765968
765969
765970
765971
765972
765973
765974
765975
765976
765977
765978
765979
765980
765981
765982
765983
765984
765985
765986
765987
765988
765989
765990
765991
765992
765993
765994
765995
766035
766036
766037
766038
766039
766040
766041
766042
766043
766044
766045
766046
766047
766048
766049
766050
766051
766052
766053
766054
766055
766056
766057
766058
766059
766060
766061
766062
766063
766064
766065
766066
766067
766068
766069
766070
766071
766072
766073
766074
766075
766076
766077
766078
766079
766080
766081
766082
766083
766084
766085
766086
766087
766088
766089
766090
766091
766092
766093
766094
766095
766096
766097
766098
766099
766100
766101
766102
766103
766104
766105
766106
766107
766108
766109
766110
766111
766112
766113
766114
766115
766116
766117
766118
766119
766120
766121
766122
766123
766124
766125
766126
766127
766128
766129
766130
766131
766132
766133
766134
766135
766136
766137
766138
766139
766140
766141
766386
766387
766388
766389
766390
766391
766392
766393
766394
766395
766396
766397
766398
766399
766400
766401
766402
766403
766404
766405
766406
766407
766408
766409
766410
766411
766412
766413
766414
766415
766416
766417
766418
766419
766420
766421
766422
766423
766424
766425
766426
766427
766428
766429
766430
766431
766432
766433
766434
766435
766436
766437
766438
766439
766440
766441
766442
766443
766444
766445
766446
766447
766448
766449
766450
766451
766452
766453
766454
766455
766456
766457
766458
766459
766460
766461
766462
766463
766464
766465
766466
766467
766468
766469
766470
766471
766472
766473
766474
766475
766476
766477
766478
766479
766480
766481
766482
766483
766484
766485
766486
766487
766488
766489
766490
766491
766492
766493
766494
766495
766496
766497
766498
766499
766500
766501
766502
766503
766504
766505
766506
766507
766508
766509
766510
766511
766512
766513
766514
766515
766516
766517
766518
766519
766520
766521
766522
766523
766524
766525
766526
766527
766528
766529
766530
766531
766532
766533
766534
766535
766536
766537
766538
766539
766540
766541
766542
766543
766544
766545
766546
766547
766548
766549
766550
766551
766552
766553
766554
766555
766556
766557
766558
766559
766560
766561
766562
766563
766564
766565
766566
766567
766568
766569
766570
766571
766572
766573
766574
766575
766576
766577
766578
766579
766580
766581
766582
766583
766584
766585
766586
766587
766588
766589
766590
766591
766592
766593
766594
766595
766596
766597
766598
766599
766600
766601
766602
766603
766604
766605
766606
766607
766608
766609
766610
766611
766612
766613
766614
766615
766616
766617
766618
766619
766620
766621
766622
766623
766624
766625
766626
766627
766628
766629
766630
766631
766632
766633
766634
766635
766636
766637
766638
766639
766640
766641
766642
766643
766644
766645
766646
766647
766648
766649
766650
766651
766652
766653
766654
766655
766656
766657
766658
766659
766660
766661
766662
766663
766664
766665
766666
766667
766668
766669
766670
766671
766672
766673
766674
766675
766676
766677
766678
766679
766680
766681
766682
766683
766684
766685
766686
766687
767438
767439
767440
767441
767442
767443
767444
767445
767446
767447
767448
767449
767450
767451
767452
767453
767454
767455
767456
767457
767458
767459
767460
767461
767462
767463
767464
767465
767466
767467
767468
767469
767470
767471
767472
767473
767474
767475
767476
767477
767478
767479
767480
767481
767482
767483
767484
767485
767486
767487
767488
767489
767490
767491
767492
767493
767494
767495
767496
767497
767498
767499
767500
767501
767502
767503
767504
767505
767506
767507
767508
767509
767510
767511
767512
767513
767514
767515
767516
767517
767518
767519
767520
767521
767522
767523
767524
767525
767526
767527
767528
767529
767530
767531
767532
767533
767534
767535
767536
767537
767538
767539
767540
767541
767542
767543
767544
767545
767546
767547
767548
767549
767550
767551
767552
767553
767554
767555
767556
767557
767558
767559
767560
767561
767562
767563
767564
767565
767566
767567
767568
767569
767570
767571
767572
767573
767623
767624
767625
767626
767627
767628
767629
767630
767631
767632
767633
767634
767635
767636
767637
767638
767639
767640
767641
767642
767643
767644
767645
767646
767647
767648
767649
767650
767651
767652
767653
767654
767655
767656
767657
767658
767659
767660
767661
767662
767663
767664
767665
767666
767667
767668
767669
767670
767671
767672
767673
767674
767675
767676
767677
767678
767679
767680
767681
767682
767683
767684
767685
767686
767687
767688
767689
767690
767691
767692
767693
767694
767695
767696
767697
767698
767699
767700
767701
767702
767703
767704
767705
767706
767707
767708
767709
767710
767711
767712
767713
767714
767715
767716
767717
767718
767719
767720
767721
767722
767723
767724
767725
767726
767727
767728
767729
767730
767731
767732
767733
767734
767735
767736
767737
767738
767739
767740
767741
767742
767743
767744
767745
767746
767747
767748
767749
767750
767751
767752
767753
767754
767755
767756
767757
767758
767759
767760
767761
767762
767763
767764
767765
767766
767767
767768
767769
767770
767771
767772
767773
767774
767775
767776
767777
767778
767779
767780
767781
767782
767783
767784
767785
767786
767787
767788
767789
767790
767791
767792
767793
767794
767795
767796
767797
767798
767799
767800
767801
767802
767803
767804
767805
767806
767807
767808
767809
767810
767811
767812
767813
767814
767815
767816
767817
767818
767819
767820
767821
767822
767823
767824
767825
767826
767827
767828
767829
767830
767831
767832
767833
767834
767835
767836
767837
767838
767839
767840
767841
767842
767843
767844
767845
767846
767847
767848
767849
767850
767851
767852
767853
767854
767855
767856
767857
767858
767859
767860
767861
767862
767863
767864
767865
767866
767867
767868
767869
767870
767871
767872
767873
767874
767875
767876
767877
767878
767879
767880
767881
767882
767883
767884
767885
767886
767887
767888
767889
767890
767891
767892
767893
767894
767934
767935
767936
767937
767938
767939
767940
767941
767942
767943
767944
767945
767946
767947
767948
767949
767950
767951
767952
767953
767954
767955
767956
767957
767958
767959
767960
767961
767962
767963
767964
767965
767966
767967
767968
767969
767970
767971
767972
767973
767974
767975
767976
767977
767978
767979
767980
767981
767982
767983
767984
767985
767986
767987
767988
767989
767990
767991
767992
767993
767994
767995
767996
767997
767998
767999
768000
768001
768246
768247
768248
768249
768250
768251
768252
768253
768254
768255
768256
768257
768258
768259
768260
768261
768262
768263
768264
768265
768266
768267
768268
768269
768270
768271
768272
768273
768274
768275
768276
768277
768278
768279
768280
768281
768282
768283
768284
768285
768286
768287
768288
768289
768290
768291
768292
768293
768294
768295
768296
768297
768298
768299
768300
768301
768302
768303
768304
768305
768306
768307
768308
768309
768310
768311
768312
768313
768314
768315
768316
768317
768318
768319
768320
768321
768322
768323
768324
768325
768326
768327
768328
768329
768330
768331
768332
768333
768334
768335
768336
768337
768338
768339
768340
768341
768342
768343
768344
768345
768346
768347
768348
768349
768350
768351
768352
768353
768354
768355
768356
768357
768358
768359
768360
768361
768362
768363
768364
768365
768366
768367
768368
768369
768370
768371
768372
768373
768374
768375
768376
768377
768378
768379
768380
768381
768382
768383
768384
768385
768386
768387
768388
768389
768390
768391
768392
768393
768394
768395
768396
768397
768398
768399
768400
768401
768402
768403
768404
768405
768406
768407
768408
768409
768410
768411
768412
768413
768414
768415
768416
768417
768418
768419
768420
768421
768422
768423
768424
768425
768426
768427
768428
768429
768430
768431
768432
768433
768434
768435
768436
768437
768438
768439
768440
768441
768442
768443
768444
768445
768446
768447
768448
768449
768450
768451
768452
768453
768454
768455
768456
768457
768458
768459
768460
768461
768462
768463
768464
768465
768466
768467
768468
768469
768470
768471
768472
768473
768474
768475
768476
768477
768478
768479
768480
768481
768482
768483
768484
768485
768486
768487
768488
768489
768490
768491
768492
768493
768494
768495
768496
768497
768498
768499
768500
768501
768502
768503
768504
768505
768506
768507
768508
768509
768510
768511
768512
768513
768514
768515
768516
768517
768518
768519
768520
768521
768522
768523
768524
768525
768526
768527
768528
768529
768530
768531
768532
768533
768534
768535
768536
768537
769244
769245
769246
769247
769248
769249
769250
769251
769252
769253
769254
769255
769256
769257
769258
769259
769260
769261
769262
769263
769264
769265
769266
769267
769268
769269
769270
769271
769272
769273
769274
769275
769276
769277
769278
769279
769280
769281
769282
769283
769284
769285
769286
769287
769288
769289
769290
769291
769292
769293
769294
769295
769296
769297
769298
769299
769300
769301
769302
769303
769304
769305
769306
769307
769308
769309
769310
769311
769312
769313
769314
769315
769316
769317
769318
769319
769320
769321
769322
769323
769324
769325
769326
769327
769328
769329
769330
769331
769332
769333
769334
769335
769336
769337
769338
769339
769340
769341
769342
769343
769344
769345
769346
769347
769348
769349
769350
769351
769352
769353
769354
769355
769356
769357
769358
769359
769360
769361
769362
769363
769364
769365
769366
769367
769368
769369
769370
769371
769372
769373
769374
769375
769376
769377
769378
769379
769380
769381
769382
769383
769384
769385
769386
769387
769388
769389
769390
769391
769392
769393
769394
769395
769396
769397
769398
769399
769400
769401
769402
769403
769404
769405
769406
769407
769408
769409
769410
769411
769412
769413
769414
769415
769416
769417
769418
769419
769420
769421
769422
769423
769424
769425
769426
769427
769428
769429
769430
769431
769432
769433
769434
769435
769436
769437
769438
769439
769440
769441
769442
769443
769444
769445
769446
769447
769448
769449
769450
769451
769452
769453
769454
769455
769456
769457
769458
769459
769460
769461
769462
769463
769464
769465
769466
769467
769468
769469
769470
769471
769472
769473
769474
769475
769476
769477
769478
769479
769480
769481
769482
769483
769484
769485
769486
769487
769488
769489
769490
769491
769492
769493
769494
769495
769496
769497
769498
769499
769500
769501
769502
769503
769504
769505
769506
769507
769508
769509
769510
769511
769512
769513
769514
769515
769516
769517
769518
769519
769520
769521
769522
769523
769524
769525
769526
769527
769528
769529
769530
769531
769532
769533
769534
769535
769536
769537
769538
769539
769540
769541
769542
769543
769544
769545
769546
769547
769548
769549
769550
769551
769552
769553
769554
769555
769556
769557
769558
769559
769560
769561
769562
769563
769564
769565
769566
769567
769568
769569
769570
769571
769572
769573
769574
769575
769576
769577
769578
769579
769580
769581
769582
769583
769584
769585
769586
769587
769588
769589
769590
769591
769592
769593
769594
769595
769596
769597
769598
769599
769600
769601
769602
769603
769604
769605
769606
769607
769608
769609
769610
769611
769612
769613
769614
769615
769616
769617
769618
769619
769620
769621
769622
769623
769624
769625
769626
769627
769628
769629
769630
769631
769632
769633
769634
769635
769636
769637
769638
769639
769640
769641
769642
769643
769644
769645
769646
769647
769648
769649
769650
769651
769652
769653
769654
769655
769656
769657
769658
769659
769660
769661
769662
769663
769664
769665
769666
769667
769668
769669
769670
769671
769672
769673
769674
769675
769676
769677
769678
769679
769680
769681
769682
769683
769684
769685
769686
769687
769688
769689
769690
769691
769692
769693
769694
769695
769696
769697
769698
769699
769700
769701
769702
769703
769704
769705
769706
769707
769708
769709
769710
769711
769712
769713
769714
769715
769716
769717
769718
769719
769720
769721
769722
769723
769724
769725
769726
769727
769728
769729
769730
769731
769732
769733
769734
769735
769736
769737
769738
769739
769740
769741
769742
769743
769744
769745
769746
769747
769748
769749
769750
769751
769752
769753
769754
769755
769756
769757
769758
769759
769760
769761
769762
769763
769764
769765
769766
769767
769768
769769
769770
769771
769772
769773
769774
769775
769776
769777
769778
769779
769780
769781
769782
769783
769784
769785
769786
769787
769788
769789
769790
769791
769792
769793
769794
769795
769796
769797
769798
769799
769800
769801
769802
769803
769804
769805
769806
769807
769808
769809
769810
769811
769812
769813
769814
769815
769816
769817
769818
769819
769820
769821
769822
769823
769824
769825
769826
769827
769828
769829
769830
769831
769832
769833
769834
769835
769836
769837
769838
769839
769840
769841
769842
769843
769844
769845
769846
769847
769848
769849
769850
769851
769852
769853
769854
769855
769856
769857
769858
769859
769860
769861
769862
769863
769864
769865
769866
769867
769868
769869
769870
769871
769872
769873
769874
769875
769876
769877
769878
769879
769880
769881
769882
769883
769884
769885
769886
769887
769888
769889
769890
769891
769892
769893
769894
769895
769896
769897
769898
769899
769900
769901
769902
769903
769904
769905
769906
769907
769908
769909
769910
769911
769912
769913
769914
769915
769916
769917
769918
769919
769920
769921
769922
769923
769924
769925
769926
769927
769928
769929
769930
769931
769932
769933
769934
769935
769936
769937
769938
769939
769940
769941
769942
769943
769944
769945
769946
769947
769948
769949
769950
769951
769952
769953
769954
769955
769956
769957
769958
769959
769960
769961
769962
769963
769964
769965
769966
769967
769968
769969
769970
769971
769972
769973
769974
769975
769976
769977
769978
769979
769980
769981
769982
769983
769984
769985
769986
769987
769988
769989
769990
769991
769992
769993
769994
769995
769996
769997
769998
769999
770000
770001
770002
770003
770004
770005
770006
770007
770008
770009
770010
770011
770012
770013
770014
770015
770016
770017
770018
770019
770020
770021
770022
770023
770024
770025
770026
770027
770028
770029
770030
770031
770032
770033
770034
770035
770036
770037
770038
770039
770040
770041
770042
770043
770044
770045
770046
770047
770048
770049
770050
770051
770052
770053
770054
770055
770056
770057
770058
770059
770060
770061
770062
770063
770064
770065
770066
770067
770068
770069
770070
770071
770072
770073
770074
770075
770076
770077
770078
770079
770080
770081
770082
770083
770084
770085
770086
770087
770088
770089
770090
770091
770092
770093
770094
770095
770096
770097
770098
770099
770100
770101
770102
770103
770104
770105
770106
770107
770108
770109
770110
770111
770112
770113
770114
770115
770116
770117
770118
770119
770120
770121
770122
770123
770124
770125
770126
770127
770128
770129
770130
770131
770132
770133
770134
770135
770136
770137
770138
770139
770140
770141
770142
770143
770144
770145
770146
770147
770148
770149
770150
770151
770152
770153
770154
770155
770156
770157
770158
770159
770160
770161
770162
770163
770164
770165
770166
770167
770168
770169
770170
770171
770172
770173
770174
770175
770176
770177
770178
770179
770180
770181
770182
770183
770184
770185
770186
770187
770188
770189
770190
770191
770192
770193
770194
770195
770196
770197
770198
770199
770200
770201
770202
770203
770204
770205
770206
770207
770208
770209
770210
770211
770212
770213
770214
770215
770216
770217
770218
770219
770220
770221
770222
770223
770224
770225
770226
770227
770228
770229
770230
770231
770232
770233
770234
770235
770236
770237
770238
770239
770240
770241
770242
770243
770244
770245
770246
770247
770248
770249
770250
770251
770252
770253
770254
770255
770256
770257
770258
770259
770260
770261
770262
770263
770264
770265
770266
770267
770268
770269
770270
770271
770272
770273
770274
770275
770276
770277
770278
770279
770280
770281
770282
770283
770284
770285
770286
770287
770288
770289
770290
770291
770292
770293
770294
770295
770296
770297
770298
770299
770300
770301
770302
770303
770304
770305
770306
770307
770308
770309
770310
770311
770312
770313
770314
770315
770316
770484
770485
770486
770487
770488
770489
770490
770491
770492
770493
770494
770495
770496
770497
770498
770499
770500
770501
770502
770503
770504
770505
770506
770507
770508
770509
770510
770511
770512
770513
770514
770515
770516
770517
770518
770519
770520
770521
770522
770523
770524
770525
770526
770527
770528
770529
770530
770531
770532
770533
770534
770535
770536
770537
770538
770539
770540
770541
770542
770543
770544
770545
770546
770547
770548
770549
770550
770551
770552
770553
770554
770555
770556
770557
770558
770559
770560
770561
770562
770563
770564
770565
770566
770567
770568
770569
770570
770571
770572
770573
770574
770575
770576
770577
770578
770579
770580
770581
770582
770583
770584
770585
770586
770587
770588
770589
770590
770591
770592
770593
770594
770595
770596
770597
770598
770599
770600
770601
770602
770603
770604
770605
770606
770607
770608
770609
770610
770611
770612
770613
770614
770615
770616
770617
770618
770619
770620
770621
770622
770623
770624
770625
770626
770627
770628
770629
770630
770631
770632
770633
770634
770635
770636
770637
770638
770639
770640
770641
770642
770643
770644
770645
770646
770647
770648
770649
770650
770651
770652
770653
770654
770655
770656
770657
770658
770659
770660
770661
770662
770663
770664
770665
770666
770667
770668
770669
770670
770671
770672
770673
770674
770675
770676
770677
770678
770679
770680
770681
770682
770683
770684
770685
770686
770687
770688
770689
770690
770691
770692
770693
770694
770695
770696
770697
770698
770699
770700
770701
770702
770703
770704
770705
770706
770707
770708
770709
770710
770711
770712
770713
770714
770715
770716
770717
770718
770719
770720
770721
770722
770723
770724
770725
770726
770727
770728
770729
770730
770731
770732
770733
770734
770735
770736
770737
770738
770739
770740
770741
770742
770743
770744
770745
770746
770747
770748
770749
770750
770906
770907
770908
770909
770910
770911
770912
770913
770914
770915
770916
770917
770918
770919
770920
770921
770922
770923
770924
770925
770926
770927
770928
770929
770930
770931
770932
770933
770934
770935
770936
770937
770938
770939
770940
770941
770942
770943
770944
770945
770946
770947
770948
770949
770950
770951
770952
770953
770954
770955
770956
770957
770958
770959
770960
770961
770962
770963
770964
770965
770966
770967
770968
770969
770970
770971
770972
770973
770974
770975
770976
770977
770978
770979
770980
770981
770982
770983
770984
770985
770986
770987
770988
770989
770990
770991
770992
770993
770994
770995
770996
770997
770998
770999
771000
771001
771002
771003
771004
771005
771006
771007
771008
771009
771010
771011
771012
771013
771014
771015
771016
771017
771018
771019
771020
771021
771022
771023
771024
771025
771026
771027
771028
771029
771030
771031
771032
771033
771034
771035
771036
771037
771038
771039
771040
771041
771042
771043
771044
771045
771046
771047
771048
771049
771050
771051
771052
771053
771054
771055
771056
771057
771058
771059
771060
771061
771062
771063
771064
771065
771066
771067
771068
771069
771070
771071
771072
771073
771074
771075
771076
771077
771078
771079
771080
771081
771082
771083
771084
771085
771086
771087
771088
771089
771090
771091
771092
771093
771094
771095
771096
771097
771098
771099
771100
771101
771102
771103
771104
771105
771106
771107
771108
771109
771110
771111
771112
771113
771114
771115
771116
771117
771118
771119
771120
771121
771122
771123
771124
771125
771126
771127
771128
771129
771130
771131
771132
771133
771134
771135
771136
771137
771138
771139
771140
771141
771142
771143
771144
771145
771146
771147
771148
771149
771150
771151
771152
771153
771154
771155
771156
771157
771158
771159
771160
771161
771162
771163
771164
771165
771166
771167
771168
771169
771170
771171
771172
771364
771365
771366
771367
771368
771369
771370
771371
771372
771373
771374
771375
771376
771377
771378
771379
771380
771381
771382
771383
771384
771385
771386
771387
771388
771389
771390
771391
771392
771393
771394
771395
771396
771397
771398
771399
771400
771401
771402
771403
771404
771405
771406
771407
771408
771409
771410
771411
771412
771413
771414
771415
771416
771417
771418
771419
771420
771421
771422
771423
771424
771425
771426
771427
771428
771429
771430
771431
771432
771433
771434
771435
771436
771437
771438
771439
771440
771441
771442
771443
771444
771445
771446
771447
771448
771449
771450
771451
771452
771453
771454
771455
771456
771457
771458
771459
771460
771461
771462
771463
771464
771465
771466
771467
771468
771469
771470
771471
771472
771473
771474
771475
771476
771477
771478
771479
771480
771481
771482
771483
771484
771485
771486
771487
771488
771489
771490
771491
771492
771493
771494
771495
771496
771497
771498
771499
771500
771501
771502
771503
771504
771505
771506
771507
771508
771509
771510
771511
771512
771513
771514
771515
771516
771517
771518
771519
771520
771521
771522
771523
771524
771525
771526
771527
771528
771529
771530
771531
771532
771533
771534
771535
771536
771537
771538
771539
771540
771541
771542
771543
771544
771545
771546
771547
771548
771549
771550
771551
771552
771553
771554
771555
771556
771557
771558
771559
771560
771561
771562
771563
771564
771565
771566
771567
771568
771569
771570
771571
771572
771573
771574
771575
771576
771577
771578
771579
771580
771581
771582
771583
771584
771585
771586
771587
771588
771589
771590
771591
771592
771593
771594
771595
771596
771597
771598
771599
771600
771601
771602
771603
771604
771605
771606
771607
771608
771609
771610
771611
771612
771613
771614
771615
771616
771617
771618
771619
771620
771621
771622
771623
771624
771625
771626
771627
771628
771629
771630
771798
771799
771800
771801
771802
771803
771804
771805
771806
771807
771808
771809
771810
771811
771812
771813
771814
771815
771816
771817
771818
771819
771820
771821
771822
771823
771824
771825
771826
771827
771828
771829
771830
771831
771832
771833
771834
771835
771836
771837
771838
771839
771840
771841
771842
771843
771844
771845
771846
771847
771848
771849
771850
771851
771852
771853
771854
771855
771856
771857
771858
771859
771860
771861
771862
771863
771864
771865
771866
771867
771868
771869
771870
771871
771872
771873
771874
771875
771876
771877
771878
771879
771880
771881
771882
771883
771884
771885
771886
771887
771888
771889
771890
771891
771892
771893
771894
771895
771896
771897
771898
771899
771900
771901
771902
771903
771904
771905
771906
771907
771908
771909
771910
771911
771912
771913
771914
771915
771916
771917
771918
771919
771920
771921
771922
771923
771924
771925
771926
771927
771928
771929
771930
771931
771932
771933
771934
771935
771936
771937
771938
771939
771940
771941
771942
771943
771944
771945
771946
771947
771948
771949
771950
771951
771952
771953
771954
771955
771956
771957
771958
771959
771960
771961
771962
771963
771964
771965
771966
771967
771968
771969
771970
771971
771972
771973
771974
771975
771976
771977
771978
771979
771980
771981
771982
771983
771984
771985
771986
771987
771988
771989
771990
771991
771992
771993
771994
771995
771996
771997
771998
771999
772000
772001
772002
772003
772004
772005
772006
772007
772008
772009
772010
772011
772012
772013
772014
772015
772016
772017
772018
772019
772020
772021
772022
772023
772024
772025
772026
772027
772028
772029
772030
772031
772032
772033
772034
772035
772036
772037
772038
772039
772040
772041
772042
772043
772044
772045
772046
772047
772048
772049
772050
772051
772052
772053
772054
772055
772056
772057
772058
772059
772060
772061
772062
772063
772064
772236
772237
772238
772239
772240
772241
772242
772243
772244
772245
772246
772247
772248
772249
772250
772251
772252
772253
772254
772255
772256
772257
772258
772259
772260
772261
772262
772263
772264
772265
772266
772267
772268
772269
772270
772271
772272
772273
772274
772275
772276
772277
772278
772279
772280
772281
772282
772283
772284
772285
772286
772287
772288
772289
772290
772291
772292
772293
772294
772295
772296
772297
772298
772299
772300
772301
772302
772303
772304
772305
772306
772307
772308
772309
772310
772311
772312
772313
772314
772315
772316
772317
772318
772319
772320
772321
772322
772323
772324
772325
772326
772327
772328
772329
772330
772331
772332
772333
772334
772335
772336
772337
772338
772339
772340
772341
772342
772343
772344
772345
772346
772347
772348
772349
772350
772351
772352
772353
772354
772355
772356
772357
772358
772359
772360
772361
772362
772363
772364
772365
772366
772367
772368
772369
772370
772371
772372
772373
772374
772375
772376
772377
772378
772379
772380
772381
772382
772383
772384
772385
772386
772387
772388
772389
772390
772391
772392
772393
772394
772395
772396
772397
772398
772399
772400
772401
772402
772403
772404
772405
772406
772407
772408
772409
772410
772411
772412
772413
772414
772415
772416
772417
772418
772419
772420
772421
772422
772423
772424
772425
772426
772427
772428
772429
772430
772431
772432
772433
772434
772435
772436
772437
772438
772439
772440
772441
772442
772443
772444
772445
772446
772447
772448
772449
772450
772451
772452
772453
772454
772455
772456
772457
772458
772459
772460
772461
772462
772463
772464
772465
772466
772467
772468
772469
772470
772471
772472
772473
772474
772475
772476
772477
772478
772479
772480
772481
772482
772483
772484
772485
772486
772487
772488
772489
772490
772491
772492
772493
772494
772495
772496
772497
772498
772499
772500
772501
772502
772670
772671
772672
772673
772674
772675
772676
772677
772678
772679
772680
772681
772682
772683
772684
772685
772686
772687
772688
772689
772690
772691
772692
772693
772694
772695
772696
772697
772698
772699
772700
772701
772702
772703
772704
772705
772706
772707
772708
772709
772710
772711
772712
772713
772714
772715
772716
772717
772718
772719
772720
772721
772722
772723
772724
772725
772726
772727
772728
772729
772730
772731
772732
772733
772734
772735
772736
772737
772738
772739
772740
772741
772742
772743
772744
772745
772746
772747
772748
772749
772750
772751
772752
772753
772754
772755
772756
772757
772758
772759
772760
772761
772762
772763
772764
772765
772766
772767
772768
772769
772770
772771
772772
772773
772774
772775
772776
772777
772778
772779
772780
772781
772782
772783
772784
772785
772786
772787
772788
772789
772790
772791
772792
772793
772794
772795
772796
772797
772798
772799
772800
772801
772802
772803
772804
772805
772806
772807
772808
772809
772810
772811
772812
772813
772814
772815
772816
772817
772818
772819
772820
772821
772822
772823
772824
772825
772826
772827
772828
772829
772830
772831
772832
772833
772834
772835
772836
772837
772838
772839
772840
772841
772842
772843
772844
772845
772846
772847
772848
772849
772850
772851
772852
772853
772854
772855
772856
772857
772858
772859
772860
772861
772862
772863
772864
772865
772866
772867
772868
772869
772870
772871
772872
772873
772874
772875
772876
772877
772878
772879
772880
772881
772882
772883
772884
772885
772886
772887
772888
772889
772890
772891
772892
772893
772894
772895
772896
772897
772898
772899
772900
772901
772902
772903
772904
772905
772906
772907
772908
772909
772910
772911
772912
772913
772914
772915
772916
772917
772918
772919
772920
772921
772922
772923
772924
772925
772926
772927
772928
772929
772930
772931
772932
772933
772934
772935
772936
773072
773073
773074
773075
773076
773077
773078
773079
773080
773081
773082
773083
773084
773085
773086
773087
773088
773089
773090
773091
773092
773093
773094
773095
773096
773097
773098
773099
773100
773101
773102
773103
773104
773105
773106
773107
773108
773109
773110
773111
773112
773113
773114
773115
773116
773117
773118
773119
773120
773121
773122
773123
773124
773125
773126
773127
773128
773129
773130
773131
773132
773133
773134
773135
773136
773137
773138
773139
773140
773141
773142
773143
773144
773145
773146
773147
773148
773149
773150
773151
773152
773153
773154
773155
773156
773157
773158
773159
773160
773161
773162
773163
773164
773165
773166
773167
773168
773169
773170
773171
773172
773173
773174
773175
773176
773177
773178
773179
773180
773181
773182
773183
773184
773185
773186
773187
773188
773189
773190
773191
773192
773193
773194
773195
773196
773197
773198
773199
773200
773201
773202
773203
773204
773205
773206
773207
773208
773209
773210
773211
773212
773213
773214
773215
773216
773217
773218
773219
773220
773221
773222
773223
773224
773225
773226
773227
773228
773229
773230
773231
773232
773233
773234
773235
773236
773237
773238
773239
773240
773241
773242
773243
773244
773245
773246
773247
773248
773249
773250
773251
773252
773253
773254
773255
773256
773257
773258
773259
773260
773261
773262
773263
773264
773265
773266
773267
773268
773269
773270
773271
773272
773273
773274
773275
773276
773277
773278
773279
773280
773281
773282
773283
773284
773285
773286
773287
773288
773289
773290
773291
773292
773293
773294
773295
773296
773297
773298
773299
773300
773301
773302
773303
773304
773305
773306
773307
773308
773309
773310
773311
773312
773313
773314
773315
773316
773317
773318
773319
773320
773321
773322
773323
773324
773325
773326
773327
773328
773329
773330
773331
773332
773333
773334
773335
773336
773337
773338
773510
773511
773512
773513
773514
773515
773516
773517
773518
773519
773520
773521
773522
773523
773524
773525
773526
773527
773528
773529
773530
773531
773532
773533
773534
773535
773536
773537
773538
773539
773540
773541
773542
773543
773544
773545
773546
773547
773548
773549
773550
773551
773552
773553
773554
773555
773556
773557
773558
773559
773560
773561
773562
773563
773564
773565
773566
773567
773568
773569
773570
773571
773572
773573
773574
773575
773576
773577
773578
773579
773580
773581
773582
773583
773584
773585
773586
773587
773588
773589
773590
773591
773592
773593
773594
773595
773596
773597
773598
773599
773600
773601
773602
773603
773604
773605
773606
773607
773608
773609
773610
773611
773612
773613
773614
773615
773616
773617
773618
773619
773620
773621
773622
773623
773624
773625
773626
773627
773628
773629
773630
773631
773632
773633
773634
773635
773636
773637
773638
773639
773640
773641
773642
773643
773644
773645
773646
773647
773648
773649
773650
773651
773652
773653
773654
773655
773656
773657
773658
773659
773660
773661
773662
773663
773664
773665
773666
773667
773668
773669
773670
773671
773672
773673
773674
773675
773676
773677
773678
773679
773680
773681
773682
773683
773684
773685
773686
773687
773688
773689
773690
773691
773692
773693
773694
773695
773696
773697
773698
773699
773700
773701
773702
773703
773704
773705
773706
773707
773708
773709
773710
773711
773871
773872
773873
773874
773875
773876
773877
773878
773879
773880
773881
773882
773883
773884
773885
773886
773887
773888
773889
773890
773891
773892
773893
773894
773895
773896
773897
773898
773899
773900
773901
773902
773903
773904
773905
773906
773907
773908
773909
773910
773911
773912
773913
773914
773915
773916
773917
773918
773919
773920
773921
773922
773923
773924
773925
773926
773927
773928
773929
773930
773931
773932
773933
773934
773935
773936
773937
773938
773939
773940
773941
773942
773943
773944
773945
773946
773947
773948
773949
773950
773951
773952
773953
773954
773955
773956
773957
773958
773959
773960
773961
773962
773963
773964
773965
773966
773967
773968
773969
773970
773971
773972
773973
773974
773975
773976
773977
773978
773979
773980
773981
773982
773983
773984
773985
773986
773987
773988
773989
773990
773991
773992
773993
773994
773995
773996
773997
773998
773999
774000
774001
774002
774003
774004
774005
774006
774007
774008
774009
774010
774011
774012
774013
774014
774015
774016
774017
774018
774019
774020
774021
774022
774023
774024
774025
774026
774027
774028
774029
774030
774031
774032
774033
774034
774035
774036
774037
774038
774039
774040
774041
774042
774043
774044
774045
774046
774047
774048
774049
774050
774051
774052
774053
774054
774055
774056
774057
774058
774059
774060
774061
774062
774063
774064
774065
774066
774067
774068
774069
774070
774071
774072
774073
774074
774075
774076
774077
774078
774079
774080
774081
774082
774083
774084
774085
774086
774087
774088
774089
774090
774091
774092
774093
774094
774095
774096
774097
774098
774099
774100
774101
774102
774103
774104
774105
774106
774107
774108
774109
774110
774111
774112
774113
774114
774115
774116
774117
774118
774119
774120
774528
774529
774530
774531
774532
774533
774534
774535
774536
774537
774538
774539
774540
774541
774542
774543
774544
774545
774546
774547
774548
774549
774550
774551
774552
774553
774554
774555
774556
774557
774558
774559
774560
774561
774562
774563
774564
774565
774566
774567
774568
774569
774570
774571
774572
774573
774574
774575
774576
774577
774578
774579
774580
774581
774582
774583
774584
774585
774586
774587
774588
774589
774590
774591
774592
774593
774594
774595
774596
774597
774598
774599
774600
774601
774602
774603
774604
774605
774606
774607
774608
774609
774610
774611
774612
774613
774614
774615
774616
774617
774618
774619
774620
774621
774622
774623
774624
774625
774626
774627
774628
774629
774630
774631
774632
774633
774634
774635
774636
774637
774638
774639
774640
774641
774642
774643
774644
774645
774646
774647
774648
774649
774650
774651
774652
774653
774654
774655
774656
774657
774658
774659
774660
774661
774662
774663
774664
774665
774666
774667
774668
774669
774670
774671
774672
774673
774674
774675
774676
774677
774678
774679
774680
774681
774682
774683
774684
774685
774686
774687
774688
774689
774690
774691
774692
774693
774694
774695
774696
774697
774698
774699
774700
774701
774702
774703
774704
774705
774706
774707
774708
774709
774710
774711
774712
774713
774714
774715
774716
774717
774718
774719
774720
774721
774722
774723
774724
774725
774726
774727
774728
774729
774730
774731
774732
774733
774734
774735
774736
774737
774738
774739
774740
774741
774742
774743
774744
774745
774746
774747
774748
774749
774750
774751
774752
774753
774754
774755
774756
774757
774758
774759
774760
774761
774762
774763
774764
774765
774766
774767
774768
774769
774770
774771
774772
774773
774774
774775
774776
774777
774778
774779
774780
774781
774782
774783
774784
774785
774786
774787
774788
774789
774790
774791
774792
774793
774794
774795
774796
774797
774798
774799
774800
774801
774802
774803
774804
774805
774806
775072
775073
775074
775075
775076
775077
775078
775079
775080
775081
775082
775083
775084
775085
775086
775087
775088
775089
775090
775091
775092
775093
775094
775095
775096
775097
775098
775099
775100
775101
775102
775103
775104
775105
775106
775107
775108
775109
775110
775111
775112
775113
775114
775115
775116
775117
775118
775119
775120
775121
775122
775123
775124
775125
775126
775127
775128
775129
775130
775131
775132
775133
775134
775135
775136
775137
775138
775139
775140
775141
775142
775143
775144
775145
775146
775147
775148
775149
775150
775151
775152
775153
775154
775155
775156
775157
775158
775159
775160
775161
775162
775163
775164
775165
775166
775167
775168
775169
775170
775171
775172
775173
775174
775175
775176
775177
775178
775179
775180
775181
775182
775183
775184
775185
775186
775187
775188
775189
775190
775191
775192
775193
775194
775195
775196
775197
775198
775199
775200
775201
775202
775203
775204
775205
775206
775472
775473
775474
775475
775476
775477
775478
775479
775480
775481
775482
775483
775484
775485
775486
775487
775488
775489
775490
775491
775492
775493
775494
775495
775496
775497
775498
775499
775500
775501
775502
775503
775504
775505
775506
775507
775508
775509
775510
779453
779454
779455
779456
779457
779458
779459
779460
779461
779462
779463
779464
779465
779466
779467
779468
779469
779470
779471
779472
779473
779474
779475
779476
779477
779478
779479
779480
779481
779482
779483
779484
779485
779486
779487
779488
779489
779490
779491
779492
779493
779494
779495
779496
779497
779498
779499
779500
779501
779502
779503
779504
779505
779506
779507
779508
779509
779510
779511
779512
779513
779514
779515
779516
779517
779518
779519
779520
779521
779522
779523
779524
779525
779526
779527
779528
779529
779530
779531
779532
779533
779534
779535
779536
779537
779538
779539
779540
779541
779542
779543
779544
779545
779546
779547
779548
779549
779550
779551
779552
779553
779554
779555
779556
779557
779558
779559
779560
779561
779562
779563
779564
779565
779566
779567
779568
779569
779570
779571
779572
779573
779574
779575
779576
779577
779578
779579
779580
779581
779582
779583
779584
779585
779586
779587
779588
779589
779590
779591
779592
779593
779594
779595
779596
779597
779598
779599
779600
779601
779602
779603
779604
779605
779606
779607
779608
779609
779610
779611
779612
779613
779614
779615
779616
779617
779618
779619
779620
779621
779622
779623
779624
779625
779626
779627
779628
779629
779630
779631
779632
779633
779634
779635
779636
779637
779638
779639
779640
779641
779642
779643
779644
779645
779646
779647
779648
779649
779650
779651
779652
779653
779654
779655
779656
779657
779658
779659
779660
779661
779662
779663
779664
779665
779666
779667
779668
779669
779670
779671
779672
779673
779674
779675
779676
779677
779678
779679
779680
779681
779682
779683
779684
779685
779686
779687
779688
779689
779690
779691
779692
779693
779694
779695
779696
779697
779698
779699
779700
779701
779702
779703
779704
779705
779706
779707
779708
779709
779710
779711
779712
779713
779714
779715
779716
779717
779718
779719
779720
779721
779722
779723
779724
779725
779726
779727
779728
779729
779730
779731
779732
779733
779734
779735
779736
779737
779738
779739
779740
779741
779742
779743
779744
779745
779746
779747
779748
779749
779750
779751
779752
779753
779754
779755
779756
779757
779758
779759
779760
779761
779762
779763
779764
779765
779766
779767
779768
779769
779770
779771
779772
779773
779774
779775
779776
779777
779778
779779
779780
779781
779782
779783
779784
779785
779786
779787
779788
779789
779790
779791
779792
779793
779794
779795
779796
779797
779798
779799
779800
779801
779802
779803
779804
779805
779806
779807
779808
779809
779810
779811
779812
779813
779814
779815
779816
779817
779818
779819
779820
779821
779822
779823
779824
779825
779826
779827
779828
779829
779830
779831
779832
779833
779834
779835
779836
779837
779838
779839
779840
779841
779842
779843
779844
779845
779846
779847
779848
779849
779850
779851
779852
779853
779854
779855
779856
779857
779858
779859
779860
779861
779862
779863
779864
779865
779866
779867
779868
779869
779870
779871
779872
779873
779874
779875
779876
779877
779878
779879
779880
779881
779882
779883
779884
779885
779886
779887
779888
779889
779890
779891
779892
779893
779894
779895
779896
779897
779898
779899
779900
779901
779902
779903
779904
779905
779906
779907
779908
779909
779910
779911
779912
779913
779914
779915
779916
779917
779918
779919
779920
779921
779922
779923
779924
779925
779926
779927
779928
779929
779930
779931
779932
779933
779934
779935
779936
779937
779938
779939
779940
779941
779942
779943
779944
779945
779946
779947
779948
779949
779950
779951
779952
779953
779954
779955
779956
779957
779958
779959
779960
779961
779962
779963
779964
779965
779966
779967
779968
779969
779970
779971
779972
779973
779974
779975
779976
779977
779978
779979
779980
779981
779982
779983
779984
779985
779986
779987
779988
779989
779990
779991
779992
779993
779994
779995
779996
779997
779998
779999
780000
780001
780002
780003
780004
780005
780006
780007
780008
780009
780010
780011
780012
780013
780014
780015
780016
780017
780018
780019
780020
780021
780022
780023
780024
780025
780026
780027
780028
780029
780030
780031
780032
780033
780034
780035
780036
780037
780038
780039
780040
780041
780042
780043
780044
780045
780046
780047
780048
780049
780050
780051
780052
780053
780054
780055
780056
780057
780058
780059
780060
780061
780062
780063
780064
780065
780066
780067
780068
780069
780070
780071
780072
780073
780074
780075
780076
780077
780078
780079
780080
780081
780082
780083
780084
780085
780086
780087
780088
780089
780090
780091
780092
780093
780094
780095
780096
780097
780098
780099
780100
780101
780102
780103
780104
780105
780106
780107
780108
780109
780110
780111
780112
780113
780114
780115
780116
780117
780118
780119
780120
780121
780122
780123
780124
780125
780126
780127
780128
780129
780130
780131
780132
780133
780134
780135
780136
780137
780138
780139
780140
780141
780142
780143
780144
780145
780146
780147
780148
780149
780150
780151
780152
780153
780154
780155
780156
780157
780158
780159
780160
780161
780162
780163
780164
780165
780166
780167
780168
780169
780170
780171
780172
780173
780174
780175
780176
780177
780178
780179
780180
780181
780182
780183
780184
780185
780186
780187
780188
780189
780190
780191
780192
780193
780194
780195
780196
780197
780198
780199
780200
780201
780202
780203
780204
780205
780206
780207
780208
780209
780210
780211
780212
780213
780214
780215
780216
780217
780218
780219
780220
780221
780222
780223
780224
780225
780226
780227
780228
780229
780230
780231
780232
780233
780234
780235
780236
780237
780238
780239
780240
780241
780242
780243
780244
780245
780246
780247
780248
780249
780250
780251
780252
780253
780254
780255
780256
780257
780258
780259
780260
780261
780262
780263
780264
780265
780266
780267
780268
780269
780270
780271
780272
780273
780274
780275
780276
780277
780278
780279
780280
780281
780282
780283
780284
780285
780286
780287
780288
780289
780290
780291
780292
780293
780294
780295
780296
780297
780298
780299
780300
780301
780302
780303
780304
780305
780306
780307
780308
780309
780310
780311
780312
780313
780314
780315
780316
780317
780318
780319
780320
780321
780322
780323
780324
780325
780326
780327
780328
780329
780330
780331
780332
780333
780334
780335
780336
780337
780338
780339
780340
780341
780342
780343
780344
780345
780346
780347
780348
780349
780350
780351
780352
780353
780354
780355
780356
780357
780358
780359
780360
780361
780362
780363
780364
780365
780366
780367
780368
780369
780370
780371
780372
780373
780374
780375
780376
780377
780378
780379
780380
780381
780382
780383
780384
780385
780386
780387
780388
780389
780390
780391
780392
780393
780394
780395
780396
780397
780398
780399
780400
780401
780402
780403
780404
780405
780406
780407
780408
780409
780410
780411
780412
780413
780414
780415
780416
780417
780418
780419
780420
780421
780422
780423
780424
780425
780426
780427
780428
780429
780430
780431
780432
780433
780434
780435
780436
780437
780438
780439
780440
780441
780442
780443
780444
780445
780446
780447
780448
780449
780450
780451
780452
780453
780454
780455
780456
780457
780458
780459
780460
780461
780462
780463
780464
780465
780466
780467
780468
780469
780470
780471
780472
780473
780474
780475
780476
780477
780478
780479
780480
780481
780482
780483
780484
780485
780486
780487
780488
780489
780490
780491
780492
780493
780494
780495
780496
780497
780498
780499
780500
780501
780502
780503
780504
780505
780506
780507
780508
780509
780510
780511
780512
780513
780514
780515
780516
780517
780518
780519
780520
780521
780522
780523
780524
780525
780526
780527
780528
780529
780530
780531
780532
780533
780534
780535
780536
780537
780538
780539
780540
780541
780542
780543
780544
780545
780546
780547
780548
780549
780550
780551
780552
780553
780554
780555
780556
780557
780558
780559
780560
780561
780562
780563
780564
780565
780566
780567
780568
780569
780570
780571
780572
780573
780574
780575
780576
780577
780578
780579
780580
780581
780582
780583
780584
780585
780586
780587
780588
780589
780590
780591
780592
780593
780594
780595
780596
780597
780598
780599
780600
780601
780602
780603
780604
780605
780606
780607
780608
780609
780610
780611
780612
780613
780614
780615
780616
780617
780618
780619
780620
780621
780622
780623
780624
780625
780626
780627
780628
780629
780630
780631
780632
780633
780634
780635
780636
780637
780638
780639
780640
780641
780642
780643
780644
780645
780646
780647
780648
780649
780650
780651
780652
780653
780654
780655
780656
780657
780658
780659
780660
780661
780662
780663
780664
780665
780666
780667
780668
780669
780670
780671
780672
780673
780674
780675
780676
780677
780678
780679
780680
780681
780682
780683
780684
780685
780686
780687
780688
780689
780690
780691
780692
780693
780694
780695
780696
780697
780698
780699
780700
780701
780702
780703
780704
780705
780706
780707
780708
780709
780710
780711
780712
780713
780714
780715
780716
780717
780718
780719
780720
780721
780722
780723
780724
780725
780726
780727
780728
780729
780730
780731
780732
780733
780734
780735
780736
780737
780738
780739
780740
780741
780742
780743
780744
780745
780746
780747
780748
780749
780750
780751
780752
780753
780754
780755
780756
780757
780758
780759
780760
780761
780762
780763
780764
780765
780766
780767
780768
780769
780770
780771
780772
780773
780774
780775
780776
780777
780778
780779
780780
780781
780782
780783
780784
780785
780786
780787
780788
780789
780790
780791
780792
780793
780794
780795
780796
780797
780798
780799
780800
780801
780802
780803
780804
780805
780806
780807
780808
780809
780810
780811
780812
780813
780814
780815
780816
780817
780818
780819
780820
780821
780822
780823
780824
780825
780826
780827
780828
780829
780830
780831
780832
780833
780834
780835
780836
780837
780838
780839
780840
780841
780842
780843
780844
780845
780846
780847
780848
780849
780850
780851
780852
780853
780854
780855
780856
780857
780858
780859
780860
780861
780862
780863
780864
780865
780866
780867
780868
780869
780870
780871
780872
780873
780874
780875
780876
780877
780878
780879
780880
780881
780882
780883
780884
780885
780886
780887
780888
780889
780890
780891
780892
780893
780894
780895
780896
780897
780898
780899
780900
780901
780902
780903
780904
780905
780906
780907
780908
780909
780910
780911
780912
780913
780914
780915
780916
780917
780918
780919
780920
780921
780922
780923
780924
780925
780926
780927
780928
780929
780930
780931
780932
780933
780934
780935
780936
780937
780938
780939
780940
780941
780942
780943
780944
780945
780946
780947
780948
780949
780950
780951
780952
780953
780954
780955
780956
780957
780958
780959
780960
780961
780962
780963
780964
780965
780966
780967
780968
780969
780970
780971
780972
780973
780974
780975
780976
780977
780978
780979
780980
780981
780982
780983
780984
780985
780986
780987
780988
780989
780990
780991
780992
780993
780994
780995
780996
780997
780998
780999
781000
781001
781002
781003
781004
781005
781006
781007
781008
781009
781010
781011
781012
781013
781014
781015
781016
781017
781018
781019
781020
781021
781022
781023
781024
781025
781026
781027
781028
781029
781030
781031
781032
781033
781034
781035
781036
781037
781038
781039
781040
781041
781042
781043
781044
781045
781046
781047
781048
781049
781050
781051
781052
781053
781054
781055
781056
781057
781058
781059
781060
781061
781062
781063
781064
781065
781066
781067
781068
781069
781070
781071
781072
781073
781074
781075
781076
781077
781078
781079
781080
781081
781082
781083
781084
781085
781086
781087
781088
781089
781090
781091
781092
781093
781094
781095
781096
781097
781098
781099
781100
781101
781102
781103
781104
781105
781106
781107
781108
781109
781110
781111
781112
781113
781114
781115
781116
781117
781118
781119
781120
781121
781122
781123
781124
781125
781126
781127
781128
781129
781130
781131
781132
781133
781134
781135
781136
781137
781138
781139
781140
781141
781142
781143
781144
781145
781146
781147
781148
781149
781150
781151
781152
781153
781154
781155
781156
781157
781158
781159
781160
781161
781162
781163
781164
781165
781166
781167
781168
781169
781170
781171
781172
781173
781174
781175
781176
781177
781178
781179
781180
781181
781182
781183
781184
781185
781186
781187
781188
781189
781190
781191
781192
781193
781194
781195
781196
781197
781198
781199
781200
781201
781202
781203
781204
781205
781206
781207
781208
781209
781210
781211
781212
781213
781214
781215
781216
781217
781218
781219
781220
781221
781222
781223
781224
781225
781226
781227
781228
781229
781230
781231
781232
781233
781234
781235
781236
781237
781238
781239
781240
781241
781242
781243
781244
781245
781246
781247
781248
781249
781250
781251
781252
781253
781254
781255
781256
781257
781258
781259
781260
781261
781262
781263
781264
781265
781266
781267
781268
781269
781270
781271
781272
781273
781274
781275
781276
781277
781278
781279
781280
781281
781282
781283
781284
781285
781286
781287
781288
781289
781290
781291
781292
781293
781294
781295
781296
781297
781298
781299
781300
781301
781302
781303
781304
781305
781306
781307
781308
781309
781310
781311
781312
781313
781314
781315
781316
781317
781318
781319
781320
781321
781322
781323
781324
781325
781326
781327
781328
781329
781330
781331
781332
781333
781334
781335
781336
781337
781338
781339
781340
781341
781342
781343
781344
781345
781346
781347
781348
781349
781350
781351
781352
781353
781354
781355
781356
781357
781358
781359
781360
781361
781362
781363
781364
781365
781366
781367
781368
781369
781370
781371
781372
781373
781374
781375
781376
781377
781378
781379
781380
781381
781382
781383
781384
781385
781386
781387
781388
781389
781390
781391
781392
781393
781394
781395
781396
781397
781398
781399
781400
781401
781402
781403
781404
781405
781406
781407
781408
781409
781410
781411
781412
781413
781414
781415
781416
781417
781418
781419
781420
781421
781422
781423
781424
781425
781426
781427
781428
781429
781430
781431
781432
781433
781434
781435
781436
781437
781438
781439
781440
781441
781442
781443
781444
781445
781446
781447
781448
781449
781450
781451
781452
781453
781454
781455
781456
781457
781458
781459
781460
781461
781462
781463
781464
781465
781466
781467
781468
781469
781470
781471
781472
781473
781474
781475
781476
781477
781478
781479
781480
781481
781482
781483
781484
781485
781486
781487
781488
781489
781490
781491
781492
781493
781494
781495
781496
781497
781498
781499
781500
781501
781502
781503
781504
781505
781506
781507
781508
781509
781510
781511
781512
781513
781514
781515
781516
781517
781518
781519
781520
781521
781522
781523
781524
781525
781526
781527
781528
781529
781530
781531
781532
781533
781534
781535
781536
781537
781538
781539
781540
781541
781542
781543
781544
781545
781546
781547
781548
781549
781550
781551
781552
781553
781554
781555
781556
781557
781558
781559
781560
781561
781562
781563
781564
781565
781566
781567
781568
781569
781570
781571
781572
781573
781574
781575
781576
781577
781578
781579
781580
781581
781582
781583
781584
781585
781586
781587
781588
781589
781590
781591
781592
781593
781594
781595
781596
781597
781598
781599
781600
781601
781602
781603
781604
781605
781606
781607
781608
781609
781610
781611
781612
781613
781614
781615
781616
781617
781618
781619
781620
781621
781622
781623
781624
781625
781626
781627
781628
781629
781630
781631
781632
781633
781634
781635
781636
781637
781638
781639
781640
781641
781642
781643
781644
781645
781646
781647
781648
781649
781650
781651
781652
781653
781654
781655
781656
781657
781658
781659
781660
781661
781662
781663
781664
781665
781666
781667
781668
781669
781670
781671
781672
781673
781674
781675
781676
781677
781678
781679
781680
781681
781682
781683
781684
781685
781686
781687
781688
781689
781690
781691
781692
781693
781694
781695
781696
781697
781698
781699
781700
781701
781702
781703
781704
781705
781706
781707
781708
781709
781710
781711
781712
781713
781714
781715
781716
781717
781718
781719
781720
781721
781722
781723
781724
781725
781726
781727
781728
781729
781730
781731
781732
781733
781734
781735
781736
781737
781738
781739
781740
781741
781742
781743
781744
781745
781746
781747
781748
781749
781750
781751
781752
781753
781754
781755
781756
781757
781758
781759
781760
781761
781762
781763
781764
781765
781766
781767
781768
781769
781770
781771
781772
781773
781774
781775
781776
781777
781778
781779
781780
781781
781782
781783
781784
781785
781786
781787
781788
781789
781790
781791
781792
781793
781794
781795
781796
781797
781798
781799
781800
781801
781802
781803
781804
781805
781806
781807
781808
781809
781810
781811
781812
781813
781814
781815
781816
781817
781818
781819
781820
781821
781822
781823
781824
781825
781826
781827
781828
781829
781830
781831
781832
781833
781834
781835
781836
781837
781838
781839
781840
781841
781842
781843
781844
781845
781846
781847
781848
781849
781850
781851
781852
781853
781854
781855
781856
781857
781858
781859
781860
781861
781862
781863
781864
781865
781866
781867
781868
781869
781870
781871
781872
781873
781874
781875
781876
781877
781878
781879
781880
781881
781882
781883
781884
781885
781886
781887
781888
781889
781890
781891
781892
781893
781894
781895
781896
781897
781898
781899
781900
781901
781902
781903
781904
781905
781906
781907
781908
781909
781910
781911
781912
781913
781914
781915
781916
781917
781918
781919
781920
781921
781922
781923
781924
781925
781926
781927
781928
781929
781930
781931
781932
781933
781934
781935
781936
781937
781938
781939
781940
781941
781942
781943
781944
781945
781946
781947
781948
781949
781950
781951
781952
781953
781954
781955
781956
781957
781958
781959
781960
781961
781962
781963
781964
781965
781966
781967
781968
781969
781970
781971
781972
781973
781974
781975
781976
781977
781978
781979
781980
781981
781982
781983
781984
781985
781986
781987
781988
781989
781990
781991
781992
781993
781994
781995
781996
781997
781998
781999
782000
782001
782002
782003
782004
782005
782006
782007
782008
782009
782010
782011
782012
782013
782014
782015
782016
782017
782018
782019
782020
782021
782022
782023
782024
782025
782026
782027
782028
782029
782030
782031
782032
782033
782034
782035
782036
782037
782038
782039
782040
782041
782042
782043
782044
782045
782046
782047
782048
782049
782050
782051
782052
782053
782054
782055
782056
782057
782058
782059
782060
782061
782062
782063
782064
782065
782066
782067
782068
782069
782070
782071
782072
782073
782074
782075
782076
782077
782078
782079
782080
782081
782082
782083
782084
782085
782086
782087
782088
782089
782090
782091
782092
782093
782094
782095
782096
782097
782098
782099
782100
782101
782102
782103
782104
782105
782106
782107
782108
782109
782110
782111
782112
782113
782114
782115
782116
782117
782118
782119
782120
782121
782122
782123
782124
782125
782126
782127
782128
782129
782130
782131
782132
782133
782134
782135
782136
782137
782138
782139
782140
782141
782142
782143
782144
782145
782146
782147
782148
782149
782150
782151
782152
782153
782154
782155
782156
782157
782158
782159
782160
782161
782162
782163
782164
782165
782166
782167
782168
782169
782170
782171
782172
782173
782174
782175
782176
782177
782178
782179
782180
782181
782182
782183
782184
782185
782186
782187
782188
782189
782190
782191
782192
782193
782194
782195
782196
782197
782198
782199
782200
782201
782202
782203
782204
782205
782206
782207
782208
782209
782210
782211
782212
782213
782214
782215
782216
782217
782218
782219
782220
782221
782222
782223
782224
782225
782226
782227
782228
782229
782230
782231
782232
782233
782234
782235
782236
782237
782238
782239
782240
782241
782242
782243
782244
782245
782246
782247
782248
782249
782250
782251
782252
782253
782254
782255
782256
782257
782258
782259
782260
782261
782262
782263
782264
782265
782266
782267
782268
782269
782270
782271
782272
782273
782274
782275
782276
782277
782278
782279
782280
782281
782282
782283
782284
782285
782286
782287
782288
782289
782290
782291
782292
782293
782294
782295
782296
782297
782298
782299
782300
782301
782302
782303
782304
782305
782306
782307
782308
782309
782310
782311
782312
782313
782314
782315
782316
782317
782318
782319
782320
782321
782322
782323
782324
782325
782326
782327
782328
782329
782330
782331
782332
782333
782334
782335
782336
782337
782338
782339
782340
782341
782342
782343
782344
782345
782346
782347
782348
782349
782350
782351
782352
782353
782354
782355
782356
782357
782358
782359
782360
782361
782362
782363
782364
782365
782366
782367
782368
782369
782370
782371
782372
782373
782374
782375
782376
782377
782378
782379
782380
782381
782382
782383
782384
782385
782386
782387
782388
782389
782390
782391
782392
782393
782394
782395
782396
782397
782398
782399
782400
782401
782402
782403
782404
782405
782406
782407
782408
782409
782410
782411
782412
782413
782414
782415
782416
782417
782418
782419
782420
782421
782422
782423
782424
782425
782426
782427
782428
782429
782430
782431
782432
782433
782434
782435
782436
782437
782438
782439
782440
782441
782442
782443
782444
782445
782446
782447
782448
782449
782450
782451
782452
782453
782454
782455
782456
782457
782458
782459
782460
782461
782462
782463
782464
782465
782466
782467
782468
782469
782470
782471
782472
782473
782474
782475
782476
782477
782478
782479
782480
782481
782482
782483
782484
782485
782486
782487
782488
782489
782490
782491
782492
782493
782494
782495
782496
782497
782498
782499
782500
782501
782502
782503
782504
782505
782506
782507
782508
782509
782510
782511
782512
782513
782514
782515
782516
782517
782518
782519
782520
782521
782522
782523
782524
782525
782526
782527
782528
782529
782530
782531
782532
782533
782534
782535
782536
782537
782538
782539
782540
782541
782542
782543
782544
782545
782546
782547
782548
782549
782550
782551
782552
782553
782554
782555
782556
782557
782558
782559
782560
782561
782562
782563
782564
782565
782566
782567
782568
782569
782570
782571
782572
782573
782574
782575
782576
782577
782578
782579
782580
782581
782582
782583
782584
782585
782586
782587
782588
782589
782590
782591
782592
782593
782594
782595
782596
782597
782598
782599
782600
782601
782602
782603
782604
782605
782606
782607
782608
782609
782610
782611
782612
782613
782614
782615
782616
782617
782618
782619
782620
782621
782622
782623
782624
782625
782626
782627
782628
782629
782630
782631
782632
782633
782634
782635
782636
782637
782638
782639
782640
782641
782642
782643
782644
782645
782646
782647
782648
782649
782650
782651
782652
782653
782654
782655
782656
782657
782658
782659
782660
782661
782662
782663
782664
782665
782666
782667
782668
782669
782670
782671
782672
782673
782674
782675
782676
782677
782678
782679
782680
782681
782682
782683
782684
782685
782686
782687
782688
782689
782690
782691
782692
782693
782694
782695
782696
782697
782698
782699
782700
782701
782702
782703
782704
782705
782706
782707
782708
782709
782710
782711
782712
782713
782714
782715
782716
782717
782718
782719
782720
782721
782722
782723
782724
782725
782726
782727
782728
782729
782730
782731
782732
782733
782734
782735
782736
782737
782738
782739
782740
782741
782742
782743
782744
782745
782746
782747
782748
782749
782750
782751
782752
782753
782754
782755
782756
782757
782758
782759
782760
782761
782762
782763
782764
782765
782766
782767
782768
782769
782770
782771
782772
782773
782774
782775
782776
782777
782778
782779
782780
782781
782782
782783
782784
782785
782786
782787
782788
782789
782790
782791
782792
782793
782794
782795
782796
782797
782798
782799
782800
782801
782802
782803
782804
782805
782806
782807
782808
782809
782810
782811
782812
782813
782814
782815
782816
782817
782818
782819
782820
782821
782822
782823
782824
782825
782826
782827
782828
782829
782830
782831
782832
782833
782834
782835
782836
782837
782838
782839
782840
782841
782842
782843
782844
782845
782846
782847
782848
782849
782850
782851
782852
782853
782854
782855
782856
782857
782858
782859
782860
782861
782862
782863
782864
782865
782866
782867
782868
782869
782870
782871
782872
782873
782874
782875
782876
782877
782878
782879
782880
782881
782882
782883
782884
782885
782886
782887
782888
782889
782890
782891
782892
782893
782894
782895
782896
782897
782898
782899
782900
782901
782902
782903
782904
782905
782906
782907
782908
782909
782910
782911
782912
782913
782914
782915
782916
782917
782918
782919
782920
782921
782922
782923
782924
782925
782926
782927
782928
782929
782930
782931
782932
782933
782934
782935
782936
782937
782938
782939
782940
782941
782942
782943
782944
782945
782946
782947
782948
782949
782950
782951
782952
782953
782954
782955
782956
782957
782958
782959
782960
782961
782962
782963
782964
782965
782966
782967
782968
782969
782970
782971
782972
782973
782974
782975
782976
782977
782978
782979
782980
782981
782982
782983
782984
782985
782986
782987
782988
782989
782990
782991
782992
782993
782994
782995
782996
782997
782998
782999
783000
783001
783002
783003
783004
783005
783006
783007
783008
783009
783010
783011
783012
783013
783014
783015
783016
783017
783018
783019
783020
783021
783022
783023
783024
783025
783026
783027
783028
783029
783030
783031
783032
783033
783034
783035
783036
783037
783038
783039
783040
783041
783042
783043
783044
783045
783046
783047
783048
783049
783050
783051
783052
783053
783054
783055
783056
783057
783058
783059
783060
783061
783062
783063
783064
783065
783066
783067
783068
783069
783070
783071
783072
783073
783074
783075
783076
783077
783078
783079
783080
783081
783082
783083
783084
783085
783086
783087
783088
783089
783090
783091
783092
783093
783094
783095
783096
783097
783098
783099
783100
783101
783102
783103
783104
783105
783106
783107
783108
783109
783110
783111
783112
783113
783114
783115
783116
783117
783118
783119
783120
783121
783122
783123
783124
783125
783126
783127
783128
783129
783130
783131
783132
783133
783134
783135
783136
783137
783138
783139
783140
783141
783142
783143
783144
783145
783146
783147
783148
783149
783150
783151
783152
783153
783154
783155
783156
783157
783158
783159
783160
783161
783162
783163
783164
783165
783166
783167
783168
783169
783170
783171
783172
783173
783174
783175
783176
783177
783178
783179
783180
783181
783182
783183
783184
783185
783186
783187
783188
783189
783190
783191
783192
783193
783194
783195
783196
783197
783198
783199
783200
783201
783202
783203
783204
783205
783206
783207
783208
783209
783210
783211
783212
783213
783214
783215
783216
783217
783218
783219
783220
783221
783222
783223
783224
783225
783226
783227
783228
783229
783230
783231
783232
783233
783234
783235
783236
783237
783238
783239
783240
783241
783242
783243
783244
783245
783246
783247
783248
783249
783250
783251
783252
783253
783254
783255
783256
783257
783258
783259
783260
783261
783262
783263
783264
783265
783266
783267
783268
783269
783270
783271
783272
783273
783274
783275
783276
783277
783278
783279
783280
783281
783282
783283
783284
783285
783286
783287
783288
783289
783290
783291
783292
783293
783294
783295
783296
783297
783298
783299
783300
783301
783302
783303
783304
783305
783306
783307
783308
783309
783310
783311
783312
783313
783314
783315
783316
783317
783318
783319
783320
783321
783322
783323
783324
783325
783326
783327
783328
783329
783330
783331
783332
783333
783334
783335
783336
783337
783338
783339
783340
783341
783342
783343
783344
783345
783346
783347
783348
783349
783350
783351
783352
783353
783354
783355
783356
783357
783358
783359
783360
783361
783362
783363
783364
783365
783366
783367
783368
783369
783370
783371
783372
783373
783374
783375
783376
783377
783378
783379
783380
783381
783382
783383
783384
783385
783386
783387
783388
783389
783390
783391
783392
783393
783394
783395
783396
783397
783398
783399
783400
783401
783402
783403
783404
783405
783406
783407
783408
783409
783410
783411
783412
783413
783414
783415
783416
783417
783418
783419
783420
783421
783422
783423
783424
783425
783426
783427
783428
783429
783430
783431
783432
783433
783434
783435
783436
783437
783438
783439
783440
783838
783839
783840
783841
783842
783843
783844
783845
783846
783847
783848
783849
783850
783851
783852
783853
783854
783855
783856
783857
783858
783859
783860
783861
783862
783863
783864
783865
783866
783867
783868
783869
783870
783871
783872
783873
783874
783875
783876
783877
783878
783879
783880
783881
783882
783883
783884
783885
783886
783887
783888
783889
783890
783891
783892
783893
783894
783895
783896
783897
783898
783899
783900
783901
783902
783903
783904
783905
783906
783907
783908
783909
783910
783911
783912
783913
783914
783915
783916
783917
783918
783919
783920
783921
783922
783923
783924
783925
783926
783927
783928
783929
783930
783931
783932
783933
783934
783935
783936
783937
783938
783939
783940
783941
783942
783943
783944
783945
783946
783947
783948
783949
783950
783951
783952
783953
783954
783955
783956
783957
783958
783959
783960
783961
783962
783963
783964
783965
783966
783967
783968
783969
783970
783971
783972
783973
783974
783975
783976
783977
783978
783979
783980
783981
783982
783983
783984
783985
783986
783987
783988
783989
783990
783991
783992
783993
783994
783995
783996
783997
783998
783999
784000
784001
784002
784003
784004
784005
784006
784007
784008
784009
784010
784011
784012
784013
784014
784015
784016
784017
784018
784019
784020
784021
784022
784023
784024
784025
784026
784027
784028
784029
784030
784031
784032
784033
784034
784035
784036
784037
784038
784039
784040
784041
784042
784043
784044
784045
784046
784047
784048
784049
784050
784051
784052
784053
784054
784055
784056
784057
784058
784059
784060
784061
784062
784063
784064
784065
784066
784067
784068
784069
784070
784071
784072
784073
784074
784075
784076
784077
784078
784079
784080
784081
784082
784083
784084
784085
784086
784087
784088
784089
784090
784091
784092
784093
784094
784095
784096
784097
784098
784099
784100
784101
784102
784103
784104
784105
784106
784107
784108
784109
784110
784111
784112
784113
784114
784115
784116
784117
784118
784119
784120
784121
784122
784123
784124
784125
784126
784127
784128
784129
784130
784131
784132
784133
784134
784135
784136
784137
784138
784139
784140
784141
784142
784143
784144
784145
784146
784147
784148
784149
784150
784151
784152
784153
784154
784155
784156
784157
784158
784159
784160
784161
784162
784163
784164
784165
784166
784167
784168
784169
784170
784171
784172
784173
784174
784175
784176
784177
784178
784179
784180
784181
784182
784183
784184
784185
784186
784187
784188
784189
784190
784191
784192
784193
784194
784195
784196
784197
784198
784199
784200
784201
784202
784203
784204
784205
784206
784207
784208
784209
784210
784211
784212
784213
784214
784215
784216
784217
784218
784219
784220
784221
784222
784223
784224
784225
784226
784227
784228
784229
784230
784231
784232
784233
784234
784235
784236
784237
784238
784239
784240
784241
784242
784243
784244
784245
784246
784247
784248
784249
784250
784251
784252
784253
784254
784255
784256
784257
784258
784259
784260
784261
784262
784263
784264
784265
784266
784267
784268
784269
784270
784271
784272
784273
784274
784275
784276
784277
784278
784279
784280
784281
784282
784283
784284
784285
784286
784287
784288
784289
784290
784291
784292
784293
784294
784295
784296
784297
784298
784299
784300
784301
784302
784303
784304
784305
784306
784307
784308
784309
784310
784311
784312
784313
784314
784315
784316
784317
784318
784319
784320
784321
784322
784323
784324
784325
784326
784327
784328
784329
784330
784331
784332
784333
784334
784335
784336
784337
784338
784339
784340
784341
784342
784343
784344
784345
784346
784347
784348
784349
784350
784351
784352
784353
784354
784355
784356
784357
784358
784359
784360
784361
784362
784363
784364
784365
784366
784367
784368
784369
784370
784371
784372
784373
784374
784375
784376
784377
784378
784379
784380
784381
784382
784383
784384
784385
784386
784387
784388
784389
784390
784391
784392
784393
784394
784395
784396
784397
784398
784399
784400
784401
784402
784403
784404
784405
784406
784407
784408
784409
784410
784411
784412
784413
784414
784415
784416
784417
784418
784419
784420
784421
784422
784423
784424
784425
784426
784427
784428
784429
784430
784431
784432
784433
784919
784920
784921
784922
784923
784924
784925
784926
784927
784928
784929
784930
784931
784932
784933
784934
784935
784936
784937
784938
784939
784940
784941
784942
784943
784944
784945
784946
784947
784948
784949
784950
784951
784952
784953
784954
784955
784956
784957
784958
784959
784960
784961
784962
784963
784964
784965
784966
784967
784968
784969
784970
784971
784972
784973
784974
784975
784976
784977
784978
784979
784980
784981
784982
784983
784984
784985
784986
784987
784988
784989
784990
784991
784992
784993
784994
784995
784996
784997
784998
784999
785000
785001
785002
785003
785004
785005
785006
785007
785008
785009
785010
785011
785012
785013
785014
785015
785016
785017
785018
785019
785020
785021
785022
785023
785024
785025
785026
785027
785028
785029
785030
785031
785032
785033
785034
785035
785036
785037
785038
785039
785040
785041
785042
785043
785044
785045
785046
785047
785048
785049
785050
785051
785052
785053
785054
785055
785056
785057
785058
785059
785060
785061
785062
785063
785064
785065
785066
785067
785068
785069
785070
785071
785072
785073
785074
785075
785076
785077
785078
785079
785080
785081
785082
785083
785084
785085
785086
785087
785088
785089
785090
785091
785092
785093
785094
785095
785096
785097
785098
785099
785100
785101
785102
785103
785104
785105
785106
785107
785108
785109
785110
785111
785112
785113
785114
785115
785116
785117
785118
785119
785120
785121
785122
785123
785124
785125
785126
785127
785128
785129
785130
785131
785132
785133
785134
785135
785136
785137
785138
785139
785140
785141
785142
785143
785144
785145
785146
785147
785148
785149
785150
785151
785152
785153
785154
785155
785156
785157
785158
785159
785160
785161
785162
785163
785164
785165
785166
785167
785168
785169
785170
785171
785172
785173
785174
785175
785176
785177
785178
785179
785180
785181
785182
785183
785184
785185
785186
785187
785188
785189
785190
785191
785192
785193
785194
785195
785196
785197
785198
785199
785200
785201
785202
785203
785204
785205
785206
785207
785208
785209
785210
785211
785212
785213
785214
785215
785216
785217
785218
785219
785220
785221
785222
785223
785224
785225
785226
785227
785228
785229
785230
785231
785232
785233
785234
785235
785236
785237
785238
785239
785240
785241
785242
785243
785244
785245
785246
785247
785248
785249
785250
785251
785252
785253
785254
785255
785256
785257
785258
785259
785260
785261
785262
785263
785264
785265
785266
785605
785606
785607
785608
785609
785610
785611
785612
785613
785614
785615
785616
785617
785618
785619
785620
785621
785622
785623
785624
785625
785626
785627
785628
785629
785630
785631
785632
785633
785634
785635
785636
785637
785638
785639
785640
785641
785642
785643
785644
785645
785646
785647
785648
785649
785650
785651
785652
785653
785654
785655
785656
785657
785658
785659
785660
785661
785662
785663
785664
785665
785666
785667
785668
785669
785670
785671
785672
785673
785674
785675
785676
785677
785678
785679
785680
785681
785682
785683
785684
785685
785686
785687
785688
785689
785690
785691
785692
785693
785694
785695
785696
785697
785698
785699
785700
785701
785702
785703
785704
785705
785706
785707
785708
785709
785710
785711
785712
785713
785714
785715
785716
785717
785718
785719
785720
785721
785722
785723
785724
785725
785726
785727
785728
785729
785730
785731
785732
785733
785734
785735
785736
785737
785738
785739
785740
785741
785742
785743
785744
785745
785746
785747
785748
785749
785750
785751
785752
785753
785754
785755
785756
785757
785758
785759
785760
785761
785762
785763
785764
785765
785766
785767
785768
785769
785770
785771
785772
785773
785774
785775
785776
785777
785778
785779
785780
785781
785782
785783
785784
785785
785786
785787
785788
785789
785790
785791
785792
785793
785794
785795
785796
785797
785798
785799
785800
785801
785802
785803
785804
785805
785806
785807
785808
785809
785810
785811
785812
785813
785814
785815
785816
785817
785818
785819
785820
785821
785822
785823
785824
785825
785826
785827
785828
785829
785830
785831
785832
785833
785834
785835
785836
785837
785838
785839
785840
785841
785842
785843
785844
785845
785846
785847
785848
785849
785850
785851
785852
785853
785854
785855
785856
785857
785858
785859
785860
785861
785862
785863
785864
785865
785866
785867
785868
785869
785870
785871
785872
785873
785874
785875
785876
785877
785878
785879
785880
785881
785882
785883
785884
785885
785886
785887
785888
785889
785890
785891
785892
785893
785894
785895
785896
785897
785898
785899
785900
785901
785902
785903
785904
785905
785906
785907
785908
785909
785910
785911
785912
785913
785914
785915
785916
785917
785918
785919
785920
785921
785922
785923
785924
785925
785926
785927
785928
785929
785930
785931
785932
785933
785934
785935
785936
785937
785938
785939
785940
785941
785942
785943
785944
785945
785946
785947
785948
785949
785950
785951
785952
785953
785954
785955
785956
785957
785958
785959
785960
785961
785962
785963
785964
785965
785966
785967
785968
785969
785970
785971
785972
785973
785974
785975
785976
785977
785978
785979
785980
785981
785982
785983
785984
785985
785986
785987
785988
785989
785990
785991
785992
785993
785994
785995
785996
785997
785998
785999
786000
786001
786002
786003
786004
786005
786006
786007
786008
786009
786010
786011
786012
786013
786014
786015
786016
786017
786018
786019
786020
786021
786022
786023
786024
786025
786026
786027
786028
786029
786030
786031
786032
786033
786034
786035
786036
786037
786038
786039
786040
786041
786042
786043
786044
786045
786046
786047
786048
786049
786050
786051
786052
786053
786054
786055
786056
786057
786058
786059
786060
786061
786062
786063
786064
786065
786066
786067
786068
786069
786070
786071
786072
786073
786074
786075
786076
786077
786078
786079
786080
786081
786082
786083
786084
786085
786086
786087
786088
786089
786090
786091
786092
786093
786094
786095
786096
786097
786098
786099
786100
786101
786102
786103
786104
786105
786106
786107
786108
786109
786110
786111
786112
786113
786114
786115
786116
786117
786118
786119
786120
786121
786122
786123
786124
786125
786126
786127
786128
786129
786130
786131
786132
786133
786134
786135
786136
786137
786138
786139
786140
786141
786142
786143
786144
786145
786146
786147
786148
786149
786150
786151
786152
786153
786154
786155
786156
786157
786158
786159
786160
786161
786162
786163
786164
786165
786166
786167
786168
786169
786170
786171
786172
786173
786174
786175
786176
786177
786178
786179
786180
786181
786182
786183
786184
786185
786186
786187
786188
786189
786190
786191
786192
786193
786194
786195
786196
786197
786198
786199
786200
786519
786520
786521
786522
786523
786524
786525
786526
786527
786528
786529
786530
786531
786532
786533
786534
786535
786536
786537
786538
786539
786540
786541
786542
786543
786544
786545
786546
786547
786548
786549
786550
786551
786552
786553
786554
786555
786556
786557
786558
786559
786560
786561
786562
786563
786564
786565
786566
786567
786568
786569
786570
786571
786572
786573
786574
786575
786576
786577
786578
786579
786580
786581
786582
786583
786584
786585
786586
786587
786588
786589
786590
786591
786592
786593
786594
786595
786596
786597
786598
786599
786600
786601
786602
786603
786604
786605
786606
786607
786608
786609
786610
786611
786612
786613
786614
786615
786616
786617
786618
786619
786620
786621
786622
786623
786624
786625
786626
786627
786628
786629
786630
786631
786632
786633
786634
786635
786636
786637
786638
786639
786640
786641
786642
786643
786644
786645
786646
786647
786648
786649
786650
786651
786652
786653
786654
786655
786656
786657
786658
786659
786660
786661
786662
786663
786664
786665
786666
786667
786668
786669
786670
786671
786672
786673
786674
787011
787012
787013
787014
787015
787016
787017
787018
787019
787020
787021
787022
787023
787024
787025
787026
787027
787028
787029
787030
787031
787032
787033
787034
787035
787036
787037
787038
787039
787040
787041
787042
787043
787044
787045
787046
787047
787048
787049
787050
787051
787052
787053
787054
787055
787056
787057
787058
787059
787060
787061
787062
787063
787064
787065
787066
787067
787068
787069
787070
787071
787072
787073
787074
787075
787076
787077
787078
787079
787080
787081
787082
787083
787084
787085
787086
787087
787088
787089
787090
787091
787092
787093
787094
787095
787096
787097
787098
787099
787100
787101
787102
787103
787104
787105
787106
787107
787108
787109
787110
787111
787112
787113
787114
787115
787116
787117
787118
787119
787120
787121
787122
787123
787124
787125
787126
787127
787128
787129
787130
787131
787132
787133
787134
787135
787136
787137
787138
787139
787140
787141
787142
787143
787144
787145
787146
787147
787148
787149
787150
787151
787152
787153
787154
787155
787156
787157
787158
787159
787160
787161
787162
787163
787164
787165
787166
787167
787168
787169
787170
787171
787172
787173
787174
787175
787176
787177
787178
787179
787180
787181
787182
787183
787184
787185
787186
787187
787188
787189
787190
787191
787192
787193
787194
787195
787196
787197
787198
787199
787200
787201
787202
787203
787204
787205
787206
787207
787208
787209
787210
787211
787212
787213
787214
787215
787216
787217
787218
787219
787220
787221
787222
787223
787224
787225
787226
787227
787228
787229
787230
787231
787232
787233
787234
787235
787236
787237
787238
787239
787240
787241
787242
787243
787244
787245
787246
787247
787248
787249
787250
787251
787252
787253
787254
787255
787256
787257
787258
787259
787260
787261
787262
787263
787264
787265
787266
787267
787268
787269
787270
787271
787272
787273
787274
787275
787276
787277
787278
787279
787280
787281
787282
787283
787284
787285
787286
787287
787288
787289
787290
787291
787292
787293
787294
787295
787296
787297
787298
787299
787300
787301
787302
787303
787304
787305
787306
787307
787308
787309
787310
787311
787312
787313
787314
787315
787316
787317
787318
787319
787320
787321
787322
787639
787640
787641
787642
787643
787644
787645
787646
787647
787648
787649
787650
787651
787652
787653
787654
787655
787656
787657
787658
787659
787660
787661
787662
787663
787664
787665
787666
787667
787668
787669
787670
787671
787672
787673
787674
787675
787676
787677
787848
787849
787850
787851
787852
787853
787854
787855
787856
787857
787858
787859
787860
787861
787862
787863
787864
787865
787866
787867
787868
787869
787870
787871
787872
787873
787874
787875
787876
787877
787878
787879
787880
787881
787882
787883
787884
787885
787886
787887
787888
787889
787890
787891
787892
787893
787894
787895
787896
787897
787898
787899
787900
787901
787902
787903
787904
787905
787906
787907
787908
787909
787910
787911
787912
787913
787914
787915
787916
787917
787918
787919
787920
787921
787922
787923
787924
787925
787926
787927
787928
787929
787930
787931
787932
787933
787934
787935
787936
787937
787938
787939
787940
787941
787942
787943
787944
787945
787946
787947
787948
787949
787950
787951
787952
787953
787954
787955
787956
787957
787958
787959
787960
787961
787962
787963
787964
787965
787966
787967
787968
787969
787970
787971
787972
787973
787974
787975
787976
787977
787978
787979
787980
787981
787982
787983
787984
787985
787986
787987
787988
787989
788133
788134
788135
788136
788137
788138
788139
788140
788141
788142
788143
788144
788145
788146
788147
788148
788149
788150
788151
788152
788153
788154
788155
788156
788157
788158
788159
788160
788161
788162
788163
788164
788165
788166
788167
788168
788169
788170
788171
788172
788173
788174
788175
788176
788177
788178
788179
788180
788181
788182
788183
788184
788185
788186
788187
788188
788189
788190
788191
788192
788193
788194
788195
788196
788197
788198
788199
788200
788201
788202
788203
788204
788205
788206
788207
788208
788209
788210
788211
788212
788213
788214
788215
788216
788217
788218
788219
788220
788221
788222
788223
788224
788225
788226
788227
788228
788229
788230
788231
788232
788233
788234
788235
788236
788237
788238
788239
788240
788241
788242
788243
788244
788245
788246
788247
788248
788249
788250
788251
788252
788253
788254
788255
788256
788257
788258
788259
788260
788261
788262
788263
788264
788265
788266
788267
788268
788269
788270
788271
788272
788273
788274
788275
788276
788277
788278
788279
788280
788281
788282
788283
788284
788285
788286
788287
788288
788289
788290
788291
788292
788293
788294
788295
788296
788297
788298
788299
788300
788301
788302
788303
788304
788305
788306
788307
788308
788309
788310
788311
788312
788313
788314
788315
788316
788317
788318
788319
788320
788321
788322
788323
788324
788325
788326
788327
788328
788329
788330
788331
788332
788333
788334
788335
788336
788337
788338
788339
788340
788341
788342
788343
788344
788345
788346
788347
788348
788349
788350
788351
788352
788353
788354
788355
788356
788357
788358
788359
788360
788361
788362
788363
788364
788365
788366
788367
788368
788369
788370
788371
788372
788373
788374
788375
788376
788377
788378
788379
788380
788381
788382
788383
788384
788385
788386
788387
788388
788389
788390
788391
788392
788393
788394
788395
788396
788397
788398
788399
788400
788401
788402
788403
788404
788405
788406
788407
788408
788409
788410
788411
788412
788413
788414
788415
788416
788417
788418
788419
788420
788857
788858
788859
788860
788861
788862
788863
788864
788865
788866
788867
788868
788869
788870
788871
788872
788873
788874
788875
788876
788877
788878
788879
788880
788881
788882
788883
788884
788885
788886
788887
788888
788889
788890
788891
788892
788893
788894
788895
788896
788897
788898
788899
788900
788901
788902
788903
788904
788905
788906
788907
788908
788909
788910
788911
788912
788913
788914
788915
788916
788917
788918
788919
788920
788921
788922
788923
788924
788925
788926
788927
788928
788929
788930
788931
788932
788933
788934
788935
788936
788937
788938
788939
788940
788941
788942
788943
788944
788945
788946
788947
788948
788949
788950
788951
788952
788953
788954
788955
788956
788957
788958
788959
788960
788961
788962
788963
788964
788965
788966
788967
788968
788969
788970
788971
788972
788973
788974
788975
788976
788977
788978
788979
788980
788981
788982
788983
788984
788985
788986
788987
788988
788989
788990
788991
788992
788993
788994
788995
788996
788997
788998
788999
789000
789001
789002
789003
789004
789005
789006
789007
789008
789009
789010
789011
789012
789013
789014
789015
789016
789017
789018
789019
789020
789021
789022
789023
789024
789025
789026
789027
789028
789029
789030
789031
789032
789033
789034
789035
789036
789037
789038
789039
789040
789041
789042
789043
789044
789045
789046
789047
789048
789049
789050
789051
789052
789053
789054
789055
789056
789057
789058
789059
789060
789061
789062
789063
789064
789065
789066
789067
789068
789069
789070
789071
789072
789073
789074
789075
789076
789077
789078
789079
789080
789081
789082
789083
789084
789085
789086
789087
789088
789089
789090
789091
789092
789093
789094
789095
789096
789097
789098
789099
789100
789101
789102
789103
789104
789105
789106
789107
789108
789109
789110
789111
789112
789113
789114
789115
789116
789117
789118
789119
789120
789121
789122
789123
789124
789125
789126
789127
789128
789129
789130
789131
789132
789133
789134
789135
789136
789137
789138
789139
789140
789141
789142
789143
789144
789145
789146
789147
789148
789149
789150
789151
789152
789153
789154
789155
789156
789157
789158
789159
789160
789161
789162
789163
789164
789165
789166
789167
789168
789169
789170
789171
789172
789173
789174
789175
789176
789177
789178
789179
789180
789181
789182
789183
789184
789185
789186
789187
789188
789189
789190
789191
789192
789193
789194
789195
789196
789197
789198
789199
789200
789201
789202
789203
789204
789205
789206
789207
789208
789209
789210
789211
789212
789213
789214
789215
789216
789217
789218
789219
789220
789221
789222
789223
789224
789225
789226
789227
789228
789229
789230
789231
789232
789233
789234
789235
789236
789237
789238
789239
789240
789241
789242
789243
789244
789245
789246
789247
789248
789249
789250
789251
789252
789253
789254
789255
789256
789257
789258
789259
789260
789261
789262
789263
789264
789265
789266
789267
789268
789269
789270
789271
789272
789273
789274
789275
789276
789277
789278
789279
789280
789281
789282
789283
789284
789285
789286
789287
789288
789289
789290
789291
789292
789293
789294
789295
789296
789297
789298
789299
789300
789301
789302
789303
789304
789305
789306
789307
789308
789309
789310
789311
789312
789313
789314
789315
789316
789317
789318
789319
789320
789321
789322
789323
789324
789325
789326
789327
789328
789329
789330
789331
789332
789333
789334
789335
789336
789337
789338
789339
789340
789341
789342
789343
789344
789345
789346
789347
789348
789349
789350
789351
789352
789353
789354
789355
789356
789357
789358
789359
789360
789361
789362
789363
789364
789365
789366
789367
789368
789369
789370
789371
789372
789373
789374
789375
789376
789377
789378
789379
789380
789381
789382
789383
789384
789385
789386
789387
789388
789389
789390
789391
789392
789393
789394
789395
789396
789397
789398
789399
789400
789401
789402
789403
789404
789405
789406
789407
789408
789409
789410
789411
789412
789413
789414
789415
789416
789417
789418
789419
789420
789421
789422
789423
789424
789425
789426
789427
789428
789429
789430
789431
789432
789433
789434
789435
789436
789437
789438
789439
789440
789441
789442
789443
789444
789445
789446
789447
789448
789449
789450
789451
789452
789967
789968
789969
789970
789971
789972
789973
789974
789975
789976
789977
789978
789979
789980
789981
789982
789983
789984
789985
789986
789987
789988
789989
789990
789991
789992
789993
789994
789995
789996
789997
789998
789999
790000
790001
790002
790003
790004
790005
790006
790007
790008
790009
790010
790011
790012
790013
790014
790015
790016
790017
790018
790019
790020
790021
790022
790023
790024
790025
790026
790027
790028
790029
790030
790031
790032
790033
790034
790035
790036
790037
790038
790039
790040
790041
790042
790043
790044
790045
790046
790047
790048
790049
790050
790051
790052
790053
790054
790055
790056
790057
790058
790059
790060
790061
790062
790063
790064
790065
790066
790067
790068
790069
790070
790071
790072
790073
790074
790075
790076
790077
790078
790079
790080
790081
790082
790083
790084
790085
790086
790087
790088
790089
790090
790091
790092
790093
790094
790095
790096
790097
790098
790099
790100
790101
790102
790103
790104
790105
790106
790107
790108
790109
790110
790111
790112
790113
790114
790115
790116
790117
790118
790119
790120
790121
790122
790123
790124
790125
790126
790127
790128
790129
790130
790131
790132
790133
790134
790135
790136
790137
790138
790139
790140
790141
790142
790143
790144
790145
790146
790147
790148
790149
790150
790151
790152
790153
790154
790155
790156
790157
790158
790159
790160
790161
790162
790163
790164
790165
790166
790167
790168
790169
790170
790171
790172
790173
790174
790175
790176
790177
790178
790179
790180
790181
790182
790183
790184
790185
790186
790187
790188
790189
790190
790191
790192
790193
790194
790195
790196
790197
790198
790199
790200
790201
790202
790203
790204
790205
790206
790207
790208
790209
790210
790211
790212
790213
790214
790215
790216
790217
790218
790219
790220
790221
790222
790223
790224
790225
790226
790227
790228
790229
790230
790231
790232
790233
790234
790235
790236
790237
790238
790239
790240
790241
790242
790243
790244
790245
790246
790247
790248
790249
790250
790251
790252
790253
790254
790255
790256
790257
790258
790259
790260
790261
790262
790263
790264
790265
790604
790605
790606
790607
790608
790609
790610
790611
790612
790613
790614
790615
790616
790617
790618
790619
790620
790621
790622
790623
790624
790625
790626
790627
790628
790629
790630
790631
790632
790633
790634
790635
790636
790637
790638
790639
790640
790641
790642
790643
790644
790645
790646
790647
790648
790649
790650
790651
790652
790653
790654
790655
790656
790657
790658
790659
790660
790661
790662
790663
790664
790665
790666
790667
790668
790669
790670
790671
790672
790673
790674
790675
790676
790677
790678
790679
790680
790681
790682
790683
790684
790685
790686
790687
790688
790689
790690
790691
790692
790693
790694
790695
790696
790697
790698
790699
790700
790701
790702
790703
790704
790705
790706
790707
790708
790709
790710
790711
790712
790713
790714
790715
790716
790717
790718
790719
790720
790721
790722
790723
790724
790725
790726
790727
790728
790729
790730
790731
790732
790733
790734
790735
790736
790737
790738
790739
790740
790741
790742
790743
790744
790745
790746
790747
790748
790749
790750
790751
790752
790753
790754
790755
790756
790757
790758
790759
790760
790761
790762
790763
790764
790765
790766
790767
790768
790769
790770
790771
790772
790773
790774
790775
790776
790777
790778
790779
790780
790781
790782
790783
790784
790785
790786
790787
790788
790789
790790
790791
790792
790793
790794
790795
790796
790797
790798
790799
790800
790801
790802
790803
790804
790805
790806
790807
790808
790809
790810
790811
790812
790813
790814
790815
790816
790817
790818
790819
790820
790821
790822
790823
790824
790825
790826
790827
790828
790829
790830
790831
790832
790833
790834
790835
790836
790837
790838
790839
790840
790841
790842
790843
790844
790845
790846
790847
790848
790849
790850
790851
790852
790853
790854
790855
790856
790857
790858
790859
790860
790861
790862
790863
790864
790865
790866
790867
790868
790869
790870
790871
790872
790873
790874
790875
790876
790877
790878
790879
790880
790881
790882
790883
790884
790885
790886
790887
790888
790889
790890
790891
790892
790893
790894
790895
790896
790897
790898
790899
790900
790901
790902
790903
790904
790905
790906
790907
790908
790909
790910
790911
790912
790913
790914
790915
790916
790917
790918
790919
790920
790921
790922
790923
790924
790925
790926
790927
790928
790929
790930
790931
790932
790933
790934
790935
790936
790937
790938
790939
790940
790941
790942
790943
790944
790945
790946
790947
790948
790949
790950
790951
790952
790953
790954
790955
790956
790957
790958
790959
790960
790961
790962
790963
790964
790965
790966
790967
790968
790969
790970
790971
790972
790973
790974
790975
790976
790977
790978
790979
790980
790981
790982
790983
790984
790985
790986
790987
790988
790989
790990
790991
790992
790993
790994
790995
790996
790997
790998
790999
791000
791001
791002
791003
791004
791005
791006
791007
791008
791009
791010
791011
791012
791013
791014
791015
791016
791017
791018
791019
791020
791021
791022
791023
791024
791025
791026
791027
791028
791029
791030
791031
791032
791033
791034
791035
791036
791037
791038
791039
791040
791041
791042
791043
791044
791045
791046
791047
791048
791049
791050
791051
791052
791053
791054
791055
791056
791057
791058
791059
791060
791061
791062
791063
791064
791065
791066
791067
791068
791069
791070
791071
791072
791073
791074
791075
791076
791077
791078
791079
791080
791081
791082
791083
791084
791085
791086
791087
791088
791089
791090
791091
791092
791093
791094
791095
791096
791097
791098
791099
791100
791101
791102
791103
791104
791105
791106
791107
791108
791109
791110
791111
791112
791113
791114
791115
791116
791117
791118
791119
791120
791121
791122
791123
791124
791125
791126
791127
791128
791129
791130
791131
791132
791133
791134
791135
791136
791137
791138
791139
791140
791141
791142
791143
791144
791145
791146
791147
791148
791149
791150
791151
791152
791153
791154
791155
791156
791157
791158
791159
791160
791161
791162
791163
791164
791165
791166
791167
791168
791169
791170
791171
791172
791173
791174
791175
791176
791177
791178
791179
791180
791181
791182
791183
791184
791185
791186
791187
791188
791189
791190
791191
791192
791193
791194
791195
791196
791197
791198
791199
791518
791519
791520
791521
791522
791523
791524
791525
791526
791527
791528
791529
791530
791531
791532
791533
791534
791535
791536
791537
791538
791539
791540
791541
791542
791543
791544
791545
791546
791547
791548
791549
791550
791551
791552
791553
791554
791555
791556
791557
791558
791559
791560
791561
791562
791563
791564
791565
791566
791567
791568
791569
791570
791571
791572
791573
791574
791575
791576
791577
791578
791579
791580
791581
791582
791583
791584
791585
791586
791587
791588
791589
791590
791591
791592
791593
791594
791595
791596
791597
791598
791599
791600
791601
791602
791603
791604
791605
791606
791607
791608
791609
791610
791611
791612
791613
791614
791615
791616
791617
791618
791619
791620
791621
791622
791623
791624
791625
791626
791627
791628
791629
791630
791631
791632
791633
791634
791635
791636
791637
791638
791639
791640
791641
791642
791643
791644
791645
791646
791647
791648
791649
791650
791651
791652
791653
791654
791655
791656
791657
791658
791659
791660
791661
791662
791663
791664
791665
791666
791667
791668
791669
791670
791671
791672
791673
792010
792011
792012
792013
792014
792015
792016
792017
792018
792019
792020
792021
792022
792023
792024
792025
792026
792027
792028
792029
792030
792031
792032
792033
792034
792035
792036
792037
792038
792039
792040
792041
792042
792043
792044
792045
792046
792047
792048
792049
792050
792051
792052
792053
792054
792055
792056
792057
792058
792059
792060
792061
792062
792063
792064
792065
792066
792067
792068
792069
792070
792071
792072
792073
792074
792075
792076
792077
792078
792079
792080
792081
792082
792083
792084
792085
792086
792087
792088
792089
792090
792091
792092
792093
792094
792095
792096
792097
792098
792099
792100
792101
792102
792103
792104
792105
792106
792107
792108
792109
792110
792111
792112
792113
792114
792115
792116
792117
792118
792119
792120
792121
792122
792123
792124
792125
792126
792127
792128
792129
792130
792131
792132
792133
792134
792135
792136
792137
792138
792139
792140
792141
792142
792143
792144
792145
792146
792147
792148
792149
792150
792151
792152
792153
792154
792155
792156
792157
792158
792159
792160
792161
792162
792163
792164
792165
792166
792167
792168
792169
792170
792171
792172
792173
792174
792175
792176
792177
792178
792179
792180
792181
792182
792183
792184
792185
792186
792187
792188
792189
792190
792191
792192
792193
792194
792195
792196
792197
792198
792199
792200
792201
792202
792203
792204
792205
792206
792207
792208
792209
792210
792211
792212
792213
792214
792215
792216
792217
792218
792219
792220
792221
792222
792223
792224
792225
792226
792227
792228
792229
792230
792231
792232
792233
792234
792235
792236
792237
792238
792239
792240
792241
792242
792243
792244
792245
792246
792247
792248
792249
792250
792251
792252
792253
792254
792255
792256
792257
792258
792259
792260
792261
792262
792263
792264
792265
792266
792267
792268
792269
792270
792271
792272
792273
792274
792275
792276
792277
792278
792279
792280
792281
792282
792283
792284
792285
792286
792287
792288
792289
792290
792291
792292
792293
792294
792295
792296
792297
792298
792299
792300
792301
792302
792303
792304
792305
792306
792307
792308
792309
792310
792311
792312
792313
792314
792315
792316
792317
792318
792319
792320
792321
792638
792639
792640
792641
792642
792643
792644
792645
792646
792647
792648
792649
792650
792651
792652
792653
792654
792655
792656
792657
792658
792659
792660
792661
792662
792663
792664
792665
792666
792667
792668
792669
792670
792671
792672
792673
792674
792675
792676
792835
792836
792837
792838
792839
792840
792841
792842
792843
792844
792845
792846
792847
792848
792849
792850
792851
792852
792853
792854
792855
792856
792857
792858
792859
792860
792861
792862
792863
792864
792865
792866
792867
792868
792869
792870
792871
792872
792873
792874
792875
792876
792877
792878
792879
792880
792881
792882
792883
792884
792885
792886
792887
792888
792889
792890
792891
792892
792893
792894
792895
792896
792897
792898
792899
792900
792901
792902
792903
792904
792905
792906
792907
792908
792909
792910
792911
792912
792913
792914
792915
792916
792917
792918
792919
792920
792921
792922
792923
792924
792925
792926
792927
792928
792929
792930
792931
792932
792933
792934
792935
792936
792937
792938
792939
792940
792941
792942
792943
792944
792945
792946
792947
792948
792949
792950
792951
792952
792953
792954
792955
792956
792957
792958
792959
792960
792961
792962
792963
792964
792965
792966
792967
792968
792969
792970
792971
792972
792973
792974
792975
792976
793142
793143
793144
793145
793146
793147
793148
793149
793150
793151
793152
793153
793154
793155
793156
793157
793158
793159
793160
793161
793162
793163
793164
793165
793166
793167
793168
793169
793170
793171
793172
793173
793174
793175
793176
793177
793178
793179
793180
793181
793182
793183
793184
793185
793186
793187
793188
793189
793190
793191
793192
793193
793194
793195
793196
793197
793198
793199
793200
793201
793202
793203
793204
793205
793206
793207
793208
793209
793210
793211
793212
793213
793214
793215
793216
793217
793218
793219
793220
793221
793222
793223
793224
793225
793226
793227
793228
793229
793230
793231
793232
793233
793234
793235
793236
793237
793238
793239
793240
793241
793242
793243
793244
793245
793246
793247
793248
793249
793250
793251
793252
793253
793254
793255
793256
793257
793258
793259
793260
793261
793262
793263
793264
793265
793266
793267
793268
793269
793270
793271
793272
793273
793274
793275
793276
793277
793278
793279
793280
793281
793282
793283
793284
793285
793286
793287
793288
793289
793290
793291
793292
793293
793294
793295
793296
793297
793298
793299
793300
793301
793302
793303
793304
793305
793306
793307
793308
793309
793310
793311
793312
793313
793314
793315
793316
793317
793318
793319
793320
793321
793322
793323
793324
793325
793326
793327
793328
793329
793330
793331
793332
793333
793334
793335
793336
793337
793338
793339
793340
793341
793342
793343
793344
793345
793346
793347
793348
793349
793350
793351
793352
793353
793354
793355
793356
793357
793358
793359
793360
793361
793362
793363
793364
793365
793366
793367
793368
793369
793370
793371
793372
793373
793374
793375
793376
793377
793378
793379
793380
793381
793382
793383
793384
793385
793386
793387
793388
793389
793390
793391
793392
793393
793394
793395
793396
793397
793398
793399
793400
793401
793402
793403
793404
793405
793406
793407
793408
793409
793410
793411
793412
793413
793414
793415
793416
793417
793418
793419
793420
793421
793422
793423
793424
793425
793426
793427
793428
793429
793846
793847
793848
793849
793850
793851
793852
793853
793854
793855
793856
793857
793858
793859
793860
793861
793862
793863
793864
793865
793866
793867
793868
793869
793870
793871
793872
793873
793874
793875
793876
793877
793878
793879
793880
793881
793882
793883
793884
793885
793886
793887
793888
793889
793890
793891
793892
793893
793894
793895
793896
793897
793898
793899
793900
793901
793902
793903
793904
793905
793906
793907
793908
793909
793910
793911
793912
793913
793914
793915
793916
793917
793918
793919
793920
793921
793922
793923
793924
793925
793926
793927
793928
793929
793930
793931
793932
793933
793934
793935
793936
793937
793938
793939
793940
793941
793942
793943
793944
793945
793946
793947
793948
793949
793950
793951
793952
793953
793954
793955
793956
793957
793958
793959
793960
793961
793962
793963
793964
793965
793966
793967
793968
793969
793970
793971
793972
793973
793974
793975
793976
793977
793978
793979
793980
793981
793982
793983
793984
793985
793986
793987
793988
793989
793990
793991
793992
793993
793994
793995
793996
793997
793998
793999
794000
794001
794002
794003
794004
794005
794006
794007
794008
794009
794010
794011
794012
794013
794014
794015
794016
794017
794018
794019
794020
794021
794022
794023
794024
794025
794026
794027
794028
794029
794030
794031
794032
794033
794034
794035
794036
794037
794038
794039
794040
794041
794042
794043
794044
794045
794046
794047
794048
794049
794050
794051
794052
794053
794054
794055
794056
794057
794058
794059
794060
794061
794062
794063
794064
794065
794066
794067
794068
794069
794070
794071
794072
794073
794074
794075
794076
794077
794078
794079
794080
794081
794082
794083
794084
794085
794086
794087
794088
794089
794090
794091
794092
794093
794094
794095
794096
794097
794098
794099
794100
794101
794102
794103
794104
794105
794106
794107
794108
794109
794110
794111
794112
794113
794114
794115
794116
794117
794118
794119
794120
794121
794122
794123
794124
794125
794126
794127
794128
794129
794130
794131
794132
794133
794134
794135
794136
794137
794138
794139
794140
794141
794142
794143
794144
794145
794146
794147
794148
794149
794150
794151
794152
794153
794154
794155
794156
794157
794158
794159
794160
794161
794162
794163
794164
794165
794166
794167
794168
794169
794170
794171
794172
794173
794174
794175
794176
794177
794178
794179
794180
794181
794182
794183
794184
794185
794186
794187
794188
794189
794190
794191
794192
794193
794194
794195
794196
794197
794198
794199
794200
794201
794202
794203
794204
794205
794206
794207
794208
794209
794210
794211
794212
794213
794214
794215
794216
794217
794218
794219
794220
794221
794222
794223
794224
794225
794226
794227
794228
794229
794230
794231
794232
794233
794234
794235
794236
794237
794238
794239
794240
794241
794242
794243
794244
794245
794246
794247
794248
794249
794250
794251
794252
794253
794254
794255
794256
794257
794258
794259
794260
794261
794262
794263
794264
794265
794266
794267
794268
794269
794270
794271
794272
794273
794274
794275
794276
794277
794278
794279
794280
794281
794282
794283
794284
794285
794286
794287
794288
794289
794290
794291
794292
794293
794294
794295
794296
794297
794298
794299
794300
794301
794302
794303
794304
794305
794306
794307
794308
794309
794310
794311
794312
794313
794314
794315
794316
794317
794318
794319
794320
794321
794322
794323
794324
794325
794326
794327
794328
794329
794330
794331
794332
794333
794334
794335
794336
794337
794338
794339
794340
794341
794342
794343
794344
794345
794346
794347
794348
794349
794350
794351
794352
794353
794354
794355
794356
794357
794358
794359
794360
794361
794362
794363
794364
794365
794366
794367
794368
794369
794370
794371
794372
794373
794374
794375
794376
794377
794378
794379
794380
794381
794382
794383
794384
794385
794386
794387
794388
794389
794390
794391
794392
794393
794394
794395
794396
794397
794398
794399
794400
794401
794402
794403
794404
794405
794406
794407
794408
794409
794410
794411
794412
794413
794414
794415
794416
794417
794418
794419
794420
794421
794422
794423
794424
794425
794426
794427
794428
794429
794430
794431
794432
794433
794434
794435
794436
794437
794438
794439
794440
794441
794898
794899
794900
794901
794902
794903
794904
794905
794906
794907
794908
794909
794910
794911
794912
794913
794914
794915
794916
794917
794918
794919
794920
794921
794922
794923
794924
794925
794926
794927
794928
794929
794930
794931
794932
794933
794934
794935
794936
794937
794938
794939
794940
794941
794942
794943
794944
794945
794946
794947
794948
794949
794950
794951
794952
794953
794954
794955
794956
794957
794958
794959
794960
794961
794962
794963
794964
794965
794966
794967
794968
794969
794970
794971
794972
794973
794974
794975
794976
794977
794978
794979
794980
794981
794982
794983
794984
794985
794986
794987
794988
794989
794990
794991
794992
794993
794994
794995
794996
794997
794998
794999
795000
795001
795002
795003
795004
795005
795006
795007
795008
795009
795010
795011
795012
795013
795014
795015
795016
795017
795018
795019
795020
795021
795022
795023
795024
795025
795026
795027
795028
795029
795030
795031
795032
795033
795034
795035
795036
795037
795038
795039
795040
795041
795042
795043
795044
795045
795046
795047
795048
795049
795050
795051
795052
795053
795054
795055
795056
795057
795058
795059
795060
795061
795062
795063
795064
795065
795066
795067
795068
795069
795070
795071
795072
795073
795074
795075
795076
795077
795078
795079
795080
795081
795082
795083
795084
795085
795086
795087
795088
795089
795090
795091
795092
795093
795094
795095
795096
795097
795098
795099
795100
795101
795102
795103
795104
795105
795106
795107
795108
795109
795110
795111
795112
795113
795114
795115
795116
795117
795118
795119
795120
795121
795122
795123
795124
795125
795126
795127
795128
795129
795130
795131
795132
795133
795134
795135
795136
795137
795138
795139
795140
795141
795142
795143
795144
795145
795146
795147
795148
795149
795150
795151
795152
795153
795154
795155
795156
795157
795158
795159
795160
795161
795162
795163
795164
795165
795166
795167
795168
795169
795170
795171
795172
795173
795174
795175
795176
795177
795178
795179
795180
795181
795182
795183
795184
795185
795186
795187
795188
795189
795190
795191
795192
795193
795194
795195
795196
795535
795536
795537
795538
795539
795540
795541
795542
795543
795544
795545
795546
795547
795548
795549
795550
795551
795552
795553
795554
795555
795556
795557
795558
795559
795560
795561
795562
795563
795564
795565
795566
795567
795568
795569
795570
795571
795572
795573
795574
795575
795576
795577
795578
795579
795580
795581
795582
795583
795584
795585
795586
795587
795588
795589
795590
795591
795592
795593
795594
795595
795596
795597
795598
795599
795600
795601
795602
795603
795604
795605
795606
795607
795608
795609
795610
795611
795612
795613
795614
795615
795616
795617
795618
795619
795620
795621
795622
795623
795624
795625
795626
795627
795628
795629
795630
795631
795632
795633
795634
795635
795636
795637
795638
795639
795640
795641
795642
795643
795644
795645
795646
795647
795648
795649
795650
795651
795652
795653
795654
795655
795656
795657
795658
795659
795660
795661
795662
795663
795664
795665
795666
795667
795668
795669
795670
795671
795672
795673
795674
795675
795676
795677
795678
795679
795680
795681
795682
795683
795684
795685
795686
795687
795688
795689
795690
795691
795692
795693
795694
795695
795696
795697
795698
795699
795700
795701
795702
795703
795704
795705
795706
795707
795708
795709
795710
795711
795712
795713
795714
795715
795716
795717
795718
795719
795720
795721
795722
795723
795724
795725
795726
795727
795728
795729
795730
795731
795732
795733
795734
795735
795736
795737
795738
795739
795740
795741
795742
795743
795744
795745
795746
795747
795748
795749
795750
795751
795752
795753
795754
795755
795756
795757
795758
795759
795760
795761
795762
795763
795764
795765
795766
795767
795768
795769
795770
795771
795772
795773
795774
795775
795776
795777
795778
795779
795780
795781
795782
795783
795784
795785
795786
795787
795788
795789
795790
795791
795792
795793
795794
795795
795796
795797
795798
795799
795800
795801
795802
795803
795804
795805
795806
795807
795808
795809
795810
795811
795812
795813
795814
795815
795816
795817
795818
795819
795820
795821
795822
795823
795824
795825
795826
795827
795828
795829
795830
795831
795832
795833
795834
795835
795836
795837
795838
795839
795840
795841
795842
795843
795844
795845
795846
795847
795848
795849
795850
795851
795852
795853
795854
795855
795856
795857
795858
795859
795860
795861
795862
795863
795864
795865
795866
795867
795868
795869
795870
795871
795872
795873
795874
795875
795876
795877
795878
795879
795880
795881
795882
795883
795884
795885
795886
795887
795888
795889
795890
795891
795892
795893
795894
795895
795896
795897
795898
795899
795900
795901
795902
795903
795904
795905
795906
795907
795908
795909
795910
795911
795912
795913
795914
795915
795916
795917
795918
795919
795920
795921
795922
795923
795924
795925
795926
795927
795928
795929
795930
795931
795932
795933
795934
795935
795936
795937
795938
795939
795940
795941
795942
795943
795944
795945
795946
795947
795948
795949
795950
795951
795952
795953
795954
795955
795956
795957
795958
795959
795960
795961
795962
795963
795964
795965
795966
795967
795968
795969
795970
795971
795972
795973
795974
795975
795976
795977
795978
795979
795980
795981
795982
795983
795984
795985
795986
795987
795988
795989
795990
795991
795992
795993
795994
795995
795996
795997
795998
795999
796000
796001
796002
796003
796004
796005
796006
796007
796008
796009
796010
796011
796012
796013
796014
796015
796016
796017
796018
796019
796020
796021
796022
796023
796024
796025
796026
796027
796028
796029
796030
796031
796032
796033
796034
796035
796036
796037
796038
796039
796040
796041
796042
796043
796044
796045
796046
796047
796048
796049
796050
796051
796052
796053
796054
796055
796056
796057
796058
796059
796060
796061
796062
796063
796064
796065
796066
796067
796068
796069
796070
796071
796072
796073
796074
796075
796076
796077
796078
796079
796080
796081
796082
796083
796084
796085
796086
796087
796088
796089
796090
796091
796092
796093
796094
796095
796096
796097
796098
796099
796100
796101
796102
796103
796104
796105
796106
796107
796108
796109
796110
796111
796112
796113
796114
796115
796116
796117
796118
796119
796120
796121
796122
796123
796124
796125
796126
796127
796128
796129
796130
796449
796450
796451
796452
796453
796454
796455
796456
796457
796458
796459
796460
796461
796462
796463
796464
796465
796466
796467
796468
796469
796470
796471
796472
796473
796474
796475
796476
796477
796478
796479
796480
796481
796482
796483
796484
796485
796486
796487
796488
796489
796490
796491
796492
796493
796494
796495
796496
796497
796498
796499
796500
796501
796502
796503
796504
796505
796506
796507
796508
796509
796510
796511
796512
796513
796514
796515
796516
796517
796518
796519
796520
796521
796522
796523
796524
796525
796526
796527
796528
796529
796530
796531
796532
796533
796534
796535
796536
796537
796538
796539
796540
796541
796542
796543
796544
796545
796546
796547
796548
796549
796550
796551
796552
796553
796554
796555
796556
796557
796558
796559
796560
796561
796562
796563
796564
796565
796566
796567
796568
796569
796570
796571
796572
796573
796574
796575
796576
796577
796578
796579
796580
796581
796582
796583
796584
796585
796586
796587
796588
796589
796590
796591
796592
796593
796594
796595
796596
796597
796598
796599
796600
796601
796602
796603
796604
796941
796942
796943
796944
796945
796946
796947
796948
796949
796950
796951
796952
796953
796954
796955
796956
796957
796958
796959
796960
796961
796962
796963
796964
796965
796966
796967
796968
796969
796970
796971
796972
796973
796974
796975
796976
796977
796978
796979
796980
796981
796982
796983
796984
796985
796986
796987
796988
796989
796990
796991
796992
796993
796994
796995
796996
796997
796998
796999
797000
797001
797002
797003
797004
797005
797006
797007
797008
797009
797010
797011
797012
797013
797014
797015
797016
797017
797018
797019
797020
797021
797022
797023
797024
797025
797026
797027
797028
797029
797030
797031
797032
797033
797034
797035
797036
797037
797038
797039
797040
797041
797042
797043
797044
797045
797046
797047
797048
797049
797050
797051
797052
797053
797054
797055
797056
797057
797058
797059
797060
797061
797062
797063
797064
797065
797066
797067
797068
797069
797070
797071
797072
797073
797074
797075
797076
797077
797078
797079
797080
797081
797082
797083
797084
797085
797086
797087
797088
797089
797090
797091
797092
797093
797094
797095
797096
797097
797098
797099
797100
797101
797102
797103
797104
797105
797106
797107
797108
797109
797110
797111
797112
797113
797114
797115
797116
797117
797118
797119
797120
797121
797122
797123
797124
797125
797126
797127
797128
797129
797130
797131
797132
797133
797134
797135
797136
797137
797138
797139
797140
797141
797142
797143
797144
797145
797146
797147
797148
797149
797150
797151
797152
797153
797154
797155
797156
797157
797158
797159
797160
797161
797162
797163
797164
797165
797166
797167
797168
797169
797170
797171
797172
797173
797174
797175
797176
797177
797178
797179
797180
797181
797182
797183
797184
797185
797186
797187
797188
797189
797190
797191
797192
797193
797194
797195
797196
797197
797198
797199
797200
797201
797202
797203
797204
797205
797206
797207
797208
797209
797210
797211
797212
797213
797214
797215
797216
797217
797218
797219
797220
797221
797222
797223
797224
797225
797226
797227
797228
797229
797230
797231
797232
797233
797234
797235
797236
797237
797238
797239
797240
797241
797242
797243
797244
797245
797246
797247
797248
797249
797250
797251
797252
797569
797570
797571
797572
797573
797574
797575
797576
797577
797578
797579
797580
797581
797582
797583
797584
797585
797586
797587
797588
797589
797590
797591
797592
797593
797594
797595
797596
797597
797598
797599
797600
797601
797602
797603
797604
797605
797606
797607
797782
797783
797784
797785
797786
797787
797788
797789
797790
797791
797792
797793
797794
797795
797796
797797
797798
797799
797800
797801
797802
797803
797804
797805
797806
797807
797808
797809
797810
797811
797812
797813
797814
797815
797816
797817
797818
797819
797820
797821
797822
797823
797824
797825
797826
797827
797828
797829
797830
797831
797832
797833
797834
797835
797836
797837
797838
797839
797840
797841
797842
797843
797844
797845
797846
797847
797848
797849
797850
797851
797852
797853
797854
797855
797856
797857
797858
797859
797860
797861
797862
797863
797864
797865
797866
797867
797868
797869
797870
797871
797872
797873
797874
797875
797876
797877
797878
797879
797880
797881
797882
797883
797884
797885
797886
797887
797888
797889
797890
797891
797892
797893
797894
797895
797896
797897
797898
797899
797900
797901
797902
797903
797904
797905
797906
797907
797908
797909
797910
797911
797912
797913
797914
797915
797916
797917
797918
797919
797920
797921
797922
797923
798083
798084
798085
798086
798087
798088
798089
798090
798091
798092
798093
798094
798095
798096
798097
798098
798099
798100
798101
798102
798103
798104
798105
798106
798107
798108
798109
798110
798111
798112
798113
798114
798115
798116
798117
798118
798119
798120
798121
798122
798123
798124
798125
798126
798127
798128
798129
798130
798131
798132
798133
798134
798135
798136
798137
798138
798139
798140
798141
798142
798143
798144
798145
798146
798147
798148
798149
798150
798151
798152
798153
798154
798155
798156
798157
798158
798159
798160
798161
798162
798163
798164
798165
798166
798167
798168
798169
798170
798171
798172
798173
798174
798175
798176
798177
798178
798179
798180
798181
798182
798183
798184
798185
798186
798187
798188
798189
798190
798191
798192
798193
798194
798195
798196
798197
798198
798199
798200
798201
798202
798203
798204
798205
798206
798207
798208
798209
798210
798211
798212
798213
798214
798215
798216
798217
798218
798219
798220
798221
798222
798223
798224
798225
798226
798227
798228
798229
798230
798231
798232
798233
798234
798235
798236
798237
798238
798239
798240
798241
798242
798243
798244
798245
798246
798247
798248
798249
798250
798251
798252
798253
798254
798255
798256
798257
798258
798259
798260
798261
798262
798263
798264
798265
798266
798267
798268
798269
798270
798271
798272
798273
798274
798275
798276
798277
798278
798279
798280
798281
798282
798283
798284
798285
798286
798287
798288
798289
798290
798291
798292
798293
798294
798295
798296
798297
798298
798299
798300
798301
798302
798303
798304
798305
798306
798307
798308
798309
798310
798311
798312
798313
798314
798315
798316
798317
798318
798319
798320
798321
798322
798323
798324
798325
798326
798327
798328
798329
798330
798331
798332
798333
798334
798335
798336
798337
798338
798339
798340
798341
798342
798343
798344
798345
798346
798347
798348
798349
798350
798351
798352
798353
798354
798355
798356
798357
798358
798359
798360
798361
798362
798363
798364
798365
798366
798367
798368
798369
798370
798797
798798
798799
798800
798801
798802
798803
798804
798805
798806
798807
798808
798809
798810
798811
798812
798813
798814
798815
798816
798817
798818
798819
798820
798821
798822
798823
798824
798825
798826
798827
798828
798829
798830
798831
798832
798833
798834
798835
798836
798837
798838
798839
798840
798841
798842
798843
798844
798845
798846
798847
798848
798849
798850
798851
798852
798853
798854
798855
798856
798857
798858
798859
798860
798861
798862
798863
798864
798865
798866
798867
798868
798869
798870
798871
798872
798873
798874
798875
798876
798877
798878
798879
798880
798881
798882
798883
798884
798885
798886
798887
798888
798889
798890
798891
798892
798893
798894
798895
798896
798897
798898
798899
798900
798901
798902
798903
798904
798905
798906
798907
798908
798909
798910
798911
798912
798913
798914
798915
798916
798917
798918
798919
798920
798921
798922
798923
798924
798925
798926
798927
798928
798929
798930
798931
798932
798933
798934
798935
798936
798937
798938
798939
798940
798941
798942
798943
798944
798945
798946
798947
798948
798949
798950
798951
798952
798953
798954
798955
798956
798957
798958
798959
798960
798961
798962
798963
798964
798965
798966
798967
798968
798969
798970
798971
798972
798973
798974
798975
798976
798977
798978
798979
798980
798981
798982
798983
798984
798985
798986
798987
798988
798989
798990
798991
798992
798993
798994
798995
798996
798997
798998
798999
799000
799001
799002
799003
799004
799005
799006
799007
799008
799009
799010
799011
799012
799013
799014
799015
799016
799017
799018
799019
799020
799021
799022
799023
799024
799025
799026
799027
799028
799029
799030
799031
799032
799033
799034
799035
799036
799037
799038
799039
799040
799041
799042
799043
799044
799045
799046
799047
799048
799049
799050
799051
799052
799053
799054
799055
799056
799057
799058
799059
799060
799061
799062
799063
799064
799065
799066
799067
799068
799069
799070
799071
799072
799073
799074
799075
799076
799077
799078
799079
799080
799081
799082
799083
799084
799085
799086
799087
799088
799089
799090
799091
799092
799093
799094
799095
799096
799097
799098
799099
799100
799101
799102
799103
799104
799105
799106
799107
799108
799109
799110
799111
799112
799113
799114
799115
799116
799117
799118
799119
799120
799121
799122
799123
799124
799125
799126
799127
799128
799129
799130
799131
799132
799133
799134
799135
799136
799137
799138
799139
799140
799141
799142
799143
799144
799145
799146
799147
799148
799149
799150
799151
799152
799153
799154
799155
799156
799157
799158
799159
799160
799161
799162
799163
799164
799165
799166
799167
799168
799169
799170
799171
799172
799173
799174
799175
799176
799177
799178
799179
799180
799181
799182
799183
799184
799185
799186
799187
799188
799189
799190
799191
799192
799193
799194
799195
799196
799197
799198
799199
799200
799201
799202
799203
799204
799205
799206
799207
799208
799209
799210
799211
799212
799213
799214
799215
799216
799217
799218
799219
799220
799221
799222
799223
799224
799225
799226
799227
799228
799229
799230
799231
799232
799233
799234
799235
799236
799237
799238
799239
799240
799241
799242
799243
799244
799245
799246
799247
799248
799249
799250
799251
799252
799253
799254
799255
799256
799257
799258
799259
799260
799261
799262
799263
799264
799265
799266
799267
799268
799269
799270
799271
799272
799273
799274
799275
799276
799277
799278
799279
799280
799281
799282
799283
799284
799285
799286
799287
799288
799289
799290
799291
799292
799293
799294
799295
799296
799297
799298
799299
799300
799301
799302
799303
799304
799305
799306
799307
799308
799309
799310
799311
799312
799313
799314
799315
799316
799317
799318
799319
799320
799321
799322
799323
799324
799325
799326
799327
799328
799329
799330
799331
799332
799333
799334
799335
799336
799337
799338
799339
799340
799341
799342
799343
799344
799345
799346
799347
799348
799349
799350
799351
799352
799353
799354
799355
799356
799357
799358
799359
799360
799361
799362
799363
799364
799365
799366
799367
799368
799369
799370
799371
799372
799808
799809
799810
799811
799812
799813
799814
799815
799816
799817
799818
799819
799820
799821
799822
799823
799824
799825
799826
799827
799828
799829
799830
799831
799832
799833
799834
799835
799836
799837
799838
799839
799840
799841
799842
799843
799844
799845
799846
799847
799848
799849
799850
799851
799852
799853
799854
799855
799856
799857
799858
799859
799860
799861
799862
799863
799864
799865
799866
799867
799868
799869
799870
799871
799872
799873
799874
799875
799876
799877
799878
799879
799880
799881
799882
799883
799884
799885
799886
799887
799888
799889
799890
799891
799892
799893
799894
799895
799896
799897
799898
799899
799900
799901
799902
799903
799904
799905
799906
799907
799908
799909
799910
799911
799912
799913
799914
799915
799916
799917
799918
799919
799920
799921
799922
799923
799924
799925
799926
799927
799928
799929
799930
799931
799932
799933
799934
799935
799936
799937
799938
799939
799940
799941
799942
799943
799944
799945
799946
799947
799948
799949
799950
799951
799952
799953
799954
799955
799956
799957
799958
799959
799960
799961
799962
799963
799964
799965
799966
799967
799968
799969
799970
799971
799972
799973
799974
799975
799976
799977
799978
799979
799980
799981
799982
799983
799984
799985
799986
799987
799988
799989
799990
799991
799992
799993
799994
799995
799996
799997
799998
799999
800000
800001
800002
800003
800004
800005
800006
800007
800008
800009
800010
800011
800012
800013
800014
800015
800016
800017
800018
800019
800020
800021
800022
800023
800024
800025
800026
800027
800028
800029
800030
800031
800032
800033
800034
800035
800036
800037
800038
800039
800040
800041
800042
800043
800044
800045
800046
800047
800048
800049
800050
800051
800052
800053
800054
800055
800056
800057
800058
800059
800060
800061
800062
800063
800064
800065
800066
800067
800068
800069
800070
800071
800072
800073
800074
800075
800076
800077
800078
800079
800080
800081
800082
800083
800084
800085
800086
800087
800088
800089
800090
800091
800092
800093
800094
800095
800096
800097
800098
800099
800100
800101
800102
800103
800104
800105
800106
800107
800108
800109
800110
800111
800112
800113
800114
800115
800116
800117
800118
800119
800120
800121
800122
800123
800124
800125
800126
800465
800466
800467
800468
800469
800470
800471
800472
800473
800474
800475
800476
800477
800478
800479
800480
800481
800482
800483
800484
800485
800486
800487
800488
800489
800490
800491
800492
800493
800494
800495
800496
800497
800498
800499
800500
800501
800502
800503
800504
800505
800506
800507
800508
800509
800510
800511
800512
800513
800514
800515
800516
800517
800518
800519
800520
800521
800522
800523
800524
800525
800526
800527
800528
800529
800530
800531
800532
800533
800534
800535
800536
800537
800538
800539
800540
800541
800542
800543
800544
800545
800546
800547
800548
800549
800550
800551
800552
800553
800554
800555
800556
800557
800558
800559
800560
800561
800562
800563
800564
800565
800566
800567
800568
800569
800570
800571
800572
800573
800574
800575
800576
800577
800578
800579
800580
800581
800582
800583
800584
800585
800586
800587
800588
800589
800590
800591
800592
800593
800594
800595
800596
800597
800598
800599
800600
800601
800602
800603
800604
800605
800606
800607
800608
800609
800610
800611
800612
800613
800614
800615
800616
800617
800618
800619
800620
800621
800622
800623
800624
800625
800626
800627
800628
800629
800630
800631
800632
800633
800634
800635
800636
800637
800638
800639
800640
800641
800642
800643
800644
800645
800646
800647
800648
800649
800650
800651
800652
800653
800654
800655
800656
800657
800658
800659
800660
800661
800662
800663
800664
800665
800666
800667
800668
800669
800670
800671
800672
800673
800674
800675
800676
800677
800678
800679
800680
800681
800682
800683
800684
800685
800686
800687
800688
800689
800690
800691
800692
800693
800694
800695
800696
800697
800698
800699
800700
800701
800702
800703
800704
800705
800706
800707
800708
800709
800710
800711
800712
800713
800714
800715
800716
800717
800718
800719
800720
800721
800722
800723
800724
800725
800726
800727
800728
800729
800730
800731
800732
800733
800734
800735
800736
800737
800738
800739
800740
800741
800742
800743
800744
800745
800746
800747
800748
800749
800750
800751
800752
800753
800754
800755
800756
800757
800758
800759
800760
800761
800762
800763
800764
800765
800766
800767
800768
800769
800770
800771
800772
800773
800774
800775
800776
800777
800778
800779
800780
800781
800782
800783
800784
800785
800786
800787
800788
800789
800790
800791
800792
800793
800794
800795
800796
800797
800798
800799
800800
800801
800802
800803
800804
800805
800806
800807
800808
800809
800810
800811
800812
800813
800814
800815
800816
800817
800818
800819
800820
800821
800822
800823
800824
800825
800826
800827
800828
800829
800830
800831
800832
800833
800834
800835
800836
800837
800838
800839
800840
800841
800842
800843
800844
800845
800846
800847
800848
800849
800850
800851
800852
800853
800854
800855
800856
800857
800858
800859
800860
800861
800862
800863
800864
800865
800866
800867
800868
800869
800870
800871
800872
800873
800874
800875
800876
800877
800878
800879
800880
800881
800882
800883
800884
800885
800886
800887
800888
800889
800890
800891
800892
800893
800894
800895
800896
800897
800898
800899
800900
800901
800902
800903
800904
800905
800906
800907
800908
800909
800910
800911
800912
800913
800914
800915
800916
800917
800918
800919
800920
800921
800922
800923
800924
800925
800926
800927
800928
800929
800930
800931
800932
800933
800934
800935
800936
800937
800938
800939
800940
800941
800942
800943
800944
800945
800946
800947
800948
800949
800950
800951
800952
800953
800954
800955
800956
800957
800958
800959
800960
800961
800962
800963
800964
800965
800966
800967
800968
800969
800970
800971
800972
800973
800974
800975
800976
800977
800978
800979
800980
800981
800982
800983
800984
800985
800986
800987
800988
800989
800990
800991
800992
800993
800994
800995
800996
800997
800998
800999
801000
801001
801002
801003
801004
801005
801006
801007
801008
801009
801010
801011
801012
801013
801014
801015
801016
801017
801018
801019
801020
801021
801022
801023
801024
801025
801026
801027
801028
801029
801030
801031
801032
801033
801034
801035
801036
801037
801038
801039
801040
801339
801340
801341
801342
801343
801344
801345
801346
801347
801348
801349
801350
801351
801352
801353
801354
801355
801356
801357
801358
801359
801360
801361
801362
801363
801364
801365
801366
801367
801368
801369
801370
801371
801372
801373
801374
801375
801376
801377
801378
801379
801380
801381
801382
801383
801384
801385
801386
801387
801388
801389
801390
801391
801392
801393
801394
801395
801396
801397
801398
801399
801400
801401
801402
801403
801404
801405
801406
801407
801408
801409
801410
801411
801412
801413
801414
801415
801416
801417
801418
801419
801420
801421
801422
801423
801424
801425
801426
801427
801428
801429
801430
801431
801432
801433
801434
801435
801436
801437
801438
801439
801440
801441
801442
801443
801444
801445
801446
801447
801448
801449
801450
801451
801452
801453
801454
801455
801456
801457
801458
801459
801460
801461
801462
801463
801464
801465
801466
801467
801468
801469
801470
801471
801472
801473
801474
801475
801476
801477
801478
801479
801480
801481
801482
801483
801484
801485
801486
801487
801488
801489
801490
801491
801492
801493
801494
801831
801832
801833
801834
801835
801836
801837
801838
801839
801840
801841
801842
801843
801844
801845
801846
801847
801848
801849
801850
801851
801852
801853
801854
801855
801856
801857
801858
801859
801860
801861
801862
801863
801864
801865
801866
801867
801868
801869
801870
801871
801872
801873
801874
801875
801876
801877
801878
801879
801880
801881
801882
801883
801884
801885
801886
801887
801888
801889
801890
801891
801892
801893
801894
801895
801896
801897
801898
801899
801900
801901
801902
801903
801904
801905
801906
801907
801908
801909
801910
801911
801912
801913
801914
801915
801916
801917
801918
801919
801920
801921
801922
801923
801924
801925
801926
801927
801928
801929
801930
801931
801932
801933
801934
801935
801936
801937
801938
801939
801940
801941
801942
801943
801944
801945
801946
801947
801948
801949
801950
801951
801952
801953
801954
801955
801956
801957
801958
801959
801960
801961
801962
801963
801964
801965
801966
801967
801968
801969
801970
801971
801972
801973
801974
801975
801976
801977
801978
801979
801980
801981
801982
801983
801984
801985
801986
801987
801988
801989
801990
801991
801992
801993
801994
801995
801996
801997
801998
801999
802000
802001
802002
802003
802004
802005
802006
802007
802008
802009
802010
802011
802012
802013
802014
802015
802016
802017
802018
802019
802020
802021
802022
802023
802024
802025
802026
802027
802028
802029
802030
802031
802032
802033
802034
802035
802036
802037
802038
802039
802040
802041
802042
802043
802044
802045
802046
802047
802048
802049
802050
802051
802052
802053
802054
802055
802056
802057
802058
802059
802060
802061
802062
802063
802064
802065
802066
802067
802068
802069
802070
802071
802072
802073
802074
802075
802076
802077
802078
802079
802080
802081
802082
802083
802084
802085
802086
802087
802088
802089
802090
802091
802092
802093
802094
802095
802096
802097
802098
802099
802100
802101
802102
802103
802104
802105
802106
802107
802108
802109
802110
802111
802112
802113
802114
802115
802116
802117
802118
802119
802120
802121
802122
802123
802124
802125
802126
802127
802128
802129
802130
802131
802132
802133
802134
802135
802136
802137
802138
802139
802140
802141
802142
802439
802440
802441
802442
802443
802444
802445
802446
802447
802448
802449
802450
802451
802452
802453
802454
802455
802456
802457
802458
802459
802460
802461
802462
802463
802464
802465
802466
802467
802468
802469
802470
802471
802472
802473
802474
802475
802476
802477
802648
802649
802650
802651
802652
802653
802654
802655
802656
802657
802658
802659
802660
802661
802662
802663
802664
802665
802666
802667
802668
802669
802670
802671
802672
802673
802674
802675
802676
802677
802678
802679
802680
802681
802682
802683
802684
802685
802686
802687
802688
802689
802690
802691
802692
802693
802694
802695
802696
802697
802698
802699
802700
802701
802702
802703
802704
802705
802706
802707
802708
802709
802710
802711
802712
802713
802714
802715
802716
802717
802718
802719
802720
802721
802722
802723
802724
802725
802726
802727
802728
802729
802730
802731
802732
802733
802734
802735
802736
802737
802738
802739
802740
802741
802742
802743
802744
802745
802746
802747
802748
802749
802750
802751
802752
802753
802754
802755
802756
802757
802758
802759
802760
802761
802762
802763
802764
802765
802766
802767
802768
802769
802770
802771
802772
802773
802774
802775
802776
802777
802778
802779
802780
802781
802782
802783
802784
802785
802786
802787
802788
802789
802932
802933
802934
802935
802936
802937
802938
802939
802940
802941
802942
802943
802944
802945
802946
802947
802948
802949
802950
802951
802952
802953
802954
802955
802956
802957
802958
802959
802960
802961
802962
802963
802964
802965
802966
802967
802968
802969
803184
803185
803186
803187
803188
803189
803190
803191
803192
803193
803194
803195
803196
803197
803198
803199
803200
803201
803202
803203
803204
803205
803206
803207
803208
803209
803210
803211
803524
803525
803526
803527
803528
803529
803530
803531
803532
803533
803534
803535
803536
803537
803538
803539
803540
803541
803542
803543
803544
803545
803546
803547
803548
803549
803550
803551
803552
803553
803554
803555
803556
803557
803558
803559
803560
803561
803562
803563
803564
803565
803566
803567
803568
803569
803570
803571
803572
803573
803574
803575
803576
803577
803578
803579
803580
803581
803582
803583
803584
803585
803586
803587
803588
803589
803590
803591
803592
803593
803594
803595
803596
803597
803598
803599
803600
803601
803602
803603
803604
803605
803606
803607
803608
803609
803610
803611
803612
803613
803614
803615
803616
803617
803618
803619
803620
803621
803622
803623
803624
803625
803626
803627
803628
803629
803630
803631
803632
803633
803634
803635
803636
803637
803638
803639
803640
803641
803642
803643
803644
803645
803646
803647
803648
803649
803650
803651
803652
803653
803654
803655
803656
803657
803658
803659
803660
803661
803662
803663
803664
803665
803666
803667
803668
803669
803670
803671
803672
803673
803674
803675
803676
803677
803678
803679
803680
803681
803682
803683
803684
803685
803686
803687
803688
803689
803690
803691
803692
803693
803694
803695
803696
803697
803698
803699
803700
803701
803702
803703
803704
803705
803706
803707
803708
803709
803710
803711
803712
803713
803714
803715
803716
803717
803718
803719
803720
803721
803722
803723
803724
803725
803726
803727
803728
803729
803730
803731
803732
803733
803734
803735
803736
803737
803738
803739
803740
803741
803742
803743
803744
803745
803746
803747
803748
803749
803750
803751
803752
803753
803754
803755
803756
803757
803758
803759
803760
803761
803762
803763
803764
803765
803766
803767
803768
803769
803770
803771
803772
803773
803774
803782
803783
803784
803785
803786
803787
803793
803796
803797
803798
803799
803800
803801
803802
803803
803804
803805
803806
803814
803819
803820
803821
803822
804028
804029
804030
804031
804032
804033
804041
804042
804043
804044
804048
804049
804050
804051
804052
804054
804055
804056
804057
804085
804086
804087
804088
804089
804090
804091
804092
804093
804094
804095
804096
804097
804098
804099
804100
804101
804102
804103
804104
804105
804106
804107
804108
804109
804110
804111
804112
804113
804114
804115
804116
804117
804118
804119
804120
804121
804122
804123
804124
804125
804126
804127
804128
804129
804130
804131
804132
804133
804134
804135
804136
804137
804138
804139
804140
804141
804142
804143
804144
804145
804146
804147
804148
804149
804150
804151
804152
804153
804154
804155
804156
804157
804158
804159
804160
804161
804162
804163
804164
804165
804166
804167
804168
804169
804170
804171
804172
804173
804174
804175
804176
804177
804178
804179
804180
804181
804182
804183
804184
804185
804186
804187
804188
804189
804190
804191
804192
804193
804194
804195
804196
804197
804198
804199
804200
804201
804202
804203
804204
804205
804206
804207
804208
804209
804210
804211
804212
804213
804214
804215
804216
804217
804218
804219
804220
804221
804222
804223
804224
804225
804226
804227
804228
804229
804230
804231
804232
804233
804234
804235
804236
804237
804238
804239
804240
804241
804242
804243
804244
804245
804246
804247
804248
804249
804250
804251
804252
804253
804254
804255
804256
804257
804258
804259
804260
804261
804262
804263
804264
804265
804266
804267
804268
804269
804270
804271
804272
804273
804274
804275
804276
804277
804278
804279
804280
804281
804282
804283
804284
804285
804286
804287
804288
804289
804290
804291
804292
804293
804294
804295
804296
804297
804298
804299
804300
804301
804302
804303
804304
804305
804306
804307
804308
804309
804310
804311
804312
804313
804314
804315
804316
804317
804318
804319
804320
804321
804322
804323
804324
804325
804326
804327
804328
804329
804330
804331
804332
804333
804334
804335
804336
804337
804338
804339
804340
804341
804342
804343
804344
804345
804346
804347
804348
804349
804350
804351
804352
804353
804354
804355
804356
804357
804358
804359
804360
804361
804362
804363
804364
804365
804366
804367
804368
804369
804370
804371
804372
804373
804374
805994
805995
805996
805997
805998
805999
806000
806001
806002
806003
806004
806005
806006
806007
806008
806009
806010
806011
806012
806013
806014
806015
806016
806017
806018
806019
806020
806021
806022
806023
806024
806025
806026
806027
806028
806029
806030
806031
806032
806033
806034
806035
806036
806037
806038
806039
806040
806041
806042
806043
806044
806045
806046
806047
806048
806049
806050
806051
806052
806053
806054
806055
806056
806057
806058
806059
806060
806061
806062
806063
806064
806065
806066
806067
806068
806069
806070
806071
806072
806073
806074
806075
806076
806077
806078
806079
806080
806081
806082
806083
806084
806085
806086
806087
806088
806089
806090
806091
806092
806093
806094
806095
806096
806097
806098
806099
806100
806101
806102
806103
806104
806105
806106
806107
806108
806109
806110
806135
806136
806137
806138
806139
806140
806141
806142
806143
806144
806145
806148
806149
806150
806151
806152
806153
806154
806155
806156
806157
806158
806159
806160
806161
806162
806163
806164
806165
806166
806167
806168
806169
806880
806881
806882
806883
806884
806885
806886
806887
806888
806889
806890
806891
806892
806893
806894
806895
806896
806897
806898
806899
806900
806901
806902
806903
806904
806905
806906
806907
806908
806909
806910
806911
806912
806913
806914
806915
806916
806917
806918
806919
806920
806921
806922
806923
806924
806925
806926
806927
806928
806929
806930
806931
806932
806933
806934
806935
806936
806937
806938
806939
806940
806941
806942
806943
806944
806945
806946
806947
806948
806949
806950
806951
806952
806953
806954
806955
806956
806957
806958
806959
806960
806961
806962
806963
806964
806965
806966
806967
806968
806969
806970
806971
806972
806973
806974
806975
806976
806977
806978
806979
806980
806981
806982
806983
806984
806985
806986
806987
806988
806989
806990
806991
806992
806993
806994
806995
806996
806997
806998
806999
807000
807001
807002
807003
807004
807005
807006
807007
807008
807009
807010
807011
807012
807013
807014
807015
807016
807017
807018
807019
807062
807063
807064
807065
807066
807067
807068
807069
807070
807071
807072
807073
807074
807075
807076
807077
807078
807079
807080
807081
807082
807083
807084
807085
807086
807087
807088
807089
807090
807091
807092
807093
807094
807095
807096
807097
807098
807099
807100
807101
807102
807103
807104
807105
807106
807107
807108
807109
807110
807111
807112
807113
807114
807115
807116
807117
807118
807119
807120
807121
807122
807123
807124
807125
807126
807127
807128
807129
807130
807131
807132
807133
807134
807135
807136
807137
807138
807139
807140
807141
807142
807143
807144
807145
807146
807147
807148
807149
807150
807151
807152
807153
807154
807155
807156
807157
807158
807246
807247
807248
807249
807250
807251
807252
807253
807254
807255
807256
807257
807258
807259
807260
807261
807262
807263
807264
807265
807266
807267
807268
807269
807270
807271
807272
807273
807274
807275
807276
807277
807278
807279
807280
807281
807282
807283
807284
807285
807286
807287
807288
807289
807290
807291
807292
807293
807294
807295
807296
807297
807298
807299
807300
807301
807302
807303
807304
807305
807306
807307
807308
807309
807310
807311
807312
807313
807314
807315
807316
807317
807318
807319
807320
807321
807322
807323
807324
807325
807326
807327
807328
807329
807330
807331
807332
807333
807334
807335
807336
807337
807338
807339
807340
807341
807342
807343
807344
807345
807346
807347
807348
807349
807350
807351
807352
807353
807354
807355
807356
807357
807358
807359
807360
807361
807362
807363
807364
807365
807366
807367
807368
807369
807370
807371
807372
807373
807374
807375
807376
807377
807378
807379
807380
807381
807382
807383
807384
807385
807386
807387
807388
807389
807390
807391
807392
807393
807394
807395
807396
807397
807398
807399
807400
807401
807402
807403
807404
807405
807406
807407
807408
807409
807410
807411
807412
807413
807414
807415
807416
807417
807418
807419
807420
807421
807422
807423
807424
807425
807426
807427
807428
807429
807430
807431
807432
807433
807434
807435
807436
807437
807438
807439
807440
807441
807442
807443
807444
807445
807446
807447
807448
807449
807450
807451
807452
807453
807454
807455
807456
807457
807458
807459
807460
807461
807462
807463
807464
807465
807466
807467
807468
807469
807470
807471
807472
807473
807474
807475
807476
807477
807478
807479
807480
807481
807482
807483
807484
807485
807486
807487
807488
807489
807490
807491
807492
807493
807494
807495
807496
807497
807498
807499
807500
807501
807502
807503
807504
807505
807506
807507
807508
807509
807510
807511
807512
807513
807514
807515
807516
807517
807518
807519
807520
807521
807522
807523
807524
807525
807526
807527
807528
807529
807530
807531
807532
807533
807534
807535
807536
807537
807538
807539
807540
807541
807542
807543
807544
807545
807546
807547
807548
807549
807550
807551
807552
807553
807554
807555
807556
807557
807558
807559
807560
807561
807562
807563
807564
807565
807566
807567
807568
807569
807570
807571
807572
807573
807574
807575
807576
807577
807578
807579
807580
807581
807582
807583
807584
807585
807586
807587
807588
807589
807590
807591
807592
807593
807594
807595
807596
807597
807598
807599
807600
807601
807602
807603
807604
807605
807606
807607
807608
807609
807610
807611
807612
807613
807614
807615
807616
807617
807618
807619
807620
807621
807622
807623
807624
807625
807626
807627
807628
807629
807630
807631
807632
807633
807634
807635
807636
807637
807638
807639
807640
807641
807642
807643
807644
807645
807646
807647
807648
807649
807650
807651
807652
807653
807654
807655
807656
807657
807658
807659
807660
807661
807662
807663
807664
807665
807666
807667
807668
807669
807670
807671
807672
807673
807674
807675
807676
807677
807678
807679
807680
807681
807682
807683
807684
807685
807686
807687
807688
807689
807690
807691
807692
807693
807694
807695
807696
807697
807698
807699
807700
807701
807702
807703
807704
807705
807706
807707
807708
807709
807710
807711
807712
807713
807714
807715
807716
807717
807718
807719
807720
807721
807722
807723
807724
807725
807726
807727
807728
807729
807730
807731
807732
807733
807734
807735
807736
807737
807738
807739
807740
807741
807742
807743
807744
807745
807746
807747
807748
807749
807750
807751
807752
807753
807754
807755
807756
807757
807758
807759
807760
807761
807762
807763
807764
807765
807766
807767
807768
807769
807770
807771
807772
807773
807774
807775
807776
807777
807778
807779
807780
807781
807782
807783
807784
807785
807786
807787
807788
807789
807790
807791
807792
807793
807794
807795
807796
807797
807798
807799
807800
807801
807802
807803
807804
807805
807806
807807
807808
807809
807810
807811
807812
807813
807814
807815
807816
807817
807818
807819
807820
807821
807822
807823
807824
807825
807826
807827
807828
807829
807830
807831
807832
807833
807834
807835
807836
807837
807838
807839
807840
807841
807842
807843
807844
807845
807846
807847
807848
807849
807850
807851
807852
807853
807854
807855
807856
807857
807858
807859
807860
807861
807862
807863
807864
807865
807866
807867
807868
807869
807870
807871
807872
807873
807874
807875
807876
807877
807878
807879
807880
807881
807882
807883
807884
807885
807886
807887
807888
807889
807890
807891
807892
807893
807894
807895
807896
807897
807898
807899
807900
807901
807902
807903
807904
807905
807906
807907
807908
807909
807910
807911
807912
807913
807914
807915
807916
807917
807918
807919
807920
807921
807922
807923
807924
807925
807926
807927
807928
807929
807930
807931
807932
807933
807934
807935
807936
807937
807938
807939
807940
807941
807942
807943
807944
807945
807946
807947
807948
807949
807950
807951
807952
807953
807954
807955
807956
807957
807958
807959
807960
807961
807962
807963
807964
807965
807966
807967
807968
807969
807970
807971
807972
807973
807974
807975
807976
807977
807978
807979
807980
807981
807982
807983
807984
807985
807986
807987
807988
807989
807990
807991
807992
807993
807994
807995
807996
807997
807998
807999
808000
808001
808002
808003
808004
808005
808006
808007
808008
808009
808010
808011
808012
808013
808014
808015
808016
808017
808018
808019
808020
808021
808022
808023
808024
808025
808026
808027
808028
808029
808030
808031
808032
808033
808034
808035
808036
808037
808038
808039
808040
808041
808042
808043
808044
808045
808046
808047
808048
808049
808050
808051
808052
808053
808054
808055
808056
808057
808058
808059
808060
808061
808062
808063
808064
808065
808066
808067
808068
808069
808070
808071
808072
808073
808074
808075
808076
808077
808078
808079
808080
808081
808082
808083
808084
808085
808086
808087
808088
808089
808090
808091
808092
808093
808094
808095
808096
808097
808098
808099
808100
808101
808102
808103
808104
808105
808106
808107
808108
808109
808110
808111
808112
808113
808114
808115
808116
808117
808118
808119
808120
808121
808122
808123
808124
808125
808126
808127
808128
808129
808130
808131
808132
808133
808134
808135
808136
808137
808138
808139
808140
808141
808142
808143
808144
808145
808146
808147
808148
808149
808150
808151
808152
808153
808154
808155
808156
808157
808158
808159
808160
808161
808162
808163
808164
808165
808166
808167
808168
808169
808170
808171
808172
808173
808174
808175
808176
808177
808178
808179
808180
808181
808182
808183
808184
808185
808186
808187
808188
808189
808190
808191
808192
808193
808194
808195
808196
808197
808198
808199
808200
808201
808202
808203
808204
808205
808206
808207
808208
808209
808210
808211
808212
808213
808214
808215
808216
808217
808218
808219
808220
808221
808222
808223
808224
808225
808226
808227
808228
808229
808230
808231
808232
808233
808234
808235
808236
808237
808238
808239
808240
808241
808242
808243
808244
808245
808246
808247
808248
808249
808250
808251
808252
808253
808254
808255
808256
808257
808258
808259
808260
808261
808262
808263
808264
808265
808266
808267
808268
808269
808270
808271
808272
808273
808274
808275
808276
808277
808278
808279
808280
808281
808282
808283
808284
808285
808286
808287
808288
808289
808290
808291
808292
808293
808294
808295
808296
808297
808298
808299
808300
808301
808302
808303
808304
808305
808306
808307
808308
808309
808310
808311
808312
808313
808314
808315
808316
808317
808318
808319
808320
808321
808322
808323
808324
808325
808326
808327
808328
808329
808330
808331
808332
808333
808334
808335
808336
808337
808338
808339
808340
808341
808342
808343
808344
808345
808346
808347
808348
808349
808350
808351
808352
808353
808354
808355
808356
808357
808358
808359
808360
808361
808362
808363
808364
808365
808366
808367
808368
808369
808370
808371
808372
808373
808374
808375
808376
808377
808378
808379
808380
808381
808382
808383
808384
808385
808386
808387
808388
808389
808390
808391
808392
808393
808394
808395
808396
808397
808398
808399
808400
808401
808402
808403
808404
808405
808406
808407
808408
808409
808410
808411
808412
808413
808414
808415
808416
808417
808418
808419
808420
808421
808422
808423
808424
808425
808426
808427
808428
808429
808430
808431
808432
808433
808434
808435
808436
808437
808438
808439
808440
808441
808442
808443
808444
808445
808446
808447
808448
808449
808450
808451
808452
808453
808454
808455
808456
808457
808458
808459
808460
808461
808462
808463
808464
808465
808466
808467
808468
808469
808470
808471
808472
808473
808474
808475
808476
808477
808478
808479
808480
808481
808482
808483
808484
808485
808486
808487
808488
808489
808490
808491
808492
808493
808494
808495
808496
808497
808498
808499
808500
808501
808502
808503
808504
808505
808506
808507
808508
808509
808510
808511
808512
808513
808514
808515
808516
808517
808518
808519
808520
808521
808522
808523
808524
808525
808526
808527
808528
808529
808530
808531
808532
808533
808534
808535
808536
808537
808538
808539
808540
808541
808542
808543
808544
808545
808546
808547
808548
808549
808550
808551
808552
808553
808554
808555
808556
808557
808558
808559
808560
808561
808562
808563
808564
808565
808566
808567
808568
808569
808570
808571
808572
808573
808574
808575
808576
808577
808578
808579
808580
808763
808764
808765
808766
808767
808768
808769
808770
808771
808772
808773
808774
808775
808776
808777
808778
808779
808780
808781
808782
808783
808784
808785
808786
808787
808788
808789
808790
808791
808792
808793
808794
808795
808796
808797
808798
808799
808800
808801
808802
808803
808804
808805
808806
808807
808808
808809
808810
808811
808812
808813
808814
808815
808816
808817
808818
808819
808820
808821
808822
808823
808824
808825
808826
808827
808828
808829
808830
808831
808832
808833
808834
808835
808836
808837
808838
808839
808840
808841
808842
808843
808844
808845
808846
808847
808848
808849
808850
808851
808852
808853
808854
808855
808856
808857
808858
808859
808860
808861
808862
808863
808864
808865
808866
808867
808868
808869
808870
808871
808872
808873
808874
808875
808876
808877
808878
808879
808880
808881
808882
808883
808884
808885
808886
808887
808888
808889
808890
808891
808892
808893
808894
808895
808896
808897
808898
808899
808900
808901
808902
808903
808904
808905
808906
808907
808908
808909
808910
808911
808912
808913
808914
808915
808916
808917
808918
808919
808920
808921
808922
808923
808924
808925
808926
808927
808928
808929
808930
808931
808932
808933
808934
808935
808936
808937
808938
808939
808940
808941
808942
808943
808944
808945
808946
808947
808948
808949
808950
808951
808952
808953
808954
808955
808956
808957
808958
808959
808960
808961
808962
808963
808964
808965
808966
808967
808968
808969
808970
808971
808972
808973
808974
808975
808976
808977
808978
808979
808980
808981
808982
808983
808984
808985
808986
808987
808988
808989
808990
808991
808992
808993
808994
808995
808996
808997
808998
808999
809000
809001
809002
809003
809004
809005
809006
809007
809008
809009
809010
809011
809012
809013
809014
809015
809016
809017
809018
809019
809020
809021
809022
809023
809024
809025
809026
809027
809028
809029
809030
809031
809032
809033
809034
809035
809036
809037
809038
809039
809040
809041
809042
809043
809044
809045
809046
809047
809048
809049
809050
809051
809052
809053
809054
809055
809056
809057
809058
809059
809060
809061
809062
809063
809064
809065
809066
809067
809068
809069
809070
809071
809072
809073
809074
809075
809076
809077
809078
809079
809080
809081
809082
809083
809084
809085
809086
809087
809088
809089
809090
809091
809092
809093
809094
809095
809096
809097
809098
809099
809100
809101
809102
809103
809104
809105
809106
809107
809108
809109
809110
809111
809112
809113
809114
809115
809116
809117
809118
809119
809120
809121
809122
809123
809124
809125
809126
809127
809128
809129
809130
809131
809132
809133
809134
809135
809136
809137
809138
809139
809140
809141
809142
809143
809144
809145
809146
809147
809148
809149
809150
809151
809152
809153
809154
809155
809156
809157
809158
809159
809160
809161
809162
809163
809164
809165
809166
809167
809168
809169
809170
809171
809172
809173
809174
809175
809176
809177
809178
809179
809180
809181
809182
809183
809184
809185
809186
809187
809188
809189
809190
809191
809192
809193
809196
809197
809198
809203
809204
809205
809206
809207
809208
809209
809210
809211
809212
809213
809214
809215
809216
809217
809218
809219
809220
809221
809222
809223
809224
809225
809226
809227
809228
809229
809230
809231
809232
809233
809234
809235
809236
809237
809238
809239
809240
809241
809242
809243
809244
809245
809246
809247
809248
809249
809250
809251
809252
809253
809254
809255
809256
809257
809258
809259
809260
809261
809262
809263
809264
809265
809266
809267
809268
809269
809270
809271
809272
809273
809274
809275
809276
809277
809278
809279
809280
809281
809282
809283
809284
809285
809286
809287
809288
809289
809290
809291
809292
809293
809294
809295
809296
809297
809298
809299
809300
809301
809302
809303
809304
809305
809306
809307
809308
809309
809310
809311
809312
809313
809314
809318
809319
809320
809321
809325
809326
809327
809328
809329
809330
809331
809332
809333
809334
809335
809336
809337
809338
809339
809340
809341
809342
809352
809353
809354
809355
809356
809357
809358
809359
809360
809361
809362
809363
809364
809365
809366
809367
809368
809369
809370
809371
809372
809373
809374
809375
809376
809377
809378
809379
809380
809381
809382
809383
809384
809385
809386
809387
809388
809389
809390
809391
809392
809393
809394
809395
809396
809397
809398
809399
809400
809401
809402
809403
809404
809405
809406
809407
809408
809409
809410
809411
809412
809413
809414
809415
809416
809417
809418
809419
809420
809421
809422
809423
809424
809425
809426
809427
809428
809429
809430
809431
809432
809433
809434
809435
809436
809437
809438
809439
809440
809441
809442
809443
809444
809445
809446
809447
809448
809449
809450
809451
809452
809453
809454
809455
809456
809457
809458
809459
809460
809461
809462
809463
809464
809465
809466
809467
809468
809469
809470
809471
809472
809473
809474
809475
809476
809477
809478
809479
809480
809481
809482
809483
809484
809485
809486
809487
809488
809489
809490
809491
809492
809493
809494
809495
809496
809497
809498
809499
809500
809501
809502
809503
809504
809505
809506
809507
809508
809509
809510
809511
809512
809513
809514
809515
809516
809517
809518
809519
809520
809521
809522
809523
809524
809525
809526
809527
809528
809529
809530
809531
809532
809533
809534
809535
809536
809537
809538
809539
809540
809541
809542
809543
809544
809545
809546
809547
809548
809549
809550
809551
809552
809553
809554
809555
809556
809557
809558
809559
809560
809561
809562
809563
809564
809565
809566
809567
809568
809569
809570
809571
809572
809573
809574
809575
809576
809577
809578
809579
809580
809581
809582
809583
809584
809585
809586
809587
809588
809589
809590
809591
809592
809593
809594
809595
809596
809597
809598
809599
809600
809601
809602
809603
809604
809605
809606
809607
809608
809609
809610
809611
809612
809613
809614
809615
809616
809617
809618
809619
809620
809621
809622
809623
809624
809625
809626
809627
809628
809629
809630
809631
809632
809633
809634
809635
809636
809637
809638
809639
809640
809641
809642
809643
809644
809645
809646
809647
809648
809649
809650
809651
809652
809653
809654
809655
809656
809657
809658
809659
809660
809661
809662
809663
809664
809665
809666
809667
809668
809669
809670
809671
809672
809673
809674
809675
809676
809677
809678
809679
809680
809681
809682
809683
809684
809685
809686
809687
809688
809689
809690
809691
809692
809693
809694
809695
809696
809697
809698
809699
809700
809701
809702
809703
809704
809705
809706
809707
809708
809709
809710
809711
809712
809713
809714
809715
809716
809717
809718
809719
809720
809721
809722
809723
809724
809725
809726
809727
809728
809729
809730
809731
809732
809733
809734
809735
809736
809737
809738
809739
809740
809741
809742
809743
809744
809745
809746
809747
809748
809749
809750
809751
809752
809753
809754
809755
809756
809757
809758
809759
809760
809761
809762
809763
809764
809765
809766
809767
809768
809769
809770
809771
809772
809773
809774
809775
809776
809777
809778
809779
809780
809781
809782
809786
809787
809788
809789
809790
809791
809792
809793
809794
809795
809796
809797
809798
809799
809802
809803
809804
809805
809806
809807
809808
809809
809810
809811
809812
809813
809814
809815
809816
809817
809818
809819
809820
809821
809822
809823
809824
809825
809826
809827
809828
809829
809830
809831
809832
809833
809834
809835
809836
809837
809838
809839
809840
809841
809842
809843
809844
809845
809846
809847
809848
809849
809850
809851
809852
809853
809854
809855
809856
809857
809858
809859
809860
809861
809862
809863
809864
809865
809866
809867
809868
809869
809870
809871
809872
809873
809874
809875
809876
809877
809878
809879
809880
809881
809882
809883
809884
809885
809886
809887
809888
809889
809890
809891
809892
809893
809894
809895
809896
809897
809898
809899
809900
809901
809902
809907
809908
809909
809910
809911
809912
809913
809914
809915
809916
809917
809918
809919
809920
809921
809922
809923
809924
809925
809926
809927
809928
809967
809968
809969
809970
809971
809972
809973
809974
809975
809976
809977
809978
809979
809980
809981
809982
809983
809984
809985
809986
809987
809988
809989
809990
809991
809992
809993
809994
809995
809996
809997
809998
809999
810000
810001
810002
810003
810004
810005
810006
810007
810008
810009
810010
810011
810012
810013
810014
810015
810016
810017
810018
810019
810020
810021
810022
810023
810024
810025
810026
810027
810028
810029
810030
810031
810032
810033
810034
810035
810036
810037
810038
810039
810040
810041
810042
810043
810044
810045
810046
810047
810048
810049
810050
810051
810052
810053
810054
810055
810056
810057
810058
810059
810060
810061
810062
810063
810064
810065
810066
810067
810068
810069
810070
810071
810072
810073
810074
810075
810076
810077
810078
810079
810080
810081
810082
810083
810084
810085
810086
810087
810088
810089
810090
810091
810092
810093
810094
810095
810096
810097
810098
810099
810100
810101
810102
810103
810104
810105
810106
810107
810108
810109
810110
810111
810112
810113
810114
810115
810116
810117
810118
810119
810120
810121
810122
810123
810124
810125
810126
810127
810128
810129
810130
810131
810132
810133
810134
810135
810136
810137
810138
810139
810140
810141
810142
810143
810144
810145
810146
810147
810148
810149
810150
810151
810152
810153
810154
810155
810156
810157
810158
810159
810160
810161
810162
810163
810164
810165
810166
810167
810168
810169
810170
810171
810172
810173
810174
810175
810176
810177
810178
810179
810180
810181
810182
810183
810184
810185
810186
810187
810188
810189
810190
810191
810192
810193
810194
810195
810196
810197
810198
810199
810200
810201
810202
810203
810204
810205
810206
810207
810208
810209
810210
810211
810212
810213
810214
810215
810216
810217
810218
810219
810220
810221
810222
810223
810224
810225
810226
810227
810228
810229
810230
810231
810232
810233
810234
810235
810236
810237
810238
810239
810240
810241
810242
810243
810244
810245
810246
810247
810248
810249
810250
810251
810252
810253
810254
810255
810256
810257
810258
810259
810260
810261
810262
810263
810264
810265
810266
810267
810268
810269
810270
810271
810272
810273
810274
810275
810276
810277
810278
810279
810280
810281
810282
810283
810284
810285
810286
810287
810288
810289
810290
810291
810292
810293
810294
810295
810296
810297
810298
810299
810300
810301
810302
810303
810304
810305
810306
810307
810308
810309
810310
810311
810312
810313
810314
810315
810316
810317
810318
810319
810320
810321
810322
810323
810324
810325
810326
810327
810328
810329
810330
810331
810332
810333
810334
810335
810336
810337
810338
810339
810340
810341
810342
810343
810344
810345
810346
810347
810348
810349
810350
810351
810352
810353
810354
810355
810356
810357
810358
810359
810360
810361
810362
810363
810364
810365
810366
810367
810368
810369
810370
810371
810372
810373
810374
810375
810376
810377
810378
810379
810380
810381
810382
810383
810384
810385
810386
810387
810388
810389
810390
810391
810392
810393
810394
810395
810396
810397
810401
810402
810403
810404
810405
810406
810407
810408
810409
810410
810411
810412
810413
810414
810415
810416
810417
810418
810419
810420
810421
810422
810423
810424
810425
810426
810427
810428
810429
810430
810431
810432
810433
810434
810435
810436
810437
810438
810439
810440
810441
810442
810443
810444
810445
810446
810447
810448
810449
810450
810451
810452
810453
810454
810455
810456
810457
810458
810459
810460
810461
810462
810463
810464
810465
810466
810467
810468
810469
810470
810471
810472
810473
810474
810475
810476
810477
810478
810479
810480
810481
810482
810483
810484
810485
810486
810487
810488
810489
810490
810491
810492
810493
810494
810495
810496
810497
810498
810499
810500
810501
810502
810503
810504
810505
810506
810507
810508
810509
810510
810511
810512
810513
810514
810515
810516
810517
810518
810519
810520
810521
810522
810523
810524
810525
810526
810527
810528
810529
810530
810531
810532
810533
810534
810535
810536
810537
810557
810558
810559
810560
810561
810562
810563
810564
810565
810566
810567
810568
810569
810570
810571
810572
810573
810574
810575
810576
810577
810578
810579
810580
810581
810582
810583
810584
810585
810586
810587
810588
810589
810590
810591
810592
810593
810594
810595
810596
810597
810598
810599
810600
810601
810602
810603
810604
810605
810606
810607
810608
810609
810610
810611
810612
810613
810614
810615
810616
810617
810618
810619
810620
810621
810622
810623
810624
810625
810626
810627
810628
810629
810630
810631
810632
810633
810634
810635
810636
810637
810638
810639
810640
810641
810642
810643
810644
810645
810646
810647
810648
810649
810650
810651
810652
810653
810654
810655
810656
810657
810658
810659
810660
810661
810662
810663
810664
810665
810666
810667
810668
810669
810670
810671
810672
810673
810674
810675
810676
810677
810678
810679
810680
810681
810682
810683
810684
810685
810686
810687
810688
810689
810690
810691
810692
810693
810694
810695
810696
810697
810698
810699
810700
810701
810702
810703
810704
810705
810706
810707
810708
810709
810710
810711
810712
810713
810714
810715
810716
810717
810718
810719
810720
810721
810722
810723
810724
810725
810726
810727
810728
810729
810730
810731
810732
810733
810734
810735
810736
810737
810738
810739
810740
810741
810742
810743
810744
810745
810746
810747
810748
810749
810750
810751
810752
810753
810754
810755
810756
810757
810758
810759
810760
810761
810762
810763
810764
810765
810766
810767
810768
810769
810770
810771
810772
810773
810774
810775
810776
810777
810778
810779
810780
810781
810782
810783
810784
810785
810786
810787
810788
810789
810790
810791
810792
810793
810794
810795
810796
810797
810798
810799
810800
810801
810802
810803
810804
810805
810806
810807
810808
810809
810810
810811
810812
810813
810814
810815
810816
810817
810818
810819
810820
810821
810822
810823
810824
810825
810826
810827
810828
810829
810830
810831
810832
810833
810834
810835
810836
810837
810838
810839
810840
810841
810842
810843
810844
810845
810846
810847
810848
810849
810850
810851
810852
810853
810854
810855
810856
810857
810858
810859
810860
810861
810862
810863
810864
810865
810866
810867
810868
810869
810870
810871
810872
810873
810874
810875
810876
810877
810878
810879
810880
810881
810882
810883
810884
810885
810886
810887
810888
810889
810890
810891
810892
810893
810894
810895
810896
810897
810898
810899
810900
810901
810902
810903
810904
810905
810906
810907
810908
810909
810910
810911
810912
810913
810914
810915
810916
810917
810918
810919
810920
810921
810922
810923
810924
810925
810926
810927
810928
810929
810930
810931
810932
810933
810934
810935
810936
810937
810938
810939
810940
810941
810942
810943
810944
810945
810946
810947
810948
810949
810950
810951
810952
810953
810954
810955
810956
810957
810958
810959
810960
810961
810962
810963
810964
810965
810966
810967
810968
810969
810970
810971
810972
810973
810974
810975
810976
810977
810978
810979
810980
810981
810982
810986
810987
810988
810989
810990
810991
810992
810993
810994
810995
810996
810997
810998
810999
811000
811001
811002
811003
811004
811005
811006
811007
811008
811009
811010
811011
811012
811013
811014
811015
811016
811017
811018
811019
811020
811021
811022
811023
811024
811025
811026
811027
811028
811029
811030
811031
811032
811033
811034
811035
811036
811037
811038
811039
811040
811041
811042
811043
811044
811045
811046
811047
811048
811049
811050
811051
811052
811053
811054
811055
811056
811057
811058
811059
811060
811061
811062
811063
811064
811065
811066
811067
811068
811069
811070
811071
811072
811073
811074
811075
811076
811077
811078
811079
811080
811081
811082
811083
811084
811085
811086
811087
811088
811089
811090
811091
811092
811093
811094
811095
811096
811097
811098
811099
811100
811104
811105
811106
811107
811108
811109
811110
811111
811112
811113
811114
811115
811116
811117
811118
811119
811120
811121
811122
811123
811124
811125
811126
811127
811128
811129
811130
811131
811132
811133
811134
811135
811136
811137
811138
811139
811140
811141
811142
811143
811144
811145
811146
811147
811148
811149
811150
811151
811152
811153
811154
811155
811156
811157
811158
811159
811160
811161
811162
811163
811164
811165
811166
811167
811168
811169
811170
811171
811172
811173
811174
811175
811176
811177
811178
811179
811180
811181
811182
811183
811184
811185
811186
811187
811188
811189
811190
811191
811192
811193
811194
811195
811196
811197
811198
811199
811200
811201
811202
811203
811204
811205
811206
811207
811208
811209
811210
811211
811212
811213
811214
811215
811216
811217
811218
811219
811220
811221
811222
811223
811224
811225
811226
811227
811228
811229
811230
811231
811232
811233
811234
811235
811236
811237
811238
811239
811240
811241
811242
811243
811244
811245
811246
811247
811248
811249
811250
811251
811252
811253
811254
811255
811256
811257
811258
811259
811260
811261
811262
811263
811264
811265
811266
811267
811268
811269
811270
811271
811272
811273
811274
811275
811276
811277
811278
811279
811280
811281
811282
811283
811284
811285
811286
811287
811288
811289
811290
811291
811292
811293
811294
811295
811296
811297
811298
811299
811300
811301
811302
811303
811304
811305
811306
811307
811308
811309
811310
811311
811312
811313
811314
811315
811316
811317
811318
811319
811320
811321
811322
811323
811324
811325
811326
811327
811328
811329
811330
811331
811332
811333
811334
811335
811336
811337
811338
811339
811340
811341
811342
811343
811344
811345
811346
811347
811348
811349
811350
811351
811352
811353
811354
811355
811356
811357
811358
811359
811360
811361
811362
811363
811364
813382
813383
813384
813385
813386
813387
813388
813389
813390
813391
813392
813393
813394
813395
813396
813397
813398
813399
813400
813401
813402
813403
813404
813405
813406
813407
813408
813409
813410
813411
813412
813413
813414
813415
813416
813417
813418
813419
813420
813421
813422
813423
813424
813425
813426
813427
813428
813429
813430
813431
813432
813433
813434
813435
813436
813437
813438
813439
813440
813441
813442
813443
813444
813445
813446
813447
813448
813449
813450
813451
813452
813453
813454
813455
813456
813457
813458
813459
813460
813461
813462
813463
813464
813465
813466
813467
813468
813469
813470
813471
813472
813473
813474
813475
813476
813477
813478
813479
813480
813481
813482
813483
813484
813485
813486
813487
813488
813489
813490
813491
813492
813493
813494
813495
813496
813575
813576
813577
813578
813579
813580
813581
813582
813583
813584
813585
813586
813587
813588
813589
813590
813591
813592
813593
813594
813595
813596
813597
813598
813599
813600
813601
813602
814912
814913
814914
814915
814916
814917
814918
814919
814920
814921
814922
814923
814924
814925
814926
814927
814928
814929
814930
814931
814932
814933
814934
814935
814936
814937
814938
814939
814940
814941
814942
814943
814944
814945
814946
814947
814948
814949
814950
814951
814952
814953
814954
814955
814956
814957
814958
814959
814960
814961
814962
814963
814964
814965
814966
814967
814968
814969
814970
814971
814972
814973
814974
814975
814976
814977
814978
814979
814980
814981
814982
814983
814984
814985
814986
814987
814988
814989
814990
814991
814992
814993
814994
814995
814996
814997
814998
814999
815000
815001
815002
815003
815004
815005
815006
815007
815008
815009
815010
815011
815012
815013
815014
815015
815016
815017
815018
815019
815020
815021
815022
815023
815024
815025
815026
815027
815028
815029
815030
815031
815032
815033
815034
815035
815036
815037
815038
815039
815040
815041
815042
815043
815044
815045
815046
815047
815048
815049
815050
815051
815052
815053
815054
815055
815056
815057
815058
815059
815060
815061
815062
815063
815064
815065
815066
815067
815068
815069
815070
815071
815072
815073
815074
815075
815076
815077
815078
815079
815080
815081
815082
815083
815084
815085
815086
815087
815088
815089
815090
815091
815092
815093
815094
815095
815096
815097
815098
815099
815100
815101
815102
815103
815104
815105
815106
815107
815108
815109
815110
815111
815112
815113
815114
815115
815116
815117
815118
815119
815120
815121
815122
815123
815124
815125
815126
815127
815128
815129
815130
815131
815132
815133
815134
815135
815136
815137
815138
815139
815140
815141
815142
815143
815144
815145
815146
815147
815148
815149
815150
815151
815152
815153
815154
815155
815156
815157
815158
815159
815160
815161
815162
815163
815164
815165
815166
815167
815168
815169
815170
815171
815172
815173
815174
815175
815176
815177
815178
815179
815180
815181
815182
815183
815184
815185
815186
815187
815188
815189
815190
815191
815192
815193
815194
815195
815196
815197
815198
815199
815200
815201
815202
815203
815204
815205
815206
815207
815208
815209
815210
815211
815212
815213
815214
815215
815216
815217
815218
815219
815220
815221
815222
815223
815224
815225
815226
815227
815228
815229
815230
815231
815232
815233
815234
815235
815236
815237
815238
815239
815240
815241
815242
815243
815244
815245
815246
815247
815248
815249
815250
815251
815252
815253
815254
815255
815256
815257
815258
815259
815260
815261
815262
815263
815264
815265
815266
815267
815268
815269
815270
815271
815272
815273
815274
815275
815276
815277
815278
815279
815280
815281
815282
815283
815284
815285
815286
815287
815288
815289
815290
815291
815292
815293
815294
815295
815296
815297
815298
815299
815300
815301
815302
815303
815304
815305
815306
815307
815308
815309
815310
815311
815312
815313
815314
815315
815316
815317
815318
815319
815320
815321
815322
815323
815324
815325
815326
815327
815328
815329
815330
815331
815332
815333
815334
815335
815336
815337
815338
815339
815340
815341
815342
815343
815344
815345
815346
815347
815348
815349
815350
815351
815352
815353
815354
815355
815356
815357
815358
815359
815360
815361
815362
815363
815364
815365
815366
815367
815368
815369
815370
815371
815372
815373
815374
815375
815376
815377
815378
815379
815380
815381
815382
815383
815384
815385
815386
815387
815388
815389
815390
815391
815392
815393
815394
815395
815396
815397
815398
815399
815400
815401
815402
815403
815404
815405
815406
815407
815408
815409
815410
815411
815412
815413
815414
815415
815416
815417
815418
815419
815420
815421
815422
815423
815424
815425
815426
815427
815428
815429
815430
815431
815432
815433
815434
815435
815436
815437
815438
815439
815440
815441
815442
815443
815444
815445
815446
815447
815448
815449
815450
815451
815452
815453
815454
815455
815456
815457
815458
815459
815460
815461
815462
815463
815464
815465
815466
815467
815468
815469
815470
815471
815472
815473
815474
815475
815476
815477
815478
815479
815480
815481
815482
815483
815484
815485
815486
815487
815488
815489
815490
815491
815492
815493
815494
815495
815496
815497
815498
815499
815500
815501
815502
815503
815504
815505
815506
815507
815508
815509
815510
815511
815512
815513
815514
815515
815516
815517
815518
815519
815520
815521
815522
815523
815524
815525
815526
815527
815528
815529
815530
815531
815532
815533
815534
815535
815536
815537
815538
815539
815540
815541
815542
815543
815544
815545
815546
815547
815548
815549
815550
815551
815552
815553
815554
815555
815556
815557
815558
815559
815560
815561
815562
815563
815564
815565
815566
815567
815568
815569
815570
815571
815572
815573
815574
815575
815576
815577
815578
815579
815580
815581
815582
815583
815584
815585
815586
815587
815588
815589
815590
815591
815592
815593
815594
815595
815596
815597
815598
815599
815600
815601
815602
815603
815604
815605
815606
815607
815608
815609
815610
815611
815612
815613
815614
815615
815616
815617
815618
815619
815620
815621
815622
815623
815624
815625
815626
815627
815628
815629
815630
815631
815632
815633
815634
815635
815636
815637
815638
815639
815640
815641
815642
815643
815644
815645
815646
815647
815648
815649
815650
815651
815652
815653
815654
815655
815656
815657
815658
815659
815660
815661
815662
815663
815664
815665
815666
815667
815668
815669
815670
815671
815672
815673
815674
815675
815676
815677
815678
815679
815680
815681
815682
815683
815684
815685
815686
815687
815688
815689
815690
815691
815692
815693
815694
815695
815696
815697
815698
815699
815700
815701
815702
815703
815704
815705
815706
815707
815708
815709
815710
815711
815712
815713
815714
815715
815716
815717
815718
815719
815720
815721
815722
815723
815724
815725
815726
815727
815728
815729
815730
815731
815732
815733
815734
815735
815736
815737
815738
815739
815740
815741
815742
815743
815744
815745
815746
815747
815748
815749
815750
815751
815752
815753
815754
815755
815756
815757
815758
815759
815760
815761
815762
815763
815764
815765
815766
815767
815768
815769
815770
815771
815772
815773
815774
815775
815776
815777
815778
815779
815780
815781
815782
815783
815784
815785
815786
815787
815788
815789
815790
815791
815792
815793
815794
815795
815796
815797
815798
815799
815800
815801
815802
815803
815804
815805
815806
815807
815808
815809
815810
815811
815812
815813
815814
815815
815816
815817
815818
815819
815820
815821
815822
815823
815824
815825
815826
815827
815828
815829
815830
815831
815832
815833
815834
815835
815836
815837
815838
815839
815840
815841
815842
815843
815844
815845
815846
815847
815848
815849
815850
815851
815852
815853
815854
815855
815856
815857
815858
815859
815860
815861
815862
815863
815864
815865
815866
815867
815868
815869
815870
815871
815872
815873
815874
815875
815876
815877
815878
815879
815880
815881
815882
815883
815884
815885
815886
815887
815888
815889
815890
815891
815892
815893
815894
815895
815896
815897
815898
815899
815900
815901
815902
815903
815904
815905
815906
815907
815908
815909
815910
815911
815912
815913
815914
815915
815916
815917
815918
815919
815920
815921
815922
815923
815924
815925
815926
815927
815928
815929
815930
815931
815932
815933
815934
815935
815936
815937
815938
815939
815940
815941
815942
815943
815944
815945
815946
815947
815948
815949
815950
815951
815952
815953
815954
815955
815956
815957
815958
815959
815960
815961
815962
815963
815964
815965
815966
815967
815968
815969
815970
815971
815972
815973
815974
815975
815976
815977
815978
815979
815980
815981
815982
815983
815984
815985
815986
815987
815988
815989
815990
815991
815992
815993
815994
815995
815996
815997
815998
815999
816000
816001
816002
816003
816004
816005
816006
816007
816008
816009
816010
816011
816012
816013
816014
816015
816016
816017
816018
816019
816020
816021
816022
816023
816024
816025
816026
816027
816028
816029
816030
816031
816032
816033
816034
816035
816036
816037
816038
816039
816040
816041
816042
816043
816044
816045
816046
816047
816048
816049
816050
816051
816052
816053
816054
816055
816056
816057
816058
816059
816060
816061
816062
816063
816064
816065
816066
816067
816068
816069
816070
816071
816072
816073
816074
816075
816076
816077
816078
816079
816080
816081
816082
816083
816084
816085
816086
816087
816088
816089
816090
816091
816092
816093
816094
816095
816096
816097
816098
816099
816100
816101
816102
816103
816104
816105
816106
816107
816108
816109
816110
816111
816112
816113
816114
816115
816116
816117
816118
816119
816120
816121
816122
816123
816753
816754
816755
816756
816757
816758
816759
816760
816761
816762
816763
816764
816765
816766
816767
816768
816769
816770
816771
816772
816773
816774
816775
816776
816777
816778
816779
816780
816781
816782
816783
816784
816785
816786
816787
816788
816789
816790
816791
816792
816793
816794
816795
816796
816797
816798
816799
816800
816801
816802
816803
816804
816805
816806
816807
816808
816809
816810
816811
816812
816813
816814
816815
816816
816817
816818
816819
816820
816821
816822
816823
816824
816825
816826
816827
816828
816829
816830
816831
816832
816833
816834
816835
816836
816837
816838
816839
816840
816841
816842
816843
816844
816845
816846
816847
816848
816849
816850
816851
816852
816853
816854
816855
816856
816857
816858
816859
816860
816861
816862
816863
816864
816865
816866
816867
816868
816869
816870
816871
816872
816873
816874
816875
816876
816877
816878
816879
816880
816881
816976
816977
816978
816979
816980
816981
816982
816983
816984
816985
816986
816987
816988
816989
816990
816991
816992
816993
816994
816995
816996
816997
816998
816999
817000
817001
817002
817003
817004
817005
817006
817007
817008
817009
817010
817011
817012
817013
817014
817015
817016
817017
817018
817019
817020
817021
817022
817023
817024
817025
817026
817027
817028
817029
817030
817031
817032
817033
817034
817035
817036
817037
817038
817039
817040
817041
817042
817043
817044
817045
817046
817047
817048
817049
817050
817051
817052
817053
817054
817055
817056
817057
817058
817059
817060
817061
817062
817063
817064
817065
817066
817067
817068
817069
817070
817071
817072
817073
817074
817075
817076
817077
817078
817079
817080
817081
817082
817083
817084
817085
817086
817087
817088
817089
817090
817091
817092
817093
817094
817095
817096
817097
817098
817099
817100
817101
817102
817103
817104
817105
817106
817107
817108
817109
817110
817111
817112
817113
817114
817115
817116
817117
817118
817119
817120
817121
817122
817123
817124
817125
817126
817127
817128
817129
817130
817131
817132
817133
817134
817135
817136
817137
817138
817139
817140
817141
817142
817143
817144
817145
817146
817147
817148
817149
817150
817151
817152
817153
817154
817155
817156
817157
817158
817159
817160
817161
817162
817163
817164
817165
817166
817167
817168
817169
817170
817171
817172
817173
817174
817175
817176
817177
817178
817179
817180
817181
817182
817183
817184
817185
817186
817187
817188
817189
817190
817191
817192
817193
817194
817195
817196
817197
817198
817199
817200
817201
817202
817203
817204
817205
817206
817207
817208
817209
817210
817211
817212
817213
817214
817215
817216
817217
817218
817219
817220
817221
817222
817223
817224
817225
817226
817227
817228
817229
817230
817231
817232
817233
817234
817235
817236
817237
817238
817239
817240
817241
817242
817243
817244
817245
817246
817247
817248
817249
817250
817251
817252
817253
817254
817349
817350
817351
817352
817353
817354
817355
817356
817357
817358
817359
817360
817361
817362
817363
817364
817365
817366
817367
817368
817369
817370
817371
817372
817373
817374
817375
817376
817487
817488
817489
817490
817491
817492
817493
817494
817495
817496
817497
817498
817499
817500
817501
817502
817503
817504
817505
817506
817507
817508
817509
817510
817511
817512
817513
817514
817515
817516
817517
817518
817519
817520
817521
817522
817523
817524
817525
817526
817527
817528
817529
817530
817531
817532
817533
817534
817535
817536
817537
817538
817539
817540
817541
817542
817543
817544
817545
817546
817547
817548
817549
817550
817551
817552
817553
817554
817555
817556
817557
817558
817559
817560
817561
817562
817563
817564
817565
817566
817567
817568
817569
817570
817571
817572
817573
817574
817575
817576
817577
817578
817579
817580
817581
817582
817583
817584
817585
817586
817587
817588
817589
817590
817591
817592
817593
817594
817595
818300
818301
818302
818303
818304
818305
818306
818307
818308
818309
818310
818311
818312
818313
818314
818315
818316
818317
818318
818319
818320
818321
818322
818323
818324
818325
818326
818327
818328
818329
818330
818331
818332
818333
818334
818335
818336
818337
818338
818339
818340
818341
818342
818343
818344
818345
818346
818347
818348
818349
818350
818351
818352
818353
818354
818355
818356
818357
818358
818359
818360
818361
818362
818363
818364
818365
818366
818367
818368
818369
818370
818371
818372
818373
818374
818375
818376
818377
818378
818379
818380
818381
818382
818383
818384
818385
818386
818387
818388
818389
818390
818391
818392
818393
818394
818395
818396
818397
818398
818399
818400
818401
818402
818403
818404
818405
818406
818407
818408
818409
818410
818411
818412
818413
818414
818415
818416
818417
818418
818419
818420
818421
818422
818423
818424
818425
818426
818427
818428
818523
818524
818525
818526
818527
818528
818529
818530
818531
818532
818533
818534
818535
818536
818537
818538
818539
818540
818541
818542
818543
818544
818545
818546
818547
818548
818549
818550
818551
818552
818553
818554
818555
818556
818557
818558
818559
818560
818561
818562
818563
818564
818565
818566
818567
818568
818569
818570
818571
818572
818573
818574
818575
818576
818577
818578
818579
818580
818581
818582
818583
818584
818585
818586
818587
818588
818589
818590
818591
818592
818593
818594
818595
818596
818597
818598
818599
818600
818601
818602
818603
818604
818605
818606
818607
818608
818609
818610
818611
818612
818613
818614
818615
818616
818617
818618
818619
818620
818621
818622
818623
818624
818625
818626
818627
818628
818629
818630
818631
818632
818633
818634
818635
818636
818637
818638
818639
818640
818641
818642
818643
818644
818645
818646
818647
818648
818649
818650
818651
818652
818653
818654
818655
818656
818657
818658
818659
818660
818661
818662
818663
818664
818665
818666
818667
818668
818669
818670
818671
818672
818673
818674
818675
818676
818677
818678
818679
818680
818681
818682
818683
818684
818685
818686
818687
818688
818689
818690
818691
818692
818693
818694
818695
818696
818697
818698
818699
818700
818701
818702
818703
818704
818705
818706
818707
818708
818709
818710
818711
818712
818713
818714
818715
818716
818717
818718
818719
818720
818721
818722
818723
818724
818725
818726
818727
818728
818729
818730
818731
818732
818733
818734
818735
818736
818737
818738
818739
818740
818741
818742
818743
818744
818745
818746
818747
818748
818749
818750
818751
818752
818753
818754
818755
818756
818757
818758
818759
818760
818761
818762
818763
818764
818765
818766
818767
818768
818769
818770
818771
818772
818773
818774
818775
818776
818777
818778
818779
818780
818781
818782
818783
818784
818785
818786
818787
818788
818789
818790
818791
818792
818793
818794
818795
818796
818797
818798
818799
818800
818801
818896
818897
818898
818899
818900
818901
818902
818903
818904
818905
818906
818907
818908
818909
818910
818911
818912
818913
818914
818915
818916
818917
818918
818919
818920
818921
818922
818923
819034
819035
819036
819037
819038
819039
819040
819041
819042
819043
819044
819045
819046
819047
819048
819049
819050
819051
819052
819053
819054
819055
819056
819057
819058
819059
819060
819061
819062
819063
819064
819065
819066
819067
819068
819069
819070
819071
819072
819073
819074
819075
819076
819077
819078
819079
819080
819081
819082
819083
819084
819085
819086
819087
819088
819089
819090
819091
819092
819093
819094
819095
819096
819097
819098
819099
819100
819101
819102
819103
819104
819105
819106
819107
819108
819109
819110
819111
819112
819113
819114
819115
819116
819117
819118
819119
819120
819121
819122
819123
819124
819125
819126
819127
819129
819130
819131
819132
819133
819134
819135
819136
819137
819138
819139
819140
819141
819142
819143
819867
819868
819869
819870
819871
819872
819873
819874
819875
819876
819877
819878
819879
819880
819881
819882
819883
819884
819885
819886
819887
819888
819889
819890
819891
819892
819893
819894
819895
819896
819897
819898
819899
819900
819901
819902
819903
819904
819905
819906
819907
819908
819909
819910
819911
819912
819913
819914
819915
819916
819917
819918
819919
819920
819921
819922
819923
819924
819925
819926
819927
819928
819929
819930
819931
819932
819933
819934
819935
819936
819937
819938
819939
819940
819941
819942
819943
819944
819945
819946
819947
819948
819949
819950
819951
819952
819953
819954
819955
819956
819957
819958
819959
819960
819961
819962
819963
819964
819965
819966
819967
819968
819969
819970
819971
819972
819973
819974
819975
819976
819977
819978
819979
819980
819981
819982
819983
819984
819985
819986
819987
819988
819989
819990
819991
819992
819993
819994
819995
820090
820091
820092
820093
820094
820095
820096
820097
820098
820099
820100
820101
820102
820103
820104
820105
820106
820107
820108
820109
820110
820111
820112
820113
820114
820115
820116
820117
820118
820119
820120
820121
820122
820123
820124
820125
820126
820127
820128
820129
820130
820131
820132
820133
820134
820135
820136
820137
820138
820139
820140
820141
820142
820143
820144
820145
820146
820147
820148
820149
820150
820151
820152
820153
820154
820155
820156
820157
820158
820159
820160
820161
820162
820163
820164
820165
820166
820167
820168
820169
820170
820171
820172
820173
820174
820175
820176
820177
820178
820179
820180
820181
820182
820183
820184
820185
820186
820187
820188
820189
820190
820191
820192
820193
820194
820195
820196
820197
820198
820199
820200
820201
820202
820203
820204
820205
820206
820207
820208
820209
820210
820211
820212
820213
820214
820215
820216
820217
820218
820219
820220
820221
820222
820223
820224
820225
820226
820227
820228
820229
820230
820231
820232
820233
820234
820235
820236
820237
820238
820239
820240
820241
820242
820243
820244
820245
820246
820247
820248
820249
820250
820251
820252
820253
820254
820255
820256
820257
820258
820259
820260
820261
820262
820263
820264
820265
820266
820267
820268
820269
820270
820271
820272
820273
820274
820275
820276
820277
820278
820279
820280
820281
820282
820283
820284
820285
820286
820287
820288
820289
820290
820291
820292
820293
820294
820295
820296
820297
820298
820299
820300
820301
820302
820303
820304
820305
820306
820307
820308
820309
820310
820311
820312
820313
820314
820315
820316
820317
820318
820319
820320
820321
820322
820323
820324
820325
820326
820327
820328
820329
820330
820331
820332
820333
820334
820335
820336
820337
820338
820339
820340
820341
820342
820343
820344
820345
820346
820347
820348
820349
820350
820351
820352
820353
820354
820355
820356
820357
820358
820359
820360
820361
820362
820363
820364
820365
820366
820367
820368
820463
820464
820465
820466
820467
820468
820469
820470
820471
820472
820473
820474
820475
820476
820477
820478
820479
820480
820481
820482
820484
820485
820486
820487
820488
820489
820490
820491
820602
820603
820604
820605
820606
820607
820608
820609
820610
820611
820612
820613
820614
820615
820616
820617
820618
820619
820620
820621
820622
820623
820624
820625
820626
820627
820628
820629
820630
820631
820632
820633
820634
820635
820636
820637
820638
820639
820640
820641
820642
820643
820644
820645
820646
820647
820648
820649
820650
820651
820652
820653
820654
820655
820656
820657
820658
820659
820660
820661
820662
820663
820664
820665
820666
820667
820668
820669
820670
820671
820672
820673
820674
820675
820676
820677
820678
820679
820680
820681
820682
820683
820684
820685
820686
820687
820688
820689
820690
820691
820692
820693
820694
820695
820696
820697
820698
820699
820700
820701
820702
820703
820704
820705
820706
820707
820708
820709
820710
821434
821435
821436
821437
821438
821439
821440
821441
821442
821443
821444
821445
821446
821447
821448
821449
821450
821451
821452
821453
821454
821455
821456
821457
821458
821459
821460
821461
821462
821463
821464
821465
821466
821467
821468
821469
821470
821471
821472
821473
821474
821475
821476
821477
821478
821479
821480
821481
821482
821483
821484
821485
821486
821487
821488
821489
821490
821491
821492
821493
821494
821495
821496
821497
821498
821499
821500
821501
821502
821503
821504
821505
821506
821507
821508
821509
821510
821511
821512
821513
821514
821515
821516
821517
821518
821519
821520
821521
821522
821523
821524
821525
821526
821527
821528
821529
821530
821531
821532
821533
821534
821535
821536
821537
821538
821539
821540
821541
821542
821543
821544
821545
821546
821547
821548
821549
821550
821551
821552
821553
821554
821555
821556
821557
821558
821559
821560
821561
821562
821657
821658
821659
821660
821661
821662
821663
821664
821665
821666
821667
821668
821669
821670
821671
821672
821673
821674
821675
821676
821677
821678
821679
821680
821681
821682
821683
821684
821685
821686
821687
821688
821689
821690
821691
821692
821693
821694
821695
821696
821697
821698
821699
821700
821701
821702
821703
821704
821705
821706
821707
821708
821709
821710
821711
821712
821713
821714
821715
821716
821717
821718
821719
821720
821721
821722
821723
821724
821725
821726
821727
821728
821729
821730
821731
821732
821733
821734
821735
821736
821737
821738
821739
821740
821741
821742
821743
821744
821745
821746
821747
821748
821749
821750
821751
821752
821753
821754
821755
821756
821757
821758
821759
821760
821761
821762
821763
821764
821765
821766
821767
821768
821769
821770
821771
821772
821773
821774
821775
821776
821777
821778
821779
821780
821781
821782
821783
821784
821785
821786
821787
821788
821789
821790
821791
821792
821793
821794
821795
821796
821797
821798
821799
821800
821801
821802
821803
821804
821805
821806
821807
821808
821809
821810
821811
821812
821813
821814
821815
821816
821817
821818
821819
821820
821821
821822
821823
821824
821825
821826
821827
821828
821829
821830
821831
821832
821833
821834
821835
821836
821837
821838
821839
821840
821841
821842
821843
821844
821845
821846
821847
821848
821849
821850
821851
821852
821853
821854
821855
821856
821857
821858
821859
821860
821861
821862
821863
821864
821865
821866
821867
821868
821869
821870
821871
821872
821873
821874
821875
821876
821877
821878
821879
821880
821881
821882
821883
821884
821885
821886
821887
821888
821889
821890
821891
821892
821893
821894
821895
821896
821897
821898
821899
821900
821901
821902
821903
821904
821905
821906
821907
821908
821909
821910
821911
821912
821913
821914
821915
822010
822011
822012
822013
822014
822015
822016
822017
822018
822019
822020
822021
822022
822023
822024
822025
822026
822027
822028
822029
822030
822031
822032
822033
822034
822035
822036
822037
822148
822149
822150
822151
822152
822153
822154
822155
822156
822157
822158
822159
822160
822161
822162
822163
822164
822165
822166
822167
822168
822169
822170
822171
822172
822173
822174
822175
822176
822177
822178
822179
822180
822181
822182
822183
822184
822185
822186
822187
822188
822189
822190
822191
822192
822193
822194
822195
822196
822197
822198
822199
822200
822201
822202
822203
822204
822205
822206
822207
822208
822209
822210
822211
822212
822213
822214
822215
822216
822217
822218
822219
822220
822221
822222
822223
822224
822225
822226
822227
822228
822229
822230
822231
822232
822233
822234
822235
822236
822237
822238
822239
822240
822241
822242
822243
822244
822245
822246
822247
822248
822249
822250
822251
827024
827025
827049
827050
827051
827052
827075
827076
827077
827078
827079
827080
827102
827103
827104
827105
827106
827107
827128
827129
827130
827131
827132
827133
827134
827155
827156
827157
827158
827159
827160
827161
827182
827183
827184
827185
827186
827187
827188
827208
827209
827210
827211
827212
827213
827214
827215
827236
827237
827238
827239
827240
827241
827242
827263
827264
827265
827266
827267
827268
827269
827270
827290
827291
827292
827293
827294
827295
827296
827297
827318
827319
827320
827321
827322
827323
827324
827345
827346
827347
827348
827349
827350
827351
827374
827375
827376
827377
827378
827402
827403
827404
827405
828013
828017
828031
828033
828034
828035
828036
828037
828038
828046
828048
828049
828050
828053
828064
828066
828067
828068
828073
828075
828076
828077
828084
828085
828090
828091
828096
828097
828098
828105
828106
828107
828111
828112
828120
828121
828126
828129
828130
828131
828138
828139
828147
828148
828159
828162
828163
828177
828180
828183
828208
828210
828211
828212
828214
828215
828237
828238
828239
828240
828241
828242
828249
828250
828251
828254
828264
828265
828266
828273
828274
828275
828288
828289
828297
828298
828299
828306
828307
828308
828318
828319
828327
828330
828331
828332
828345
828348
828349
828350
828357
828358
828360
828361
828362
828369
828372
828373
828374
828375
828376
828377
828380
828393
828396
828397
828398
828417
828423
828428
828453
828455
828458
828459
828460
828471
828474
828475
828476
828479
828482
828495
828498
828499
828500
828503
828522
828523
828525
828526
828527
828538
828539
828546
828547
828548
828555
828556
828557
828562
828563
828570
828571
828572
828585
828591
828592
828593
828600
828601
828602
828604
828605
828619
828620
828636
828637
828638
828642
828643
828644
828645
828646
828665
828666
828667
828668
828693
828694
828695
828696
828697
828698
828702
828703
828704
828720
828721
828722
828732
828733
828734
828735
828736
828737
828738
828739
828740
828756
828757
828758
828759
828760
828761
828762
828763
828764
828765
828766
828767
828783
828784
828785
828786
828787
828788
828789
828790
828791
828792
828793
828794
828795
828796
828797
828800
828825
828826
828827
828828
828829
828830
828831
828832
828833
828834
828835
828836
828837
828838
828839
828840
828841
828842
828845
828864
828865
828866
828867
828868
828869
828870
828871
828872
828873
828874
828875
828876
828877
828878
828879
828880
828881
828884
828906
828907
828908
828909
828910
828911
828912
828913
828914
828915
828916
828917
828918
828919
828920
828921
828922
828923
828926
828948
828949
828950
828951
828952
828953
828954
828955
828956
828957
828958
828959
828960
828961
828962
828963
828964
828965
828968
828990
828991
828992
828993
828994
828995
828996
828997
828998
828999
829000
829001
829002
829003
829004
829005
829006
829007
829009
829010
829032
829033
829034
829035
829036
829037
829038
829039
829040
829041
829042
829043
829044
829045
829046
829047
829048
829049
829050
829051
829052
829055
829074
829075
829076
829077
829078
829079
829080
829081
829082
829083
829084
829085
829086
829087
829088
829089
829090
829091
829092
829093
829094
829097
829116
829117
829118
829119
829120
829121
829122
829123
829124
829125
829126
829127
829128
829129
829130
829131
829132
829133
829136
829155
829156
829157
829158
829159
829160
829161
829162
829163
829164
829165
829166
829167
829168
829169
829172
829185
829186
829187
829188
829189
829190
829191
829192
829193
829194
829195
829196
829197
829198
829199
829206
829207
829208
829209
829210
829211
829224
829225
829226
829227
829228
829229
829230
829231
829232
829233
829234
829235
829236
829237
829238
829245
829246
829247
829248
829249
829250
829251
829252
829253
829266
829267
829268
829269
829270
829271
829272
829273
829274
829278
829279
829280
829281
829282
829283
829284
829285
829286
829296
829297
829298
829299
829300
829301
829305
829306
829307
829308
829309
829310
829317
829318
829319
829320
829321
829322
829323
829324
829325
829326
829327
829328
829335
829336
829337
829338
829339
829340
829341
829342
829343
829356
829357
829358
829359
829360
829361
829371
829372
829373
829384
829385
829386
829387
829388
829389
829390
829391
829422
829423
829424
829425
829426
829427
829428
829429
829430
829434
829435
829436
829446
829447
829448
829449
829450
829451
829452
829453
829454
829488
829489
829490
829491
829492
829493
829494
829495
829496
829506
829507
829508
829509
829510
829511
829512
829513
829514
829524
829525
829526
829527
829528
829529
829530
829531
829532
829542
829543
829544
829545
829546
829547
829548
829549
829550
829551
829552
829553
829554
829555
829556
829557
829558
829559
829566
829567
829568
829587
829588
829589
829590
829591
829592
829593
829594
829595
829596
829597
829598
829599
829600
829601
829605
829606
829607
829608
829609
829610
829617
829618
829619
829620
829621
829622
829623
829624
829625
829638
829639
829640
829641
829642
829643
829644
829645
829646
829647
829648
829649
829650
829651
829652
829653
829654
829655
829671
829672
829673
829674
829675
829676
829677
829678
829679
829680
829681
829682
829683
829684
829685
829686
829687
829688
829704
829705
829706
829707
829708
829709
829710
829711
829712
829713
829714
829715
829716
829717
829718
829719
829720
829721
829722
829741
829742
829743
829744
829745
829746
829747
829748
829749
829750
829751
829752
829753
829754
829755
829756
829757
829758
829759
829778
829779
829780
829781
829782
829783
829784
829785
829786
829787
829788
829789
829790
829791
829792
829793
829794
829795
829796
829797
829798
829817
829818
829819
829820
829821
829822
829823
829824
829825
829826
829827
829828
829829
829830
829831
829832
829833
829834
829835
829836
829837
829856
829857
829858
829859
829860
829861
829862
829863
829864
829865
829866
829867
829868
829869
829870
829871
829872
829873
829874
829875
829876
829889
829890
829891
829892
829893
829894
829895
829896
829897
829898
829899
829900
829901
829902
829903
829904
829905
829906
829907
829908
829909
829922
829923
829924
829925
829926
829927
829928
829929
829930
829931
829932
829933
829934
829935
829936
829937
829938
829939
829949
829950
829951
829952
829953
829954
829955
829956
829957
829958
829959
829960
829961
829962
829963
829970
829971
829972
829976
829977
829978
829979
829980
829981
829982
829983
829984
829985
829986
829987
829988
829989
829990
829991
829992
829993
830012
830013
830014
830015
830016
830017
830018
830019
830020
830021
830022
830023
830024
830025
830026
830027
830028
830029
830030
830031
830032
830033
830034
830035
830036
830037
830038
830075
830076
830077
830078
830079
830080
830081
830082
830083
830084
830085
830086
830087
830088
830089
830090
830091
830092
830093
830094
830095
830096
830097
830098
830099
830100
830101
830102
830103
830104
830105
830106
830107
830108
830109
830110
830111
830112
830113
830114
830115
830116
830117
830118
830119
830122
830123
830124
830170
830171
830172
830173
830174
830175
830176
830177
830178
830179
830180
830181
830182
830183
830184
830185
830186
830187
830188
830189
830190
830191
830192
830193
830194
830195
830196
830197
830198
830199
830200
830201
830202
830203
830204
830205
830206
830207
830208
830209
830210
830211
830212
830213
830214
830217
830218
830219
830265
830266
830267
830268
830269
830270
830271
830272
830273
830274
830275
830276
830277
830278
830279
830280
830281
830282
830283
830284
830285
830286
830287
830288
830289
830290
830291
830292
830293
830294
830295
830296
830297
830298
830299
830300
830301
830302
830303
830304
830305
830306
830307
830308
830309
830310
830311
830312
830313
830314
830315
830316
830317
830318
830321
830376
830377
830378
830379
830380
830381
830382
830383
830384
830385
830386
830387
830388
830389
830390
830391
830392
830393
830394
830395
830396
830397
830398
830399
830400
830401
830402
830403
830404
830405
830406
830407
830408
830409
830410
830411
830412
830413
830414
830415
830416
830417
830418
830419
830420
830421
830422
830423
830424
830425
830426
830427
830428
830429
830433
830488
830489
830490
830491
830492
830493
830494
830495
830496
830497
830498
830499
830500
830501
830502
830503
830504
830505
830506
830507
830508
830509
830510
830511
830512
830513
830514
830515
830516
830517
830518
830519
830520
830521
830522
830523
830524
830525
830526
830527
830528
830529
830530
830531
830532
830533
830534
830535
830536
830537
830538
830539
830540
830541
830548
830549
830550
830605
830606
830607
830608
830609
830610
830611
830612
830613
830614
830615
830616
830617
830618
830619
830620
830621
830622
830623
830624
830625
830626
830627
830628
830629
830630
830631
830632
830633
830634
830635
830636
830637
830638
830639
830640
830641
830642
830643
830644
830645
830646
830647
830648
830649
830650
830651
830652
830653
830654
830655
830656
830657
830658
830660
830662
830663
830664
830665
830666
830667
830722
830723
830724
830725
830726
830727
830728
830729
830730
830731
830732
830733
830734
830735
830736
830737
830738
830739
830740
830741
830742
830743
830744
830745
830746
830747
830748
830749
830750
830751
830752
830753
830754
830755
830756
830757
830758
830759
830760
830761
830762
830763
830764
830765
830766
830767
830768
830769
830770
830771
830772
830773
830774
830775
830782
830783
830784
830821
830822
830823
830824
830825
830826
830827
830828
830829
830830
830831
830832
830833
830834
830835
830836
830837
830838
830839
830840
830841
830842
830843
830844
830845
830846
830847
830848
830849
830850
830851
830852
830853
830854
830855
830856
830857
830858
830859
830860
830861
830862
830863
830864
830865
830866
830867
830868
830869
830870
830871
830872
830873
830874
830881
830882
830883
830920
830921
830922
830923
830924
830925
830926
830927
830928
830929
830930
830931
830932
830933
830934
830935
830936
830937
830938
830939
830940
830941
830942
830943
830944
830945
830946
830947
830948
830949
830950
830951
830952
830953
830954
830955
830956
830957
830958
830959
830960
830961
830962
830963
830964
830971
830972
830973
831001
831002
831003
831004
831005
831006
831007
831008
831009
831010
831011
831012
831013
831014
831015
831016
831017
831018
831019
831020
831021
831022
831023
831024
831025
831026
831027
831028
831029
831030
831031
831032
831033
831034
831035
831036
831043
831044
831045
831064
831065
831066
831067
831068
831069
831070
831071
831072
831082
831083
831084
831085
831086
831087
831104
831105
831106
831107
831108
831109
831110
831111
831112
831113
831114
831115
831116
831117
831118
831119
831123
831124
831125
831126
831134
831135
831136
831137
831138
831139
831142
831143
831144
831145
831146
831147
831153
831154
831155
831156
831169
831170
831171
831172
831173
831174
831175
831212
831213
831214
831218
831219
831220
831224
831225
831226
831233
831234
831235
831245
831246
831247
831257
831258
831259
831329
831330
831331
831374
831375
831376
831407
831408
831409
831416
831417
831418
831422
831423
831424
831425
831426
831427
831434
831435
831436
831443
831444
831445
831446
831447
831448
831452
831453
831454
831458
831459
831460
831467
831468
831469
831473
831474
831475
831476
831477
831478
831482
831483
831484
831491
831492
831493
831497
831498
831499
831536
831537
831538
831539
831540
831541
831542
831543
831544
831545
831546
831547
831605
831606
831607
831608
831609
831610
831611
831612
831613
831614
831615
831616
831617
831618
831619
831620
831621
831622
831623
831624
831625
831626
831627
831628
831629
831630
831631
831632
831633
831634
831635
831636
831637
831638
831639
831640
831641
831642
831643
831644
831645
831646
831647
831648
831649
831650
831651
831652
831653
831654
831655
831656
831657
831658
831659
831660
831661
831662
831663
831664
831665
831666
831667
831668
831669
831670
831671
831672
831673
831674
831675
831676
831677
831678
831679
831680
831681
831682
831683
831684
831685
831686
831687
831688
831689
831690
831691
831692
831693
831694
831695
831696
831697
831698
831699
831700
831741
831742
831743
831744
831745
831746
831747
831748
831749
831750
831751
831752
831753
831754
831755
831756
831757
831819
831820
831821
831822
831823
831824
831825
831826
831827
831828
831829
831830
831831
831832
831833
831834
831835
831836
831837
831838
831839
831840
831841
831842
831843
831844
831845
831846
831847
831848
831849
831850
831851
831852
831853
831854
831855
831856
831857
831858
831859
831860
831861
831862
831863
831864
831865
831866
831867
831868
831869
831870
831871
831872
831873
831874
831875
831876
831877
831878
831919
831920
831921
831922
831923
831924
831925
831926
831927
831928
831929
831930
831931
831932
831933
831934
831935
831936
831937
831938
832023
832024
832025
832026
832027
832028
832029
832030
832031
832032
832033
832034
832035
832036
832037
832038
832039
832040
832041
832042
832043
832044
832045
832046
832047
832048
832049
832050
832051
832052
832053
832054
832055
832056
832057
832058
832059
832060
832061
832062
832063
832064
832065
832076
832077
832078
832079
832080
832081
832082
832083
832084
832085
832086
832087
832088
832089
832090
832091
832092
832093
832094
832096
832097
832098
832099
832100
832133
832134
832135
832136
832137
832138
832139
832140
832141
832142
832143
832144
832145
832146
832147
832148
832149
832150
832151
832152
832153
832154
832155
832156
832157
832158
832159
832160
832161
832162
832163
832164
832165
832166
832167
832168
832169
832170
832171
832172
832173
832174
832175
832176
832177
832178
832179
832180
832181
832182
832183
832184
832185
832186
832187
832188
832189
832190
835436
835437
835438
835439
835440
835441
835446
835447
835448
835449
835450
835451
835456
835457
835458
835459
835460
835461
835466
835467
835468
835469
835470
835471
835476
835477
835478
835479
835480
835481
835486
835487
835488
835489
835490
835491
835496
835497
835498
835499
835500
835501
835506
835507
835508
835509
835510
835511
835516
835517
835518
835519
835520
835521
835526
835527
835528
835529
835530
835531
835536
835537
835538
835539
835540
835541
835546
835547
835548
835549
835550
835816
835817
835818
835819
835820
835821
835822
835823
835824
835825
835826
835827
835828
835829
835830
835831
835832
835833
835834
835835
835836
835837
835838
835839
835840
835841
835842
835892
835893
835894
835895
835896
835897
835898
835899
835900
835901
835902
835903
835904
835905
835906
835907
835908
835909
835910
835911
835912
835913
835934
835935
835936
835937
835938
835939
835940
835941
835942
835943
835944
835945
835946
835947
835948
835949
835950
835951
835952
835953
835954
835955
835956
835957
835958
835959
835960
835961
835962
835963
835964
835965
835966
835967
835968
835969
835972
835973
835974
835975
836032
836033
836034
836035
836036
836037
836038
836039
836040
836041
836042
836043
836044
836045
836046
836047
836048
836049
836050
836051
836052
836053
836054
836085
836086
836087
836088
836089
836090
836091
836092
836093
836094
836095
836096
836097
836098
836099
836100
836101
836102
836103
836104
836105
836135
836136
836137
836138
836139
836140
836141
836142
836143
836144
836145
836146
836147
836148
836149
836150
836151
836152
836153
836154
836155
836156
836157
836187
836188
836189
836190
836191
836192
836193
836194
836195
836196
836197
836198
836199
836200
836201
836202
836203
836204
836205
836206
836207
836237
836238
836239
836240
836241
836242
836243
836244
836245
836246
836247
836248
836249
836250
836251
836252
836253
836254
836255
836256
836257
836258
836259
836289
836290
836291
836292
836293
836294
836295
836296
836297
836298
836299
836300
836301
836302
836303
836304
836305
836306
836307
836308
836309
836338
836339
836340
836341
836342
836343
836344
836345
836346
836347
836348
836349
836350
836351
836352
836353
836354
836355
836356
836357
836358
836359
836360
836390
836391
836392
836393
836394
836395
836396
836397
836398
836399
836400
836401
836402
836403
836404
836405
836406
836407
836408
836409
836410
836439
836440
836441
836442
836443
836444
836445
836446
836447
836448
836449
836450
836451
836452
836453
836454
836455
836456
836457
836458
836459
836460
836461
836492
836493
836494
836495
836496
836497
836498
836499
836500
836501
836502
836503
836504
836505
836506
836507
836508
836511
836512
836542
836544
836546
836547
836548
836549
836550
836551
836552
836553
836554
836555
836557
836559
836563
836598
838045
838046
838047
838048
838049
838050
838051
838052
838053
838054
838055
838056
838057
838058
838059
838060
838061
838062
838063
838064
838065
838066
838067
838068
838069
838070
838071
838072
838073
838074
838075
838076
838077
838078
838079
838080
838081
838082
838083
838084
838085
838086
838087
838088
838089
838090
838091
838092
838094
838095
838096
838097
838098
838099
838100
838101
838102
838103
838104
838105
838106
838107
838110
838111
838112
838113
838669
838670
838671
838672
838673
838674
838675
838676
838677
838678
838679
838680
838681
838682
838683
838684
838685
838686
838687
838688
838689
838690
838691
838692
838693
838694
838695
838696
838697
838698
838720
838721
838722
838723
838724
838725
838726
838727
838728
838729
838730
838731
838732
838733
838734
838735
838736
838737
838738
838739
838740
838741
838742
838743
838744
838745
838746
838747
838748
838749
838750
838751
838773
838774
838775
838776
838777
838778
838779
838780
838781
838782
838783
838784
838785
838786
838787
838788
838789
838790
838791
838792
838793
838794
838795
838796
838797
838798
838799
838800
838801
838802
838803
838804
838805
838806
838826
838827
838828
838829
838830
838831
838832
838833
838834
838835
838836
838837
838838
838839
838840
838841
838842
838843
838844
838845
838846
838847
838848
838849
838850
838851
838852
838853
838854
838855
838856
838877
838878
838879
838880
838881
838882
838883
838884
838885
838886
838887
838888
838889
838890
838891
838892
838893
838894
838895
838896
838897
838898
838899
838900
838901
838902
838903
838928
838929
838930
838931
838932
838933
838934
838935
838936
838937
838938
838939
838940
838941
838942
838943
838944
838945
838946
838947
838948
838949
838950
838951
838952
838953
838954
838955
838956
838957
838983
838984
838985
838986
838987
838988
838989
838990
838991
838992
838993
838994
838995
838996
838997
838998
838999
839000
839001
839002
839003
839004
839005
839006
839007
839008
839009
839010
839011
839035
839036
839037
839038
839039
839040
839041
839042
839043
839044
839045
839046
839047
839048
839049
839050
839051
839052
839053
839054
839055
839056
839085
839086
839087
839088
839089
839090
839091
839092
839093
839094
839095
839096
839097
839098
839099
839100
839101
839102
839103
839104
839133
839134
839135
839136
839137
839138
839139
839140
839141
839142
839143
839144
839145
839146
839147
839148
839149
839150
839151
839152
839153
839154
839155
839156
839186
839187
839188
839189
839190
839191
839192
839193
839194
839195
839196
839197
839198
839199
839200
839201
839202
839203
839204
839205
839244
839245
841045
841046
841047
841048
841049
841050
841051
841052
841053
841054
841055
841056
841057
841058
841059
841060
841061
841062
841063
841064
841065
841066
841067
841068
841069
841070
841071
841072
841073
841074
841075
841076
841077
841078
841079
841080
841081
841082
841083
841084
841085
841086
841087
841088
841089
841090
841091
841092
841093
841094
841095
841096
841097
841098
841099
841100
841101
841102
841103
841104
841105
841106
841107
841108
841110
841111
841112
841113
841114
841115
841116
841117
841118
841119
841120
841121
841122
841123
841124
841125
841126
841127
841128
841129
841130
841131
841132
841133
841144
841145
841146
841147
841265
841266
841267
841268
841269
841270
841271
841272
841273
841274
841275
841276
841277
841278
841279
841280
841281
841282
841283
841284
841285
841286
841287
841288
841289
841290
841291
841292
841293
841294
841295
841296
841297
841298
841299
841300
841301
841302
841303
841304
841305
841306
841307
841308
841309
841310
841311
841312
841313
841314
841315
841316
841317
841318
841319
841320
841321
841322
841323
841324
841325
841326
841327
841329
841330
841331
841332
841333
841334
841335
841336
841337
841338
841339
841340
841341
841342
841343
841344
841345
841346
841347
841348
841349
841350
841351
841352
841353
841364
841365
841366
841367
841488
841489
841490
841491
841492
841493
841494
841495
841496
841497
841498
841499
841500
841501
841502
841503
841504
841505
841506
841507
841508
841509
841510
841511
841512
841513
841514
841515
841516
841517
841518
841519
841520
841521
841522
841523
841524
841525
841526
841527
841528
841529
841530
841531
841532
841533
841534
841535
841536
841537
841538
841539
841540
841541
841542
841543
841544
841546
841547
841550
841551
841552
841553
841554
841555
841556
841557
841558
841559
841560
841561
841562
841563
841564
841565
841566
841567
841568
841569
841570
841571
841572
841583
841584
841585
841586
841705
841706
841707
841708
841709
841710
841711
841712
841713
841714
841715
841716
841717
841718
841719
841720
841721
841722
841723
841724
841725
841726
841727
841728
841729
841730
841731
841732
841733
841734
841735
841736
841737
841738
841739
841740
841741
841742
841743
841744
841745
841746
841747
841748
841749
841750
841751
841752
841753
841754
841755
841756
841757
841758
841759
841760
841761
841762
841763
841764
841765
841766
841767
841770
841771
841774
841775
841776
841777
841778
841779
841780
841781
841782
841783
841784
841785
841786
841787
841788
841789
841790
841791
841792
841793
841794
841795
841796
841932
841933
841934
841935
841936
841937
841938
841939
841940
841941
841942
841943
841944
841945
841946
841947
841948
841949
841950
841951
841952
841953
841954
841955
841956
841957
841958
841959
841960
841961
841962
841963
841964
841965
841966
841967
841968
841969
841970
841971
841972
841973
841974
841975
841976
841977
841978
841979
841980
841981
841982
841983
841984
841985
841986
841987
841988
841989
841990
841991
841992
841993
841996
841997
841999
842000
842001
842002
842003
842004
842005
842006
842007
842008
842009
842010
842011
842012
842013
842014
842015
842016
842152
842153
842154
842155
842156
842157
842158
842159
842160
842161
842162
842163
842164
842165
842166
842167
842168
842169
842170
842171
842172
842173
842174
842175
842176
842177
842178
842179
842180
842181
842182
842183
842184
842185
842186
842187
842188
842189
842190
842191
842192
842193
842194
842195
842196
842197
842198
842199
842200
842201
842202
842203
842204
842205
842206
842207
842208
842210
842211
842214
842215
842216
842217
842218
842219
842220
842221
842222
842223
842224
842225
842230
842231
842232
842233
842367
842368
842369
842370
842371
842372
842373
842374
842375
842376
842377
842378
842379
842380
842381
842382
842383
842384
842385
842386
842387
842388
842389
842390
842391
842392
842393
842394
842395
842396
842397
842398
842399
842400
842401
842402
842403
842404
842405
842406
842407
842408
842409
842410
842411
842412
842413
842414
842415
842416
842417
842418
842419
842420
842421
842422
842423
842424
842425
842428
842429
842431
842432
842433
842434
842435
842436
842437
842438
842439
842440
842445
842446
842447
842448
842583
842584
842585
842586
842587
842588
842589
842590
842591
842592
842593
842594
842595
842596
842597
842598
842599
842600
842601
842602
842603
842604
842605
842606
842607
842608
842609
842610
842611
842612
842613
842614
842615
842616
842617
842618
842619
842620
842621
842622
842623
842624
842625
842626
842627
842628
842629
842630
842631
842632
842633
842634
842635
842636
842637
842638
842639
842640
842641
842642
842643
842644
842645
842646
842647
842648
842649
842650
842651
842652
842653
842654
842655
842656
842657
842804
842805
842806
842807
842808
842809
842810
842811
842812
842813
842814
842815
842816
842817
842818
842819
842820
842821
842822
842823
842824
842825
842826
842827
842828
842829
842830
842831
842832
842833
842834
842835
842836
842837
842838
842839
842840
842841
842842
842843
842844
842845
842846
842847
842848
842849
842850
842851
842852
842853
842854
842855
842856
842857
842858
842859
842860
842861
842862
842863
842864
842865
842866
842867
842868
842869
842870
842871
842872
842873
842874
842875
842876
842877
842878
842879
842880
842881
842882
843025
843026
843027
843028
843029
843030
843031
843032
843033
843034
843035
843036
843037
843038
843039
843040
843041
843042
843043
843044
843045
843046
843047
843048
843049
843050
843051
843052
843053
843054
843055
843056
843057
843058
843059
843060
843061
843062
843063
843064
843065
843066
843067
843068
843069
843070
843071
843072
843073
843074
843075
843076
843077
843078
843079
843080
843085
843086
843087
843088
843089
843090
843091
843092
843093
843094
843095
843248
843250
843251
843253
843256
843257
843258
843259
843260
843261
843262
843263
843264
843267
843268
843269
843270
843271
843273
843274
843275
843276
843277
843279
843280
843281
843282
843283
843284
843285
843286
843289
843290
843293
843302
843303
843304
843305
843474
843480
843481
850519
850520
850521
850522
850523
850524
850525
850526
850527
850532
850533
850534
850535
850536
850537
850538
850539
850548
850549
850550
850551
850552
850553
850554
850555
850556
850565
850566
850567
850568
850569
850570
850571
850572
850582
850583
850584
850585
850586
850587
850588
850589
850598
850599
850600
850601
850602
850603
850604
850613
850614
850615
850616
850617
850618
850619
850628
850629
850630
850631
850632
850633
850634
850635
850636
850646
850647
850648
850649
850650
850651
850652
850653
850662
850663
850664
850665
850666
850667
850668
850669
850670
850679
850680
850681
850682
850683
850684
850685
850686
850687
850696
850697
850698
850699
850700
850701
850702
850703
850716
851136
851137
851138
851139
851140
851141
851142
851143
851144
851145
851146
851147
851148
851149
851150
851151
851152
851153
851154
851155
851204
851205
851206
851207
851208
851209
851210
851211
851212
851213
851214
851215
851216
851217
851218
851219
851220
851221
851222
851223
851224
851225
851251
851252
851253
851254
851255
851256
851257
851258
851259
851260
851261
851262
851263
851264
851265
851266
851267
851268
851269
851270
851271
851272
851273
851274
851275
851276
851277
851278
851279
851280
851281
851282
851283
851284
851285
851286
851287
851288
851289
851290
851291
851292
851293
851294
851295
851296
851297
851298
851300
851301
851302
851303
851565
851566
851567
851568
851569
851570
851571
851572
851573
851574
851575
851576
851577
851578
851579
851580
851581
851582
851583
851584
851585
851586
851587
851588
851589
851590
851591
851592
851593
851617
851618
851619
851620
851621
851622
851623
851624
851625
851626
851627
851628
851629
851630
851631
851632
851633
851634
851635
851636
851637
851638
851639
851640
851641
851642
851667
851668
851669
851670
851671
851672
851673
851674
851675
851676
851677
851678
851679
851680
851681
851682
851683
851684
851685
851686
851687
851688
851689
851690
851691
851692
851693
851694
851721
851722
851723
851724
851725
851726
851727
851728
851729
851730
851731
851732
851733
851734
851735
851736
851737
851738
851739
851740
851741
851742
851743
851744
851769
851770
851771
851772
851773
851774
851775
851776
851777
851778
851779
851780
851781
851782
851783
851784
851785
851786
851787
851788
851789
851790
851791
851792
851793
851794
851824
851825
851826
851827
851828
851829
851830
851831
851832
851833
851834
851835
851836
851837
851838
851839
851840
851841
851842
851843
851844
851845
851846
851847
851848
851849
851850
851851
851879
851880
851881
851882
851883
851884
851885
851886
851887
851888
851889
851890
851891
851892
851893
851894
851895
851896
851897
851898
851899
851900
851901
851902
851903
851904
851931
851932
851933
851934
851935
851936
851937
851938
851939
851940
851941
851942
851943
851944
851945
851946
851947
851948
851949
851950
851951
851952
851953
851954
851955
851956
851957
851958
851959
851960
851961
851962
851990
851991
851992
851993
851994
851995
851996
851997
851998
851999
852000
852001
852002
852003
852004
852005
852006
852007
852008
852009
852010
852011
852012
852013
852014
852015
852016
852017
852018
852043
852044
852045
852046
852047
852048
852049
852050
852051
852052
852053
852054
852055
852056
852057
852058
852059
852060
852061
852062
852063
852064
852065
852066
852067
852068
852093
852095
852096
852101
852102
852103
852104
852105
852108
852109
852110
852114
852116
852117
852149
852156
853529
853530
853531
853532
853533
853534
853535
853536
853537
853538
853539
853540
853541
853542
853543
853544
853545
853546
853547
853548
853549
853550
853551
853552
853553
853554
853555
853556
853557
853558
853559
853560
853561
853562
853563
853564
853565
853566
853567
853568
853569
853570
853571
853572
853573
853574
853575
853576
853577
853578
853579
853580
853581
853582
853583
853584
853585
853586
853587
853588
853589
853590
853591
853592
853593
853594
853595
853596
853597
853598
853599
853601
853733
853734
853735
853736
853737
853738
853739
853740
853741
853742
853743
853744
853745
853746
853747
853748
853749
853750
853751
853752
853753
853754
853755
853756
853792
853793
853794
853795
853796
853797
853798
853799
853800
853801
853802
853803
853804
853805
853806
853807
853808
853809
853810
853811
853812
853813
853845
853846
853847
853848
853849
853850
853851
853852
853853
853854
853855
853856
853857
853858
853859
853860
853861
853862
853863
853864
853865
853866
853900
853901
853902
853903
853904
853905
853906
853907
853908
853909
853910
853911
853912
853913
853914
853915
853916
853917
853918
853919
853920
853921
853957
853958
853959
853960
853961
853962
853963
853964
853965
853966
853967
853968
853969
853970
853971
853972
853973
853974
853975
853976
853977
853978
853979
853980
854013
854014
854015
854016
854017
854018
854019
854020
854021
854022
854023
854024
854025
854026
854027
854028
854029
854030
854031
854032
854033
854034
854069
854070
854071
854072
854073
854074
854075
854076
854077
854078
854079
854080
854081
854082
854083
854084
854085
854086
854087
854088
854125
854126
854127
854128
854129
854130
854131
854132
854133
854134
854135
854136
854137
854138
854139
854140
854141
854142
854143
854144
854145
854146
854147
854148
854149
854150
854181
854182
854183
854184
854185
854186
854187
854188
854189
854190
854191
854192
854193
854194
854195
854196
854197
854198
854199
854200
854201
854202
854203
854204
854205
854206
854207
854239
854240
854241
854242
854243
854244
854245
854246
854247
854248
854249
854250
854251
854252
854253
854254
854255
854256
854257
854258
854259
854260
854261
854262
854263
854264
854292
854293
854294
854295
854296
854297
854298
854299
854300
854301
854302
854303
854304
854305
854306
854307
854308
854309
854310
854311
854312
854314
854315
854316
854317
854350
854351
854352
854353
854354
855745
855746
855747
855748
855749
855750
855751
855752
855753
855754
855755
855756
855757
855758
855759
855760
855761
855762
855763
855764
855765
855766
855767
855768
855769
855770
855771
855772
855773
855774
855775
855776
855777
855778
855779
855780
855781
855782
855783
855784
855785
855786
855787
855788
855789
855790
855791
855792
855793
855794
855795
855796
855797
855798
855799
855800
855801
855802
855803
855804
855805
855806
855807
855808
855809
855810
855811
855812
855813
855814
855815
855816
855817
855818
855819
855820
855821
855822
855823
855824
855825
855826
855827
855828
855829
855830
855831
855832
855833
855834
855835
855836
855837
855838
855839
855840
855841
855842
855843
855844
855845
855846
855847
855848
855849
855850
855851
855852
855853
855854
855855
855856
855857
855858
855859
855860
855861
855862
855863
855864
855865
855868
855869
855870
855956
855957
855958
855959
855960
855961
855962
855963
855964
855965
855966
855967
855968
855969
855970
855971
855972
855973
855974
855975
855976
855977
855978
855979
855980
855981
855982
855983
855984
855985
855986
855987
855988
855989
855990
855991
855992
855993
855994
855995
855996
855997
855998
855999
856000
856001
856002
856003
856004
856005
856006
856007
856008
856009
856010
856011
856012
856013
856014
856015
856016
856017
856018
856019
856020
856021
856022
856023
856024
856025
856026
856027
856028
856029
856030
856031
856032
856033
856034
856035
856036
856037
856038
856039
856040
856041
856042
856043
856044
856045
856046
856047
856048
856049
856050
856051
856052
856053
856054
856055
856056
856057
856058
856059
856060
856061
856062
856063
856064
856065
856066
856067
856068
856069
856070
856071
856072
856073
856074
856075
856076
856077
856078
856079
856080
856082
856083
856086
856172
856173
856174
856175
856176
856177
856178
856179
856180
856181
856182
856183
856184
856185
856186
856187
856188
856189
856190
856191
856192
856193
856194
856195
856196
856197
856198
856199
856200
856201
856202
856203
856204
856205
856206
856207
856208
856209
856210
856211
856212
856213
856214
856215
856216
856217
856218
856219
856220
856221
856222
856223
856224
856225
856226
856227
856228
856229
856230
856231
856232
856233
856234
856235
856236
856237
856238
856239
856240
856241
856242
856243
856244
856245
856246
856247
856248
856249
856250
856251
856252
856253
856254
856255
856256
856257
856258
856259
856260
856261
856262
856263
856264
856265
856266
856267
856268
856269
856270
856271
856272
856273
856274
856275
856276
856277
856278
856279
856280
856281
856282
856283
856284
856285
856286
856287
856288
856289
856290
856291
856292
856293
856294
856295
856296
856298
856299
856386
856387
856388
856389
856390
856391
856392
856393
856394
856395
856396
856397
856398
856399
856400
856401
856402
856403
856404
856405
856406
856407
856408
856409
856410
856411
856412
856413
856414
856415
856416
856417
856418
856419
856420
856421
856422
856423
856424
856425
856426
856427
856428
856429
856430
856431
856432
856433
856434
856435
856436
856437
856438
856439
856440
856441
856442
856443
856444
856445
856446
856447
856448
856449
856450
856451
856452
856453
856454
856455
856456
856457
856458
856459
856460
856461
856462
856463
856464
856465
856466
856467
856468
856469
856470
856471
856472
856473
856474
856475
856476
856477
856478
856479
856480
856481
856482
856483
856484
856485
856486
856487
856488
856489
856490
856491
856492
856493
856494
856495
856496
856497
856498
856499
856500
856501
856502
856503
856504
856505
856506
856507
856508
856509
856510
856511
856512
856515
856599
856600
856601
856602
856603
856604
856605
856606
856607
856608
856609
856610
856611
856612
856613
856614
856615
856616
856617
856618
856619
856620
856621
856622
856623
856624
856625
856626
856627
856628
856629
856630
856631
856632
856633
856634
856635
856636
856637
856638
856639
856640
856641
856642
856643
856644
856645
856646
856647
856648
856649
856650
856651
856652
856653
856654
856655
856656
856657
856658
856659
856660
856661
856662
856663
856664
856665
856666
856667
856668
856669
856670
856671
856672
856673
856674
856675
856676
856677
856678
856679
856680
856681
856682
856683
856684
856685
856686
856687
856688
856689
856690
856691
856692
856693
856694
856695
856696
856697
856698
856699
856700
856701
856702
856703
856704
856705
856706
856707
856708
856709
856710
856711
856712
856713
856714
856715
856716
856717
856718
856719
856720
856721
856722
856725
856812
856813
856814
856815
856816
856817
856818
856819
856820
856821
856822
856823
856824
856825
856826
856827
856828
856829
856830
856831
856832
856833
856834
856835
856836
856837
856838
856839
856840
856841
856842
856843
856844
856845
856846
856847
856848
856849
856850
856851
856852
856853
856854
856855
856856
856857
856858
856859
856860
856861
856862
856863
856864
856865
856866
856867
856868
856869
856870
856871
856872
856873
856874
856875
856876
856877
856878
856879
856880
856881
856882
856883
856884
856885
856886
856887
856888
856889
856890
856891
856892
856893
856894
856895
856896
856897
856898
856899
856900
856901
856902
856903
856904
856905
856906
856907
856908
856909
856910
856911
856912
856913
856914
856915
856916
856917
856918
856919
856920
856921
856922
856923
856924
856925
856926
856927
856928
856929
856930
856931
856932
856933
856934
856935
856936
856937
856941
857029
857030
857031
857032
857033
857034
857035
857036
857037
857038
857039
857040
857041
857042
857043
857044
857045
857046
857047
857048
857049
857050
857051
857052
857053
857054
857055
857056
857057
857058
857059
857060
857061
857062
857063
857064
857065
857066
857067
857068
857069
857070
857071
857072
857073
857074
857075
857076
857077
857078
857079
857080
857081
857082
857083
857084
857085
857086
857087
857088
857089
857090
857091
857092
857093
857094
857095
857096
857097
857098
857099
857100
857101
857102
857103
857104
857105
857106
857107
857108
857109
857110
857111
857112
857113
857114
857115
857116
857117
857118
857119
857120
857121
857122
857123
857124
857125
857126
857127
857128
857129
857130
857131
857132
857133
857134
857135
857136
857137
857138
857139
857140
857141
857142
857143
857144
857145
857146
857147
857148
857149
857150
857151
857152
857153
857154
857155
857158
857245
857246
857247
857248
857249
857250
857251
857252
857253
857254
857255
857256
857257
857258
857259
857260
857261
857262
857263
857264
857265
857266
857267
857268
857269
857270
857271
857272
857273
857274
857275
857276
857277
857278
857279
857280
857281
857282
857283
857284
857285
857286
857287
857288
857289
857290
857291
857292
857293
857294
857295
857296
857297
857298
857299
857300
857301
857302
857303
857304
857305
857306
857307
857308
857309
857310
857311
857312
857313
857314
857315
857316
857317
857318
857319
857320
857321
857322
857323
857324
857325
857326
857327
857328
857329
857330
857331
857332
857333
857334
857335
857336
857337
857338
857339
857340
857341
857342
857343
857344
857345
857346
857347
857348
857349
857350
857351
857352
857353
857354
857355
857356
857357
857358
857359
857360
857361
857362
857363
857364
857365
857366
857367
857368
857369
857370
857371
857372
857373
857374
857379
857380
857381
857382
857456
857457
857458
857459
857460
857461
857462
857463
857464
857465
857466
857467
857468
857469
857470
857471
857472
857473
857474
857475
857476
857477
857478
857479
857480
857481
857482
857483
857484
857485
857486
857487
857488
857489
857490
857491
857492
857493
857494
857495
857496
857497
857498
857499
857500
857501
857502
857503
857504
857505
857506
857507
857508
857509
857510
857511
857512
857513
857514
857515
857516
857517
857518
857519
857520
857521
857522
857523
857524
857525
857526
857527
857528
857529
857530
857531
857532
857533
857534
857535
857536
857537
857538
857539
857540
857541
857542
857543
857544
857545
857546
857547
857548
857549
857550
857551
857552
857553
857554
857555
857556
857557
857558
857559
857560
857561
857562
857563
857564
857565
857566
857567
857568
857569
857570
857571
857572
857573
857574
857575
857576
857577
857578
857579
857580
857581
857582
857587
857588
857589
857590
857668
857669
857670
857671
857672
857673
857674
857675
857676
857677
857678
857679
857680
857681
857682
857683
857684
857685
857686
857687
857688
857689
857690
857691
857692
857693
857694
857695
857696
857697
857698
857699
857700
857701
857702
857703
857704
857705
857706
857707
857708
857709
857710
857711
857712
857713
857714
857715
857716
857717
857718
857719
857720
857721
857722
857723
857724
857725
857726
857727
857728
857729
857730
857731
857732
857733
857734
857735
857736
857737
857738
857739
857740
857741
857742
857743
857744
857745
857746
857747
857748
857749
857750
857751
857752
857753
857754
857755
857756
857757
857758
857759
857760
857761
857762
857763
857764
857765
857766
857767
857768
857769
857770
857771
857772
857773
857774
857775
857776
857777
857778
857779
857780
857781
857782
857783
857784
857785
857786
857787
857792
857793
857794
857795
857796
857797
857798
857803
857804
857805
857806
857884
857885
857886
857891
857892
857893
857894
857895
857896
857897
857898
857899
857900
857904
857905
857906
857907
857914
857915
857921
857922
857923
857924
857925
857926
857927
857928
857929
857930
857931
857932
857933
857934
857935
857936
857937
857938
857939
857940
857941
857942
857943
857944
857945
857946
857947
857948
857955
857956
857957
857958
857959
857960
857961
857962
857963
857964
857970
857971
857972
857973
857974
857975
857976
857977
857982
857983
857984
857986
857991
857992
857993
857998
857999
858008
858009
858010
858105
858106
858107
858138
858139
858144
858145
858146
858147
858153
892077
892078
892084
892085
892087
892089
892090
892106
892111
892112
892115
892116
892117
892118
892119
892120
892121
892122
892123
892124
892125
892126
892127
892128
892129
892130
892131
892132
892133
892134
892135
892136
892137
892138
892139
892140
892141
892142
892143
892144
892145
892146
892147
892148
892167
892168
892169
892170
892171
892172
892173
892174
892175
892176
892177
892178
892179
892180
892181
892182
892183
892184
892185
892186
892187
892188
892189
892190
892191
892192
892193
892194
892195
892196
892197
892198
892199
892204
892205
892206
892207
892208
892209
892210
892211
892212
892213
892214
892215
892216
892217
892218
892219
892220
892221
892222
892223
892236
892237
892238
892239
892240
892241
892242
892243
892244
892245
892246
892247
892248
892249
892250
892251
892252
892253
892254
892255
892256
892257
892258
892259
892260
892261
892262
892263
892264
892265
892266
892267
892269
892270
892271
892272
892273
892274
892275
892276
892291
892292
892293
892294
892295
892296
892297
892298
892299
892300
892301
892302
892303
892304
892305
892306
892307
892308
892309
892310
892311
892312
892313
892314
892315
892316
892317
892318
892319
892320
892321
892322
892323
892324
892325
892326
892327
892328
892329
892330
892331
892332
892333
892334
892335
892336
892337
892338
892339
892340
892341
892342
892343
892344
892345
892346
892347
892348
892349
892350
892351
892352
892353
892354
892355
892356
892357
892358
892359
892360
892361
892362
892363
892364
892365
892366
892367
892368
892369
892370
892371
892372
892373
892374
892375
892376
892377
892378
892379
892383
892384
892385
892386
892387
892388
892397
892398
892399
892400
892401
892402
892407
892408
892413
892414
892467
892468
892469
892470
892471
892472
892473
892474
892475
892476
892477
892478
892479
892480
892481
892482
892483
892484
892485
892486
892487
892488
892489
892490
892491
892492
892493
892494
892495
892496
892497
892498
892499
892500
892501
892502
892503
892504
892505
892506
892507
892508
892509
892510
892511
892512
892513
892514
892520
892521
892562
892563
892564
892565
892566
892567
892568
892569
892570
892571
892572
892573
892574
892575
892576
892577
892578
892579
892580
892581
892582
892583
892584
892585
892586
892587
892588
892589
892590
892591
892592
892593
892594
892595
892596
892597
892598
892599
892600
892601
892602
892603
892604
892605
892606
892607
892608
892609
892610
892611
892612
892613
892614
892615
892616
892617
892618
892619
892620
892621
892622
892623
892624
892625
892626
892627
892628
892629
892630
892631
892632
892633
892634
892635
892636
892637
892638
892639
892640
892641
892642
892643
892644
892645
892646
892647
892648
892649
892650
892651
892652
892653
892654
892655
892656
892657
892658
892659
892660
892661
892662
892663
892664
892665
892666
892667
892668
892669
892670
892671
892672
892673
892674
892675
892676
892677
892678
892679
892680
892681
892682
892683
892684
892685
892686
892687
892688
892689
892690
892691
892692
892693
892703
892704
892705
892706
892707
892708
892709
892710
892711
892712
892713
892714
892715
892716
892717
892718
892719
892720
892721
892722
892723
892724
892725
892726
892741
892742
892743
892744
892745
892746
892747
892748
892749
892750
892751
892752
892753
892754
892755
892756
892757
892758
892759
892760
892761
892762
892763
892764
892777
892778
892779
892780
892781
892782
892783
892784
892797
892798
892799
892800
892801
892802
892803
892804
892816
892817
892818
892819
892820
892821
892822
892823
892824
892825
892826
892827
892828
892829
892830
892831
892832
892833
892834
892835
892836
892837
892838
892839
892840
892841
892842
892843
892844
892845
892846
892847
892862
892863
892864
892865
892867
892868
892869
892870
892871
892872
892873
892874
892876
892877
892884
892885
892886
892887
892888
892889
892890
892891
892912
892913
892914
892915
892917
892918
892919
892920
892921
892922
892923
892924
892926
892927
892928
892935
892936
892937
892938
892939
892940
892941
892942
892964
892965
892966
892967
892969
892970
892971
892972
892973
892974
892975
892976
892978
892979
892980
892987
892988
892989
892990
892991
892992
892993
892994
893018
893019
893020
893021
893023
893024
893025
893026
893027
893028
893029
893030
893032
893033
893040
893041
893042
893043
893044
893045
893046
893047
893070
893071
893072
893073
893074
893075
893076
893077
893078
893079
893080
893081
893082
893083
893084
893085
893086
893087
893088
893089
893090
893091
893092
893093
893094
893095
893096
893097
893098
893099
893100
893101
893102
893103
893104
893105
893106
893107
893108
893109
893110
893111
893112
893113
893120
893121
893122
893123
893124
893125
893126
893127
893128
893129
893130
893131
893137
893138
893139
893140
893141
893142
893143
893144
893145
893146
893147
893148
893156
893157
893158
893159
893160
893161
893162
893163
893164
893165
893166
893167
893174
893175
893176
893177
893178
893179
893180
893181
893182
893183
893184
893185
893192
893193
893194
893195
893196
893197
893198
893199
893200
893201
893202
893203
893210
893211
893212
893213
893214
893215
893216
893217
893218
893219
893220
893221
893226
893227
893228
893229
893230
893231
893232
893233
893234
893235
893236
893237
893244
893245
893246
893247
893248
893249
893250
893251
893252
893253
893254
893255
893262
893263
893264
893265
893266
893267
893268
893269
893270
893271
893272
893273
893288
893289
893290
893291
893292
893293
893294
893295
893296
893297
893298
893311
893312
893313
893314
893327
893328
893329
893330
893457
893458
893459
893460
893461
893462
893463
893464
893465
893466
893467
893468
893469
893470
893471
893472
893473
893474
893475
893476
893477
893478
893479
893480
893481
893482
893483
893484
893485
893486
893487
893488
893489
893490
893491
893492
893493
893494
893495
893496
893497
893498
893499
893500
893501
893502
893503
893504
893505
893506
893507
893508
893509
893510
893511
893512
893513
893514
893515
893516
893517
893518
893519
893520
893521
893522
893523
893524
893525
893526
893527
893528
893529
893530
893531
893532
893533
893534
893535
893536
893537
893538
893539
893540
893541
893542
893543
893544
893545
893546
893547
893548
893549
893550
893551
893552
893553
893554
893555
893556
893557
893558
893559
893560
893561
893562
893563
893564
893565
893566
893567
893568
893569
893570
893571
893572
893573
893574
893575
893576
893577
893578
893579
893580
893581
893582
893583
893584
893585
893586
893587
893588
893589
893590
893591
893592
893593
893594
893595
893596
893610
893611
893612
893613
893614
893615
893616
893617
893618
893619
893620
893621
893622
893623
893624
893625
893626
893627
893628
893629
893630
893631
893632
893633
893649
893650
893651
893652
893653
893654
893655
893656
893657
893658
893659
893660
893673
893674
893675
893676
893677
893678
893679
893680
893681
893682
893683
893684
893685
893686
893687
893688
893689
893690
893691
893692
893693
893694
893695
893696
893709
893710
893711
893712
893725
893726
893727
893728
893729
893730
893731
893732
893745
893746
893747
893748
893762
893763
893764
893765
893766
893767
893768
893769
893781
893782
893783
893784
893785
893786
893787
893788
893789
893790
893791
893792
893807
893808
893809
893810
893811
893812
893813
893814
893815
893816
893817
893818
893819
893820
893821
893822
893823
893824
893825
893826
893827
893828
893829
893830
893847
893848
893849
893850
893851
893852
893853
893854
893855
893856
893857
893870
893871
893872
893873
893874
893875
893876
893877
893878
893879
893880
893881
893882
893883
893884
893885
893886
893887
893888
893889
893890
893891
893892
893893
893906
893907
893908
893909
893922
893923
893924
893925
893926
893927
893928
893929
893942
893943
893944
893945
893958
893959
893960
893961
893962
893963
893964
893965
893977
893978
893979
893980
893981
893982
893983
893984
893985
893986
893987
893988
894003
894004
894005
894006
894007
894008
894009
894010
894011
894012
894013
894014
894015
894016
894017
894018
894019
894020
894021
894022
894023
894024
894025
894026
894041
894042
894043
894044
894045
894046
894047
894048
894049
894050
894051
894064
894065
894066
894067
894068
894069
894070
894071
894072
894073
894074
894075
894076
894077
894078
894079
894080
894081
894082
894083
894084
894085
894086
894087
894100
894101
894102
894103
894116
894117
894118
894119
894120
894121
894122
894123
894136
894137
894138
894139
894152
894153
894154
894155
894156
894157
894158
894159
894173
894174
894175
894176
894177
894178
894179
894180
894181
894182
894183
894184
894199
894200
894201
894202
894203
894204
894205
894206
894207
894208
894209
894210
894211
894212
894213
894214
894215
894216
894217
894218
894219
894220
894221
894222
894238
894239
894240
894241
894242
894243
894244
894245
894246
894247
894248
894261
894262
894263
894264
894265
894266
894267
894268
894269
894270
894271
894272
894273
894274
894275
894276
894277
894278
894279
894280
894281
894282
894283
894284
894297
894298
894299
894300
894313
894314
894315
894316
894317
894318
894319
894320
894333
894334
894335
894336
894350
894351
894352
894353
894354
894355
894356
894357
894370
894371
894372
894373
894399
894400
894401
894402
894448
894449
894450
894451
894452
894453
894454
894455
894456
894457
894458
894459
894460
894461
894462
894463
894467
894468
894471
894473
894475
894476
894479
894481
894560
894561
894564
894566
894574
894575
894576
894578
894589
894590
894591
894592
894593
894594
894595
894596
894597
894598
894657
894658
894659
894660
894663
894665
894666
894667
894763
894764
894765
894766
894767
894768
894769
894770
894771
894772
894773
894774
894775
894776
894777
894778
894785
894786
894787
894788
894789
894790
894791
894792
894793
894794
894796
894797
894798
894799
894800
894801
894813
894814
894815
894816
894817
894818
894819
894820
894821
894822
894823
894824
894825
894826
894827
894828
894829
894830
894831
894832
894833
894834
894835
894836
894837
894838
894839
894840
894841
894842
894843
894844
894845
894846
894847
894848
894849
894850
894861
894862
894863
894864
894865
894866
894867
894868
894869
894870
894871
894872
894873
894875
894877
894878
894879
894880
894881
894882
894883
894885
894887
894888
894890
894891
894892
894893
894894
894895
894896
894897
894898
894899
894900
894901
894902
894904
894905
894907
894908
894909
894910
894911
894912
894914
894915
894916
894919
894920
894921
894922
894923
894924
894925
894926
894927
894928
894929
894930
894931
894933
894934
894935
894936
894937
894938
894939
894940
894941
894942
894943
894945
894946
894947
894948
894949
894950
894951
894952
894953
894954
894955
894956
894957
894958
894959
894961
894962
894963
894964
894965
894966
894967
894968
894970
894971
894972
894973
894974
894975
894976
894977
894978
894979
894980
894981
894982
894983
894984
894985
894986
894987
895130
895131
895132
895133
895134
895135
895136
895137
895144
895145
895146
895147
895148
895149
895150
895151
895217
895218
895219
895220
895221
895222
895223
895224
895225
895226
895227
895228
895229
895230
895231
895232
895233
895234
895235
895236
895237
895238
895239
895240
895241
895242
895243
895244
895245
895246
895247
895248
895249
895250
895251
895252
895253
895254
895255
895256
895257
895258
895259
895260
895261
895262
895263
895264
895265
895266
895267
895268
895269
895270
895271
895272
895273
895274
895275
895276
895277
895278
895279
895280
895281
895282
895283
895315
895316
895317
895318
895319
895320
895321
895322
895329
895330
895331
895332
895333
895334
895335
895336
895337
895338
895339
895340
895341
895342
895343
895344
895351
895352
895353
895354
895355
895356
895358
895359
895371
895372
895373
895374
895375
895376
895377
895378
895379
895380
895381
895382
895383
895384
895386
895387
895430
895431
895432
895433
895434
895435
895436
895437
895444
895445
895446
895447
895448
895449
895450
895451
895452
895453
895454
895455
895456
895457
895458
895459
895466
895467
895468
895469
895471
895472
895473
895474
895486
895487
895488
895489
895490
895491
895492
895493
895494
895495
895496
895498
895499
895500
895502
895503
895547
895548
895549
895550
895551
895552
895553
895554
895561
895562
895563
895564
895565
895566
895567
895568
895569
895570
895571
895572
895573
895574
895575
895576
895583
895584
895585
895586
895588
895589
895590
895591
895604
895605
895606
895607
895608
895609
895610
895611
895612
895613
895614
895615
895616
895617
895618
895619
895663
895664
895665
895666
895667
895668
895669
895670
895677
895678
895679
895680
895681
895682
895683
895684
895685
895686
895687
895688
895689
895690
895691
895692
895699
895700
895701
895702
895704
895705
895706
895707
895719
895720
895721
895722
895723
895724
895725
895726
895727
895728
895729
895730
895731
895732
895733
895735
44901
44904
44907
-45090
45094
45095
45097
45098
45100
45101
45103
45104
45107
48751
48948
48959
48966
49145
49156
49159
49162
49327
49334
49337
49340
49343
49346
49349
49352
49355
49358
49370
49500
49501
49507
49508
49510
49511
49513
49514
49516
49517
49519
49520
49522
49523
49525
49526
49528
49529
49531
49532
49534
49535
49537
49538
49547
-49676
-49678
-49680
-49681
-49682
-49683
53160
53169
53346
53348
-53352
-53354
-53358
-53361
-53362
53371
53378
53385
53392
53554
-53558
-53562
-53563
-53573
53578
53581
53584
53587
53590
53745
-53755
-53756
-53759
-53760
-53769
53773
53774
53776
53777
53779
53780
53782
53783
53785
53786
53788
53789
-53928
-53929
-53930
-53971
-53972
-53977
-54102
-54104
54274
54275
-54285
-57596
-57783
57792
57793
57802
-57995
-57996
-58002
-58003
-58009
-58010
-58014
-58026
-58208
-58212
-58407
260734
260745
260878
-260894
-260902
261010
261018
261019
261118
261125
263003
-263015
-263025
-263031
263063
263212
263218
263246
263255
263260
263262
263310
263323
263352
263357
263434
263443
263451
263506
263511
263515
263541
263546
263627
263638
263695
263700
263704
263712
263731
263732
263811
263821
263931
263942
263948
264071
264079
264085
264207
264208
-266138
266144
266150
266388
266389
389540
389549
389638
389649
389652
389654
390745
390765
390770
390788
390790
390955
390973
390975
390978
390983
390984
-391000
391152
391163
391166
391168
391229
391242
391246
391248
391307
391329
391331
391335
391336
391382
391394
391398
391400
-392672
-392676
-392677
-392680
-392686
-392687
-392688
392695
392716
392742
392879
392884
392885
392886
392906
392914
392915
392935
392936
392941
392948
392950
392952
392953
392954
-392965
-393056
-393062
-393137
499669
499675
499677
499834
499843
499845
499846
499877
499880
500088
500095
500096
500097
500235
500243
500245
500246
502888
502950
502957
502962
502967
502975
502977
502979
503044
503054
503059
503068
503070
503071
503125
503132
503133
503134
-503155
-503161
-503163
503483
503502
503506
503514
503516
503518
503578
503586
503588
503589
503654
503658
503660
503745
503749
503752
503762
503766
503812
503831
503835
503842
503843
503844
503980
503985
504035
504063
504066
504068
504160
504164
504166
504218
504221
504224
504225
504226
504227
504291
504300
504302
504303
504307
504314
504317
504368
504378
504384
504389
504392
504393
504394
504395
504396
504496
504500
504541
504549
504551
504552
504715
504720
504745
504748
504750
504927
504928
504933
504936
504937
504938
504939
504940
507919
507926
507927
507928
507959
507972
507976
507986
507989
507991
508065
508073
508075
508077
508081
508088
508090
508091
508161
508166
664429
664433
664590
664592
664594
664604
664606
664607
665241
665250
665252
665253
-665260
-665261
665267
665269
665271
665280
665282
665283
665314
665315
665338
665340
665341
665371
665373
665374
665390
665392
665393
665410
665416
665417
665418
665425
665426
665427
665433
665442
665444
665445
665507
665517
665520
665522
706160
706167
706168
706169
706863
706871
706873
706875
706894
706901
706902
706903
706962
706969
706970
706971
707022
707025
707026
707047
707050
707051
707064
707071
707072
707073
707139
707146
707147
707148
707248
707255
707256
707257
707957
707964
707965
707966
744757
744759
744760
744769
744771
744772
-2154
2377
-6758
6818
7037
7039
7045
7051
7057
7062
-11705
11764
11771
11782
11789
11796
-11995
-11996
-12006
-12007
-12013
-12014
-12017
-12021
-12023
-12024
12033
-16650
16709
16716
16723
16726
16729
-16934
-16938
16946
21234
21510
21517
21524
21527
21530
-21735
21747
21748
26035
26261
26270
26279
26311
26318
26325
26328
26331
-26546
-26551
30847
-31056
-31065
-31074
-31083
-31092
31094
31096
31103
31107
31114
31117
31120
31123
-31342
35594
35597
35608
35615
35622
35629
-35806
-35808
-35840
35848
35855
35858
35861
35864
35867
35868
-36075
40282
40289
40292
40295
40298
40316
40443
40447
-40458
-40460
-40462
-40463
-40464
-40465
-40481
40485
40488
40491
40494
40496
40497
-40505
-40506
-40510
-40511
44891
44898
44925
45056
-45067
-45069
-45071
-45072
-45073
-45074
45105
45106
-45114
-45120
49665
-49723
-49729
-204253
-204274
-204355
204364
205519
-205537
205546
205567
-205585
205594
205615
205642
205663
205690
205711
205712
-205735
205755
-205776
-205781
205800
-205815
-205820
205839
-205857
-205862
-205893
-205898
-205929
-205933
-205934
-209377
209381
-209402
209405
209412
209413
209452
209453
209454
209737
209744
210776
210777
210778
210800
210801
210802
210874
210875
210876
210898
210899
210900
210970
210972
210973
210974
210984
-210999
-211000
-211001
-211002
-211073
-211074
-211075
-211076
211082
-211097
-211098
-211099
-211100
-211324
-211325
-211326
-211327
211333
-211340
211347
211348
211349
211379
211380
211381
211388
211389
211390
211420
211421
211422
211429
211430
211431
211461
211462
211463
211470
211471
211472
211508
211509
211510
211517
211518
211519
211555
211556
211557
211564
211565
211566
211578
-211595
-211608
211625
-211642
-211655
211672
-211689
-211702
-211717
211726
211727
211729
211731
211738
211742
-211758
211768
211779
-211794
211820
-211839
-215795
-215891
-215892
-215893
-215894
-215895
215905
-215919
215940
-215950
-215962
-216069
-216073
-216081
-216085
-216829
216839
-216854
216870
-216880
-216892
-216916
216926
-216941
216957
-216967
-216979
-217003
217013
-217028
217044
-217054
-217066
-217090
217100
-217115
217131
-217141
-217153
-217177
-217188
-217200
217259
-217273
-217284
217376
-217390
-217401
217467
-217481
-217492
-217556
217564
217574
-217588
-217643
217652
217662
-217673
-217677
221046
221058
221065
221077
222448
222461
222466
222468
222473
222477
222489
222490
222496
222509
222514
222516
222521
222525
222537
222538
222544
222557
222562
222564
222569
222573
222585
222586
-222677
-222678
-222679
222834
222846
222852
222855
222859
222863
222874
222877
222882
222895
222900
222903
222907
222910
222920
222921
222927
222933
222942
222944
222949
222953
222964
222967
222972
222985
222990
222993
222997
223000
223010
223011
223017
223023
223032
223034
223039
223043
223054
223057
223062
223075
223080
223083
223087
223090
223100
223101
223107
223113
223122
223124
223129
223133
223144
223147
223152
223165
223170
223173
223177
223180
223190
223191
223197
223203
223212
223214
223219
223223
223234
223237
223242
223255
223260
223263
223267
223270
223280
223281
223286
223287
223292
223295
223297
223298
223299
223300
223330
223341
223345
223347
223352
223355
223365
223366
223447
223458
223462
223464
223469
223472
223482
223483
223543
223554
223558
223560
223565
223568
223578
223579
-226334
-226341
-226344
226543
226548
-226563
-226565
226574
-227138
227170
227175
227208
227213
227246
227251
227283
227288
227311
227318
227326
227329
-230877
-230898
-230906
230910
230911
230914
-230927
230929
230932
230933
-234551
-234572
-234580
234584
234586
234588
-234601
234603
234606
234607
-238222
-238251
238254
238255
238257
238259
238263
241874
241892
242224
245329
245347
248434
248453
-248606
-248622
-248625
-248636
-248650
-248653
-248663
-248677
-248680
-248690
-248704
-248707
-248717
-248731
-248733
-248734
-248737
-251670
251674
251693
-251701
-251706
-251795
-251829
254823
254840
254843
254866
254910
254920
254927
257922
257939
257942
257965
258009
258019
258026
261021
261108
-354445
354782
354790
354792
354793
-356450
-356475
-356477
-356490
-356491
-356553
-356555
-356567
-356568
-356575
-356577
-356580
-356586
-356589
-356590
-356591
-360366
360371
-360376
-360377
-360378
360384
360393
360395
360747
360752
360755
360760
362235
362236
-362238
362244
362256
362257
-362261
-362266
362269
362273
-362276
-362285
362294
-362297
-362299
364750
-364753
-364760
364768
-364771
-364773
364922
-364925
-364932
364939
-364942
-364944
-364947
365580
365598
365604
365611
366099
366108
366111
369442
369463
369485
369491
369507
369515
369913
369920
369921
369925
369928
369929
369931
369936
369944
369952
369954
369959
369967
369975
369977
369982
369990
369998
370000
372331
372347
372349
372369
372371
372374
372382
374440
374455
374456
374473
374482
374488
374491
376597
376612
376613
376630
376639
376645
376648
378374
378388
378394
378405
378434
378436
378564
378565
378597
378598
378606
378610
378612
378614
378615
378616
380348
380349
380355
380360
380361
-380479
-380486
-380490
382218
382223
382232
382237
382238
382248
382257
382263
382266
384095
384100
384109
384110
384114
384115
384116
384125
384134
384140
384143
-386006
-386007
-386010
-386014
-386016
-386018
-387884
-387891
-387895
-389761
-389768
-389772
448843
448849
448854
448856
-448890
-448891
-448892
448929
448930
-448934
-448936
-448937
-448940
448950
448954
448956
449880
449885
449888
449889
449921
449926
449929
449930
449962
449967
449970
449971
450002
450006
450009
450012
-453969
-454032
455498
455505
455506
455507
-459697
-459760
461226
461233
461234
461235
-465425
465430
465463
465466
466925
466932
466933
466934
471093
471100
471162
471165
471790
471796
471798
476206
476213
476275
476278
476543
476550
476551
476552
476572
476579
476580
476581
480957
480964
481026
481029
481323
481330
481331
481332
485708
485715
485777
485780
-485807
-485811
-485987
-485991
-485994
486074
486081
486082
486083
490646
490652
490654
490674
490680
490684
490686
490733
490741
490743
490744
495397
495403
495405
495425
495431
495435
495437
495484
495492
495494
495495
500176
500182
500186
500188
641706
641709
641716
641719
641729
641731
641885
641898
641913
641922
642059
642072
642087
642096
642230
642243
642258
642267
642577
642596
642602
642606
643001
643020
643026
643030
643446
643465
643471
643475
643879
643888
643895
643912
645574
645583
645585
645591
645594
645598
652593
652597
652602
652611
652614
652618
652626
652635
652638
652641
652651
652652
652660
652669
652672
652675
652685
652686
652694
652703
652706
652709
652719
652720
652727
652735
652737
652740
652745
652749
652755
652763
652765
652770
652776
652777
652783
652791
652793
652798
652804
652805
652810
652814
652821
652824
652832
652833
-654629
654636
654638
-654645
654652
-654788
654796
654804
654805
654811
654819
654820
654826
654834
654835
654841
654848
654849
-656387
656393
656395
-656403
656410
-657547
657553
657555
-657563
657570
658618
658626
658631
658633
-658707
658713
658715
-658723
658730
659778
659786
659791
659793
-659859
659865
659867
-659871
659873
660887
660895
660900
660902
-660936
-660951
-660958
-660959
660964
660971
660972
661926
661934
661939
661941
-690259
690265
-690268
691032
691039
691043
691044
691049
691051
691057
691060
692735
692742
692747
692750
692755
692757
692760
692763
693923
693932
693933
693935
-694601
694605
-694607
694626
-694628
-694634
695109
695114
695118
695121
695125
695134
695135
695137
696352
-696356
-696358
696377
-696379
-696385
696860
696865
696869
696872
696876
696885
696886
696888
698103
698104
-698107
-698109
698112
698117
698124
698125
698126
698578
698583
698587
698590
698595
698597
698600
698603
699817
699824
699825
699826
701033
701040
701041
701042
702071
702078
702079
702080
703109
703116
703117
703118
-703126
-703129
-703130
-744037
744042
-744046
-744259
744263
-744266
-744267
)


// ************************************************************************* //
