/*--------------------------------*- C++ -*----------------------------------*\
| =========                 |                                                 |
| \\      /  F ield         | OpenFOAM: The Open Source CFD Toolbox           |
|  \\    /   O peration     | Version:  2512                                  |
|   \\  /    A nd           | Website:  www.openfoam.com                      |
|    \\/     M anipulation  |                                                 |
\*---------------------------------------------------------------------------*/
FoamFile
{
    version     2.0;
    format      ascii;
    arch        "LSB;label=32;scalar=64";
    note        "nPoints:42288  nCells:34192  nFaces:110491  nInternalFaces:101399";
    class       labelList;
    location    "constant/polyMesh";
    object      neighbour;
}
// * * * * * * * * * * * * * * * * * * * * * * * * * * * * * * * * * * * * * //


101399
(
990
1116
1117
1118
982
1015
1988
1989
1990
986
1134
5565
5566
5568
991
1995
5572
5573
5576
997
2002
5579
5580
5583
1003
2009
5586
5587
5590
1007
2016
2023
2024
2027
1011
1141
2031
2032
2033
1151
1152
1153
1016
1034
5593
5594
5595
1135
2037
5600
5601
5604
1996
2044
5607
5609
5610
2003
2051
5615
5616
5617
2010
2058
5622
5623
5624
2017
2065
5629
5630
5631
1142
2072
5635
5636
5639
1022
2079
5642
5643
5646
1028
2086
2093
2094
2097
1157
1165
1166
1170
1171
1172
1035
1048
5649
5650
5651
2038
2100
5656
5658
5659
2045
2107
5664
5665
5666
2052
2114
5671
5672
5673
2059
2121
5678
5679
5680
2066
2128
5685
5686
5687
2073
2135
5692
5693
5694
2080
2142
5699
5700
5701
2087
2149
5706
5707
5708
1158
2156
5712
5713
5716
1041
2163
2170
2171
2174
1049
1057
5719
5720
5721
2101
2177
5726
5728
5729
2108
2184
5734
5735
5736
2115
2191
5741
5742
5743
2122
2198
5748
5749
5750
2129
2205
5755
5756
5757
2136
2212
5762
5763
5764
2143
2219
5769
5770
5771
2150
2226
5776
5777
5778
2157
2233
5783
5784
5785
2164
2240
5790
5791
5792
1177
2247
5796
5797
5800
1055
2254
2262
2263
2264
1058
1188
1189
1190
1070
2178
5803
5804
5807
2185
2268
5811
5812
5813
2192
2275
5818
5819
5820
2199
2282
5825
5826
5827
2206
2289
5832
5833
5834
2213
2296
5839
5840
5841
2220
2303
5846
5847
5848
2227
2310
5853
5854
5855
2234
2317
5860
5861
5862
2241
2324
5867
5868
5869
2248
2331
5874
5875
5876
2255
2338
5881
5882
5883
1063
2345
2352
2353
2356
1194
1201
1202
1071
1080
2359
2360
2361
1204
2269
2366
2368
2369
1209
2276
2373
2374
2377
1528
2283
5887
5888
5891
2290
2380
5895
5896
5897
2297
2387
5902
5903
5904
2304
2394
5909
5910
5911
2311
2401
5916
5917
5918
2318
2408
5923
5924
5925
2325
2415
5930
5931
5932
2332
2422
5937
5938
5939
2339
2429
5944
5945
5946
2346
2436
5951
5952
5953
1195
2443
2451
2452
2453
1077
1216
1224
1225
1226
1085
1529
16190
16191
16194
1230
2381
16197
16198
16201
2388
2457
16205
16206
16207
2395
2460
16212
16213
16214
2402
2463
16219
16220
16221
2409
2466
16226
16227
16228
2416
2469
5985
5986
5987
2423
2472
5992
5993
5994
2430
2477
5999
6000
6001
2437
2484
6006
6007
6008
2444
2491
6013
6014
6015
1217
2498
6019
6020
6023
1082
2505
2513
2514
2515
2478
6027
6028
6029
2485
2519
6034
6035
6036
2492
2522
6041
6042
6043
2499
2525
6048
6049
6050
2506
2528
2532
2533
2534
1087
1233
2539
2540
2541
999
2555
6064
6065
6068
1137
2547
2580
16232
16233
16236
1998
2551
2586
6083
6084
6086
8842
8845
8847
2005
2556
6083
16239
16240
16242
18395
18398
18400
2012
2562
16239
16246
16247
16249
2019
2568
6090
6091
6093
16246
18409
18412
18414
1144
2572
6090
6097
6098
6100
8931
8934
8936
1024
2576
6097
6104
6105
6108
1037
6113
6114
6117
2040
2581
2606
16253
16254
16256
18423
18426
18428
2047
2587
16253
16260
16261
16263
2054
6084
16260
16267
16268
16270
2061
16240
16267
16274
16275
16277
2068
16247
16274
16281
16282
16284
2075
6091
16281
16288
16289
16291
2082
6098
16288
16295
16296
16298
2089
2594
16295
16302
16303
16305
1160
2600
2614
2616
9030
9033
9035
16302
18443
18445
18446
18448
1043
2613
6120
6123
1051
6125
6126
6129
2103
2607
2627
16309
16310
16312
2110
16254
16309
16316
16317
16319
2117
16261
16316
16323
16324
16326
2124
16268
16323
16330
16331
16333
2131
16275
16330
16337
16338
16340
2138
16282
16337
16344
16345
16347
2145
16289
16344
16351
16352
16354
2152
16296
16351
16358
16359
16361
2159
16303
16358
16365
16366
16368
2166
2614
16365
16372
16373
16375
1179
2620
2635
2637
9120
9122
9123
9125
16372
18458
18461
18463
2180
2628
2643
6136
6137
6139
9151
9154
9156
18472
18475
18477
2187
6136
16310
16379
16380
16382
2194
16317
16379
16386
16387
16389
2201
16324
16386
16393
16394
16396
2208
16331
16393
16400
16401
16403
2215
16338
16400
16407
16408
16410
2222
16345
16407
16414
16415
16417
2229
16352
16414
16421
16422
16424
2236
16359
16421
16428
16429
16431
2243
16366
16428
16435
16436
16438
2250
16373
16435
16442
16443
16445
2257
2635
16442
16449
16450
16452
1065
2641
16449
16456
16457
16460
1073
2644
6143
6144
6147
2271
2656
6137
16463
16464
16466
2278
16380
16463
16470
16471
16473
2285
16387
16470
16477
16478
16480
2292
16394
16477
16484
16485
16487
2299
16401
16484
16491
16492
16494
2306
16408
16491
16498
16499
16501
2313
16415
16498
16505
16506
16508
2320
16422
16505
16512
16513
16515
2327
16429
16512
16519
16520
16522
2334
16436
16519
16526
16527
16529
2341
16443
16526
16533
16534
16536
2348
16450
16533
16540
16541
16543
1197
2649
2664
2666
9225
9227
9228
9230
16540
1078
2663
6150
6151
1206
2657
2673
16547
16548
16551
1212
1236
1237
1239
2675
16464
1236
1531
1542
1545
16471
17919
17921
17923
17924
1542
2383
2680
2683
16478
18536
18537
18538
18540
2390
2680
2687
2690
16485
18563
18564
18567
18568
2397
2687
2694
2697
16492
18591
18592
18595
18596
2404
2694
2701
2704
16499
18619
18620
18623
18624
2411
2701
14586
14589
16506
21312
21315
21316
21318
2418
14586
16513
16554
16555
16557
2425
16520
16554
16561
16562
16564
2432
16527
16561
16568
16569
16571
2439
16534
16568
16575
16576
16578
2446
16541
16575
16582
16583
16585
1219
2664
2708
2709
2711
16582
1083
2670
2708
6153
6154
6157
1091
1231
1543
1550
1553
5095
5097
5098
5100
1243
2458
2681
6161
6164
14744
14746
14747
14749
2461
2688
2718
6168
6170
14779
14780
14783
14784
2464
2695
2721
16590
16591
16592
2467
2702
2724
16597
16598
16599
2470
2727
14587
14594
14596
16092
16094
16095
16097
18670
18671
18672
2474
2730
16555
16603
16605
18691
18692
18695
2480
16562
16603
16608
16609
16611
2487
16569
16608
16615
16616
16618
2494
16576
16615
16622
16623
16625
2501
16583
16622
16629
16630
16632
2508
2709
6180
6181
6183
16629
1088
2715
6180
6187
6188
6191
2520
16609
16636
16637
2523
16616
16636
16639
16640
2526
16623
16639
16642
16643
2529
16630
16642
16645
16646
1234
6181
6194
6195
16645
1090
2733
6194
6197
6198
6201
2564
2747
6215
6216
6217
2589
2739
2772
16649
16650
16651
2743
2778
6086
6233
6234
6236
9399
9400
9403
2748
6233
16242
16655
16656
16658
18719
18720
18723
2754
16249
16655
16662
16663
16665
2760
6093
6240
6241
6243
16662
18733
18734
18737
2764
6100
6240
6247
6248
6250
9488
9489
9492
2596
2768
6247
6255
6256
6257
2609
6264
6265
6266
2773
2798
16256
16669
16670
16672
18747
18748
18751
2779
16263
16669
21354
21355
21357
198
209
286
6234
6235
6238
6239
16270
16271
16272
16273
21354
21356
21358
21360
199
210
287
16277
16278
16279
16280
16656
16657
16660
16661
200
211
288
16284
16285
16286
16287
16663
16664
16667
16668
201
212
289
6241
6242
6245
6246
16291
16292
16293
16294
202
213
290
6248
6249
6252
6253
16298
16299
16300
16301
16677
16679
16681
2786
16305
16676
16677
16679
2616
2792
2806
2808
9587
9588
9591
16676
18766
18767
18770
18771
2622
2805
6271
6272
2630
6276
6277
6278
2799
2819
16312
16683
16684
16686
208
219
296
16319
16320
16321
16322
16670
16671
16674
16675
16683
16685
16687
16689
209
220
297
16326
16327
16328
16329
21355
21356
21359
21360
210
221
298
16333
16334
16335
16336
211
222
299
16340
16341
16342
16343
212
223
300
16347
16348
16349
16350
213
224
301
16354
16355
16356
16357
214
225
302
16361
16362
16363
16364
215
226
303
16368
16369
16370
16371
16677
16678
16681
16682
16691
16693
16695
2806
16375
16690
16691
16693
2637
2812
2827
2829
9676
9677
9680
9681
16690
18782
18783
18786
2820
2835
6139
6286
6287
6289
9708
9709
9712
18796
18797
18800
219
232
307
6286
6288
6290
6292
16382
16383
16384
16385
16684
16685
16688
16689
21361
21364
21365
220
233
308
16389
16390
16391
16392
21368
21371
21372
221
234
309
16396
16397
16398
16399
21375
21378
21379
222
235
310
16403
16404
16405
16406
21382
21385
21386
223
236
311
16410
16411
16412
16413
21389
21392
21393
224
237
312
16417
16418
16419
16420
21396
21399
21400
225
238
313
16424
16425
16426
16427
226
239
314
16431
16432
16433
16434
227
240
315
16438
16439
16440
16441
228
241
316
16445
16446
16447
16448
16691
16692
16695
16696
16698
16700
16702
2827
16452
16697
16698
16700
2651
2833
16697
16705
16706
16707
2659
2836
6294
6295
6296
2848
6287
16466
16711
16712
16714
16473
16711
21361
21362
21364
16480
21361
21368
21369
21371
16487
21368
21375
21376
21378
16494
21375
21382
21383
21385
16501
21382
21389
21390
21392
16508
21389
21396
21397
21399
239
253
327
16515
16516
16517
16518
21396
21398
21400
21402
21403
21406
21407
240
254
328
16522
16523
16524
16525
241
255
329
16529
16530
16531
16532
242
256
330
16536
16537
16538
16539
16719
16721
16723
16543
16698
16718
16719
16721
2666
2841
2856
2858
9781
9782
9785
9786
16718
2671
2855
6300
6301
2677
2849
2865
16726
16727
16728
1239
1246
1247
1249
2867
16712
1246
1545
1556
1559
17947
17949
17951
17952
21362
1556
2683
2872
2875
18859
18860
18861
18863
21369
2690
2872
2879
2882
18886
18887
18890
18891
21376
2697
2879
2886
2889
18914
18915
18918
18919
21383
2704
2886
2893
2896
18942
18943
18946
18947
21390
2893
14589
14600
14603
21326
21329
21331
21332
21397
14600
16557
21403
21404
21406
255
267
343
16564
16565
16566
16567
21403
21405
21407
21409
256
268
344
16571
16572
16573
16574
257
269
345
16578
16579
16580
16581
258
270
346
2901
2903
2905
16585
16586
16587
16588
16719
16720
16723
16724
2711
2856
2900
2901
2903
2716
2862
2900
6304
6305
6306
1093
1244
1557
1564
1567
5123
5125
5126
5128
1253
2719
2873
6311
6314
14832
14834
14835
14837
2722
2880
2910
6318
6320
14867
14868
14871
14872
2725
2887
2913
16733
16734
16735
2728
2894
2916
16740
16741
16742
2731
2919
14601
14608
14610
16106
16108
16109
16111
18993
18994
18995
2922
16605
16746
16748
19014
19015
19018
21404
268
356
16611
16612
16613
16614
16746
16747
16749
16750
269
357
16618
16619
16620
16621
270
358
16625
16626
16627
16628
271
359
6331
6333
6335
16632
16633
16634
16635
2901
6183
6330
6331
6333
2734
2907
6330
6338
6339
6340
6195
6331
6344
6345
2736
2925
6344
6348
6349
6350
2756
2939
6365
6366
6367
2781
2931
2964
16752
16753
16754
2935
2970
6236
6383
6384
6386
9955
9956
9959
2940
6383
16658
16758
16759
16761
19042
19043
19046
2946
16665
16758
16765
16766
16768
2952
6243
6390
6391
6393
16765
19056
19057
19060
2956
6250
6390
6397
6398
6400
10044
10045
10048
2788
2960
6397
6405
6406
6407
2801
6414
6415
6416
2965
2990
16672
16772
16773
16775
19070
19071
19074
2971
16772
21357
21410
21411
21413
287
298
375
6384
6385
6388
6389
21410
21412
21414
21416
288
299
376
16759
16760
16763
16764
289
300
377
16766
16767
16770
16771
290
301
378
6391
6392
6395
6396
291
302
379
6398
6399
6402
6403
16780
16782
16784
2978
16679
16779
16780
16782
2808
2984
2998
3000
10143
10144
10147
16779
19089
19090
19093
19094
2814
2997
6421
6422
2822
6426
6427
6428
2991
3011
16686
16786
16787
16789
297
308
385
16773
16774
16777
16778
16786
16788
16790
16792
298
309
386
21411
21412
21415
21416
299
310
387
300
311
388
301
312
389
302
313
390
303
314
391
304
315
392
16780
16781
16784
16785
16794
16796
16798
2998
16693
16793
16794
16796
2829
3004
3019
3021
10232
10233
10236
10237
16793
19105
19106
19109
3012
3027
6289
6436
6437
6439
10264
10265
10268
19119
19120
19123
308
321
396
6436
6438
6440
6442
16787
16788
16791
16792
21417
21420
21421
309
322
397
21424
21427
21428
310
323
398
21431
21434
21435
311
324
399
21438
21441
21442
312
325
400
21445
21448
21449
313
326
401
21452
21455
21456
314
327
402
315
328
403
316
329
404
317
330
405
16794
16795
16798
16799
16801
16803
16805
3019
16700
16800
16801
16803
2843
3025
16800
16808
16809
16810
2851
3028
6444
6445
6446
3040
6437
16714
16814
16815
16817
16814
21364
21417
21418
21420
21371
21417
21424
21425
21427
21378
21424
21431
21432
21434
21385
21431
21438
21439
21441
21392
21438
21445
21446
21448
21399
21445
21452
21453
21455
328
342
416
21452
21454
21456
21458
21459
21462
21463
329
343
417
330
344
418
331
345
419
16822
16824
16826
16721
16801
16821
16822
16824
2858
3033
3048
3050
10337
10338
10341
10342
16821
2863
3047
6450
6451
2869
3041
3057
16829
16830
16831
1249
1256
1257
1259
3059
16815
1256
1559
1570
1573
17975
17977
17979
17980
21418
1570
2875
3063
3066
19178
19179
19180
19182
21425
2882
3063
3070
3073
19205
19206
19209
19210
21432
2889
3070
3077
3080
19233
19234
19237
19238
21439
2896
3077
3084
3087
19261
19262
19265
19266
21446
3084
14603
14614
14617
21340
21343
21345
21346
21453
14614
21406
21459
21460
21462
344
356
432
21459
21461
21463
21465
345
357
433
346
358
434
347
359
435
3092
3094
3096
16822
16823
16826
16827
2903
3048
3091
3092
3094
2908
3054
3091
6454
6455
6456
1095
1254
1571
1578
1581
5151
5153
5154
5156
1262
2911
3064
6461
6464
14920
14922
14923
14925
2914
3071
3101
6468
6470
14955
14956
14959
14960
2917
3078
3104
16836
16837
16838
2920
3085
3107
16843
16844
16845
2923
3110
14615
14622
14624
16120
16122
16123
16125
19312
19313
19314
3113
16748
16849
16851
19333
19334
19337
21460
357
445
16849
16850
16852
16853
358
446
359
447
360
448
6481
6483
6485
3092
6333
6480
6481
6483
2926
3098
6480
6488
6489
6490
6345
6481
6494
6495
2928
3116
6494
6498
6499
6500
2948
3130
6515
6516
6517
2973
3122
3155
16855
16856
16857
3126
3161
6386
6533
6534
6536
10509
10510
10513
3131
6533
16761
16861
16862
16864
19361
19362
19365
3137
16768
16861
16868
16869
16871
3143
6393
6540
6541
6543
16868
19375
19376
19379
3147
6400
6540
6547
6548
6550
10598
10599
10602
2980
3151
6547
6555
6556
6557
2993
6564
6565
6566
3156
3181
16775
16875
16876
16878
19389
19390
19393
3162
16875
21413
21466
21467
21469
376
387
464
6534
6535
6538
6539
21466
21468
21470
21472
377
388
465
16862
16863
16866
16867
378
389
466
16869
16870
16873
16874
379
390
467
6541
6542
6545
6546
380
391
468
6548
6549
6552
6553
16883
16885
16887
3169
16782
16882
16883
16885
3000
3175
3189
3191
10697
10698
10701
16882
19408
19409
19412
19413
3006
3188
6571
6572
3014
6576
6577
6578
3182
3202
16789
16889
16890
16892
386
397
474
16876
16877
16880
16881
16889
16891
16893
16895
387
398
475
21467
21468
21471
21472
388
399
476
389
400
477
390
401
478
391
402
479
392
403
480
393
404
481
16883
16884
16887
16888
16897
16899
16901
3189
16796
16896
16897
16899
3021
3195
3210
3212
10786
10787
10790
10791
16896
19424
19425
19428
3203
3218
6439
6586
6587
6589
10818
10819
10822
19438
19439
19442
397
410
485
6586
6588
6590
6592
16890
16891
16894
16895
21473
21476
21477
398
411
486
21480
21483
21484
399
412
487
21487
21490
21491
400
413
488
21494
21497
21498
401
414
489
21501
21504
21505
402
415
490
21508
21511
21512
403
416
491
404
417
492
405
418
493
406
419
494
16897
16898
16901
16902
16904
16906
16908
3210
16803
16903
16904
16906
3035
3216
16903
16911
16912
16913
3043
3219
6594
6595
6596
3231
6587
16817
16917
16918
16920
16917
21420
21473
21474
21476
21427
21473
21480
21481
21483
21434
21480
21487
21488
21490
21441
21487
21494
21495
21497
21448
21494
21501
21502
21504
21455
21501
21508
21509
21511
417
431
505
21508
21510
21512
21514
21515
21518
21519
418
432
506
419
433
507
420
434
508
16925
16927
16929
16824
16904
16924
16925
16927
3050
3224
3239
3241
10891
10892
10895
10896
16924
3055
3238
6600
6601
3061
3232
3248
16932
16933
16934
1259
1265
1267
3250
16918
1265
1573
1584
1587
18003
18005
18007
18008
21474
1584
1591
1594
3066
18033
18034
18035
18036
21481
1591
1598
1601
3073
18061
18062
18063
18064
21488
1598
1605
1608
3080
18089
18090
18091
18092
21495
1605
1612
1615
3087
18117
18118
18119
18120
21502
1612
3253
3256
14617
19493
19495
19497
19498
21509
3253
21462
21515
21516
21518
433
445
521
21515
21517
21519
21521
434
446
522
435
447
523
436
448
524
3261
3263
3265
16925
16926
16929
16930
3094
3239
3260
3261
3263
3099
3245
3260
6604
6605
6606
1097
1263
1585
1620
1623
5179
5181
5182
5184
1270
1592
3102
3271
3273
10948
10949
10952
10953
1273
1599
3105
3278
3280
10976
10977
10980
10981
1276
1606
3108
16939
16940
16941
1279
1613
3111
16946
16947
16948
1282
3114
3254
6611
6614
15008
15010
15011
15014
17759
17760
17762
1626
16851
16952
16954
18144
18145
18148
21516
446
534
16952
16953
16955
16956
447
535
448
536
449
537
6618
6620
6622
3261
6483
6617
6618
6620
3117
3267
6617
6625
6626
6627
6495
6618
6631
3119
3290
6631
6633
6634
6635
3139
3303
6650
6651
6652
3164
3295
3328
16958
16959
16960
3299
3334
6536
6668
6669
6671
11082
11083
11086
3304
6668
16864
16964
16965
16967
19564
19565
19568
3310
16871
16964
16971
16972
16974
3316
6543
6675
6676
6678
16971
19578
19579
19582
3320
6550
6675
6682
6683
6685
11171
11172
11175
3171
3324
6682
6690
6691
6692
3184
6699
6700
6701
3329
3354
16878
16978
16979
16981
19592
19593
19596
3335
16978
21469
21522
21523
21525
465
476
551
6669
6670
6673
6674
21522
21524
21526
21528
466
477
552
16965
16966
16969
16970
467
478
553
16972
16973
16976
16977
468
479
554
6676
6677
6680
6681
469
480
555
6683
6684
6687
6688
16986
16988
16990
3342
16885
16985
16986
16988
3191
3348
3362
3364
11270
11271
11274
16985
19611
19612
19615
19616
3197
3361
6706
6707
3205
6711
6712
6713
3355
3375
16892
16992
16993
16995
475
486
561
16979
16980
16983
16984
16992
16994
16996
16998
476
487
562
21523
21524
21527
21528
477
488
563
478
489
564
479
490
565
480
491
566
481
492
567
482
493
568
16986
16987
16990
16991
17000
17002
17004
3362
16899
16999
17000
17002
3212
3368
3383
3385
11359
11360
11363
11364
16999
19627
19628
19631
3376
3391
6589
6721
6722
6724
11391
11392
11395
19641
19642
19645
486
499
572
6721
6723
6725
6727
16993
16994
16997
16998
21529
21532
21533
487
500
573
21536
21539
21540
488
501
574
21543
21546
21547
489
502
575
21550
21553
21554
490
503
576
21557
21560
21561
491
504
577
21564
21567
21568
492
505
578
493
506
579
494
507
580
495
508
581
17000
17001
17004
17005
17007
17009
17011
3383
16906
17006
17007
17009
3226
3389
17006
17014
17015
17016
3234
3392
6729
6730
6731
3404
6722
16920
17020
17021
17023
17020
21476
21529
21530
21532
21483
21529
21536
21537
21539
21490
21536
21543
21544
21546
21497
21543
21550
21551
21553
21504
21550
21557
21558
21560
21511
21557
21564
21565
21567
506
520
592
21564
21566
21568
21570
21571
21574
21575
507
521
593
508
522
594
509
523
595
17028
17030
17032
16927
17007
17027
17028
17030
3241
3397
3412
3414
11464
11465
11468
11469
17027
3246
3411
6735
6736
3251
3405
3421
17035
17036
17037
1267
1285
1287
3423
17021
1285
1290
1293
1587
17788
17789
17790
17791
21530
1290
1297
1300
1594
17802
17803
17804
17805
21537
1297
1304
1307
1601
17816
17817
17818
17819
21544
1304
1311
1314
1608
17830
17831
17832
17833
21551
1311
1318
1321
1615
17844
17845
17846
17847
21558
1318
1629
1632
3256
18157
18159
18161
18162
21565
1629
21518
21571
21572
21574
522
534
608
21571
21573
21575
21577
523
535
609
524
536
610
525
537
611
3427
3429
3431
17028
17029
17032
17033
3263
3412
3426
3427
3429
3268
3418
3426
6739
6740
6741
1099
1271
1291
1325
1725
1726
1729
1730
1100
1274
1298
1328
1739
1740
1743
1744
1101
1277
1305
1331
1753
1754
1757
1758
1102
1280
1312
17042
17043
17044
1103
1283
1319
17049
17050
17051
1104
1627
1630
1637
1640
5214
5216
5217
5219
17629
17630
17633
1340
16954
17055
17057
17871
17872
17875
21572
535
616
17055
17056
17058
17059
536
617
537
618
538
619
6746
6748
6750
3427
6620
6745
6746
6748
3291
3433
6745
6752
6753
6754
3312
3448
6769
6770
6771
3337
3440
3473
17061
17062
17063
3444
3479
6671
6787
6788
6790
11560
11561
11564
3449
6787
16967
17067
17068
17070
19711
19712
19715
3455
16974
17067
17074
17075
17077
3461
6678
6794
6795
6797
17074
19725
19726
19729
3465
6685
6794
6801
6802
6804
11649
11650
11653
3344
3469
6801
6809
6810
6811
3357
6818
6819
6820
3474
3499
16981
17081
17082
17084
19739
19740
19743
3480
17081
21525
21578
21579
21581
552
563
633
6788
6789
6792
6793
21578
21580
21582
21584
553
564
634
17068
17069
17072
17073
554
565
635
17075
17076
17079
17080
555
566
636
6795
6796
6799
6800
556
567
637
6802
6803
6806
6807
17089
17091
17093
3487
16988
17088
17089
17091
3364
3493
3507
3509
11748
11749
11752
17088
19758
19759
19762
19763
3370
3506
6825
6826
3378
6830
6831
6832
3500
3520
16995
17095
17096
17098
562
573
643
17082
17083
17086
17087
17095
17097
17099
17101
563
574
644
21579
21580
21583
21584
564
575
645
565
576
646
566
577
647
567
578
648
568
579
649
569
580
650
17089
17090
17093
17094
17103
17105
17107
3507
17002
17102
17103
17105
3385
3513
3528
3530
11837
11838
11841
11842
17102
19774
19775
19778
3521
3536
6724
6840
6841
6843
11869
11870
11873
19788
19789
19792
573
586
654
6840
6842
6844
6846
17096
17097
17100
17101
574
587
655
575
588
656
576
589
657
577
590
658
578
591
659
579
592
660
580
593
661
581
594
662
582
595
663
17103
17104
17107
17108
17110
17112
17114
3528
17009
17109
17110
17112
3399
3534
17109
17117
17118
17119
3407
3537
6848
6849
6850
3549
6841
17023
17123
17124
17126
587
601
668
17123
17125
17127
17129
21532
21533
21534
21535
21590
21593
21594
588
602
669
21539
21540
21541
21542
21597
21600
21601
589
603
670
21546
21547
21548
21549
21604
21607
21608
590
604
671
17144
17147
17148
21553
21554
21555
21556
591
605
672
17151
17154
17155
21560
21561
21562
21563
592
606
673
21567
21568
21569
21570
21611
21614
21615
593
607
674
594
608
675
595
609
676
596
610
677
17131
17133
17135
17030
17110
17130
17131
17133
3414
3542
3557
3559
11942
11943
11946
11947
17130
3419
3556
6854
6855
3424
3550
3566
17138
17139
17140
1287
3568
17124
21585
21587
1293
21585
21590
21591
21593
1300
21590
21597
21598
21600
1307
21597
21604
21605
21607
1314
17144
17145
17147
21604
1321
17144
17151
17152
17154
1632
17151
21611
21612
21614
608
615
689
21574
21575
21576
21577
21611
21613
21615
21617
609
616
690
610
617
691
611
618
692
612
619
693
3572
3574
3576
17131
17132
17135
17136
3429
3557
3571
3572
3574
3434
3563
3571
6858
6859
6860
1341
17158
17160
17877
17880
17882
21612
616
697
17057
17058
17059
17158
17159
17161
17163
617
698
618
699
619
700
620
701
6865
6866
6868
3572
6748
6864
6865
6866
3437
3578
6864
6870
6871
6872
3457
3592
6887
6888
6889
3482
3584
3617
17165
17166
17167
3588
3623
6790
6905
6906
6908
12031
12032
12035
3593
6905
17070
17171
17172
17174
19858
19859
19862
3599
17077
17171
17178
17179
17181
3605
6797
6912
6913
6915
17178
19872
19873
19876
3609
6804
6912
6919
6920
6922
12120
12121
12124
3489
3613
6919
6927
6928
6929
3502
6936
6937
6938
3618
3643
17084
17185
17186
17188
19886
19887
19890
3624
17185
21581
21618
21619
21621
634
645
715
6906
6907
6910
6911
21618
21620
21622
21624
635
646
716
17172
17173
17176
17177
636
647
717
17179
17180
17183
17184
637
648
718
6913
6914
6917
6918
638
649
719
6920
6921
6924
6925
17193
17195
17197
3631
17091
17192
17193
17195
3509
3637
3651
3653
12219
12220
12223
17192
19905
19906
19909
19910
3515
3650
6943
6944
3523
6948
6949
6950
3644
3664
17098
17199
17200
17202
644
655
725
17186
17187
17190
17191
17199
17201
17203
17205
645
656
726
21619
21620
21623
21624
646
657
727
647
658
728
648
659
729
649
660
730
650
661
731
651
662
732
17193
17194
17197
17198
17207
17209
17211
3651
17105
17206
17207
17209
3530
3657
3672
3674
12308
12309
12312
12313
17206
19921
19922
19925
3665
3680
6843
6958
6959
6961
12340
12341
12344
19935
19936
19939
655
668
736
6958
6960
6962
6964
17200
17201
17204
17205
656
669
737
657
670
738
658
671
739
659
672
740
660
673
741
661
674
742
662
675
743
663
676
744
664
677
745
17207
17208
17211
17212
17214
17216
17218
3672
17112
17213
17214
17216
3544
3678
17213
17221
17222
17223
3552
3681
6966
6967
6968
3693
6959
17126
17227
17228
17230
669
683
750
17227
17229
17231
17233
670
684
751
671
685
752
672
686
753
673
687
754
674
688
755
675
689
756
676
690
757
677
691
758
678
692
759
17235
17237
17239
17133
17214
17234
17235
17237
3559
3686
3701
3703
12413
12414
12417
12418
17234
3564
3700
6972
6973
3569
3694
3710
17242
17243
17244
3712
17228
21587
21625
21627
684
765
21593
21594
21595
21596
21625
21626
21628
21629
685
766
21600
21601
21602
21603
686
767
21607
21608
21609
21610
687
768
17147
17148
17149
17150
688
769
17154
17155
17156
17157
689
696
770
21614
21615
21616
21617
690
697
771
691
698
772
692
699
773
693
700
774
694
701
775
3716
3718
3720
17235
17236
17239
17240
3574
3701
3715
3716
3718
3579
3707
3715
6976
6977
6978
697
779
17160
17161
17162
17163
698
780
699
781
700
782
701
783
702
6983
6984
6986
3716
6866
6982
6983
6984
3581
3722
6982
6988
6989
6990
3601
3736
7005
7006
7007
3626
3728
3761
17249
17250
17251
3732
3767
6908
7023
7024
7026
12502
12503
12506
3737
7023
17174
17255
17256
17258
20005
20006
20009
3743
17181
17255
17262
17263
17265
3749
6915
7030
7031
7033
17262
20019
20020
20023
3753
6922
7030
7037
7038
7040
12591
12592
12595
3633
3757
7037
7045
7046
7047
3646
7054
7055
7056
3762
3787
17188
17269
17270
17272
20033
20034
20037
3768
17269
21621
21630
21631
21633
716
727
795
7024
7025
7028
7029
21630
21632
21634
21636
717
728
796
17256
17257
17260
17261
718
729
797
17263
17264
17267
17268
719
730
798
7031
7032
7035
7036
720
731
799
7038
7039
7042
7043
17277
17279
17281
3775
17195
17276
17277
17279
3653
3781
3795
3797
12690
12691
12694
17276
20052
20053
20056
20057
3659
3794
7061
7062
3667
7066
7067
7068
3788
3808
17202
17283
17284
17286
726
737
805
17270
17271
17274
17275
17283
17285
17287
17289
727
738
806
21631
21632
21635
21636
728
739
807
729
740
808
730
741
809
731
742
810
732
743
811
733
744
812
17277
17278
17281
17282
17291
17293
17295
3795
17209
17290
17291
17293
3674
3801
3816
3818
12779
12780
12783
12784
17290
20068
20069
20072
3809
3824
6961
7076
7077
7079
12811
12812
12815
20082
20083
20086
737
750
816
7076
7078
7080
7082
17284
17285
17288
17289
738
751
817
739
752
818
740
753
819
741
754
820
742
755
821
743
756
822
744
757
823
745
758
824
746
759
825
17291
17292
17295
17296
17298
17300
17302
3816
17216
17297
17298
17300
3688
3822
17297
17305
17306
17307
3696
3825
7084
7085
7086
3837
7077
17230
17311
17312
17314
751
765
830
17311
17313
17315
17317
752
766
831
753
767
832
754
768
833
755
769
834
756
770
835
757
771
836
758
772
837
759
773
838
760
774
839
17319
17321
17323
17237
17298
17318
17319
17321
3703
3830
3845
3847
12884
12885
12888
12889
17318
3708
3844
7090
7091
3713
3838
3854
17326
17327
17328
3858
17312
21627
21637
21638
21640
766
845
21637
21639
21641
21643
767
846
768
847
769
848
770
849
771
779
850
772
780
851
773
781
852
774
782
853
775
783
854
776
855
3866
3868
3870
17319
17320
17323
17324
3718
3845
3865
3866
3868
3723
3851
3865
7094
7095
7096
3859
3875
3877
3878
12946
12947
12950
20131
20132
20135
780
859
781
860
782
861
783
862
863
3745
3890
7111
7112
7113
3770
3882
3915
17333
17334
17335
3886
3921
7026
7129
7130
7132
12990
12991
12994
3891
7129
17258
17339
17340
17342
20166
20167
20170
3897
17265
17339
17346
17347
17349
3903
7033
7136
7137
7139
17346
20180
20181
20184
3907
7040
7136
7143
7144
7146
13079
13080
13083
3777
3911
7143
7151
7152
7153
3790
7160
7161
7162
3916
3941
17272
17353
17354
17356
20194
20195
20198
3922
17353
21633
21644
21645
21647
796
807
875
7130
7131
7134
7135
21644
21646
21648
21650
797
808
876
17340
17341
17344
17345
798
809
877
17347
17348
17351
17352
799
810
878
7137
7138
7141
7142
800
811
879
7144
7145
7148
7149
17361
17363
17365
3929
17279
17360
17361
17363
3797
3935
3949
3951
13178
13179
13182
17360
20213
20214
20217
20218
3803
3948
7167
7168
3811
7172
7173
7174
3942
3962
17286
17367
17368
17370
806
817
885
17354
17355
17358
17359
17367
17369
17371
17373
807
818
886
21645
21646
21649
21650
808
819
887
809
820
888
810
821
889
811
822
890
812
823
891
813
824
892
17361
17362
17365
17366
17375
17377
17379
3949
17293
17374
17375
17377
3818
3955
3970
3972
13267
13268
13271
13272
17374
20229
20230
20233
3963
3978
7079
7182
7183
7185
13299
13300
13303
20243
20244
20247
817
830
896
7182
7184
7186
7188
17368
17369
17372
17373
818
831
897
819
832
898
820
833
899
821
834
900
822
835
901
823
836
902
824
837
903
825
838
904
826
839
905
17375
17376
17379
17380
17382
17384
17386
3970
17300
17381
17382
17384
3832
3976
17381
17389
17390
17391
3840
3979
7190
7191
7192
3991
7183
17314
17395
17396
17398
831
845
910
17395
17397
17399
17401
832
846
911
833
847
912
834
848
913
835
849
914
836
850
915
837
851
916
838
852
917
839
853
918
840
854
919
17403
17405
17407
17321
17382
17402
17403
17405
3847
3984
3999
4001
13372
13373
13376
13377
17402
3852
3998
7196
7197
3861
3992
4008
17410
17411
17412
4012
17396
21640
21651
21652
21654
846
925
21651
21653
21655
21657
847
926
848
927
849
928
850
929
851
859
930
852
860
931
853
861
932
854
862
933
855
863
934
856
935
4020
4022
4024
17403
17404
17407
17408
3868
3999
4019
4020
4022
3873
4005
4019
7200
7201
7202
3878
4013
4029
4031
4032
13434
13435
13438
20292
20293
20296
860
861
862
863
3899
4044
7217
7218
7219
3924
4036
4069
17417
17418
17419
4040
4075
7132
7235
7236
7238
13478
13479
13482
4045
7235
17342
17423
17424
17426
20327
20328
20331
4051
17349
17423
17430
17431
17433
4057
7139
7242
7243
7245
17430
20341
20342
20345
4061
7146
7242
7249
7250
7252
13567
13568
13571
3931
4065
7249
7257
7258
7259
3944
7266
7267
7268
4070
4095
17356
17437
17438
17440
20355
20356
20359
4076
17437
21647
21658
21659
21661
876
887
7236
7237
7240
7241
21658
21660
21662
21664
877
888
949
17424
17425
17428
17429
878
889
950
17431
17432
17435
17436
879
890
951
7243
7244
7247
7248
880
891
952
7250
7251
7254
7255
17445
17447
17449
4083
17363
17444
17445
17447
3951
4089
4103
4105
13666
13667
13670
17444
20374
20375
20378
20379
3957
4102
7273
7274
3965
7278
7279
7280
4096
4116
17370
17451
17452
17454
886
897
17438
17439
17442
17443
17451
17453
17455
17457
887
898
21659
21660
21663
21664
888
899
889
900
958
890
901
959
891
902
960
892
903
961
893
904
962
17445
17446
17449
17450
17459
17461
17463
4103
17377
17458
17459
17461
3972
4109
4124
4126
13755
13756
13759
13760
17458
20390
20391
20394
4117
4132
7185
7288
7289
7291
13787
13788
13791
20404
20405
20408
897
910
7288
7290
7292
7294
17452
17453
17456
17457
898
911
899
912
900
913
901
914
966
902
915
967
903
916
968
904
917
969
905
918
970
906
919
971
17459
17460
17463
17464
17466
17468
17470
4124
17384
17465
17466
17468
3986
4130
17465
17473
17474
17475
3994
4133
7296
7297
7298
4145
7289
17398
17479
17480
17482
911
925
17479
17481
17483
17485
912
926
913
927
914
928
915
929
916
930
917
931
918
932
919
933
920
934
17487
17489
17491
17405
17466
17486
17487
17489
4001
4138
4153
13860
13861
13864
13865
17486
4006
4152
7302
7303
4015
4146
4156
17494
17495
17496
4160
17480
21654
21665
21666
21668
926
21665
21667
21669
21671
927
928
929
930
931
932
933
934
935
936
4168
17487
17488
17491
17492
4022
4153
4167
4168
4027
4155
4167
7306
7307
7308
4032
4161
4171
4173
4174
13895
13896
13899
20446
20447
20450
4053
4181
7323
7324
7325
4078
4177
4202
17501
17502
17503
4179
4205
7238
7341
7342
13926
13927
13930
4182
7341
17426
17507
17508
20474
20475
20478
4185
17433
17507
17513
17514
17516
4191
7245
7344
7345
7347
17513
20481
20482
20485
4195
7252
7344
7351
7352
7354
13987
13988
13991
4085
4199
7351
7359
7360
7361
4098
7368
7369
7370
4203
4220
17440
17520
20495
20496
20499
950
958
17508
17509
17511
17512
951
959
17514
17515
17518
17519
952
960
7345
7346
7349
7350
953
961
7352
7353
7356
7357
17522
17524
17526
4209
17447
17521
17522
17524
4105
4215
4224
4226
14062
14063
14066
17521
20500
20501
20504
20505
4111
4223
7375
7376
4119
7380
7381
7382
4221
4236
17454
17528
17529
959
966
960
967
961
968
962
969
963
970
17522
17523
17526
17527
17532
17534
17536
4224
17461
17531
17532
17534
4126
4230
4240
4242
14119
14120
14123
14124
17531
20516
20517
20520
4237
4248
7291
7390
7391
14151
14152
14155
20530
20531
20534
967
968
969
970
971
972
17532
17533
17536
17537
17539
17541
17542
4240
17468
17538
17539
17541
4140
4246
17538
17544
17545
17546
4148
4249
7394
7395
7396
4163
4255
4257
17551
17552
17553
4174
4260
4262
4263
14192
14193
14196
20544
20545
20548
4266
7347
7406
7407
20551
20552
20555
4268
7354
7406
7409
7410
14217
14218
14221
4211
4270
7409
7413
7414
7415
982
1015
1343
984
1018
2545
4272
1345
1346
986
1134
1350
1351
1352
1137
2547
4274
4275
988
1138
2548
4279
4280
4281
4286
4287
4288
991
1995
4293
4294
4295
1998
2551
4308
4309
4310
994
1999
2552
17558
17559
17560
1361
1362
1363
4315
4316
4317
997
2002
4322
4323
4324
999
2555
4335
4336
4337
2005
2556
17565
17566
17567
1001
2006
2557
4321
4324
4325
4326
4334
4337
4339
4340
17564
17567
17569
17570
1368
1369
1370
4342
4343
4344
1003
2009
4349
4350
4351
4356
4357
4358
2561
4363
4364
4365
1002
2012
2562
4341
4344
4345
4346
4355
4358
4360
4361
1005
2013
2563
4348
4351
4352
4353
4362
4365
4367
4368
17572
17573
17575
4370
4371
4372
1007
2016
4377
4378
4379
2019
2568
17572
17573
17574
1009
2020
2569
4392
4393
4394
4399
4400
4401
1011
1141
1379
1380
1381
1144
2572
4408
4409
4410
1012
1145
2573
4415
4416
4417
1385
1386
1024
2576
4421
4422
1016
1034
1393
1394
1395
1019
1038
2578
4429
4430
4431
4436
4437
4438
4443
4444
4445
1135
2037
4450
4451
4452
1137
2580
4463
4464
4465
2040
2581
17579
17580
17581
1139
2041
2582
4449
4452
4453
4454
4462
4465
4467
4468
17578
17581
17583
17584
1400
1401
1402
1143
4470
4471
4472
1028
2086
4477
4478
4479
1145
4484
4485
4486
2593
4491
4492
4493
1027
1147
2089
2594
4469
4472
4473
4474
4483
4486
4488
4489
1030
2090
2595
4476
4479
4480
4481
4490
4493
4495
4496
4500
4501
4503
1407
1408
1409
1157
1414
1415
1160
2600
4500
4501
4502
1161
2601
4507
4508
1035
1048
1423
1424
1425
1039
1052
2604
4516
4517
4518
4523
4524
4525
4530
4531
4532
2038
2100
4537
4538
4539
4544
4545
4546
1040
2040
2606
4429
4431
4433
4522
4525
4526
4527
4543
4545
4547
4549
1040
2103
2607
4516
4517
4519
4529
4532
4533
4534
4543
4546
4548
4549
2042
2104
2608
4536
4539
4540
4541
1159
4551
4552
4553
1176
1430
1431
1161
4558
4559
1163
1179
2620
17586
17587
17588
1180
2621
4563
4564
1049
1057
1436
1437
1438
1053
1060
2625
4569
4570
4571
4575
4576
4577
4582
4583
4584
2101
2177
4589
4590
4591
4596
4597
4598
1054
2103
2627
4516
4518
4520
4574
4577
4578
4579
4595
4597
4599
4601
2180
2628
17593
17594
17595
2105
2181
2629
4588
4591
4592
4593
17592
17595
17597
17598
1178
1442
1443
1444
1065
1182
2641
4605
4606
4607
4612
4613
4614
1449
1450
1070
2178
4619
4620
4621
2180
2643
4628
4629
4630
1073
2644
4635
4636
1074
2182
2645
17600
17601
17602
2256
4640
4641
4642
1194
1458
1459
1460
2258
17607
17608
17609
1197
2260
2649
4639
4642
4643
4644
4650
4653
4655
4656
17606
17609
17611
17612
1198
2650
4651
4652
4653
1071
1080
1464
1465
1075
1081
2654
4657
4658
4661
4662
4663
4668
4669
4670
1204
2269
4675
4676
4677
4682
4683
4684
1076
2271
2656
4660
4663
4664
4665
4681
4683
4685
4687
17600
17602
17604
1206
2657
4689
4690
4691
1207
2273
2658
4674
4677
4678
4679
4688
4691
4693
4694
1196
1467
1468
1198
4695
4696
1083
1200
2670
4698
4699
1470
1471
1206
2673
4701
4702
1218
1476
1477
1478
1220
4707
4708
4709
1088
1222
2715
4714
4715
4716
1211
17614
17615
17616
1091
1215
1231
1485
1797
1798
1801
1803
2507
4721
4722
4723
2509
4728
4729
4730
1090
2511
2733
4735
4736
4737
1235
4742
4743
4744
1238
1489
1811
1812
1815
1816
1093
1242
1244
1491
1825
1826
1829
1831
1248
1495
1839
1840
1843
1844
1095
1252
1254
1497
1853
1854
1857
1859
1258
1501
1867
1868
1871
1872
1097
1261
1263
1503
1881
1882
1885
1887
1266
1507
1895
1896
1899
1900
1099
1269
1271
1509
1909
1910
1913
1915
1286
1923
1924
1927
1928
1272
1292
1513
1930
1931
1934
1935
1275
1299
1516
1944
1945
1948
1949
1278
1306
1519
1958
1959
1962
1963
17043
17044
17047
1281
1313
17621
17622
17623
1284
1320
17628
17629
17630
1107
1108
1356
4285
4299
1107
1108
4286
4289
4301
1359
4291
1112
1113
1114
1360
4314
4328
1112
1114
1361
1113
1114
1357
4315
1364
4331
1358
4318
4332
1366
4320
1119
1120
1121
1367
4341
4355
1119
1121
1368
1120
1121
1362
4342
1119
1120
1363
4356
1371
4359
1365
4345
4360
1373
4347
1124
1125
1374
4369
4383
1124
1125
1369
4370
1372
4373
4385
1377
4375
1127
1375
4399
1376
4402
4406
1131
1132
1133
4435
4442
4456
1131
1133
4436
1132
1133
1388
4443
4439
4459
1389
4446
4460
4441
4448
4748
4749
4752
4755
4756
4759
1996
2044
4763
4764
4765
17634
17635
17636
1140
1998
2586
4279
4281
4283
4749
4750
4751
4753
17635
17637
17639
17640
1140
2047
2587
4756
4757
4758
4760
17636
17638
17639
17640
2000
2048
2588
4762
4765
4766
4767
4769
4770
4771
2018
4777
4778
4779
2079
4783
4784
4787
1145
1146
2020
2024
2025
2026
2028
4408
4410
4412
1147
4415
4417
4419
4484
4486
4488
4771
4772
4773
4774
6097
1147
2022
2082
4776
4779
4780
4781
6098
2083
4784
4785
4786
4788
6099
1149
1401
1407
1404
1410
4498
1154
1155
1156
4522
4529
4543
1154
1156
1390
4523
1155
1156
1418
4530
1154
1155
4544
1391
4526
4547
1419
4533
4548
4528
4535
4790
4791
4792
2088
4798
4799
4800
2163
4804
4805
4808
1162
2090
2094
2095
2096
2098
4500
4502
4504
17642
17644
17646
17647
2613
17641
17642
17643
1163
2092
2166
2614
4797
4800
4801
4802
2167
2615
4805
4806
4807
4809
17586
17587
17589
17643
17645
17646
17647
1167
1168
4550
4557
1167
1168
4551
4791
1167
4558
4792
4554
4560
4794
4556
1173
1174
1175
4574
4581
4595
1173
1175
1420
4575
1174
1175
1434
4582
1173
1174
4596
1421
4578
4599
1435
4585
4600
4580
4587
4811
4812
4813
2165
4819
4820
4821
2254
4825
4826
4829
1181
2167
2171
2172
2173
2175
4833
4835
4837
4838
17586
17588
17590
2634
4832
4833
4834
1182
2169
2257
2635
4818
4821
4822
4823
2258
2636
4605
4606
4608
4826
4827
4828
4830
4834
4836
4837
4838
1184
1442
4812
1445
4603
4815
1186
1448
4611
4625
1452
4617
1191
1192
1193
4660
4667
4681
1191
1193
1449
4661
1192
1193
4668
1191
1192
1450
4682
1451
4664
4685
4671
4686
4666
4673
4839
4840
4841
2347
4847
4848
4849
1216
4853
4854
4857
1199
2349
2353
2354
2355
2357
4861
4863
4865
4866
2663
4860
4861
4862
1219
2351
2664
4846
4849
4850
4851
17651
17652
17653
17654
1220
2665
17648
17649
17652
1203
1467
4840
1203
4695
4841
1469
4697
4843
4867
4868
4871
1210
4878
4880
4881
17655
17656
17657
1208
1212
2675
4868
4869
4870
4872
17656
17658
17660
17661
1214
2676
4878
4879
4882
4883
17664
17665
2270
4886
4887
4888
4892
4893
4896
1529
4899
4900
4903
17614
17616
17617
1213
1214
2273
2366
2367
2370
2371
1236
1531
2274
4885
4888
4889
4890
17669
17670
17671
17672
1237
4893
4894
4895
4897
17667
17668
17669
17672
1238
1533
17666
17667
17670
4906
4907
4910
2445
4914
4915
4916
2505
4920
4921
4924
1220
1221
2447
2450
2453
2454
2455
1222
2708
4707
4709
4711
4907
4908
4909
4911
17648
17652
17653
1222
2449
2508
2709
4913
4916
4917
4918
2509
2710
4714
4715
4717
4921
4922
4923
4925
1227
1228
1229
1475
4706
1227
1229
1228
1229
1476
4906
1227
1228
1468
4707
4907
4710
1479
4711
4908
1481
1530
17674
17675
17676
1533
1643
1647
5221
5223
5224
5226
1243
1534
2458
4935
4936
14267
14268
14271
14273
2507
4941
4942
4945
1235
2510
2530
2531
2534
2535
2536
2511
4742
4744
4746
4942
4943
4944
4946
6194
1240
16465
17683
17684
17685
17686
1241
2676
17680
17682
17683
17685
1543
17680
17681
17684
1240
1241
2678
16468
1246
1545
16469
17690
17691
17692
17693
1247
2679
17688
17689
17690
17693
1248
1547
17687
17688
17691
1544
4949
4951
14295
14296
14299
14300
1547
1650
1654
5249
5251
5252
5254
1253
1548
2719
4956
4957
14323
14324
14327
14329
1250
16713
17697
17698
17699
17700
1251
2868
17694
17696
17697
17699
1557
17694
17695
17698
1250
1251
2870
16716
1256
1559
16717
17704
17705
17706
17707
1257
2871
17702
17703
17704
17707
1258
1561
17701
17702
17705
1558
4963
4965
14351
14352
14355
14356
1561
1657
1661
5277
5279
5280
5282
1262
1562
2911
4970
4971
14379
14380
14383
14385
1260
16816
17711
17712
17713
17714
3060
17708
17710
17711
17713
1571
17708
17709
17712
1260
3062
16819
1265
1573
16820
17718
17719
17720
17721
1266
1575
17715
17716
17719
1572
4977
4979
14407
14408
14411
14412
1575
1664
1668
5305
5307
5308
5310
1270
1576
3102
4984
4985
14435
14436
14439
14441
1268
16919
17725
17726
17727
17728
1585
17722
17723
17726
1268
3252
16922
1285
1587
16923
17732
17733
17734
17735
1286
1589
17729
17730
17733
1586
4991
4993
14463
14464
14467
14468
1589
1671
1672
5333
5336
5337
5338
1274
1590
1678
1682
5361
5363
5364
5367
1593
3103
4998
5000
14491
14492
14495
14496
1596
1685
1689
5389
5391
5392
5394
1277
1597
1692
1696
5417
5419
5420
5423
1600
3106
5005
5007
14519
14520
14523
14524
16940
16941
16943
1603
1699
1703
5445
5447
5448
5450
1280
1604
1706
1710
5473
5475
5476
5479
17744
17747
17749
1607
3109
17737
17738
17739
1610
17743
17744
17747
1283
1611
17750
17751
17754
1614
3112
17758
17759
17760
1617
17764
17765
17768
1618
1627
17771
17772
17775
1288
17022
17781
17782
17783
17784
1291
17778
17779
17782
1288
3425
17025
1289
1293
17026
21585
1295
17779
17780
17781
17784
21586
1294
1588
17795
17796
17797
17798
21531
1589
17785
17786
17789
1298
1590
17792
17793
17796
1294
1295
21534
1296
1300
21535
21590
1296
17786
17787
17788
17791
21591
1302
17793
17794
17795
17798
21592
1301
1595
17809
17810
17811
17812
21538
1596
17799
17800
17803
1305
1597
17806
17807
17810
1301
1302
21541
1303
1307
21542
21597
1303
17800
17801
17802
17805
21598
1309
17807
17808
17809
17812
21599
1308
1602
17823
17824
17825
17826
21545
1603
17813
17814
17817
1312
1604
17820
17821
17824
1308
1309
21548
1310
1314
21549
21604
1310
17814
17815
17816
17819
21605
1316
17821
17822
17823
17826
21606
1315
1609
17837
17838
17839
17840
21552
1610
17042
17044
17046
17827
17828
17831
1319
1611
17621
17623
17625
17834
17835
17838
1315
1316
21555
1317
1321
17144
21556
1317
17145
17828
17829
17830
17833
1323
17146
17835
17836
17837
17840
1322
1616
17851
17852
17853
17854
21559
1617
17049
17051
17053
17841
17842
17845
1618
1630
17628
17630
17632
17848
17849
17852
1322
1323
21562
1324
1632
17151
21563
1324
17152
17842
17843
17844
17847
1634
17153
17849
17850
17851
17854
1513
1672
1732
1734
1736
1737
17785
1512
1673
1726
1727
1728
21672
1515
1675
1733
1734
1735
21674
1516
1685
1746
1748
1750
1751
17799
1514
1686
1740
1741
1742
21676
1518
1687
1747
1748
1749
21678
1519
1699
1760
1762
1764
1765
17813
1517
1700
1754
1755
1756
21680
1521
1701
1761
1762
1763
21682
1522
1713
17827
17856
17857
17858
1336
5020
5021
17041
17044
17046
17047
17828
1524
5017
5018
5019
17829
17855
17858
17860
17861
1525
1719
17841
17863
17864
17865
1339
1523
5026
5027
5028
5029
17048
17051
17053
17054
17842
1527
5022
5023
5024
5025
17843
17862
17865
17867
17868
1628
1631
17870
17871
17872
1634
17876
17877
17880
1635
17057
17158
17869
17872
17874
17875
17879
17880
17881
17882
1346
4272
4438
1347
1348
1349
4273
1347
1348
1351
1988
1347
1990
4274
1354
1991
4276
1355
1353
1354
1355
4278
1353
1355
4286
1354
1355
4748
1353
1354
4279
4288
4749
4282
4289
4283
4750
1358
1359
4292
4303
1358
1359
4293
4296
4305
4298
1364
1365
1366
4321
4334
1364
1366
1365
1366
4322
1364
1365
4335
4338
4325
4339
4327
1371
1372
1373
4348
4362
1371
1373
1372
1373
4349
1371
1372
4363
4366
4352
4367
4354
1376
1377
4376
4387
1376
1377
4377
4380
4389
4382
1382
1383
1384
4398
4414
1382
1384
1383
1384
4400
4769
1382
1383
1386
4415
4771
4418
4403
4419
4772
4404
1387
2031
1387
2033
4421
2034
4423
1389
1393
1396
4425
1391
1394
1397
4427
1396
1397
1398
4428
1396
1398
4443
1397
1398
4523
1396
1397
4429
4445
4525
4432
4446
4433
4526
1403
1404
1405
2030
4476
4490
1403
1405
2031
1404
1405
4477
1403
1404
4491
2034
4494
4480
4495
2036
4482
1410
1411
1412
1413
4499
1410
1412
4477
1411
1412
1414
2093
1410
1411
2094
4479
4500
4480
4503
1416
2095
4504
1417
1416
1417
4506
1416
1417
4790
1416
4507
4792
4509
4793
1419
1423
1426
4512
1421
1424
1427
4514
1426
1427
1428
4515
1426
1428
4530
1427
1428
4575
1426
1427
4516
4532
4577
4519
4533
4520
4578
1432
1433
4550
4562
1432
1433
4552
4811
1432
4563
4813
4555
4565
4814
4556
1435
1436
1439
4568
1439
4582
1440
4612
1439
1440
4569
4584
4614
4572
4585
4573
4615
1445
1446
1447
4604
1445
1447
4825
1446
1447
2262
1445
1446
2264
4605
4826
4608
4827
2265
4609
1451
1452
4618
4634
1451
1452
4620
1451
4635
4623
4637
4624
1455
1456
1457
2261
4646
1455
1456
2262
2265
4648
1463
2267
1461
1462
1463
4639
4650
1461
1463
1462
1463
4641
4839
1461
1462
4651
4841
4654
4644
4655
4842
4645
1466
4668
1466
1471
4657
4670
4659
4671
1469
4853
1469
4698
4854
4700
4855
1472
1473
2360
1472
2361
4701
1474
2363
4703
1474
4874
4705
4875
1479
1480
1481
4713
1479
1481
4920
1480
1481
2513
1479
1480
2515
4714
4921
4717
4922
2516
4718
1535
1784
1785
1786
21684
1485
1536
1790
1793
1794
1796
4900
17613
17616
17617
17618
1487
1537
1791
1792
1793
21686
1643
1804
1806
1808
1809
17666
1488
1644
1798
1799
1800
21688
1645
1805
1806
1807
21690
1549
1812
1813
1814
21692
1491
1550
1818
1821
1822
1824
17681
1493
1551
1819
1820
1821
21694
1650
1832
1834
1836
1837
17687
1494
1651
1826
1827
1828
21696
1652
1833
1834
1835
21698
1563
1840
1841
1842
21700
1497
1564
1846
1849
1850
1852
17695
1499
1565
1847
1848
1849
21702
1657
1860
1862
1864
1865
17701
1500
1658
1854
1855
1856
21704
1659
1861
1862
1863
21706
1577
1868
1869
1870
21708
1503
1578
1874
1877
1878
1880
17709
1505
1579
1875
1876
1877
21710
1664
1888
1890
1892
1893
17715
1506
1665
1882
1883
1884
21712
1666
1889
1890
1891
21714
1619
1896
1897
1898
21716
1509
1620
1902
1905
1906
1908
17723
1511
1621
1903
1904
1905
21718
1671
1916
1918
1920
1921
17729
1512
1673
1910
1911
1912
21720
1674
1917
1918
1919
21721
1924
1925
1926
21723
1678
1937
1939
1941
1942
17792
1679
1931
1932
1933
21724
1680
1938
1939
1940
21726
1692
1951
1953
1955
1956
17806
1693
1945
1946
1947
21728
1694
1952
1953
1954
21730
1706
1965
1967
1969
1970
17820
1707
1959
1960
1961
21732
1708
1966
1967
1968
21734
1716
17834
17884
17885
17886
1524
5034
5035
5036
5037
17620
17623
17625
17626
17835
5030
5031
5032
5033
17836
17883
17886
17888
17889
1722
17848
17891
17892
17893
1527
1637
5042
5043
5044
5045
17627
17630
17632
17633
17849
5038
5039
5040
5041
17850
17890
17893
17895
17896
2277
5047
5048
5049
5053
5054
5055
16191
16194
16195
2381
5060
5061
5064
17674
17676
17678
1532
2280
2374
2375
2376
2378
17898
17900
17902
17903
1542
2281
2383
5046
5049
5050
5051
17907
17908
17909
17910
1543
17897
17898
17899
1544
2385
17904
17905
17908
5067
5068
5071
21736
1540
1643
5053
5075
5076
5077
5080
16191
16192
16193
16195
1645
5074
5075
5078
21739
1646
4927
5082
5083
5084
21742
4928
5055
17912
17913
17914
1648
4931
5057
5081
5083
5085
5087
17911
17913
17915
17916
4933
5089
5090
5091
21748
1546
16472
17928
17929
17930
17931
17918
17919
17920
2681
17925
17926
17929
1546
16475
17933
17935
17937
17938
1556
2683
16476
17942
17943
17944
17945
1557
17932
17933
17934
1558
2685
17939
17940
17943
1644
5095
5096
5099
21754
1555
1650
5103
5104
5105
5108
17918
1652
5102
5103
5106
21757
1653
4948
5110
5111
5112
21760
1555
1647
4949
5116
5119
5120
5121
17920
1649
4952
5117
5118
5119
21766
1655
4953
5109
5112
5113
5115
17922
1560
17956
17957
17958
17959
21363
17946
17947
17948
2873
17953
17954
17957
1560
17961
17963
17965
17966
21366
1570
2875
17970
17971
17972
17973
21367
1571
17960
17961
17962
1572
2877
17967
17968
17971
1651
5123
5124
5127
21772
1569
1657
5131
5132
5133
5136
17946
1659
5130
5131
5134
21775
1660
4962
5138
5139
5140
21778
1569
1654
4963
5144
5147
5148
5149
17948
1656
4966
5145
5146
5147
21784
1662
4967
5137
5140
5141
5143
17950
1574
17984
17985
17986
17987
21419
17974
17975
17976
3064
17981
17982
17985
1574
17989
17991
17993
17994
21422
1584
3066
17998
17999
18000
18001
21423
1585
17988
17989
17990
1586
3068
17995
17996
17999
1658
5151
5152
5155
21790
1583
1664
5159
5160
5161
5164
17974
1666
5158
5159
5162
21793
1667
4976
5166
5167
5168
21796
1583
1661
4977
5172
5175
5176
5177
17976
1663
4980
5173
5174
5175
21802
1669
4981
5165
5168
5169
5171
17978
1588
18012
18013
18014
18015
21475
18002
18003
18004
1592
18009
18010
18013
1588
18018
18019
18021
18022
21478
1594
18025
18027
18028
18029
21479
18016
18017
18018
1596
18023
18024
18025
1595
3067
18040
18041
18042
18043
21482
3068
18030
18031
18034
1599
3069
18037
18038
18041
1595
18046
18048
18049
18050
21485
1601
18053
18055
18056
18057
21486
18044
18045
18046
1603
18051
18052
18053
1602
3074
18068
18069
18070
18071
21489
3075
18058
18059
18062
1606
3076
18065
18066
18069
1602
18074
18076
18077
18078
21492
1608
18081
18083
18084
18085
21493
18072
18073
18074
1610
18079
18080
18081
1609
3081
18096
18097
18098
18099
21496
3082
16939
16941
16944
18086
18087
18090
1613
3083
17737
17739
17742
18093
18094
18097
1609
18102
18104
18105
18106
21499
1615
18109
18111
18112
18113
21500
17743
17747
17748
18100
18101
18102
1617
17750
17754
17755
18107
18108
18109
1616
3088
18124
18125
18126
18127
21503
3089
16946
16948
16951
18114
18115
18118
3090
3254
17758
17760
17763
18121
18122
18125
1616
18130
18132
18133
18134
21506
3256
18137
18139
18140
18141
21507
17764
17768
17769
18128
18129
18130
3258
17771
17775
17776
18135
18136
18137
1665
5179
5180
5183
21808
1625
1671
5187
5188
5189
5192
18002
1674
5186
5187
5190
21811
1676
4990
5194
5195
5196
21814
1625
1668
4991
5200
5203
5204
5205
18004
1670
4994
5201
5202
5203
21819
1677
4995
5193
5196
5197
5199
18006
3115
3255
18143
18144
18145
3258
5208
5209
14572
14575
14576
14577
17772
17775
17777
3259
16954
18149
18150
18153
1631
1633
3257
21566
3258
18156
18157
18158
1635
3259
17870
17872
17874
18158
18160
18161
18162
21572
1633
1634
21569
1635
21570
21574
21611
1635
17876
17880
17881
18156
18159
18160
18161
21612
21576
21613
5207
5214
5215
5218
1642
17876
18156
18164
18165
18166
18169
17878
18163
18164
18167
1641
1642
17869
17879
18166
18167
18168
18169
1641
1642
5209
17870
18158
5211
5217
5218
5219
5220
17873
17874
17881
18160
1648
5228
5230
5231
5233
17897
5221
5222
5225
21825
5228
5229
5232
21828
4934
5236
5237
5238
21831
1648
4936
5242
5245
5246
5247
17899
4938
5235
5237
5239
5240
17901
4940
5243
5244
5245
21837
1655
5256
5258
5259
5261
17932
5249
5250
5253
21843
5256
5257
5260
21846
4955
5264
5265
5266
21849
1655
4957
5270
5273
5274
5275
17934
4959
5263
5265
5267
5268
17936
4961
5271
5272
5273
21855
1662
5284
5286
5287
5289
17960
5277
5278
5281
21861
5284
5285
5288
21864
4969
5292
5293
5294
21867
1662
4971
5298
5301
5302
5303
17962
4973
5291
5293
5295
5296
17964
4975
5299
5300
5301
21873
1669
5312
5314
5315
5317
17988
5305
5306
5309
21879
5312
5313
5316
21882
4983
5320
5321
5322
21885
1669
4985
5326
5329
5330
5331
17990
4987
5319
5321
5323
5324
17992
4989
5327
5328
5329
21891
1677
5340
5342
5343
5345
18016
1677
1678
5347
5349
5350
5352
18017
5333
5334
5335
21897
5340
5341
5344
21899
1680
5347
5348
5351
21902
1681
5355
5356
5357
21905
1683
5354
5357
5358
5359
18020
1683
5368
5370
5371
5373
18023
1686
5361
5362
5365
21910
5368
5369
5372
21913
4990
5376
5377
5378
21916
1683
1689
4993
5382
5385
5386
5388
18024
4995
5375
5377
5379
5380
18026
1691
4996
5383
5384
5385
21922
1690
1692
5396
5398
5399
5401
18044
5389
5390
5393
21928
1694
5396
5397
5400
21931
1695
3270
5404
5405
5406
21934
1690
3273
5410
5413
5414
5415
18045
1697
3275
5403
5405
5407
5408
18047
3276
5411
5412
5413
21940
1697
5424
5426
5427
5429
18051
1700
5417
5418
5421
21946
5424
5425
5428
21949
4997
5432
5433
5434
21952
1697
1703
5000
5438
5441
5442
5444
18052
5002
5431
5433
5435
5436
18054
1705
5003
5439
5440
5441
21958
1704
1706
5452
5454
5455
5457
18072
5445
5446
5449
21964
1708
5452
5453
5456
21967
1709
3277
5460
5461
5462
21970
1704
3280
5466
5469
5470
5471
18073
1711
3282
5459
5461
5463
5464
18075
3283
5467
5468
5469
21976
1711
5480
5482
5483
5485
18079
5473
5474
5477
21982
5480
5481
5484
21985
5004
5488
5489
5490
21988
1711
1714
5007
5494
5497
5498
5500
18080
18178
18180
18183
5009
5487
5489
5491
5492
18082
5010
5495
5496
5497
21994
1716
18100
18170
18171
18174
3285
18101
18178
18179
18180
1718
3286
18103
18185
18186
18187
18107
18191
18192
18195
1720
5012
18108
18199
18200
18201
5013
18110
18206
18207
18208
1722
18128
18212
18213
18216
3288
18129
18220
18221
18222
1724
3289
18131
18227
18228
18229
18135
18233
18234
18237
5015
5208
18136
18241
18242
18243
5016
18138
18248
18249
18250
1729
1730
1731
1732
1729
1730
1924
5333
1729
1731
1735
5335
22000
1730
1731
1926
22002
1736
5336
1927
1738
22003
1736
1737
1738
1737
1738
1938
22004
1736
1737
1939
5347
1736
1738
5348
22005
5349
1942
22007
1743
1744
1745
1746
1743
1744
1931
5389
1743
1745
1749
5390
22008
1744
1745
1933
22010
1750
5391
1935
1752
22011
1750
1751
1752
1751
1752
1952
22012
1750
1751
1953
5396
1750
1752
5397
22013
5398
1956
22015
1757
1758
1759
1760
1757
1758
1945
5445
1757
1759
1763
5446
22016
1758
1759
1947
22018
1764
5447
1949
1766
22019
1764
1765
1766
1765
1766
1966
22020
1764
1765
1967
5452
1764
1766
5453
22021
5454
1970
22023
1769
1770
1771
5020
17041
22024
1769
1770
1959
5501
17043
30786
1773
5502
17045
30863
1963
5021
17047
30865
1773
1774
5017
17855
22025
1773
1774
1977
5505
17857
30788
5506
17859
30867
1979
5019
17861
30866
1777
1778
1779
5026
17048
22026
1777
1778
1973
5533
17050
30790
1781
5534
17052
30869
1975
5028
17054
30871
1781
1782
5022
17862
22027
1781
1782
1985
5537
17864
30792
5538
17866
30873
1987
5024
17868
30872
1787
1788
1789
1790
17613
1787
1789
5067
17615
1787
1788
1792
5068
22028
1788
1789
22030
1794
5069
17618
1795
22031
17619
1794
1795
1796
1795
1796
1805
22032
1794
1795
5074
22033
1794
1796
1806
5075
5076
22035
1809
1801
1802
1803
1804
1801
1803
1812
5221
1801
1802
1807
5222
22036
1802
1803
1813
22038
1808
5223
1810
22039
1816
1808
1809
1810
1809
1810
22040
1808
1809
5228
1808
1810
5229
22041
5230
22043
1815
1816
1817
1818
1815
1816
5095
1816
1817
22044
1815
1817
1820
5096
22045
1822
5097
1823
22047
1822
1823
1824
1823
1824
1833
22048
1822
1823
5102
22049
1822
1824
1834
5103
5104
22051
1837
1829
1830
1831
1832
1829
1831
1840
5249
1829
1830
1835
5250
22052
1830
1831
1841
22054
1836
5251
1838
22055
1844
1836
1837
1838
1837
1838
22056
1836
1837
5256
1836
1838
5257
22057
5258
22059
1843
1844
1845
1846
1843
1844
5123
1844
1845
22060
1843
1845
1848
5124
22061
1850
5125
1851
22063
1850
1851
1852
1851
1852
1861
22064
1850
1851
5130
22065
1850
1852
1862
5131
5132
22067
1865
1857
1858
1859
1860
1857
1859
1868
5277
1857
1858
1863
5278
22068
1858
1859
1869
22070
1864
5279
1866
22071
1872
1864
1865
1866
1865
1866
22072
1864
1865
5284
1864
1866
5285
22073
5286
22075
1871
1872
1873
1874
1871
1872
5151
1872
1873
22076
1871
1873
1876
5152
22077
1878
5153
1879
22079
1878
1879
1880
1879
1880
1889
22080
1878
1879
5158
22081
1878
1880
1890
5159
5160
22083
1893
1885
1886
1887
1888
1885
1887
1896
5305
1885
1886
1891
5306
22084
1886
1887
1897
22086
1892
5307
1894
22087
1900
1892
1893
1894
1893
1894
22088
1892
1893
5312
1892
1894
5313
22089
5314
22091
1899
1900
1901
1902
1899
1900
5179
1900
1901
22092
1899
1901
1904
5180
22093
1906
5181
1907
22095
1906
1907
1908
1907
1908
1917
22096
1906
1907
5186
22097
1906
1908
1918
5187
5188
22099
1921
1913
1914
1915
1916
1913
1915
1924
5333
1913
1914
1919
5334
22100
1914
1915
1925
22102
1920
5337
1922
22103
1928
1920
1921
1922
1921
1922
22104
1920
1921
5340
1920
1922
5341
22105
5342
22107
1927
1928
1929
1927
1928
1928
1929
1927
1929
22108
1934
1935
1936
1937
1934
1935
5361
1934
1936
1940
5362
22109
1935
1936
22111
1941
5363
1943
22112
1941
1942
1943
1942
1943
22113
1941
1942
5368
1941
1943
5369
22114
5370
22116
1948
1949
1950
1951
1948
1949
5417
1948
1950
1954
5418
22117
1949
1950
22119
1955
5419
1957
22120
1955
1956
1957
1956
1957
22121
1955
1956
5424
1955
1957
5425
22122
5426
22124
1962
1963
1964
1965
1962
1963
5473
1962
1964
1968
5474
22125
1963
1964
22127
1969
5475
1971
22128
1969
1970
1971
1970
1971
22129
1969
1970
5480
1969
1971
5481
22130
5482
22132
1974
1975
1976
5034
17620
22133
1974
1975
5517
17622
30794
1978
5518
17624
30875
5036
17626
30877
1978
1979
5030
17883
22134
1978
1979
5521
17885
30796
5522
17887
30879
5032
17889
30878
1982
1983
1984
5042
17627
22135
1982
1983
5214
5549
17629
30798
1986
5550
17631
30881
5044
5216
17633
30883
1986
1987
5038
17890
22136
1986
1987
5553
17892
30799
5554
17894
30885
5040
17896
30884
1991
1994
4748
1992
1994
4437
4755
1991
1992
4438
17634
1993
4750
17637
1993
4440
4757
17638
1994
4751
4758
17639
4754
4761
7419
7420
7423
7426
7427
7430
2003
2051
7434
7435
7436
1999
2000
4308
4310
4312
5566
5567
5569
5570
2001
2005
6083
7420
7421
7422
7424
17558
17560
17562
2001
2054
6084
7427
7428
7429
7431
2007
2055
6085
7433
7436
7437
7438
7440
7441
7444
7448
7449
7450
2010
2058
7455
7456
7457
2006
2007
5573
5574
5575
5577
17565
17567
17569
2008
2012
7441
7442
7443
7445
16239
2008
2061
7447
7450
7451
7452
16240
2014
2062
7454
7457
7458
7459
16241
7461
7462
7465
7469
7470
7471
2017
2065
7476
7477
7478
2013
2014
5580
5581
5582
5584
2015
2019
7462
7463
7464
7466
16246
2015
2068
7468
7471
7472
7473
16247
2021
2069
7475
7478
7479
7480
16248
7482
7483
7485
7490
7491
7492
2072
7496
7497
7500
2020
2021
5587
5588
5589
5591
17572
17574
17576
2022
4392
4394
4396
6090
7483
7484
7486
7487
2022
2075
6091
7489
7492
7493
7494
2076
6092
7497
7498
7499
7501
2025
2029
4400
4769
2025
2028
4401
7483
2026
4403
4772
2028
2029
4774
4776
2028
2029
4777
7485
4780
7486
4775
4782
2034
2035
2036
4469
4483
2034
2036
2035
2036
4470
4770
2034
2035
4484
4771
4487
4473
4488
4773
4475
7503
7504
7507
7510
7511
7514
2045
2107
7518
7519
7520
2041
2042
5595
5596
5597
5598
17579
17581
17583
2043
2047
7504
7505
7506
7508
16253
2043
2110
7511
7512
7513
7515
16254
2049
2111
7517
7520
7521
7522
16255
7524
7525
7528
7532
7533
7534
2052
2114
7539
7540
7541
2048
2049
5600
5602
5603
5605
2050
2054
7525
7526
7527
7529
16260
2050
2117
7531
7534
7535
7536
16261
2056
2118
7538
7541
7542
7543
16262
7546
7547
7548
7553
7554
7555
2059
2121
7560
7561
7562
2055
2056
5607
5608
5611
5612
2057
2061
7545
7548
7549
7550
16267
2057
2124
7552
7555
7556
7557
16268
2063
2125
7559
7562
7563
7564
16269
7567
7568
7569
7574
7575
7576
2066
2128
7581
7582
7583
2062
2063
5614
5617
5618
5619
2064
2068
7566
7569
7570
7571
16274
2064
2131
7573
7576
7577
7578
16275
2070
2132
7580
7583
7584
7585
16276
7588
7589
7590
7595
7596
7597
2073
2135
7602
7603
7604
2069
2070
5621
5624
5625
5626
2071
2075
7587
7590
7591
7592
16281
2071
2138
7594
7597
7598
7599
16282
2077
2139
7601
7604
7605
7606
16283
7608
7610
7611
7616
7617
7618
2080
2142
7623
7624
7625
2076
2077
5628
5631
5632
5633
2078
2082
7608
7609
7612
7613
16288
2078
2145
7615
7618
7619
7620
16289
2084
2146
7622
7625
7626
7627
16290
7629
7630
7633
7637
7638
7639
2087
2149
7644
7645
7646
2083
2084
5636
5637
5638
5640
2085
2089
7629
7631
7632
7634
16295
2085
2152
7636
7639
7640
7641
16296
2091
2153
7643
7646
7647
7648
16297
7650
7651
7653
7658
7659
7660
2156
7664
7665
7668
2090
2091
5643
5644
5645
5647
2092
7651
7652
7654
7655
16302
2092
2159
7657
7660
7661
7662
16303
2160
7665
7666
7667
7669
16304
2095
2099
4790
2095
2098
7651
2096
4793
2098
2099
4795
4797
2098
2099
4798
7653
4801
7654
4796
4803
7671
7672
7675
7678
7679
7682
2108
2184
7686
7687
7688
2104
2105
5651
5652
5653
5654
2106
2110
7672
7673
7674
7676
16309
2106
2187
7679
7680
7681
7683
16310
2112
2188
7685
7688
7689
7690
16311
7693
7694
7695
7700
7701
7702
2115
2191
7707
7708
7709
2111
2112
5656
5657
5660
5661
2113
2117
7692
7695
7696
7697
16316
2113
2194
7699
7702
7703
7704
16317
2119
2195
7706
7709
7710
7711
16318
7714
7715
7716
7721
7722
7723
2122
2198
7728
7729
7730
2118
2119
5663
5666
5667
5668
2120
2124
7713
7716
7717
7718
16323
2120
2201
7720
7723
7724
7725
16324
2126
2202
7727
7730
7731
7732
16325
7735
7736
7737
7742
7743
7744
2129
2205
7749
7750
7751
2125
2126
5670
5673
5674
5675
2127
2131
7734
7737
7738
7739
16330
2127
2208
7741
7744
7745
7746
16331
2133
2209
7748
7751
7752
7753
16332
7756
7757
7758
7763
7764
7765
2136
2212
7770
7771
7772
2132
2133
5677
5680
5681
5682
2134
2138
7755
7758
7759
7760
16337
2134
2215
7762
7765
7766
7767
16338
2140
2216
7769
7772
7773
7774
16339
7777
7778
7779
7784
7785
7786
2143
2219
7791
7792
7793
2139
2140
5684
5687
5688
5689
2141
2145
7776
7779
7780
7781
16344
2141
2222
7783
7786
7787
7788
16345
2147
2223
7790
7793
7794
7795
16346
7798
7799
7800
7805
7806
7807
2150
2226
7812
7813
7814
2146
2147
5691
5694
5695
5696
2148
2152
7797
7800
7801
7802
16351
2148
2229
7804
7807
7808
7809
16352
2154
2230
7811
7814
7815
7816
16353
7819
7820
7821
7826
7827
7828
2157
2233
7833
7834
7835
2153
2154
5698
5701
5702
5703
2155
2159
7818
7821
7822
7823
16358
2155
2236
7825
7828
7829
7830
16359
2161
2237
7832
7835
7836
7837
16360
7839
7841
7842
7847
7848
7849
2164
2240
7854
7855
7856
2160
2161
5705
5708
5709
5710
2162
2166
7839
7840
7843
7844
16365
2162
2243
7846
7849
7850
7851
16366
2168
2244
7853
7856
7857
7858
16367
7860
7861
7862
7868
7869
7870
2247
7874
7875
7878
2167
2168
5713
5714
5715
5717
2169
7860
7863
7864
7865
16372
2169
2250
7867
7870
7871
7872
16373
2251
7875
7876
7877
7879
16374
2172
2176
4552
4811
2172
2175
4553
7860
2173
4555
4814
2175
2176
4816
4818
2175
2176
4819
7862
4822
7864
4817
4824
7881
7882
7885
7888
7889
7892
2185
2268
7896
7897
7898
2181
2182
4628
4630
4632
5721
5722
5723
5724
17593
17595
17597
2183
2187
6136
7882
7883
7884
7886
2183
2271
6137
7889
7890
7891
7893
17600
17601
17603
2189
2272
6138
7895
7898
7899
7900
7903
7904
7905
7910
7911
7912
2192
2275
7917
7918
7919
2188
2189
5726
5727
5730
5731
2190
2194
7902
7905
7906
7907
16379
2190
2278
7909
7912
7913
7914
16380
2196
2279
7916
7919
7920
7921
16381
7924
7925
7926
7931
7932
7933
2199
2282
7938
7939
7940
2195
2196
5733
5736
5737
5738
2197
2201
7923
7926
7927
7928
16386
2197
2285
7930
7933
7934
7935
16387
2203
2286
7937
7940
7941
7942
16388
7945
7946
7947
7952
7953
7954
2206
2289
7959
7960
7961
2202
2203
5740
5743
5744
5745
2204
2208
7944
7947
7948
7949
16393
2204
2292
7951
7954
7955
7956
16394
2210
2293
7958
7961
7962
7963
16395
7966
7967
7968
7973
7974
7975
2213
2296
7980
7981
7982
2209
2210
5747
5750
5751
5752
2211
2215
7965
7968
7969
7970
16400
2211
2299
7972
7975
7976
7977
16401
2217
2300
7979
7982
7983
7984
16402
7987
7988
7989
7994
7995
7996
2220
2303
8001
8002
8003
2216
2217
5754
5757
5758
5759
2218
2222
7986
7989
7990
7991
16407
2218
2306
7993
7996
7997
7998
16408
2224
2307
8000
8003
8004
8005
16409
8008
8009
8010
8015
8016
8017
2227
2310
8022
8023
8024
2223
2224
5761
5764
5765
5766
2225
2229
8007
8010
8011
8012
16414
2225
2313
8014
8017
8018
8019
16415
2231
2314
8021
8024
8025
8026
16416
8029
8030
8031
8036
8037
8038
2234
2317
8043
8044
8045
2230
2231
5768
5771
5772
5773
2232
2236
8028
8031
8032
8033
16421
2232
2320
8035
8038
8039
8040
16422
2238
2321
8042
8045
8046
8047
16423
8050
8051
8052
8057
8058
8059
2241
2324
8064
8065
8066
2237
2238
5775
5778
5779
5780
2239
2243
8049
8052
8053
8054
16428
2239
2327
8056
8059
8060
8061
16429
2245
2328
8063
8066
8067
8068
16430
8071
8072
8073
8078
8079
8080
2248
2331
8085
8086
8087
2244
2245
5782
5785
5786
5787
2246
2250
8070
8073
8074
8075
16435
2246
2334
8077
8080
8081
8082
16436
2252
2335
8084
8087
8088
8089
16437
8091
8093
8094
8099
8100
8101
2255
2338
8106
8107
8108
2251
2252
5789
5792
5793
5794
2253
2257
8091
8092
8095
8096
16442
2253
2341
8098
8101
8102
8103
16443
2259
2342
8105
8108
8109
8110
16444
8112
8113
8115
8120
8121
8122
2345
8126
8127
8130
2258
2259
5797
5798
5799
5801
2260
8113
8114
8116
8117
16449
17607
17609
17611
2260
2348
8119
8122
8123
8124
16450
2349
8127
8128
8129
8131
16451
2265
2266
2267
4639
17606
2265
2267
2266
2267
4640
8112
2265
2266
8113
17607
17610
4643
8114
17611
4645
8134
8135
8136
8140
8141
8143
2276
8147
8148
8151
2272
2273
5804
5805
5806
5808
2274
2278
8133
8136
8137
8138
16463
2274
8141
8142
8144
8145
16464
2280
8148
8149
8150
8152
16465
8155
8156
8157
8161
8162
8165
2283
8168
8169
8172
2279
2280
5810
5813
5814
5815
2281
2285
8154
8157
8158
8159
16470
2281
8161
8163
8164
8166
16471
2287
8169
8170
8171
8173
16472
8176
8177
8178
8182
8184
8185
2290
2380
8190
8191
8192
2286
2287
5817
5820
5821
5822
2288
2292
8175
8178
8179
8180
16477
2288
2383
8182
8183
8186
8187
16478
2294
2384
8189
8192
8193
8194
16479
8197
8198
8199
8204
8205
8206
2297
2387
8211
8212
8213
2293
2294
5824
5827
5828
5829
2295
2299
8196
8199
8200
8201
16484
2295
2390
8203
8206
8207
8208
16485
2301
2391
8210
8213
8214
8215
16486
8218
8219
8220
8225
8226
8227
2304
2394
8232
8233
8234
2300
2301
5831
5834
5835
5836
2302
2306
8217
8220
8221
8222
16491
2302
2397
8224
8227
8228
8229
16492
2308
2398
8231
8234
8235
8236
16493
8239
8240
8241
8246
8247
8248
2311
2401
8253
8254
8255
2307
2308
5838
5841
5842
5843
2309
2313
8238
8241
8242
8243
16498
2309
2404
8245
8248
8249
8250
16499
2315
2405
8252
8255
8256
8257
16500
8260
8261
8262
8267
8268
8269
2318
2408
8274
8275
8276
2314
2315
5845
5848
5849
5850
2316
2320
8259
8262
8263
8264
16505
2316
2411
8266
8269
8270
8271
16506
2322
2412
8273
8276
8277
8278
16507
8281
8282
8283
8288
8289
8290
2325
2415
8295
8296
8297
2321
2322
5852
5855
5856
5857
2323
2327
8280
8283
8284
8285
16512
2323
2418
8287
8290
8291
8292
16513
2329
2419
8294
8297
8298
8299
16514
8302
8303
8304
8309
8310
8311
2332
2422
8316
8317
8318
2328
2329
5859
5862
5863
5864
2330
2334
8301
8304
8305
8306
16519
2330
2425
8308
8311
8312
8313
16520
2336
2426
8315
8318
8319
8320
16521
8323
8324
8325
8330
8331
8332
2339
2429
8337
8338
8339
2335
2336
5866
5869
5870
5871
2337
2341
8322
8325
8326
8327
16526
2337
2432
8329
8332
8333
8334
16527
2343
2433
8336
8339
8340
8341
16528
8344
8345
8346
8351
8352
8353
2346
2436
8358
8359
8360
2342
2343
5873
5876
5877
5878
2344
2348
8343
8346
8347
8348
16533
2344
2439
8350
8353
8354
8355
16534
2350
2440
8357
8360
8361
8362
16535
8364
8365
8368
8372
8373
8374
2443
8378
8379
8382
2349
2350
5880
5883
5884
5885
2351
8364
8366
8367
8369
16540
2351
2446
8371
8374
8375
8376
16541
2447
8379
8380
8381
8383
16542
2354
2358
4641
4839
2354
2357
4642
8364
2355
4644
4842
2357
2358
4844
4846
2357
2358
4847
8365
4850
8366
4845
4852
2362
2365
4669
4867
2363
2365
4874
2362
2363
4670
17655
2364
4672
4869
17658
2364
4875
17659
2365
4870
4876
17660
4873
4877
2370
2371
4868
8141
2370
2371
2372
4885
4895
2370
2372
4886
8143
2371
2372
4871
4896
4889
8144
4872
4897
4891
4898
2375
2379
4887
5054
2375
2378
4888
8161
2376
4890
5056
2378
2379
5046
5058
2378
2379
5047
8162
5050
8163
5052
5059
8386
8387
8388
8392
8393
8396
16198
16201
16202
2388
2457
8400
8401
8402
18318
18320
18322
2384
5888
5889
5890
5892
18255
18256
18257
18260
2390
2680
8385
8388
8389
8390
18261
18263
18265
18267
2458
2681
18254
18255
18258
2392
2459
2682
18262
18263
18264
8407
8408
8409
8414
8415
8416
16205
16207
16208
2395
2460
8421
8422
8423
18325
18327
18329
2391
5894
5897
5898
5899
18268
18270
18272
18274
2397
2687
8406
8409
8410
8411
18275
18277
18279
18281
2461
2688
18269
18270
18271
2399
2462
2689
18276
18277
18278
8428
8429
8430
8435
8436
8437
16212
16214
16215
2402
2463
8442
8443
8444
18332
18334
18336
2398
5901
5904
5905
5906
18282
18284
18286
18288
2404
2694
8427
8430
8431
8432
18289
18291
18293
18295
2464
2695
18283
18284
18285
18339
18340
18343
2406
2465
2696
18290
18291
18292
18346
18347
18349
8449
8450
8451
8456
8457
8458
16219
16221
16222
2409
2466
8463
8464
8465
18353
18355
18357
2405
5908
5911
5912
5913
18296
18298
18300
18302
2411
2701
8448
8451
8452
8453
18303
18305
18307
18309
2467
2702
18297
18298
18299
18360
18361
18364
2413
2468
2703
18304
18305
18306
18367
18368
18370
8470
8471
8472
8477
8478
8479
16226
16228
16229
2416
2469
8484
8485
8486
2412
5915
5918
5919
5920
18310
18312
18314
18316
2414
2418
8469
8472
8473
8474
14586
2470
14587
18311
18312
18313
2420
2471
8483
8486
8487
8488
14588
18310
18313
18315
18316
18374
18375
18377
8491
8492
8493
8498
8499
8500
2423
2472
8505
8506
8507
2419
2420
5922
5925
5926
5927
2421
2425
8490
8493
8494
8495
16554
2421
2474
8497
8500
8501
8502
16555
2427
2475
8504
8507
8508
8509
16556
8512
8513
8514
8519
8520
8521
2430
2477
8526
8527
8528
2426
2427
5929
5932
5933
5934
2428
2432
8511
8514
8515
8516
16561
2428
2480
8518
8521
8522
8523
16562
2434
2481
8525
8528
8529
8530
16563
8533
8534
8535
8540
8541
8542
2437
2484
8547
8548
8549
2433
2434
5936
5939
5940
5941
2435
2439
8532
8535
8536
8537
16568
2435
2487
8539
8542
8543
8544
16569
2441
2488
8546
8549
8550
8551
16570
8554
8555
8556
8561
8562
8563
2444
2491
8568
8569
8570
2440
2441
5943
5946
5947
5948
2442
2446
8553
8556
8557
8558
16575
2442
2494
8560
8563
8564
8565
16576
2448
2495
8567
8570
8571
8572
16577
8574
8575
8578
8582
8583
8584
2498
8588
8589
8592
2447
2448
5950
5953
5954
5955
2449
8575
8576
8577
8579
16582
2449
2501
8581
8584
8585
8586
16583
2502
8589
8590
8591
8593
16584
2454
2455
2456
4909
4913
2454
2456
4848
4910
2455
2456
4914
8574
2454
2455
4849
8575
4851
4911
4917
8576
4912
4919
18318
18319
18320
8602
8606
15050
15052
15053
15055
2461
2718
8610
8611
15085
15086
15090
15091
18325
18326
18327
8624
8625
15141
15142
15145
15146
2464
2721
8631
8632
15169
15170
15174
15175
18339
18341
18344
18332
18333
18334
18339
18340
18341
2467
2724
18346
18347
18348
18353
18354
18355
18360
18361
18362
2470
2727
18367
18368
18369
8656
8657
8658
14629
14630
16134
16136
16137
16139
18367
18369
18371
2474
2730
18374
18375
18376
8663
8664
8665
2478
8672
8673
8674
2475
5984
5987
5988
5989
18374
18376
18378
2476
2480
8662
8665
8666
8667
16603
2482
8671
8674
8675
8676
16604
8679
8680
8681
8686
8687
8688
2485
2519
8693
8694
8695
2481
2482
5991
5994
5995
5996
2483
2487
8678
8681
8682
8683
16608
2483
2520
8685
8688
8689
8690
16609
2489
2521
8692
8695
8696
8697
16610
8700
8701
8702
8707
8708
8709
2492
2522
8714
8715
8716
2488
2489
5998
6001
6002
6003
2490
2494
8699
8702
8703
8704
16615
2490
2523
8706
8709
8710
8711
16616
2496
2524
8713
8716
8717
8718
16617
8721
8722
8723
8728
8729
8730
2499
2525
8735
8736
8737
2495
2496
6005
6008
6009
6010
2497
2501
8720
8723
8724
8725
16622
2497
2526
8727
8730
8731
8732
16623
2503
2527
8734
8737
8738
8739
16624
8741
8743
8744
8749
8750
8751
2506
2528
8755
8757
8758
2502
2503
6012
6015
6016
6017
2504
2508
8741
8742
8745
8746
16629
2504
2529
8748
8751
8752
8753
16630
2510
2530
8755
8756
8759
8760
16631
8762
8763
8765
8769
8770
8773
8776
8777
8779
2509
2510
6020
6021
6022
6024
2511
4728
4730
4732
6180
8763
8764
8766
8767
2511
6181
8770
8771
8772
8774
4735
4736
4738
6182
8777
8778
8780
8781
2516
2517
2518
4720
4727
2516
2518
2517
2518
4721
8762
2516
2517
4728
8763
4731
4724
4732
8764
4726
8784
8785
8786
2521
6026
6029
6030
6031
2523
8783
8786
8787
8788
16636
8791
8792
8793
2524
6033
6036
6037
6038
2526
8790
8793
8794
8795
16639
8798
8799
8800
2527
6040
6043
6044
6045
2529
8797
8800
8801
8802
16642
8804
8805
8808
2530
6047
6050
6051
6052
8805
8806
8807
8809
16645
2535
2536
2537
4944
2535
2537
4945
8769
2536
2537
8804
2535
2536
8770
8805
4946
8771
8806
4947
2542
2543
2544
4741
2542
2544
4722
2543
2544
4941
2542
2543
4723
4742
4942
4725
4745
4746
4943
2547
2580
8811
2549
2583
2737
8812
8813
8816
2551
2586
8818
8819
8822
2589
2739
8826
8827
2553
2590
2740
8831
8832
8833
8841
8842
8845
2556
6083
18380
18381
18384
2743
6086
8857
8858
8859
2559
2744
6087
18388
18389
18390
8863
8864
8867
18394
18395
18398
2560
2562
8864
8865
8866
8869
16239
18395
18396
18397
18400
2564
2747
8877
8878
8879
2748
16242
18402
18403
18404
2566
2749
8876
8879
8881
8882
16243
18401
18404
18406
18407
8883
8884
8887
2563
2566
6065
6066
6067
6070
2567
2568
8884
8885
8886
8889
16246
18408
18412
18413
8891
8892
8893
2753
8898
8899
8900
2567
2754
8890
8893
8895
8896
16249
2570
2755
8897
8900
8902
8903
16250
18416
18417
18419
18408
18409
18412
2572
6090
8908
8909
8912
2760
6093
18416
18417
18418
2574
2761
6094
8924
8925
8926
8930
8931
8934
2576
6097
8937
8938
8941
2764
6100
8947
8948
8949
2577
2765
6101
8954
8955
8956
8960
8961
2596
2768
8963
8964
2581
2606
8970
8971
8974
2584
2610
2770
8982
8983
8984
8988
8989
8992
18422
18423
18426
2585
2587
8989
8990
8991
8994
16253
18423
18424
18425
18428
2589
2772
9002
9003
9004
2773
16256
18430
18431
18432
2591
2774
9001
9004
9006
9007
16257
18429
18432
18434
18435
2588
2590
8819
8822
8824
16232
16234
16235
16237
2588
2591
16233
16234
16235
16238
2592
6084
16260
18437
18438
18439
2592
2778
6086
8831
8833
8835
18436
18438
18440
18442
2592
2779
16263
18436
18439
18441
18442
2780
6088
16264
9008
9009
9012
2595
2598
6099
6105
6106
6107
6110
2599
2600
9009
9010
9011
9014
9029
9033
9034
16302
6101
9016
9017
9018
2785
9023
9024
9025
2599
2786
6103
9015
9018
9020
9021
16305
2602
2787
9022
9025
9027
9028
9044
9045
9047
16306
9029
9030
9033
2613
9036
9039
2616
2792
9044
9045
9046
2617
2793
9051
9052
2607
2627
9059
9060
9063
2611
2631
2796
9071
9072
9073
2608
2610
6113
6115
6116
6118
8971
8974
8976
2608
2611
6114
6115
6116
6119
9059
9063
9064
2612
16254
16309
9078
9079
9080
2612
2798
8982
8984
8986
9077
9079
9081
9083
16256
2612
2799
9071
9072
9074
9077
9080
9082
9083
16312
2800
16258
16313
18443
18444
18447
2615
2618
16304
2619
2620
16372
18444
18445
18446
18449
18457
18461
18462
2618
9044
9046
9048
16306
18450
18452
18454
18456
2622
2805
18451
18452
18453
2619
2806
16308
16375
2623
2807
16376
18450
18453
18455
18456
18465
18466
18468
18457
18458
18461
2634
9084
9087
9090
9091
2637
2812
18465
18466
18467
2638
2813
9095
9096
2628
2643
9101
9102
9103
2632
2646
2817
9108
9109
9110
2629
2631
6125
6127
6128
6130
9060
9063
9065
18471
18472
18475
2633
6136
16310
18472
18473
18474
18477
9114
9115
9116
2633
2819
9071
9073
9075
9113
9115
9117
9119
16312
2820
6139
18479
18480
18481
2821
6140
16314
18478
18481
18483
18484
9120
9121
9124
2636
2639
16374
2640
2641
9121
9122
9123
9126
9134
9138
9139
16449
2639
9127
9129
9131
9133
16376
18465
18467
18469
2826
9128
9129
9130
2640
2827
16378
16452
2642
2828
9127
9130
9132
9133
9144
9145
9147
16453
9134
9135
9138
2651
2833
9144
9145
9146
9150
9151
9154
9157
9160
2656
6137
18485
18486
18489
2835
6139
9165
9166
9167
2659
2836
9172
9173
2660
2837
6141
18493
18494
18495
2652
9181
9182
9183
9186
16451
16457
16458
16459
16462
2663
9180
9181
9184
16453
18500
18501
18502
2666
2841
9191
9194
9196
9197
16455
18499
18502
18504
18505
2667
2842
9192
9193
9194
2657
2673
9198
9199
2661
2674
2846
9201
9202
2658
2660
6143
6145
6146
6148
18486
18489
18491
9204
9205
9208
2662
2675
9205
9206
9207
9210
16464
9212
9213
9214
2662
2848
9211
9213
9215
9217
16466
18493
18495
18497
2677
2849
9219
9220
9221
2678
2850
9218
9221
9223
9224
16468
9225
9226
9229
2668
16542
18507
18508
18509
18512
2670
2708
18506
18507
18510
2668
9232
9234
9236
9238
16544
2671
2855
9233
9234
9235
2711
2856
16546
18513
18516
18518
18519
2672
2712
2857
18514
18515
18516
9239
9240
9242
9243
2716
2862
9245
9246
9248
9249
2677
2865
9253
9254
2676
2678
16547
16549
16550
16552
2679
18521
18522
18525
18526
18527
2679
2867
18524
18526
18528
18530
2868
18531
18534
2684
16479
18542
18543
18546
18547
18535
18536
18539
2688
2718
18543
18544
18545
2684
16482
18550
18551
18552
18555
2690
2872
16483
18556
18558
18560
18562
2719
2873
18549
18550
18553
2692
2720
2874
18557
18558
18559
2691
16486
18570
18571
18574
18575
18564
18565
18566
2695
2721
18571
18572
18573
2691
16489
18577
18579
18581
18583
2697
2879
16490
18584
18586
18588
18590
2722
2880
18578
18579
18580
2699
2723
2881
18585
18586
18587
2698
16493
18598
18599
18602
18603
16590
16592
16594
18592
18593
18594
2702
2724
18599
18600
18601
18648
18650
18653
2698
16496
18605
18607
18609
18611
2704
2886
16497
18612
18614
18616
18618
2725
2887
18606
18607
18608
18655
18656
18659
2706
2726
2888
18613
18614
18615
18662
18663
18665
2705
16500
18626
18627
18630
18631
16597
16599
16601
18620
18621
18622
2727
14587
18627
18628
18629
18669
18671
18674
2705
16503
18633
18635
18637
18639
2893
14589
16504
18640
18642
18644
18646
2728
2894
18634
18635
18636
18676
18677
18680
2729
2895
14591
18641
18642
18643
18683
18684
18686
2710
2712
6154
6157
6159
18507
18510
18512
2710
2713
16584
2714
2715
6180
9258
9262
9263
2712
2713
16586
2714
2716
2900
9266
9268
9270
18514
18516
18518
2714
2901
6183
16588
2717
2902
6184
9273
9274
9276
9258
9259
9262
9266
9267
9268
2734
2907
9273
9274
9275
9280
9282
15293
15294
15297
15298
9286
9290
15314
15316
15317
15319
2722
2910
9294
9295
15349
15350
15354
15355
9301
9303
15377
15378
15381
15382
16591
16592
16595
9308
9309
15405
15406
15409
15410
2725
2913
9315
9316
15433
15434
15438
15439
18655
18657
18660
18648
18649
18650
18655
18656
18657
2728
2916
18662
18663
18664
18669
18670
18671
18676
18677
18678
2731
2919
18683
18684
18685
14588
18690
18691
18692
14591
14636
14637
16148
16150
16151
16153
18683
18685
18687
2922
14592
16605
18697
18698
18699
6182
9339
9340
9343
6184
9347
9348
9349
2736
2925
6186
9354
9355
9356
6196
9361
9362
9363
2739
2772
9367
2741
2775
2929
9368
9370
9371
2743
2778
9375
9376
9377
2781
2931
9382
9383
2745
2782
2932
9387
9388
9389
9398
9399
9400
2748
6233
18704
18705
18706
2935
6236
9413
9414
9415
2751
2936
6237
18711
18712
18713
9420
9421
9422
18718
18719
18720
2752
2754
9419
9421
9423
9425
16655
18717
18719
18721
18723
2756
2939
9433
9434
9435
2940
16658
18725
18726
18727
2758
2941
9432
9435
9437
9438
16659
18724
18727
18729
18730
9440
9441
9442
2755
2758
6214
6216
6218
6220
2759
2760
9439
9441
9443
9445
16662
18732
18734
18736
9447
9448
9449
2945
9454
9455
9456
2759
2946
9446
9449
9451
9452
16665
2762
2947
9453
9456
9458
9459
16666
18739
18740
18742
18732
18733
18734
2764
6240
9465
9466
9467
2952
6243
18739
18740
18741
2766
2953
6244
9480
9481
9482
9487
9488
9489
2768
6247
9494
9495
9496
2956
6250
9503
9504
9505
2769
2957
6251
9510
9511
9512
9516
9517
2788
2960
9519
9520
2773
2798
9527
9528
9529
2776
2802
2962
9538
9539
9540
9545
9546
9547
18746
18747
18748
2777
2779
9544
9546
9548
9550
16669
18745
18747
18749
18751
2781
2964
9558
9559
9560
2965
16672
18753
18754
18755
2783
2966
9557
9560
9562
9563
16673
18752
18755
18757
18758
2780
2782
9376
9377
9380
16648
16649
16652
16653
2780
2783
16648
16650
16652
16654
2784
6234
21354
18760
18761
18762
2784
2970
6236
9387
9389
9391
18759
18761
18763
18765
2784
2971
18759
18762
18764
18765
21357
2972
6238
21358
9565
9566
9567
2787
2790
6249
6254
6256
6258
6260
2791
2792
9564
9566
9568
9570
9586
9588
9590
16676
6251
9572
9573
9574
2977
9579
9580
9581
2791
2978
6253
9571
9574
9576
9577
16679
2794
2979
9578
9581
9583
9584
9600
9601
9603
16680
9586
9587
9588
2805
9593
9594
2808
2984
9600
9601
9602
2809
2985
9607
9608
2799
2819
9616
9617
9618
2803
2823
2988
9627
9628
9629
2800
2802
6263
6264
6267
6268
9528
9529
9532
2800
2803
6263
6265
6267
6269
9616
9618
9620
2804
16670
16683
9634
9635
9636
2804
2990
9538
9540
9542
9633
9635
9637
9639
16672
2804
2991
9627
9628
9630
9633
9636
9638
9639
16686
2992
16674
16687
18767
18768
18769
2807
2810
16678
2811
2812
16690
18766
18768
18770
18772
18781
18783
18785
2810
9600
9602
9604
16680
18773
18775
18777
18779
2814
2997
18774
18775
18776
2811
2998
16682
16693
2815
2999
16694
18773
18776
18778
18779
18788
18789
18791
18781
18782
18783
2826
9641
9642
9646
9647
2829
3004
18788
18789
18790
2830
3005
9651
9652
2820
2835
9657
9658
9659
2824
2838
3009
9664
9665
9666
2821
2823
6275
6276
6279
6280
9617
9618
9621
18795
18796
18797
2825
6286
16684
18794
18796
18798
18800
9670
9671
9672
2825
3011
9627
9629
9631
9669
9671
9673
9675
16686
3012
6289
18802
18803
18804
3013
6290
16688
18801
18804
18806
18807
9677
9678
9679
2828
2831
16692
2832
2833
9676
9678
9680
9682
9691
9693
9695
16697
2831
9683
9685
9687
9689
16694
18788
18790
18792
3018
9684
9685
9686
2832
3019
16696
16700
2834
3020
9683
9686
9688
9689
9700
9701
9703
16701
9691
9692
9693
2843
3025
9700
9701
9702
9707
9708
9709
9714
9715
2848
6287
18809
18810
18811
3027
6289
9721
9722
9723
2851
3028
9728
9729
2852
3029
6291
18816
18817
18818
2844
9736
9738
9740
9742
16699
16704
16706
16708
16710
2855
9737
9738
9739
16701
18823
18824
18825
2858
3033
9747
9750
9752
9753
16703
18822
18825
18827
18828
2859
3034
9748
9749
9750
2849
2865
9754
9755
2853
2866
3038
9757
9758
2850
2852
6293
6294
6297
6298
18810
18811
18814
9761
9762
9763
2854
2867
9760
9762
9764
9766
16712
9768
9769
9770
2854
3040
9767
9769
9771
9773
16714
18816
18818
18820
2869
3041
9775
9776
9777
2870
3042
9774
9777
9779
9780
16716
9782
9783
9784
2860
16720
18829
18831
18833
18835
2862
2900
18830
18831
18832
2860
9788
9790
9792
9794
16722
2863
3047
9789
9790
9791
2903
3048
16724
18836
18839
18841
18842
2864
2904
3049
18837
18838
18839
9795
9796
9798
9799
2908
3054
9801
9802
9804
9805
2869
3057
9809
9810
2868
2870
16725
16726
16729
16730
2871
18843
18845
18848
18849
18850
2871
3059
18847
18849
18851
18853
3060
18854
18857
2876
18865
18866
18869
18870
21370
18858
18859
18862
2880
2910
18866
18867
18868
2876
18873
18874
18875
18878
21373
2882
3063
18879
18881
18883
18885
21374
2911
3064
18872
18873
18876
2884
2912
3065
18880
18881
18882
2883
18893
18894
18897
18898
21377
18887
18888
18889
2887
2913
18894
18895
18896
2883
18900
18902
18904
18906
21380
2889
3070
18907
18909
18911
18913
21381
2914
3071
18901
18902
18903
2891
2915
3072
18908
18909
18910
2890
18921
18922
18925
18926
21384
16733
16735
16737
18915
18916
18917
2894
2916
18922
18923
18924
18971
18973
18976
2890
18928
18930
18932
18934
21387
2896
3077
18935
18937
18939
18941
21388
2917
3078
18929
18930
18931
18978
18979
18982
2898
2918
3079
18936
18937
18938
18985
18986
18988
2897
18949
18950
18953
18954
21391
16740
16742
16744
18943
18944
18945
2919
14601
18950
18951
18952
18992
18994
18997
2897
18956
18958
18960
18962
21394
3084
14603
18963
18965
18967
18969
21395
2920
3085
18957
18958
18959
18999
19000
19003
2921
3086
14605
18964
18965
18966
19006
19007
19009
2902
2904
6305
6306
6309
18831
18832
18835
2902
2905
2906
2907
6330
9815
9817
9819
2904
2905
2906
2908
3091
9822
9824
9826
18837
18839
18841
2906
3092
6333
2909
3093
6334
9829
9830
9832
9815
9816
9817
9822
9823
9824
2926
3098
9829
9830
9831
9836
9838
15557
15558
15561
15562
9842
9846
15578
15580
15581
15583
2914
3101
9850
9851
15613
15614
15618
15619
9857
9859
15641
15642
15645
15646
16734
16735
16738
9864
9865
15669
15670
15673
15674
2917
3104
9871
9872
15697
15698
15702
15703
18978
18980
18983
18971
18972
18973
18978
18979
18980
2920
3107
18985
18986
18987
18992
18993
18994
18999
19000
19001
2923
3110
19006
19007
19008
14602
19013
19014
19015
14605
14643
14644
16162
16164
16165
16167
19006
19008
19010
3113
14606
16748
19020
19021
19022
6332
9896
9897
9898
6334
9903
9904
9905
2928
3116
6336
9910
9911
9912
6346
9917
9918
9919
2931
2964
9923
2933
2967
3120
9924
9926
9927
2935
2970
9931
9932
9933
2973
3122
9938
9939
2937
2974
3123
9943
9944
9945
9954
9955
9956
2940
6383
19027
19028
19029
3126
6386
9969
9970
9971
2943
3127
6387
19034
19035
19036
9976
9977
9978
19041
19042
19043
2944
2946
9975
9977
9979
9981
16758
19040
19042
19044
19046
2948
3130
9989
9990
9991
3131
16761
19048
19049
19050
2950
3132
9988
9991
9993
9994
16762
19047
19050
19052
19053
9996
9997
9998
2947
2950
6364
6366
6368
6370
2951
2952
9995
9997
9999
10001
16765
19055
19057
19059
10003
10004
10005
3136
10010
10011
10012
2951
3137
10002
10005
10007
10008
16768
2954
3138
10009
10012
10014
10015
16769
19062
19063
19065
19055
19056
19057
2956
6390
10021
10022
10023
3143
6393
19062
19063
19064
2958
3144
6394
10036
10037
10038
10043
10044
10045
2960
6397
10050
10051
10052
3147
6400
10059
10060
10061
2961
3148
6401
10066
10067
10068
10072
10073
2980
3151
10075
10076
2965
2990
10083
10084
10085
2968
2994
3153
10094
10095
10096
10101
10102
10103
19069
19070
19071
2969
2971
10100
10102
10104
10106
16772
19068
19070
19072
19074
2973
3155
10114
10115
10116
3156
16775
19076
19077
19078
2975
3157
10113
10116
10118
10119
16776
19075
19078
19080
19081
2972
2974
9932
9933
9936
16751
16752
16755
16756
2972
2975
16751
16753
16755
16757
2976
6384
21410
19083
19084
19085
2976
3161
6386
9943
9945
9947
19082
19084
19086
19088
2976
3162
19082
19085
19087
19088
21413
3163
6388
21414
10121
10122
10123
2979
2982
6399
6404
6406
6408
6410
2983
2984
10120
10122
10124
10126
10142
10144
10146
16779
6401
10128
10129
10130
3168
10135
10136
10137
2983
3169
6403
10127
10130
10132
10133
16782
2986
3170
10134
10137
10139
10140
10156
10157
10159
16783
10142
10143
10144
2997
10149
10150
3000
3175
10156
10157
10158
3001
3176
10163
10164
2991
3011
10172
10173
10174
2995
3015
3179
10183
10184
10185
2992
2994
6413
6414
6417
6418
10084
10085
10088
2992
2995
6413
6415
6417
6419
10172
10174
10176
2996
16773
16786
10190
10191
10192
2996
3181
10094
10096
10098
10189
10191
10193
10195
16775
2996
3182
10183
10184
10186
10189
10192
10194
10195
16789
3183
16777
16790
19090
19091
19092
2999
3002
16781
3003
3004
16793
19089
19091
19093
19095
19104
19106
19108
3002
10156
10158
10160
16783
19096
19098
19100
19102
3006
3188
19097
19098
19099
3003
3189
16785
16796
3007
3190
16797
19096
19099
19101
19102
19111
19112
19114
19104
19105
19106
3018
10197
10198
10202
10203
3021
3195
19111
19112
19113
3022
3196
10207
10208
3012
3027
10213
10214
10215
3016
3030
3200
10220
10221
10222
3013
3015
6425
6426
6429
6430
10173
10174
10177
19118
19119
19120
3017
6436
16787
19117
19119
19121
19123
10226
10227
10228
3017
3202
10183
10185
10187
10225
10227
10229
10231
16789
3203
6439
19125
19126
19127
3204
6440
16791
19124
19127
19129
19130
10233
10234
10235
3020
3023
16795
3024
3025
10232
10234
10236
10238
10247
10249
10251
16800
3023
10239
10241
10243
10245
16797
19111
19113
19115
3209
10240
10241
10242
3024
3210
16799
16803
3026
3211
10239
10242
10244
10245
10256
10257
10259
16804
10247
10248
10249
3035
3216
10256
10257
10258
10263
10264
10265
10270
10271
3040
6437
19132
19133
19134
3218
6439
10277
10278
10279
3043
3219
10284
10285
3044
3220
6441
19139
19140
19141
3036
10292
10294
10296
10298
16802
16807
16809
16811
16813
3047
10293
10294
10295
16804
19146
19147
19148
3050
3224
10303
10306
10308
10309
16806
19145
19148
19150
19151
3051
3225
10304
10305
10306
3041
3057
10310
10311
3045
3058
3229
10313
10314
3042
3044
6443
6444
6447
6448
19133
19134
19137
10317
10318
10319
3046
3059
10316
10318
10320
10322
16815
10324
10325
10326
3046
3231
10323
10325
10327
10329
16817
19139
19141
19143
3061
3232
10331
10332
10333
3062
3233
10330
10333
10335
10336
16819
10338
10339
10340
3052
16823
19152
19154
19156
19158
3054
3091
19153
19154
19155
3052
10344
10346
10348
10350
16825
3055
3238
10345
10346
10347
3094
3239
16827
19159
19162
19164
19165
3056
3095
3240
19160
19161
19162
10351
10352
10354
10355
3099
3245
10357
10358
10360
10361
3061
3248
10365
10366
3060
3062
16828
16829
16832
16833
19166
19168
19171
19172
19173
3250
19170
19172
19174
19176
3067
19184
19185
19188
19189
21426
19177
19178
19181
3071
3101
19185
19186
19187
3067
19193
19194
19195
19196
21429
3073
19199
19200
19201
19203
21430
3102
19191
19192
19193
3075
3103
19198
19199
19202
3074
19212
19213
19216
19217
21433
19206
19207
19208
3078
3104
19213
19214
19215
3074
19220
19221
19222
19224
21436
3080
19227
19228
19229
19231
21437
3105
19219
19220
19223
3082
3106
19226
19227
19230
3081
19240
19241
19244
19245
21440
16836
16838
16840
19234
19235
19236
3085
3107
19241
19242
19243
19290
19292
19295
3081
19248
19249
19250
19252
21443
3087
19255
19256
19257
19259
21444
3108
19247
19248
19251
19296
19300
19301
3089
3109
19254
19255
19258
19303
19307
19308
3088
19268
19269
19272
19273
21447
16843
16845
16847
19262
19263
19264
3110
14615
19269
19270
19271
19311
19313
19316
3088
19276
19277
19278
19280
21450
14617
19283
19284
19285
19287
21451
3111
19275
19276
19279
19317
19321
19322
3112
14619
19282
19283
19286
19324
19328
19329
3093
3095
6455
6456
6459
19154
19155
19158
3093
3096
3097
3098
6480
10369
10371
10373
3095
3096
3097
3099
3260
10376
10378
10380
19160
19162
19164
3097
3261
6483
3100
3262
6484
10383
10384
10386
10369
10370
10371
10376
10377
10378
3117
3267
10383
10384
10385
10390
10392
15821
15822
15825
15826
10396
10397
15842
15845
15846
15847
3105
10403
10407
15870
15872
15873
15876
10411
10413
15905
15906
15909
15910
16837
16838
16841
10417
10421
15926
15928
15929
15931
3108
10424
10428
15954
15956
15957
15960
19297
19300
19302
19290
19291
19292
19296
19297
19300
3111
19303
19304
19307
19311
19312
19313
19317
19318
19321
3114
19324
19325
19328
14616
19332
19333
19334
14619
14650
14653
16176
16179
16180
16181
19325
19328
19330
14620
16851
19338
19339
19342
6482
10450
10451
10452
6484
10457
10458
10459
3119
3290
6486
10464
10465
10466
6496
10471
10472
10473
3122
3155
10477
3124
3158
3293
10478
10480
10481
3126
3161
10485
10486
10487
3164
3295
10492
10493
3128
3165
3296
10497
10498
10499
10508
10509
10510
3131
6533
19346
19347
19348
3299
6536
10523
10524
10525
3134
3300
6537
19353
19354
19355
10530
10531
10532
19360
19361
19362
3135
3137
10529
10531
10533
10535
16861
19359
19361
19363
19365
3139
3303
10543
10544
10545
3304
16864
19367
19368
19369
3141
3305
10542
10545
10547
10548
16865
19366
19369
19371
19372
10550
10551
10552
3138
3141
6514
6516
6518
6520
3142
3143
10549
10551
10553
10555
16868
19374
19376
19378
10557
10558
10559
3309
10564
10565
10566
3142
3310
10556
10559
10561
10562
16871
3145
3311
10563
10566
10568
10569
16872
19381
19382
19384
19374
19375
19376
3147
6540
10575
10576
10577
3316
6543
19381
19382
19383
3149
3317
6544
10590
10591
10592
10597
10598
10599
3151
6547
10604
10605
10606
3320
6550
10613
10614
10615
3152
3321
6551
10620
10621
10622
10626
10627
3171
3324
10629
10630
3156
3181
10637
10638
10639
3159
3185
3326
10648
10649
10650
10655
10656
10657
19388
19389
19390
3160
3162
10654
10656
10658
10660
16875
19387
19389
19391
19393
3164
3328
10668
10669
10670
3329
16878
19395
19396
19397
3166
3330
10667
10670
10672
10673
16879
19394
19397
19399
19400
3163
3165
10486
10487
10490
16854
16855
16858
16859
3163
3166
16854
16856
16858
16860
3167
6534
21466
19402
19403
19404
3167
3334
6536
10497
10499
10501
19401
19403
19405
19407
3167
3335
19401
19404
19406
19407
21469
3336
6538
21470
10675
10676
10677
3170
3173
6549
6554
6556
6558
6560
3174
3175
10674
10676
10678
10680
10696
10698
10700
16882
6551
10682
10683
10684
3341
10689
10690
10691
3174
3342
6553
10681
10684
10686
10687
16885
3177
3343
10688
10691
10693
10694
10710
10711
10713
16886
10696
10697
10698
3188
10703
10704
3191
3348
10710
10711
10712
3192
3349
10717
10718
3182
3202
10726
10727
10728
3186
3206
3352
10737
10738
10739
3183
3185
6563
6564
6567
6568
10638
10639
10642
3183
3186
6563
6565
6567
6569
10726
10728
10730
3187
16876
16889
10744
10745
10746
3187
3354
10648
10650
10652
10743
10745
10747
10749
16878
3187
3355
10737
10738
10740
10743
10746
10748
10749
16892
3356
16880
16893
19409
19410
19411
3190
3193
16884
3194
3195
16896
19408
19410
19412
19414
19423
19425
19427
3193
10710
10712
10714
16886
19415
19417
19419
19421
3197
3361
19416
19417
19418
3194
3362
16888
16899
3198
3363
16900
19415
19418
19420
19421
19430
19431
19433
19423
19424
19425
3209
10751
10752
10756
10757
3212
3368
19430
19431
19432
3213
3369
10761
10762
3203
3218
10767
10768
10769
3207
3221
3373
10774
10775
10776
3204
3206
6575
6576
6579
6580
10727
10728
10731
19437
19438
19439
3208
6586
16890
19436
19438
19440
19442
10780
10781
10782
3208
3375
10737
10739
10741
10779
10781
10783
10785
16892
3376
6589
19444
19445
19446
3377
6590
16894
19443
19446
19448
19449
10787
10788
10789
3211
3214
16898
3215
3216
10786
10788
10790
10792
10801
10803
10805
16903
3214
10793
10795
10797
10799
16900
19430
19432
19434
3382
10794
10795
10796
3215
3383
16902
16906
3217
3384
10793
10796
10798
10799
10810
10811
10813
16907
10801
10802
10803
3226
3389
10810
10811
10812
10817
10818
10819
10824
10825
3231
6587
19451
19452
19453
3391
6589
10831
10832
10833
3234
3392
10838
10839
3235
3393
6591
19458
19459
19460
3227
10846
10848
10850
10852
16905
16910
16912
16914
16916
3238
10847
10848
10849
16907
19465
19466
19467
3241
3397
10857
10860
10862
10863
16909
19464
19467
19469
19470
3242
3398
10858
10859
10860
3232
3248
10864
10865
3236
3249
3402
10867
10868
3233
3235
6593
6594
6597
6598
19452
19453
19456
10871
10872
10873
3237
3250
10870
10872
10874
10876
16918
10878
10879
10880
3237
3404
10877
10879
10881
10883
16920
19458
19460
19462
3251
3405
10885
10886
10887
3252
3406
10884
10887
10889
10890
16922
10892
10893
10894
3243
16926
19471
19473
19475
19477
3245
3260
19472
19473
19474
3243
10898
10900
10902
10904
16928
3246
3411
10899
10900
10901
3263
3412
16930
19478
19481
19483
19484
3247
3264
3413
19479
19480
19481
10905
10906
10908
10909
3268
3418
10911
10912
10914
10915
3251
3421
10917
10918
3252
16931
16932
16935
16936
19486
19487
19488
3423
19485
19487
19489
19491
3255
3257
14618
21510
14619
19492
19493
19494
3259
14620
18143
18145
18147
19494
19496
19497
19498
21516
3257
19500
19502
19504
19505
21513
3259
21514
21518
19499
19500
19501
18149
18153
18154
19501
19503
19504
19505
21520
3262
3264
6605
6606
6609
19473
19474
19477
3262
3265
3266
3267
6617
10921
10923
10925
3264
3265
3266
3268
3426
10928
10930
10932
19479
19481
19483
3266
3427
6620
3269
3428
6621
10935
10936
10938
10921
10922
10923
10928
10929
10930
3291
3433
10935
10936
10937
4997
10941
10942
10945
22137
3275
4998
10397
10955
10957
10959
10960
18030
4992
10398
10949
10950
10951
22144
3275
4993
10963
10964
10965
10967
18031
5001
10400
10956
10957
10958
22154
5002
10941
10943
10944
10946
18032
4996
10962
10963
10966
22164
5004
10969
10970
10973
22171
3282
5005
10417
10983
10985
10987
10988
18058
4999
10418
10977
10978
10979
22178
3282
5000
10991
10992
10993
10995
18059
5008
10419
10984
10985
10986
22188
5009
10969
10971
10972
10974
18060
5003
10990
10991
10994
22198
5011
10434
18086
19507
19508
19509
5007
18087
19513
19514
19517
5013
18088
19520
19521
19524
5014
10443
18114
19528
19529
19530
5012
18115
19534
19535
19538
5016
18116
19541
19542
19545
6619
11030
11031
11032
6621
11037
11038
11039
3436
6623
11044
11045
11046
3295
3328
11050
3297
3331
3438
11051
11053
11054
3299
3334
11058
11059
11060
3337
3440
11065
11066
3301
3338
3441
11070
11071
11072
11081
11082
11083
3304
6668
19549
19550
19551
3444
6671
11096
11097
11098
3307
3445
6672
19556
19557
19558
11103
11104
11105
19563
19564
19565
3308
3310
11102
11104
11106
11108
16964
19562
19564
19566
19568
3312
3448
11116
11117
11118
3449
16967
19570
19571
19572
3314
3450
11115
11118
11120
11121
16968
19569
19572
19574
19575
11123
11124
11125
3311
3314
6649
6651
6653
6655
3315
3316
11122
11124
11126
11128
16971
19577
19579
19581
11130
11131
11132
3454
11137
11138
11139
3315
3455
11129
11132
11134
11135
16974
3318
3456
11136
11139
11141
11142
16975
19584
19585
19587
19577
19578
19579
3320
6675
11148
11149
11150
3461
6678
19584
19585
19586
3322
3462
6679
11163
11164
11165
11170
11171
11172
3324
6682
11177
11178
11179
3465
6685
11186
11187
11188
3325
3466
6686
11193
11194
11195
11199
11200
3344
3469
11202
11203
3329
3354
11210
11211
11212
3332
3358
3471
11221
11222
11223
11228
11229
11230
19591
19592
19593
3333
3335
11227
11229
11231
11233
16978
19590
19592
19594
19596
3337
3473
11241
11242
11243
3474
16981
19598
19599
19600
3339
3475
11240
11243
11245
11246
16982
19597
19600
19602
19603
3336
3338
11059
11060
11063
16957
16958
16961
16962
3336
3339
16957
16959
16961
16963
3340
6669
21522
19605
19606
19607
3340
3479
6671
11070
11072
11074
19604
19606
19608
19610
3340
3480
19604
19607
19609
19610
21525
3481
6673
21526
11248
11249
11250
3343
3346
6684
6689
6691
6693
6695
3347
3348
11247
11249
11251
11253
11269
11271
11273
16985
6686
11255
11256
11257
3486
11262
11263
11264
3347
3487
6688
11254
11257
11259
11260
16988
3350
3488
11261
11264
11266
11267
11283
11284
11286
16989
11269
11270
11271
3361
11276
11277
3364
3493
11283
11284
11285
3365
3494
11290
11291
3355
3375
11299
11300
11301
3359
3379
3497
11310
11311
11312
3356
3358
6698
6699
6702
6703
11211
11212
11215
3356
3359
6698
6700
6702
6704
11299
11301
11303
3360
16979
16992
11317
11318
11319
3360
3499
11221
11223
11225
11316
11318
11320
11322
16981
3360
3500
11310
11311
11313
11316
11319
11321
11322
16995
3501
16983
16996
19612
19613
19614
3363
3366
16987
3367
3368
16999
19611
19613
19615
19617
19626
19628
19630
3366
11283
11285
11287
16989
19618
19620
19622
19624
3370
3506
19619
19620
19621
3367
3507
16991
17002
3371
3508
17003
19618
19621
19623
19624
19633
19634
19636
19626
19627
19628
3382
11324
11325
11329
11330
3385
3513
19633
19634
19635
3386
3514
11334
11335
3376
3391
11340
11341
11342
3380
3394
3518
11347
11348
11349
3377
3379
6710
6711
6714
6715
11300
11301
11304
19640
19641
19642
3381
6721
16993
19639
19641
19643
19645
11353
11354
11355
3381
3520
11310
11312
11314
11352
11354
11356
11358
16995
3521
6724
19647
19648
19649
3522
6725
16997
19646
19649
19651
19652
11360
11361
11362
3384
3387
17001
3388
3389
11359
11361
11363
11365
11374
11376
11378
17006
3387
11366
11368
11370
11372
17003
19633
19635
19637
3527
11367
11368
11369
3388
3528
17005
17009
3390
3529
11366
11369
11371
11372
11383
11384
11386
17010
11374
11375
11376
3399
3534
11383
11384
11385
11390
11391
11392
11397
11398
3404
6722
19654
19655
19656
3536
6724
11404
11405
11406
3407
3537
11411
11412
3408
3538
6726
19661
19662
19663
3400
11419
11421
11423
11425
17008
17013
17015
17017
17019
3411
11420
11421
11422
17010
19668
19669
19670
3414
3542
11430
11433
11435
11436
17012
19667
19670
19672
19673
3415
3543
11431
11432
11433
3405
3421
11437
11438
3409
3422
3547
11440
11441
3406
3408
6728
6729
6732
6733
19655
19656
19659
11444
11445
11446
3410
3423
11443
11445
11447
11449
17021
11451
11452
11453
3410
3549
11450
11452
11454
11456
17023
19661
19663
19665
3424
3550
11458
11459
11460
3425
3551
11457
11460
11462
11463
17025
11465
11466
11467
3416
17029
19674
19676
19678
19680
3418
3426
19675
19676
19677
3416
11471
11473
11475
11477
17031
3419
3556
11472
11473
11474
3429
3557
17033
19681
19684
19686
19687
3420
3430
3558
19682
19683
19684
11478
11479
11481
11482
3434
3563
11484
11485
11487
11488
3424
3566
11490
11491
3425
17034
17035
17038
17039
19689
19690
19691
3568
19688
19690
19692
19694
3428
3430
6740
6741
6744
19676
19677
19680
3428
3431
3432
3433
6745
11494
11496
11498
3430
3431
3432
3434
3571
11501
11503
11505
19682
19684
19686
3432
3572
6748
3435
3573
6749
11508
11509
11511
11494
11495
11496
11501
11502
11503
3437
3578
11508
11509
11510
6747
11515
11516
11517
6749
11522
11523
11524
3440
3473
11528
3442
3476
3582
11529
11531
11532
3444
3479
11536
11537
11538
3482
3584
11543
11544
3446
3483
3585
11548
11549
11550
11559
11560
11561
3449
6787
19696
19697
19698
3588
6790
11574
11575
11576
3452
3589
6791
19703
19704
19705
11581
11582
11583
19710
19711
19712
3453
3455
11580
11582
11584
11586
17067
19709
19711
19713
19715
3457
3592
11594
11595
11596
3593
17070
19717
19718
19719
3459
3594
11593
11596
11598
11599
17071
19716
19719
19721
19722
11601
11602
11603
3456
3459
6768
6770
6772
6774
3460
3461
11600
11602
11604
11606
17074
19724
19726
19728
11608
11609
11610
3598
11615
11616
11617
3460
3599
11607
11610
11612
11613
17077
3463
3600
11614
11617
11619
11620
17078
19731
19732
19734
19724
19725
19726
3465
6794
11626
11627
11628
3605
6797
19731
19732
19733
3467
3606
6798
11641
11642
11643
11648
11649
11650
3469
6801
11655
11656
11657
3609
6804
11664
11665
11666
3470
3610
6805
11671
11672
11673
11677
11678
3489
3613
11680
11681
3474
3499
11688
11689
11690
3477
3503
3615
11699
11700
11701
11706
11707
11708
19738
19739
19740
3478
3480
11705
11707
11709
11711
17081
19737
19739
19741
19743
3482
3617
11719
11720
11721
3618
17084
19745
19746
19747
3484
3619
11718
11721
11723
11724
17085
19744
19747
19749
19750
3481
3483
11537
11538
11541
17060
17061
17064
17065
3481
3484
17060
17062
17064
17066
3485
6788
21578
19752
19753
19754
3485
3623
6790
11548
11550
11552
19751
19753
19755
19757
3485
3624
19751
19754
19756
19757
21581
3625
6792
21582
11726
11727
11728
3488
3491
6803
6808
6810
6812
6814
3492
3493
11725
11727
11729
11731
11747
11749
11751
17088
6805
11733
11734
11735
3630
11740
11741
11742
3492
3631
6807
11732
11735
11737
11738
17091
3495
3632
11739
11742
11744
11745
11761
11762
11764
17092
11747
11748
11749
3506
11754
11755
3509
3637
11761
11762
11763
3510
3638
11768
11769
3500
3520
11777
11778
11779
3504
3524
3641
11788
11789
11790
3501
3503
6817
6818
6821
6822
11689
11690
11693
3501
3504
6817
6819
6821
6823
11777
11779
11781
3505
17082
17095
11795
11796
11797
3505
3643
11699
11701
11703
11794
11796
11798
11800
17084
3505
3644
11788
11789
11791
11794
11797
11799
11800
17098
3645
17086
17099
19759
19760
19761
3508
3511
17090
3512
3513
17102
19758
19760
19762
19764
19773
19775
19777
3511
11761
11763
11765
17092
19765
19767
19769
19771
3515
3650
19766
19767
19768
3512
3651
17094
17105
3516
3652
17106
19765
19768
19770
19771
19780
19781
19783
19773
19774
19775
3527
11802
11803
11807
11808
3530
3657
19780
19781
19782
3531
3658
11812
11813
3521
3536
11818
11819
11820
3525
3539
3662
11825
11826
11827
3522
3524
6829
6830
6833
6834
11778
11779
11782
19787
19788
19789
3526
6840
17096
19786
19788
19790
19792
11831
11832
11833
3526
3664
11788
11790
11792
11830
11832
11834
11836
17098
3665
6843
19794
19795
19796
3666
6844
17100
19793
19796
19798
19799
11838
11839
11840
3529
3532
17104
3533
3534
11837
11839
11841
11843
11852
11854
11856
17109
3532
11844
11846
11848
11850
17106
19780
19782
19784
3671
11845
11846
11847
3533
3672
17108
17112
3535
3673
11844
11847
11849
11850
11861
11862
11864
17113
11852
11853
11854
3544
3678
11861
11862
11863
11868
11869
11870
11875
11876
3549
6841
19801
19802
19803
3680
6843
11882
11883
11884
3552
3681
11889
11890
3553
3682
6845
19808
19809
19810
3545
11897
11899
11901
11903
17111
17116
17118
17120
17122
3556
11898
11899
11900
17113
19815
19816
19817
3559
3686
11908
11911
11913
11914
17115
19814
19817
19819
19820
3560
3687
11909
11910
11911
3550
3566
11915
11916
3554
3567
3691
11918
11919
3551
3553
6847
6848
6851
6852
19802
19803
19806
11922
11923
11924
3555
3568
11921
11923
11925
11927
17124
11929
11930
11931
3555
3693
11928
11930
11932
11934
17126
19808
19810
19812
3569
3694
11936
11937
11938
3570
3695
11935
11938
11940
11941
17128
11943
11944
11945
3561
17132
19821
19823
19825
19827
3563
3571
19822
19823
19824
3561
11949
11951
11953
11955
17134
3564
3700
11950
11951
11952
3574
3701
17136
19828
19831
19833
19834
3565
3575
3702
19829
19830
19831
11956
11957
11959
11960
3579
3707
11962
11963
11965
11966
3569
3710
11968
11969
3570
17137
17138
17141
17142
19836
19837
19838
3712
19835
19837
19839
19841
21587
3573
3575
6859
6860
6863
19823
19824
19827
3573
3576
3577
3578
6864
11972
11974
11976
3575
3576
3577
3579
3715
11979
11981
11983
19829
19831
19833
3577
3716
6866
3580
3717
6867
11986
11987
11989
11972
11973
11974
11979
11980
11981
3581
3722
11986
11987
11988
6867
11993
11994
11995
3584
3617
11999
3586
3620
3726
12000
12002
12003
3588
3623
12007
12008
12009
3626
3728
12014
12015
3590
3627
3729
12019
12020
12021
12030
12031
12032
3593
6905
19843
19844
19845
3732
6908
12045
12046
12047
3596
3733
6909
19850
19851
19852
12052
12053
12054
19857
19858
19859
3597
3599
12051
12053
12055
12057
17171
19856
19858
19860
19862
3601
3736
12065
12066
12067
3737
17174
19864
19865
19866
3603
3738
12064
12067
12069
12070
17175
19863
19866
19868
19869
12072
12073
12074
3600
3603
6886
6888
6890
6892
3604
3605
12071
12073
12075
12077
17178
19871
19873
19875
12079
12080
12081
3742
12086
12087
12088
3604
3743
12078
12081
12083
12084
17181
3607
3744
12085
12088
12090
12091
17182
19878
19879
19881
19871
19872
19873
3609
6912
12097
12098
12099
3749
6915
19878
19879
19880
3611
3750
6916
12112
12113
12114
12119
12120
12121
3613
6919
12126
12127
12128
3753
6922
12135
12136
12137
3614
3754
6923
12142
12143
12144
12148
12149
3633
3757
12151
12152
3618
3643
12159
12160
12161
3621
3647
3759
12170
12171
12172
12177
12178
12179
19885
19886
19887
3622
3624
12176
12178
12180
12182
17185
19884
19886
19888
19890
3626
3761
12190
12191
12192
3762
17188
19892
19893
19894
3628
3763
12189
12192
12194
12195
17189
19891
19894
19896
19897
3625
3627
12008
12009
12012
17164
17165
17168
17169
3625
3628
17164
17166
17168
17170
3629
6906
21618
19899
19900
19901
3629
3767
6908
12019
12021
12023
19898
19900
19902
19904
3629
3768
19898
19901
19903
19904
21621
3769
6910
21622
12197
12198
12199
3632
3635
6921
6926
6928
6930
6932
3636
3637
12196
12198
12200
12202
12218
12220
12222
17192
6923
12204
12205
12206
3774
12211
12212
12213
3636
3775
6925
12203
12206
12208
12209
17195
3639
3776
12210
12213
12215
12216
12232
12233
12235
17196
12218
12219
12220
3650
12225
12226
3653
3781
12232
12233
12234
3654
3782
12239
12240
3644
3664
12248
12249
12250
3648
3668
3785
12259
12260
12261
3645
3647
6935
6936
6939
6940
12160
12161
12164
3645
3648
6935
6937
6939
6941
12248
12250
12252
3649
17186
17199
12266
12267
12268
3649
3787
12170
12172
12174
12265
12267
12269
12271
17188
3649
3788
12259
12260
12262
12265
12268
12270
12271
17202
3789
17190
17203
19906
19907
19908
3652
3655
17194
3656
3657
17206
19905
19907
19909
19911
19920
19922
19924
3655
12232
12234
12236
17196
19912
19914
19916
19918
3659
3794
19913
19914
19915
3656
3795
17198
17209
3660
3796
17210
19912
19915
19917
19918
19927
19928
19930
19920
19921
19922
3671
12273
12274
12278
12279
3674
3801
19927
19928
19929
3675
3802
12283
12284
3665
3680
12289
12290
12291
3669
3683
3806
12296
12297
12298
3666
3668
6947
6948
6951
6952
12249
12250
12253
19934
19935
19936
3670
6958
17200
19933
19935
19937
19939
12302
12303
12304
3670
3808
12259
12261
12263
12301
12303
12305
12307
17202
3809
6961
19941
19942
19943
3810
6962
17204
19940
19943
19945
19946
12309
12310
12311
3673
3676
17208
3677
3678
12308
12310
12312
12314
12323
12325
12327
17213
3676
12315
12317
12319
12321
17210
19927
19929
19931
3815
12316
12317
12318
3677
3816
17212
17216
3679
3817
12315
12318
12320
12321
12332
12333
12335
17217
12323
12324
12325
3688
3822
12332
12333
12334
12339
12340
12341
12346
12347
3693
6959
19948
19949
19950
3824
6961
12353
12354
12355
3696
3825
12360
12361
3697
3826
6963
19955
19956
19957
3689
12368
12370
12372
12374
17215
17220
17222
17224
17226
3700
12369
12370
12371
17217
19962
19963
19964
3703
3830
12379
12382
12384
12385
17219
19961
19964
19966
19967
3704
3831
12380
12381
12382
3694
3710
12386
12387
3698
3711
3835
12389
12390
3695
3697
6965
6966
6969
6970
19949
19950
19953
12393
12394
12395
3699
3712
12392
12394
12396
12398
17228
12400
12401
12402
3699
3837
12399
12401
12403
12405
17230
19955
19957
19959
3713
3838
12407
12408
12409
3714
3839
12406
12409
12411
12412
17232
12414
12415
12416
3705
17236
19968
19970
19972
19974
3707
3715
19969
19970
19971
3705
12420
12422
12424
12426
17238
3708
3844
12421
12422
12423
3718
3845
17240
19975
19978
19980
19981
3709
3719
3846
19976
19977
19978
12427
12428
12430
12431
3723
3851
12433
12434
12436
12437
3713
3854
12439
12440
3714
17241
17242
17245
17246
19983
19984
19985
3858
19982
19984
19986
19988
21627
3717
3719
6977
6978
6981
19970
19971
19974
3717
3720
3721
3722
6982
12443
12445
12447
3719
3720
3721
3723
3865
12450
12452
12454
19976
19978
19980
3721
3866
6984
3724
3867
6985
12457
12458
12460
12443
12444
12445
12450
12451
12452
3725
3872
12457
12458
12459
6985
12464
12465
12466
3728
3761
12470
3730
3764
3880
12471
12473
12474
3732
3767
12478
12479
12480
3770
3882
12485
12486
3734
3771
3883
12490
12491
12492
12501
12502
12503
3737
7023
19990
19991
19992
3886
7026
12516
12517
12518
3740
3887
7027
19997
19998
19999
12523
12524
12525
20004
20005
20006
3741
3743
12522
12524
12526
12528
17255
20003
20005
20007
20009
3745
3890
12536
12537
12538
3891
17258
20011
20012
20013
3747
3892
12535
12538
12540
12541
17259
20010
20013
20015
20016
12543
12544
12545
3744
3747
7004
7006
7008
7010
3748
3749
12542
12544
12546
12548
17262
20018
20020
20022
12550
12551
12552
3896
12557
12558
12559
3748
3897
12549
12552
12554
12555
17265
3751
3898
12556
12559
12561
12562
17266
20025
20026
20028
20018
20019
20020
3753
7030
12568
12569
12570
3903
7033
20025
20026
20027
3755
3904
7034
12583
12584
12585
12590
12591
12592
3757
7037
12597
12598
12599
3907
7040
12606
12607
12608
3758
3908
7041
12613
12614
12615
12619
12620
3777
3911
12622
12623
3762
3787
12630
12631
12632
3765
3791
3913
12641
12642
12643
12648
12649
12650
20032
20033
20034
3766
3768
12647
12649
12651
12653
17269
20031
20033
20035
20037
3770
3915
12661
12662
12663
3916
17272
20039
20040
20041
3772
3917
12660
12663
12665
12666
17273
20038
20041
20043
20044
3769
3771
12479
12480
12483
17248
17249
17252
17253
3769
3772
17248
17250
17252
17254
3773
7024
21630
20046
20047
20048
3773
3921
7026
12490
12492
12494
20045
20047
20049
20051
3773
3922
20045
20048
20050
20051
21633
3923
7028
21634
12668
12669
12670
3776
3779
7039
7044
7046
7048
7050
3780
3781
12667
12669
12671
12673
12689
12691
12693
17276
7041
12675
12676
12677
3928
12682
12683
12684
3780
3929
7043
12674
12677
12679
12680
17279
3783
3930
12681
12684
12686
12687
12703
12704
12706
17280
12689
12690
12691
3794
12696
12697
3797
3935
12703
12704
12705
3798
3936
12710
12711
3788
3808
12719
12720
12721
3792
3812
3939
12730
12731
12732
3789
3791
7053
7054
7057
7058
12631
12632
12635
3789
3792
7053
7055
7057
7059
12719
12721
12723
3793
17270
17283
12737
12738
12739
3793
3941
12641
12643
12645
12736
12738
12740
12742
17272
3793
3942
12730
12731
12733
12736
12739
12741
12742
17286
3943
17274
17287
20053
20054
20055
3796
3799
17278
3800
3801
17290
20052
20054
20056
20058
20067
20069
20071
3799
12703
12705
12707
17280
20059
20061
20063
20065
3803
3948
20060
20061
20062
3800
3949
17282
17293
3804
3950
17294
20059
20062
20064
20065
20074
20075
20077
20067
20068
20069
3815
12744
12745
12749
12750
3818
3955
20074
20075
20076
3819
3956
12754
12755
3809
3824
12760
12761
12762
3813
3827
3960
12767
12768
12769
3810
3812
7065
7066
7069
7070
12720
12721
12724
20081
20082
20083
3814
7076
17284
20080
20082
20084
20086
12773
12774
12775
3814
3962
12730
12732
12734
12772
12774
12776
12778
17286
3963
7079
20088
20089
20090
3964
7080
17288
20087
20090
20092
20093
12780
12781
12782
3817
3820
17292
3821
3822
12779
12781
12783
12785
12794
12796
12798
17297
3820
12786
12788
12790
12792
17294
20074
20076
20078
3969
12787
12788
12789
3821
3970
17296
17300
3823
3971
12786
12789
12791
12792
12803
12804
12806
17301
12794
12795
12796
3832
3976
12803
12804
12805
12810
12811
12812
12817
12818
3837
7077
20095
20096
20097
3978
7079
12824
12825
12826
3840
3979
12831
12832
3841
3980
7081
20102
20103
20104
3833
12839
12841
12843
12845
17299
17304
17306
17308
17310
3844
12840
12841
12842
17301
20109
20110
20111
3847
3984
12850
12853
12855
12856
17303
20108
20111
20113
20114
3848
3985
12851
12852
12853
3838
3854
12857
12858
3842
3856
3989
12860
12861
3839
3841
7083
7084
7087
7088
20096
20097
20100
12864
12865
12866
3843
3858
12863
12865
12867
12869
17312
12871
12872
12873
3843
3991
12870
12872
12874
12876
17314
20102
20104
20106
3861
3992
12878
12879
12880
3862
3993
12877
12880
12882
12883
17316
12885
12886
12887
3849
17320
20115
20117
20119
20121
3851
3865
20116
20117
20118
3849
12891
12893
12895
12897
17322
3852
3998
12892
12893
12894
3868
3999
17324
20122
20125
20127
20128
3853
3869
4000
20123
20124
20125
12898
12899
12901
12902
3873
4005
12904
12905
12907
12908
3859
3875
12910
12911
12912
3861
4008
12915
12916
3863
3876
4009
12918
12919
12920
3860
3862
17325
17326
17329
17330
20130
20131
20132
3864
3877
20129
20131
20133
20135
21638
20137
20138
20139
3864
4012
20136
20138
20140
20142
21640
3878
4013
20144
20145
20146
3879
4014
20143
20146
20148
20149
21642
3867
3869
7095
7096
7099
20117
20118
20121
3867
3870
3871
3872
12924
12926
12928
3869
3870
3871
3873
4019
12931
12933
12935
20123
20125
20127
3871
4020
3874
4021
12938
12939
12941
12924
12925
12926
12931
12932
12933
4026
12938
12939
12940
12945
12946
12947
3878
4029
12952
12953
12954
3879
3879
12952
12954
12956
20144
20146
20148
4031
3882
3915
12958
3884
3918
4034
12959
12961
12962
3886
3921
12966
12967
12968
3924
4036
12973
12974
3888
3925
4037
12978
12979
12980
12989
12990
12991
3891
7129
20151
20152
20153
4040
7132
13004
13005
13006
3894
4041
7133
20158
20159
20160
13011
13012
13013
20165
20166
20167
3895
3897
13010
13012
13014
13016
17339
20164
20166
20168
20170
3899
4044
13024
13025
13026
4045
17342
20172
20173
20174
3901
4046
13023
13026
13028
13029
17343
20171
20174
20176
20177
13031
13032
13033
3898
3901
7110
7112
7114
7116
3902
3903
13030
13032
13034
13036
17346
20179
20181
20183
13038
13039
13040
4050
13045
13046
13047
3902
4051
13037
13040
13042
13043
17349
3905
4052
13044
13047
13049
13050
17350
20186
20187
20189
20179
20180
20181
3907
7136
13056
13057
13058
4057
7139
20186
20187
20188
3909
4058
7140
13071
13072
13073
13078
13079
13080
3911
7143
13085
13086
13087
4061
7146
13094
13095
13096
3912
4062
7147
13101
13102
13103
13107
13108
3931
4065
13110
13111
3916
3941
13118
13119
13120
3919
3945
4067
13129
13130
13131
13136
13137
13138
20193
20194
20195
3920
3922
13135
13137
13139
13141
17353
20192
20194
20196
20198
3924
4069
13149
13150
13151
4070
17356
20200
20201
20202
3926
4071
13148
13151
13153
13154
17357
20199
20202
20204
20205
3923
3925
12967
12968
12971
17332
17333
17336
17337
3923
3926
17332
17334
17336
17338
3927
7130
21644
20207
20208
20209
3927
4075
7132
12978
12980
12982
20206
20208
20210
20212
3927
4076
20206
20209
20211
20212
21647
4077
7134
21648
13156
13157
13158
3930
3933
7145
7150
7152
7154
7156
3934
3935
13155
13157
13159
13161
13177
13179
13181
17360
7147
13163
13164
13165
4082
13170
13171
13172
3934
4083
7149
13162
13165
13167
13168
17363
3937
4084
13169
13172
13174
13175
13191
13192
13194
17364
13177
13178
13179
3948
13184
13185
3951
4089
13191
13192
13193
3952
4090
13198
13199
3942
3962
13207
13208
13209
3946
3966
4093
13218
13219
13220
3943
3945
7159
7160
7163
7164
13119
13120
13123
3943
3946
7159
7161
7163
7165
13207
13209
13211
3947
17354
17367
13225
13226
13227
3947
4095
13129
13131
13133
13224
13226
13228
13230
17356
3947
4096
13218
13219
13221
13224
13227
13229
13230
17370
4097
17358
17371
20214
20215
20216
3950
3953
17362
3954
3955
17374
20213
20215
20217
20219
20228
20230
20232
3953
13191
13193
13195
17364
20220
20222
20224
20226
3957
4102
20221
20222
20223
3954
4103
17366
17377
3958
4104
17378
20220
20223
20225
20226
20235
20236
20238
20228
20229
20230
3969
13232
13233
13237
13238
3972
4109
20235
20236
20237
3973
4110
13242
13243
3963
3978
13248
13249
13250
3967
3981
4114
13255
13256
13257
3964
3966
7171
7172
7175
7176
13208
13209
13212
20242
20243
20244
3968
7182
17368
20241
20243
20245
20247
13261
13262
13263
3968
4116
13218
13220
13222
13260
13262
13264
13266
17370
4117
7185
20249
20250
20251
4118
7186
17372
20248
20251
20253
20254
13268
13269
13270
3971
3974
17376
3975
3976
13267
13269
13271
13273
13282
13284
13286
17381
3974
13274
13276
13278
13280
17378
20235
20237
20239
4123
13275
13276
13277
3975
4124
17380
17384
3977
4125
13274
13277
13279
13280
13291
13292
13294
17385
13282
13283
13284
3986
4130
13291
13292
13293
13298
13299
13300
13305
13306
3991
7183
20256
20257
20258
4132
7185
13312
13313
13314
3994
4133
13319
13320
3995
4134
7187
20263
20264
20265
3987
13327
13329
13331
13333
17383
17388
17390
17392
17394
3998
13328
13329
13330
17385
20270
20271
20272
4001
4138
13338
13341
13343
13344
17387
20269
20272
20274
20275
4002
4139
13339
13340
13341
3992
4008
13345
13346
3996
4010
4143
13348
13349
3993
3995
7189
7190
7193
7194
20257
20258
20261
13352
13353
13354
3997
4012
13351
13353
13355
13357
17396
13359
13360
13361
3997
4145
13358
13360
13362
13364
17398
20263
20265
20267
4015
4146
13366
13367
13368
4016
4147
13365
13368
13370
13371
17400
13373
13374
13375
4003
17404
20276
20278
20280
20282
4005
4019
20277
20278
20279
4003
13379
13381
13383
13385
17406
4006
4152
13380
13381
13382
4022
4153
17408
20283
20286
20288
20289
4007
4023
4154
20284
20285
20286
13386
13387
13389
13390
4027
4155
13392
13393
13395
13396
4013
4029
13398
13399
13400
4015
4156
13403
13404
4017
4030
4157
13406
13407
13408
4014
4016
17409
17410
17413
17414
20291
20292
20293
4018
4031
20290
20292
20294
20296
21652
20298
20299
20300
4018
4160
20297
20299
20301
20303
21654
4032
4161
20305
20306
20307
4033
4162
20304
20307
20309
20310
21656
4021
4023
7201
7202
7205
20278
20279
20282
4021
4024
4025
4026
13412
13414
13416
4023
4024
4025
4027
4167
13419
13421
13423
20284
20286
20288
4025
4168
4028
4169
13426
13427
13429
13412
13413
13414
13419
13420
13421
4170
13426
13427
13428
13433
13434
13435
4032
4171
13440
13441
13442
4033
4033
13440
13442
13444
20305
20307
20309
4173
4036
4069
13446
4038
4072
4176
13447
13449
13450
4040
4075
13454
13455
13456
4078
4177
13461
13462
4042
4079
4178
13466
13467
13468
13477
13478
13479
4045
7235
20312
20313
20314
4179
7238
13492
13493
13494
4048
4180
7239
20319
20320
20321
13499
13500
13501
20326
20327
20328
4049
4051
13498
13500
13502
13504
17423
20325
20327
20329
20331
4053
4181
13512
13513
13514
4182
17426
20333
20334
20335
4055
4183
13511
13514
13516
13517
17427
20332
20335
20337
20338
13519
13520
13521
4052
4055
7216
7218
7220
7222
4056
4057
13518
13520
13522
13524
17430
20340
20342
20344
13526
13527
13528
4184
13533
13534
13535
4056
4185
13525
13528
13530
13531
17433
4059
4186
13532
13535
13537
13538
17434
20347
20348
20350
20340
20341
20342
4061
7242
13544
13545
13546
4191
7245
20347
20348
20349
4063
4192
7246
13559
13560
13561
13566
13567
13568
4065
7249
13573
13574
13575
4195
7252
13582
13583
13584
4066
4196
7253
13589
13590
13591
13595
13596
4085
4199
13598
13599
4070
4095
13606
13607
13608
4073
4099
4201
13617
13618
13619
13624
13625
13626
20354
20355
20356
4074
4076
13623
13625
13627
13629
17437
20353
20355
20357
20359
4078
4202
13637
13638
13639
4203
17440
20361
20362
20363
4080
4204
13636
13639
13641
13642
17441
20360
20363
20365
20366
4077
4079
13455
13456
13459
17416
17417
17420
17421
4077
4080
17416
17418
17420
17422
4081
7236
21658
20368
20369
20370
4081
4205
7238
13466
13468
13470
20367
20369
20371
20373
4081
4206
20367
20370
20372
20373
21661
4207
7240
21662
13644
13645
13646
4084
4087
7251
7256
7258
7260
7262
4088
4089
13643
13645
13647
13649
13665
13667
13669
17444
7253
13651
13652
13653
4208
13658
13659
13660
4088
4209
7255
13650
13653
13655
13656
17447
4091
4210
13657
13660
13662
13663
13679
13680
13682
17448
13665
13666
13667
4102
13672
13673
4105
4215
13679
13680
13681
4106
4216
13686
13687
4096
4116
13695
13696
13697
4100
4120
4219
13706
13707
13708
4097
4099
7265
7266
7269
7270
13607
13608
13611
4097
4100
7265
7267
7269
7271
13695
13697
13699
4101
17438
17451
13713
13714
13715
4101
4220
13617
13619
13621
13712
13714
13716
13718
17440
4101
4221
13706
13707
13709
13712
13715
13717
13718
17454
4222
17442
17455
20375
20376
20377
4104
4107
17446
4108
4109
17458
20374
20376
20378
20380
20389
20391
20393
4107
13679
13681
13683
17448
20381
20383
20385
20387
4111
4223
20382
20383
20384
4108
4224
17450
17461
4112
4225
17462
20381
20384
20386
20387
20396
20397
20399
20389
20390
20391
4123
13720
13721
13725
13726
4126
4230
20396
20397
20398
4127
4231
13730
13731
4117
4132
13736
13737
13738
4121
4135
4235
13743
13744
13745
4118
4120
7277
7278
7281
7282
13696
13697
13700
20403
20404
20405
4122
7288
17452
20402
20404
20406
20408
13749
13750
13751
4122
4236
13706
13708
13710
13748
13750
13752
13754
17454
4237
7291
20410
20411
20412
4238
7292
17456
20409
20412
20414
20415
13756
13757
13758
4125
4128
17460
4129
4130
13755
13757
13759
13761
13770
13772
13774
17465
4128
13762
13764
13766
13768
17462
20396
20398
20400
4239
13763
13764
13765
4129
4240
17464
17468
4131
4241
13762
13765
13767
13768
13779
13780
13782
17469
13770
13771
13772
4140
4246
13779
13780
13781
13786
13787
13788
13793
13794
4145
7289
20417
20418
20419
4248
7291
13800
13801
13802
4148
4249
13807
13808
4149
4250
7293
20424
20425
20426
4141
13815
13817
13819
13821
17467
17472
17474
17476
17478
4152
13816
13817
13818
17469
20431
20432
20433
4251
13826
13829
13831
13832
17471
20430
20433
20435
20436
4252
13827
13828
13829
4146
4156
13833
13834
4150
4158
4253
13836
13837
4147
4149
7295
7296
7299
7300
20418
20419
20422
13840
13841
13842
4151
4160
13839
13841
13843
13845
17480
13847
13848
13849
4151
4254
13846
13848
13850
13852
17482
20424
20426
20428
4163
4255
13854
13855
13856
4164
4256
13853
13856
13858
13859
17484
13861
13862
13863
17488
20437
20439
20441
20443
4155
4167
20438
20439
20440
13867
13868
13870
13871
4161
4171
13873
13874
13875
4163
4257
13878
13879
4165
4172
4258
13881
13882
13883
4162
4164
17493
17494
17497
17498
20445
20446
20447
4166
4173
20444
20446
20448
20450
21666
20452
20453
20454
4166
4259
20451
20453
20455
20457
21668
4174
4260
20459
20460
20461
4175
4261
20458
20461
20463
20464
21670
4169
7307
7308
7311
20439
20440
20443
4169
4170
13887
13889
13891
13887
13888
13889
13894
13895
13896
4174
4262
13901
13902
13903
4175
4175
13901
13903
13905
20459
20461
20463
4263
4177
4202
13907
13909
13910
4179
4205
13914
13915
13916
13925
13926
13927
4182
7341
20466
20467
20468
13932
13933
13934
20473
20474
20475
4185
13931
13933
13935
13937
17507
20472
20474
20476
20478
13939
13940
13941
4186
4189
7322
7324
7326
7328
4190
4191
13938
13940
13942
13944
17513
20480
20482
20484
13946
13947
13948
4264
13953
13954
13955
4190
13945
13948
13950
13951
17516
4193
4265
13952
13955
13957
13958
17517
20487
20488
20490
20480
20481
20482
4195
7344
13964
13965
13966
4266
7347
20487
20488
20489
4197
4267
7348
13979
13980
13981
13986
13987
13988
4199
7351
13993
13994
13995
4268
7354
14002
14003
14004
4200
4269
7355
14009
14010
14011
14015
14016
4211
4270
14018
14019
4203
4220
14026
14027
14028
14033
14034
14035
20494
20495
20496
4206
14032
14034
14036
14038
20493
20495
20497
20499
4207
13915
13916
13919
17500
17501
17504
17505
4207
17500
17502
17504
17506
7342
14040
14041
14042
4210
4213
7353
7358
7360
7362
7364
4214
4215
14039
14041
14043
14045
14061
14063
14065
17521
7355
14047
14048
14049
14054
14055
14056
4214
4271
7357
14046
14049
14051
14052
17524
4217
14053
14056
14058
14059
14075
14076
14078
17525
14061
14062
14063
4223
14068
14069
4226
14075
14076
14077
4227
14082
14083
4221
4236
14091
14092
14093
4222
7367
7368
7371
7372
14027
14028
14031
4222
7367
7369
7371
7373
14091
14093
14095
17520
17528
20501
20502
20503
4225
4228
17523
4229
4230
17531
20500
20502
20504
20506
20515
20517
20519
4228
14075
14077
14079
17525
20507
20509
20511
20513
4232
20508
20509
20510
4229
17527
17534
4233
17535
20507
20510
20512
20513
20522
20523
20525
20515
20516
20517
4239
14098
14099
14103
14104
4242
20522
20523
20524
4243
14108
14109
4237
4248
14114
14115
14116
4238
7379
7380
7383
7384
14092
14093
14096
20529
20530
20531
7390
17529
20528
20530
20532
20534
14120
14121
14122
4241
4244
17533
4245
4246
14119
14121
14123
14125
14134
14136
14138
17538
4244
14126
14128
14130
14132
17535
20522
20524
20526
14127
14128
14129
4245
17537
17541
4247
14126
14129
14131
14132
14143
14144
14146
14134
14135
14136
14143
14144
14145
14150
14151
14152
14157
14158
4254
7391
20536
20537
20538
14165
14167
14169
14171
17540
17543
17545
17547
17549
14166
14167
14168
4255
4257
14172
14173
4256
7393
7394
7397
7398
20537
20538
20541
14176
14177
14178
4259
14175
14177
14179
14181
14182
14183
4260
4262
14185
14186
14187
4261
17550
17551
17554
17555
20543
20544
20545
4263
20542
20544
20546
20548
14191
14192
14193
14198
14199
14200
4266
14197
14199
14201
14203
20550
20552
20554
20550
20551
20552
4268
7406
14209
14210
14211
14216
14217
14218
4270
7409
14223
14224
14225
14229
14230
7411
7412
7414
7416
7418
4274
4463
4276
4277
4278
4276
17634
4276
4277
4281
8813
17635
4283
17637
4284
8814
4282
4283
4284
4282
4283
4308
4282
4284
4309
8818
4283
4284
8819
4311
8820
4289
4290
4291
4292
4307
4289
4291
4290
4291
4294
5565
4289
4290
4308
5566
4311
4297
4312
5567
4298
4296
4297
4298
17557
4296
4298
4315
4297
4298
7419
4296
4297
4317
7420
17558
4318
17561
7421
17562
4301
4302
4303
4307
4301
4302
4309
6054
4311
4306
4313
6055
4305
4306
17557
4305
4306
4330
8837
17559
4332
17561
8838
17563
4311
4312
4313
17557
4311
4312
4311
4313
8841
4312
4313
8842
17560
17562
8843
17563
4318
4319
4320
4321
17564
4318
4320
4319
4320
4323
5572
4318
4319
5573
17565
17568
4326
5574
17569
4327
4325
4326
4327
4325
4327
4342
4326
4327
7440
4325
4326
4344
7441
4345
7442
4331
4332
4333
4334
17564
4331
4333
4336
6058
4332
4333
6059
17566
4338
17568
4340
6060
17570
4338
4339
4340
4338
4339
4356
4338
4340
8863
4339
4340
4358
8864
4360
8865
4345
4346
4347
4348
4345
4347
4346
4347
4350
5579
4345
4346
5580
4353
5581
4354
4352
4353
4354
4352
4354
4370
4353
4354
7461
4352
4353
4372
7462
4373
7463
4359
4360
4361
4362
4359
4360
4359
4361
4364
6064
4360
4361
6065
4366
4368
6066
4366
4367
4368
4366
4367
4366
4368
8883
4367
4368
4384
8884
4385
8885
4373
4374
4375
4376
17571
4373
4375
4374
4375
4378
5586
4373
4374
5587
17572
17575
4381
5588
17576
4382
4380
4381
4382
4391
4380
4382
4399
4381
4382
7482
4380
4381
4392
4401
7483
4395
4402
4396
7484
4385
4386
4387
17571
4385
4386
6071
17573
17575
4390
6072
17577
4389
4390
4391
4389
4390
4393
4405
8904
4395
4406
4397
8905
4395
4396
4397
17571
4395
4396
4408
4395
4397
4409
8908
4396
4397
8909
17574
4411
17576
8910
17577
4402
4403
4404
4407
4402
4404
4403
4404
4402
4403
4408
4411
4412
4406
4409
6075
4411
4411
4412
4413
4414
4411
4412
4411
4413
8930
4412
4413
4417
8931
4419
4420
8932
4418
4419
4420
4418
4419
4421
4418
4420
8937
4419
4420
8938
8939
4423
4484
4423
4485
8960
4487
4425
4430
4458
8966
4432
4460
4427
4431
4545
8968
4433
4547
4432
4433
4434
4432
4433
17579
4432
4434
8970
17580
4433
4434
8971
17582
8972
4439
4440
4441
4449
4462
4439
4441
4440
4441
4450
4439
4440
4463
4466
4453
4467
4455
4446
4447
4448
4449
17578
4446
4448
4447
4448
4451
5593
4446
4447
5595
17579
17582
4454
5596
17583
4455
4453
4454
4455
4453
4455
4755
4454
4455
7503
4453
4454
4756
7504
4757
7505
4459
4460
4461
4462
17578
4459
4461
4464
6077
4460
4461
6078
17580
4466
17582
4468
6079
17584
4466
4467
4468
4466
4467
17634
4466
4468
8988
4467
4468
8989
17636
17638
8990
4473
4474
4475
4476
4473
4475
4783
4474
4475
4478
5642
4473
4474
4784
5643
4785
4481
5644
4482
4480
4481
4482
4480
4482
4481
4482
7650
4480
4481
7651
7652
4487
4488
4489
4490
4487
4488
4487
4489
4492
6104
4488
4489
6105
4494
4496
6106
4494
4495
4496
4494
4495
4494
4496
9008
4495
4496
4497
9009
4498
9010
4498
4501
6111
4503
4503
4504
4505
4506
4503
4504
4503
4505
9029
4504
4505
4508
9030
4509
4510
9031
4509
4510
4509
17641
4509
4510
9036
17642
17644
9037
4512
4517
4546
9055
4519
4548
4514
4518
4597
9057
4520
4599
4519
4520
4521
4519
4520
4519
4521
9059
4520
4521
9060
9061
4526
4527
4528
4536
4526
4528
4527
4528
4537
5594
4526
4527
5595
4540
5597
4542
4533
4534
4535
4536
4533
4535
4534
4535
4538
5649
4533
4534
5651
4541
5652
4542
4540
4541
4542
4540
4542
7510
4541
4542
7671
4540
4541
7511
7672
7512
7673
4547
4548
4549
4547
4548
4547
4549
6113
4548
4549
6114
6115
4554
4555
4556
17585
4554
4556
4804
4555
4556
4554
4555
4805
17586
4806
17589
17590
4560
4561
17585
4560
17641
4560
4561
6120
17587
17643
17589
17645
6121
17591
4565
4566
17585
4565
4832
4565
4566
4833
9084
17588
4835
17590
9085
17591
4568
4570
4598
9099
4572
4600
4572
4573
4628
17593
4572
9101
17594
4573
4629
9102
17596
4631
4578
4579
4580
4588
4578
4580
4579
4580
4589
5650
4578
4579
5651
4592
5653
4594
4585
4586
4587
4588
17592
4585
4587
4586
4587
4590
5719
4585
4586
5721
17593
17596
4593
5722
17597
4594
4592
4593
4594
4592
4594
7678
4593
4594
7881
4592
4593
7679
7882
7680
7883
4599
4600
4601
17592
4599
4600
4599
4601
6125
4600
4601
6126
17594
17596
6127
17598
4603
4606
4834
6132
4608
4836
4608
4609
4610
4608
4609
17607
4608
4610
9134
4609
4610
9135
17608
17610
9136
4615
4616
4617
4618
4627
4615
4617
4616
4617
4619
5720
4615
4616
4628
5721
4631
4622
4632
5723
4624
4622
4623
4624
17599
4622
4624
7888
4623
4624
4661
4622
4623
4663
7889
17600
7890
17603
4664
17604
4626
4627
4634
4633
4638
6134
4631
4632
4633
17599
4631
4632
4631
4633
9150
4632
4633
9151
17601
17603
9152
17605
4637
4638
17599
4637
4682
4637
4638
4683
9157
17602
4685
17604
9158
17605
4643
4644
4645
4643
4645
8126
4644
4645
4643
4644
8127
8128
4648
4649
4650
17606
4648
4649
9176
17608
17610
4656
9177
17612
4654
4655
4656
4654
4655
4860
4654
4656
9180
4655
4656
4861
9181
4863
9182
4659
4689
4701
4659
4690
9198
4692
4664
4665
4666
4674
4664
4666
4665
4666
4675
5803
4664
4665
5804
4678
5805
4680
4671
4672
4673
4674
4688
4671
4673
4672
4673
4676
4671
4672
4689
4692
4679
4693
4680
4678
4679
4680
4678
4680
8140
4679
4680
4867
4678
4679
4868
8141
8142
4869
4685
4686
4687
4688
4685
4686
4685
4687
6143
4686
4687
4690
6144
4692
4694
6145
4692
4693
4694
4692
4693
17655
4692
4694
9204
4693
4694
9205
17656
17658
9206
4697
4860
4697
4699
4862
6150
4700
4864
4700
4707
17648
4700
9239
17649
17650
4703
17655
4703
4704
9248
17657
4705
17659
4705
9251
17662
17663
4710
4711
4712
4713
4710
4711
4710
4712
6153
4711
4712
4715
6154
4717
4719
6155
4717
4718
4719
4717
4718
4728
4717
4719
9258
4718
4719
4729
9259
4731
9260
4724
4725
4726
4734
4724
4726
8776
4725
4726
4724
4725
4735
8777
4738
8778
4739
4731
4732
4733
4734
4731
4732
4731
4733
6187
4732
4733
4736
6188
4738
4740
6189
4738
4739
4740
4738
4739
4742
4738
4740
9339
4739
4740
4743
9340
4745
9341
4745
4746
4747
4745
4746
4745
4747
6197
4746
4747
6198
6199
4750
4754
4750
4753
5566
4751
4753
4754
4762
4753
4754
4763
5568
4766
5569
4768
4757
4761
4757
4760
5600
4758
4760
4761
4762
4760
4761
4764
5601
4767
5602
4768
4766
4767
4768
4766
4768
7426
4767
4768
7524
4766
4767
7427
7525
7428
7526
4772
4775
4773
4775
4783
4772
4773
4774
4774
4785
4775
4786
4789
4780
4781
4782
4786
4780
4782
7496
4781
4782
4787
5635
4780
4781
5636
7497
7498
4788
5637
4789
4785
4789
4785
4788
7629
4786
4788
4789
4788
4789
7630
7631
4793
4796
4794
4796
4804
4793
4794
17641
4795
17644
4795
4806
17645
4796
4807
17646
4810
4801
4802
4803
4807
4801
4803
7664
4802
4803
4808
5712
4801
4802
5713
7665
7666
4809
5714
4810
4806
4810
4806
4809
7860
4807
4809
4810
4809
4810
7861
7863
4814
4817
4815
4817
4825
4814
4815
4832
4816
4835
4816
4827
4836
4817
4828
4837
4831
4822
4823
4824
4828
4822
4824
7874
4823
4824
4829
5796
4822
4823
5797
7875
7876
4830
5798
4831
4827
4831
4827
4830
8113
4828
4830
4831
4830
4831
8115
8116
4835
4836
4835
4838
9120
4836
4838
9121
4837
4837
4838
9122
4842
4845
4843
4845
4853
4842
4843
4860
4844
4863
4844
4855
4864
4845
4856
4865
4859
4850
4851
4852
4856
4850
4852
8378
4851
4852
4857
4850
4851
8379
8380
4858
4859
4855
4859
4855
4858
4907
17648
4856
17650
4858
4859
17651
4858
4859
4910
4911
17653
4863
4864
4863
4866
9225
4864
4866
9226
17649
4865
4865
17650
4866
17651
9227
17654
4869
4873
4869
4872
4870
4872
4873
4879
4872
4873
4880
4882
4884
4875
4877
4876
17663
4877
4879
17664
4884
4882
4883
4893
4882
4883
4884
4882
4884
4896
4883
4884
4897
4889
4890
4891
4902
4889
4891
8147
4890
4891
4903
4889
4890
8148
8149
4904
4905
4894
4898
4899
4894
4897
4895
4901
4897
4898
4902
4897
4898
4905
4901
4905
4901
4904
5053
17666
4902
17668
4904
4905
17669
4904
4905
5054
5056
17671
4908
4912
4920
4908
4911
4909
4922
4911
4912
4923
4911
4912
4926
4917
4918
4919
4923
4917
4919
8588
4918
4919
4924
6019
4917
4918
6020
8589
8590
4925
6021
4926
4922
4926
4922
4925
8763
4923
4925
4926
4925
4926
8765
8766
4934
14232
14233
14236
22205
5060
20556
20557
20560
5957
14240
14241
14242
22212
4931
4935
5061
5958
14246
14249
14250
14252
17673
17676
17677
17678
4938
5062
14232
14234
14235
14238
20556
20558
20559
20561
4939
5959
14247
14248
14249
22222
14253
14254
14257
22232
14260
14261
14264
22239
4938
8602
14274
14276
14278
14279
17904
4938
4949
14282
14283
14284
14287
17905
4950
8603
14268
14269
14270
22246
14260
14262
14263
14265
17906
8604
14275
14276
14277
22256
4952
14281
14282
14285
22266
4943
4947
4943
4946
8777
4944
4946
4947
4946
4947
8779
8780
4955
14288
14289
14292
22273
4953
14303
14304
14305
14307
17925
6160
14296
14297
14298
22280
4953
4956
6161
14309
14312
14313
14315
17926
14302
14303
14306
22290
4959
14289
14290
14291
14294
17927
4960
6162
14310
14311
14312
22297
14316
14317
14320
22307
4959
9286
14330
14332
14334
14335
17939
4959
4963
14338
14339
14340
14343
17940
4964
9287
14324
14325
14326
22314
14316
14318
14319
14321
17941
9288
14331
14332
14333
22324
4966
14337
14338
14341
22334
4969
14344
14345
14348
22341
4967
14359
14360
14361
14363
17953
6310
14352
14353
14354
22348
4967
4970
6311
14365
14368
14369
14371
17954
14358
14359
14362
22358
4973
14345
14346
14347
14350
17955
4974
6312
14366
14367
14368
22365
14372
14373
14376
22375
4973
9842
14386
14388
14390
14391
17967
4973
4977
14394
14395
14396
14399
17968
4978
9843
14380
14381
14382
22382
14372
14374
14375
14377
17969
9844
14387
14388
14389
22392
4980
14393
14394
14397
22402
4983
14400
14401
14404
22409
4981
14415
14416
14417
14419
17981
6460
14408
14409
14410
22416
4981
4984
6461
14421
14424
14425
14427
17982
14414
14415
14418
22426
4987
14401
14402
14403
14406
17983
4988
6462
14422
14423
14424
22433
14428
14429
14432
22443
4987
10396
14442
14444
14446
14447
17995
4987
4991
14450
14451
14452
14455
17996
4992
10398
14436
14437
14438
22450
14428
14430
14431
14433
17997
10399
14443
14444
14445
22459
4994
14449
14450
14453
22469
14456
14457
14458
22476
4995
14471
14472
14473
14475
18009
14464
14465
14466
22482
4995
14478
14479
14480
14482
18010
14470
14471
14474
22491
14457
14459
14460
14461
18011
14477
14478
14481
22498
14484
14485
14488
22505
5002
10403
14498
14500
14502
14503
18037
10404
14492
14493
14494
22512
5002
14506
14507
14508
14510
18038
10405
14499
14500
14501
22522
14484
14486
14487
14489
18039
14505
14506
14509
22532
14512
14513
14516
22539
5009
10424
14526
14528
14530
14531
18065
10425
14520
14521
14522
30894
5009
14534
14535
14536
14538
18066
19514
19517
19518
10426
14527
14528
14529
22546
14512
14514
14515
14517
18067
14533
14534
14537
30924
10437
18093
20564
20565
20566
18094
20570
20571
20574
18095
20577
20578
20581
10446
18121
20585
20586
20587
6611
18122
20591
20592
20595
18123
20598
20599
20602
5019
5020
5019
5031
5032
5021
5024
5025
5026
5024
5025
5039
5040
5029
5028
5029
5028
5029
5035
5036
5032
5033
5034
5032
5033
5037
5036
5037
5036
5037
5040
5041
5042
5040
5041
5045
5044
5045
5044
5045
18164
18165
5050
5051
5052
5063
5050
5052
8168
5051
5052
5064
5887
5050
5051
5888
8169
8170
5065
5889
5066
5056
5057
17897
5056
5059
5057
5059
5060
17912
17913
17915
5058
17900
5058
5062
17901
5059
5063
17902
5066
5062
5066
20556
20560
20561
5062
5065
8392
17904
5063
17906
5065
5066
17907
5065
5066
8393
8394
17909
5069
5073
16190
5069
5072
5074
22556
5070
5076
16192
5072
5073
5077
5088
16193
5072
5073
5089
22559
5079
5093
22563
5094
16196
5076
5079
22567
5076
5080
5228
5077
5079
5080
5081
5079
5080
5082
5232
22570
5086
22574
5087
5233
5085
5086
5087
5088
5086
5087
5236
22578
5085
5087
5237
14232
5085
5086
5090
14233
22583
5092
14234
5093
22589
5239
5092
5093
5094
17911
5093
5094
22594
5092
5093
14253
22599
5092
5094
14254
17914
14255
17916
22605
17917
5097
5100
5221
5097
5101
5102
22610
5098
5104
5100
5101
5105
5116
5100
5101
5117
5225
22613
5120
5226
5107
5122
22617
5104
5107
22621
5104
5108
5256
5105
5107
5108
5109
5107
5108
5110
5260
22624
5114
22628
5115
5261
5113
5114
5115
5116
5114
5115
5264
22632
5113
5114
5118
14288
22637
5113
5115
5265
14289
5121
14290
5122
22643
5267
5120
5121
5122
5120
5122
5243
22648
5121
5122
14302
22653
5120
5121
5245
14303
5246
14304
22659
5125
5128
5249
5125
5129
5130
22664
5126
5132
5128
5129
5133
5144
5128
5129
5145
5253
22667
5148
5254
5135
5150
22671
5132
5135
22675
5132
5136
5284
5133
5135
5136
5137
5135
5136
5138
5288
22678
5142
22682
5143
5289
5141
5142
5143
5144
5142
5143
5292
22686
5141
5142
5146
14344
22691
5141
5143
5293
14345
5149
14346
5150
22697
5295
5148
5149
5150
5148
5150
5271
22702
5149
5150
14358
22707
5148
5149
5273
14359
5274
14360
22713
5153
5156
5277
5153
5157
5158
22718
5154
5160
5156
5157
5161
5172
5156
5157
5173
5281
22721
5176
5282
5163
5178
22725
5160
5163
22729
5160
5164
5312
5161
5163
5164
5165
5163
5164
5166
5316
22732
5170
22736
5171
5317
5169
5170
5171
5172
5170
5171
5320
22740
5169
5170
5174
14400
22745
5169
5171
5321
14401
5177
14402
5178
22751
5323
5176
5177
5178
5176
5178
5299
22756
5177
5178
14414
22761
5176
5177
5301
14415
5302
14416
22767
5181
5184
5305
5181
5185
5186
22772
5182
5188
5184
5185
5189
5200
5184
5185
5201
5309
22775
5204
5310
5191
5206
22779
5188
5191
22783
5188
5192
5340
5189
5191
5192
5193
5191
5192
5194
5344
22786
5198
22790
5199
5345
5197
5198
5199
5200
5198
5199
5355
22794
5197
5198
5202
14456
22799
5197
5199
5357
14457
5205
14459
5206
22805
5358
5204
5205
5206
5204
5206
5327
22810
5205
5206
14470
22815
5204
5205
5329
14471
5330
14472
22821
14572
14573
14574
5213
6611
14580
14581
14582
14584
18241
18243
18245
19499
5211
5213
18149
19501
6612
14579
14580
14583
5212
14574
14575
14577
14578
18151
5213
6613
14582
14583
14584
14585
18152
6616
18154
19503
5216
5219
14572
5216
5220
18163
5217
18165
5219
5220
18166
5219
5220
14574
14575
18168
5223
5226
5223
5227
5229
22826
5224
5230
5226
5227
5231
5242
5226
5227
5243
22829
5246
5234
5248
22833
5230
5233
5230
5234
22837
5231
5233
5234
5235
5233
5234
5236
22840
5239
5241
22844
5239
5240
5241
5242
5239
5241
22848
5239
5240
14260
5240
5241
5244
14261
22853
5247
14262
5248
22859
5246
5247
5248
5246
5248
22864
5247
5248
14281
22869
5246
5247
14282
14283
22875
5251
5254
5251
5255
5257
22880
5252
5258
5254
5255
5259
5270
5254
5255
5271
22883
5274
5262
5276
22887
5258
5261
5258
5262
22891
5259
5261
5262
5263
5261
5262
5264
22894
5267
5269
22898
5267
5268
5269
5270
5267
5269
22902
5267
5268
14316
5268
5269
5272
14317
22907
5275
14318
5276
22913
5274
5275
5276
5274
5276
22918
5275
5276
14337
22923
5274
5275
14338
14339
22929
5279
5282
5279
5283
5285
22934
5280
5286
5282
5283
5287
5298
5282
5283
5299
22937
5302
5290
5304
22941
5286
5289
5286
5290
22945
5287
5289
5290
5291
5289
5290
5292
22948
5295
5297
22952
5295
5296
5297
5298
5295
5297
22956
5295
5296
14372
5296
5297
5300
14373
22961
5303
14374
5304
22967
5302
5303
5304
5302
5304
22972
5303
5304
14393
22977
5302
5303
14394
14395
22983
5307
5310
5307
5311
5313
22988
5308
5314
5310
5311
5315
5326
5310
5311
5327
22991
5330
5318
5332
22995
5314
5317
5314
5318
22999
5315
5317
5318
5319
5317
5318
5320
23002
5323
5325
23006
5323
5324
5325
5326
5323
5325
23010
5323
5324
14428
5324
5325
5328
14429
23015
5331
14430
5332
23021
5330
5331
5332
5330
5332
23026
5331
5332
14449
23031
5330
5331
14450
14451
23037
5336
5337
5337
5339
5341
23042
5336
5339
5348
23044
5338
5349
5338
5342
5339
5343
5350
5346
5353
23047
5342
5345
5342
5346
23050
5343
5345
5346
5354
5345
5346
5355
23053
5358
5360
23057
5349
5352
5368
5349
5353
23060
5350
5352
5353
5354
5352
5353
5356
5372
23063
5359
5373
5360
23067
5358
5359
5360
5358
5360
23071
5359
5360
5376
23075
5358
5359
5377
5380
23080
5363
5367
5389
5363
5366
5369
23084
5364
5370
5366
5367
5371
5382
5366
5367
5383
5393
23087
5374
5387
23091
5388
5394
5370
5373
5370
5374
23095
5371
5373
5374
5375
5373
5374
5376
23098
5380
5381
23102
5379
5380
5381
5382
5380
5381
23106
5379
5380
14457
5379
5381
5384
14458
23111
5386
14460
5387
23117
5386
5387
5388
5387
5388
5411
23122
5386
5387
14477
23127
5386
5388
5413
14478
14479
23133
5415
5391
5394
5391
5395
5397
23138
5392
5398
5394
5395
5399
5410
5394
5395
5411
23141
5415
5402
5416
23145
5398
5401
5424
5398
5402
23149
5399
5401
5402
5403
5401
5402
5404
5428
23152
5408
5429
5409
23156
5407
5408
5409
5410
5408
5409
5432
23160
5407
5408
5433
10941
5407
5409
5412
10942
23165
5414
10943
5436
5416
23171
5414
5415
5416
5415
5416
23176
5414
5416
10962
23181
5414
5415
10963
10964
23187
5419
5423
5445
5419
5422
5425
23192
5420
5426
5422
5423
5427
5438
5422
5423
5439
5449
23195
5430
5443
23199
5444
5450
5426
5429
5426
5430
23203
5427
5429
5430
5431
5429
5430
5432
23206
5436
5437
23210
5435
5436
5437
5438
5436
5437
23214
5435
5436
14484
5435
5437
5440
14485
23219
5442
14486
5443
23225
5442
5443
5444
5443
5444
5467
23230
5442
5443
14505
23235
5442
5444
5469
14506
14507
23241
5471
5447
5450
5447
5451
5453
23246
5448
5454
5450
5451
5455
5466
5450
5451
5467
23249
5471
5458
5472
23253
5454
5457
5480
5454
5458
23257
5455
5457
5458
5459
5457
5458
5460
5484
23260
5464
5485
5465
23264
5463
5464
5465
5466
5464
5465
5488
23268
5463
5464
5489
10969
5463
5465
5468
10970
23273
5470
10971
5492
5472
23279
5470
5471
5472
5471
5472
23284
5470
5472
10990
23289
5470
5471
10991
10992
23295
5475
5479
5501
5475
5478
5481
23300
5476
5482
5478
5479
5483
5494
5478
5479
5495
23303
5486
5499
23307
5500
5504
5482
5485
5482
5486
23311
5483
5485
5486
5487
5485
5486
5488
23314
5492
5493
23318
5491
5492
5493
5494
5492
5493
23322
5491
5492
14512
5491
5493
5496
14513
23327
5498
14514
5499
23333
5498
5499
5500
5499
5500
23338
5498
5499
14533
23343
5498
5500
5514
14534
14535
23349
5516
5502
5504
17744
30801
5503
5506
17745
31006
5504
5507
5513
17746
23354
5516
17749
31009
5506
5508
5521
18171
30804
5507
18172
31013
5508
5509
18173
23358
5512
5524
18176
31016
5511
5512
5513
18184
23362
5511
5512
5526
10997
18186
30807
5515
10998
18189
31025
5528
18190
31020
5515
5516
18177
23367
5515
5516
11009
18180
30813
11010
18182
31036
18183
31031
5518
5520
5533
17751
30819
5519
5522
17752
31042
5520
5523
5529
17753
23372
5532
5536
17756
31045
5522
5524
18192
30822
5523
18193
31049
5524
5525
18194
23376
5528
18197
31052
5527
5528
5529
18205
23380
5527
5528
14540
18207
30825
5531
14541
18210
31061
18211
31056
5531
5532
18198
23385
5531
5532
5546
14552
18201
30831
14553
18203
31072
5548
18204
31067
5534
5536
17765
30837
5535
5538
17766
31078
5536
5539
5545
17767
23390
5548
17770
31081
5538
5540
5553
18213
30840
5539
18214
31085
5540
5541
18215
23394
5544
5556
18218
31088
5543
5544
5545
18226
23398
5543
5544
5558
11013
18228
30843
5547
11014
18231
31097
5560
18232
31092
5547
5548
18219
23403
5547
5548
11025
18222
30848
11026
18224
31108
18225
31103
5550
5552
14572
17772
30854
5551
5554
17773
31114
5552
5555
5561
17774
23408
5563
14576
17777
31116
5554
5556
18234
30855
5555
18235
31117
5556
5557
18236
23410
5560
18239
31120
5559
5560
5561
18247
23413
5559
5560
14556
18249
30858
5564
14557
18252
31128
18253
31124
5563
5564
18240
23416
5563
5564
14568
14580
18243
30862
14581
18245
31131
14569
18246
31132
5567
5571
7419
5567
5569
5570
7421
5569
5571
7426
5570
7428
5571
7422
7429
7425
7432
5574
5578
7440
5574
5577
7420
5575
7442
5577
5578
7443
7447
5577
5578
7423
7448
7424
7451
7446
7453
5581
5585
7461
5581
5584
7441
5582
7463
5584
5585
7464
7468
5584
5585
7444
7469
7445
7472
7467
7474
5588
5592
7482
5588
5591
7462
5589
7484
5591
5592
7487
7489
5591
5592
7465
7490
7466
7493
7488
7495
5596
5599
7503
5597
5599
7510
5596
5597
5598
7505
5598
7512
5599
7506
7513
7509
7516
5602
5605
7504
5602
5606
7524
5603
7526
5605
5606
7527
7531
5605
5606
7507
7532
7508
7535
7530
7537
5611
5612
7427
7525
5611
5612
5613
7545
7552
5611
5613
7430
7546
5612
5613
7528
7553
7431
7549
7529
7556
7551
7558
5618
5619
5620
7566
7573
5618
5620
7449
7567
5619
5620
7547
7574
5618
5619
7450
7548
7452
7570
7550
7577
7572
7579
5625
5626
5627
7587
7594
5625
5627
7470
7588
5626
5627
7568
7595
5625
5626
7471
7569
7473
7591
7571
7598
7593
7600
5632
5633
5634
7609
7615
5632
5634
7491
7610
5633
5634
7589
7616
5632
5633
7492
7590
7494
7612
7592
7619
7614
7621
5637
5641
7630
5637
5640
7608
5638
7631
5640
5641
7632
7636
5640
5641
7611
7637
7613
7640
7635
7642
5644
5648
7650
5644
5647
7629
5645
7652
5647
5648
7655
7657
5647
5648
7633
7658
7634
7661
7656
7663
5652
5655
7671
5653
5655
7678
5652
5653
5654
7673
5654
7680
5655
7674
7681
7677
7684
5660
5661
7511
7672
5660
5661
5662
7692
7699
5660
5662
7514
7693
5661
5662
7675
7700
7515
7696
7676
7703
7698
7705
5667
5668
5669
7713
7720
5667
5669
7533
7714
5668
5669
7694
7721
5667
5668
7534
7695
7536
7717
7697
7724
7719
7726
5674
5675
5676
7734
7741
5674
5676
7554
7735
5675
5676
7715
7742
5674
5675
7555
7716
7557
7738
7718
7745
7740
7747
5681
5682
5683
7755
7762
5681
5683
7575
7756
5682
5683
7736
7763
5681
5682
7576
7737
7578
7759
7739
7766
7761
7768
5688
5689
5690
7776
7783
5688
5690
7596
7777
5689
5690
7757
7784
5688
5689
7597
7758
7599
7780
7760
7787
7782
7789
5695
5696
5697
7797
7804
5695
5697
7617
7798
5696
5697
7778
7805
5695
5696
7618
7779
7620
7801
7781
7808
7803
7810
5702
5703
5704
7818
7825
5702
5704
7638
7819
5703
5704
7799
7826
5702
5703
7639
7800
7641
7822
7802
7829
7824
7831
5709
5710
5711
7840
7846
5709
5711
7659
7841
5710
5711
7820
7847
5709
5710
7660
7821
7662
7843
7823
7850
7845
7852
5714
5718
7861
5714
5717
7839
5715
7863
5717
5718
7865
7867
5717
5718
7842
7868
7844
7871
7866
7873
5722
5725
7881
5723
5725
7888
5722
5723
5724
7883
5724
7890
5725
7884
7891
7887
7894
5730
5731
7679
7882
5730
5731
5732
7902
7909
5730
5732
7682
7903
5731
5732
7885
7910
7683
7906
7886
7913
7908
7915
5737
5738
5739
7923
7930
5737
5739
7701
7924
5738
5739
7904
7931
5737
5738
7702
7905
7704
7927
7907
7934
7929
7936
5744
5745
5746
7944
7951
5744
5746
7722
7945
5745
5746
7925
7952
5744
5745
7723
7926
7725
7948
7928
7955
7950
7957
5751
5752
5753
7965
7972
5751
5753
7743
7966
5752
5753
7946
7973
5751
5752
7744
7947
7746
7969
7949
7976
7971
7978
5758
5759
5760
7986
7993
5758
5760
7764
7987
5759
5760
7967
7994
5758
5759
7765
7968
7767
7990
7970
7997
7992
7999
5765
5766
5767
8007
8014
5765
5767
7785
8008
5766
5767
7988
8015
5765
5766
7786
7989
7788
8011
7991
8018
8013
8020
5772
5773
5774
8028
8035
5772
5774
7806
8029
5773
5774
8009
8036
5772
5773
7807
8010
7809
8032
8012
8039
8034
8041
5779
5780
5781
8049
8056
5779
5781
7827
8050
5780
5781
8030
8057
5779
5780
7828
8031
7830
8053
8033
8060
8055
8062
5786
5787
5788
8070
8077
5786
5788
7848
8071
5787
5788
8051
8078
5786
5787
7849
8052
7851
8074
8054
8081
8076
8083
5793
5794
5795
8092
8098
5793
5795
7869
8093
5794
5795
8072
8099
5793
5794
7870
8073
7872
8095
8075
8102
8097
8104
5798
5802
8115
5798
5801
8091
5799
8116
5801
5802
8117
8119
5801
5802
8094
8120
8096
8123
8118
8125
5805
5809
8140
5805
5808
7889
5806
8142
5808
5809
8133
8145
5808
5809
7892
8134
7893
8137
8139
8146
5814
5815
5816
8154
8164
5814
5816
7911
8155
5815
5816
8135
8165
5814
5815
7912
8136
7914
8158
8138
8166
8160
8167
5821
5822
5823
8175
8183
5821
5823
7932
8176
5822
5823
8156
8184
5821
5822
7933
8157
7935
8179
8159
8186
8181
8188
5828
5829
5830
8196
8203
5828
5830
7953
8197
5829
5830
8177
8204
5828
5829
7954
8178
7956
8200
8180
8207
8202
8209
5835
5836
5837
8217
8224
5835
5837
7974
8218
5836
5837
8198
8225
5835
5836
7975
8199
7977
8221
8201
8228
8223
8230
5842
5843
5844
8238
8245
5842
5844
7995
8239
5843
5844
8219
8246
5842
5843
7996
8220
7998
8242
8222
8249
8244
8251
5849
5850
5851
8259
8266
5849
5851
8016
8260
5850
5851
8240
8267
5849
5850
8017
8241
8019
8263
8243
8270
8265
8272
5856
5857
5858
8280
8287
5856
5858
8037
8281
5857
5858
8261
8288
5856
5857
8038
8262
8040
8284
8264
8291
8286
8293
5863
5864
5865
8301
8308
5863
5865
8058
8302
5864
5865
8282
8309
5863
5864
8059
8283
8061
8305
8285
8312
8307
8314
5870
5871
5872
8322
8329
5870
5872
8079
8323
5871
5872
8303
8330
5870
5871
8080
8304
8082
8326
8306
8333
8328
8335
5877
5878
5879
8343
8350
5877
5879
8100
8344
5878
5879
8324
8351
5877
5878
8101
8325
8103
8347
8327
8354
8349
8356
5884
5885
5886
8367
8371
5884
5886
8121
8368
5885
5886
8345
8372
5884
5885
8122
8346
8124
8369
8348
8375
8370
8377
5889
5893
8393
5889
5892
8182
5890
8394
5892
5893
8385
8395
5892
5893
8185
8386
8187
8389
8391
8398
5898
5899
5900
8406
8413
5898
5900
8205
8407
5899
5900
8387
8414
5898
5899
8206
8388
8208
8410
8390
8417
8412
8419
5905
5906
5907
8427
8434
5905
5907
8226
8428
5906
5907
8408
8435
5905
5906
8227
8409
8229
8431
8411
8438
8433
8440
5912
5913
5914
8448
8455
5912
5914
8247
8449
5913
5914
8429
8456
5912
5913
8248
8430
8250
8452
8432
8459
8454
8461
5919
5920
5921
8469
8476
5919
5921
8268
8470
5920
5921
8450
8477
5919
5920
8269
8451
8271
8473
8453
8480
8475
8482
5926
5927
5928
8490
8497
5926
5928
8289
8491
5927
5928
8471
8498
5926
5927
8290
8472
8292
8494
8474
8501
8496
8503
5933
5934
5935
8511
8518
5933
5935
8310
8512
5934
5935
8492
8519
5933
5934
8311
8493
8313
8515
8495
8522
8517
8524
5940
5941
5942
8532
8539
5940
5942
8331
8533
5941
5942
8513
8540
5940
5941
8332
8514
8334
8536
8516
8543
8538
8545
5947
5948
5949
8553
8560
5947
5949
8352
8554
5948
5949
8534
8561
5947
5948
8353
8535
8355
8557
8537
8564
8559
8566
5954
5955
5956
8577
8581
5954
5956
8373
8578
5955
5956
8555
8582
5954
5955
8374
8556
8376
8579
8558
8585
8580
8587
14656
14657
14660
23418
5962
8392
8602
14664
14665
14666
14669
16198
16199
16200
16202
8604
14663
14664
14667
23428
8595
8605
14671
14672
14673
23438
8396
8596
20606
20607
20608
8397
8599
8607
14670
14672
14674
14676
20605
20607
20609
20610
8601
14678
14679
14680
23448
8616
8623
14685
14686
14687
23458
8415
8617
20613
20614
20615
8597
14692
14693
14694
23468
5968
8416
8598
8624
14698
14701
14702
14704
16204
16207
16208
16209
8418
8620
8627
14684
14685
14688
14690
20612
20614
20616
20617
8600
8628
14699
14700
14701
23478
8622
14706
14707
14708
23488
8436
8637
20620
20621
20622
8437
8619
8640
20627
20628
20629
8439
8639
8642
20634
20635
20636
8457
8646
20641
20642
20643
8458
8638
8649
20648
20649
20650
8460
8648
8651
20655
20656
20657
5981
8655
14628
16085
16086
16090
16091
20661
20662
20665
20666
5981
8478
8656
16225
16226
16229
16231
20661
20663
20665
20667
16079
16080
16081
5981
8479
8647
14629
16085
16088
16089
16091
16225
16228
16229
16230
20879
20881
20882
8481
8659
14632
14633
16086
16087
16088
8661
20662
20663
20664
5988
5989
5990
8662
8669
5988
5990
8499
8663
5989
5990
8657
5988
5989
8500
8658
8502
8666
8660
8668
8670
5995
5996
5997
8678
8685
5995
5997
8520
8679
5996
5997
8664
8686
5995
5996
8521
8665
8523
8682
8667
8689
8684
8691
6002
6003
6004
8699
8706
6002
6004
8541
8700
6003
6004
8680
8707
6002
6003
8542
8681
8544
8703
8683
8710
8705
8712
6009
6010
6011
8720
8727
6009
6011
8562
8721
6010
6011
8701
8728
6009
6010
8563
8702
8565
8724
8704
8731
8726
8733
6016
6017
6018
8742
8748
6016
6018
8583
8743
6017
6018
8722
8749
6016
6017
8584
8723
8586
8745
8725
8752
8747
8754
6021
6025
8765
6021
6024
8741
6022
8766
6024
6025
8767
8772
6024
6025
8744
8773
8746
8774
8768
8775
6030
6031
6032
8783
6030
6032
8687
8784
6031
6032
6030
6031
8688
8690
8787
8789
6037
6038
6039
8790
6037
6039
8708
8791
6038
6039
8785
6037
6038
8709
8786
8711
8794
8788
8796
6044
6045
6046
8797
6044
6046
8729
8798
6045
6046
8792
6044
6045
8730
8793
8732
8801
8795
8803
6051
6052
6053
8807
6051
6053
8750
8808
6052
6053
8799
6051
6052
8751
8800
8753
8809
8802
8810
6055
6057
8841
6056
8838
8843
6057
8839
8844
8848
8846
8850
6060
6062
8863
6060
6063
8837
18394
6061
8865
18396
6062
6063
8866
8870
18397
8868
8873
8840
8874
18399
6066
6069
8883
6066
6070
8864
6067
8885
6069
6070
8886
8890
6069
6070
8867
8891
8888
8894
8869
8895
6072
6074
8884
18408
6073
8905
18410
6074
8906
8915
18411
8889
8917
18413
6076
8904
8930
8907
8935
8945
6079
6081
8988
6079
6082
8966
18422
6080
8990
18424
6081
6082
8991
8995
18425
8993
8998
8967
8999
18427
6085
6087
18381
18384
18386
6085
6088
6089
16240
16267
6087
6088
8857
8859
8861
6089
6233
16242
18388
18390
18392
6089
6234
16270
6235
16244
16271
6092
6094
8909
8912
8914
6092
6095
16248
6096
6098
16288
6094
6095
16250
18416
18418
18420
6096
6100
6240
8924
8926
8928
6096
6241
16252
16291
6102
6242
16292
6099
6101
6105
6108
6110
8938
8941
8943
6099
6102
6103
16295
6101
6102
8947
8949
8951
6103
6247
8954
8956
8958
9016
9018
9020
6103
6248
16298
6249
16299
6106
6109
8960
9008
6106
6110
6107
9010
6109
6110
9011
9015
6109
6110
8961
9016
8962
9013
9019
9020
6112
9009
9029
9014
9034
9042
6115
6118
8968
6115
6119
9055
6116
6118
6119
9077
6118
6119
9078
8969
9081
9056
9082
6121
6124
18444
18457
6122
18459
6124
9089
18460
6124
9090
18447
9092
18449
18462
6127
6130
9057
6127
6131
9099
18471
6128
18473
6130
6131
9113
18474
6130
6131
9114
9058
9117
9100
9118
18476
6133
9121
9134
9126
9139
9142
6135
9152
9158
9153
9159
9162
6138
6140
6138
6141
18485
18489
18490
6142
16380
16463
6140
6141
9165
9167
9169
18479
18481
18483
6142
6286
16382
6142
6287
16466
18493
18494
18496
6288
16384
16467
6145
6148
9157
6145
6149
9204
6146
9206
6148
6149
9207
9211
6148
6149
9160
9212
9161
9215
9209
9216
6152
9226
9239
6152
9229
9242
9231
9241
9244
6155
6158
6155
6159
9258
6156
9260
6158
6159
9261
9265
6158
6159
9240
9266
9269
9263
9270
8603
14744
14745
14748
23498
6166
9286
14752
14753
14754
14757
18535
9288
14751
14752
14755
23508
9279
9289
14759
14760
14761
23518
6166
8606
9280
14765
14768
14769
14770
18539
8608
9283
14766
14767
14768
23528
9284
9291
14758
14761
14762
14764
18541
9300
9307
14773
14774
14775
23538
6172
8625
9301
14786
14788
14790
14791
18565
8626
9281
14780
14781
14782
23548
6172
9282
9308
14793
14796
14797
14799
18566
8629
9304
14787
14788
14789
23558
9305
9311
14772
14774
14776
14778
18569
9285
9312
14794
14795
14796
23568
8641
9321
18593
20669
20670
20671
9303
9324
18594
20676
20677
20678
9323
9326
18597
20683
20684
20685
8650
9330
18621
20690
20691
20692
9322
9333
18622
20697
20698
20699
9332
9335
18625
20704
20705
20706
6182
6184
6188
6191
6193
6182
6185
16631
6186
6194
9339
9343
9344
6184
6185
16633
6186
6330
9347
9349
9351
6186
6195
6331
16635
6196
6332
9354
9355
9357
6189
6192
9259
6189
6193
9339
6190
9341
6192
6193
9342
9346
6192
6193
9262
9347
9264
9350
9344
9351
6196
6198
6201
6203
6196
16647
6344
9361
9363
9365
6199
6202
9340
6199
6203
6200
6202
6203
9360
6202
6203
9343
9361
9345
9364
9365
6206
6207
9393
9397
9404
6206
6207
8849
9398
8851
9395
9401
9402
9406
6211
6212
6213
9419
9426
18717
6211
6212
8871
9420
6211
6213
8872
9394
18718
8875
9423
18721
9424
9429
9396
9430
18722
6218
6219
6220
9439
9446
6218
6219
8892
9440
6218
6220
8893
9421
6219
6220
9422
9447
8896
9443
9444
9450
9425
9451
6223
6224
9460
9471
18731
6223
6224
8916
9441
18732
8918
9462
18735
9445
9473
18736
6226
8944
9461
9487
9463
9491
9501
6230
6231
6232
9544
9551
18745
6230
6231
8996
9545
6230
6232
8997
9522
18746
9000
9548
18749
9549
9554
9523
9555
18750
6235
6237
18705
18706
18709
6235
6238
6239
16656
6237
6238
9413
9415
9417
6239
6383
16658
18711
18713
18715
6239
6384
6385
16660
6242
6244
9466
9467
9470
6242
6245
16664
6246
6248
6244
6245
16666
18739
18741
18743
6246
6250
6390
9480
9482
9484
6246
6391
16668
6252
6392
6249
6251
6256
6257
6260
9495
9496
9499
6249
6252
6253
6251
6252
9503
9505
9507
6253
6397
9510
9512
9514
9572
9574
9576
6253
6398
6399
6258
6259
6260
9564
9571
6258
6259
9017
9516
9565
6258
6260
9018
6259
6260
9517
9572
9021
9568
9518
9569
9575
9576
6262
9041
9566
9586
9570
9590
9598
6267
6268
6269
9633
6267
6268
9079
9524
6267
6269
9080
9611
6268
6269
9634
9083
9525
9637
9612
9638
6273
6274
9645
18780
6273
6274
9091
18768
18781
6274
9646
18769
9093
18784
9648
18772
18785
6279
6280
6281
9669
18794
6279
6280
9115
9613
6279
6281
9116
9655
18795
6280
6281
9670
9119
18798
9614
9673
9656
9674
18799
6283
9141
9678
9691
9682
9695
9698
6285
9706
9713
9718
9163
9710
9716
6288
6290
6288
6291
18809
18811
18813
6292
16711
6290
6291
9721
9723
9725
18802
18804
18806
6292
6436
6292
6437
16714
18816
18817
18819
6438
16715
6297
6298
6299
9760
9767
6297
6298
9213
9714
6297
6299
9214
9761
6298
6299
9715
9768
9217
9764
9717
9771
9765
9772
6302
9243
9783
9795
6302
9784
9798
9787
9797
9800
6307
6308
6309
9814
9821
6307
6308
9267
6307
6309
9268
9815
6308
6309
9796
9822
9271
9818
9825
9819
9826
9287
14832
14833
14836
23578
6316
9842
14840
14841
14842
14845
18858
9844
14839
14840
14843
23588
9835
9845
14847
14848
14849
23598
6316
9290
9836
14853
14856
14857
14858
18862
9292
9839
14854
14855
14856
23608
9840
9847
14846
14849
14850
14852
18864
9856
9863
14861
14862
14863
23618
6322
9309
9857
14874
14876
14878
14879
18888
9310
9837
14868
14869
14870
23628
6322
9838
9864
14881
14884
14885
14887
18889
9313
9860
14875
14876
14877
23638
9861
9867
14860
14862
14864
14866
18892
9841
9868
14882
14883
14884
23648
9325
9877
18916
20711
20712
20713
9859
9880
18917
20718
20719
20720
9879
9882
18920
20725
20726
20727
9334
9886
18944
20732
20733
20734
9878
9889
18945
20739
20740
20741
9888
9891
18948
20746
20747
20748
6332
6334
6339
6340
6343
6332
6335
6336
6344
9896
9898
9900
6334
6335
6336
6480
9903
9905
9907
6336
6345
6481
6346
6482
9910
9911
9913
6341
6342
6343
9895
9902
6341
6342
9348
9816
6341
6343
9349
9896
6342
6343
9817
9903
9352
9899
9820
9906
9900
9907
6346
6349
6350
6353
6346
6494
9917
9919
9921
6351
6352
6353
9916
6351
6352
9362
9897
6351
6353
9363
6352
6353
9898
9917
9366
9901
9920
9921
6356
6357
9949
9953
9960
6356
6357
9405
9954
9407
9951
9957
9958
9962
6361
6362
6363
9975
9982
19040
6361
6362
9427
9976
6361
6363
9428
9950
19041
9431
9979
19044
9980
9985
9952
9986
19045
6368
6369
6370
9995
10002
6368
6369
9448
9996
6368
6370
9449
9977
6369
6370
9978
10003
9452
9999
10000
10006
9981
10007
6373
6374
10016
10027
19054
6373
6374
9472
9997
19055
9474
10018
19058
10001
10029
19059
6376
9500
10017
10043
10019
10047
10057
6380
6381
6382
10100
10107
19068
6380
6381
9552
10101
6380
6382
9553
10078
19069
9556
10104
19072
10105
10110
10079
10111
19073
6385
6387
19028
19029
19032
6385
6388
6389
16759
6387
6388
9969
9971
9973
6389
6533
16761
19034
19036
19038
6389
6534
6535
16763
6392
6394
10022
10023
10026
6392
6395
16767
6396
6398
6394
6395
16769
19062
19064
19066
6396
6400
6540
10036
10038
10040
6396
6541
16771
6402
6542
6399
6401
6406
6407
6410
10051
10052
10055
6399
6402
6403
6401
6402
10059
10061
10063
6403
6547
10066
10068
10070
10128
10130
10132
6403
6548
6549
6408
6409
6410
10120
10127
6408
6409
9573
10072
10121
6408
6410
9574
6409
6410
10073
10128
9577
10124
10074
10125
10131
10132
6412
9597
10122
10142
10126
10146
10154
6417
6418
6419
10189
6417
6418
9635
10080
6417
6419
9636
10167
6418
6419
10190
9639
10081
10193
10168
10194
6423
6424
10201
19103
6423
6424
9647
19091
19104
6424
10202
19092
9649
19107
10204
19095
19108
6429
6430
6431
10225
19117
6429
6430
9671
10169
6429
6431
9672
10211
19118
6430
6431
10226
9675
19121
10170
10229
10212
10230
19122
6433
9697
10234
10247
10238
10251
10254
6435
10262
10269
10274
9719
10266
10272
6438
6440
6438
6441
19132
19134
19136
6442
16814
6440
6441
10277
10279
10281
19125
19127
19129
6442
6586
6442
6587
16817
19139
19140
19142
6588
16818
6447
6448
6449
10316
10323
6447
6448
9769
10270
6447
6449
9770
10317
6448
6449
10271
10324
9773
10320
10273
10327
10321
10328
6452
9799
10339
10351
6452
10340
10354
10343
10353
10356
6457
6458
6459
10368
10375
6457
6458
9823
6457
6459
9824
10369
6458
6459
10352
10376
9827
10372
10379
10373
10380
9843
14920
14921
14924
23658
6466
10396
14928
14929
14930
14933
19177
10399
14927
14928
14931
23668
10389
10401
14935
14936
14937
23678
6466
9846
10390
14941
14944
14945
14946
19181
9848
10393
14942
14943
14944
23688
10394
10402
14934
14937
14938
14940
19183
10410
10420
14949
14950
14951
23698
6472
9865
10411
14962
14964
14966
14967
19207
9866
10391
14956
14957
14958
23708
6472
10392
10421
14969
14972
14973
14975
19208
9869
10414
14963
14964
14965
23718
10415
10422
14948
14950
14952
14954
19211
10395
10423
14970
14971
14972
23728
9881
10431
19235
20753
20754
20755
10413
10435
19236
20760
20761
20762
10433
10436
19239
20767
20768
20769
9890
10440
19263
20774
20775
20776
10432
10444
19264
20781
20782
20783
10442
10445
19267
20788
20789
20790
6482
6484
6489
6490
6493
6482
6485
6486
6494
10450
10452
10454
6484
6485
6486
6617
10457
10459
10461
6486
6495
6618
6496
6619
10464
10465
10467
6491
6492
6493
10449
10456
6491
6492
9904
10370
6491
6493
9905
10450
6492
6493
10371
10457
9908
10453
10374
10460
10454
10461
6496
6499
6500
6503
6496
6631
10471
10473
10475
6501
6502
6503
10470
6501
6502
9918
10451
6501
6503
9919
6502
6503
10452
10471
9922
10455
10474
10475
6506
6507
10503
10507
10514
6506
6507
9961
10508
9963
10505
10511
10512
10516
6511
6512
6513
10529
10536
19359
6511
6512
9983
10530
6511
6513
9984
10504
19360
9987
10533
19363
10534
10539
10506
10540
19364
6518
6519
6520
10549
10556
6518
6519
10004
10550
6518
6520
10005
10531
6519
6520
10532
10557
10008
10553
10554
10560
10535
10561
6523
6524
10570
10581
19373
6523
6524
10028
10551
19374
10030
10572
19377
10555
10583
19378
6526
10056
10571
10597
10573
10601
10611
6530
6531
6532
10654
10661
19387
6530
6531
10108
10655
6530
6532
10109
10632
19388
10112
10658
19391
10659
10664
10633
10665
19392
6535
6537
19347
19348
19351
6535
6538
6539
16862
6537
6538
10523
10525
10527
6539
6668
16864
19353
19355
19357
6539
6669
6670
16866
6542
6544
10576
10577
10580
6542
6545
16870
6546
6548
6544
6545
16872
19381
19383
19385
6546
6550
6675
10590
10592
10594
6546
6676
16874
6552
6677
6549
6551
6556
6557
6560
10605
10606
10609
6549
6552
6553
6551
6552
10613
10615
10617
6553
6682
10620
10622
10624
10682
10684
10686
6553
6683
6684
6558
6559
6560
10674
10681
6558
6559
10129
10626
10675
6558
6560
10130
6559
6560
10627
10682
10133
10678
10628
10679
10685
10686
6562
10153
10676
10696
10680
10700
10708
6567
6568
6569
10743
6567
6568
10191
10634
6567
6569
10192
10721
6568
6569
10744
10195
10635
10747
10722
10748
6573
6574
10755
19422
6573
6574
10203
19410
19423
6574
10756
19411
10205
19426
10758
19414
19427
6579
6580
6581
10779
19436
6579
6580
10227
10723
6579
6581
10228
10765
19437
6580
6581
10780
10231
19440
10724
10783
10766
10784
19441
6583
10253
10788
10801
10792
10805
10808
6585
10816
10823
10828
10275
10820
10826
6588
6590
6588
6591
19451
19453
19455
6592
16917
6590
6591
10831
10833
10835
19444
19446
19448
6592
6721
6592
6722
16920
19458
19459
19461
6723
16921
6597
6598
6599
10870
10877
6597
6598
10325
10824
6597
6599
10326
10871
6598
6599
10825
10878
10329
10874
10827
10881
10875
10882
6602
10355
10893
10905
6602
10894
10908
10897
10907
10910
6607
6608
6609
10920
10927
6607
6608
10377
6607
6609
10378
10921
6608
6609
10906
10928
10381
10924
10931
10925
10932
14649
15008
15009
15012
6616
15015
15018
15019
15020
19492
20592
20595
20596
15015
15016
15017
6615
6616
15017
15019
15020
15021
18142
6615
6616
14650
18143
19494
14651
15011
15012
15013
15014
18146
18147
19496
6619
6621
6626
6627
6630
6619
6622
6623
6631
11030
11032
11034
6621
6622
6623
6745
11037
11039
11041
6623
6746
6747
11044
11045
11047
6628
6629
6630
11029
11036
6628
6629
10458
10922
6628
6630
10459
11030
6629
6630
10923
11037
10462
11033
10926
11040
11034
11041
6634
6635
6638
6636
6637
6638
6636
6637
10472
11031
6636
6638
10473
6637
6638
11032
10476
11035
6641
6642
11076
11080
11087
6641
6642
10515
11081
10517
11078
11084
11085
11089
6646
6647
6648
11102
11109
19562
6646
6647
10537
11103
6646
6648
10538
11077
19563
10541
11106
19566
11107
11112
11079
11113
19567
6653
6654
6655
11122
11129
6653
6654
10558
11123
6653
6655
10559
11104
6654
6655
11105
11130
10562
11126
11127
11133
11108
11134
6658
6659
11143
11154
19576
6658
6659
10582
11124
19577
10584
11145
19580
11128
11156
19581
6661
10610
11144
11170
11146
11174
11184
6665
6666
6667
11227
11234
19590
6665
6666
10662
11228
6665
6667
10663
11205
19591
10666
11231
19594
11232
11237
11206
11238
19595
6670
6672
19550
19551
19554
6670
6673
6674
16965
6672
6673
11096
11098
11100
6674
6787
16967
19556
19558
19560
6674
6788
6789
16969
6677
6679
11149
11150
11153
6677
6680
16973
6681
6683
6679
6680
16975
19584
19586
19588
6681
6685
6794
11163
11165
11167
6681
6795
16977
6687
6796
6684
6686
6691
6692
6695
11178
11179
11182
6684
6687
6688
6686
6687
11186
11188
11190
6688
6801
11193
11195
11197
11255
11257
11259
6688
6802
6803
6693
6694
6695
11247
11254
6693
6694
10683
11199
11248
6693
6695
10684
6694
6695
11200
11255
10687
11251
11201
11252
11258
11259
6697
10707
11249
11269
11253
11273
11281
6702
6703
6704
11316
6702
6703
10745
11207
6702
6704
10746
11294
6703
6704
11317
10749
11208
11320
11295
11321
6708
6709
11328
19625
6708
6709
10757
19613
19626
6709
11329
19614
10759
19629
11331
19617
19630
6714
6715
6716
11352
19639
6714
6715
10781
11296
6714
6716
10782
11338
19640
6715
6716
11353
10785
19643
11297
11356
11339
11357
19644
6718
10807
11361
11374
11365
11378
11381
6720
11389
11396
11401
10829
11393
11399
6723
6725
6723
6726
19654
19656
19658
6727
17020
6725
6726
11404
11406
11408
19647
19649
19651
6727
6840
6727
6841
17023
19661
19662
19664
6842
17024
6732
6733
6734
11443
11450
6732
6733
10879
11397
6732
6734
10880
11444
6733
6734
11398
11451
10883
11447
11400
11454
11448
11455
6737
10909
11466
11478
6737
11467
11481
11470
11480
11483
6742
6743
6744
11493
11500
6742
6743
10929
6742
6744
10930
11494
6743
6744
11479
11501
10933
11497
11504
11498
11505
6747
6749
6753
6754
6757
6747
6750
11515
11517
11519
6749
6750
6864
11522
11524
11526
6865
6755
6756
6757
11514
11521
6755
6756
11038
11495
6755
6757
11039
11515
6756
6757
11496
11522
11042
11518
11499
11525
11519
11526
6760
6761
11554
11558
11565
6760
6761
11088
11559
11090
11556
11562
11563
11567
6765
6766
6767
11580
11587
19709
6765
6766
11110
11581
6765
6767
11111
11555
19710
11114
11584
19713
11585
11590
11557
11591
19714
6772
6773
6774
11600
11607
6772
6773
11131
11601
6772
6774
11132
11582
6773
6774
11583
11608
11135
11604
11605
11611
11586
11612
6777
6778
11621
11632
19723
6777
6778
11155
11602
19724
11157
11623
19727
11606
11634
19728
6780
11183
11622
11648
11624
11652
11662
6784
6785
6786
11705
11712
19737
6784
6785
11235
11706
6784
6786
11236
11683
19738
11239
11709
19741
11710
11715
11684
11716
19742
6789
6791
19697
19698
19701
6789
6792
6793
17068
6791
6792
11574
11576
11578
6793
6905
17070
19703
19705
19707
6793
6906
6907
17072
6796
6798
11627
11628
11631
6796
6799
17076
6800
6802
6798
6799
17078
19731
19733
19735
6800
6804
6912
11641
11643
11645
6800
6913
17080
6806
6914
6803
6805
6810
6811
6814
11656
11657
11660
6803
6806
6807
6805
6806
11664
11666
11668
6807
6919
11671
11673
11675
11733
11735
11737
6807
6920
6921
6812
6813
6814
11725
11732
6812
6813
11256
11677
11726
6812
6814
11257
6813
6814
11678
11733
11260
11729
11679
11730
11736
11737
6816
11280
11727
11747
11731
11751
11759
6821
6822
6823
11794
6821
6822
11318
11685
6821
6823
11319
11772
6822
6823
11795
11322
11686
11798
11773
11799
6827
6828
11806
19772
6827
6828
11330
19760
19773
6828
11807
19761
11332
19776
11809
19764
19777
6833
6834
6835
11830
19786
6833
6834
11354
11774
6833
6835
11355
11816
19787
6834
6835
11831
11358
19790
11775
11834
11817
11835
19791
6837
11380
11839
11852
11843
11856
11859
6839
11867
11874
11879
11402
11871
11877
6842
6844
6842
6845
19801
19803
19805
6846
17123
6844
6845
11882
11884
11886
19794
19796
19798
6846
6958
6846
6959
17126
19808
19809
19811
6960
17127
6851
6852
6853
11921
11928
6851
6852
11452
11875
6851
6853
11453
11922
6852
6853
11876
11929
11456
11925
11878
11932
11926
11933
6856
11482
11944
11956
6856
11945
11959
11948
11958
11961
6861
6862
6863
11971
11978
6861
6862
11502
6861
6863
11503
11972
6862
6863
11957
11979
11506
11975
11982
11976
11983
6867
6871
6872
6875
6868
6867
6868
6982
11993
11995
11997
6983
6873
6874
6875
11992
6873
6874
11523
11973
6873
6875
11524
6874
6875
11974
11993
11527
11977
11996
11997
6878
6879
12025
12029
12036
6878
6879
11566
12030
11568
12027
12033
12034
12038
6883
6884
6885
12051
12058
19856
6883
6884
11588
12052
6883
6885
11589
12026
19857
11592
12055
19860
12056
12061
12028
12062
19861
6890
6891
6892
12071
12078
6890
6891
11609
12072
6890
6892
11610
12053
6891
6892
12054
12079
11613
12075
12076
12082
12057
12083
6895
6896
12092
12103
19870
6895
6896
11633
12073
19871
11635
12094
19874
12077
12105
19875
6898
11661
12093
12119
12095
12123
12133
6902
6903
6904
12176
12183
19884
6902
6903
11713
12177
6902
6904
11714
12154
19885
11717
12180
19888
12181
12186
12155
12187
19889
6907
6909
19844
19845
19848
6907
6910
6911
17172
6909
6910
12045
12047
12049
6911
7023
17174
19850
19852
19854
6911
7024
7025
17176
6914
6916
12098
12099
12102
6914
6917
17180
6918
6920
6916
6917
17182
19878
19880
19882
6918
6922
7030
12112
12114
12116
6918
7031
17184
6924
7032
6921
6923
6928
6929
6932
12127
12128
12131
6921
6924
6925
6923
6924
12135
12137
12139
6925
7037
12142
12144
12146
12204
12206
12208
6925
7038
7039
6930
6931
6932
12196
12203
6930
6931
11734
12148
12197
6930
6932
11735
6931
6932
12149
12204
11738
12200
12150
12201
12207
12208
6934
11758
12198
12218
12202
12222
12230
6939
6940
6941
12265
6939
6940
11796
12156
6939
6941
11797
12243
6940
6941
12266
11800
12157
12269
12244
12270
6945
6946
12277
19919
6945
6946
11808
19907
19920
6946
12278
19908
11810
19923
12280
19911
19924
6951
6952
6953
12301
19933
6951
6952
11832
12245
6951
6953
11833
12287
19934
6952
6953
12302
11836
19937
12246
12305
12288
12306
19938
6955
11858
12310
12323
12314
12327
12330
6957
12338
12345
12350
11880
12342
12348
6960
6962
6960
6963
19948
19950
19952
6964
17227
6962
6963
12353
12355
12357
19941
19943
19945
6964
7076
6964
7077
17230
19955
19956
19958
7078
17231
6969
6970
6971
12392
12399
6969
6970
11930
12346
6969
6971
11931
12393
6970
6971
12347
12400
11934
12396
12349
12403
12397
12404
6974
11960
12415
12427
6974
12416
12430
12419
12429
12432
6979
6980
6981
12442
12449
6979
6980
11980
6979
6981
11981
12443
6980
6981
12428
12450
11984
12446
12453
12447
12454
6985
6989
6990
6993
6986
6985
6986
12464
12466
12468
6991
6992
6993
12463
6991
6992
11994
12444
6991
6993
11995
6992
6993
12445
12464
11998
12448
12467
12468
6996
6997
12496
12500
12507
6996
6997
12037
12501
12039
12498
12504
12505
12509
7001
7002
7003
12522
12529
20003
7001
7002
12059
12523
7001
7003
12060
12497
20004
12063
12526
20007
12527
12532
12499
12533
20008
7008
7009
7010
12542
12549
7008
7009
12080
12543
7008
7010
12081
12524
7009
7010
12525
12550
12084
12546
12547
12553
12528
12554
7013
7014
12563
12574
20017
7013
7014
12104
12544
20018
12106
12565
20021
12548
12576
20022
7016
12132
12564
12590
12566
12594
12604
7020
7021
7022
12647
12654
20031
7020
7021
12184
12648
7020
7022
12185
12625
20032
12188
12651
20035
12652
12657
12626
12658
20036
7025
7027
19991
19992
19995
7025
7028
7029
17256
7027
7028
12516
12518
12520
7029
7129
17258
19997
19999
20001
7029
7130
7131
17260
7032
7034
12569
12570
12573
7032
7035
17264
7036
7038
7034
7035
17266
20025
20027
20029
7036
7040
7136
12583
12585
12587
7036
7137
17268
7042
7138
7039
7041
7046
7047
7050
12598
12599
12602
7039
7042
7043
7041
7042
12606
12608
12610
7043
7143
12613
12615
12617
12675
12677
12679
7043
7144
7145
7048
7049
7050
12667
12674
7048
7049
12205
12619
12668
7048
7050
12206
7049
7050
12620
12675
12209
12671
12621
12672
12678
12679
7052
12229
12669
12689
12673
12693
12701
7057
7058
7059
12736
7057
7058
12267
12627
7057
7059
12268
12714
7058
7059
12737
12271
12628
12740
12715
12741
7063
7064
12748
20066
7063
7064
12279
20054
20067
7064
12749
20055
12281
20070
12751
20058
20071
7069
7070
7071
12772
20080
7069
7070
12303
12716
7069
7071
12304
12758
20081
7070
7071
12773
12307
20084
12717
12776
12759
12777
20085
7073
12329
12781
12794
12785
12798
12801
7075
12809
12816
12821
12351
12813
12819
7078
7080
7078
7081
20095
20097
20099
7082
17311
7080
7081
12824
12826
12828
20088
20090
20092
7082
7182
7082
7183
17314
20102
20103
20105
7184
17315
7087
7088
7089
12863
12870
7087
7088
12401
12817
7087
7089
12402
12864
7088
7089
12818
12871
12405
12867
12820
12874
12868
12875
7092
12431
12886
12898
7092
12887
12901
12890
12900
12903
7097
7098
7099
12923
12930
7097
7098
12451
7097
7099
12452
12924
7098
7099
12899
12931
12455
12927
12934
12928
12935
7102
7103
12984
12988
12995
7102
7103
12508
12989
12510
12986
12992
12993
12997
7107
7108
7109
13010
13017
20164
7107
7108
12530
13011
7107
7109
12531
12985
20165
12534
13014
20168
13015
13020
12987
13021
20169
7114
7115
7116
13030
13037
7114
7115
12551
13031
7114
7116
12552
13012
7115
7116
13013
13038
12555
13034
13035
13041
13016
13042
7119
7120
13051
13062
20178
7119
7120
12575
13032
20179
12577
13053
20182
13036
13064
20183
7122
12603
13052
13078
13054
13082
13092
7126
7127
7128
13135
13142
20192
7126
7127
12655
13136
7126
7128
12656
13113
20193
12659
13139
20196
13140
13145
13114
13146
20197
7131
7133
20152
20153
20156
7131
7134
7135
17340
7133
7134
13004
13006
13008
7135
7235
17342
20158
20160
20162
7135
7236
7237
17344
7138
7140
13057
13058
13061
7138
7141
17348
7142
7144
7140
7141
17350
20186
20188
20190
7142
7146
7242
13071
13073
13075
7142
7243
17352
7148
7244
7145
7147
7152
7153
7156
13086
13087
13090
7145
7148
7149
7147
7148
13094
13096
13098
7149
7249
13101
13103
13105
13163
13165
13167
7149
7250
7251
7154
7155
7156
13155
13162
7154
7155
12676
13107
13156
7154
7156
12677
7155
7156
13108
13163
12680
13159
13109
13160
13166
13167
7158
12700
13157
13177
13161
13181
13189
7163
7164
7165
13224
7163
7164
12738
13115
7163
7165
12739
13202
7164
7165
13225
12742
13116
13228
13203
13229
7169
7170
13236
20227
7169
7170
12750
20215
20228
7170
13237
20216
12752
20231
13239
20219
20232
7175
7176
7177
13260
20241
7175
7176
12774
13204
7175
7177
12775
13246
20242
7176
7177
13261
12778
20245
13205
13264
13247
13265
20246
7179
12800
13269
13282
13273
13286
13289
7181
13297
13304
13309
12822
13301
13307
7184
7186
7184
7187
20256
20258
20260
7188
17395
7186
7187
13312
13314
13316
20249
20251
20253
7188
7288
7188
7289
17398
20263
20264
20266
7290
17399
7193
7194
7195
13351
13358
7193
7194
12872
13305
7193
7195
12873
13352
7194
7195
13306
13359
12876
13355
13308
13362
13356
13363
7198
12902
13374
13386
7198
13375
13389
13378
13388
13391
7203
7204
7205
13411
13418
7203
7204
12932
7203
7205
12933
13412
7204
7205
13387
13419
12936
13415
13422
13416
13423
7208
7209
13472
13476
13483
7208
7209
12996
13477
12998
13474
13480
13481
13485
7213
7214
7215
13498
13505
20325
7213
7214
13018
13499
7213
7215
13019
13473
20326
13022
13502
20329
13503
13508
13475
13509
20330
7220
7221
7222
13518
13525
7220
7221
13039
13519
7220
7222
13040
13500
7221
7222
13501
13526
13043
13522
13523
13529
13504
13530
7225
7226
13539
13550
20339
7225
7226
13063
13520
20340
13065
13541
20343
13524
13552
20344
7228
13091
13540
13566
13542
13570
13580
7232
7233
7234
13623
13630
20353
7232
7233
13143
13624
7232
7234
13144
13601
20354
13147
13627
20357
13628
13633
13602
13634
20358
7237
7239
20313
20314
20317
7237
7240
7241
17424
7239
7240
13492
13494
13496
7241
7341
17426
20319
20321
20323
7241
7342
7343
17428
7244
7246
13545
13546
13549
7244
7247
17432
7248
7250
7246
7247
17434
20347
20349
20351
7248
7252
7344
13559
13561
13563
7248
7345
17436
7254
7346
7251
7253
7258
7259
7262
13574
13575
13578
7251
7254
7255
7253
7254
13582
13584
13586
7255
7351
13589
13591
13593
13651
13653
13655
7255
7352
7353
7260
7261
7262
13643
13650
7260
7261
13164
13595
13644
7260
7262
13165
7261
7262
13596
13651
13168
13647
13597
13648
13654
13655
7264
13188
13645
13665
13649
13669
13677
7269
7270
7271
13712
7269
7270
13226
13603
7269
7271
13227
13690
7270
7271
13713
13230
13604
13716
13691
13717
7275
7276
13724
20388
7275
7276
13238
20376
20389
7276
13725
20377
13240
20392
13727
20380
20393
7281
7282
7283
13748
20402
7281
7282
13262
13692
7281
7283
13263
13734
20403
7282
7283
13749
13266
20406
13693
13752
13735
13753
20407
7285
13288
13757
13770
13761
13774
13777
7287
13785
13792
13797
13310
13789
13795
7290
7292
7290
7293
20417
20419
20421
7294
17479
7292
7293
13800
13802
13804
20410
20412
20414
7294
7390
7294
7391
17482
20424
20425
20427
7392
17483
7299
7300
7301
13839
13846
7299
7300
13360
13793
7299
7301
13361
13840
7300
7301
13794
13847
13364
13843
13796
13850
13844
13851
7304
13390
13862
13867
7304
13863
13866
13869
7309
7310
7311
13886
7309
7310
13420
7309
7311
13421
13887
7310
7311
13868
13424
13890
13891
7314
7315
13920
13924
7314
7315
13484
13925
13486
13922
13928
13929
7319
7320
7321
13931
20472
7319
7320
13506
13932
7319
7321
13507
13921
20473
13510
13935
20476
13936
13923
20477
7326
7327
7328
13938
13945
7326
7327
13527
13939
7326
7328
13528
13933
7327
7328
13934
13946
13531
13942
13943
13949
13937
13950
7331
7332
13959
13970
20479
7331
7332
13551
13940
20480
13553
13961
20483
13944
13972
20484
7334
13579
13960
13986
13962
13990
14000
7338
7339
7340
14032
20493
7338
7339
13631
14033
7338
7340
13632
14021
20494
13635
14036
20497
14037
14022
20498
7343
20467
20468
20471
7343
17508
7346
7348
13965
13966
13969
7346
7349
17515
7350
7352
7348
7349
17517
20487
20489
20491
7350
7354
7406
13979
13981
13983
7350
7407
17519
7356
7408
7353
7355
7360
7361
7364
13994
13995
13998
7353
7356
7357
7355
7356
14002
14004
14006
7357
7409
14009
14011
14013
14047
14049
14051
7357
7410
7411
7362
7363
7364
14039
14046
7362
7363
13652
14015
14040
7362
7364
13653
7363
7364
14016
14047
13656
14043
14017
14044
14050
14051
7366
13676
14041
14061
14045
14065
14073
7371
7372
7373
7371
7372
13714
14023
7371
7373
13715
14086
7372
7373
13718
14024
14087
7377
7378
14102
20514
7377
7378
13726
20502
20515
7378
14103
20503
13728
20518
14105
20506
20519
7383
7384
7385
20528
7383
7384
13750
14088
7383
7385
13751
14112
20529
7384
7385
13754
20532
14089
14113
20533
7387
13776
14121
14134
14125
14138
14141
7389
14149
14156
13798
14153
14159
7392
7392
20536
20538
20540
7397
7398
7399
14175
7397
7398
13848
14157
7397
7399
13849
14176
7398
7399
14158
13852
14179
14160
14180
7402
7403
14204
20549
7402
7403
13971
14199
20550
13973
14206
20553
14203
20554
7405
13999
14205
14216
14207
14220
7408
14210
14211
14214
7408
7410
7411
7414
7415
7418
14224
14225
14228
7411
7416
7417
7418
7416
7417
14048
14229
7416
7418
14049
7417
7418
14230
14052
14231
7421
7425
7421
7424
7422
7424
7425
7433
7424
7425
7434
7437
7439
7428
7432
7428
7431
7429
7431
7432
7433
7431
7432
7435
7438
7439
7437
7438
7439
7437
7439
7448
7438
7439
7546
7437
7438
7450
7548
7451
7549
7442
7446
7442
7445
7443
7445
7446
7454
7445
7446
7455
7458
7460
7451
7452
7453
7454
7451
7453
7452
7453
7456
7451
7452
7459
7460
7458
7459
7460
7458
7460
7469
7459
7460
7567
7458
7459
7471
7569
7472
7570
7463
7467
7463
7466
7464
7466
7467
7475
7466
7467
7476
7479
7481
7472
7473
7474
7475
7472
7474
7473
7474
7477
7472
7473
7480
7481
7479
7480
7481
7479
7481
7490
7480
7481
7588
7479
7480
7492
7590
7493
7591
7484
7488
7484
7486
7487
7486
7488
7496
7487
7498
7488
7499
7502
7493
7494
7495
7499
7493
7495
7494
7495
7500
7493
7494
7501
7502
7498
7502
7498
7501
7608
7499
7501
7502
7501
7502
7610
7612
7505
7509
7505
7508
7506
7508
7509
7517
7508
7509
7518
7521
7523
7512
7516
7512
7515
7513
7515
7516
7517
7515
7516
7519
7522
7523
7521
7522
7523
7521
7523
7532
7522
7523
7693
7521
7522
7534
7695
7535
7696
7526
7530
7526
7529
7527
7529
7530
7538
7529
7530
7539
7542
7544
7535
7536
7537
7538
7535
7537
7536
7537
7540
7535
7536
7543
7544
7542
7543
7544
7542
7544
7553
7543
7544
7714
7542
7543
7555
7716
7556
7717
7549
7550
7551
7559
7549
7551
7550
7551
7560
7549
7550
7563
7565
7556
7557
7558
7559
7556
7558
7557
7558
7561
7556
7557
7564
7565
7563
7564
7565
7563
7565
7574
7564
7565
7735
7563
7564
7576
7737
7577
7738
7570
7571
7572
7580
7570
7572
7571
7572
7581
7570
7571
7584
7586
7577
7578
7579
7580
7577
7579
7578
7579
7582
7577
7578
7585
7586
7584
7585
7586
7584
7586
7595
7585
7586
7756
7584
7585
7597
7758
7598
7759
7591
7592
7593
7601
7591
7593
7592
7593
7602
7591
7592
7605
7607
7598
7599
7600
7601
7598
7600
7599
7600
7603
7598
7599
7606
7607
7605
7606
7607
7605
7607
7616
7606
7607
7777
7605
7606
7618
7779
7619
7780
7612
7613
7612
7613
7614
7622
7612
7614
7613
7614
7623
7626
7628
7619
7620
7621
7622
7619
7621
7620
7621
7624
7619
7620
7627
7628
7626
7627
7628
7626
7628
7637
7627
7628
7798
7626
7627
7639
7800
7640
7801
7631
7634
7631
7635
7632
7634
7635
7643
7634
7635
7644
7647
7649
7640
7641
7642
7643
7640
7642
7641
7642
7645
7640
7641
7648
7649
7647
7648
7649
7647
7649
7658
7648
7649
7819
7647
7648
7660
7821
7661
7822
7652
7656
7652
7654
7655
7654
7656
7664
7655
7666
7656
7667
7670
7661
7662
7663
7667
7661
7663
7662
7663
7668
7661
7662
7669
7670
7666
7670
7666
7669
7839
7667
7669
7670
7669
7670
7841
7843
7673
7677
7673
7676
7674
7676
7677
7685
7676
7677
7686
7689
7691
7680
7684
7680
7683
7681
7683
7684
7685
7683
7684
7687
7690
7691
7689
7690
7691
7689
7691
7700
7690
7691
7903
7689
7690
7702
7905
7703
7906
7696
7697
7698
7706
7696
7698
7697
7698
7707
7696
7697
7710
7712
7703
7704
7705
7706
7703
7705
7704
7705
7708
7703
7704
7711
7712
7710
7711
7712
7710
7712
7721
7711
7712
7924
7710
7711
7723
7926
7724
7927
7717
7718
7719
7727
7717
7719
7718
7719
7728
7717
7718
7731
7733
7724
7725
7726
7727
7724
7726
7725
7726
7729
7724
7725
7732
7733
7731
7732
7733
7731
7733
7742
7732
7733
7945
7731
7732
7744
7947
7745
7948
7738
7739
7740
7748
7738
7740
7739
7740
7749
7738
7739
7752
7754
7745
7746
7747
7748
7745
7747
7746
7747
7750
7745
7746
7753
7754
7752
7753
7754
7752
7754
7763
7753
7754
7966
7752
7753
7765
7968
7766
7969
7759
7760
7761
7769
7759
7761
7760
7761
7770
7759
7760
7773
7775
7766
7767
7768
7769
7766
7768
7767
7768
7771
7766
7767
7774
7775
7773
7774
7775
7773
7775
7784
7774
7775
7987
7773
7774
7786
7989
7787
7990
7780
7781
7782
7790
7780
7782
7781
7782
7791
7780
7781
7794
7796
7787
7788
7789
7790
7787
7789
7788
7789
7792
7787
7788
7795
7796
7794
7795
7796
7794
7796
7805
7795
7796
8008
7794
7795
7807
8010
7808
8011
7801
7802
7803
7811
7801
7803
7802
7803
7812
7801
7802
7815
7817
7808
7809
7810
7811
7808
7810
7809
7810
7813
7808
7809
7816
7817
7815
7816
7817
7815
7817
7826
7816
7817
8029
7815
7816
7828
8031
7829
8032
7822
7823
7824
7832
7822
7824
7823
7824
7833
7822
7823
7836
7838
7829
7830
7831
7832
7829
7831
7830
7831
7834
7829
7830
7837
7838
7836
7837
7838
7836
7838
7847
7837
7838
8050
7836
7837
7849
8052
7850
8053
7843
7844
7843
7844
7845
7853
7843
7845
7844
7845
7854
7857
7859
7850
7851
7852
7853
7850
7852
7851
7852
7855
7850
7851
7858
7859
7857
7858
7859
7857
7859
7868
7858
7859
8071
7857
7858
7870
8073
7871
8074
7863
7864
7863
7866
7864
7866
7874
7865
7865
7876
7866
7877
7880
7871
7872
7873
7877
7871
7873
7872
7873
7878
7871
7872
7879
7880
7876
7880
7876
7879
8091
7877
7879
7880
7879
7880
8093
8095
7883
7887
7883
7886
7884
7886
7887
7895
7886
7887
7896
7899
7901
7890
7894
7890
7893
7891
7893
7894
7895
7893
7894
7897
7900
7901
7899
7900
7901
7899
7901
7910
7900
7901
8134
7899
7900
7912
8136
7913
8137
7906
7907
7908
7916
7906
7908
7907
7908
7917
7906
7907
7920
7922
7913
7914
7915
7916
7913
7915
7914
7915
7918
7913
7914
7921
7922
7920
7921
7922
7920
7922
7931
7921
7922
8155
7920
7921
7933
8157
7934
8158
7927
7928
7929
7937
7927
7929
7928
7929
7938
7927
7928
7941
7943
7934
7935
7936
7937
7934
7936
7935
7936
7939
7934
7935
7942
7943
7941
7942
7943
7941
7943
7952
7942
7943
8176
7941
7942
7954
8178
7955
8179
7948
7949
7950
7958
7948
7950
7949
7950
7959
7948
7949
7962
7964
7955
7956
7957
7958
7955
7957
7956
7957
7960
7955
7956
7963
7964
7962
7963
7964
7962
7964
7973
7963
7964
8197
7962
7963
7975
8199
7976
8200
7969
7970
7971
7979
7969
7971
7970
7971
7980
7969
7970
7983
7985
7976
7977
7978
7979
7976
7978
7977
7978
7981
7976
7977
7984
7985
7983
7984
7985
7983
7985
7994
7984
7985
8218
7983
7984
7996
8220
7997
8221
7990
7991
7992
8000
7990
7992
7991
7992
8001
7990
7991
8004
8006
7997
7998
7999
8000
7997
7999
7998
7999
8002
7997
7998
8005
8006
8004
8005
8006
8004
8006
8015
8005
8006
8239
8004
8005
8017
8241
8018
8242
8011
8012
8013
8021
8011
8013
8012
8013
8022
8011
8012
8025
8027
8018
8019
8020
8021
8018
8020
8019
8020
8023
8018
8019
8026
8027
8025
8026
8027
8025
8027
8036
8026
8027
8260
8025
8026
8038
8262
8039
8263
8032
8033
8034
8042
8032
8034
8033
8034
8043
8032
8033
8046
8048
8039
8040
8041
8042
8039
8041
8040
8041
8044
8039
8040
8047
8048
8046
8047
8048
8046
8048
8057
8047
8048
8281
8046
8047
8059
8283
8060
8284
8053
8054
8055
8063
8053
8055
8054
8055
8064
8053
8054
8067
8069
8060
8061
8062
8063
8060
8062
8061
8062
8065
8060
8061
8068
8069
8067
8068
8069
8067
8069
8078
8068
8069
8302
8067
8068
8080
8304
8081
8305
8074
8075
8076
8084
8074
8076
8075
8076
8085
8074
8075
8088
8090
8081
8082
8083
8084
8081
8083
8082
8083
8086
8081
8082
8089
8090
8088
8089
8090
8088
8090
8099
8089
8090
8323
8088
8089
8101
8325
8102
8326
8095
8096
8095
8096
8097
8105
8095
8097
8096
8097
8106
8109
8111
8102
8103
8104
8105
8102
8104
8103
8104
8107
8102
8103
8110
8111
8109
8110
8111
8109
8111
8120
8110
8111
8344
8109
8110
8122
8346
8123
8347
8114
8118
8126
8114
8116
8117
8128
8116
8118
8117
8118
8129
8132
8123
8124
8125
8129
8123
8125
8124
8125
8130
8123
8124
8131
8132
8128
8132
8128
8131
8364
8129
8131
8132
8131
8132
8368
8369
8137
8138
8139
8150
8137
8139
8138
8139
8151
8137
8138
8152
8153
8142
8146
8142
8144
8145
8144
8146
8147
8145
8149
8146
8150
8153
8149
8153
8149
8152
8161
8150
8152
8153
8152
8153
8165
8166
8158
8159
8160
8171
8158
8160
8159
8160
8172
8158
8159
8173
8174
8163
8166
8163
8167
8168
8164
8170
8166
8167
8171
8166
8167
8174
8170
8174
8170
8173
8182
8171
8173
8174
8173
8174
8184
8186
8179
8180
8181
8189
8179
8181
8180
8181
8190
8179
8180
8193
8195
8186
8187
8186
8187
8188
8189
8186
8188
8187
8188
8191
8194
8195
8193
8194
8195
8193
8195
8204
8194
8195
8386
8193
8194
8206
8388
8207
8389
8200
8201
8202
8210
8200
8202
8201
8202
8211
8200
8201
8214
8216
8207
8208
8209
8210
8207
8209
8208
8209
8212
8207
8208
8215
8216
8214
8215
8216
8214
8216
8225
8215
8216
8407
8214
8215
8227
8409
8228
8410
8221
8222
8223
8231
8221
8223
8222
8223
8232
8221
8222
8235
8237
8228
8229
8230
8231
8228
8230
8229
8230
8233
8228
8229
8236
8237
8235
8236
8237
8235
8237
8246
8236
8237
8428
8235
8236
8248
8430
8249
8431
8242
8243
8244
8252
8242
8244
8243
8244
8253
8242
8243
8256
8258
8249
8250
8251
8252
8249
8251
8250
8251
8254
8249
8250
8257
8258
8256
8257
8258
8256
8258
8267
8257
8258
8449
8256
8257
8269
8451
8270
8452
8263
8264
8265
8273
8263
8265
8264
8265
8274
8263
8264
8277
8279
8270
8271
8272
8273
8270
8272
8271
8272
8275
8270
8271
8278
8279
8277
8278
8279
8277
8279
8288
8278
8279
8470
8277
8278
8290
8472
8291
8473
8284
8285
8286
8294
8284
8286
8285
8286
8295
8284
8285
8298
8300
8291
8292
8293
8294
8291
8293
8292
8293
8296
8291
8292
8299
8300
8298
8299
8300
8298
8300
8309
8299
8300
8491
8298
8299
8311
8493
8312
8494
8305
8306
8307
8315
8305
8307
8306
8307
8316
8305
8306
8319
8321
8312
8313
8314
8315
8312
8314
8313
8314
8317
8312
8313
8320
8321
8319
8320
8321
8319
8321
8330
8320
8321
8512
8319
8320
8332
8514
8333
8515
8326
8327
8328
8336
8326
8328
8327
8328
8337
8326
8327
8340
8342
8333
8334
8335
8336
8333
8335
8334
8335
8338
8333
8334
8341
8342
8340
8341
8342
8340
8342
8351
8341
8342
8533
8340
8341
8353
8535
8354
8536
8347
8348
8349
8357
8347
8349
8348
8349
8358
8347
8348
8361
8363
8354
8355
8356
8357
8354
8356
8355
8356
8359
8354
8355
8362
8363
8361
8362
8363
8361
8363
8372
8362
8363
8554
8361
8362
8374
8556
8375
8557
8366
8369
8366
8370
8378
8367
8380
8369
8370
8381
8369
8370
8384
8375
8376
8377
8381
8375
8377
8376
8377
8382
8375
8376
8383
8384
8380
8384
8380
8383
8575
8381
8383
8384
8383
8384
8578
8579
8389
8390
8391
8399
8389
8391
8390
8391
8400
8389
8390
8403
8405
8394
8397
18254
8394
8398
8395
18256
8397
8398
8399
18257
8397
8398
8401
20606
20607
20609
8404
18259
8405
8403
8404
8405
18261
8403
8405
8414
8404
8405
8596
20795
20796
20799
8403
8404
8416
8598
18262
8417
18265
8599
18266
8410
8411
8412
8420
8410
8412
8411
8412
8421
8410
8411
8424
8426
8417
8418
8419
8420
18268
8417
8419
8418
8419
8422
20613
20614
20616
8417
8418
18269
18272
8425
18273
8426
8424
8425
8426
18275
8424
8426
8435
8425
8426
8617
20802
20803
20806
8424
8425
8437
8619
18276
8438
18279
8620
18280
8431
8432
8433
8441
8431
8433
8432
8433
8442
8431
8432
8445
8447
8438
8439
8440
8441
18282
8438
8440
8439
8440
8443
20620
20621
20623
8438
8439
18283
20627
20628
20630
18286
8446
18287
20635
20636
20637
8447
8445
8446
8447
18289
8445
8447
8456
8446
8447
8637
20809
20810
20813
8445
8446
8458
8638
18290
20816
20817
20820
8459
18293
8639
18294
20824
20825
20827
8452
8453
8454
8462
8452
8454
8453
8454
8463
8452
8453
8466
8468
8459
8460
8461
8462
18296
8459
8461
8460
8461
8464
20641
20642
20644
8459
8460
18297
20648
20649
20651
18300
8467
18301
20656
20657
20658
8468
8466
8467
8468
18303
8466
8468
8477
8467
8468
8646
20872
20873
20876
8466
8467
8479
8647
18304
20879
20880
20883
8480
18307
8648
18308
20887
20888
20890
8473
8474
8475
8483
8473
8475
8474
8475
8484
8473
8474
8487
8489
8480
8481
8482
8483
18310
8480
8482
8481
8482
8485
8480
8481
18311
18314
8488
18315
8489
8487
8488
8489
8487
8489
8498
8488
8489
8656
8487
8488
8500
8658
8501
8659
8494
8495
8496
8504
8494
8496
8495
8496
8505
8494
8495
8508
8510
8501
8502
8503
8504
8501
8503
8502
8503
8506
8501
8502
8509
8510
8508
8509
8510
8508
8510
8519
8509
8510
8663
8508
8509
8521
8665
8522
8666
8515
8516
8517
8525
8515
8517
8516
8517
8526
8515
8516
8529
8531
8522
8523
8524
8525
8522
8524
8523
8524
8527
8522
8523
8530
8531
8529
8530
8531
8529
8531
8540
8530
8531
8679
8529
8530
8542
8681
8543
8682
8536
8537
8538
8546
8536
8538
8537
8538
8547
8536
8537
8550
8552
8543
8544
8545
8546
8543
8545
8544
8545
8548
8543
8544
8551
8552
8550
8551
8552
8550
8552
8561
8551
8552
8700
8550
8551
8563
8702
8564
8703
8557
8558
8559
8567
8557
8559
8558
8559
8568
8557
8558
8571
8573
8564
8565
8566
8567
8564
8566
8565
8566
8569
8564
8565
8572
8573
8571
8572
8573
8571
8573
8582
8572
8573
8721
8571
8572
8584
8723
8585
8724
8576
8580
8588
8576
8579
8577
8590
8579
8580
8591
8579
8580
8594
8585
8586
8587
8591
8585
8587
8586
8587
8592
8585
8586
8593
8594
8590
8594
8590
8593
8741
8591
8593
8594
8593
8594
8743
8745
8609
15023
15024
15025
23738
20795
20796
20797
15030
15031
15032
23748
8599
8610
15036
15039
15040
15042
18317
18320
18321
18322
8613
15022
15023
15026
15028
20794
20796
20798
20799
8614
15037
15038
15039
23758
15044
15045
15046
23768
8607
15057
15059
15060
15062
18254
15050
15051
15054
23778
15057
15058
15061
23788
8609
15065
15066
15067
23798
8607
8611
15071
15074
15075
15076
18258
8613
15064
15066
15068
15069
18259
8615
15072
15073
15074
23808
15079
15080
15081
23818
8613
8624
15092
15094
15096
15098
18262
8613
9280
15099
15101
15103
15105
18264
8626
9281
15086
15087
15088
23828
15078
15079
15082
15083
18266
8628
15093
15094
15095
23838
9283
15100
15101
15102
23848
8630
15107
15108
15109
23858
20802
20803
20804
15114
15115
15116
31144
8620
8631
15120
15123
15124
15126
18324
18327
18328
18329
20627
20629
20631
8634
15106
15107
15110
15112
20801
20803
20805
20806
8635
15121
15122
15123
31164
15128
15129
15130
23868
8630
15135
15136
15137
23878
8627
15148
15150
15152
15153
18269
8627
8632
15155
15157
15159
15160
18271
15142
15143
15144
23888
8634
15134
15135
15138
15139
18273
15149
15150
15151
23898
8636
15156
15157
15158
23908
15163
15164
15165
23918
8634
8640
15176
15178
15180
15182
18276
20830
20832
20835
8634
9301
15183
15185
15187
15189
18278
9302
15170
15171
15172
23928
15162
15163
15166
15167
18280
15177
15178
15179
23938
9304
15184
15185
15186
23948
20809
20810
20811
8643
20816
20817
20818
8645
20823
20824
20825
18283
20830
20831
20832
8644
18285
20837
20838
20839
8645
18287
20844
20845
20846
8649
18290
20851
20852
20853
9321
18292
20858
20859
20860
18294
20865
20866
20867
20872
20873
20874
8652
20879
20880
20881
8654
20886
20887
20888
18297
20893
20894
20895
8653
18299
20900
20901
20902
8654
18301
20907
20908
20909
14629
18304
20914
20915
20916
9330
18306
20921
20922
20923
18308
20928
20929
20930
8659
8660
8661
18373
8659
8661
8660
8661
8659
8660
18374
18377
18378
20662
20663
20665
8666
8667
8668
8671
8666
8668
8667
8668
8672
8666
8667
8675
8677
8670
8671
8677
8675
8676
8677
8675
8677
8686
8676
8677
8675
8676
8688
8689
8682
8683
8684
8692
8682
8684
8683
8684
8693
8682
8683
8696
8698
8689
8690
8691
8692
8689
8691
8690
8691
8694
8689
8690
8697
8698
8696
8697
8698
8696
8698
8707
8697
8698
8784
8696
8697
8709
8786
8710
8787
8703
8704
8705
8713
8703
8705
8704
8705
8714
8703
8704
8717
8719
8710
8711
8712
8713
8710
8712
8711
8712
8715
8710
8711
8718
8719
8717
8718
8719
8717
8719
8728
8718
8719
8791
8717
8718
8730
8793
8731
8794
8724
8725
8726
8734
8724
8726
8725
8726
8735
8724
8725
8738
8740
8731
8732
8733
8734
8731
8733
8732
8733
8736
8731
8732
8739
8740
8738
8739
8740
8738
8740
8749
8739
8740
8798
8738
8739
8751
8800
8752
8801
8745
8746
8745
8746
8747
8756
8745
8747
8746
8747
8757
8759
8761
8752
8753
8754
8756
8752
8754
8753
8754
8758
8752
8753
8760
8761
8759
8760
8770
8805
8759
8760
8761
8759
8761
8773
8760
8761
8808
8774
8809
8764
8768
8776
8764
8766
8767
8778
8766
8768
8767
8768
8781
8782
8771
8775
8779
8771
8774
8772
8780
8774
8775
8781
8774
8775
8782
8778
8782
8778
8780
8781
8780
8782
8781
8782
8787
8788
8789
8787
8789
8788
8789
8787
8788
8794
8795
8796
8794
8796
8795
8796
8794
8795
8801
8802
8803
8801
8803
8802
8803
8801
8802
8806
8810
8806
8809
8807
8809
8810
8809
8810
8812
8816
8992
8826
9002
8814
8817
8819
16232
8815
8820
8817
8821
8825
8817
8826
16236
8824
8828
16237
8820
8823
8841
8820
8824
8821
8823
8824
8830
8823
8824
8831
8845
8834
8846
8835
8828
8829
8830
8828
18437
8828
8829
8833
9370
18438
8835
18440
8836
9372
8834
8835
8836
8834
8835
8857
8834
8836
8858
9375
8835
8836
9376
8860
9378
8838
8840
18380
8839
18382
8840
8852
18383
8854
18385
8843
8846
8843
8847
18381
8844
18382
8846
8847
8856
18383
8846
8847
8857
8860
8861
18386
8850
8851
8852
8856
8850
8851
8858
8860
8855
8862
8854
8855
18387
8854
8855
8872
9394
18389
8874
18391
9395
18393
8860
8861
8862
18387
8860
8861
8860
8862
9398
8861
8862
9399
18390
18392
9401
18393
8865
8868
8865
8869
8866
8868
8869
8876
8868
8869
8877
8880
8881
8873
8874
8875
8876
18401
8873
8875
8878
8874
8875
18403
8880
18405
8882
18407
8880
8881
8882
8880
8881
8891
8880
8882
9420
8881
8882
8893
9421
8895
9423
8885
8888
8885
8889
8886
8888
8889
8897
8888
8889
8898
8901
8902
8894
8895
8896
8897
8894
8895
8894
8896
8899
8895
8896
8901
8903
8901
8902
8903
8901
8902
8901
8903
9440
8902
8903
8916
9441
8917
9443
8905
8907
8908
8906
8910
8907
8911
8919
8913
8921
8910
8913
8930
8910
8914
18409
8911
18410
8913
8914
8923
18411
8913
8914
8924
8934
8927
8935
8928
18414
8917
8918
8919
18415
8917
8918
18417
18419
8922
18421
8921
8922
8923
8921
8922
8925
8944
9461
8927
8945
8929
9462
8927
8928
8929
18415
8927
8928
8947
8927
8929
8948
9465
8928
8929
9466
18418
8950
18420
9468
18421
8932
8935
8932
8936
8938
8933
8939
8935
8936
8940
8946
8935
8936
8947
8950
8943
8951
8939
8942
8939
8943
8940
8942
8943
8953
8942
8943
8954
8961
8957
8958
8945
8948
8950
8950
8951
8952
8953
8950
8951
8950
8952
9487
8951
8952
8956
9488
8958
8959
9490
8957
8958
8959
8957
8958
8963
8957
8959
9494
8958
8959
9495
9497
8962
8962
8963
8965
8965
9016
8965
9017
9516
9019
8967
8970
8975
8978
8969
8971
8976
8980
8972
8975
18422
8972
8976
8973
8975
8976
8981
8975
8976
8982
18426
8985
18427
8986
8978
8983
8997
9522
8985
8999
8980
8984
9079
9524
8986
9081
8985
8986
8987
8985
8986
18430
8985
8987
9527
18431
8986
8987
9528
18433
9530
8990
8993
8990
8994
16233
8991
8993
8994
9001
8993
8994
9002
16236
9005
9006
16238
8998
8999
9000
9001
18429
8998
9000
9003
8999
9000
18431
9005
18433
9007
18435
9005
9006
9007
9005
9006
18437
9005
9007
9545
9006
9007
9546
18439
18441
9548
9010
9013
9010
9014
9011
9013
9014
9022
9013
9014
9023
9026
9027
9019
9020
9021
9022
9019
9020
9019
9021
9024
9020
9021
9026
9028
9026
9027
9028
9026
9027
9026
9028
9565
9027
9028
9041
9566
9042
9568
9031
9034
9031
9035
9036
9032
9037
9034
9035
9038
9043
9034
9035
9044
9047
9040
9048
9037
9040
18443
9038
9040
9050
9040
9051
18447
9053
18448
9042
9045
9047
9047
9048
9049
9050
9047
9048
9047
9049
9586
9048
9049
9052
9587
9053
9054
9589
9053
9054
9053
18451
9053
9054
9593
18452
18454
9595
9056
9059
9064
9067
9058
9060
9065
9069
9061
9064
9061
9065
9062
9064
9065
9070
9064
9065
9071
9074
9075
9067
9072
9080
9611
9074
9082
9069
9073
9115
9613
9075
9117
9074
9075
9076
9074
9075
9074
9076
9616
9075
9076
9617
9619
9081
9082
9083
9081
9082
9081
9083
9082
9083
9085
9088
9120
18458
9086
18459
9088
9094
18460
9088
9095
9124
9097
9125
18463
9092
9093
18464
9092
18451
9092
9093
18453
18466
18455
18468
18470
9097
9098
18464
9097
9128
9097
9098
9129
9641
18467
9131
18469
9643
18470
9100
9101
9104
9107
9104
18471
9105
9150
9104
9105
9108
9154
18475
9111
18476
9112
9155
9107
9109
9116
9655
9111
9118
9111
9112
9165
18479
9111
9657
18480
9112
9166
9658
18482
9168
9117
9118
9119
18478
9117
9118
9117
9119
9118
9119
18480
18482
18484
9122
9125
9122
9126
9123
9125
9126
9127
9125
9126
9128
9131
9132
9131
9132
9133
9131
9132
9131
9133
9677
9132
9133
9141
9678
9142
9680
9136
9139
9136
9140
16456
9137
9139
9140
9143
9139
9140
9144
16460
9147
9148
16461
9142
9145
9147
9147
9148
9149
9147
9148
18500
9147
9149
9691
9148
9149
9692
18501
18503
9694
9152
9155
9152
9156
18485
9153
18487
9155
9156
9164
18488
9155
9156
9165
9168
9169
18490
9158
9161
18486
9159
18487
9161
9171
18488
9161
9172
9174
18491
9163
9164
9171
9170
9175
9168
9169
9170
18492
9168
9169
9168
9170
9707
9169
9170
9708
18494
18496
9710
18498
9174
9175
18492
9174
9212
9174
9175
9213
9714
18495
9215
18497
9716
18498
9177
9179
16456
9178
9182
16458
9179
9183
9187
16459
9189
16461
9182
9185
9182
9186
9225
9183
9185
9186
9191
9185
9186
9192
9229
9195
9196
9230
9189
9190
9191
18499
9189
9190
9733
18501
18503
9197
9734
18505
9195
9196
9197
9195
9196
9233
9195
9197
9737
9196
9197
9234
9738
9236
9740
9200
9204
9200
9201
9208
9249
9203
9209
9203
9219
9253
9203
9220
9754
9222
9206
9209
9206
9210
16547
9207
9209
9210
9218
9209
9210
9219
16551
9222
9223
16552
9215
9216
9217
9218
9215
9216
9215
9217
9216
9217
9220
9222
9224
9222
9223
9224
9222
9223
18525
9222
9224
9761
9223
9224
9762
18526
18528
9764
9227
9230
9227
9231
18506
9228
18508
9230
9231
9232
18509
9230
9231
9233
9236
9237
18511
9236
9237
9238
18513
9236
9237
9242
9236
9238
9782
9237
9238
9243
9783
18515
9244
18517
9785
18519
9241
18506
9241
9245
18510
9247
18511
9244
9244
9246
9247
9247
9266
18514
9247
9795
18515
18517
9250
9251
16548
9250
9253
16551
9252
9255
16553
9252
18520
9257
18523
9255
18525
9255
9256
9804
18527
9257
18529
9257
9807
18532
18533
9260
9263
9260
9264
9261
9263
9264
9272
9263
9264
9273
9276
9277
9269
9270
9271
9272
9269
9270
9269
9271
9270
9271
9274
9276
9278
9276
9277
9278
9276
9277
9347
9276
9278
9815
9277
9278
9348
9816
9350
9818
9293
15287
15288
15289
23958
9284
15300
15302
15304
15305
18544
15294
15295
15296
23968
9284
9294
15307
15310
15311
15313
18545
15301
15302
15303
23978
9297
15286
15288
15290
15292
18548
9298
15308
15309
15310
23988
9291
15321
15323
15324
15326
18549
15314
15315
15318
23998
15321
15322
15325
24008
9293
15329
15330
15331
24018
9291
9295
15335
15338
15339
15340
18553
9297
15328
15330
15332
15333
18554
9299
15336
15337
15338
24028
15343
15344
15345
24038
9297
9308
15356
15358
15360
15362
18557
9297
9836
15363
15365
15367
15369
18559
9310
9837
15350
15351
15352
24048
15342
15343
15346
15347
18561
9312
15357
15358
15359
24058
9839
15364
15365
15366
24068
9314
15371
15372
15373
24078
9305
15384
15386
15388
15389
18572
15378
15379
15380
31230
9305
9315
15391
15394
15395
15397
18573
20676
20678
20680
15385
15386
15387
24088
9318
15370
15372
15374
15376
18576
9319
15392
15393
15394
24098
9314
15399
15400
15401
24108
9311
15412
15414
15416
15417
18578
9311
9316
15419
15421
15423
15424
18580
15406
15407
15408
24118
9318
15398
15399
15402
15403
18582
15413
15414
15415
24128
9320
15420
15421
15422
24138
15427
15428
15429
24148
9318
9324
15440
15442
15444
15446
18585
20956
20958
20961
9318
9857
15447
15449
15451
15453
18587
9858
15434
15435
15436
24158
15426
15427
15430
15431
18589
15441
15442
15443
24168
9860
15448
15449
15450
24178
18600
20935
20936
20937
9327
18601
20942
20943
20944
9329
18604
20949
20950
20951
18606
20956
20957
20958
9328
18608
20963
20964
20965
9329
18610
20970
20971
20972
9333
18613
20977
20978
20979
9877
18615
20984
20985
20986
18617
20991
20992
20993
18628
20998
20999
21000
9336
14596
18629
21005
21006
21007
9338
18632
21012
21013
21014
18634
21019
21020
21021
9337
18636
21026
21027
21028
9338
18638
21033
21034
21035
14636
18641
21040
21041
21042
9886
18643
21047
21048
21049
18645
21054
21055
21056
9341
9344
9341
9345
9342
9344
9345
9353
9344
9345
9354
9357
9358
9350
9351
9352
9353
9350
9351
9350
9352
9351
9352
9355
9357
9359
9357
9358
9359
9357
9358
9361
9357
9359
9896
9358
9359
9362
9897
9364
9899
9364
9365
9366
9364
9365
9364
9366
9365
9366
9368
9371
9547
9382
9558
9372
9373
9374
9381
9372
9373
9376
16649
9373
9382
16651
9378
9380
9384
16653
9378
9379
9380
9386
9378
9379
9398
9378
9380
9379
9380
9387
9400
9390
9402
9391
9384
9385
9386
9384
18760
9384
9385
9389
9926
18761
9391
18763
9392
9928
9390
9391
9392
9390
9391
9413
9390
9392
9414
9931
9391
9392
9932
9416
9934
9395
9396
9408
18703
9395
9396
18704
18707
9410
18708
9401
9402
9403
9412
18703
9401
9402
9401
9403
18705
9402
9403
9413
18707
9416
9417
18709
9406
9407
9408
9412
9406
9407
9414
9416
9411
9418
9410
9411
18710
9410
9411
9428
9950
18712
9430
18714
9951
18716
9416
9417
9418
18710
9416
9417
9416
9418
9954
9417
9418
9955
18713
18715
9957
18716
9423
9424
9425
9432
9423
9424
9423
9425
9424
9425
9433
9436
9437
9429
9430
9431
9432
18724
9429
9431
9434
9430
9431
18726
9436
18728
9438
18730
9436
9437
9438
9436
9437
9447
9436
9438
9976
9437
9438
9449
9977
9451
9979
9443
9444
9445
9453
9443
9444
9443
9445
9444
9445
9454
9457
9458
9450
9451
9452
9453
9450
9451
9450
9452
9455
9451
9452
9457
9459
9457
9458
9459
9457
9458
9457
9459
9996
9458
9459
9472
9997
9473
9999
9462
9463
9464
9475
9462
9463
9465
9468
9469
9477
9468
9469
9470
9479
18731
9468
9469
9487
9468
9470
18733
9469
9470
9480
9489
18735
9483
9491
9484
18737
9473
9474
9475
18738
9473
9474
18740
18742
9478
18744
9477
9478
9479
9477
9478
9481
9500
10017
9483
9501
9485
10018
9483
9484
9485
18738
9483
9484
9503
9483
9485
9504
10021
9484
9485
10022
18741
9506
18743
10024
18744
9490
9491
9492
9493
9502
9490
9491
9490
9492
9495
9491
9492
9503
9497
9506
9499
9507
9497
9498
9499
9509
9497
9498
9497
9499
9498
9499
9510
9517
9513
9514
9501
9504
9506
9506
9507
9508
9509
9506
9507
9506
9508
10043
9507
9508
9512
10044
9514
9515
10046
9513
9514
9515
9513
9514
9519
9513
9515
10050
9514
9515
10051
10053
9518
9518
9519
9521
9521
9572
9521
9573
10072
9575
9523
9527
9531
9534
9525
9528
9532
9536
9530
9531
9532
9537
9530
9531
18746
9530
9532
9531
9532
9538
18748
9541
18750
9542
9534
9539
9553
10078
9541
9555
9536
9540
9635
10080
9542
9637
9541
9542
9543
9541
9542
18753
9541
9543
10083
18754
9542
9543
10084
18756
10086
9548
9549
9550
9557
9548
9549
9548
9550
16650
9549
9550
9558
16651
9561
9562
16654
9554
9555
9556
9557
18752
9554
9556
9559
9555
9556
18754
9561
18756
9563
18758
9561
9562
9563
9561
9562
18760
9561
9563
10101
9562
9563
10102
18762
18764
10104
9568
9569
9570
9578
9568
9569
9568
9570
9569
9570
9579
9582
9583
9575
9576
9577
9578
9575
9576
9575
9577
9580
9576
9577
9582
9584
9582
9583
9584
9582
9583
9582
9584
10121
9583
9584
9597
10122
9598
10124
9589
9590
9591
9592
9599
9589
9590
9589
9591
9593
9590
9591
9600
9595
9603
9596
9604
9595
9596
9606
9595
9596
18767
9596
9607
18769
9609
18771
9598
9601
9603
9603
9604
9605
9606
9603
9604
9603
9605
10142
9604
9605
9608
10143
9609
9610
10145
9609
9610
9609
18774
9609
9610
10149
18775
18777
10151
9612
9616
9620
9623
9614
9617
9621
9625
9619
9620
9621
9626
9619
9620
9619
9621
9620
9621
9627
9630
9631
9623
9628
9636
10167
9630
9638
9625
9629
9671
10169
9631
9673
9630
9631
9632
9630
9631
9630
9632
10172
9631
9632
10173
10175
9637
9638
9639
9637
9638
9637
9639
9638
9639
9643
9644
9650
18780
9643
9644
9677
18782
9644
9651
9679
18784
9653
9681
18786
9648
9649
18787
9648
18774
9648
9649
18776
18789
18778
18791
18793
9653
9654
18787
9653
9684
9653
9654
9685
10197
18790
9687
18792
10199
18793
9656
9657
9660
9663
9660
18795
9661
9707
9660
9661
9664
9709
18797
9667
18799
9668
9711
9663
9665
9672
10211
9667
9674
9667
9668
9721
18802
9667
10213
18803
9668
9722
10214
18805
9724
9673
9674
9675
18801
9673
9674
9673
9675
9674
9675
18803
18805
18807
9680
9681
9682
9683
9680
9681
9680
9682
9681
9682
9684
9687
9688
9687
9688
9689
9687
9688
9687
9689
10233
9688
9689
9697
10234
9698
10236
9694
9695
9696
9699
9694
9695
9694
9696
16705
9695
9696
9700
16707
9703
9704
16709
9698
9701
9703
9703
9704
9705
9703
9704
18823
9703
9705
10247
9704
9705
10248
18824
18826
10250
9710
9711
9712
9720
18808
9710
9711
9710
9712
18809
9711
9712
9721
18812
9724
9725
18813
9716
9717
9727
18808
9716
9717
18810
9717
9728
18812
9730
18814
9719
9720
9727
9726
9731
9724
9725
9726
18815
9724
9725
9724
9726
10263
9725
9726
10264
18817
18819
10266
18821
9730
9731
18815
9730
9768
9730
9731
9769
10270
18818
9771
18820
10272
18821
9734
9735
9736
9743
16704
9734
9735
16705
9740
16708
9745
16709
9740
9741
9742
9747
9740
9741
9740
9742
9782
9741
9742
9748
9784
9751
9752
9786
9745
9746
9747
18822
9745
9746
10289
18824
18826
9753
10290
18828
9751
9752
9753
9751
9752
9789
9751
9753
10293
9752
9753
9790
10294
9792
10296
9756
9761
9756
9757
9763
9805
9759
9765
9759
9775
9809
9759
9776
10310
9778
9764
9765
9766
9774
9764
9765
9764
9766
16726
9765
9766
9775
16728
9778
9779
16730
9771
9772
9773
9774
9771
9772
9771
9773
9772
9773
9776
9778
9780
9778
9779
9780
9778
9779
18848
9778
9780
10317
9779
9780
10318
18849
18851
10320
9785
9786
9787
9788
18829
9785
9786
9785
9787
18830
9786
9787
9789
18833
9792
9793
18834
9792
9793
9794
18836
9792
9793
9798
9792
9794
10338
9793
9794
9799
10339
18838
9800
18840
10341
18842
9797
18830
9797
9801
18832
9803
18834
9800
9800
9802
9803
9803
9822
18837
9803
10351
18838
18840
9806
9807
16727
9806
9809
16728
9808
9811
16731
9808
18844
9813
18846
9811
18848
9811
9812
10360
18850
9813
18852
9813
10363
18855
18856
9818
9819
9820
9828
9818
9819
9818
9820
9819
9820
9829
9832
9833
9825
9826
9827
9828
9825
9826
9825
9827
9826
9827
9830
9832
9834
9832
9833
9834
9832
9833
9903
9832
9834
10369
9833
9834
9904
10370
9906
10372
9849
15551
15552
15553
24188
9840
15564
15566
15568
15569
18867
15558
15559
15560
24198
9840
9850
15571
15574
15575
15577
18868
15565
15566
15567
24208
9853
15550
15552
15554
15556
18871
9854
15572
15573
15574
24218
9847
15585
15587
15588
15590
18872
15578
15579
15582
24228
15585
15586
15589
24238
9849
15593
15594
15595
24248
9847
9851
15599
15602
15603
15604
18876
9853
15592
15594
15596
15597
18877
9855
15600
15601
15602
24258
15607
15608
15609
24268
9853
9864
15620
15622
15624
15626
18880
9853
10390
15627
15629
15631
15633
18882
9866
10391
15614
15615
15616
24278
15606
15607
15610
15611
18884
9868
15621
15622
15623
24288
10393
15628
15629
15630
24298
9870
15635
15636
15637
24308
9861
15648
15650
15652
15653
18895
15642
15643
15644
24318
9861
9871
15655
15658
15659
15661
18896
20718
20720
20722
15649
15650
15651
24328
9874
15634
15636
15638
15640
18899
9875
15656
15657
15658
31326
9870
15663
15664
15665
24338
9867
15676
15678
15680
15681
18901
9867
9872
15683
15685
15687
15688
18903
15670
15671
15672
24348
9874
15662
15663
15666
15667
18905
15677
15678
15679
24358
9876
15684
15685
15686
24368
15691
15692
15693
24378
9874
9880
15704
15706
15708
15710
18908
21082
21084
21087
9874
10411
15711
15713
15715
15717
18910
10412
15698
15699
15700
24388
15690
15691
15694
15695
18912
15705
15706
15707
24398
10414
15712
15713
15714
24408
18923
21061
21062
21063
9883
18924
21068
21069
21070
9885
18927
21075
21076
21077
18929
21082
21083
21084
9884
18931
21089
21090
21091
9885
18933
21096
21097
21098
9889
18936
21103
21104
21105
10431
18938
21110
21111
21112
18940
21117
21118
21119
18951
21124
21125
21126
9892
14610
18952
21131
21132
21133
9894
18955
21138
21139
21140
18957
21145
21146
21147
9893
18959
21152
21153
21154
9894
18961
21159
21160
21161
14643
18964
21166
21167
21168
10440
18966
21173
21174
21175
18968
21180
21181
21182
9899
9900
9901
9909
9899
9900
9899
9901
9900
9901
9910
9913
9914
9906
9907
9908
9909
9906
9907
9906
9908
9907
9908
9911
9913
9915
9913
9914
9915
9913
9914
9917
9913
9915
10450
9914
9915
9918
10451
9920
10453
9920
9921
9922
9920
9921
9920
9922
9921
9922
9924
9927
10103
9938
10114
9928
9929
9930
9937
9928
9929
9932
16752
9929
9938
16754
9934
9936
9940
16756
9934
9935
9936
9942
9934
9935
9954
9934
9936
9935
9936
9943
9956
9946
9958
9947
9940
9941
9942
9940
19083
9940
9941
9945
10480
19084
9947
19086
9948
10482
9946
9947
9948
9946
9947
9969
9946
9948
9970
10485
9947
9948
10486
9972
10488
9951
9952
9964
19026
9951
9952
19027
19030
9966
19031
9957
9958
9959
9968
19026
9957
9958
9957
9959
19028
9958
9959
9969
19030
9972
9973
19032
9962
9963
9964
9968
9962
9963
9970
9972
9967
9974
9966
9967
19033
9966
9967
9984
10504
19035
9986
19037
10505
19039
9972
9973
9974
19033
9972
9973
9972
9974
10508
9973
9974
10509
19036
19038
10511
19039
9979
9980
9981
9988
9979
9980
9979
9981
9980
9981
9989
9992
9993
9985
9986
9987
9988
19047
9985
9987
9990
9986
9987
19049
9992
19051
9994
19053
9992
9993
9994
9992
9993
10003
9992
9994
10530
9993
9994
10005
10531
10007
10533
9999
10000
10001
10009
9999
10000
9999
10001
10000
10001
10010
10013
10014
10006
10007
10008
10009
10006
10007
10006
10008
10011
10007
10008
10013
10015
10013
10014
10015
10013
10014
10013
10015
10550
10014
10015
10028
10551
10029
10553
10018
10019
10020
10031
10018
10019
10021
10024
10025
10033
10024
10025
10026
10035
19054
10024
10025
10043
10024
10026
19056
10025
10026
10036
10045
19058
10039
10047
10040
19060
10029
10030
10031
19061
10029
10030
19063
19065
10034
19067
10033
10034
10035
10033
10034
10037
10056
10571
10039
10057
10041
10572
10039
10040
10041
19061
10039
10040
10059
10039
10041
10060
10575
10040
10041
10576
19064
10062
19066
10578
19067
10046
10047
10048
10049
10058
10046
10047
10046
10048
10051
10047
10048
10059
10053
10062
10055
10063
10053
10054
10055
10065
10053
10054
10053
10055
10054
10055
10066
10073
10069
10070
10057
10060
10062
10062
10063
10064
10065
10062
10063
10062
10064
10597
10063
10064
10068
10598
10070
10071
10600
10069
10070
10071
10069
10070
10075
10069
10071
10604
10070
10071
10605
10607
10074
10074
10075
10077
10077
10128
10077
10129
10626
10131
10079
10083
10087
10090
10081
10084
10088
10092
10086
10087
10088
10093
10086
10087
19069
10086
10088
10087
10088
10094
19071
10097
19073
10098
10090
10095
10109
10632
10097
10111
10092
10096
10191
10634
10098
10193
10097
10098
10099
10097
10098
19076
10097
10099
10637
19077
10098
10099
10638
19079
10640
10104
10105
10106
10113
10104
10105
10104
10106
16753
10105
10106
10114
16754
10117
10118
16757
10110
10111
10112
10113
19075
10110
10112
10115
10111
10112
19077
10117
19079
10119
19081
10117
10118
10119
10117
10118
19083
10117
10119
10655
10118
10119
10656
19085
19087
10658
10124
10125
10126
10134
10124
10125
10124
10126
10125
10126
10135
10138
10139
10131
10132
10133
10134
10131
10132
10131
10133
10136
10132
10133
10138
10140
10138
10139
10140
10138
10139
10138
10140
10675
10139
10140
10153
10676
10154
10678
10145
10146
10147
10148
10155
10145
10146
10145
10147
10149
10146
10147
10156
10151
10159
10152
10160
10151
10152
10162
10151
10152
19090
10152
10163
19092
10165
19094
10154
10157
10159
10159
10160
10161
10162
10159
10160
10159
10161
10696
10160
10161
10164
10697
10165
10166
10699
10165
10166
10165
19097
10165
10166
10703
19098
19100
10705
10168
10172
10176
10179
10170
10173
10177
10181
10175
10176
10177
10182
10175
10176
10175
10177
10176
10177
10183
10186
10187
10179
10184
10192
10721
10186
10194
10181
10185
10227
10723
10187
10229
10186
10187
10188
10186
10187
10186
10188
10726
10187
10188
10727
10729
10193
10194
10195
10193
10194
10193
10195
10194
10195
10199
10200
10206
19103
10199
10200
10233
19105
10200
10207
10235
19107
10209
10237
19109
10204
10205
19110
10204
19097
10204
10205
19099
19112
19101
19114
19116
10209
10210
19110
10209
10240
10209
10210
10241
10751
19113
10243
19115
10753
19116
10212
10213
10216
10219
10216
19118
10217
10263
10216
10217
10220
10265
19120
10223
19122
10224
10267
10219
10221
10228
10765
10223
10230
10223
10224
10277
19125
10223
10767
19126
10224
10278
10768
19128
10280
10229
10230
10231
19124
10229
10230
10229
10231
10230
10231
19126
19128
19130
10236
10237
10238
10239
10236
10237
10236
10238
10237
10238
10240
10243
10244
10243
10244
10245
10243
10244
10243
10245
10787
10244
10245
10253
10788
10254
10790
10250
10251
10252
10255
10250
10251
10250
10252
16808
10251
10252
10256
16810
10259
10260
16812
10254
10257
10259
10259
10260
10261
10259
10260
19146
10259
10261
10801
10260
10261
10802
19147
19149
10804
10266
10267
10268
10276
19131
10266
10267
10266
10268
19132
10267
10268
10277
19135
10280
10281
19136
10272
10273
10283
19131
10272
10273
19133
10273
10284
19135
10286
19137
10275
10276
10283
10282
10287
10280
10281
10282
19138
10280
10281
10280
10282
10817
10281
10282
10818
19140
19142
10820
19144
10286
10287
19138
10286
10324
10286
10287
10325
10824
19141
10327
19143
10826
19144
10290
10291
10292
10299
16807
10290
10291
16808
10296
16811
10301
16812
10296
10297
10298
10303
10296
10297
10296
10298
10338
10297
10298
10304
10340
10307
10308
10342
10301
10302
10303
19145
10301
10302
10843
19147
19149
10309
10844
19151
10307
10308
10309
10307
10308
10345
10307
10309
10847
10308
10309
10346
10848
10348
10850
10312
10317
10312
10313
10319
10361
10315
10321
10315
10331
10365
10315
10332
10864
10334
10320
10321
10322
10330
10320
10321
10320
10322
16829
10321
10322
10331
16831
10334
10335
16833
10327
10328
10329
10330
10327
10328
10327
10329
10328
10329
10332
10334
10336
10334
10335
10336
10334
10335
19171
10334
10336
10871
10335
10336
10872
19172
19174
10874
10341
10342
10343
10344
19152
10341
10342
10341
10343
19153
10342
10343
10345
19156
10348
10349
19157
10348
10349
10350
19159
10348
10349
10354
10348
10350
10892
10349
10350
10355
10893
19161
10356
19163
10895
19165
10353
19153
10353
10357
19155
10359
19157
10356
10356
10358
10359
10359
10376
19160
10359
10905
19161
19163
10362
10363
16830
10362
10365
16831
10364
10367
16834
10364
19167
19169
10367
19171
10367
10914
19173
19175
10372
10373
10374
10382
10372
10373
10372
10374
10373
10374
10383
10386
10387
10379
10380
10381
10382
10379
10380
10379
10381
10380
10381
10384
10386
10388
10386
10387
10388
10386
10387
10457
10386
10388
10921
10387
10388
10458
10922
10460
10924
10406
15815
15816
15817
24418
10394
15828
15830
15832
15833
19186
15822
15823
15824
24428
10394
10407
15835
15838
15839
15841
19187
15829
15830
15831
24438
10408
15814
15816
15818
15820
19190
10409
15836
15837
15838
24448
10402
15849
15851
15852
15854
19191
10402
10403
15856
15858
15859
15861
19192
15842
15843
15844
24458
15849
15850
15853
24468
10405
15856
15857
15860
24478
10406
15864
15865
15866
24488
10408
15863
15866
15867
15868
19197
10408
15877
15879
15880
15882
19198
10418
15870
15871
15874
24498
15877
15878
15881
24508
15885
15886
15887
24518
10408
10421
15891
15894
15895
15897
19202
15884
15886
15888
15889
19204
10423
15892
15893
15894
24528
10427
15899
15900
15901
24538
10415
15912
15914
15916
15917
19214
15906
15907
15908
31382
10415
10428
15919
15922
15923
15925
19215
20760
20762
20764
15913
15914
15915
24548
10429
15898
15900
15902
15904
19218
10430
15920
15921
15922
31412
10422
10424
15933
15935
15936
15938
19219
15926
15927
15930
24558
10426
15933
15934
15937
24568
10427
15941
15942
15943
24578
10422
15947
15950
15951
15952
19223
10429
15940
15942
15944
15945
19225
15948
15949
15950
24588
10429
15961
15963
15964
15966
19226
15954
15955
15958
24598
15961
15962
15965
24608
15969
15970
15971
24618
10429
10435
15975
15978
15979
15981
19230
21215
21217
21220
15968
15970
15972
15973
19232
15976
15977
15978
24628
19242
21187
21188
21189
10438
19243
21194
21195
21196
10439
19246
21201
21202
21203
10437
19247
21207
21208
21211
19251
21215
21216
21217
10439
19253
21222
21223
21224
19254
21228
21229
21232
10444
19258
21236
21237
21238
19260
21243
21244
21245
19270
21250
21251
21252
10447
14624
19271
21257
21258
21259
10448
19274
21264
21265
21266
10446
19275
21270
21271
21274
19279
21278
21279
21280
10448
19281
21285
21286
21287
19282
21291
21292
21295
14653
19286
21299
21300
21301
19288
21306
21307
21308
10453
10454
10455
10463
10453
10454
10453
10455
10454
10455
10464
10467
10468
10460
10461
10462
10463
10460
10461
10460
10462
10461
10462
10465
10467
10469
10467
10468
10469
10467
10468
10471
10467
10469
11030
10468
10469
10472
11031
10474
11033
10474
10475
10476
10474
10475
10474
10476
10475
10476
10478
10481
10657
10492
10668
10482
10483
10484
10491
10482
10483
10486
16855
10483
10492
16857
10488
10490
10494
16859
10488
10489
10490
10496
10488
10489
10508
10488
10490
10489
10490
10497
10510
10500
10512
10501
10494
10495
10496
10494
19402
10494
10495
10499
11053
19403
10501
19405
10502
11055
10500
10501
10502
10500
10501
10523
10500
10502
10524
11058
10501
10502
11059
10526
11061
10505
10506
10518
19345
10505
10506
19346
19349
10520
19350
10511
10512
10513
10522
19345
10511
10512
10511
10513
19347
10512
10513
10523
19349
10526
10527
19351
10516
10517
10518
10522
10516
10517
10524
10526
10521
10528
10520
10521
19352
10520
10521
10538
11077
19354
10540
19356
11078
19358
10526
10527
10528
19352
10526
10527
10526
10528
11081
10527
10528
11082
19355
19357
11084
19358
10533
10534
10535
10542
10533
10534
10533
10535
10534
10535
10543
10546
10547
10539
10540
10541
10542
19366
10539
10541
10544
10540
10541
19368
10546
19370
10548
19372
10546
10547
10548
10546
10547
10557
10546
10548
11103
10547
10548
10559
11104
10561
11106
10553
10554
10555
10563
10553
10554
10553
10555
10554
10555
10564
10567
10568
10560
10561
10562
10563
10560
10561
10560
10562
10565
10561
10562
10567
10569
10567
10568
10569
10567
10568
10567
10569
11123
10568
10569
10582
11124
10583
11126
10572
10573
10574
10585
10572
10573
10575
10578
10579
10587
10578
10579
10580
10589
19373
10578
10579
10597
10578
10580
19375
10579
10580
10590
10599
19377
10593
10601
10594
19379
10583
10584
10585
19380
10583
10584
19382
19384
10588
19386
10587
10588
10589
10587
10588
10591
10610
11144
10593
10611
10595
11145
10593
10594
10595
19380
10593
10594
10613
10593
10595
10614
11148
10594
10595
11149
19383
10616
19385
11151
19386
10600
10601
10602
10603
10612
10600
10601
10600
10602
10605
10601
10602
10613
10607
10616
10609
10617
10607
10608
10609
10619
10607
10608
10607
10609
10608
10609
10620
10627
10623
10624
10611
10614
10616
10616
10617
10618
10619
10616
10617
10616
10618
11170
10617
10618
10622
11171
10624
10625
11173
10623
10624
10625
10623
10624
10629
10623
10625
11177
10624
10625
11178
11180
10628
10628
10629
10631
10631
10682
10631
10683
11199
10685
10633
10637
10641
10644
10635
10638
10642
10646
10640
10641
10642
10647
10640
10641
19388
10640
10642
10641
10642
10648
19390
10651
19392
10652
10644
10649
10663
11205
10651
10665
10646
10650
10745
11207
10652
10747
10651
10652
10653
10651
10652
19395
10651
10653
11210
19396
10652
10653
11211
19398
11213
10658
10659
10660
10667
10658
10659
10658
10660
16856
10659
10660
10668
16857
10671
10672
16860
10664
10665
10666
10667
19394
10664
10666
10669
10665
10666
19396
10671
19398
10673
19400
10671
10672
10673
10671
10672
19402
10671
10673
11228
10672
10673
11229
19404
19406
11231
10678
10679
10680
10688
10678
10679
10678
10680
10679
10680
10689
10692
10693
10685
10686
10687
10688
10685
10686
10685
10687
10690
10686
10687
10692
10694
10692
10693
10694
10692
10693
10692
10694
11248
10693
10694
10707
11249
10708
11251
10699
10700
10701
10702
10709
10699
10700
10699
10701
10703
10700
10701
10710
10705
10713
10706
10714
10705
10706
10716
10705
10706
19409
10706
10717
19411
10719
19413
10708
10711
10713
10713
10714
10715
10716
10713
10714
10713
10715
11269
10714
10715
10718
11270
10719
10720
11272
10719
10720
10719
19416
10719
10720
11276
19417
19419
11278
10722
10726
10730
10733
10724
10727
10731
10735
10729
10730
10731
10736
10729
10730
10729
10731
10730
10731
10737
10740
10741
10733
10738
10746
11294
10740
10748
10735
10739
10781
11296
10741
10783
10740
10741
10742
10740
10741
10740
10742
11299
10741
10742
11300
11302
10747
10748
10749
10747
10748
10747
10749
10748
10749
10753
10754
10760
19422
10753
10754
10787
19424
10754
10761
10789
19426
10763
10791
19428
10758
10759
19429
10758
19416
10758
10759
19418
19431
19420
19433
19435
10763
10764
19429
10763
10794
10763
10764
10795
11324
19432
10797
19434
11326
19435
10766
10767
10770
10773
10770
19437
10771
10817
10770
10771
10774
10819
19439
10777
19441
10778
10821
10773
10775
10782
11338
10777
10784
10777
10778
10831
19444
10777
11340
19445
10778
10832
11341
19447
10834
10783
10784
10785
19443
10783
10784
10783
10785
10784
10785
19445
19447
19449
10790
10791
10792
10793
10790
10791
10790
10792
10791
10792
10794
10797
10798
10797
10798
10799
10797
10798
10797
10799
11360
10798
10799
10807
11361
10808
11363
10804
10805
10806
10809
10804
10805
10804
10806
16911
10805
10806
10810
16913
10813
10814
16915
10808
10811
10813
10813
10814
10815
10813
10814
19465
10813
10815
11374
10814
10815
11375
19466
19468
11377
10820
10821
10822
10830
19450
10820
10821
10820
10822
19451
10821
10822
10831
19454
10834
10835
19455
10826
10827
10837
19450
10826
10827
19452
10827
10838
19454
10840
19456
10829
10830
10837
10836
10841
10834
10835
10836
19457
10834
10835
10834
10836
11390
10835
10836
11391
19459
19461
11393
19463
10840
10841
19457
10840
10878
10840
10841
10879
11397
19460
10881
19462
11399
19463
10844
10845
10846
10853
16910
10844
10845
16911
10850
16914
10855
16915
10850
10851
10852
10857
10850
10851
10850
10852
10892
10851
10852
10858
10894
10861
10862
10896
10855
10856
10857
19464
10855
10856
11416
19466
19468
10863
11417
19470
10861
10862
10863
10861
10862
10899
10861
10863
11420
10862
10863
10900
11421
10902
11423
10866
10871
10866
10867
10873
10915
10869
10875
10869
10885
10917
10869
10886
11437
10888
10874
10875
10876
10884
10874
10875
10874
10876
16932
10875
10876
10885
16934
10888
10889
16936
10881
10882
10883
10884
10881
10882
10881
10883
10882
10883
10886
10888
10890
10888
10889
10890
10888
10889
19486
10888
10890
11444
10889
10890
11445
19487
19489
11447
10895
10896
10897
10898
19471
10895
10896
10895
10897
19472
10896
10897
10899
19475
10902
10903
19476
10902
10903
10904
19478
10902
10903
10908
10902
10904
11465
10903
10904
10909
11466
19480
10910
19482
11468
19484
10907
19472
10907
10911
19474
10913
19476
10910
10910
10912
10913
10913
10928
19479
10913
11478
19480
19482
10916
16933
10916
10917
16934
10919
16937
10919
19486
10919
11487
19488
19490
10924
10925
10926
10934
10924
10925
10924
10926
10925
10926
10935
10938
10939
10931
10932
10933
10934
10931
10932
10931
10933
10932
10933
10936
10938
10940
10938
10939
10940
10938
10939
11037
10938
10940
11494
10939
10940
11038
11495
11040
11497
10943
10946
14484
10943
10947
10962
24638
10944
10964
10946
10947
10955
10965
10946
10947
10956
14488
24645
10960
14489
10961
10968
24653
10952
10953
10954
10955
10965
10952
10953
14464
15842
10952
10954
10958
15844
24661
10953
10954
10966
14466
24671
10959
15845
10967
14467
10961
10968
24680
10959
10960
10961
10960
10961
14499
24689
10959
10960
14500
15856
10959
10961
15857
24698
15858
14503
24708
10964
10968
24717
10964
10967
14478
10965
10967
10968
10967
10968
14481
24724
14482
24732
10971
10974
14512
10971
10975
10990
24740
10972
10992
10974
10975
10983
10993
10974
10975
10984
14516
24747
10988
14517
10989
10996
24755
10980
10981
10982
10983
10993
10980
10981
14492
15926
10980
10982
10986
15927
24763
10981
10982
10994
14494
24773
10987
15928
10995
14496
10989
10996
24782
10987
10988
10989
10988
10989
14527
24791
10987
10988
14528
15933
10987
10989
15934
24800
15935
14531
24810
10992
10996
24819
10992
10995
14506
10993
10995
10996
10995
10996
14509
24826
14510
24834
10998
11000
14540
19520
30887
10999
11010
19522
32106
11000
11005
11011
19523
24842
11008
14543
19525
32113
11003
11004
11005
11011
16938
24850
11003
11004
14520
15998
16940
30904
11007
15999
16942
32121
11012
14524
16943
32131
11007
11008
19506
24859
11007
11008
14549
16002
19508
30914
16003
19510
32149
14551
19511
32140
11010
11012
14534
19514
30931
11011
19515
32159
11012
19516
24868
14538
19518
32166
11014
11016
14556
19541
30938
11015
11026
19543
32182
11016
11021
11027
19544
24876
11024
14559
19546
32188
11019
11020
11021
11027
16945
24882
11019
11020
14545
16046
16947
30943
11023
16047
16949
32193
11028
14547
16950
32200
11023
11024
19527
24889
11023
11024
14565
16050
19529
30951
16051
19531
32213
14567
19532
32208
11026
11028
14552
19535
30956
11027
19536
32219
11028
19537
24895
14555
19539
32226
11033
11034
11035
11043
11033
11034
11033
11035
11034
11035
11044
11047
11048
11040
11041
11042
11043
11040
11041
11040
11042
11041
11042
11045
11047
11049
11047
11048
11049
11047
11048
11047
11049
11515
11048
11049
11516
11518
11051
11054
11230
11065
11241
11055
11056
11057
11064
11055
11056
11059
16958
11056
11065
16960
11061
11063
11067
16962
11061
11062
11063
11069
11061
11062
11081
11061
11063
11062
11063
11070
11083
11073
11085
11074
11067
11068
11069
11067
19605
11067
11068
11072
11531
19606
11074
19608
11075
11533
11073
11074
11075
11073
11074
11096
11073
11075
11097
11536
11074
11075
11537
11099
11539
11078
11079
11091
19548
11078
11079
19549
19552
11093
19553
11084
11085
11086
11095
19548
11084
11085
11084
11086
19550
11085
11086
11096
19552
11099
11100
19554
11089
11090
11091
11095
11089
11090
11097
11099
11094
11101
11093
11094
19555
11093
11094
11111
11555
19557
11113
19559
11556
19561
11099
11100
11101
19555
11099
11100
11099
11101
11559
11100
11101
11560
19558
19560
11562
19561
11106
11107
11108
11115
11106
11107
11106
11108
11107
11108
11116
11119
11120
11112
11113
11114
11115
19569
11112
11114
11117
11113
11114
19571
11119
19573
11121
19575
11119
11120
11121
11119
11120
11130
11119
11121
11581
11120
11121
11132
11582
11134
11584
11126
11127
11128
11136
11126
11127
11126
11128
11127
11128
11137
11140
11141
11133
11134
11135
11136
11133
11134
11133
11135
11138
11134
11135
11140
11142
11140
11141
11142
11140
11141
11140
11142
11601
11141
11142
11155
11602
11156
11604
11145
11146
11147
11158
11145
11146
11148
11151
11152
11160
11151
11152
11153
11162
19576
11151
11152
11170
11151
11153
19578
11152
11153
11163
11172
19580
11166
11174
11167
19582
11156
11157
11158
19583
11156
11157
19585
19587
11161
19589
11160
11161
11162
11160
11161
11164
11183
11622
11166
11184
11168
11623
11166
11167
11168
19583
11166
11167
11186
11166
11168
11187
11626
11167
11168
11627
19586
11189
19588
11629
19589
11173
11174
11175
11176
11185
11173
11174
11173
11175
11178
11174
11175
11186
11180
11189
11182
11190
11180
11181
11182
11192
11180
11181
11180
11182
11181
11182
11193
11200
11196
11197
11184
11187
11189
11189
11190
11191
11192
11189
11190
11189
11191
11648
11190
11191
11195
11649
11197
11198
11651
11196
11197
11198
11196
11197
11202
11196
11198
11655
11197
11198
11656
11658
11201
11201
11202
11204
11204
11255
11204
11256
11677
11258
11206
11210
11214
11217
11208
11211
11215
11219
11213
11214
11215
11220
11213
11214
19591
11213
11215
11214
11215
11221
19593
11224
19595
11225
11217
11222
11236
11683
11224
11238
11219
11223
11318
11685
11225
11320
11224
11225
11226
11224
11225
19598
11224
11226
11688
19599
11225
11226
11689
19601
11691
11231
11232
11233
11240
11231
11232
11231
11233
16959
11232
11233
11241
16960
11244
11245
16963
11237
11238
11239
11240
19597
11237
11239
11242
11238
11239
19599
11244
19601
11246
19603
11244
11245
11246
11244
11245
19605
11244
11246
11706
11245
11246
11707
19607
19609
11709
11251
11252
11253
11261
11251
11252
11251
11253
11252
11253
11262
11265
11266
11258
11259
11260
11261
11258
11259
11258
11260
11263
11259
11260
11265
11267
11265
11266
11267
11265
11266
11265
11267
11726
11266
11267
11280
11727
11281
11729
11272
11273
11274
11275
11282
11272
11273
11272
11274
11276
11273
11274
11283
11278
11286
11279
11287
11278
11279
11289
11278
11279
19612
11279
11290
19614
11292
19616
11281
11284
11286
11286
11287
11288
11289
11286
11287
11286
11288
11747
11287
11288
11291
11748
11292
11293
11750
11292
11293
11292
19619
11292
11293
11754
19620
19622
11756
11295
11299
11303
11306
11297
11300
11304
11308
11302
11303
11304
11309
11302
11303
11302
11304
11303
11304
11310
11313
11314
11306
11311
11319
11772
11313
11321
11308
11312
11354
11774
11314
11356
11313
11314
11315
11313
11314
11313
11315
11777
11314
11315
11778
11780
11320
11321
11322
11320
11321
11320
11322
11321
11322
11326
11327
11333
19625
11326
11327
11360
19627
11327
11334
11362
19629
11336
11364
19631
11331
11332
19632
11331
19619
11331
11332
19621
19634
19623
19636
19638
11336
11337
19632
11336
11367
11336
11337
11368
11802
19635
11370
19637
11804
19638
11339
11340
11343
11346
11343
19640
11344
11390
11343
11344
11347
11392
19642
11350
19644
11351
11394
11346
11348
11355
11816
11350
11357
11350
11351
11404
19647
11350
11818
19648
11351
11405
11819
19650
11407
11356
11357
11358
19646
11356
11357
11356
11358
11357
11358
19648
19650
19652
11363
11364
11365
11366
11363
11364
11363
11365
11364
11365
11367
11370
11371
11370
11371
11372
11370
11371
11370
11372
11838
11371
11372
11380
11839
11381
11841
11377
11378
11379
11382
11377
11378
11377
11379
17014
11378
11379
11383
17016
11386
11387
17018
11381
11384
11386
11386
11387
11388
11386
11387
19668
11386
11388
11852
11387
11388
11853
19669
19671
11855
11393
11394
11395
11403
19653
11393
11394
11393
11395
19654
11394
11395
11404
19657
11407
11408
19658
11399
11400
11410
19653
11399
11400
19655
11400
11411
19657
11413
19659
11402
11403
11410
11409
11414
11407
11408
11409
19660
11407
11408
11407
11409
11868
11408
11409
11869
19662
19664
11871
19666
11413
11414
19660
11413
11451
11413
11414
11452
11875
19663
11454
19665
11877
19666
11417
11418
11419
11426
17013
11417
11418
17014
11423
17017
11428
17018
11423
11424
11425
11430
11423
11424
11423
11425
11465
11424
11425
11431
11467
11434
11435
11469
11428
11429
11430
19667
11428
11429
11894
19669
19671
11436
11895
19673
11434
11435
11436
11434
11435
11472
11434
11436
11898
11435
11436
11473
11899
11475
11901
11439
11444
11439
11440
11446
11488
11442
11448
11442
11458
11490
11442
11459
11915
11461
11447
11448
11449
11457
11447
11448
11447
11449
17035
11448
11449
11458
17037
11461
11462
17039
11454
11455
11456
11457
11454
11455
11454
11456
11455
11456
11459
11461
11463
11461
11462
11463
11461
11462
19689
11461
11463
11922
11462
11463
11923
19690
19692
11925
11468
11469
11470
11471
19674
11468
11469
11468
11470
19675
11469
11470
11472
19678
11475
11476
19679
11475
11476
11477
19681
11475
11476
11481
11475
11477
11943
11476
11477
11482
11944
19683
11483
19685
11946
19687
11480
19675
11480
11484
19677
11486
19679
11483
11483
11485
11486
11486
11501
19682
11486
11956
19683
19685
11489
17036
11489
11490
17037
11492
17040
11492
19689
11492
11965
19691
19693
11497
11498
11499
11507
11497
11498
11497
11499
11498
11499
11508
11511
11512
11504
11505
11506
11507
11504
11505
11504
11506
11505
11506
11509
11511
11513
11511
11512
11513
11511
11512
11522
11511
11513
11972
11512
11513
11523
11973
11525
11975
11518
11519
11520
11518
11519
11518
11520
11519
11520
11525
11526
11527
11525
11526
11525
11527
11526
11527
11529
11532
11708
11543
11719
11533
11534
11535
11542
11533
11534
11537
17061
11534
11543
17063
11539
11541
11545
17065
11539
11540
11541
11547
11539
11540
11559
11539
11541
11540
11541
11548
11561
11551
11563
11552
11545
11546
11547
11545
19752
11545
11546
11550
12002
19753
11552
19755
11553
12004
11551
11552
11553
11551
11552
11574
11551
11553
11575
12007
11552
11553
12008
11577
12010
11556
11557
11569
19695
11556
11557
19696
19699
11571
19700
11562
11563
11564
11573
19695
11562
11563
11562
11564
19697
11563
11564
11574
19699
11577
11578
19701
11567
11568
11569
11573
11567
11568
11575
11577
11572
11579
11571
11572
19702
11571
11572
11589
12026
19704
11591
19706
12027
19708
11577
11578
11579
19702
11577
11578
11577
11579
12030
11578
11579
12031
19705
19707
12033
19708
11584
11585
11586
11593
11584
11585
11584
11586
11585
11586
11594
11597
11598
11590
11591
11592
11593
19716
11590
11592
11595
11591
11592
19718
11597
19720
11599
19722
11597
11598
11599
11597
11598
11608
11597
11599
12052
11598
11599
11610
12053
11612
12055
11604
11605
11606
11614
11604
11605
11604
11606
11605
11606
11615
11618
11619
11611
11612
11613
11614
11611
11612
11611
11613
11616
11612
11613
11618
11620
11618
11619
11620
11618
11619
11618
11620
12072
11619
11620
11633
12073
11634
12075
11623
11624
11625
11636
11623
11624
11626
11629
11630
11638
11629
11630
11631
11640
19723
11629
11630
11648
11629
11631
19725
11630
11631
11641
11650
19727
11644
11652
11645
19729
11634
11635
11636
19730
11634
11635
19732
19734
11639
19736
11638
11639
11640
11638
11639
11642
11661
12093
11644
11662
11646
12094
11644
11645
11646
19730
11644
11645
11664
11644
11646
11665
12097
11645
11646
12098
19733
11667
19735
12100
19736
11651
11652
11653
11654
11663
11651
11652
11651
11653
11656
11652
11653
11664
11658
11667
11660
11668
11658
11659
11660
11670
11658
11659
11658
11660
11659
11660
11671
11678
11674
11675
11662
11665
11667
11667
11668
11669
11670
11667
11668
11667
11669
12119
11668
11669
11673
12120
11675
11676
12122
11674
11675
11676
11674
11675
11680
11674
11676
12126
11675
11676
12127
12129
11679
11679
11680
11682
11682
11733
11682
11734
12148
11736
11684
11688
11692
11695
11686
11689
11693
11697
11691
11692
11693
11698
11691
11692
19738
11691
11693
11692
11693
11699
19740
11702
19742
11703
11695
11700
11714
12154
11702
11716
11697
11701
11796
12156
11703
11798
11702
11703
11704
11702
11703
19745
11702
11704
12159
19746
11703
11704
12160
19748
12162
11709
11710
11711
11718
11709
11710
11709
11711
17062
11710
11711
11719
17063
11722
11723
17066
11715
11716
11717
11718
19744
11715
11717
11720
11716
11717
19746
11722
19748
11724
19750
11722
11723
11724
11722
11723
19752
11722
11724
12177
11723
11724
12178
19754
19756
12180
11729
11730
11731
11739
11729
11730
11729
11731
11730
11731
11740
11743
11744
11736
11737
11738
11739
11736
11737
11736
11738
11741
11737
11738
11743
11745
11743
11744
11745
11743
11744
11743
11745
12197
11744
11745
11758
12198
11759
12200
11750
11751
11752
11753
11760
11750
11751
11750
11752
11754
11751
11752
11761
11756
11764
11757
11765
11756
11757
11767
11756
11757
19759
11757
11768
19761
11770
19763
11759
11762
11764
11764
11765
11766
11767
11764
11765
11764
11766
12218
11765
11766
11769
12219
11770
11771
12221
11770
11771
11770
19766
11770
11771
12225
19767
19769
12227
11773
11777
11781
11784
11775
11778
11782
11786
11780
11781
11782
11787
11780
11781
11780
11782
11781
11782
11788
11791
11792
11784
11789
11797
12243
11791
11799
11786
11790
11832
12245
11792
11834
11791
11792
11793
11791
11792
11791
11793
12248
11792
11793
12249
12251
11798
11799
11800
11798
11799
11798
11800
11799
11800
11804
11805
11811
19772
11804
11805
11838
19774
11805
11812
11840
19776
11814
11842
19778
11809
11810
19779
11809
19766
11809
11810
19768
19781
19770
19783
19785
11814
11815
19779
11814
11845
11814
11815
11846
12273
19782
11848
19784
12275
19785
11817
11818
11821
11824
11821
19787
11822
11868
11821
11822
11825
11870
19789
11828
19791
11829
11872
11824
11826
11833
12287
11828
11835
11828
11829
11882
19794
11828
12289
19795
11829
11883
12290
19797
11885
11834
11835
11836
19793
11834
11835
11834
11836
11835
11836
19795
19797
19799
11841
11842
11843
11844
11841
11842
11841
11843
11842
11843
11845
11848
11849
11848
11849
11850
11848
11849
11848
11850
12309
11849
11850
11858
12310
11859
12312
11855
11856
11857
11860
11855
11856
11855
11857
17117
11856
11857
11861
17119
11864
11865
17121
11859
11862
11864
11864
11865
11866
11864
11865
19815
11864
11866
12323
11865
11866
12324
19816
19818
12326
11871
11872
11873
11881
19800
11871
11872
11871
11873
19801
11872
11873
11882
19804
11885
11886
19805
11877
11878
11888
19800
11877
11878
19802
11878
11889
19804
11891
19806
11880
11881
11888
11887
11892
11885
11886
11887
19807
11885
11886
11885
11887
12339
11886
11887
12340
19809
19811
12342
19813
11891
11892
19807
11891
11929
11891
11892
11930
12346
19810
11932
19812
12348
19813
11895
11896
11897
11904
17116
11895
11896
17117
11901
17120
11906
17121
11901
11902
11903
11908
11901
11902
11901
11903
11943
11902
11903
11909
11945
11912
11913
11947
11906
11907
11908
19814
11906
11907
12365
19816
19818
11914
12366
19820
11912
11913
11914
11912
11913
11950
11912
11914
12369
11913
11914
11951
12370
11953
12372
11917
11922
11917
11918
11924
11966
11920
11926
11920
11936
11968
11920
11937
12386
11939
11925
11926
11927
11935
11925
11926
11925
11927
17138
11926
11927
11936
17140
11939
11940
17142
11932
11933
11934
11935
11932
11933
11932
11934
11933
11934
11937
11939
11941
11939
11940
11941
11939
11940
19836
11939
11941
12393
11940
11941
12394
19837
19839
12396
11946
11947
11948
11949
19821
11946
11947
11946
11948
19822
11947
11948
11950
19825
11953
11954
19826
11953
11954
11955
19828
11953
11954
11959
11953
11955
12414
11954
11955
11960
12415
19830
11961
19832
12417
19834
11958
19822
11958
11962
19824
11964
19826
11961
11961
11963
11964
11964
11979
19829
11964
12427
19830
19832
11967
17139
11967
11968
17140
11970
17143
11970
19836
11970
12436
19838
19840
11975
11976
11977
11985
11975
11976
11975
11977
11976
11977
11986
11989
11990
11982
11983
11984
11985
11982
11983
11982
11984
11983
11984
11987
11989
11991
11989
11990
11991
11989
11990
11993
11989
11991
12443
11990
11991
11994
12444
11996
12446
11996
11997
11998
11996
11997
11996
11998
11997
11998
12000
12003
12179
12014
12190
12004
12005
12006
12013
12004
12005
12008
17165
12005
12014
17167
12010
12012
12016
17169
12010
12011
12012
12018
12010
12011
12030
12010
12012
12011
12012
12019
12032
12022
12034
12023
12016
12017
12018
12016
19899
12016
12017
12021
12473
19900
12023
19902
12024
12475
12022
12023
12024
12022
12023
12045
12022
12024
12046
12478
12023
12024
12479
12048
12481
12027
12028
12040
19842
12027
12028
19843
19846
12042
19847
12033
12034
12035
12044
19842
12033
12034
12033
12035
19844
12034
12035
12045
19846
12048
12049
19848
12038
12039
12040
12044
12038
12039
12046
12048
12043
12050
12042
12043
19849
12042
12043
12060
12497
19851
12062
19853
12498
19855
12048
12049
12050
19849
12048
12049
12048
12050
12501
12049
12050
12502
19852
19854
12504
19855
12055
12056
12057
12064
12055
12056
12055
12057
12056
12057
12065
12068
12069
12061
12062
12063
12064
19863
12061
12063
12066
12062
12063
19865
12068
19867
12070
19869
12068
12069
12070
12068
12069
12079
12068
12070
12523
12069
12070
12081
12524
12083
12526
12075
12076
12077
12085
12075
12076
12075
12077
12076
12077
12086
12089
12090
12082
12083
12084
12085
12082
12083
12082
12084
12087
12083
12084
12089
12091
12089
12090
12091
12089
12090
12089
12091
12543
12090
12091
12104
12544
12105
12546
12094
12095
12096
12107
12094
12095
12097
12100
12101
12109
12100
12101
12102
12111
19870
12100
12101
12119
12100
12102
19872
12101
12102
12112
12121
19874
12115
12123
12116
19876
12105
12106
12107
19877
12105
12106
19879
19881
12110
19883
12109
12110
12111
12109
12110
12113
12132
12564
12115
12133
12117
12565
12115
12116
12117
19877
12115
12116
12135
12115
12117
12136
12568
12116
12117
12569
19880
12138
19882
12571
19883
12122
12123
12124
12125
12134
12122
12123
12122
12124
12127
12123
12124
12135
12129
12138
12131
12139
12129
12130
12131
12141
12129
12130
12129
12131
12130
12131
12142
12149
12145
12146
12133
12136
12138
12138
12139
12140
12141
12138
12139
12138
12140
12590
12139
12140
12144
12591
12146
12147
12593
12145
12146
12147
12145
12146
12151
12145
12147
12597
12146
12147
12598
12600
12150
12150
12151
12153
12153
12204
12153
12205
12619
12207
12155
12159
12163
12166
12157
12160
12164
12168
12162
12163
12164
12169
12162
12163
19885
12162
12164
12163
12164
12170
19887
12173
19889
12174
12166
12171
12185
12625
12173
12187
12168
12172
12267
12627
12174
12269
12173
12174
12175
12173
12174
19892
12173
12175
12630
19893
12174
12175
12631
19895
12633
12180
12181
12182
12189
12180
12181
12180
12182
17166
12181
12182
12190
17167
12193
12194
17170
12186
12187
12188
12189
19891
12186
12188
12191
12187
12188
19893
12193
19895
12195
19897
12193
12194
12195
12193
12194
19899
12193
12195
12648
12194
12195
12649
19901
19903
12651
12200
12201
12202
12210
12200
12201
12200
12202
12201
12202
12211
12214
12215
12207
12208
12209
12210
12207
12208
12207
12209
12212
12208
12209
12214
12216
12214
12215
12216
12214
12215
12214
12216
12668
12215
12216
12229
12669
12230
12671
12221
12222
12223
12224
12231
12221
12222
12221
12223
12225
12222
12223
12232
12227
12235
12228
12236
12227
12228
12238
12227
12228
19906
12228
12239
19908
12241
19910
12230
12233
12235
12235
12236
12237
12238
12235
12236
12235
12237
12689
12236
12237
12240
12690
12241
12242
12692
12241
12242
12241
19913
12241
12242
12696
19914
19916
12698
12244
12248
12252
12255
12246
12249
12253
12257
12251
12252
12253
12258
12251
12252
12251
12253
12252
12253
12259
12262
12263
12255
12260
12268
12714
12262
12270
12257
12261
12303
12716
12263
12305
12262
12263
12264
12262
12263
12262
12264
12719
12263
12264
12720
12722
12269
12270
12271
12269
12270
12269
12271
12270
12271
12275
12276
12282
19919
12275
12276
12309
19921
12276
12283
12311
19923
12285
12313
19925
12280
12281
19926
12280
19913
12280
12281
19915
19928
19917
19930
19932
12285
12286
19926
12285
12316
12285
12286
12317
12744
19929
12319
19931
12746
19932
12288
12289
12292
12295
12292
19934
12293
12339
12292
12293
12296
12341
19936
12299
19938
12300
12343
12295
12297
12304
12758
12299
12306
12299
12300
12353
19941
12299
12760
19942
12300
12354
12761
19944
12356
12305
12306
12307
19940
12305
12306
12305
12307
12306
12307
19942
19944
19946
12312
12313
12314
12315
12312
12313
12312
12314
12313
12314
12316
12319
12320
12319
12320
12321
12319
12320
12319
12321
12780
12320
12321
12329
12781
12330
12783
12326
12327
12328
12331
12326
12327
12326
12328
17221
12327
12328
12332
17223
12335
12336
17225
12330
12333
12335
12335
12336
12337
12335
12336
19962
12335
12337
12794
12336
12337
12795
19963
19965
12797
12342
12343
12344
12352
19947
12342
12343
12342
12344
19948
12343
12344
12353
19951
12356
12357
19952
12348
12349
12359
19947
12348
12349
19949
12349
12360
19951
12362
19953
12351
12352
12359
12358
12363
12356
12357
12358
19954
12356
12357
12356
12358
12810
12357
12358
12811
19956
19958
12813
19960
12362
12363
19954
12362
12400
12362
12363
12401
12817
19957
12403
19959
12819
19960
12366
12367
12368
12375
17220
12366
12367
17221
12372
17224
12377
17225
12372
12373
12374
12379
12372
12373
12372
12374
12414
12373
12374
12380
12416
12383
12384
12418
12377
12378
12379
19961
12377
12378
12836
19963
19965
12385
12837
19967
12383
12384
12385
12383
12384
12421
12383
12385
12840
12384
12385
12422
12841
12424
12843
12388
12393
12388
12389
12395
12437
12391
12397
12391
12407
12439
12391
12408
12857
12410
12396
12397
12398
12406
12396
12397
12396
12398
17242
12397
12398
12407
17244
12410
12411
17246
12403
12404
12405
12406
12403
12404
12403
12405
12404
12405
12408
12410
12412
12410
12411
12412
12410
12411
19983
12410
12412
12864
12411
12412
12865
19984
19986
12867
12417
12418
12419
12420
19968
12417
12418
12417
12419
19969
12418
12419
12421
19972
12424
12425
19973
12424
12425
12426
19975
12424
12425
12430
12424
12426
12885
12425
12426
12431
12886
19977
12432
19979
12888
19981
12429
19969
12429
12433
19971
12435
19973
12432
12432
12434
12435
12435
12450
19976
12435
12898
19977
19979
12438
17243
12438
12439
17244
12441
17247
12441
19983
12441
12907
19985
19987
12446
12447
12448
12456
12446
12447
12446
12448
12447
12448
12457
12460
12461
12453
12454
12455
12456
12453
12454
12453
12455
12454
12455
12458
12460
12462
12460
12461
12462
12460
12461
12464
12460
12462
12924
12461
12462
12465
12925
12467
12927
12467
12468
12469
12467
12468
12467
12469
12468
12469
12471
12474
12650
12485
12661
12475
12476
12477
12484
12475
12476
12479
17249
12476
12485
17251
12481
12483
12487
17253
12481
12482
12483
12489
12481
12482
12501
12481
12483
12482
12483
12490
12503
12493
12505
12494
12487
12488
12489
12487
20046
12487
12488
12492
12961
20047
12494
20049
12495
12963
12493
12494
12495
12493
12494
12516
12493
12495
12517
12966
12494
12495
12967
12519
12969
12498
12499
12511
19989
12498
12499
19990
19993
12513
19994
12504
12505
12506
12515
19989
12504
12505
12504
12506
19991
12505
12506
12516
19993
12519
12520
19995
12509
12510
12511
12515
12509
12510
12517
12519
12514
12521
12513
12514
19996
12513
12514
12531
12985
19998
12533
20000
12986
20002
12519
12520
12521
19996
12519
12520
12519
12521
12989
12520
12521
12990
19999
20001
12992
20002
12526
12527
12528
12535
12526
12527
12526
12528
12527
12528
12536
12539
12540
12532
12533
12534
12535
20010
12532
12534
12537
12533
12534
20012
12539
20014
12541
20016
12539
12540
12541
12539
12540
12550
12539
12541
13011
12540
12541
12552
13012
12554
13014
12546
12547
12548
12556
12546
12547
12546
12548
12547
12548
12557
12560
12561
12553
12554
12555
12556
12553
12554
12553
12555
12558
12554
12555
12560
12562
12560
12561
12562
12560
12561
12560
12562
13031
12561
12562
12575
13032
12576
13034
12565
12566
12567
12578
12565
12566
12568
12571
12572
12580
12571
12572
12573
12582
20017
12571
12572
12590
12571
12573
20019
12572
12573
12583
12592
20021
12586
12594
12587
20023
12576
12577
12578
20024
12576
12577
20026
20028
12581
20030
12580
12581
12582
12580
12581
12584
12603
13052
12586
12604
12588
13053
12586
12587
12588
20024
12586
12587
12606
12586
12588
12607
13056
12587
12588
13057
20027
12609
20029
13059
20030
12593
12594
12595
12596
12605
12593
12594
12593
12595
12598
12594
12595
12606
12600
12609
12602
12610
12600
12601
12602
12612
12600
12601
12600
12602
12601
12602
12613
12620
12616
12617
12604
12607
12609
12609
12610
12611
12612
12609
12610
12609
12611
13078
12610
12611
12615
13079
12617
12618
13081
12616
12617
12618
12616
12617
12622
12616
12618
13085
12617
12618
13086
13088
12621
12621
12622
12624
12624
12675
12624
12676
13107
12678
12626
12630
12634
12637
12628
12631
12635
12639
12633
12634
12635
12640
12633
12634
20032
12633
12635
12634
12635
12641
20034
12644
20036
12645
12637
12642
12656
13113
12644
12658
12639
12643
12738
13115
12645
12740
12644
12645
12646
12644
12645
20039
12644
12646
13118
20040
12645
12646
13119
20042
13121
12651
12652
12653
12660
12651
12652
12651
12653
17250
12652
12653
12661
17251
12664
12665
17254
12657
12658
12659
12660
20038
12657
12659
12662
12658
12659
20040
12664
20042
12666
20044
12664
12665
12666
12664
12665
20046
12664
12666
13136
12665
12666
13137
20048
20050
13139
12671
12672
12673
12681
12671
12672
12671
12673
12672
12673
12682
12685
12686
12678
12679
12680
12681
12678
12679
12678
12680
12683
12679
12680
12685
12687
12685
12686
12687
12685
12686
12685
12687
13156
12686
12687
12700
13157
12701
13159
12692
12693
12694
12695
12702
12692
12693
12692
12694
12696
12693
12694
12703
12698
12706
12699
12707
12698
12699
12709
12698
12699
20053
12699
12710
20055
12712
20057
12701
12704
12706
12706
12707
12708
12709
12706
12707
12706
12708
13177
12707
12708
12711
13178
12712
12713
13180
12712
12713
12712
20060
12712
12713
13184
20061
20063
13186
12715
12719
12723
12726
12717
12720
12724
12728
12722
12723
12724
12729
12722
12723
12722
12724
12723
12724
12730
12733
12734
12726
12731
12739
13202
12733
12741
12728
12732
12774
13204
12734
12776
12733
12734
12735
12733
12734
12733
12735
13207
12734
12735
13208
13210
12740
12741
12742
12740
12741
12740
12742
12741
12742
12746
12747
12753
20066
12746
12747
12780
20068
12747
12754
12782
20070
12756
12784
20072
12751
12752
20073
12751
20060
12751
12752
20062
20075
20064
20077
20079
12756
12757
20073
12756
12787
12756
12757
12788
13232
20076
12790
20078
13234
20079
12759
12760
12763
12766
12763
20081
12764
12810
12763
12764
12767
12812
20083
12770
20085
12771
12814
12766
12768
12775
13246
12770
12777
12770
12771
12824
20088
12770
13248
20089
12771
12825
13249
20091
12827
12776
12777
12778
20087
12776
12777
12776
12778
12777
12778
20089
20091
20093
12783
12784
12785
12786
12783
12784
12783
12785
12784
12785
12787
12790
12791
12790
12791
12792
12790
12791
12790
12792
13268
12791
12792
12800
13269
12801
13271
12797
12798
12799
12802
12797
12798
12797
12799
17305
12798
12799
12803
17307
12806
12807
17309
12801
12804
12806
12806
12807
12808
12806
12807
20109
12806
12808
13282
12807
12808
13283
20110
20112
13285
12813
12814
12815
12823
20094
12813
12814
12813
12815
20095
12814
12815
12824
20098
12827
12828
20099
12819
12820
12830
20094
12819
12820
20096
12820
12831
20098
12833
20100
12822
12823
12830
12829
12834
12827
12828
12829
20101
12827
12828
12827
12829
13298
12828
12829
13299
20103
20105
13301
20107
12833
12834
20101
12833
12871
12833
12834
12872
13305
20104
12874
20106
13307
20107
12837
12838
12839
12846
17304
12837
12838
17305
12843
17308
12848
17309
12843
12844
12845
12850
12843
12844
12843
12845
12885
12844
12845
12851
12887
12854
12855
12889
12848
12849
12850
20108
12848
12849
13324
20110
20112
12856
13325
20114
12854
12855
12856
12854
12855
12892
12854
12856
13328
12855
12856
12893
13329
12895
13331
12859
12864
12859
12860
12866
12908
12862
12868
12862
12878
12915
12862
12879
13345
12881
12867
12868
12869
12877
12867
12868
12867
12869
17326
12868
12869
12878
17328
12881
12882
17330
12874
12875
12876
12877
12874
12875
12874
12876
12875
12876
12879
12881
12883
12881
12882
12883
12881
12882
20137
12881
12883
13352
12882
12883
13353
20138
20140
13355
12888
12889
12890
12891
20115
12888
12889
12888
12890
20116
12889
12890
12892
20119
12895
12896
20120
12895
12896
12897
20122
12895
12896
12901
12895
12897
13373
12896
12897
12902
13374
20124
12903
20126
13376
20128
12900
20116
12900
12904
20118
12906
20120
12903
12903
12905
12906
12906
12931
20123
12906
13386
20124
20126
12909
12910
17327
12909
12915
17328
12913
12917
17331
12913
20130
12914
12945
12913
12914
12918
12947
20132
12921
20134
12922
12949
12917
20137
12917
12919
13395
20139
12921
20141
12921
12922
12952
20144
12921
13398
20145
12922
12953
13399
20147
12955
12927
12928
12929
12937
12927
12928
12927
12929
12928
12929
12938
12941
12942
12934
12935
12936
12937
12934
12935
12934
12936
12935
12936
12939
12941
12943
12941
12942
12943
12941
12942
12941
12943
13412
12942
12943
13413
13415
12948
12949
12950
12951
12948
12949
12948
12950
12949
12950
12952
12955
12956
12955
12956
12957
12955
12956
12955
12957
13433
12956
12957
13434
13436
12959
12962
13138
12973
13149
12963
12964
12965
12972
12963
12964
12967
17333
12964
12973
17335
12969
12971
12975
17337
12969
12970
12971
12977
12969
12970
12989
12969
12971
12970
12971
12978
12991
12981
12993
12982
12975
12976
12977
12975
20207
12975
12976
12980
13449
20208
12982
20210
12983
13451
12981
12982
12983
12981
12982
13004
12981
12983
13005
13454
12982
12983
13455
13007
13457
12986
12987
12999
20150
12986
12987
20151
20154
13001
20155
12992
12993
12994
13003
20150
12992
12993
12992
12994
20152
12993
12994
13004
20154
13007
13008
20156
12997
12998
12999
13003
12997
12998
13005
13007
13002
13009
13001
13002
20157
13001
13002
13019
13473
20159
13021
20161
13474
20163
13007
13008
13009
20157
13007
13008
13007
13009
13477
13008
13009
13478
20160
20162
13480
20163
13014
13015
13016
13023
13014
13015
13014
13016
13015
13016
13024
13027
13028
13020
13021
13022
13023
20171
13020
13022
13025
13021
13022
20173
13027
20175
13029
20177
13027
13028
13029
13027
13028
13038
13027
13029
13499
13028
13029
13040
13500
13042
13502
13034
13035
13036
13044
13034
13035
13034
13036
13035
13036
13045
13048
13049
13041
13042
13043
13044
13041
13042
13041
13043
13046
13042
13043
13048
13050
13048
13049
13050
13048
13049
13048
13050
13519
13049
13050
13063
13520
13064
13522
13053
13054
13055
13066
13053
13054
13056
13059
13060
13068
13059
13060
13061
13070
20178
13059
13060
13078
13059
13061
20180
13060
13061
13071
13080
20182
13074
13082
13075
20184
13064
13065
13066
20185
13064
13065
20187
20189
13069
20191
13068
13069
13070
13068
13069
13072
13091
13540
13074
13092
13076
13541
13074
13075
13076
20185
13074
13075
13094
13074
13076
13095
13544
13075
13076
13545
20188
13097
20190
13547
20191
13081
13082
13083
13084
13093
13081
13082
13081
13083
13086
13082
13083
13094
13088
13097
13090
13098
13088
13089
13090
13100
13088
13089
13088
13090
13089
13090
13101
13108
13104
13105
13092
13095
13097
13097
13098
13099
13100
13097
13098
13097
13099
13566
13098
13099
13103
13567
13105
13106
13569
13104
13105
13106
13104
13105
13110
13104
13106
13573
13105
13106
13574
13576
13109
13109
13110
13112
13112
13163
13112
13164
13595
13166
13114
13118
13122
13125
13116
13119
13123
13127
13121
13122
13123
13128
13121
13122
20193
13121
13123
13122
13123
13129
20195
13132
20197
13133
13125
13130
13144
13601
13132
13146
13127
13131
13226
13603
13133
13228
13132
13133
13134
13132
13133
20200
13132
13134
13606
20201
13133
13134
13607
20203
13609
13139
13140
13141
13148
13139
13140
13139
13141
17334
13140
13141
13149
17335
13152
13153
17338
13145
13146
13147
13148
20199
13145
13147
13150
13146
13147
20201
13152
20203
13154
20205
13152
13153
13154
13152
13153
20207
13152
13154
13624
13153
13154
13625
20209
20211
13627
13159
13160
13161
13169
13159
13160
13159
13161
13160
13161
13170
13173
13174
13166
13167
13168
13169
13166
13167
13166
13168
13171
13167
13168
13173
13175
13173
13174
13175
13173
13174
13173
13175
13644
13174
13175
13188
13645
13189
13647
13180
13181
13182
13183
13190
13180
13181
13180
13182
13184
13181
13182
13191
13186
13194
13187
13195
13186
13187
13197
13186
13187
20214
13187
13198
20216
13200
20218
13189
13192
13194
13194
13195
13196
13197
13194
13195
13194
13196
13665
13195
13196
13199
13666
13200
13201
13668
13200
13201
13200
20221
13200
13201
13672
20222
20224
13674
13203
13207
13211
13214
13205
13208
13212
13216
13210
13211
13212
13217
13210
13211
13210
13212
13211
13212
13218
13221
13222
13214
13219
13227
13690
13221
13229
13216
13220
13262
13692
13222
13264
13221
13222
13223
13221
13222
13221
13223
13695
13222
13223
13696
13698
13228
13229
13230
13228
13229
13228
13230
13229
13230
13234
13235
13241
20227
13234
13235
13268
20229
13235
13242
13270
20231
13244
13272
20233
13239
13240
20234
13239
20221
13239
13240
20223
20236
20225
20238
20240
13244
13245
20234
13244
13275
13244
13245
13276
13720
20237
13278
20239
13722
20240
13247
13248
13251
13254
13251
20242
13252
13298
13251
13252
13255
13300
20244
13258
20246
13259
13302
13254
13256
13263
13734
13258
13265
13258
13259
13312
20249
13258
13736
20250
13259
13313
13737
20252
13315
13264
13265
13266
20248
13264
13265
13264
13266
13265
13266
20250
20252
20254
13271
13272
13273
13274
13271
13272
13271
13273
13272
13273
13275
13278
13279
13278
13279
13280
13278
13279
13278
13280
13756
13279
13280
13288
13757
13289
13759
13285
13286
13287
13290
13285
13286
13285
13287
17389
13286
13287
13291
17391
13294
13295
17393
13289
13292
13294
13294
13295
13296
13294
13295
20270
13294
13296
13770
13295
13296
13771
20271
20273
13773
13301
13302
13303
13311
20255
13301
13302
13301
13303
20256
13302
13303
13312
20259
13315
13316
20260
13307
13308
13318
20255
13307
13308
20257
13308
13319
20259
13321
20261
13310
13311
13318
13317
13322
13315
13316
13317
20262
13315
13316
13315
13317
13786
13316
13317
13787
20264
20266
13789
20268
13321
13322
20262
13321
13359
13321
13322
13360
13793
20265
13362
20267
13795
20268
13325
13326
13327
13334
17388
13325
13326
17389
13331
17392
13336
17393
13331
13332
13333
13338
13331
13332
13331
13333
13373
13332
13333
13339
13375
13342
13343
13377
13336
13337
13338
20269
13336
13337
13812
20271
20273
13344
13813
20275
13342
13343
13344
13342
13343
13380
13342
13344
13816
13343
13344
13381
13817
13383
13819
13347
13352
13347
13348
13354
13396
13350
13356
13350
13366
13403
13350
13367
13833
13369
13355
13356
13357
13365
13355
13356
13355
13357
17410
13356
13357
13366
17412
13369
13370
17414
13362
13363
13364
13365
13362
13363
13362
13364
13363
13364
13367
13369
13371
13369
13370
13371
13369
13370
20298
13369
13371
13840
13370
13371
13841
20299
20301
13843
13376
13377
13378
13379
20276
13376
13377
13376
13378
20277
13377
13378
13380
20280
13383
13384
20281
13383
13384
13385
20283
13383
13384
13389
13383
13385
13861
13384
13385
13390
13862
20285
13391
20287
13864
20289
13388
20277
13388
13392
20279
13394
20281
13391
13391
13393
13394
13394
13419
20284
13394
13867
20285
20287
13397
13398
17411
13397
13403
17412
13401
13405
17415
13401
20291
13402
13433
13401
13402
13406
13435
20293
13409
20295
13410
13437
13405
20298
13405
13407
13870
20300
13409
20302
13409
13410
13440
20305
13409
13873
20306
13410
13441
13874
20308
13443
13415
13416
13417
13425
13415
13416
13415
13417
13416
13417
13426
13429
13430
13422
13423
13424
13425
13422
13423
13422
13424
13423
13424
13427
13429
13431
13429
13430
13431
13429
13430
13429
13431
13887
13430
13431
13888
13890
13436
13437
13438
13439
13436
13437
13436
13438
13437
13438
13440
13443
13444
13443
13444
13445
13443
13444
13443
13445
13894
13444
13445
13895
13897
13447
13450
13626
13461
13637
13451
13452
13453
13460
13451
13452
13455
17417
13452
13461
17419
13457
13459
13463
17421
13457
13458
13459
13465
13457
13458
13477
13457
13459
13458
13459
13466
13479
13469
13481
13470
13463
13464
13465
13463
20368
13463
13464
13468
13909
20369
13470
20371
13471
13911
13469
13470
13471
13469
13470
13492
13469
13471
13493
13914
13470
13471
13915
13495
13917
13474
13475
13487
20311
13474
13475
20312
20315
13489
20316
13480
13481
13482
13491
20311
13480
13481
13480
13482
20313
13481
13482
13492
20315
13495
13496
20317
13485
13486
13487
13491
13485
13486
13493
13495
13490
13497
13489
13490
20318
13489
13490
13507
13921
20320
13509
20322
13922
20324
13495
13496
13497
20318
13495
13496
13495
13497
13925
13496
13497
13926
20321
20323
13928
20324
13502
13503
13504
13511
13502
13503
13502
13504
13503
13504
13512
13515
13516
13508
13509
13510
13511
20332
13508
13510
13513
13509
13510
20334
13515
20336
13517
20338
13515
13516
13517
13515
13516
13526
13515
13517
13932
13516
13517
13528
13933
13530
13935
13522
13523
13524
13532
13522
13523
13522
13524
13523
13524
13533
13536
13537
13529
13530
13531
13532
13529
13530
13529
13531
13534
13530
13531
13536
13538
13536
13537
13538
13536
13537
13536
13538
13939
13537
13538
13551
13940
13552
13942
13541
13542
13543
13554
13541
13542
13544
13547
13548
13556
13547
13548
13549
13558
20339
13547
13548
13566
13547
13549
20341
13548
13549
13559
13568
20343
13562
13570
13563
20345
13552
13553
13554
20346
13552
13553
20348
20350
13557
20352
13556
13557
13558
13556
13557
13560
13579
13960
13562
13580
13564
13961
13562
13563
13564
20346
13562
13563
13582
13562
13564
13583
13964
13563
13564
13965
20349
13585
20351
13967
20352
13569
13570
13571
13572
13581
13569
13570
13569
13571
13574
13570
13571
13582
13576
13585
13578
13586
13576
13577
13578
13588
13576
13577
13576
13578
13577
13578
13589
13596
13592
13593
13580
13583
13585
13585
13586
13587
13588
13585
13586
13585
13587
13986
13586
13587
13591
13987
13593
13594
13989
13592
13593
13594
13592
13593
13598
13592
13594
13993
13593
13594
13994
13996
13597
13597
13598
13600
13600
13651
13600
13652
14015
13654
13602
13606
13610
13613
13604
13607
13611
13615
13609
13610
13611
13616
13609
13610
20354
13609
13611
13610
13611
13617
20356
13620
20358
13621
13613
13618
13632
14021
13620
13634
13615
13619
13714
14023
13621
13716
13620
13621
13622
13620
13621
20361
13620
13622
14026
20362
13621
13622
14027
20364
14029
13627
13628
13629
13636
13627
13628
13627
13629
17418
13628
13629
13637
17419
13640
13641
17422
13633
13634
13635
13636
20360
13633
13635
13638
13634
13635
20362
13640
20364
13642
20366
13640
13641
13642
13640
13641
20368
13640
13642
14033
13641
13642
14034
20370
20372
14036
13647
13648
13649
13657
13647
13648
13647
13649
13648
13649
13658
13661
13662
13654
13655
13656
13657
13654
13655
13654
13656
13659
13655
13656
13661
13663
13661
13662
13663
13661
13662
13661
13663
14040
13662
13663
13676
14041
13677
14043
13668
13669
13670
13671
13678
13668
13669
13668
13670
13672
13669
13670
13679
13674
13682
13675
13683
13674
13675
13685
13674
13675
20375
13675
13686
20377
13688
20379
13677
13680
13682
13682
13683
13684
13685
13682
13683
13682
13684
14061
13683
13684
13687
14062
13688
13689
14064
13688
13689
13688
20382
13688
13689
14068
20383
20385
14070
13691
13695
13699
13702
13693
13696
13700
13704
13698
13699
13700
13705
13698
13699
13698
13700
13699
13700
13706
13709
13710
13702
13707
13715
14086
13709
13717
13704
13708
13750
14088
13710
13752
13709
13710
13711
13709
13710
13709
13711
14091
13710
13711
14092
14094
13716
13717
13718
13716
13717
13716
13718
13717
13718
13722
13723
13729
20388
13722
13723
13756
20390
13723
13730
13758
20392
13732
13760
20394
13727
13728
20395
13727
20382
13727
13728
20384
20397
20386
20399
20401
13732
13733
20395
13732
13763
13732
13733
13764
14098
20398
13766
20400
14100
20401
13735
13736
13739
13742
13739
20403
13740
13786
13739
13740
13743
13788
20405
13746
20407
13747
13790
13742
13744
13751
14112
13746
13753
13746
13747
13800
20410
13746
14114
20411
13747
13801
14115
20413
13803
13752
13753
13754
20409
13752
13753
13752
13754
13753
13754
20411
20413
20415
13759
13760
13761
13762
13759
13760
13759
13761
13760
13761
13763
13766
13767
13766
13767
13768
13766
13767
13766
13768
14120
13767
13768
13776
14121
13777
14123
13773
13774
13775
13778
13773
13774
13773
13775
17473
13774
13775
13779
17475
13782
13783
17477
13777
13780
13782
13782
13783
13784
13782
13783
20431
13782
13784
14134
13783
13784
14135
20432
20434
14137
13789
13790
13791
13799
20416
13789
13790
13789
13791
20417
13790
13791
13800
20420
13803
13804
20421
13795
13796
13806
20416
13795
13796
20418
13796
13807
20420
13809
20422
13798
13799
13806
13805
13810
13803
13804
13805
20423
13803
13804
13803
13805
14150
13804
13805
14151
20425
20427
14153
20429
13809
13810
20423
13809
13847
13809
13810
13848
14157
20426
13850
20428
14159
20429
13813
13814
13815
13822
17472
13813
13814
17473
13819
17476
13824
17477
13819
13820
13821
13826
13819
13820
13819
13821
13861
13820
13821
13827
13863
13830
13831
13865
13824
13825
13826
20430
13824
13825
14162
20432
20434
13832
14163
20436
13830
13831
13832
13830
13831
13830
13832
14166
13831
13832
14167
14169
13835
13840
13835
13836
13842
13871
13838
13844
13838
13854
13878
13838
13855
14172
13857
13843
13844
13845
13853
13843
13844
13843
13845
17494
13844
13845
13854
17496
13857
13858
17498
13850
13851
13852
13853
13850
13851
13850
13852
13851
13852
13855
13857
13859
13857
13858
13859
13857
13858
20452
13857
13859
14176
13858
13859
14177
20453
20455
14179
13864
13865
13866
20437
13864
13865
13864
13866
20438
13865
13866
20441
20442
13869
20438
13869
20440
20442
13872
13873
17495
13872
13878
17496
13876
13880
17499
13876
20445
13877
13894
13876
13877
13881
13896
20447
13884
20449
13885
13898
13880
20452
13880
13882
14182
20454
13884
20456
13884
13885
13901
20459
13884
14185
20460
13885
13902
14186
20462
13904
13890
13891
13892
13890
13891
13890
13892
13891
13892
13897
13898
13899
13900
13897
13898
13897
13899
13898
13899
13901
13904
13905
13904
13905
13906
13904
13905
13904
13906
14191
13905
13906
14192
14194
13910
14035
13911
13912
13913
13911
13912
13915
17501
13912
17503
13917
13919
17505
13917
13918
13919
13917
13918
13925
13917
13919
13918
13919
13927
13929
13922
13923
20465
13922
13923
20466
20469
20470
13928
13929
13930
20465
13928
13929
13928
13930
20467
13929
13930
20469
20471
13935
13936
13937
13935
13936
13935
13937
13936
13937
13942
13943
13944
13952
13942
13943
13942
13944
13943
13944
13953
13956
13957
13949
13950
13951
13952
13949
13950
13949
13951
13954
13950
13951
13956
13958
13956
13957
13958
13956
13957
13956
13958
14198
13957
13958
13971
14199
13972
14201
13961
13962
13963
13974
13961
13962
13964
13967
13968
13976
13967
13968
13969
13978
20479
13967
13968
13986
13967
13969
20481
13968
13969
13979
13988
20483
13982
13990
13983
20485
13972
13973
13974
20486
13972
13973
20488
20490
13977
20492
13976
13977
13978
13976
13977
13980
13999
14205
13982
14000
13984
14206
13982
13983
13984
20486
13982
13983
14002
13982
13984
14003
14209
13983
13984
14210
20489
14005
20491
14212
20492
13989
13990
13991
13992
14001
13989
13990
13989
13991
13994
13990
13991
14002
13996
14005
13998
14006
13996
13997
13998
14008
13996
13997
13996
13998
13997
13998
14009
14016
14012
14013
14000
14003
14005
14005
14006
14007
14008
14005
14006
14005
14007
14216
14006
14007
14011
14217
14013
14014
14219
14012
14013
14014
14012
14013
14018
14012
14014
14223
14013
14014
14224
14226
14017
14017
14018
14020
14020
14047
14020
14048
14229
14050
14022
14026
14030
14024
14027
14031
14029
14030
14031
14029
14030
20494
14029
14031
14030
14031
20496
20498
14036
14037
14038
14036
14037
14036
14038
17502
14037
14038
17503
17506
14043
14044
14045
14053
14043
14044
14043
14045
14044
14045
14054
14057
14058
14050
14051
14052
14053
14050
14051
14050
14052
14055
14051
14052
14057
14059
14057
14058
14059
14057
14058
14057
14059
14058
14059
14072
14073
14064
14065
14066
14067
14074
14064
14065
14064
14066
14068
14065
14066
14075
14070
14078
14071
14079
14070
14071
14081
14070
14071
20501
14071
14082
20503
14084
20505
14073
14076
14078
14078
14079
14080
14081
14078
14079
14078
14080
14079
14080
14083
14084
14085
14084
14085
14084
20508
14084
14085
20509
20511
14087
14091
14095
14089
14092
14096
14094
14095
14096
14094
14095
14094
14096
14095
14096
14100
14101
14107
20514
14100
14101
14120
20516
14101
14108
14122
20518
14110
14124
20520
14105
14106
20521
14105
20508
14105
14106
20510
20523
20512
20525
20527
14110
14111
20521
14110
14127
14110
14111
14128
20524
14130
20526
20527
14113
14114
14117
14117
20529
14118
14150
14117
14118
14152
20531
20533
14154
14123
14124
14125
14126
14123
14124
14123
14125
14124
14125
14127
14130
14131
14130
14131
14132
14130
14131
14130
14132
14131
14132
14140
14141
14137
14138
14139
14142
14137
14138
14137
14139
17544
14138
14139
14143
17546
14146
14147
17548
14141
14144
14146
14146
14147
14148
14146
14147
14146
14148
14147
14148
14153
14154
14155
20535
14153
14154
14153
14155
20536
14154
14155
20539
20540
14159
14160
20535
14159
14160
20537
14160
20539
20541
14163
14164
14165
17543
14163
14164
17544
14169
17547
17548
14169
14170
14171
14169
14170
14169
14171
14170
14171
14174
14176
14174
14178
14183
14180
14179
14180
14181
14179
14180
14179
14181
17551
14180
14181
17553
17555
14184
14185
17552
14184
17553
14188
17556
14188
20543
14189
14191
14188
14189
14193
20545
20547
14195
14194
14195
14196
14194
14195
14194
14196
14195
14196
14201
14202
14203
14201
14202
14201
14203
14202
14203
14206
14207
14208
14206
14207
14209
14212
14213
14212
14213
14214
20549
14212
14213
14216
14212
14214
20551
14213
14214
14218
20553
14220
20555
14219
14220
14221
14222
14219
14220
14219
14221
14224
14220
14221
14226
14228
14226
14227
14228
14226
14227
14226
14228
14227
14228
14230
14231
14231
14234
14238
14260
14234
14237
14253
24902
14235
14255
14237
14238
14246
14256
14237
14238
14247
14264
24909
14251
14258
24917
14252
14265
14243
14244
14245
14246
14256
17673
14243
14245
14656
17675
14243
14244
14248
14657
24925
14244
14245
14257
24935
14250
14658
17677
14251
14258
24944
14259
17679
14250
14251
14252
14251
14252
14275
24953
14250
14251
14663
24962
14250
14252
14276
14664
14665
24972
14279
14255
14258
24981
14255
14259
20557
14256
20558
14258
14259
20559
14258
14259
24988
24996
20562
14262
14265
14262
14266
14281
25004
14263
14283
14265
14266
14274
14284
14265
14266
14275
25011
14279
14280
14286
25019
14271
14272
14273
14274
14284
14271
14273
14296
15050
14271
14272
14277
15051
25027
14272
14273
14285
14297
25037
14278
15052
14280
14286
25046
14287
14300
14278
14279
14280
14279
14280
25055
14278
14279
15057
14278
14280
15058
25064
15059
25074
14283
14286
25083
14283
14287
14303
14284
14286
14287
14286
14287
14306
25090
25098
14307
14290
14293
14302
25106
14290
14294
14316
14291
14304
14293
14294
14305
14309
14293
14294
14310
14320
25113
14308
14314
25121
14315
14321
14299
14300
14301
14305
14309
14299
14300
14744
14300
14301
14306
25129
14299
14301
14311
14745
25138
14313
14746
14307
14308
14314
25148
14304
14308
25157
14304
14307
14305
14307
14308
14307
14308
25164
25172
14313
14314
14315
14314
14315
14331
25180
14313
14314
14751
25189
14313
14315
14332
14752
14753
25199
14335
14318
14321
14318
14322
14337
25208
14319
14339
14321
14322
14330
14340
14321
14322
14331
25215
14335
14336
14342
25223
14327
14328
14329
14330
14340
14327
14329
14352
15314
14327
14328
14333
15315
25231
14328
14329
14341
14353
25241
14334
15316
14336
14342
25250
14343
14356
14334
14335
14336
14335
14336
25259
14334
14335
15321
14334
14336
15322
25268
15323
25278
14339
14342
25287
14339
14343
14359
14340
14342
14343
14342
14343
14362
25294
25302
14363
14346
14349
14358
25310
14346
14350
14372
14347
14360
14349
14350
14361
14365
14349
14350
14366
14376
25317
14364
14370
25325
14371
14377
14355
14356
14357
14361
14365
14355
14356
14832
14356
14357
14362
25333
14355
14357
14367
14833
25342
14369
14834
14363
14364
14370
25352
14360
14364
25361
14360
14363
14361
14363
14364
14363
14364
25368
25376
14369
14370
14371
14370
14371
14387
25384
14369
14370
14839
25393
14369
14371
14388
14840
14841
25403
14391
14374
14377
14374
14378
14393
25412
14375
14395
14377
14378
14386
14396
14377
14378
14387
25419
14391
14392
14398
25427
14383
14384
14385
14386
14396
14383
14385
14408
15578
14383
14384
14389
15579
25435
14384
14385
14397
14409
25445
14390
15580
14392
14398
25454
14399
14412
14390
14391
14392
14391
14392
25463
14390
14391
15585
14390
14392
15586
25472
15587
25482
14395
14398
25491
14395
14399
14415
14396
14398
14399
14398
14399
14418
25498
25506
14419
14402
14405
14414
25514
14402
14406
14428
14403
14416
14405
14406
14417
14421
14405
14406
14422
14432
25521
14420
14426
25529
14427
14433
14411
14412
14413
14417
14421
14411
14412
14920
14412
14413
14418
25537
14411
14413
14423
14921
25546
14425
14922
14419
14420
14426
25556
14416
14420
25565
14416
14419
14417
14419
14420
14419
14420
25572
25580
14425
14426
14427
14426
14427
14443
25588
14425
14426
14927
25597
14425
14427
14444
14928
14929
25607
14447
14430
14433
14430
14434
14449
25616
14431
14451
14433
14434
14442
14452
14433
14434
14443
25623
14447
14448
14454
25631
14439
14440
14441
14442
14452
14439
14441
14464
15842
14439
14440
14445
15843
25639
14440
14441
14453
14465
25649
14446
15846
14448
14454
25658
14455
14468
14446
14447
14448
14447
14448
25667
14446
14447
15849
14446
14448
15850
25676
15851
25686
14451
14454
25695
14451
14455
14471
14452
14454
14455
14454
14455
14474
25702
25710
14475
14459
14462
14470
25718
14459
14460
14460
14462
14477
25724
14461
14472
14461
14479
14462
14473
14480
14476
14483
25731
14467
14468
14469
14473
14480
14467
14468
14468
14469
14474
25738
14467
14469
14481
25746
14482
14475
14476
14483
25755
14472
14476
25763
14472
14475
14473
14475
14476
14475
14476
25770
25778
14479
14483
25785
14479
14482
14480
14482
14483
14482
14483
25792
25800
14486
14489
14486
14490
14505
25808
14487
14507
14489
14490
14498
14508
14489
14490
14499
25815
14503
14504
14511
25823
14495
14496
14497
14498
14508
14495
14496
15870
14495
14497
14501
15871
25831
14496
14497
14509
25841
14502
15872
14510
14504
14511
25850
14502
14503
14504
14503
14504
25859
14502
14503
15877
14502
14504
15878
25868
15879
25878
14507
14511
25887
14507
14510
14508
14510
14511
14510
14511
25894
25902
14514
14517
14514
14518
14533
25910
14515
14535
14517
14518
14526
14536
14517
14518
14527
25917
14531
14532
14539
25925
14523
14524
14525
14526
14536
14523
14524
15954
14523
14525
14529
15955
25933
14524
14525
14537
25943
14530
15956
14538
14532
14539
25952
14530
14531
14532
14531
14532
25961
14530
14531
15961
14530
14532
15962
25970
15963
25980
14535
14539
25989
14535
14538
14536
14538
14539
14538
14539
32174
25996
14541
14543
20577
30963
14542
14553
20579
32234
14543
14548
14554
20580
26004
14551
20582
32241
14546
14547
14548
14554
17736
26012
14546
14547
16014
17738
30970
14550
16015
17740
32249
14555
17741
32259
14550
14551
20563
26021
14550
14551
16018
20565
30979
16019
20567
32277
20568
32268
14553
14555
20571
30989
14554
20572
32287
14555
20573
26030
20575
32294
14557
14559
20598
30996
14558
14569
20600
32302
14559
14564
14570
20601
26038
14567
20603
32305
14562
14563
14564
14570
17757
26041
14562
14563
15008
16062
17759
31000
14566
16063
17761
32309
14571
15010
17762
32311
14566
14567
20584
26043
14566
14567
16066
20586
31001
16067
20588
32316
20589
32312
14569
14571
15015
20592
31005
14570
20593
32319
14571
20594
26046
15018
20596
32321
14575
14576
14576
14578
14579
14575
14578
14577
14577
14581
14578
14582
14585
14581
14585
14581
14584
15015
14582
14584
14585
14584
14585
15017
15019
14588
14590
16507
21312
21313
21314
14592
16555
18690
18692
18694
21313
21315
21317
21318
14590
16510
21320
21322
21324
21325
14592
14600
16511
16557
14601
21319
21320
21321
14602
16559
18697
18698
18700
21321
21323
21324
21325
14597
14598
14635
16102
16103
16104
16105
18689
14597
14598
14630
18690
21313
14631
16092
16093
16096
14598
14636
16100
16101
16102
16105
21005
21007
21008
21314
14634
16095
16096
16097
16098
18693
14639
18694
21317
14640
16099
16100
16103
14602
14604
21398
21326
21327
21328
14606
19013
19015
19017
21327
21330
21331
21332
21404
14604
21334
21336
21338
21339
21401
14606
14614
21402
21406
14615
21333
21334
21335
14616
19020
19021
19023
21335
21337
21338
21339
21408
14611
14612
14642
16116
16117
16118
16119
19012
14611
14612
14637
19013
21327
14638
16106
16107
16110
14612
14643
16114
16115
16116
16119
21131
21133
21134
21328
14641
16109
16110
16111
16112
19016
14646
19017
21330
14647
16113
16114
16117
14616
14618
21454
21340
21341
21342
14620
19332
19334
19336
21341
21344
21345
21346
21460
14618
21347
21350
21352
21353
21457
14620
21458
21462
21347
21348
21349
19338
19342
19343
21348
21351
21352
21353
21464
14625
14626
14652
16130
16131
16132
16133
19331
14625
14626
14644
19332
21341
14645
16120
16121
16124
14626
14653
16128
16129
16130
16133
21257
21259
21260
21342
14648
16123
16124
16125
16126
19335
14654
19336
21344
14655
16127
16128
16131
14632
14634
16141
16144
16146
16147
18373
14632
16142
16144
16145
16146
18311
20914
20916
20919
14632
14634
18313
18375
16134
16135
16138
18315
18377
16141
16142
16143
16137
16138
16139
16140
18379
14639
14641
16158
16159
16160
16161
18696
14639
16155
16157
16158
16160
21040
21042
21045
21319
14639
14641
18698
21321
16148
16149
16152
18700
21323
16155
16156
16159
16151
16152
16153
16154
18702
14646
14648
16172
16173
16174
16175
19019
14646
16169
16171
16172
16174
21166
21168
21171
21333
14646
14648
19021
21335
16162
16163
16166
19023
21337
16169
16170
16173
16165
16166
16167
16168
19025
16176
16177
16178
14651
14654
19338
21348
14652
16177
16179
16181
16182
19340
14654
16186
16187
16188
16189
19341
14654
16184
16185
16186
16188
21299
21301
21304
21349
19343
21351
16183
16184
16187
14658
14662
16197
14658
14661
14663
26048
14659
14665
16199
14661
14662
14666
14677
16200
14661
14662
14678
26058
14668
14682
26068
14683
16203
14665
14668
26078
14665
14669
15057
14666
14668
14669
14670
14668
14669
14671
15061
26088
14675
26098
14676
15062
14674
14675
14676
14677
14675
14676
15065
26108
14674
14676
15023
15066
14674
14675
14679
15025
26118
14681
15026
14682
26128
15068
14681
14682
14683
20605
14682
14683
26138
14681
14682
15044
26148
14681
14683
15045
20608
15047
20610
26158
20611
14688
14689
14690
14698
14705
14688
14690
15107
15135
14689
14690
14699
15136
26168
14688
14689
14706
15109
26178
14709
15110
14703
14710
26188
14704
15138
14695
14696
14697
14698
14705
16204
14695
14697
15030
16206
14695
14696
14700
15031
26198
14696
14697
14708
26208
14702
15033
16209
14703
14710
26218
14711
16210
14702
14703
14704
14703
14704
15149
26228
14702
14703
15038
26238
14702
14704
15039
15150
15040
26248
15152
14709
14710
14711
20612
14709
14710
15128
26258
14709
14711
15129
20615
14710
14711
26268
15131
20617
26278
20618
14714
14715
14720
14724
20633
26288
14714
14715
15191
15207
20634
31134
14726
15192
20638
32332
14723
15208
20639
32322
14718
14719
14720
14724
16211
26298
14718
14719
15114
16213
31154
14722
15117
16216
32342
14727
16217
32352
14722
14723
20626
26308
14722
14723
15123
15215
20629
31174
15124
20631
32372
15216
20632
32362
14726
14727
20619
26318
14726
14727
15203
20622
31184
15204
20624
32382
20625
32392
14730
14731
14736
14740
20654
26328
14730
14731
15239
15255
20655
31194
14742
15240
20659
32408
14739
15256
20660
32402
14734
14735
14736
14740
16218
26334
14734
14735
15195
16220
31199
14738
15196
16223
32413
14743
16224
32421
14738
14739
20647
26341
14738
14739
15199
15263
20650
31207
15200
20652
32435
15264
20653
32428
14742
14743
20640
26348
14742
14743
15251
20643
31215
15252
20645
32443
20646
32448
14746
14749
15050
14746
14750
14751
26354
14747
14753
14749
14750
14754
14765
14749
14750
14766
15054
26364
14769
15055
14756
14771
26374
14753
14756
26384
14753
14757
15321
14754
14756
14757
14758
14756
14757
14759
15325
26394
14763
26404
14764
15326
14762
14763
14764
14765
14763
14764
15329
26414
14762
14763
14767
15287
26424
14762
14764
15288
15330
14770
15290
14771
26434
15332
14769
14770
14771
14769
14771
15072
26444
14770
14771
15301
26454
14769
14770
15074
15302
15075
15304
26464
14776
14777
14778
14786
14793
14776
14777
14787
15371
26474
14776
14778
15372
15399
14777
14778
14794
15400
26484
14791
15374
14792
14798
26494
14799
15402
14783
14784
14785
14786
14793
14783
14784
15142
15294
14783
14785
14789
15144
26504
14784
14785
14795
15296
26514
14790
15145
14797
15297
14792
14798
26524
14790
14791
14792
14791
14792
15385
26534
14790
14791
15157
15386
14790
14792
15158
26544
15159
15388
26554
14797
14798
14799
14798
14799
15413
26564
14797
14798
15309
26574
14797
14799
15310
15414
15311
26584
15416
14802
14803
14808
14812
20682
26594
14802
14803
15455
15471
20683
31220
14811
15456
20687
32454
14815
15472
20688
32464
14806
14807
14808
14812
16589
26604
14806
14807
15211
15378
16591
31240
14810
15212
16593
32474
14814
15381
16595
32484
14810
14811
20668
26614
14810
14811
15219
15463
20670
31250
15220
20672
32514
15464
20674
32504
14814
14815
20675
26624
14814
14815
15394
15479
20678
31260
15395
20680
32534
15480
20681
32524
14818
14819
14824
14828
20703
26634
14818
14819
15503
15519
20704
31270
14827
15504
20708
32544
14831
15520
20709
32549
14822
14823
14824
14828
16596
26640
14822
14823
15259
15459
16598
31275
14826
15260
16600
32555
14830
15460
16602
32562
14826
14827
20689
26647
14826
14827
15267
15511
20691
31283
15268
20693
32575
15512
20695
32570
14830
14831
20696
26653
14830
14831
15467
15527
20699
31288
15468
20701
32588
15528
20702
32581
14834
14837
15314
14834
14838
14839
26660
14835
14841
14837
14838
14842
14853
14837
14838
14854
15318
26670
14857
15319
14844
14859
26680
14841
14844
26690
14841
14845
15585
14842
14844
14845
14846
14844
14845
14847
15589
26700
14851
26710
14852
15590
14850
14851
14852
14853
14851
14852
15593
26720
14850
14851
14855
15551
26730
14850
14852
15552
15594
14858
15554
14859
26740
15596
14857
14858
14859
14857
14859
15336
26750
14858
14859
15565
26760
14857
14858
15338
15566
15339
15568
26770
14864
14865
14866
14874
14881
14864
14865
14875
15635
26780
14864
14866
15636
15663
14865
14866
14882
15664
26790
14879
15638
14880
14886
26800
14887
15666
14871
14872
14873
14874
14881
14871
14872
15406
15558
14871
14873
14877
15408
26810
14872
14873
14883
15560
26820
14878
15409
14885
15561
14880
14886
26830
14878
14879
14880
14879
14880
15649
26840
14878
14879
15421
15650
14878
14880
15422
26850
15423
15652
26860
14885
14886
14887
14886
14887
15677
26870
14885
14886
15573
26880
14885
14887
15574
15678
15575
26890
15680
14890
14891
14896
14900
20724
26900
14890
14891
15719
15735
20725
31296
14899
15720
20729
32596
14903
15736
20730
32606
14894
14895
14896
14900
16732
26910
14894
14895
15475
15642
16734
31306
14898
15476
16736
32616
14902
15645
16738
32626
14898
14899
20710
26920
14898
14899
15483
15727
20712
31316
15484
20714
32646
15728
20716
32636
14902
14903
20717
26930
14902
14903
15658
15743
20720
31336
15659
20722
32666
15744
20723
32656
14906
14907
14912
14916
20745
26940
14906
14907
15767
15783
20746
31346
14915
15768
20750
32686
14919
15784
20751
32691
14910
14911
14912
14916
16739
26946
14910
14911
15523
15723
16741
31351
14914
15524
16743
32697
14918
15724
16745
32704
14914
14915
20731
26953
14914
14915
15531
15775
20733
31359
15532
20735
32717
15776
20737
32712
14918
14919
20738
26959
14918
14919
15731
15791
20741
31364
15732
20743
32730
15792
20744
32723
14922
14925
15578
14922
14926
14927
26966
14923
14929
14925
14926
14930
14941
14925
14926
14942
15582
26976
14945
15583
14932
14947
26986
14929
14932
26996
14929
14933
15849
14930
14932
14933
14934
14932
14933
14935
15853
27006
14939
27016
14940
15854
14938
14939
14940
14941
14939
14940
15864
27026
14938
14939
14943
15815
27036
14938
14940
15816
15866
14946
15818
14947
27046
15867
14945
14946
14947
14945
14947
15600
27056
14946
14947
15829
27066
14945
14946
15602
15830
15603
15832
27076
14952
14953
14954
14962
14969
14952
14953
14963
15899
27086
14952
14954
15900
15942
14953
14954
14970
15943
27096
14967
15902
14968
14974
27106
14975
15944
14959
14960
14961
14962
14969
14959
14960
15670
15822
14959
14961
14965
15672
27116
14960
14961
14971
15824
27126
14966
15673
14973
15825
14968
14974
27136
14966
14967
14968
14967
14968
15913
27146
14966
14967
15685
15914
14966
14968
15686
27156
15687
15916
27166
14973
14974
14975
14974
14975
15949
27176
14973
14974
15837
27186
14973
14975
15838
15950
15839
27196
15951
14978
14979
14984
14988
20766
27206
14978
14979
15983
16007
20767
31372
14987
15984
20771
32738
14991
16008
20772
32748
14982
14983
14984
14988
16835
27216
14982
14983
15739
15906
16837
31392
14986
15740
16839
32758
14990
15909
16841
32768
14986
14987
20752
27226
14986
14987
15747
15991
20754
31402
15748
20756
32788
15992
20758
32778
14990
14991
20759
27236
14990
14991
15922
16011
20762
31422
15923
20764
32808
16012
20765
32798
14994
14995
15000
15004
20787
27246
14994
14995
16031
16055
20788
31432
15003
16032
20792
32828
15007
16056
20793
32833
14998
14999
15000
15004
16842
27252
14998
14999
15787
15987
16844
31437
15002
15788
16846
32839
15006
15988
16848
32846
15002
15003
20773
27259
15002
15003
15795
16039
20775
31445
15796
20777
32859
16040
20779
32854
15006
15007
20780
27265
15006
15007
15995
16059
20783
31450
15996
20785
32872
16060
20786
32865
15010
15014
16176
15010
15013
15016
15011
15018
15013
15014
15020
15013
15014
16177
15021
16179
15018
15019
15018
15021
15019
15021
15020
15020
15021
15026
15027
15028
15036
15043
15026
15028
15079
15027
15028
15037
15080
27272
15026
15027
15044
27282
15047
15041
15048
27292
15042
15082
15033
15034
15035
15036
15043
18317
15033
15035
18319
15033
15034
15038
27302
15034
15035
15046
27312
15040
18321
15041
15048
27322
15049
18323
15040
15041
15042
15041
15042
15093
27332
15040
15041
27342
15040
15042
15094
27352
15096
15047
15048
15049
20794
15047
15048
27362
15047
15049
20797
15048
15049
27372
20798
27382
20800
15052
15055
15052
15056
15058
27392
15053
15059
15055
15056
15060
15071
15055
15056
15072
27402
15075
15063
15077
27412
15059
15062
15059
15063
27422
15060
15062
15063
15064
15062
15063
15065
27432
15068
15070
27442
15068
15069
15070
15071
15068
15070
27452
15068
15069
15079
15069
15070
15073
15081
27462
15076
15083
15077
27472
15075
15076
15077
15075
15077
27482
15076
15077
15100
27492
15075
15076
15101
15103
27502
15082
15083
15084
15092
15099
15082
15083
15082
15084
15093
27512
15083
15084
15100
27522
15096
15103
15097
15104
27532
15089
15090
15091
15092
15099
15090
15091
15142
15294
15089
15090
15095
15143
27542
15089
15091
15102
15295
27552
15097
15104
27562
15098
15146
15105
15298
15096
15097
15098
15096
15097
27572
15096
15098
15150
15097
15098
15151
27582
27592
15153
15103
15104
15105
15103
15104
27602
15103
15105
15302
15104
15105
15303
27612
27622
15305
15110
15111
15112
15120
15127
15110
15112
15163
15111
15112
15121
15164
27632
15110
15111
15128
27642
15131
15125
15132
27652
15126
15166
15117
15118
15119
15120
15127
18324
15117
15119
18326
15117
15118
15122
27662
15118
15119
15130
27672
15124
18328
15125
15132
27682
15133
18330
15124
15125
15126
15125
15126
15177
27692
15124
15125
27702
15124
15126
15178
27712
15180
15131
15132
15133
20801
15131
15132
27722
15131
15133
20804
15132
15133
27732
20805
27742
20807
15138
15139
15140
15148
15155
15138
15139
15163
15138
15140
15149
27752
15139
15140
15156
15165
27762
15152
15160
15167
15154
15161
27772
15145
15146
15147
15148
15155
15145
15146
15146
15147
15151
27782
15145
15147
15158
27792
15159
15153
15154
15161
27802
15152
15153
15154
15152
15154
27812
15152
15153
15153
15154
27822
27832
15159
15160
15161
15160
15161
15184
27842
15159
15160
15185
15159
15161
27852
15187
27862
15166
15167
15168
15176
15183
15166
15167
15166
15168
15177
27872
15167
15168
15184
27882
15180
15187
15181
15188
27892
15173
15174
15175
15176
15183
15174
15175
15211
15378
15173
15174
15179
27902
15173
15175
15186
15379
27912
15181
15188
27922
15182
15213
15189
15382
15180
15181
15182
15180
15181
27932
15180
15182
15215
15181
15182
27942
27952
15217
15187
15188
15189
15187
15188
27962
15187
15189
15386
15188
15189
15387
27972
27982
15389
15192
15193
15198
15202
20822
27992
15192
15193
15223
20823
31458
15204
20826
32890
15201
15224
20828
32880
15196
15197
15198
15202
18331
28002
15196
15197
18333
31468
15200
18335
32900
15205
18337
32909
15200
15201
20815
28012
15200
15201
15231
20818
31477
20819
32929
15232
20821
32919
15204
15205
20808
28022
15204
15205
20811
31486
20812
32938
20814
32948
15208
15209
15214
15218
20843
28032
15208
15209
15223
20844
31496
15216
20847
32958
15221
15225
20849
32968
15212
15213
15214
15218
18338
28042
15212
15213
18341
31506
15220
18342
32988
15217
18344
32978
15216
15217
20829
28052
15216
15217
20832
31516
20833
32998
20835
33008
15220
15221
20836
28062
15220
15221
15235
20839
31526
20840
33028
15236
20842
33018
15224
15225
15230
15234
20864
28072
15224
15225
20865
31536
15232
20869
33038
15236
20870
33048
15228
15229
15230
15234
18345
28082
15228
15229
15259
15459
18348
31546
15233
15261
18350
33058
15237
15461
18351
33067
15232
15233
20850
28092
15232
15233
15263
20853
31555
20855
33077
15265
20856
33087
15236
15237
20857
28102
15236
15237
15463
20860
31564
20862
33096
15465
20863
33106
15240
15241
15246
15250
20885
28112
15240
15241
15271
20886
31574
15252
20889
33119
15249
15272
20891
33116
15244
15245
15246
15250
18352
28115
15244
15245
16079
18354
31578
15248
16082
18356
33123
15253
18358
33124
15248
15249
20878
28117
15248
15249
15279
16088
20881
31579
16089
20882
33128
15280
20884
33126
15252
15253
20871
28119
15252
15253
20874
31580
20875
33129
20877
33133
15256
15257
15262
15266
20906
28122
15256
15257
15271
20907
31584
15264
20910
33136
15269
15273
20912
33142
15260
15261
15262
15266
18359
28128
15260
15261
18362
31589
15268
18363
33155
15265
18365
33147
15264
15265
20892
28135
15264
15265
20895
31597
20896
33162
20898
33169
15268
15269
20899
28142
15268
15269
15283
20902
31605
20903
33182
15284
20905
33177
15272
15273
15278
15282
20927
28148
15272
15273
20928
31610
15280
20932
33188
15284
20933
33191
15276
15277
15278
15282
18366
28151
15276
15277
15507
16134
18369
31614
15281
16136
18371
33195
15285
15509
18372
33196
15280
15281
20913
28153
15280
15281
16142
20916
31615
20918
33198
16145
20919
33200
15284
15285
20920
28155
15284
15285
15511
20923
31616
20925
33201
15513
20926
33205
15290
15291
15292
15300
15307
15290
15291
15301
28158
15290
15292
15343
15291
15292
15308
15344
28168
15304
15306
15312
28178
15313
15346
15297
15298
15299
15300
15307
15297
15298
15298
15299
15303
28188
15297
15299
15309
28198
15311
15305
15306
15312
28208
15304
15305
15306
15304
15306
28218
15304
15305
15305
15306
28228
28238
15311
15312
15313
15312
15313
15357
28248
15311
15312
28258
15311
15313
15358
28268
15360
15316
15319
15316
15320
15322
28278
15317
15323
15319
15320
15324
15335
15319
15320
15336
28288
15339
15327
15341
28298
15323
15326
15323
15327
28308
15324
15326
15327
15328
15326
15327
15329
28318
15332
15334
28328
15332
15333
15334
15335
15332
15334
28338
15332
15333
15343
15333
15334
15337
15345
28348
15340
15347
15341
28358
15339
15340
15341
15339
15341
28368
15340
15341
15364
28378
15339
15340
15365
15367
28388
15346
15347
15348
15356
15363
15346
15347
15346
15348
15357
28398
15347
15348
15364
28408
15360
15367
15361
15368
28418
15353
15354
15355
15356
15363
15354
15355
15406
15558
15353
15354
15359
15407
28428
15353
15355
15366
15559
28438
15361
15368
28448
15362
15410
15369
15562
15360
15361
15362
15360
15361
28458
15360
15362
15414
15361
15362
15415
28468
28478
15417
15367
15368
15369
15367
15368
28488
15367
15369
15566
15368
15369
15567
28498
28508
15569
15374
15375
15376
15384
15391
15374
15375
15385
28518
15374
15376
15427
15375
15376
15392
15428
28528
15388
15390
15396
28538
15397
15430
15381
15382
15383
15384
15391
15381
15382
15382
15383
15387
28548
15381
15383
15393
32494
15395
15389
15390
15396
28558
15388
15389
15390
15388
15390
28568
15388
15389
15389
15390
28578
28588
15395
15396
15397
15396
15397
15441
28598
15395
15396
28608
15395
15397
15442
28618
15444
15402
15403
15404
15412
15419
15402
15403
15427
15402
15404
15413
28628
15403
15404
15420
15429
28638
15416
15424
15431
15418
15425
28648
15409
15410
15411
15412
15419
15409
15410
15410
15411
15415
28658
15409
15411
15422
28668
15423
15417
15418
15425
28678
15416
15417
15418
15416
15418
28688
15416
15417
15417
15418
28698
28708
15423
15424
15425
15424
15425
15448
28718
15423
15424
15449
15423
15425
28728
15451
28738
15430
15431
15432
15440
15447
15430
15431
15430
15432
15441
28748
15431
15432
15448
28758
15444
15451
15445
15452
28768
15437
15438
15439
15440
15447
15438
15439
15475
15642
15437
15438
15443
28778
15437
15439
15450
15643
28788
15445
15452
28798
15446
15477
15453
15646
15444
15445
15446
15444
15445
28808
15444
15446
15479
15445
15446
28818
28828
15481
15451
15452
15453
15451
15452
28838
15451
15453
15650
15452
15453
15651
28848
28858
15653
15456
15457
15462
15466
20948
28868
15456
15457
15487
20949
31620
15464
20952
33208
15469
15488
20954
33218
15460
15461
15462
15466
18647
28878
15460
15461
18649
31630
15468
18651
33238
15465
18652
33228
15464
15465
20934
28888
15464
15465
20936
31639
20938
33247
20939
33257
15468
15469
20941
28898
15468
15469
15495
20944
31649
20945
33277
15496
20947
33267
15472
15473
15478
15482
20969
28908
15472
15473
15487
20970
31658
15480
20973
33286
15485
15489
20975
33296
15476
15477
15478
15482
18654
28918
15476
15477
18657
31668
15484
18658
33316
15481
18660
33306
15480
15481
20955
28928
15480
15481
20958
31678
20959
33326
20961
33336
15484
15485
20962
28938
15484
15485
15499
20965
31688
20966
33356
15500
20968
33346
15488
15489
15494
15498
20990
28948
15488
15489
20991
31698
15496
20995
33366
15500
20996
33376
15492
15493
15494
15498
18661
28958
15492
15493
15523
15723
18664
31708
15497
15525
18666
33386
15501
15725
18667
33395
15496
15497
20976
28968
15496
15497
15527
20979
31717
20981
33405
15529
20982
33415
15500
15501
20983
28978
15500
15501
15727
20986
31726
20988
33424
15729
20989
33434
15504
15505
15510
15514
21011
28988
15504
15505
15535
21012
31736
15512
21015
33444
15517
15536
21017
33448
15508
15509
15510
15514
18668
28991
15508
15509
16092
18670
31740
15516
16094
18672
33453
15513
18673
33451
15512
15513
20997
28993
15512
15513
20999
31741
21001
33454
21002
33458
15516
15517
21004
28996
15516
15517
15543
16100
21007
31745
16101
21008
33463
15544
21010
33461
15520
15521
15526
15530
21032
28998
15520
15521
15535
21033
31746
15528
21036
33464
15533
15537
21038
33470
15524
15525
15526
15530
18675
29004
15524
15525
18678
31751
15532
18679
33483
15529
18681
33475
15528
15529
21018
29011
15528
15529
21021
31759
21022
33490
21024
33497
15532
15533
21025
29018
15532
15533
15547
21028
31767
21029
33510
15548
21031
33505
15536
15537
15542
15546
21053
29024
15536
15537
21054
31772
15544
21058
33516
15548
21059
33519
15540
15541
15542
15546
18682
29027
15540
15541
15771
16148
18685
31776
15545
16150
18687
33523
15549
15773
18688
33524
15544
15545
21039
29029
15544
15545
16155
21042
31777
21044
33526
16157
21045
33528
15548
15549
21046
29031
15548
15549
15775
21049
31778
21051
33529
15777
21052
33533
15554
15555
15556
15564
15571
15554
15555
15565
29034
15554
15556
15607
15555
15556
15572
15608
29044
15568
15570
15576
29054
15577
15610
15561
15562
15563
15564
15571
15561
15562
15562
15563
15567
29064
15561
15563
15573
29074
15575
15569
15570
15576
29084
15568
15569
15570
15568
15570
29094
15568
15569
15569
15570
29104
29114
15575
15576
15577
15576
15577
15621
29124
15575
15576
29134
15575
15577
15622
29144
15624
15580
15583
15580
15584
15586
29154
15581
15587
15583
15584
15588
15599
15583
15584
15600
29164
15603
15591
15605
29174
15587
15590
15587
15591
29184
15588
15590
15591
15592
15590
15591
15593
29194
15596
15598
29204
15596
15597
15598
15599
15596
15598
29214
15596
15597
15607
15597
15598
15601
15609
29224
15604
15611
15605
29234
15603
15604
15605
15603
15605
29244
15604
15605
15628
29254
15603
15604
15629
15631
29264
15610
15611
15612
15620
15627
15610
15611
15610
15612
15621
29274
15611
15612
15628
29284
15624
15631
15625
15632
29294
15617
15618
15619
15620
15627
15618
15619
15670
15822
15617
15618
15623
15671
29304
15617
15619
15630
15823
29314
15625
15632
29324
15626
15674
15633
15826
15624
15625
15626
15624
15625
29334
15624
15626
15678
15625
15626
15679
29344
29354
15681
15631
15632
15633
15631
15632
29364
15631
15633
15830
15632
15633
15831
29374
29384
15833
15638
15639
15640
15648
15655
15638
15639
15649
29394
15638
15640
15691
15639
15640
15656
15692
29404
15652
15654
15660
29414
15661
15694
15645
15646
15647
15648
15655
15645
15646
15646
15647
15651
29424
15645
15647
15657
29434
15659
15653
15654
15660
29444
15652
15653
15654
15652
15654
29454
15652
15653
15653
15654
29464
29474
15659
15660
15661
15660
15661
15705
29484
15659
15660
32676
15659
15661
15706
29494
15708
15666
15667
15668
15676
15683
15666
15667
15691
15666
15668
15677
29504
15667
15668
15684
15693
29514
15680
15688
15695
15682
15689
29524
15673
15674
15675
15676
15683
15673
15674
15674
15675
15679
29534
15673
15675
15686
29544
15687
15681
15682
15689
29554
15680
15681
15682
15680
15682
29564
15680
15681
15681
15682
29574
29584
15687
15688
15689
15688
15689
15712
29594
15687
15688
15713
15687
15689
29604
15715
29614
15694
15695
15696
15704
15711
15694
15695
15694
15696
15705
29624
15695
15696
15712
29634
15708
15715
15709
15716
29644
15701
15702
15703
15704
15711
15702
15703
15739
15906
15701
15702
15707
29654
15701
15703
15714
15907
29664
15709
15716
29674
15710
15741
15717
15910
15708
15709
15710
15708
15709
29684
15708
15710
15743
15709
15710
29694
29704
15745
15715
15716
15717
15715
15716
29714
15715
15717
15914
15716
15717
15915
29724
29734
15917
15720
15721
15726
15730
21074
29744
15720
15721
15751
21075
31782
15728
21078
33536
15733
15752
21080
33546
15724
15725
15726
15730
18970
29754
15724
15725
18972
31792
15732
18974
33566
15729
18975
33556
15728
15729
21060
29764
15728
15729
21062
31801
21064
33575
21065
33585
15732
15733
21067
29774
15732
15733
15759
21070
31811
21071
33605
15760
21073
33595
15736
15737
15742
15746
21095
29784
15736
15737
15751
21096
31820
15744
21099
33614
15749
15753
21101
33624
15740
15741
15742
15746
18977
29794
15740
15741
18980
31830
15748
18981
33644
15745
18983
33634
15744
15745
21081
29804
15744
15745
21084
31840
21085
33654
21087
33664
15748
15749
21088
29814
15748
15749
15763
21091
31850
21092
33684
15764
21094
33674
15752
15753
15758
15762
21116
29824
15752
15753
21117
31860
15760
21121
33694
15764
21122
33704
15756
15757
15758
15762
18984
29834
15756
15757
15787
15987
18987
31870
15761
15789
18989
33714
15765
15989
18990
33723
15760
15761
21102
29844
15760
15761
15791
21105
31879
21107
33733
15793
21108
33743
15764
15765
21109
29854
15764
15765
15991
21112
31888
21114
33752
15993
21115
33762
15768
15769
15774
15778
21137
29864
15768
15769
15799
21138
31898
15776
21141
33772
15781
15800
21143
33776
15772
15773
15774
15778
18991
29867
15772
15773
16106
18993
31902
15780
16108
18995
33781
15777
18996
33779
15776
15777
21123
29869
15776
15777
21125
31903
21127
33782
21128
33786
15780
15781
21130
29872
15780
15781
15807
16114
21133
31907
16115
21134
33791
15808
21136
33789
15784
15785
15790
15794
21158
29874
15784
15785
15799
21159
31908
15792
21162
33792
15797
15801
21164
33798
15788
15789
15790
15794
18998
29880
15788
15789
19001
31913
15796
19002
33811
15793
19004
33803
15792
15793
21144
29887
15792
15793
21147
31921
21148
33818
21150
33825
15796
15797
21151
29894
15796
15797
15811
21154
31929
21155
33838
15812
21157
33833
15800
15801
15806
15810
21179
29900
15800
15801
21180
31934
15808
21184
33844
15812
21185
33847
15804
15805
15806
15810
19005
29903
15804
15805
16035
16162
19008
31938
15809
16164
19010
33851
15813
16037
19011
33852
15808
15809
21165
29905
15808
15809
16169
21168
31939
21170
33854
16171
21171
33856
15812
15813
21172
29907
15812
15813
16039
21175
31940
21177
33857
16041
21178
33861
15818
15819
15820
15828
15835
15818
15819
15829
29910
15818
15820
15886
15819
15820
15836
15887
29920
15832
15834
15840
29930
15841
15888
15825
15826
15827
15828
15835
15825
15826
15826
15827
15831
29940
15825
15827
15837
29950
15839
15833
15834
15840
29960
15832
15833
15834
15832
15834
29970
15832
15833
15833
15834
29980
29990
15839
15840
15841
15840
15841
15893
30000
15839
15840
30010
15839
15841
15894
30020
15895
15845
15846
15846
15848
15850
30030
15845
15848
15857
30040
15847
15858
15847
15851
15848
15852
15859
15855
15862
30050
15851
15854
15851
15855
30060
15852
15854
15855
15863
15854
15855
15864
30070
15867
15869
30080
15858
15861
15877
15858
15862
30090
15859
15861
15862
15863
15861
15862
15865
15881
30100
15868
15882
15869
30110
15867
15868
15869
15867
15869
30120
15868
15869
15885
30130
15867
15868
15886
15889
30140
15872
15876
15926
15872
15875
15878
30150
15873
15879
15875
15876
15880
15891
15875
15876
15892
15930
30160
15883
15896
30170
15897
15931
15879
15882
15879
15883
30180
15880
15882
15883
15884
15882
15883
15885
30190
15889
15890
30200
15888
15889
15890
15891
15889
15890
30210
15888
15889
15888
15890
15893
30220
15895
15896
30230
15895
15896
15897
15896
15897
15948
30240
15895
15896
30250
15895
15897
15950
30260
15952
15902
15903
15904
15912
15919
15902
15903
15913
30270
15902
15904
15970
15903
15904
15920
15971
30280
15916
15918
15924
30290
15925
15972
15909
15910
15911
15912
15919
15909
15910
15910
15911
15915
30300
15909
15911
15921
30310
15923
15917
15918
15924
30320
15916
15917
15918
15916
15918
30330
15916
15917
15917
15918
30340
30350
15923
15924
15925
15924
15925
15977
30360
15923
15924
32818
15923
15925
15978
30370
15979
15928
15931
15928
15932
15934
30380
15929
15935
15931
15932
15936
15947
15931
15932
15948
30390
15952
15939
15953
30400
15935
15938
15961
15935
15939
30410
15936
15938
15939
15940
15938
15939
15941
15965
30420
15945
15966
15946
30430
15944
15945
15946
15947
15945
15946
15969
30440
15944
15945
15970
15944
15946
15949
30450
15951
15973
15953
30460
15951
15952
15953
15952
15953
30470
15951
15953
30480
15951
15952
30490
15956
15960
15998
15956
15959
15962
30500
15957
15963
15959
15960
15964
15975
15959
15960
15976
30510
15967
15980
30520
15981
16001
15963
15966
15963
15967
30530
15964
15966
15967
15968
15966
15967
15969
30540
15973
15974
30550
15972
15973
15974
15975
15973
15974
30560
15972
15973
15972
15974
15977
30570
15979
15980
30580
15979
15980
15981
15980
15981
30590
15979
15980
30600
15979
15981
16011
30610
16013
15984
15985
15990
15994
21200
30620
15984
15985
16023
21201
31944
15992
21204
33864
15997
16024
21206
33874
15988
15989
15990
15994
19289
30630
15988
15989
19291
31954
15996
19293
33894
15993
19294
33884
15992
15993
21186
30640
15992
15993
21188
31963
21190
33903
21191
33913
15996
15997
21193
30650
15996
15997
16027
21196
31973
21197
33933
16028
21199
33923
15999
16001
19297
31982
16000
16003
19298
33942
16001
16004
16010
19299
30660
16013
19302
33952
16003
16005
16018
21208
31992
16004
21209
33962
16005
16006
21210
30670
16009
16021
21213
33972
16008
16009
16010
21221
30680
16008
16009
16023
21223
32002
16012
21225
33992
16025
21227
33982
16012
16013
21214
30690
16012
16013
21217
32012
21218
34012
21220
34002
16015
16017
16046
19304
32022
16016
16019
19305
34022
16017
16020
16026
19306
30700
16029
16049
19309
34032
16019
16021
21229
32031
16020
21230
34041
16021
16022
21231
30710
16025
21234
34051
16024
16025
16026
21242
30720
16024
16025
21244
32041
16028
21247
34071
21248
34061
16028
16029
21235
30730
16028
16029
16059
21238
32051
21240
34090
16061
21241
34081
16032
16033
16038
16042
21263
30740
16032
16033
16071
21264
32060
16040
21267
34100
16045
16072
21269
34104
16036
16037
16038
16042
19310
30743
16036
16037
16120
19312
32064
16044
16122
19314
34109
16041
19315
34107
16040
16041
21249
30745
16040
16041
21251
32065
21253
34110
21254
34114
16044
16045
21256
30748
16044
16045
16075
16128
21259
32069
16129
21260
34119
16076
21262
34117
16047
16049
19318
32070
16048
16051
19319
34120
16049
16052
16058
19320
30750
16061
19323
34127
16051
16053
16066
21271
32078
16052
21272
34135
16053
16054
21273
30757
16057
16069
21276
34141
16056
16057
16058
21284
30763
16056
16057
16071
21286
32083
16060
21288
34151
16073
21290
34146
16060
16061
21277
30769
16060
16061
21280
32088
21281
34165
21283
34157
16063
16065
16176
19325
32096
16064
16067
19326
34172
16065
16068
16074
19327
30776
16077
16180
19330
34174
16067
16069
21292
32097
16068
21293
34175
16069
16070
21294
30778
16073
21297
34178
16072
16073
16074
21305
30781
16072
16073
21307
32101
16076
21310
34186
21311
34182
16076
16077
21298
30784
16076
16077
16184
21301
32105
21303
34190
16185
21304
34189
16082
16083
16084
16085
16225
20661
16082
16084
16227
16082
16083
16087
16083
16084
20664
16089
16230
16090
20666
16231
20667
16089
16090
16091
16090
16091
16141
16089
16090
16089
16091
16142
16144
16094
16097
16134
16094
16098
16099
16095
16101
16097
16098
16102
16097
16098
16138
16139
16104
16101
16104
16101
16105
16155
16102
16104
16105
16104
16105
16159
16160
16108
16111
16148
16108
16112
16113
16109
16115
16111
16112
16116
16111
16112
16152
16153
16118
16115
16118
16115
16119
16169
16116
16118
16119
16118
16119
16173
16174
16122
16125
16162
16122
16126
16127
16123
16129
16125
16126
16130
16125
16126
16166
16167
16132
16129
16132
16129
16133
16184
16130
16132
16133
16132
16133
16187
16188
16136
16139
16136
16140
16143
16137
16145
16139
16140
16146
16139
16140
16147
16144
16147
16144
16145
16145
16147
16146
16146
16147
16150
16153
16150
16154
16156
16151
16157
16153
16154
16158
16153
16154
16161
16157
16160
16157
16161
16158
16160
16161
16160
16161
16164
16167
16164
16168
16170
16165
16171
16167
16168
16172
16167
16168
16175
16171
16174
16171
16175
16172
16174
16175
16174
16175
16179
16180
16179
16182
16180
16182
16183
16181
16181
16185
16182
16186
16189
16185
16189
16185
16188
16186
16188
16189
16188
16189
16192
16196
17615
16192
16195
17616
16193
17618
16195
16196
17911
16195
16196
17912
17915
17917
16199
16203
17675
16199
16202
17676
16200
17677
16202
16203
20605
16202
16203
20606
20609
20611
16208
16209
16210
20612
16208
16210
20613
16209
16210
18319
16208
16209
18320
20616
18321
20618
16215
16216
16217
20619
20626
16215
16217
20620
16216
16217
18326
16215
16216
18327
20627
20623
20630
18328
20631
20625
16222
16223
16224
20640
20647
16222
16224
20641
16223
16224
18333
16222
16223
18334
20648
20644
20651
18335
20652
20646
16229
16230
16231
16229
16231
16230
16231
18354
16229
16230
18355
18356
16234
16237
17635
16234
16238
17636
16235
17640
16237
16238
18436
16237
16238
18437
18440
18441
16241
16243
16241
16244
16245
16247
16274
16243
16244
18402
18404
18406
16245
16249
16655
16245
16277
16656
16251
16278
16657
16248
16250
16248
16251
16252
16281
16250
16251
16252
16662
16252
16284
16663
16285
16664
16255
16257
16255
16258
16259
16261
16316
16257
16258
18430
18432
18434
16259
16263
16669
16259
16319
16670
16265
16320
16671
16262
16264
16262
16265
16266
16268
16323
16264
16265
16266
16270
21354
16266
16326
21355
16272
16327
21356
16269
16271
16269
16272
16273
16275
16330
16271
16272
16273
16277
16273
16333
16279
16334
16276
16278
16276
16279
16280
16282
16337
16278
16279
16280
16284
16280
16340
16286
16341
16283
16285
16283
16286
16287
16289
16344
16285
16286
16287
16291
16287
16347
16293
16348
16290
16292
16290
16293
16294
16296
16351
16292
16293
16294
16298
16294
16354
16300
16355
16297
16299
16297
16300
16301
16303
16358
16299
16300
16301
16305
16301
16361
16307
16362
16304
16306
16304
16307
16308
16365
16306
16307
16308
16676
16308
16368
16677
16369
16678
16311
16313
16311
16314
16315
16317
16379
16313
16314
16315
16319
16683
16315
16382
16684
16321
16383
16685
16318
16320
16318
16321
16322
16324
16386
16320
16321
16322
16326
16322
16389
16328
16390
16325
16327
16325
16328
16329
16331
16393
16327
16328
16329
16333
16329
16396
16335
16397
16332
16334
16332
16335
16336
16338
16400
16334
16335
16336
16340
16336
16403
16342
16404
16339
16341
16339
16342
16343
16345
16407
16341
16342
16343
16347
16343
16410
16349
16411
16346
16348
16346
16349
16350
16352
16414
16348
16349
16350
16354
16350
16417
16356
16418
16353
16355
16353
16356
16357
16359
16421
16355
16356
16357
16361
16357
16424
16363
16425
16360
16362
16360
16363
16364
16366
16428
16362
16363
16364
16368
16364
16431
16370
16432
16367
16369
16367
16370
16371
16373
16435
16369
16370
16371
16375
16371
16438
16377
16439
16374
16376
16374
16377
16378
16442
16376
16377
16378
16690
16378
16445
16691
16446
16692
16381
16383
16381
16384
16385
16387
16470
16383
16384
16385
16389
16385
16473
16391
16474
16388
16390
16388
16391
16392
16394
16477
16390
16391
16392
16396
16392
16480
16398
16481
16395
16397
16395
16398
16399
16401
16484
16397
16398
16399
16403
16399
16487
16405
16488
16402
16404
16402
16405
16406
16408
16491
16404
16405
16406
16410
16406
16494
16412
16495
16409
16411
16409
16412
16413
16415
16498
16411
16412
16413
16417
16413
16501
16419
16502
16416
16418
16416
16419
16420
16422
16505
16418
16419
16420
16424
16420
16508
16426
16509
16423
16425
16423
16426
16427
16429
16512
16425
16426
16427
16431
16427
16515
16433
16516
16430
16432
16430
16433
16434
16436
16519
16432
16433
16434
16438
16434
16522
16440
16523
16437
16439
16437
16440
16441
16443
16526
16439
16440
16441
16445
16441
16529
16447
16530
16444
16446
16444
16447
16448
16450
16533
16446
16447
16448
16452
16448
16536
16454
16537
16451
16453
16457
16460
16462
16451
16454
16455
16540
16453
16454
16455
16697
18500
18502
18504
16455
16543
16698
16544
16699
16458
16461
17608
16458
16462
17609
16459
17612
16461
16462
18499
16461
16462
18500
18503
18504
16465
16467
16465
16468
16469
16471
16467
16468
16469
16473
16711
16469
16712
16475
16713
16472
16474
16472
16475
16476
16478
16474
16475
16476
16480
21361
16476
21362
16482
21363
16479
16481
16479
16482
16483
16485
16481
16482
16483
16487
21368
16483
21369
16489
21370
16486
16488
16486
16489
16490
16492
16488
16489
16490
16494
21375
16490
21376
16496
21377
16493
16495
16493
16496
16497
16499
16495
16496
16497
16501
21382
16497
21383
16503
21384
16500
16502
16500
16503
16504
16506
16502
16503
16504
16508
21389
16504
21390
16510
21391
16507
16509
16507
16510
16511
16513
16509
16510
16511
16515
21396
16511
21397
16517
21398
16514
16516
16514
16517
16518
16520
16554
16516
16517
16518
16522
16518
16557
16524
16558
16521
16523
16521
16524
16525
16527
16561
16523
16524
16525
16529
16525
16564
16531
16565
16528
16530
16528
16531
16532
16534
16568
16530
16531
16532
16536
16532
16571
16538
16572
16535
16537
16535
16538
16539
16541
16575
16537
16538
16539
16543
16539
16578
16545
16579
16542
16544
16542
16545
16546
16582
16544
16545
16546
16718
16546
16585
16719
16586
16720
16549
16552
17656
16549
16553
17657
18520
16550
17661
18521
16552
16553
18522
18524
16552
16553
18525
18528
18523
18529
16556
16558
16556
16559
16560
16562
16603
16558
16559
16560
16564
21403
16560
16605
21404
16566
16606
21405
16563
16565
16563
16566
16567
16569
16608
16565
16566
16567
16571
16567
16611
16573
16612
16570
16572
16570
16573
16574
16576
16615
16572
16573
16574
16578
16574
16618
16580
16619
16577
16579
16577
16580
16581
16583
16622
16579
16580
16581
16585
16581
16625
16587
16626
16584
16586
16584
16587
16588
16629
16586
16587
16588
16588
16632
16633
16593
16594
16595
20668
20675
16593
16594
18340
20669
16593
16595
18341
16594
16595
20676
18342
20672
20673
20679
20680
16600
16601
16602
20689
20696
16600
16601
18361
20690
16600
16602
18362
18649
16601
16602
18650
20697
18363
20693
20694
20700
18651
20701
16604
16606
16607
16609
16606
18697
18699
18701
16607
16611
16746
16613
16747
16610
16612
16610
16613
16614
16616
16636
16612
16613
16614
16618
16614
16637
16620
16638
16617
16619
16617
16620
16621
16623
16639
16619
16620
16621
16625
16621
16640
16627
16641
16624
16626
16624
16627
16628
16630
16642
16626
16627
16628
16632
16628
16643
16634
16644
16631
16633
16631
16634
16635
16645
16633
16634
16635
16635
16646
16647
16638
16638
16640
16641
16641
16643
16644
16644
16646
16647
16647
16652
16653
16654
18759
16652
16653
18438
16652
16654
18439
16653
16654
18760
18442
18763
18764
16657
16659
16657
16660
16661
16663
16659
16660
18725
18727
18729
16661
16665
16758
16661
16759
16667
16760
16664
16666
16664
16667
16668
16666
16667
16668
16765
16668
16766
16767
16671
16673
16671
16674
16675
21355
16673
16674
18753
18755
18757
16675
16772
21357
16675
16773
16774
21359
16678
16680
16678
16681
16682
16680
16681
16682
16779
16682
16780
16781
16685
16687
16685
16688
16689
16687
16688
16689
16786
16689
16787
16788
16692
16694
16692
16695
16696
16694
16695
16696
16793
16696
16794
16795
16699
16701
16706
16707
16710
16699
16702
16703
16718
16701
16702
16703
16800
18823
18825
18827
16703
16721
16801
16722
16802
16708
16709
16710
18822
16708
16709
18501
16708
16710
18502
16709
16710
18823
18505
18826
18827
16713
16715
16713
16716
16717
21362
16715
16716
16717
16814
21364
16717
16815
16816
21366
16720
16722
16720
16723
16724
16722
16723
16724
16821
16724
16822
16823
16729
16730
16731
18843
18847
16729
16730
18526
16729
16731
18527
18844
16730
16731
18848
18530
18845
18851
18846
18852
16736
16737
16738
20710
20717
16736
16737
18656
20711
16736
16738
18657
16737
16738
20718
18658
20714
20715
20721
20722
16743
16744
16745
20731
20738
16743
16744
18677
20732
16743
16745
18678
18972
16744
16745
18973
20739
18679
20735
20736
20742
18974
20743
16747
16749
21405
16750
16749
19020
19022
19024
21408
16750
16849
21409
16850
16755
16756
16757
19082
16755
16756
18761
16755
16757
18762
16756
16757
19083
18765
19086
19087
16760
16762
16760
16763
16764
16766
16762
16763
19048
19050
19052
16764
16768
16861
16764
16862
16770
16863
16767
16769
16767
16770
16771
16769
16770
16771
16868
16771
16869
16870
16774
16776
16774
16777
16778
21411
16776
16777
19076
19078
19080
16778
16875
21413
16778
16876
16877
21415
16781
16783
16781
16784
16785
16783
16784
16785
16882
16785
16883
16884
16788
16790
16788
16791
16792
16790
16791
16792
16889
16792
16890
16891
16795
16797
16795
16798
16799
16797
16798
16799
16896
16799
16897
16898
16802
16804
16809
16810
16813
16802
16805
16806
16821
16804
16805
16806
16903
19146
19148
19150
16806
16824
16904
16825
16905
16811
16812
16813
19145
16811
16812
18824
16811
16813
18825
16812
16813
19146
18828
19149
19150
16816
16818
16816
16819
16820
21418
16818
16819
16820
16917
21420
16820
16918
16919
21422
16823
16825
16823
16826
16827
16825
16826
16827
16924
16827
16925
16926
16832
16833
16834
19166
19170
16832
16833
18849
16832
16834
18850
19167
16833
16834
19171
18853
19168
19174
19169
19175
16839
16840
16841
20752
20759
16839
16840
18979
20753
16839
16841
18980
16840
16841
20760
18981
20756
20757
20763
20764
16846
16847
16848
20773
20780
16846
16847
19000
20774
16846
16848
19001
19291
16847
16848
19292
20781
19002
20777
20778
20784
19293
20785
16850
16852
21461
16853
16852
19339
19342
19344
21464
16853
16952
21465
16953
16858
16859
16860
19401
16858
16859
19084
16858
16860
19085
16859
16860
19402
19088
19405
19406
16863
16865
16863
16866
16867
16869
16865
16866
19367
19369
19371
16867
16871
16964
16867
16965
16873
16966
16870
16872
16870
16873
16874
16872
16873
16874
16971
16874
16972
16973
16877
16879
16877
16880
16881
21467
16879
16880
19395
19397
19399
16881
16978
21469
16881
16979
16980
21471
16884
16886
16884
16887
16888
16886
16887
16888
16985
16888
16986
16987
16891
16893
16891
16894
16895
16893
16894
16895
16992
16895
16993
16994
16898
16900
16898
16901
16902
16900
16901
16902
16999
16902
17000
17001
16905
16907
16912
16913
16916
16905
16908
16909
16924
16907
16908
16909
17006
19465
19467
19469
16909
16927
17007
16928
17008
16914
16915
16916
19464
16914
16915
19147
16914
16916
19148
16915
16916
19465
19151
19468
19469
16919
16921
16919
16922
16923
21474
16921
16922
16923
17020
21476
16923
17021
17022
21478
16926
16928
16926
16929
16930
16928
16929
16930
17027
16930
17028
17029
16935
16936
16937
19485
16935
16936
19172
16935
16937
19173
16936
16937
19486
19176
19489
19490
16942
16943
16944
19506
19516
16942
16944
19296
19507
16942
16943
19297
16943
16944
19517
19298
19510
19518
19512
19519
16949
16950
16951
19527
19537
16949
16951
19317
19528
16949
16950
17738
19318
16950
16951
17739
19538
19319
19531
17741
19539
19533
19540
16953
16955
21517
16956
16955
18150
18153
18155
21520
16956
17055
21521
17056
16961
16962
16963
19604
16961
16962
19403
16961
16963
19404
16962
16963
19605
19407
19608
19609
16966
16968
16966
16969
16970
16972
16968
16969
19570
19572
19574
16970
16974
17067
16970
17068
16976
17069
16973
16975
16973
16976
16977
16975
16976
16977
17074
16977
17075
17076
16980
16982
16980
16983
16984
21523
16982
16983
19598
19600
19602
16984
17081
21525
16984
17082
17083
21527
16987
16989
16987
16990
16991
16989
16990
16991
17088
16991
17089
17090
16994
16996
16994
16997
16998
16996
16997
16998
17095
16998
17096
17097
17001
17003
17001
17004
17005
17003
17004
17005
17102
17005
17103
17104
17008
17010
17015
17016
17019
17008
17011
17012
17027
17010
17011
17012
17109
19668
19670
19672
17012
17030
17110
17031
17111
17017
17018
17019
19667
17017
17018
19466
17017
17019
19467
17018
17019
19668
19470
19671
19672
17022
17024
17022
17025
17026
21530
17024
17025
17026
17123
21532
17026
17124
17125
21534
17029
17031
17029
17032
17033
17031
17032
17033
17130
17033
17131
17132
17038
17039
17040
19688
17038
17039
19487
17038
17040
19488
17039
17040
19689
19491
19692
19693
17045
17046
17047
17855
17045
17046
17743
17856
17045
17047
17744
17046
17047
17745
17859
17860
17052
17053
17054
17862
17052
17053
17764
17863
17052
17054
17622
17765
17053
17054
17623
17766
17866
17867
17626
17056
17058
21573
17059
17058
21576
17059
21577
17064
17065
17066
19751
17064
17065
19606
17064
17066
19607
17065
17066
19752
19610
19755
19756
17069
17071
17069
17072
17073
17075
17071
17072
19717
19719
19721
17073
17077
17171
17073
17172
17079
17173
17076
17078
17076
17079
17080
17078
17079
17080
17178
17080
17179
17180
17083
17085
17083
17086
17087
21579
17085
17086
19745
19747
19749
17087
17185
21581
17087
17186
17187
21583
17090
17092
17090
17093
17094
17092
17093
17094
17192
17094
17193
17194
17097
17099
17097
17100
17101
17099
17100
17101
17199
17101
17200
17201
17104
17106
17104
17107
17108
17106
17107
17108
17206
17108
17207
17208
17111
17113
17118
17119
17122
17111
17114
17115
17130
17113
17114
17115
17213
19815
19817
19819
17115
17133
17214
17134
17215
17120
17121
17122
19814
17120
17121
19669
17120
17122
19670
17121
17122
19815
19673
19818
19819
17125
17127
17125
17128
17129
21585
17127
17128
17129
17227
17129
17228
21587
17229
21588
17132
17134
17132
17135
17136
17134
17135
17136
17234
17136
17235
17236
17141
17142
17143
19835
17141
17142
19690
17141
17143
19691
17142
17143
19836
19694
19839
19840
17146
17148
17146
17149
21606
17150
17152
17148
17149
21608
17150
17154
17150
21610
17156
17153
17155
17153
17156
17157
21612
17155
17156
17157
21614
17157
21616
17159
17161
21613
17163
17161
17162
21616
17163
21617
17163
17168
17169
17170
19898
17168
17169
19753
17168
17170
19754
17169
17170
19899
19757
19902
19903
17173
17175
17173
17176
17177
17179
17175
17176
19864
19866
19868
17177
17181
17255
17177
17256
17183
17257
17180
17182
17180
17183
17184
17182
17183
17184
17262
17184
17263
17264
17187
17189
17187
17190
17191
21619
17189
17190
19892
19894
19896
17191
17269
21621
17191
17270
17271
21623
17194
17196
17194
17197
17198
17196
17197
17198
17276
17198
17277
17278
17201
17203
17201
17204
17205
17203
17204
17205
17283
17205
17284
17285
17208
17210
17208
17211
17212
17210
17211
17212
17290
17212
17291
17292
17215
17217
17222
17223
17226
17215
17218
17219
17234
17217
17218
17219
17297
19962
19964
19966
17219
17237
17298
17238
17299
17224
17225
17226
19961
17224
17225
19816
17224
17226
19817
17225
17226
19962
19820
19965
19966
17229
17231
17229
17232
17233
21625
17231
17232
17233
17311
17233
17312
21627
17313
21628
17236
17238
17236
17239
17240
17238
17239
17240
17318
17240
17319
17320
17245
17246
17247
19982
17245
17246
19837
17245
17247
19838
17246
17247
19983
19841
19986
19987
17252
17253
17254
20045
17252
17253
19900
17252
17254
19901
17253
17254
20046
19904
20049
20050
17257
17259
17257
17260
17261
17263
17259
17260
20011
20013
20015
17261
17265
17339
17261
17340
17267
17341
17264
17266
17264
17267
17268
17266
17267
17268
17346
17268
17347
17348
17271
17273
17271
17274
17275
21631
17273
17274
20039
20041
20043
17275
17353
21633
17275
17354
17355
21635
17278
17280
17278
17281
17282
17280
17281
17282
17360
17282
17361
17362
17285
17287
17285
17288
17289
17287
17288
17289
17367
17289
17368
17369
17292
17294
17292
17295
17296
17294
17295
17296
17374
17296
17375
17376
17299
17301
17306
17307
17310
17299
17302
17303
17318
17301
17302
17303
17381
20109
20111
20113
17303
17321
17382
17322
17383
17308
17309
17310
20108
17308
17309
19963
17308
17310
19964
17309
17310
20109
19967
20112
20113
17313
17315
17313
17316
17317
21637
17315
17316
17317
17395
17317
17396
21640
17397
21641
17320
17322
17320
17323
17324
17322
17323
17324
17402
17324
17403
17404
17329
17330
17331
20129
20136
17329
17330
19984
17329
17331
19985
20130
17330
17331
20137
19988
20133
20140
20134
20141
17336
17337
17338
20206
17336
17337
20047
17336
17338
20048
17337
17338
20207
20051
20210
20211
17341
17343
17341
17344
17345
17347
17343
17344
20172
20174
20176
17345
17349
17423
17345
17424
17351
17425
17348
17350
17348
17351
17352
17350
17351
17352
17430
17352
17431
17432
17355
17357
17355
17358
17359
21645
17357
17358
20200
20202
20204
17359
17437
21647
17359
17438
17439
21649
17362
17364
17362
17365
17366
17364
17365
17366
17444
17366
17445
17446
17369
17371
17369
17372
17373
17371
17372
17373
17451
17373
17452
17453
17376
17378
17376
17379
17380
17378
17379
17380
17458
17380
17459
17460
17383
17385
17390
17391
17394
17383
17386
17387
17402
17385
17386
17387
17465
20270
20272
20274
17387
17405
17466
17406
17467
17392
17393
17394
20269
17392
17393
20110
17392
17394
20111
17393
17394
20270
20114
20273
20274
17397
17399
17397
17400
17401
21651
17399
17400
17401
17479
17401
17480
21654
17481
21655
17404
17406
17404
17407
17408
17406
17407
17408
17486
17408
17487
17488
17413
17414
17415
20290
20297
17413
17414
20138
17413
17415
20139
20291
17414
17415
20298
20142
20294
20301
20295
20302
17420
17421
17422
20367
17420
17421
20208
17420
17422
20209
17421
17422
20368
20212
20371
20372
17425
17427
17425
17428
17429
17431
17427
17428
20333
20335
20337
17429
17433
17507
17429
17508
17435
17509
17432
17434
17432
17435
17436
17434
17435
17436
17513
17436
17514
17515
17439
17441
17439
17442
17443
21659
17441
17442
20361
20363
20365
17443
21661
17443
17520
21663
17446
17448
17446
17449
17450
17448
17449
17450
17521
17450
17522
17523
17453
17455
17453
17456
17457
17455
17456
17457
17528
17457
17529
17530
17460
17462
17460
17463
17464
17462
17463
17464
17531
17464
17532
17533
17467
17469
17474
17475
17478
17467
17470
17471
17486
17469
17470
17471
17538
20431
20433
20435
17471
17489
17539
17490
17540
17476
17477
17478
20430
17476
17477
20271
17476
17478
20272
17477
17478
20431
20275
20434
20435
17481
17483
17481
17484
17485
21665
17483
17484
17485
17485
21668
21669
17488
17490
17488
17491
17492
17490
17491
17492
17492
17497
17498
17499
20444
20451
17497
17498
20299
17497
17499
20300
20445
17498
17499
20452
20303
20448
20455
20449
20456
17504
17505
17506
17504
17505
20369
17504
17506
20370
17505
17506
20373
17509
17510
17509
17511
17512
17514
17512
17516
17512
17518
17515
17517
17515
17518
17519
17517
17518
17519
17519
17523
17525
17523
17526
17527
17525
17526
17527
17527
17530
17530
17533
17535
17533
17536
17537
17535
17536
17537
17537
17540
17545
17546
17549
17540
17542
17542
17547
17548
17549
17547
17548
20432
17547
17549
20433
17548
17549
20436
17554
17555
17556
20542
17554
17555
20453
17554
17556
20454
20543
17555
17556
20457
20546
20547
17561
17562
17563
17561
17562
17565
17561
17563
17566
18380
17562
17563
18381
17568
18382
17568
17569
17570
17568
17569
17568
17570
18394
17569
17570
18395
18396
17575
17576
17577
17575
17576
17575
17577
18408
17576
17577
18409
18410
17582
17583
17584
17582
17583
17582
17584
18422
17583
17584
18423
18424
17589
17590
17591
17589
17590
17589
17591
18457
17590
17591
18458
18459
17596
17597
17598
17596
17597
17596
17598
18471
17597
17598
18472
18473
17603
17604
17605
17603
17604
17603
17605
18485
17604
17605
18486
18487
17610
17611
17612
17610
17611
17610
17612
17611
17612
17617
17618
17619
17617
17619
17618
17619
17617
17618
17624
17625
17626
17883
17624
17625
17750
17884
17624
17626
17751
17625
17626
17752
17887
17888
17631
17632
17633
17890
17631
17632
17771
17891
17631
17633
17772
17632
17633
17773
17894
17895
17637
17638
17637
17640
17638
17640
17639
17639
17640
17644
17645
17644
17647
18443
17645
17647
18444
17646
17646
17647
18445
17650
17653
17650
17654
18506
17651
17653
17654
17653
17654
18507
18508
17658
17659
17658
17661
17659
17661
17662
17660
17660
17663
17661
17664
17665
17663
17665
18520
17664
17665
18521
17668
17671
17897
17668
17672
17680
17669
17671
17672
17671
17672
17684
17898
17900
17685
17677
17678
17679
20559
17678
17679
20560
17677
17679
17677
17678
20561
20562
17682
17685
17682
17686
17687
17918
17683
17689
17685
17686
17690
17685
17686
17919
17692
17921
17689
17692
17932
17689
17693
17694
17690
17692
17693
17692
17693
17698
17933
17935
17699
17696
17699
17696
17700
17701
17946
17697
17703
17699
17700
17704
17699
17700
17947
17706
17949
17703
17706
17960
17703
17707
17708
17704
17706
17707
17706
17707
17712
17961
17963
17713
17710
17713
17710
17714
17715
17974
17711
17717
17713
17714
17718
17713
17714
17975
17720
17977
17717
17720
17988
17717
17721
17722
17718
17720
17721
17720
17721
17726
17989
17991
17727
17724
17727
17724
17728
17729
18002
17725
17731
17727
17728
17732
17727
17728
18003
17734
18005
17731
17734
18016
17731
17735
17778
17732
17734
17735
17734
17735
17782
18018
18019
17783
17740
17741
17742
20563
20573
17740
17742
19303
20564
17740
17741
19304
17741
17742
20574
19305
20567
20575
20569
20576
17745
17748
18170
17745
17749
17746
18172
17748
17749
18173
18177
17748
17749
18178
18175
18181
18183
17752
17755
18191
17752
17756
17765
17753
18193
17755
17756
18194
18198
17755
17756
17768
18199
18196
18202
17770
18204
17761
17762
17763
20584
20594
17761
17763
19324
20585
17761
17762
19325
17762
17763
20595
19326
20588
20596
20590
20597
17766
17769
18212
17766
17770
17767
18214
17769
17770
18215
18219
17769
17770
18220
18217
18223
18225
17773
17776
18233
17773
17777
17774
18235
17776
17777
18236
18240
17776
17777
18241
18238
18244
18245
17780
17783
17780
17784
17786
17781
17783
17784
17783
17784
17789
17791
17787
17790
17792
18017
17787
17791
17788
17794
17790
17791
17795
17790
17791
18018
17797
18021
17794
17797
18023
17794
17798
17800
17795
17797
17798
17797
17798
17803
18025
18027
17805
17801
17804
17806
18044
17801
17805
17802
17808
17804
17805
17809
17804
17805
18046
17811
18048
17808
17811
18051
17808
17812
17814
17809
17811
17812
17811
17812
17817
18053
18055
17819
17815
17818
17820
18072
17815
17819
17816
17822
17818
17819
17823
17818
17819
18074
17825
18076
17822
17825
18079
17822
17826
17828
17823
17825
17826
17825
17826
17831
18081
18083
17833
17829
17832
17834
17856
17858
17860
18100
17829
17833
17830
17836
17832
17833
17837
17832
17833
18102
17839
18104
17836
17839
17884
17886
17888
18107
17836
17840
17842
17837
17839
17840
17839
17840
17845
18109
18111
17847
17843
17846
17848
17863
17865
17867
18128
17843
17847
17844
17850
17846
17847
17851
17846
17847
18130
17853
18132
17850
17853
17891
17893
17895
18135
17850
17854
18156
17851
17853
17854
17853
17854
18137
18157
18139
18159
17859
17860
17861
17859
17860
18170
17859
17861
17885
18171
17860
17861
17886
18172
17889
17866
17867
17868
17866
17867
18212
17866
17868
17892
18213
17867
17868
17893
18214
17896
17873
17874
17875
17873
17874
18149
17873
17875
18150
17874
17875
18151
17878
17881
17878
17882
17879
18164
18167
18169
17881
17882
17881
17882
17887
17888
17889
17887
17888
18191
17887
17889
18192
17888
17889
18193
17894
17895
17896
17894
17895
18233
17894
17896
18234
17895
17896
18235
17900
17901
17900
17903
17919
17901
17903
17905
17920
17902
17902
17906
17903
17907
17910
17924
17906
17909
18254
17906
17910
17925
17907
17909
17910
17909
17910
17929
18255
18256
17930
17915
17916
17917
17915
17917
17915
17916
20556
17916
17917
20557
20558
17921
17922
17932
17921
17924
17922
17924
17925
17923
17935
17923
17927
17936
17924
17928
17937
17930
17927
17930
17927
17931
17939
18535
17928
17941
17930
17931
17942
17930
17931
18536
17944
18537
17935
17936
17935
17938
17947
17936
17938
17940
17948
17937
17937
17941
17938
17942
17945
17952
17941
17944
18549
17941
17945
17953
17942
17944
17945
17944
17945
17957
18550
18551
17958
17949
17950
17960
17949
17952
17950
17952
17953
17951
17963
17951
17955
17964
17952
17956
17965
17958
17955
17958
17955
17959
17967
18858
17956
17969
17958
17959
17970
17958
17959
18859
17972
18860
17963
17964
17963
17966
17975
17964
17966
17968
17976
17965
17965
17969
17966
17970
17973
17980
17969
17972
18872
17969
17973
17981
17970
17972
17973
17972
17973
17985
18873
18874
17986
17977
17978
17988
17977
17980
17978
17980
17981
17979
17991
17979
17983
17992
17980
17984
17993
17986
17983
17986
17983
17987
17995
19177
17984
17997
17986
17987
17998
17986
17987
19178
18000
19179
17991
17992
17991
17994
18003
17992
17994
17996
18004
17993
17993
17997
17994
17998
18001
18008
17997
18000
19191
17997
18001
18009
17998
18000
18001
18000
18001
18013
19193
19194
18014
18005
18006
18016
18005
18008
18006
18008
18009
18007
18019
18007
18011
18020
18008
18012
18022
18014
18011
18014
18011
18015
18024
18031
18012
18026
18014
18015
18028
18014
18015
18034
18029
18036
18019
18020
18020
18021
18023
18019
18021
18022
18022
18026
18022
18027
18028
18026
18027
18026
18029
18045
18027
18029
18046
18028
18028
18029
18050
18032
18035
18037
19192
18032
18036
18045
18033
18039
18047
18035
18036
18040
18049
18035
18036
19193
18042
19195
18050
18039
18042
19198
18039
18043
18052
18059
18040
18054
18042
18043
18056
18042
18043
18062
19199
19200
18057
18064
18047
18048
18051
18047
18050
18048
18050
18049
18054
18049
18055
18050
18056
18054
18055
18054
18057
18073
18055
18057
18074
18056
18056
18057
18078
18060
18063
18065
19219
18060
18064
18073
18061
18067
18075
18063
18064
18068
18077
18063
18064
19220
18070
19221
18078
18067
18070
19226
18067
18071
18080
18087
18068
18082
18070
18071
18084
18070
18071
18090
19227
19228
18085
18092
18075
18076
18079
18075
18078
18076
18078
18077
18082
18077
18083
18078
18084
18082
18083
18082
18085
18101
18083
18085
18102
18084
18084
18085
18106
18088
18091
18093
19247
19507
19509
19512
18088
18092
18101
19513
19517
19519
18089
18095
18103
19521
19524
19526
18091
18092
18096
18105
18091
18092
19248
18098
19249
18106
18095
18098
19254
20564
20566
20569
18095
18099
18108
18115
20570
20574
20576
18096
18110
20578
20581
20583
18098
18099
18112
18098
18099
18118
19255
19256
18113
18120
18103
18104
18107
18170
18174
18175
18103
18106
18178
18179
18181
18104
18106
18105
18110
18185
18187
18188
18105
18111
18106
18112
18110
18111
18191
18195
18196
18110
18113
18129
18199
18200
18202
18111
18113
18130
18112
18206
18208
18209
18112
18113
18134
18116
18119
18121
19275
19528
19530
19533
18116
18120
18129
19534
19538
19540
18117
18123
18131
19542
19545
19547
18119
18120
18124
18133
18119
18120
19276
18126
19277
18134
18123
18126
19282
20585
20587
20590
18123
18127
18136
19492
20591
20595
20597
18124
18138
20599
20602
20604
18126
18127
18140
18126
18127
19283
19493
19284
18141
19495
18131
18132
18135
18212
18216
18217
18131
18134
18220
18221
18223
18132
18134
18133
18138
18227
18229
18230
18133
18139
18134
18140
18138
18139
18233
18237
18238
18138
18141
18241
18242
18244
19499
18139
18141
19500
18140
18248
18250
18251
18140
18141
19502
18146
18147
18148
18152
18146
18147
19338
18146
18148
19339
18147
18148
18153
19340
18154
18155
18151
18154
18151
18155
18152
18154
18155
18154
18155
18159
18160
18159
18162
19500
18160
18162
19501
18161
18161
18162
19504
18165
18168
18165
18169
18166
18168
18169
18168
18169
18172
18175
18172
18176
18192
18173
18175
18176
18184
18175
18176
18185
18195
18188
18190
18197
18181
18182
18183
18184
18181
18183
18181
18182
18187
19513
18182
18183
19514
18188
18189
19515
18188
18189
18190
18188
18190
18206
18189
18190
18207
19520
18188
18189
19521
19522
18211
18193
18196
18193
18197
18194
18196
18197
18205
18196
18197
18206
18209
18211
18202
18203
18204
18205
18202
18204
18220
18202
18203
18208
20570
18203
18204
18222
20571
18209
18210
20572
18225
18209
18210
18211
18209
18211
18210
18211
20577
18209
18210
20578
20579
18214
18217
18214
18218
18234
18215
18217
18218
18226
18217
18218
18227
18237
18230
18232
18239
18223
18224
18225
18226
18223
18225
18223
18224
18229
19534
18224
18225
19535
18230
18231
19536
18230
18231
18232
18230
18232
18248
18231
18232
18249
19541
18230
18231
19542
19543
18253
18235
18238
18235
18239
18236
18238
18239
18247
18238
18239
18248
18251
18253
18244
18245
18246
18247
18244
18245
18244
18246
18250
20591
18245
18246
20592
18251
18252
20593
18251
18252
18253
18251
18253
18252
18253
20598
18251
18252
20599
20600
18256
18259
18256
18260
18536
18257
18259
18260
18261
18259
18260
18264
18539
18266
18267
18540
18265
18266
18267
18265
18266
18269
18265
18267
18270
18543
18266
18267
18544
18272
18546
18272
18273
18274
18275
18272
18273
18272
18274
18564
18273
18274
18278
18565
18280
18281
18567
18279
18280
18281
18279
18280
18283
18279
18281
18284
18571
18280
18281
18572
18286
18574
18286
18287
18288
18289
18286
18287
20830
20831
20834
18286
18288
18592
18287
18288
18292
18593
20837
20838
20841
18294
20845
20846
20848
18295
18595
18293
18294
18295
18293
18294
18297
20851
20852
20854
18293
18295
18298
18599
18294
18295
18600
20858
20859
20861
18300
20866
20867
20868
18602
18300
18301
18302
18303
18300
18301
20893
20894
20897
18300
18302
18620
18301
18302
18306
18621
20900
20901
20904
18308
20908
20909
20911
18309
18623
18307
18308
18309
18307
18308
18311
20914
20915
20917
18307
18309
18312
18627
18308
18309
18628
20921
20922
20924
18314
20929
20930
20931
18630
18314
18315
18316
18314
18315
18314
18316
21312
18315
18316
21313
21315
18321
18322
18323
20794
18322
18323
20795
18321
18323
18321
18322
20799
20800
18328
18329
18330
20801
18329
18330
20802
18328
18330
18328
18329
20806
20807
18335
18336
18337
20808
20815
18336
18337
20809
18335
18337
18335
18336
20816
20819
20813
20820
20814
18342
18343
18344
20829
20836
18343
18344
20830
18342
18343
20837
18342
18344
20840
20834
20841
20835
18349
18350
18351
20850
20857
18349
18350
18360
20851
18349
18351
18648
20858
18350
18351
18362
18649
20854
20861
18365
20856
18652
20863
18356
18357
18358
20871
20878
18357
18358
20872
18356
18358
18356
18357
20879
20882
20876
20883
20877
18363
18364
18365
20892
20899
18364
18365
20893
18363
18364
20900
18363
18365
20903
20897
20904
20898
18370
18371
18372
20913
20920
18370
18371
20914
18370
18372
18669
20921
18371
18372
18670
20917
20924
20919
18673
20926
18377
18378
18379
18377
18378
18377
18379
18690
18378
18379
18691
18693
18382
18385
18394
18382
18386
18383
18385
18386
18387
18385
18386
18388
18398
18391
18399
18392
18391
18392
18393
18391
18392
18402
18391
18393
18403
18704
18392
18393
18705
18405
18707
18396
18399
18396
18400
18397
18399
18400
18401
18399
18400
18402
18405
18406
18405
18406
18407
18405
18406
18405
18407
18718
18406
18407
18719
18721
18410
18413
18410
18414
18411
18413
18414
18415
18413
18414
18416
18419
18420
18419
18420
18421
18419
18420
18419
18421
18732
18420
18421
18733
18735
18424
18427
18424
18428
18425
18427
18428
18429
18427
18428
18430
18433
18434
18433
18434
18435
18433
18434
18433
18435
18746
18434
18435
18747
18749
18440
18441
18442
18440
18441
18440
18442
18441
18442
18445
18448
18445
18449
18446
18448
18449
18450
18448
18449
18451
18454
18455
18454
18455
18456
18454
18455
18454
18456
18767
18455
18456
18768
18770
18459
18462
18459
18463
18460
18462
18463
18464
18462
18463
18465
18468
18469
18468
18469
18470
18468
18469
18468
18470
18781
18469
18470
18782
18784
18473
18476
18473
18477
18474
18476
18477
18478
18476
18477
18479
18482
18483
18482
18483
18484
18482
18483
18482
18484
18795
18483
18484
18796
18798
18487
18490
18487
18491
18488
18490
18491
18492
18490
18491
18493
18496
18497
18496
18497
18498
18496
18497
18496
18498
18809
18497
18498
18810
18812
18503
18504
18505
18503
18504
18503
18505
18504
18505
18508
18511
18508
18512
18509
18511
18512
18513
18511
18512
18514
18517
18518
18517
18518
18519
18517
18518
18517
18519
18830
18518
18519
18831
18833
18521
18523
18522
18523
18531
18533
18528
18529
18530
18531
18528
18529
18528
18530
18529
18530
18532
18533
18534
18533
18534
18533
18534
18844
18845
18537
18541
18549
18537
18540
18538
18551
18540
18541
18542
18552
18540
18541
18544
18546
18548
18554
18546
18547
18548
18556
18546
18547
18564
18546
18548
18547
18548
18557
18566
18560
18568
18561
18551
18554
18551
18555
18859
18552
18554
18555
18556
18554
18555
18559
18862
18561
18562
18863
18560
18561
18562
18560
18561
18578
18560
18562
18579
18866
18561
18562
18867
18581
18869
18567
18568
18569
18570
18577
18567
18568
18567
18569
18572
18568
18569
18578
18574
18581
18576
18582
18574
18575
18576
18584
18574
18575
18592
18574
18576
18575
18576
18585
18594
18588
18596
18589
18581
18582
18583
18584
18581
18582
18581
18583
18887
18582
18583
18587
18888
18589
18590
18890
18588
18589
18590
18588
18589
18606
18588
18590
18607
18894
18589
18590
18895
18609
18897
18595
18596
18597
18598
18605
18595
18596
18595
18597
18600
20669
20671
20673
18596
18597
18606
20676
20677
20679
18602
18609
18604
18610
20684
20685
20686
18602
18603
18604
18612
18602
18603
18620
18602
18604
20935
20937
20940
18603
18604
18613
18622
20942
20943
20946
18616
18624
18617
20950
20951
20953
18609
18610
18611
18612
18609
18610
20956
20957
20960
18609
18611
18915
18610
18611
18615
18916
20963
20964
20967
18617
20971
20972
20974
18618
18918
18616
18617
18618
18616
18617
18634
20977
20978
20980
18616
18618
18635
18922
18617
18618
18923
20984
20985
20987
18637
20992
20993
20994
18925
18623
18624
18625
18626
18633
18623
18624
18623
18625
18628
20690
20692
20694
18624
18625
18634
20697
20698
20700
18630
18637
18632
18638
20705
20706
20707
18630
18631
18632
18640
18630
18631
21312
18630
18632
20998
21000
21003
18631
18632
18641
21005
21006
21009
21314
18644
21316
18645
21013
21014
21016
18637
18638
18639
18640
18637
18638
21019
21020
21023
18637
18639
18943
18638
18639
18643
18944
21026
21027
21030
18645
21034
21035
21037
18646
18946
18644
18645
18646
18644
18645
21040
21041
21043
21319
18644
18646
18950
21320
18645
18646
18951
21047
21048
21050
21322
21055
21056
21057
18953
18651
18652
18653
20934
20941
18652
18653
20935
18651
18652
18651
18653
20942
20945
20939
20940
20946
18658
18659
18660
20955
20962
18659
18660
20956
18658
18659
20963
18658
18660
20966
20960
20967
20961
18665
18666
18667
20976
20983
18665
18666
18676
20977
18665
18667
18971
20984
18666
18667
18678
18972
20980
20987
18681
20982
18975
20989
18672
18673
18674
20997
21004
18673
18674
20998
18672
18673
18672
18674
21005
21008
21002
21003
21009
18679
18680
18681
21018
21025
18680
18681
21019
18679
18680
21026
18679
18681
21029
21023
21030
21024
18686
18687
18688
21039
21046
18686
18687
21040
18686
18688
18992
21047
18687
18688
18993
21043
21050
21045
18996
21052
18693
18694
18695
18696
18693
18694
18693
18695
18694
18695
18697
18700
18701
18700
18701
18702
18700
18701
18700
18702
19013
18701
18702
19014
19016
18707
18708
18709
18710
18707
18708
18718
18707
18709
18708
18709
18711
18720
18714
18722
18715
18714
18715
18716
18714
18715
18725
18714
18716
18726
19027
18715
18716
19028
18728
19030
18721
18722
18723
18724
18721
18722
18721
18723
18722
18723
18725
18728
18729
18728
18729
18730
18728
18729
18728
18730
19041
18729
18730
19042
19044
18735
18736
18737
18738
18735
18736
18735
18737
18736
18737
18739
18742
18743
18742
18743
18744
18742
18743
18742
18744
19055
18743
18744
19056
19058
18749
18750
18751
18752
18749
18750
18749
18751
18750
18751
18753
18756
18757
18756
18757
18758
18756
18757
18756
18758
19069
18757
18758
19070
19072
18763
18764
18765
18763
18764
18763
18765
18764
18765
18770
18771
18772
18773
18770
18771
18770
18772
18771
18772
18774
18777
18778
18777
18778
18779
18777
18778
18777
18779
19090
18778
18779
19091
19093
18784
18785
18786
18787
18784
18785
18784
18786
18785
18786
18788
18791
18792
18791
18792
18793
18791
18792
18791
18793
19104
18792
18793
19105
19107
18798
18799
18800
18801
18798
18799
18798
18800
18799
18800
18802
18805
18806
18805
18806
18807
18805
18806
18805
18807
19118
18806
18807
19119
19121
18812
18813
18814
18815
18812
18813
18812
18814
18813
18814
18816
18819
18820
18819
18820
18821
18819
18820
18819
18821
19132
18820
18821
19133
19135
18826
18827
18828
18826
18827
18826
18828
18827
18828
18833
18834
18835
18836
18833
18834
18833
18835
18834
18835
18837
18840
18841
18840
18841
18842
18840
18841
18840
18842
19153
18841
18842
19154
19156
18845
18846
18854
18845
18846
18856
18851
18852
18853
18854
18851
18852
18851
18853
18852
18853
18855
18856
18857
18856
18857
18856
18857
19167
19168
18860
18864
18872
18860
18863
18861
18874
18863
18864
18865
18875
18863
18864
18867
18869
18871
18877
18869
18870
18871
18879
18869
18870
18887
18869
18871
18870
18871
18880
18889
18883
18891
18884
18874
18877
18874
18878
19178
18875
18877
18878
18879
18877
18878
18882
19181
18884
18885
19182
18883
18884
18885
18883
18884
18901
18883
18885
18902
19185
18884
18885
19186
18904
19188
18890
18891
18892
18893
18900
18890
18891
18890
18892
18895
18891
18892
18901
18897
18904
18899
18905
18897
18898
18899
18907
18897
18898
18915
18897
18899
18898
18899
18908
18917
18911
18919
18912
18904
18905
18906
18907
18904
18905
18904
18906
19206
18905
18906
18910
19207
18912
18913
19209
18911
18912
18913
18911
18912
18929
18911
18913
18930
19213
18912
18913
19214
18932
19216
18918
18919
18920
18921
18928
18918
18919
18918
18920
18923
20711
20713
20715
18919
18920
18929
20718
20719
20721
18925
18932
18927
18933
20726
20727
20728
18925
18926
18927
18935
18925
18926
18943
18925
18927
21061
21063
21066
18926
18927
18936
18945
21068
21069
21072
18939
18947
18940
21076
21077
21079
18932
18933
18934
18935
18932
18933
21082
21083
21086
18932
18934
19234
18933
18934
18938
19235
21089
21090
21093
18940
21097
21098
21100
18941
19237
18939
18940
18941
18939
18940
18957
21103
21104
21106
18939
18941
18958
19241
18940
18941
19242
21110
21111
21113
18960
21118
21119
21120
19244
18946
18947
18948
18949
18956
18946
18947
18946
18948
18951
20732
20734
20736
18947
18948
18957
20739
20740
20742
18953
18960
18955
18961
20747
20748
20749
18953
18954
18955
18963
18953
18954
21326
18953
18955
21124
21126
21129
18954
18955
18964
21131
21132
21135
21328
18967
21329
18968
21139
21140
21142
18960
18961
18962
18963
18960
18961
21145
21146
21149
18960
18962
19262
18961
18962
18966
19263
21152
21153
21156
18968
21160
21161
21163
18969
19265
18967
18968
18969
18967
18968
21166
21167
21169
21333
18967
18969
19269
21334
18968
18969
19270
21173
21174
21176
21336
21181
21182
21183
19272
18974
18975
18976
21060
21067
18975
18976
21061
18974
18975
18974
18976
21068
21071
21065
21066
21072
18981
18982
18983
21081
21088
18982
18983
21082
18981
18982
21089
18981
18983
21092
21086
21093
21087
18988
18989
18990
21102
21109
18988
18989
18999
21103
18988
18990
19290
21110
18989
18990
19001
19291
21106
21113
19004
21108
19294
21115
18995
18996
18997
21123
21130
18996
18997
21124
18995
18996
18995
18997
21131
21134
21128
21129
21135
19002
19003
19004
21144
21151
19003
19004
21145
19002
19003
21152
19002
19004
21155
21149
21156
21150
19009
19010
19011
21165
21172
19009
19010
21166
19009
19011
19311
21173
19010
19011
19312
21169
21176
21171
19315
21178
19016
19017
19018
19019
19016
19017
19016
19018
19017
19018
19020
19023
19024
19023
19024
19025
19023
19024
19023
19025
19332
19024
19025
19333
19335
19030
19031
19032
19033
19030
19031
19041
19030
19032
19031
19032
19034
19043
19037
19045
19038
19037
19038
19039
19037
19038
19048
19037
19039
19049
19346
19038
19039
19347
19051
19349
19044
19045
19046
19047
19044
19045
19044
19046
19045
19046
19048
19051
19052
19051
19052
19053
19051
19052
19051
19053
19360
19052
19053
19361
19363
19058
19059
19060
19061
19058
19059
19058
19060
19059
19060
19062
19065
19066
19065
19066
19067
19065
19066
19065
19067
19374
19066
19067
19375
19377
19072
19073
19074
19075
19072
19073
19072
19074
19073
19074
19076
19079
19080
19079
19080
19081
19079
19080
19079
19081
19388
19080
19081
19389
19391
19086
19087
19088
19086
19087
19086
19088
19087
19088
19093
19094
19095
19096
19093
19094
19093
19095
19094
19095
19097
19100
19101
19100
19101
19102
19100
19101
19100
19102
19409
19101
19102
19410
19412
19107
19108
19109
19110
19107
19108
19107
19109
19108
19109
19111
19114
19115
19114
19115
19116
19114
19115
19114
19116
19423
19115
19116
19424
19426
19121
19122
19123
19124
19121
19122
19121
19123
19122
19123
19125
19128
19129
19128
19129
19130
19128
19129
19128
19130
19437
19129
19130
19438
19440
19135
19136
19137
19138
19135
19136
19135
19137
19136
19137
19139
19142
19143
19142
19143
19144
19142
19143
19142
19144
19451
19143
19144
19452
19454
19149
19150
19151
19149
19150
19149
19151
19150
19151
19156
19157
19158
19159
19156
19157
19156
19158
19157
19158
19160
19163
19164
19163
19164
19165
19163
19164
19163
19165
19472
19164
19165
19473
19475
19168
19169
19168
19169
19174
19175
19176
19174
19175
19174
19176
19175
19176
19179
19183
19191
19179
19182
19180
19194
19182
19183
19184
19196
19182
19183
19186
19188
19190
19197
19188
19189
19190
19201
19188
19189
19206
19188
19190
19189
19190
19202
19208
19203
19210
19204
19194
19197
19195
19197
19198
19194
19195
19196
19196
19200
19197
19201
19204
19200
19204
19200
19203
19220
19201
19203
19204
19203
19204
19223
19224
19209
19210
19211
19212
19222
19209
19210
19209
19211
19214
19210
19211
19223
19216
19224
19218
19225
19216
19217
19218
19229
19216
19217
19234
19216
19218
19217
19218
19230
19236
19231
19238
19232
19221
19225
19226
19221
19224
19222
19228
19224
19225
19229
19224
19225
19232
19228
19232
19228
19231
19248
19229
19231
19232
19231
19232
19251
19252
19237
19238
19239
19240
19250
19237
19238
19237
19239
19242
20753
20755
20757
19238
19239
19251
20760
20761
20763
19244
19252
19246
19253
20768
20769
20770
19244
19245
19246
19257
19244
19245
19262
19244
19246
21187
21189
21192
19245
19246
19258
19264
21194
21195
21198
19259
19266
19260
21202
21203
21205
19249
19253
19254
21207
21211
21212
19249
19252
19250
19256
19252
19253
19257
19252
19253
21215
21216
21219
19260
21222
21224
21226
19256
19260
21228
21232
21233
19256
19259
19276
19257
19259
19260
19259
19260
19279
21236
21237
21239
19280
21243
21245
21246
19265
19266
19267
19268
19278
19265
19266
19265
19267
19270
20774
20776
20778
19266
19267
19279
20781
20782
20784
19272
19280
19274
19281
20789
20790
20791
19272
19273
19274
19285
19272
19273
21340
19272
19274
21250
21252
21255
19273
19274
19286
21257
21258
21261
21342
19287
21343
19288
21265
21266
21268
19277
19281
19282
21270
21274
21275
19277
19280
19278
19284
19280
19281
19285
19280
19281
21278
21279
21282
19288
21285
21287
21289
19284
19288
21291
21295
21296
19284
19287
21347
19285
19287
19288
19287
19288
21299
21300
21302
21349
21350
21306
21308
21309
19293
19294
19295
21186
21193
19294
19295
21187
19293
19294
19293
19295
21194
21197
21191
21192
21198
19298
19301
21207
19298
19302
19299
21209
19301
19302
21210
21214
19301
19302
21215
21212
21219
21220
19305
19308
21228
19305
19309
19318
19306
21230
19308
19309
21231
21235
19308
19309
19321
21236
21233
21239
19323
21241
19314
19315
19316
21249
21256
19315
19316
21250
19314
19315
19314
19316
21257
21260
21254
21255
21261
19319
19322
21270
19319
19323
19320
21272
19322
19323
21273
21277
19322
19323
21278
21275
21282
21283
19326
19329
21291
19326
19330
19327
21293
19329
19330
21294
21298
19329
19330
21299
21296
21302
21304
19335
19336
19337
19341
19335
19336
19335
19337
19336
19337
19342
19343
19344
19340
19343
19340
19344
19341
19343
19344
19343
19344
19349
19350
19351
19352
19349
19350
19360
19349
19351
19350
19351
19353
19362
19356
19364
19357
19356
19357
19358
19356
19357
19367
19356
19358
19368
19549
19357
19358
19550
19370
19552
19363
19364
19365
19366
19363
19364
19363
19365
19364
19365
19367
19370
19371
19370
19371
19372
19370
19371
19370
19372
19563
19371
19372
19564
19566
19377
19378
19379
19380
19377
19378
19377
19379
19378
19379
19381
19384
19385
19384
19385
19386
19384
19385
19384
19386
19577
19385
19386
19578
19580
19391
19392
19393
19394
19391
19392
19391
19393
19392
19393
19395
19398
19399
19398
19399
19400
19398
19399
19398
19400
19591
19399
19400
19592
19594
19405
19406
19407
19405
19406
19405
19407
19406
19407
19412
19413
19414
19415
19412
19413
19412
19414
19413
19414
19416
19419
19420
19419
19420
19421
19419
19420
19419
19421
19612
19420
19421
19613
19615
19426
19427
19428
19429
19426
19427
19426
19428
19427
19428
19430
19433
19434
19433
19434
19435
19433
19434
19433
19435
19626
19434
19435
19627
19629
19440
19441
19442
19443
19440
19441
19440
19442
19441
19442
19444
19447
19448
19447
19448
19449
19447
19448
19447
19449
19640
19448
19449
19641
19643
19454
19455
19456
19457
19454
19455
19454
19456
19455
19456
19458
19461
19462
19461
19462
19463
19461
19462
19461
19463
19654
19462
19463
19655
19657
19468
19469
19470
19468
19469
19468
19470
19469
19470
19475
19476
19477
19478
19475
19476
19475
19477
19476
19477
19479
19482
19483
19482
19483
19484
19482
19483
19482
19484
19675
19483
19484
19676
19678
19489
19490
19491
19489
19490
19489
19491
19490
19491
19495
19496
19499
19495
19498
21347
19496
19498
21348
19497
19502
19497
19503
19498
19505
21352
19502
19503
19502
19504
19503
19504
19505
19505
19505
19510
19511
19512
19523
19510
19512
21207
19510
19511
20565
21208
19511
19512
19524
20566
21209
19525
20568
19526
19515
19519
19521
19515
19518
19516
19522
19518
19519
19523
19518
19519
19526
19522
19525
20577
19522
19526
19523
19525
19526
19525
19526
20581
20582
19531
19532
19533
19544
19531
19533
21270
19531
19532
20586
21271
19532
19533
19545
20587
21272
19546
20589
19547
19536
19540
19542
19536
19539
20571
19537
19543
19539
19540
19544
19539
19540
20574
20575
19547
19543
19546
20598
19543
19547
19544
19546
19547
19546
19547
20602
20603
19552
19553
19554
19555
19552
19553
19563
19552
19554
19553
19554
19556
19565
19559
19567
19560
19559
19560
19561
19559
19560
19570
19559
19561
19571
19696
19560
19561
19697
19573
19699
19566
19567
19568
19569
19566
19567
19566
19568
19567
19568
19570
19573
19574
19573
19574
19575
19573
19574
19573
19575
19710
19574
19575
19711
19713
19580
19581
19582
19583
19580
19581
19580
19582
19581
19582
19584
19587
19588
19587
19588
19589
19587
19588
19587
19589
19724
19588
19589
19725
19727
19594
19595
19596
19597
19594
19595
19594
19596
19595
19596
19598
19601
19602
19601
19602
19603
19601
19602
19601
19603
19738
19602
19603
19739
19741
19608
19609
19610
19608
19609
19608
19610
19609
19610
19615
19616
19617
19618
19615
19616
19615
19617
19616
19617
19619
19622
19623
19622
19623
19624
19622
19623
19622
19624
19759
19623
19624
19760
19762
19629
19630
19631
19632
19629
19630
19629
19631
19630
19631
19633
19636
19637
19636
19637
19638
19636
19637
19636
19638
19773
19637
19638
19774
19776
19643
19644
19645
19646
19643
19644
19643
19645
19644
19645
19647
19650
19651
19650
19651
19652
19650
19651
19650
19652
19787
19651
19652
19788
19790
19657
19658
19659
19660
19657
19658
19657
19659
19658
19659
19661
19664
19665
19664
19665
19666
19664
19665
19664
19666
19801
19665
19666
19802
19804
19671
19672
19673
19671
19672
19671
19673
19672
19673
19678
19679
19680
19681
19678
19679
19678
19680
19679
19680
19682
19685
19686
19685
19686
19687
19685
19686
19685
19687
19822
19686
19687
19823
19825
19692
19693
19694
19692
19693
19692
19694
19693
19694
19699
19700
19701
19702
19699
19700
19710
19699
19701
19700
19701
19703
19712
19706
19714
19707
19706
19707
19708
19706
19707
19717
19706
19708
19718
19843
19707
19708
19844
19720
19846
19713
19714
19715
19716
19713
19714
19713
19715
19714
19715
19717
19720
19721
19720
19721
19722
19720
19721
19720
19722
19857
19721
19722
19858
19860
19727
19728
19729
19730
19727
19728
19727
19729
19728
19729
19731
19734
19735
19734
19735
19736
19734
19735
19734
19736
19871
19735
19736
19872
19874
19741
19742
19743
19744
19741
19742
19741
19743
19742
19743
19745
19748
19749
19748
19749
19750
19748
19749
19748
19750
19885
19749
19750
19886
19888
19755
19756
19757
19755
19756
19755
19757
19756
19757
19762
19763
19764
19765
19762
19763
19762
19764
19763
19764
19766
19769
19770
19769
19770
19771
19769
19770
19769
19771
19906
19770
19771
19907
19909
19776
19777
19778
19779
19776
19777
19776
19778
19777
19778
19780
19783
19784
19783
19784
19785
19783
19784
19783
19785
19920
19784
19785
19921
19923
19790
19791
19792
19793
19790
19791
19790
19792
19791
19792
19794
19797
19798
19797
19798
19799
19797
19798
19797
19799
19934
19798
19799
19935
19937
19804
19805
19806
19807
19804
19805
19804
19806
19805
19806
19808
19811
19812
19811
19812
19813
19811
19812
19811
19813
19948
19812
19813
19949
19951
19818
19819
19820
19818
19819
19818
19820
19819
19820
19825
19826
19827
19828
19825
19826
19825
19827
19826
19827
19829
19832
19833
19832
19833
19834
19832
19833
19832
19834
19969
19833
19834
19970
19972
19839
19840
19841
19839
19840
19839
19841
19840
19841
19846
19847
19848
19849
19846
19847
19857
19846
19848
19847
19848
19850
19859
19853
19861
19854
19853
19854
19855
19853
19854
19864
19853
19855
19865
19990
19854
19855
19991
19867
19993
19860
19861
19862
19863
19860
19861
19860
19862
19861
19862
19864
19867
19868
19867
19868
19869
19867
19868
19867
19869
20004
19868
19869
20005
20007
19874
19875
19876
19877
19874
19875
19874
19876
19875
19876
19878
19881
19882
19881
19882
19883
19881
19882
19881
19883
20018
19882
19883
20019
20021
19888
19889
19890
19891
19888
19889
19888
19890
19889
19890
19892
19895
19896
19895
19896
19897
19895
19896
19895
19897
20032
19896
19897
20033
20035
19902
19903
19904
19902
19903
19902
19904
19903
19904
19909
19910
19911
19912
19909
19910
19909
19911
19910
19911
19913
19916
19917
19916
19917
19918
19916
19917
19916
19918
20053
19917
19918
20054
20056
19923
19924
19925
19926
19923
19924
19923
19925
19924
19925
19927
19930
19931
19930
19931
19932
19930
19931
19930
19932
20067
19931
19932
20068
20070
19937
19938
19939
19940
19937
19938
19937
19939
19938
19939
19941
19944
19945
19944
19945
19946
19944
19945
19944
19946
20081
19945
19946
20082
20084
19951
19952
19953
19954
19951
19952
19951
19953
19952
19953
19955
19958
19959
19958
19959
19960
19958
19959
19958
19960
20095
19959
19960
20096
20098
19965
19966
19967
19965
19966
19965
19967
19966
19967
19972
19973
19974
19975
19972
19973
19972
19974
19973
19974
19976
19979
19980
19979
19980
19981
19979
19980
19979
19981
20116
19980
19981
20117
20119
19986
19987
19988
19986
19987
19986
19988
19987
19988
19993
19994
19995
19996
19993
19994
20004
19993
19995
19994
19995
19997
20006
20000
20008
20001
20000
20001
20002
20000
20001
20011
20000
20002
20012
20151
20001
20002
20152
20014
20154
20007
20008
20009
20010
20007
20008
20007
20009
20008
20009
20011
20014
20015
20014
20015
20016
20014
20015
20014
20016
20165
20015
20016
20166
20168
20021
20022
20023
20024
20021
20022
20021
20023
20022
20023
20025
20028
20029
20028
20029
20030
20028
20029
20028
20030
20179
20029
20030
20180
20182
20035
20036
20037
20038
20035
20036
20035
20037
20036
20037
20039
20042
20043
20042
20043
20044
20042
20043
20042
20044
20193
20043
20044
20194
20196
20049
20050
20051
20049
20050
20049
20051
20050
20051
20056
20057
20058
20059
20056
20057
20056
20058
20057
20058
20060
20063
20064
20063
20064
20065
20063
20064
20063
20065
20214
20064
20065
20215
20217
20070
20071
20072
20073
20070
20071
20070
20072
20071
20072
20074
20077
20078
20077
20078
20079
20077
20078
20077
20079
20228
20078
20079
20229
20231
20084
20085
20086
20087
20084
20085
20084
20086
20085
20086
20088
20091
20092
20091
20092
20093
20091
20092
20091
20093
20242
20092
20093
20243
20245
20098
20099
20100
20101
20098
20099
20098
20100
20099
20100
20102
20105
20106
20105
20106
20107
20105
20106
20105
20107
20256
20106
20107
20257
20259
20112
20113
20114
20112
20113
20112
20114
20113
20114
20119
20120
20121
20122
20119
20120
20119
20121
20120
20121
20123
20126
20127
20126
20127
20128
20126
20127
20126
20128
20277
20127
20128
20278
20280
20133
20134
20135
20143
20133
20134
20133
20135
20134
20135
20144
20147
20148
20140
20141
20142
20143
20140
20141
20140
20142
20141
20142
20145
20147
20149
20147
20148
20149
20147
20148
20147
20149
20291
20148
20149
20292
20294
20154
20155
20156
20157
20154
20155
20165
20154
20156
20155
20156
20158
20167
20161
20169
20162
20161
20162
20163
20161
20162
20172
20161
20163
20173
20312
20162
20163
20313
20175
20315
20168
20169
20170
20171
20168
20169
20168
20170
20169
20170
20172
20175
20176
20175
20176
20177
20175
20176
20175
20177
20326
20176
20177
20327
20329
20182
20183
20184
20185
20182
20183
20182
20184
20183
20184
20186
20189
20190
20189
20190
20191
20189
20190
20189
20191
20340
20190
20191
20341
20343
20196
20197
20198
20199
20196
20197
20196
20198
20197
20198
20200
20203
20204
20203
20204
20205
20203
20204
20203
20205
20354
20204
20205
20355
20357
20210
20211
20212
20210
20211
20210
20212
20211
20212
20217
20218
20219
20220
20217
20218
20217
20219
20218
20219
20221
20224
20225
20224
20225
20226
20224
20225
20224
20226
20375
20225
20226
20376
20378
20231
20232
20233
20234
20231
20232
20231
20233
20232
20233
20235
20238
20239
20238
20239
20240
20238
20239
20238
20240
20389
20239
20240
20390
20392
20245
20246
20247
20248
20245
20246
20245
20247
20246
20247
20249
20252
20253
20252
20253
20254
20252
20253
20252
20254
20403
20253
20254
20404
20406
20259
20260
20261
20262
20259
20260
20259
20261
20260
20261
20263
20266
20267
20266
20267
20268
20266
20267
20266
20268
20417
20267
20268
20418
20420
20273
20274
20275
20273
20274
20273
20275
20274
20275
20280
20281
20282
20283
20280
20281
20280
20282
20281
20282
20284
20287
20288
20287
20288
20289
20287
20288
20287
20289
20438
20288
20289
20439
20441
20294
20295
20296
20304
20294
20295
20294
20296
20295
20296
20305
20308
20309
20301
20302
20303
20304
20301
20302
20301
20303
20302
20303
20306
20308
20310
20308
20309
20310
20308
20309
20308
20310
20445
20309
20310
20446
20448
20315
20316
20317
20318
20315
20316
20326
20315
20317
20316
20317
20319
20328
20322
20330
20323
20322
20323
20324
20322
20323
20333
20322
20324
20334
20466
20323
20324
20467
20336
20469
20329
20330
20331
20332
20329
20330
20329
20331
20330
20331
20333
20336
20337
20336
20337
20338
20336
20337
20336
20338
20473
20337
20338
20474
20476
20343
20344
20345
20346
20343
20344
20343
20345
20344
20345
20347
20350
20351
20350
20351
20352
20350
20351
20350
20352
20480
20351
20352
20481
20483
20357
20358
20359
20360
20357
20358
20357
20359
20358
20359
20361
20364
20365
20364
20365
20366
20364
20365
20364
20366
20494
20365
20366
20495
20497
20371
20372
20373
20371
20372
20371
20373
20372
20373
20378
20379
20380
20381
20378
20379
20378
20380
20379
20380
20382
20385
20386
20385
20386
20387
20385
20386
20385
20387
20501
20386
20387
20502
20504
20392
20393
20394
20395
20392
20393
20392
20394
20393
20394
20396
20399
20400
20399
20400
20401
20399
20400
20399
20401
20515
20400
20401
20516
20518
20406
20407
20408
20409
20406
20407
20406
20408
20407
20408
20410
20413
20414
20413
20414
20415
20413
20414
20413
20415
20529
20414
20415
20530
20532
20420
20421
20422
20423
20420
20421
20420
20422
20421
20422
20424
20427
20428
20427
20428
20429
20427
20428
20427
20429
20536
20428
20429
20537
20539
20434
20435
20436
20434
20435
20434
20436
20435
20436
20441
20442
20443
20441
20442
20441
20443
20442
20443
20448
20449
20450
20458
20448
20449
20448
20450
20449
20450
20459
20462
20463
20455
20456
20457
20458
20455
20456
20455
20457
20456
20457
20460
20462
20464
20462
20463
20464
20462
20463
20462
20464
20543
20463
20464
20544
20546
20469
20470
20471
20469
20470
20473
20469
20471
20470
20471
20475
20477
20476
20477
20478
20476
20477
20476
20478
20477
20478
20483
20484
20485
20486
20483
20484
20483
20485
20484
20485
20487
20490
20491
20490
20491
20492
20490
20491
20490
20492
20550
20491
20492
20551
20553
20497
20498
20499
20497
20498
20497
20499
20498
20499
20504
20505
20506
20507
20504
20505
20504
20506
20505
20506
20508
20511
20512
20511
20512
20513
20511
20512
20511
20513
20512
20513
20518
20519
20520
20521
20518
20519
20518
20520
20519
20520
20522
20525
20526
20525
20526
20527
20525
20526
20525
20527
20526
20527
20532
20533
20534
20532
20533
20532
20534
20533
20534
20539
20540
20541
20539
20540
20539
20541
20540
20541
20546
20547
20548
20546
20547
20546
20548
20547
20548
20553
20554
20555
20553
20554
20553
20555
20554
20555
20558
20561
20558
20562
20559
20561
20562
20561
20562
20567
20568
20569
20580
20567
20569
21228
20567
20568
21229
20568
20569
20581
21230
20582
20583
20572
20576
20578
20572
20575
20573
20579
20575
20576
20580
20575
20576
20583
20579
20582
20579
20583
20580
20582
20583
20582
20583
20588
20589
20590
20601
20588
20590
21291
20588
20589
21292
20589
20590
20602
21293
20603
20604
20593
20597
20599
20593
20596
20594
20600
20596
20597
20601
20596
20597
20604
20600
20603
20600
20604
20601
20603
20604
20603
20604
20609
20610
20611
20609
20611
20609
20610
20796
20610
20611
20797
20798
20616
20617
20618
20616
20618
20616
20617
20803
20617
20618
20804
20805
20623
20624
20625
20633
20623
20625
20623
20624
20635
20810
20624
20625
20811
20637
20638
20812
20630
20631
20632
20633
20630
20631
20630
20632
20636
20831
20631
20632
20832
20637
20639
20833
20637
20638
20639
20638
20639
20823
20844
20637
20638
20824
20637
20639
20845
20826
20847
20644
20645
20646
20654
20644
20646
20644
20645
20656
20873
20645
20646
20874
20658
20659
20875
20651
20652
20653
20654
20651
20652
20816
20651
20653
20657
20894
20652
20653
20818
20895
20658
20819
20660
20896
20658
20659
20660
20659
20660
20886
20907
20658
20659
20887
20658
20660
20908
20889
20910
20665
20666
20667
20665
20666
20665
20667
20666
20667
20672
20673
20674
20682
20672
20673
20837
20672
20674
20839
20936
20673
20674
20684
20937
20840
20686
20687
20938
20679
20680
20681
20682
20679
20680
20679
20681
20685
20957
20680
20681
20958
20686
20688
20959
20686
20687
20688
20687
20688
20949
20970
20686
20687
20950
20686
20688
20971
20952
20973
20693
20694
20695
20703
20693
20694
20900
20693
20695
20902
20999
20694
20695
20705
21000
20903
20707
20708
21001
20700
20701
20702
20703
20700
20701
20942
20700
20702
20706
21020
20701
20702
20944
21021
20707
20945
20709
21022
20707
20708
20709
20708
20709
21012
21033
20707
20708
21013
20707
20709
21034
21015
21036
20714
20715
20716
20724
20714
20715
20963
20714
20716
20965
21062
20715
20716
20726
21063
20966
20728
20729
21064
20721
20722
20723
20724
20721
20722
20721
20723
20727
21083
20722
20723
21084
20728
20730
21085
20728
20729
20730
20729
20730
21075
21096
20728
20729
21076
20728
20730
21097
21078
21099
20735
20736
20737
20745
20735
20736
21026
20735
20737
21028
21125
20736
20737
20747
21126
21029
20749
20750
21127
20742
20743
20744
20745
20742
20743
21068
20742
20744
20748
21146
20743
20744
21070
21147
20749
21071
20751
21148
20749
20750
20751
20750
20751
21138
21159
20749
20750
21139
20749
20751
21160
21141
21162
20756
20757
20758
20766
20756
20757
21089
20756
20758
21091
21188
20757
20758
20768
21189
21092
20770
20771
21190
20763
20764
20765
20766
20763
20764
20763
20765
20769
21216
20764
20765
21217
20770
20772
21218
20770
20771
20772
20771
20772
21201
21223
20770
20771
21202
20770
20772
21224
21204
21225
20777
20778
20779
20787
20777
20778
21152
20777
20779
21154
21251
20778
20779
20789
21252
21155
20791
20792
21253
20784
20785
20786
20787
20784
20785
21194
20784
20786
20790
21279
20785
20786
21196
21280
20791
21197
20793
21281
20791
20792
20793
20792
20793
21264
21286
20791
20792
21265
20791
20793
21287
21267
21288
20798
20799
20800
20799
20800
20798
20799
20798
20800
20805
20806
20807
20806
20807
20805
20806
20805
20807
20812
20813
20814
20822
20813
20814
20812
20813
20824
20812
20814
20826
20827
20819
20820
20821
20822
20819
20820
20820
20821
20825
20852
20819
20821
20853
20827
20828
20855
20826
20827
20828
20826
20828
20865
20826
20827
20827
20828
20866
20869
20833
20834
20835
20843
20834
20835
20833
20834
20845
20833
20835
20847
20848
20840
20841
20842
20843
20840
20841
20841
20842
20846
20859
20840
20842
20860
20848
20849
20862
20847
20848
20849
20847
20849
20865
20847
20848
20848
20849
20867
20870
20854
20855
20856
20864
20854
20856
20893
20854
20855
20866
20855
20856
20895
20868
20869
20898
20861
20862
20863
20864
20861
20863
20935
20861
20862
20867
20862
20863
20936
20868
20870
20939
20868
20869
20870
20869
20870
20868
20869
20868
20870
20875
20876
20877
20885
20876
20877
20875
20876
20887
20875
20877
20889
20890
20882
20883
20884
20885
20882
20883
20883
20884
20888
20915
20882
20884
20916
20890
20891
20918
20889
20890
20891
20889
20891
20928
20889
20890
20890
20891
20929
20932
20896
20897
20898
20906
20897
20898
20896
20897
20908
20896
20898
20910
20911
20903
20904
20905
20906
20903
20904
20904
20905
20909
20922
20903
20905
20923
20911
20912
20925
20910
20911
20912
20910
20912
20928
20910
20911
20911
20912
20930
20933
20917
20918
20919
20927
20917
20919
20917
20918
20929
20918
20919
20931
20932
20924
20925
20926
20927
20924
20926
20998
20924
20925
20930
20925
20926
20999
20931
20933
21002
20931
20932
20933
20932
20933
20931
20932
20931
20933
20938
20939
20940
20948
20939
20940
20938
20939
20938
20940
20950
20952
20953
20945
20946
20947
20948
20945
20946
20946
20947
20951
20978
20945
20947
20979
20953
20954
20981
20952
20953
20954
20952
20954
20991
20952
20953
20953
20954
20992
20995
20959
20960
20961
20969
20960
20961
20959
20960
20971
20959
20961
20973
20974
20966
20967
20968
20969
20966
20967
20967
20968
20972
20985
20966
20968
20986
20974
20975
20988
20973
20974
20975
20973
20975
20991
20973
20974
20974
20975
20993
20996
20980
20981
20982
20990
20980
20982
21019
20980
20981
20992
20981
20982
21021
20994
20995
21024
20987
20988
20989
20990
20987
20989
21061
20987
20988
20993
20988
20989
21062
20994
20996
21065
20994
20995
20996
20995
20996
20994
20995
20994
20996
21001
21002
21003
21011
21002
21003
21001
21002
21001
21003
21013
21015
21016
21008
21009
21010
21011
21008
21009
21009
21010
21014
21041
21008
21010
21042
21016
21017
21044
21015
21016
21017
21015
21017
21054
21015
21016
21016
21017
21055
21058
21022
21023
21024
21032
21023
21024
21022
21023
21034
21022
21024
21036
21037
21029
21030
21031
21032
21029
21030
21030
21031
21035
21048
21029
21031
21049
21037
21038
21051
21036
21037
21038
21036
21038
21054
21036
21037
21037
21038
21056
21059
21043
21044
21045
21053
21043
21045
21043
21044
21055
21044
21045
21057
21058
21050
21051
21052
21053
21050
21052
21124
21050
21051
21056
21051
21052
21125
21057
21059
21128
21057
21058
21059
21058
21059
21057
21058
21057
21059
21064
21065
21066
21074
21065
21066
21064
21065
21064
21066
21076
21078
21079
21071
21072
21073
21074
21071
21072
21072
21073
21077
21104
21071
21073
21105
21079
21080
21107
21078
21079
21080
21078
21080
21117
21078
21079
21079
21080
21118
21121
21085
21086
21087
21095
21086
21087
21085
21086
21097
21085
21087
21099
21100
21092
21093
21094
21095
21092
21093
21093
21094
21098
21111
21092
21094
21112
21100
21101
21114
21099
21100
21101
21099
21101
21117
21099
21100
21100
21101
21119
21122
21106
21107
21108
21116
21106
21108
21145
21106
21107
21118
21107
21108
21147
21120
21121
21150
21113
21114
21115
21116
21113
21115
21187
21113
21114
21119
21114
21115
21188
21120
21122
21191
21120
21121
21122
21121
21122
21120
21121
21120
21122
21127
21128
21129
21137
21128
21129
21127
21128
21127
21129
21139
21141
21142
21134
21135
21136
21137
21134
21135
21135
21136
21140
21167
21134
21136
21168
21142
21143
21170
21141
21142
21143
21141
21143
21180
21141
21142
21142
21143
21181
21184
21148
21149
21150
21158
21149
21150
21148
21149
21160
21148
21150
21162
21163
21155
21156
21157
21158
21155
21156
21156
21157
21161
21174
21155
21157
21175
21163
21164
21177
21162
21163
21164
21162
21164
21180
21162
21163
21163
21164
21182
21185
21169
21170
21171
21179
21169
21171
21169
21170
21181
21170
21171
21183
21184
21176
21177
21178
21179
21176
21178
21250
21176
21177
21182
21177
21178
21251
21183
21185
21254
21183
21184
21185
21184
21185
21183
21184
21183
21185
21190
21191
21192
21200
21191
21192
21190
21191
21190
21192
21202
21204
21205
21197
21198
21199
21200
21197
21198
21198
21199
21203
21237
21197
21199
21238
21205
21206
21240
21204
21205
21206
21204
21206
21244
21204
21205
21205
21206
21245
21247
21209
21212
21209
21213
21229
21210
21212
21213
21221
21212
21213
21222
21232
21226
21227
21234
21218
21219
21220
21221
21219
21220
21218
21219
21224
21218
21220
21225
21226
21225
21226
21227
21226
21227
21243
21225
21227
21244
21225
21226
21248
21230
21233
21230
21234
21231
21233
21234
21242
21233
21234
21243
21246
21248
21239
21240
21241
21242
21239
21241
21278
21239
21240
21245
21240
21241
21280
21246
21247
21283
21246
21247
21248
21246
21248
21247
21248
21246
21247
21253
21254
21255
21263
21254
21255
21253
21254
21253
21255
21265
21267
21268
21260
21261
21262
21263
21260
21261
21261
21262
21266
21300
21260
21262
21301
21268
21269
21303
21267
21268
21269
21267
21269
21307
21267
21268
21268
21269
21308
21310
21272
21275
21272
21276
21292
21273
21275
21276
21284
21275
21276
21285
21295
21289
21290
21297
21281
21282
21283
21284
21282
21283
21281
21282
21287
21281
21283
21288
21289
21288
21289
21290
21289
21290
21306
21288
21290
21307
21288
21289
21311
21293
21296
21293
21297
21294
21296
21297
21305
21296
21297
21306
21309
21311
21302
21303
21304
21305
21302
21304
21302
21303
21308
21303
21304
21309
21310
21309
21310
21311
21309
21311
21310
21311
21309
21310
21315
21316
21315
21317
21316
21317
21319
21318
21318
21322
21318
21323
21324
21322
21323
21322
21325
21326
21323
21325
21327
21324
21324
21325
21332
21329
21332
21330
21332
21329
21330
21333
21331
21336
21331
21337
21332
21338
21336
21337
21336
21339
21340
21337
21339
21341
21338
21338
21339
21346
21343
21346
21344
21346
21343
21344
21349
21345
21350
21345
21351
21346
21353
21350
21352
21351
21352
21350
21351
21353
21353
21353
21356
21358
21356
21359
21360
21358
21359
21360
21410
21360
21411
21412
21363
21365
21363
21366
21367
21369
21365
21366
21367
21371
21417
21367
21418
21373
21419
21370
21372
21370
21373
21374
21376
21372
21373
21374
21378
21424
21374
21425
21380
21426
21377
21379
21377
21380
21381
21383
21379
21380
21381
21385
21431
21381
21432
21387
21433
21384
21386
21384
21387
21388
21390
21386
21387
21388
21392
21438
21388
21439
21394
21440
21391
21393
21391
21394
21395
21397
21393
21394
21395
21399
21445
21395
21446
21401
21447
21398
21400
21398
21401
21402
21400
21401
21402
21452
21402
21453
21454
21405
21407
21405
21408
21409
21407
21408
21409
21459
21409
21460
21461
21412
21414
21412
21415
21416
21414
21415
21416
21466
21416
21467
21468
21419
21421
21419
21422
21423
21425
21421
21422
21423
21427
21473
21423
21474
21429
21475
21426
21428
21426
21429
21430
21432
21428
21429
21430
21434
21480
21430
21481
21436
21482
21433
21435
21433
21436
21437
21439
21435
21436
21437
21441
21487
21437
21488
21443
21489
21440
21442
21440
21443
21444
21446
21442
21443
21444
21448
21494
21444
21495
21450
21496
21447
21449
21447
21450
21451
21453
21449
21450
21451
21455
21501
21451
21502
21457
21503
21454
21456
21454
21457
21458
21456
21457
21458
21508
21458
21509
21510
21461
21463
21461
21464
21465
21463
21464
21465
21515
21465
21516
21517
21468
21470
21468
21471
21472
21470
21471
21472
21522
21472
21523
21524
21475
21477
21475
21478
21479
21481
21477
21478
21479
21483
21529
21479
21530
21485
21531
21482
21484
21482
21485
21486
21488
21484
21485
21486
21490
21536
21486
21537
21492
21538
21489
21491
21489
21492
21493
21495
21491
21492
21493
21497
21543
21493
21544
21499
21545
21496
21498
21496
21499
21500
21502
21498
21499
21500
21504
21550
21500
21551
21506
21552
21503
21505
21503
21506
21507
21509
21505
21506
21507
21511
21557
21507
21558
21513
21559
21510
21512
21510
21513
21514
21512
21513
21514
21564
21514
21565
21566
21517
21519
21517
21520
21521
21519
21520
21521
21571
21521
21572
21573
21524
21526
21524
21527
21528
21526
21527
21528
21578
21528
21579
21580
21531
21533
21531
21534
21535
21537
21533
21534
21535
21539
21535
21541
21538
21540
21538
21541
21542
21544
21540
21541
21542
21546
21542
21548
21545
21547
21545
21548
21549
21551
21547
21548
21549
21553
21549
21555
21552
21554
21552
21555
21556
21558
21554
21555
21556
21560
21556
21562
21559
21561
21559
21562
21563
21565
21561
21562
21563
21567
21563
21569
21566
21568
21566
21569
21570
21568
21569
21570
21570
21573
21575
21573
21576
21577
21575
21576
21577
21577
21580
21582
21580
21583
21584
21582
21583
21584
21618
21584
21619
21620
21586
21588
21589
21591
21588
21589
21593
21625
21595
21626
21592
21594
21592
21595
21596
21598
21594
21595
21596
21600
21596
21602
21599
21601
21599
21602
21603
21605
21601
21602
21603
21607
21603
21609
21606
21608
21606
21609
21610
21608
21609
21610
21610
21613
21615
21613
21616
21617
21615
21616
21617
21617
21620
21622
21620
21623
21624
21622
21623
21624
21630
21624
21631
21632
21626
21628
21629
21628
21629
21637
21639
21632
21634
21632
21635
21636
21634
21635
21636
21644
21636
21645
21646
21639
21641
21639
21642
21643
21641
21642
21643
21651
21643
21652
21653
21646
21648
21646
21649
21650
21648
21649
21650
21658
21650
21659
21660
21653
21655
21653
21656
21657
21655
21656
21657
21665
21657
21666
21667
21660
21662
21660
21663
21664
21662
21663
21664
21664
21667
21669
21667
21670
21671
21669
21670
21671
21671
21673
21723
21897
22000
22002
21723
21898
22001
22002
21675
21726
21902
21903
22004
22005
21727
21904
22004
22006
21677
21724
21928
21929
22008
22010
21725
21930
22009
22010
21679
21730
21931
21932
22012
22013
21731
21933
22012
22014
21681
21728
21964
21965
22016
22018
21729
21966
22017
22018
21683
21734
21967
21968
22020
22021
21735
21969
22020
22022
21685
21736
21737
22028
22030
21738
22029
22030
21687
21690
21739
21740
22032
22033
21691
21741
22032
22034
21689
21692
21825
21826
22036
22038
21693
21827
22037
22038
21691
21828
21829
22040
22041
21830
22040
22042
21693
21754
21755
22044
22045
21756
22044
22046
21695
21698
21757
21758
22048
22049
21699
21759
22048
22050
21697
21700
21843
21844
22052
22054
21701
21845
22053
22054
21699
21846
21847
22056
22057
21848
22056
22058
21701
21772
21773
22060
22061
21774
22060
22062
21703
21706
21775
21776
22064
22065
21707
21777
22064
22066
21705
21708
21861
21862
22068
22070
21709
21863
22069
22070
21707
21864
21865
22072
22073
21866
22072
22074
21709
21790
21791
22076
22077
21792
22076
22078
21711
21714
21793
21794
22080
22081
21715
21795
22080
22082
21713
21716
21879
21880
22084
22086
21717
21881
22085
22086
21715
21882
21883
22088
22089
21884
22088
22090
21717
21808
21809
22092
22093
21810
22092
22094
21719
21721
21811
21812
22096
22097
21722
21813
22096
22098
21723
21897
21898
22100
22101
22102
21722
21899
21900
22104
22105
21901
22104
22106
22108
21725
21910
21911
22109
22111
21912
22110
22111
21727
21913
21914
22113
22114
21915
22113
22115
21729
21946
21947
22117
22119
21948
22118
22119
21731
21949
21950
22121
22122
21951
22121
22123
21733
21982
21983
22125
22127
30786
21984
22126
22127
30787
21735
21985
21986
22129
22130
21987
22129
22131
21737
22556
22559
22560
21738
22557
22561
22558
22562
21740
21828
22567
22570
22571
21741
21829
22568
22572
21830
22569
22573
21743
21831
22205
22206
22578
22583
21744
21832
22207
22578
22584
21745
21833
22208
22579
22585
21746
21834
22209
22580
22586
21747
21835
22210
22581
22587
21836
22211
22582
22588
21749
22232
22233
22594
22599
21750
22234
22594
22600
21751
22235
22595
22601
21752
22236
22596
22602
21753
22237
22597
22603
22238
22598
22604
21755
21825
22610
22613
22614
21756
21826
22611
22615
21827
22612
22616
21758
21846
22621
22624
22625
21759
21847
22622
22626
21848
22623
22627
21761
21849
22273
22274
22632
22637
21762
21850
22275
22632
22638
21763
21851
22276
22633
22639
21764
21852
22277
22634
22640
21765
21853
22278
22635
22641
21854
22279
22636
22642
21767
21837
22290
22291
22648
22653
21768
21838
22292
22648
22654
21769
21839
22293
22649
22655
21770
21840
22294
22650
22656
21771
21841
22295
22651
22657
21842
22296
22652
22658
21773
21843
22664
22667
22668
21774
21844
22665
22669
21845
22666
22670
21776
21864
22675
22678
22679
21777
21865
22676
22680
21866
22677
22681
21779
21867
22341
22342
22686
22691
21780
21868
22343
22686
22692
21781
21869
22344
22687
22693
21782
21870
22345
22688
22694
21783
21871
22346
22689
22695
21872
22347
22690
22696
21785
21855
22358
22359
22702
22707
21786
21856
22360
22702
22708
21787
21857
22361
22703
22709
21788
21858
22362
22704
22710
21789
21859
22363
22705
22711
21860
22364
22706
22712
21791
21861
22718
22721
22722
21792
21862
22719
22723
21863
22720
22724
21794
21882
22729
22732
22733
21795
21883
22730
22734
21884
22731
22735
21797
21885
22409
22410
22740
22745
21798
21886
22411
22740
22746
21799
21887
22412
22741
22747
21800
21888
22413
22742
22748
21801
21889
22414
22743
22749
21890
22415
22744
22750
21803
21873
22426
22427
22756
22761
21804
21874
22428
22756
22762
21805
21875
22429
22757
22763
21806
21876
22430
22758
22764
21807
21877
22431
22759
22765
21878
22432
22760
22766
21809
21879
22772
22775
22776
21810
21880
22773
22777
21881
22774
22778
21812
21899
22783
22786
22787
21813
21900
22784
22788
21901
22785
22789
21815
21905
22476
22477
22794
22799
22800
21816
21906
22478
22795
22801
21817
21907
22479
22796
22802
21818
21908
22480
22797
22803
21909
22481
22798
22804
21820
21891
22491
22492
22810
22815
21821
21892
22493
22810
22816
21822
21893
22494
22811
22817
21823
21894
22495
22812
22818
21824
21895
22496
22813
22819
21896
22497
22814
22820
21826
22826
22829
22830
21827
22827
22831
22828
22832
21829
22837
22840
22841
21830
22838
22842
22839
22843
21832
22239
22240
22848
22853
21833
22241
22848
22854
21834
22242
22849
22855
21835
22243
22850
22856
21836
22244
22851
22857
22245
22852
22858
21838
22266
22267
22864
22869
21839
22268
22864
22870
21840
22269
22865
22871
21841
22270
22866
22872
21842
22271
22867
22873
22272
22868
22874
21844
22880
22883
22884
21845
22881
22885
22882
22886
21847
22891
22894
22895
21848
22892
22896
22893
22897
21850
22307
22308
22902
22907
21851
22309
22902
22908
21852
22310
22903
22909
21853
22311
22904
22910
21854
22312
22905
22911
22313
22906
22912
21856
22334
22335
22918
22923
21857
22336
22918
22924
21858
22337
22919
22925
21859
22338
22920
22926
21860
22339
22921
22927
22340
22922
22928
21862
22934
22937
22938
21863
22935
22939
22936
22940
21865
22945
22948
22949
21866
22946
22950
22947
22951
21868
22375
22376
22956
22961
21869
22377
22956
22962
21870
22378
22957
22963
21871
22379
22958
22964
21872
22380
22959
22965
22381
22960
22966
21874
22402
22403
22972
22977
21875
22404
22972
22978
21876
22405
22973
22979
21877
22406
22974
22980
21878
22407
22975
22981
22408
22976
22982
21880
22988
22991
22992
21881
22989
22993
22990
22994
21883
22999
23002
23003
21884
23000
23004
23001
23005
21886
22443
22444
23010
23015
21887
22445
23010
23016
21888
22446
23011
23017
21889
22447
23012
23018
21890
22448
23013
23019
22449
23014
23020
21892
22469
22470
23026
23031
21893
22471
23026
23032
21894
22472
23027
23033
21895
22473
23028
23034
21896
22474
23029
23035
22475
23030
23036
21898
23042
23044
23045
23043
23046
21900
23050
23053
23054
21901
23051
23055
23052
23056
21903
21913
23060
23063
23064
21904
21914
23061
23065
21915
23062
23066
21906
21916
21917
23071
23075
21907
21918
23071
23076
21908
21919
23072
23077
21909
21920
23073
23078
21921
23074
23079
21911
21928
23084
23087
23088
21912
21929
23085
23089
21930
23086
23090
21914
23095
23098
23099
21915
23096
23100
23097
23101
21917
22476
23106
23111
21918
22477
23106
23112
21919
22478
23107
23113
21920
22479
23108
23114
21921
22480
23109
23115
22481
23110
23116
21923
21940
22498
22499
23122
23127
21924
21941
22500
23122
23128
21925
21942
22501
23123
23129
21926
21943
22502
23124
23130
21927
21944
22503
23125
23131
21945
22504
23126
23132
21929
23138
23141
23142
21930
23139
23143
23140
23144
21932
21949
23149
23152
23153
21933
21950
23150
23154
21951
23151
23155
21935
21952
22137
22138
23160
23165
21936
21953
22139
23160
23166
21937
21954
22140
23161
23167
21938
21955
22141
23162
23168
21939
21956
22142
23163
23169
21957
22143
23164
23170
21941
22164
22165
23176
23181
21942
22166
23176
23182
21943
22167
23177
23183
21944
22168
23178
23184
21945
22169
23179
23185
22170
23180
23186
21947
21964
23192
23195
23196
21948
21965
23193
23197
21966
23194
23198
21950
23203
23206
23207
21951
23204
23208
23205
23209
21953
22505
22506
23214
23219
21954
22507
23214
23220
21955
22508
23215
23221
21956
22509
23216
23222
21957
22510
23217
23223
22511
23218
23224
21959
21976
22532
22533
23230
23235
21960
21977
22534
23230
23236
21961
21978
22535
23231
23237
21962
21979
22536
23232
23238
21963
21980
22537
23233
23239
21981
22538
23234
23240
21965
23246
23249
23250
21966
23247
23251
23248
23252
21968
21985
23257
23260
23261
21969
21986
23258
23262
21987
23259
23263
21971
21988
22171
22172
23268
23273
21972
21989
22173
23268
23274
21973
21990
22174
23269
23275
21974
21991
22175
23270
23276
21975
21992
22176
23271
23277
21993
22177
23272
23278
21977
22198
22199
23284
23289
21978
22200
23284
23290
21979
22201
23285
23291
21980
22202
23286
23292
21981
22203
23287
23293
22204
23288
23294
21983
23300
23303
23304
30801
21984
23301
23305
30802
23302
23306
30803
21986
23311
23314
23315
21987
23312
23316
23313
23317
21989
22539
22540
23322
23327
21990
22541
23322
23328
21991
22542
23323
23329
21992
22543
23324
23330
21993
22544
23325
23331
22545
23326
23332
21995
23338
23343
30813
30924
30925
21996
23338
23344
30814
30926
21997
23339
23345
30815
30927
21998
23340
23346
30816
30928
21999
23341
23347
30817
30929
23342
23348
30818
30930
22001
22003
22005
23044
23045
22003
22006
23046
22003
22108
22007
22007
22113
22006
22007
23060
23061
22007
23062
22009
22011
22013
23138
23139
22011
22014
23140
22011
22111
22015
22015
22121
22014
22015
23149
23150
22015
23151
22017
22019
22021
23246
23247
22019
22022
23248
22019
22119
22023
22023
22129
22022
22023
23257
23258
22023
23259
22025
30863
30864
30865
30866
30867
30868
22027
30869
30870
30871
30872
30873
30874
22029
22031
22033
22556
22557
22031
22034
22558
22031
22035
22035
22040
22034
22035
22567
22568
22035
22569
22037
22039
22041
22826
22827
22039
22042
22828
22039
22044
22043
22043
22042
22043
22837
22838
22043
22839
22047
22046
22047
22049
22610
22611
22047
22050
22612
22051
22051
22056
22050
22051
22621
22622
22051
22623
22053
22055
22057
22880
22881
22055
22058
22882
22055
22060
22059
22059
22058
22059
22891
22892
22059
22893
22063
22062
22063
22065
22664
22665
22063
22066
22666
22067
22067
22072
22066
22067
22675
22676
22067
22677
22069
22071
22073
22934
22935
22071
22074
22936
22071
22076
22075
22075
22074
22075
22945
22946
22075
22947
22079
22078
22079
22081
22718
22719
22079
22082
22720
22083
22083
22088
22082
22083
22729
22730
22083
22731
22085
22087
22089
22988
22989
22087
22090
22990
22087
22092
22091
22091
22090
22091
22999
23000
22091
23001
22095
22094
22095
22097
22772
22773
22095
22098
22774
22099
22099
22104
22098
22099
22783
22784
22099
22785
22101
22103
22105
23042
22103
22106
23043
22103
22107
22107
22106
22107
23050
23051
22107
23052
22110
22112
22114
23084
23085
22112
22115
23086
22112
22116
22116
22115
22116
23095
23096
22116
23097
22118
22120
22122
23192
23193
22120
22123
23194
22120
22124
22124
22123
22124
23203
23204
22124
23205
22126
22128
22130
23300
23301
22128
22131
23302
22128
30865
22132
22132
22131
22132
23311
23312
22132
23313
22134
30875
30876
30877
30878
30879
30880
22136
30881
30882
30883
30884
30885
30886
22138
22505
24638
24645
24646
22139
22506
24639
24647
22140
22507
24640
24648
22141
22508
24641
24649
22142
22509
24642
24650
22143
22510
24643
24651
22511
24644
24652
22145
22482
24458
24661
24671
22146
22482
24459
24662
24671
22147
22483
24460
24663
24672
22148
22484
24461
24664
24673
22149
22485
24462
24665
24674
22150
22486
24463
24666
24675
22151
22487
24464
24667
24676
22152
22488
24465
24668
24677
22153
22489
24466
24669
24678
22490
24467
24670
24679
22155
22522
24478
24689
24698
22156
22523
24479
24689
24699
22157
22524
24480
24690
24700
22158
22525
24481
24691
24701
22159
22526
24482
24692
24702
22160
22527
24483
24693
24703
22161
22528
24484
24694
24704
22162
22529
24485
24695
24705
22163
22530
24486
24696
24706
22531
24487
24697
24707
22165
22498
24717
24724
24725
22166
22499
24718
24726
22167
22500
24719
24727
22168
22501
24720
24728
22169
22502
24721
24729
22170
22503
24722
24730
22504
24723
24731
22172
22539
24740
24747
24748
22173
22540
24741
24749
22174
22541
24742
24750
22175
22542
24743
24751
22176
22543
24744
24752
22177
22544
24745
24753
22545
24746
24754
22179
22512
24558
24763
24773
22180
22513
24559
24764
24773
22181
22514
24560
24765
24774
22182
22515
24561
24766
24775
22183
22516
24562
24767
24776
22184
22517
24563
24768
24777
22185
22518
24564
24769
24778
22186
22519
24565
24770
24779
22187
22520
24566
24771
24780
22521
24567
24772
24781
22189
22546
24568
24791
24800
22190
22547
24569
24791
24801
22191
22548
24570
24792
24802
22192
22549
24571
24793
24803
22193
22550
24572
24794
24804
22194
22551
24573
24795
24805
22195
22552
24574
24796
24806
22196
22553
24575
24797
24807
22197
22554
24576
24798
24808
22555
24577
24799
24809
22199
22532
24819
24826
24827
22200
22533
24820
24828
22201
22534
24821
24829
22202
22535
24822
24830
22203
22536
24823
24831
22204
22537
24824
24832
22538
24825
24833
22206
22239
24902
24909
24910
22207
22240
24903
24911
22208
22241
24904
24912
22209
22242
24905
24913
22210
22243
24906
24914
22211
22244
24907
24915
22245
24908
24916
22213
23418
24925
24935
22214
23419
24926
24935
22215
23420
24927
24936
22216
23421
24928
24937
22217
23422
24929
24938
22218
23423
24930
24939
22219
23424
24931
24940
22220
23425
24932
24941
22221
23426
24933
24942
23427
24934
24943
22223
22256
23428
24953
24962
22224
22257
23429
24953
24963
22225
22258
23430
24954
24964
22226
22259
23431
24955
24965
22227
22260
23432
24956
24966
22228
22261
23433
24957
24967
22229
22262
23434
24958
24968
22230
22263
23435
24959
24969
22231
22264
23436
24960
24970
22265
23437
24961
24971
22233
24981
24988
24989
22234
24982
24990
22235
24983
24991
22236
24984
24992
22237
24985
24993
22238
24986
24994
24987
24995
22240
25004
25011
25012
22241
25005
25013
22242
25006
25014
22243
25007
25015
22244
25008
25016
22245
25009
25017
25010
25018
22247
22280
23778
25027
25037
22248
22281
23779
25028
25037
22249
22282
23780
25029
25038
22250
22283
23781
25030
25039
22251
22284
23782
25031
25040
22252
22285
23783
25032
25041
22253
22286
23784
25033
25042
22254
22287
23785
25034
25043
22255
22288
23786
25035
25044
22289
23787
25036
25045
22257
23788
25055
25064
22258
23789
25055
25065
22259
23790
25056
25066
22260
23791
25057
25067
22261
23792
25058
25068
22262
23793
25059
25069
22263
23794
25060
25070
22264
23795
25061
25071
22265
23796
25062
25072
23797
25063
25073
22267
22290
25083
25090
25091
22268
22291
25084
25092
22269
22292
25085
25093
22270
22293
25086
25094
22271
22294
25087
25095
22272
22295
25088
25096
22296
25089
25097
22274
22307
25106
25113
25114
22275
22308
25107
25115
22276
22309
25108
25116
22277
22310
25109
25117
22278
22311
25110
25118
22279
22312
25111
25119
22313
25112
25120
22281
23498
25129
25138
22282
23499
25129
25139
22283
23500
25130
25140
22284
23501
25131
25141
22285
23502
25132
25142
22286
23503
25133
25143
22287
23504
25134
25144
22288
23505
25135
25145
22289
23506
25136
25146
23507
25137
25147
22291
25157
25164
25165
22292
25158
25166
22293
25159
25167
22294
25160
25168
22295
25161
25169
22296
25162
25170
25163
25171
22298
22324
23508
25180
25189
22299
22325
23509
25180
25190
22300
22326
23510
25181
25191
22301
22327
23511
25182
25192
22302
22328
23512
25183
25193
22303
22329
23513
25184
25194
22304
22330
23514
25185
25195
22305
22331
23515
25186
25196
22306
22332
23516
25187
25197
22333
23517
25188
25198
22308
25208
25215
25216
22309
25209
25217
22310
25210
25218
22311
25211
25219
22312
25212
25220
22313
25213
25221
25214
25222
22315
22348
23998
25231
25241
22316
22349
23999
25232
25241
22317
22350
24000
25233
25242
22318
22351
24001
25234
25243
22319
22352
24002
25235
25244
22320
22353
24003
25236
25245
22321
22354
24004
25237
25246
22322
22355
24005
25238
25247
22323
22356
24006
25239
25248
22357
24007
25240
25249
22325
24008
25259
25268
22326
24009
25259
25269
22327
24010
25260
25270
22328
24011
25261
25271
22329
24012
25262
25272
22330
24013
25263
25273
22331
24014
25264
25274
22332
24015
25265
25275
22333
24016
25266
25276
24017
25267
25277
22335
22358
25287
25294
25295
22336
22359
25288
25296
22337
22360
25289
25297
22338
22361
25290
25298
22339
22362
25291
25299
22340
22363
25292
25300
22364
25293
25301
22342
22375
25310
25317
25318
22343
22376
25311
25319
22344
22377
25312
25320
22345
22378
25313
25321
22346
22379
25314
25322
22347
22380
25315
25323
22381
25316
25324
22349
23578
25333
25342
22350
23579
25333
25343
22351
23580
25334
25344
22352
23581
25335
25345
22353
23582
25336
25346
22354
23583
25337
25347
22355
23584
25338
25348
22356
23585
25339
25349
22357
23586
25340
25350
23587
25341
25351
22359
25361
25368
25369
22360
25362
25370
22361
25363
25371
22362
25364
25372
22363
25365
25373
22364
25366
25374
25367
25375
22366
22392
23588
25384
25393
22367
22393
23589
25384
25394
22368
22394
23590
25385
25395
22369
22395
23591
25386
25396
22370
22396
23592
25387
25397
22371
22397
23593
25388
25398
22372
22398
23594
25389
25399
22373
22399
23595
25390
25400
22374
22400
23596
25391
25401
22401
23597
25392
25402
22376
25412
25419
25420
22377
25413
25421
22378
25414
25422
22379
25415
25423
22380
25416
25424
22381
25417
25425
25418
25426
22383
22416
24228
25435
25445
22384
22417
24229
25436
25445
22385
22418
24230
25437
25446
22386
22419
24231
25438
25447
22387
22420
24232
25439
25448
22388
22421
24233
25440
25449
22389
22422
24234
25441
25450
22390
22423
24235
25442
25451
22391
22424
24236
25443
25452
22425
24237
25444
25453
22393
24238
25463
25472
22394
24239
25463
25473
22395
24240
25464
25474
22396
24241
25465
25475
22397
24242
25466
25476
22398
24243
25467
25477
22399
24244
25468
25478
22400
24245
25469
25479
22401
24246
25470
25480
24247
25471
25481
22403
22426
25491
25498
25499
22404
22427
25492
25500
22405
22428
25493
25501
22406
22429
25494
25502
22407
22430
25495
25503
22408
22431
25496
25504
22432
25497
25505
22410
22443
25514
25521
25522
22411
22444
25515
25523
22412
22445
25516
25524
22413
22446
25517
25525
22414
22447
25518
25526
22415
22448
25519
25527
22449
25520
25528
22417
23658
25537
25546
22418
23659
25537
25547
22419
23660
25538
25548
22420
23661
25539
25549
22421
23662
25540
25550
22422
23663
25541
25551
22423
23664
25542
25552
22424
23665
25543
25553
22425
23666
25544
25554
23667
25545
25555
22427
25565
25572
25573
22428
25566
25574
22429
25567
25575
22430
25568
25576
22431
25569
25577
22432
25570
25578
25571
25579
22434
22459
23668
25588
25597
22435
22460
23669
25588
25598
22436
22461
23670
25589
25599
22437
22462
23671
25590
25600
22438
22463
23672
25591
25601
22439
22464
23673
25592
25602
22440
22465
23674
25593
25603
22441
22466
23675
25594
25604
22442
22467
23676
25595
25605
22468
23677
25596
25606
22444
25616
25623
25624
22445
25617
25625
22446
25618
25626
22447
25619
25627
22448
25620
25628
22449
25621
25629
25622
25630
22451
22482
24458
24459
25639
25640
25649
22452
22483
24460
25641
25650
22453
22484
24461
25642
25651
22454
22485
24462
25643
25652
22455
22486
24463
25644
25653
22456
22487
24464
25645
25654
22457
22488
24465
25646
25655
22458
22489
24466
25647
25656
22490
24467
25648
25657
22460
24468
25667
25676
22461
24469
25667
25677
22462
24470
25668
25678
22463
24471
25669
25679
22464
24472
25670
25680
22465
24473
25671
25681
22466
24474
25672
25682
22467
24475
25673
25683
22468
24476
25674
25684
24477
25675
25685
22470
22491
25695
25702
25703
22471
22492
25696
25704
22472
22493
25697
25705
22473
22494
25698
25706
22474
22495
25699
25707
22475
22496
25700
25708
22497
25701
25709
22477
25718
25724
25725
22478
25719
25726
22479
25720
25727
22480
25721
25728
22481
25722
25729
25723
25730
22483
25738
25746
22484
25738
25747
22485
25739
25748
22486
25740
25749
22487
25741
25750
22488
25742
25751
22489
25743
25752
22490
25744
25753
25745
25754
22492
25763
25770
25771
22493
25764
25772
22494
25765
25773
22495
25766
25774
22496
25767
25775
22497
25768
25776
25769
25777
22499
25785
25792
25793
22500
25786
25794
22501
25787
25795
22502
25788
25796
22503
25789
25797
22504
25790
25798
25791
25799
22506
25808
25815
25816
22507
25809
25817
22508
25810
25818
22509
25811
25819
22510
25812
25820
22511
25813
25821
25814
25822
22513
24498
25831
25841
22514
24499
25832
25841
22515
24500
25833
25842
22516
24501
25834
25843
22517
24502
25835
25844
22518
24503
25836
25845
22519
24504
25837
25846
22520
24505
25838
25847
22521
24506
25839
25848
24507
25840
25849
22523
24508
25859
25868
22524
24509
25859
25869
22525
24510
25860
25870
22526
24511
25861
25871
22527
24512
25862
25872
22528
24513
25863
25873
22529
24514
25864
25874
22530
24515
25865
25875
22531
24516
25866
25876
24517
25867
25877
22533
25887
25894
25895
22534
25888
25896
22535
25889
25897
22536
25890
25898
22537
25891
25899
22538
25892
25900
25893
25901
22540
25910
25917
25918
22541
25911
25919
22542
25912
25920
22543
25913
25921
22544
25914
25922
22545
25915
25923
25916
25924
22547
24608
25961
25970
22548
24609
25961
25971
22549
24610
25962
25972
22550
24611
25963
25973
22551
24612
25964
25974
22552
24613
25965
25975
22553
24614
25966
25976
22554
24615
25967
25977
22555
24616
25968
25978
24617
25969
25979
22557
22563
22564
22567
22558
22565
22568
22566
22569
22560
22563
22594
22595
22561
22564
22596
22562
22565
22597
22566
22598
22564
22574
22605
22606
22565
22575
22607
22566
22576
22608
22577
22609
22568
22574
22575
22569
22576
22577
22571
22574
22578
22579
22840
22572
22575
22580
22841
22573
22576
22581
22842
22577
22582
22843
22575
22589
22590
22576
22591
22577
22592
22593
22579
22589
22848
22580
22590
22849
22581
22591
22850
22582
22592
22851
22593
22852
22584
22589
22599
24902
24903
22585
22589
22600
24904
22586
22590
22601
24905
22587
22591
22602
24906
22588
22592
22603
24907
22593
22604
24908
22590
22605
22591
22606
22592
22607
22593
22608
22609
22595
22605
22596
22606
22597
22607
22598
22608
22609
22600
22605
24981
24982
22601
22605
24983
22602
22606
24984
22603
22607
24985
22604
22608
24986
22609
24987
22606
22607
22608
22609
22611
22617
22618
22621
22612
22619
22622
22620
22623
22614
22617
22648
22649
22829
22615
22618
22650
22830
22616
22619
22651
22831
22620
22652
22832
22618
22628
22659
22660
22619
22629
22661
22620
22630
22662
22631
22663
22622
22628
22629
22623
22630
22631
22625
22628
22632
22633
22894
22626
22629
22634
22895
22627
22630
22635
22896
22631
22636
22897
22629
22643
22644
22630
22645
22631
22646
22647
22633
22643
22902
22634
22644
22903
22635
22645
22904
22636
22646
22905
22647
22906
22638
22643
22653
25106
25107
22639
22643
22654
25108
22640
22644
22655
25109
22641
22645
22656
25110
22642
22646
22657
25111
22647
22658
25112
22644
22659
22645
22660
22646
22661
22647
22662
22663
22649
22659
22864
22650
22660
22865
22651
22661
22866
22652
22662
22867
22663
22868
22654
22659
25157
25158
22655
22659
25159
22656
22660
25160
22657
22661
25161
22658
22662
25162
22663
25163
22660
22661
22662
22663
22665
22671
22672
22675
22666
22673
22676
22674
22677
22668
22671
22702
22703
22883
22669
22672
22704
22884
22670
22673
22705
22885
22674
22706
22886
22672
22682
22713
22714
22673
22683
22715
22674
22684
22716
22685
22717
22676
22682
22683
22677
22684
22685
22679
22682
22686
22687
22948
22680
22683
22688
22949
22681
22684
22689
22950
22685
22690
22951
22683
22697
22698
22684
22699
22685
22700
22701
22687
22697
22956
22688
22698
22957
22689
22699
22958
22690
22700
22959
22701
22960
22692
22697
22707
25310
25311
22693
22697
22708
25312
22694
22698
22709
25313
22695
22699
22710
25314
22696
22700
22711
25315
22701
22712
25316
22698
22713
22699
22714
22700
22715
22701
22716
22717
22703
22713
22918
22704
22714
22919
22705
22715
22920
22706
22716
22921
22717
22922
22708
22713
25361
25362
22709
22713
25363
22710
22714
25364
22711
22715
25365
22712
22716
25366
22717
25367
22714
22715
22716
22717
22719
22725
22726
22729
22720
22727
22730
22728
22731
22722
22725
22756
22757
22937
22723
22726
22758
22938
22724
22727
22759
22939
22728
22760
22940
22726
22736
22767
22768
22727
22737
22769
22728
22738
22770
22739
22771
22730
22736
22737
22731
22738
22739
22733
22736
22740
22741
23002
22734
22737
22742
23003
22735
22738
22743
23004
22739
22744
23005
22737
22751
22752
22738
22753
22739
22754
22755
22741
22751
23010
22742
22752
23011
22743
22753
23012
22744
22754
23013
22755
23014
22746
22751
22761
25514
25515
22747
22751
22762
25516
22748
22752
22763
25517
22749
22753
22764
25518
22750
22754
22765
25519
22755
22766
25520
22752
22767
22753
22768
22754
22769
22755
22770
22771
22757
22767
22972
22758
22768
22973
22759
22769
22974
22760
22770
22975
22771
22976
22762
22767
25565
25566
22763
22767
25567
22764
22768
25568
22765
22769
25569
22766
22770
25570
22771
25571
22768
22769
22770
22771
22773
22779
22780
22783
22774
22781
22784
22782
22785
22776
22779
22810
22811
22991
22777
22780
22812
22992
22778
22781
22813
22993
22782
22814
22994
22780
22790
22821
22822
22781
22791
22823
22782
22792
22824
22793
22825
22784
22790
22791
22785
22792
22793
22787
22790
22794
22795
23053
22788
22791
22796
23054
22789
22792
22797
23055
22793
22798
23056
22791
22805
22806
22792
22807
22793
22808
22809
22795
22805
23071
22796
22806
23071
22797
22807
23072
22798
22808
23073
22809
23074
22800
22805
22815
25718
22801
22805
22816
25719
22802
22806
22817
25720
22803
22807
22818
25721
22804
22808
22819
25722
22809
22820
25723
22806
22821
22807
22822
22808
22823
22809
22824
22825
22811
22821
23026
22812
22822
23027
22813
22823
23028
22814
22824
23029
22825
23030
22816
22821
25763
25764
22817
22821
25765
22818
22822
25766
22819
22823
25767
22820
22824
25768
22825
25769
22822
22823
22824
22825
22827
22833
22834
22837
22828
22835
22838
22836
22839
22830
22833
22864
22865
22831
22834
22866
22832
22835
22867
22836
22868
22834
22844
22875
22876
22835
22845
22877
22836
22846
22878
22847
22879
22838
22844
22845
22839
22846
22847
22841
22844
22848
22849
22842
22845
22850
22843
22846
22851
22847
22852
22845
22859
22860
22846
22861
22847
22862
22863
22849
22859
22850
22860
22851
22861
22852
22862
22863
22854
22859
22869
25004
25005
22855
22859
22870
25006
22856
22860
22871
25007
22857
22861
22872
25008
22858
22862
22873
25009
22863
22874
25010
22860
22875
22861
22876
22862
22877
22863
22878
22879
22865
22875
22866
22876
22867
22877
22868
22878
22879
22870
22875
25083
25084
22871
22875
25085
22872
22876
25086
22873
22877
25087
22874
22878
25088
22879
25089
22876
22877
22878
22879
22881
22887
22888
22891
22882
22889
22892
22890
22893
22884
22887
22918
22919
22885
22888
22920
22886
22889
22921
22890
22922
22888
22898
22929
22930
22889
22899
22931
22890
22900
22932
22901
22933
22892
22898
22899
22893
22900
22901
22895
22898
22902
22903
22896
22899
22904
22897
22900
22905
22901
22906
22899
22913
22914
22900
22915
22901
22916
22917
22903
22913
22904
22914
22905
22915
22906
22916
22917
22908
22913
22923
25208
25209
22909
22913
22924
25210
22910
22914
22925
25211
22911
22915
22926
25212
22912
22916
22927
25213
22917
22928
25214
22914
22929
22915
22930
22916
22931
22917
22932
22933
22919
22929
22920
22930
22921
22931
22922
22932
22933
22924
22929
25287
25288
22925
22929
25289
22926
22930
25290
22927
22931
25291
22928
22932
25292
22933
25293
22930
22931
22932
22933
22935
22941
22942
22945
22936
22943
22946
22944
22947
22938
22941
22972
22973
22939
22942
22974
22940
22943
22975
22944
22976
22942
22952
22983
22984
22943
22953
22985
22944
22954
22986
22955
22987
22946
22952
22953
22947
22954
22955
22949
22952
22956
22957
22950
22953
22958
22951
22954
22959
22955
22960
22953
22967
22968
22954
22969
22955
22970
22971
22957
22967
22958
22968
22959
22969
22960
22970
22971
22962
22967
22977
25412
25413
22963
22967
22978
25414
22964
22968
22979
25415
22965
22969
22980
25416
22966
22970
22981
25417
22971
22982
25418
22968
22983
22969
22984
22970
22985
22971
22986
22987
22973
22983
22974
22984
22975
22985
22976
22986
22987
22978
22983
25491
25492
22979
22983
25493
22980
22984
25494
22981
22985
25495
22982
22986
25496
22987
25497
22984
22985
22986
22987
22989
22995
22996
22999
22990
22997
23000
22998
23001
22992
22995
23026
23027
22993
22996
23028
22994
22997
23029
22998
23030
22996
23006
23037
23038
22997
23007
23039
22998
23008
23040
23009
23041
23000
23006
23007
23001
23008
23009
23003
23006
23010
23011
23004
23007
23012
23005
23008
23013
23009
23014
23007
23021
23022
23008
23023
23009
23024
23025
23011
23021
23012
23022
23013
23023
23014
23024
23025
23016
23021
23031
25616
25617
23017
23021
23032
25618
23018
23022
23033
25619
23019
23023
23034
25620
23020
23024
23035
25621
23025
23036
25622
23022
23037
23023
23038
23024
23039
23025
23040
23041
23027
23037
23028
23038
23029
23039
23030
23040
23041
23032
23037
25695
25696
23033
23037
25697
23034
23038
25698
23035
23039
25699
23036
23040
25700
23041
25701
23038
23039
23040
23041
23043
23047
23048
23050
23051
23049
23052
23045
23047
23060
23046
23048
23061
23049
23062
23048
23057
23067
23068
23049
23058
23069
23059
23070
23051
23057
23052
23058
23059
23054
23057
23071
23055
23057
23072
23056
23058
23073
23059
23074
23058
23080
23081
23059
23082
23083
23061
23067
23068
23062
23069
23070
23064
23067
23075
23076
23098
23065
23068
23077
23099
23066
23069
23078
23100
23070
23079
23101
23068
23080
23069
23081
23070
23082
23083
23072
23080
23073
23081
23074
23082
23083
23076
23080
23106
23077
23080
23107
23078
23081
23108
23079
23082
23109
23083
23110
23081
23082
23083
23085
23091
23092
23095
23086
23093
23096
23094
23097
23088
23091
23122
23123
23141
23089
23092
23124
23142
23090
23093
23125
23143
23094
23126
23144
23092
23102
23133
23134
23093
23103
23135
23094
23104
23136
23105
23137
23096
23102
23103
23097
23104
23105
23099
23102
23106
23107
23100
23103
23108
23101
23104
23109
23105
23110
23103
23117
23118
23104
23119
23105
23120
23121
23107
23117
23108
23118
23109
23119
23110
23120
23121
23112
23117
23127
25724
25725
23113
23117
23128
25726
23114
23118
23129
25727
23115
23119
23130
25728
23116
23120
23131
25729
23121
23132
25730
23118
23133
23119
23134
23120
23135
23121
23136
23137
23123
23133
23176
23124
23134
23177
23125
23135
23178
23126
23136
23179
23137
23180
23128
23133
25785
25786
23129
23133
25787
23130
23134
25788
23131
23135
25789
23132
23136
25790
23137
25791
23134
23135
23136
23137
23139
23145
23146
23149
23140
23147
23150
23148
23151
23142
23145
23176
23177
23143
23146
23178
23144
23147
23179
23148
23180
23146
23156
23187
23188
23147
23157
23189
23148
23158
23190
23159
23191
23150
23156
23157
23151
23158
23159
23153
23156
23160
23161
23206
23154
23157
23162
23207
23155
23158
23163
23208
23159
23164
23209
23157
23171
23172
23158
23173
23159
23174
23175
23161
23171
23214
23162
23172
23215
23163
23173
23216
23164
23174
23217
23175
23218
23166
23171
23181
24638
24639
23167
23171
23182
24640
23168
23172
23183
24641
23169
23173
23184
24642
23170
23174
23185
24643
23175
23186
24644
23172
23187
23173
23188
23174
23189
23175
23190
23191
23177
23187
23178
23188
23179
23189
23180
23190
23191
23182
23187
24717
24718
23183
23187
24719
23184
23188
24720
23185
23189
24721
23186
23190
24722
23191
24723
23188
23189
23190
23191
23193
23199
23200
23203
23194
23201
23204
23202
23205
23196
23199
23230
23231
23249
23197
23200
23232
23250
23198
23201
23233
23251
23202
23234
23252
23200
23210
23241
23242
23201
23211
23243
23202
23212
23244
23213
23245
23204
23210
23211
23205
23212
23213
23207
23210
23214
23215
23208
23211
23216
23209
23212
23217
23213
23218
23211
23225
23226
23212
23227
23213
23228
23229
23215
23225
23216
23226
23217
23227
23218
23228
23229
23220
23225
23235
25808
25809
23221
23225
23236
25810
23222
23226
23237
25811
23223
23227
23238
25812
23224
23228
23239
25813
23229
23240
25814
23226
23241
23227
23242
23228
23243
23229
23244
23245
23231
23241
23284
23232
23242
23285
23233
23243
23286
23234
23244
23287
23245
23288
23236
23241
25887
25888
23237
23241
25889
23238
23242
25890
23239
23243
25891
23240
23244
25892
23245
25893
23242
23243
23244
23245
23247
23253
23254
23257
23248
23255
23258
23256
23259
23250
23253
23284
23285
23251
23254
23286
23252
23255
23287
23256
23288
23254
23264
23295
23296
23255
23265
23297
23256
23266
23298
23267
23299
23258
23264
23265
23259
23266
23267
23261
23264
23268
23269
23314
23262
23265
23270
23315
23263
23266
23271
23316
23267
23272
23317
23265
23279
23280
23266
23281
23267
23282
23283
23269
23279
23322
23270
23280
23323
23271
23281
23324
23272
23282
23325
23283
23326
23274
23279
23289
24740
24741
23275
23279
23290
24742
23276
23280
23291
24743
23277
23281
23292
24744
23278
23282
23293
24745
23283
23294
24746
23280
23295
23281
23296
23282
23297
23283
23298
23299
23285
23295
23286
23296
23287
23297
23288
23298
23299
23290
23295
24819
24820
23291
23295
24821
23292
23296
24822
23293
23297
24823
23294
23298
24824
23299
24825
23296
23297
23298
23299
23301
23307
23308
23311
23302
23309
23312
23310
23313
23304
23307
23338
23339
31009
23305
23308
23340
31010
23306
23309
23341
31011
23310
23342
31012
23308
23318
23349
23350
23309
23319
23351
23310
23320
23352
23321
23353
23312
23318
23319
23313
23320
23321
23315
23318
23322
23323
23316
23319
23324
23317
23320
23325
23321
23326
23319
23333
23334
23320
23335
23321
23336
23337
23323
23333
23324
23334
23325
23335
23326
23336
23337
23328
23333
23343
25910
25911
23329
23333
23344
25912
23330
23334
23345
25913
23331
23335
23346
25914
23332
23336
23347
25915
23337
23348
25916
23334
23349
23335
23350
23336
23351
23337
23352
23353
23339
23349
31031
23340
23350
31032
23341
23351
31033
23342
23352
31034
23353
31035
23344
23349
25989
25990
23345
23349
25991
23346
23350
25992
23347
23351
25993
23348
23352
25994
23353
25995
23350
23351
23352
23353
23355
23358
23367
23368
31006
31009
23356
23359
23369
31006
31010
23357
23360
23370
31007
31011
23361
23371
31008
31012
23359
23362
23363
31013
31016
23360
23364
31013
31017
23361
23365
31014
31018
23366
31015
31019
23363
23367
31020
31025
31026
23364
23368
31021
31027
23365
23369
31022
31028
23366
23370
31023
31029
23371
31024
31030
23368
31031
31036
31037
23369
31032
31038
23370
31033
31039
23371
31034
31040
31035
31041
23373
23376
23385
23386
31042
31045
23374
23377
23387
31042
31046
23375
23378
23388
31043
31047
23379
23389
31044
31048
23377
23380
23381
31049
31052
23378
23382
31049
31053
23379
23383
31050
31054
23384
31051
31055
23381
23385
31056
31061
31062
23382
23386
31057
31063
23383
23387
31058
31064
23384
23388
31059
31065
23389
31060
31066
23386
31067
31072
31073
23387
31068
31074
23388
31069
31075
23389
31070
31076
31071
31077
23391
23394
23403
23404
31078
31081
23392
23395
23405
31078
31082
23393
23396
23406
31079
31083
23397
23407
31080
31084
23395
23398
23399
31085
31088
23396
23400
31085
31089
23397
23401
31086
31090
23402
31087
31091
23399
23403
31092
31097
31098
23400
23404
31093
31099
23401
23405
31094
31100
23402
23406
31095
31101
23407
31096
31102
23404
31103
31108
31109
23405
31104
31110
23406
31105
31111
23407
31106
31112
31107
31113
23409
23410
23411
23416
31114
31116
23412
23417
31115
31116
23411
23413
31117
31120
31121
23412
23414
31118
31122
23415
31119
31123
23414
23416
31124
31125
31128
23415
23416
31126
31129
23417
31127
31130
23417
31131
31132
31131
31133
23419
26048
26058
23420
26049
26059
23421
26050
26060
23422
26051
26061
23423
26052
26062
23424
26053
26063
23425
26054
26064
23426
26055
26065
23427
26056
26066
26057
26067
23429
23788
26078
26088
23430
23789
26079
26089
23431
23790
26080
26090
23432
23791
26081
26091
23433
23792
26082
26092
23434
23793
26083
26093
23435
23794
26084
26094
23436
23795
26085
26095
23437
23796
26086
26096
23797
26087
26097
23439
23738
23798
26108
26118
23440
23739
23799
26109
26119
23441
23740
23800
26110
26120
23442
23741
23801
26111
26121
23443
23742
23802
26112
26122
23444
23743
23803
26113
26123
23445
23744
23804
26114
26124
23446
23745
23805
26115
26125
23447
23746
23806
26116
26126
23747
23807
26117
26127
23449
23768
26138
26148
23450
23769
26139
26149
23451
23770
26140
26150
23452
23771
26141
26151
23453
23772
26142
26152
23454
23773
26143
26153
23455
23774
26144
26154
23456
23775
26145
26155
23457
23776
26146
26156
23777
26147
26157
23459
23858
23878
26168
26178
23460
23859
23879
26169
26179
23461
23860
23880
26170
26180
23462
23861
23881
26171
26181
23463
23862
23882
26172
26182
23464
23863
23883
26173
26183
23465
23864
23884
26174
26184
23466
23865
23885
26175
26185
23467
23866
23886
26176
26186
23867
23887
26177
26187
23469
23748
26198
26208
23470
23749
26199
26209
23471
23750
26200
26210
23472
23751
26201
26211
23473
23752
26202
26212
23474
23753
26203
26213
23475
23754
26204
26214
23476
23755
26205
26215
23477
23756
26206
26216
23757
26207
26217
23479
23758
23898
26228
26238
23480
23759
23899
26229
26239
23481
23760
23900
26230
26240
23482
23761
23901
26231
26241
23483
23762
23902
26232
26242
23484
23763
23903
26233
26243
23485
23764
23904
26234
26244
23486
23765
23905
26235
26245
23487
23766
23906
26236
26246
23767
23907
26237
26247
23489
23868
26258
26268
23490
23869
26259
26269
23491
23870
26260
26270
23492
23871
26261
26271
23493
23872
26262
26272
23494
23873
26263
26273
23495
23874
26264
26274
23496
23875
26265
26275
23497
23876
26266
26276
23877
26267
26277
23499
23778
26354
26364
23500
23779
26355
26365
23501
23780
26356
26366
23502
23781
26357
26367
23503
23782
26358
26368
23504
23783
26359
26369
23505
23784
26360
26370
23506
23785
26361
26371
23507
23786
26362
26372
23787
26363
26373
23509
24008
26384
26394
23510
24009
26385
26395
23511
24010
26386
26396
23512
24011
26387
26397
23513
24012
26388
26398
23514
24013
26389
26399
23515
24014
26390
26400
23516
24015
26391
26401
23517
24016
26392
26402
24017
26393
26403
23519
23958
24018
26414
26424
23520
23959
24019
26415
26425
23521
23960
24020
26416
26426
23522
23961
24021
26417
26427
23523
23962
24022
26418
26428
23524
23963
24023
26419
26429
23525
23964
24024
26420
26430
23526
23965
24025
26421
26431
23527
23966
24026
26422
26432
23967
24027
26423
26433
23529
23808
23978
26444
26454
23530
23809
23979
26445
26455
23531
23810
23980
26446
26456
23532
23811
23981
26447
26457
23533
23812
23982
26448
26458
23534
23813
23983
26449
26459
23535
23814
23984
26450
26460
23536
23815
23985
26451
26461
23537
23816
23986
26452
26462
23817
23987
26453
26463
23539
24078
24108
26474
26484
23540
24079
24109
26475
26485
23541
24080
24110
26476
26486
23542
24081
24111
26477
26487
23543
24082
24112
26478
26488
23544
24083
24113
26479
26489
23545
24084
24114
26480
26490
23546
24085
24115
26481
26491
23547
24086
24116
26482
26492
24087
24117
26483
26493
23549
23888
23968
26504
26514
23550
23889
23969
26505
26515
23551
23890
23970
26506
26516
23552
23891
23971
26507
26517
23553
23892
23972
26508
26518
23554
23893
23973
26509
26519
23555
23894
23974
26510
26520
23556
23895
23975
26511
26521
23557
23896
23976
26512
26522
23897
23977
26513
26523
23559
23908
24088
26534
26544
23560
23909
24089
26535
26545
23561
23910
24090
26536
26546
23562
23911
24091
26537
26547
23563
23912
24092
26538
26548
23564
23913
24093
26539
26549
23565
23914
24094
26540
26550
23566
23915
24095
26541
26551
23567
23916
24096
26542
26552
23917
24097
26543
26553
23569
23988
24128
26564
26574
23570
23989
24129
26565
26575
23571
23990
24130
26566
26576
23572
23991
24131
26567
26577
23573
23992
24132
26568
26578
23574
23993
24133
26569
26579
23575
23994
24134
26570
26580
23576
23995
24135
26571
26581
23577
23996
24136
26572
26582
23997
24137
26573
26583
23579
23998
26660
26670
23580
23999
26661
26671
23581
24000
26662
26672
23582
24001
26663
26673
23583
24002
26664
26674
23584
24003
26665
26675
23585
24004
26666
26676
23586
24005
26667
26677
23587
24006
26668
26678
24007
26669
26679
23589
24238
26690
26700
23590
24239
26691
26701
23591
24240
26692
26702
23592
24241
26693
26703
23593
24242
26694
26704
23594
24243
26695
26705
23595
24244
26696
26706
23596
24245
26697
26707
23597
24246
26698
26708
24247
26699
26709
23599
24188
24248
26720
26730
23600
24189
24249
26721
26731
23601
24190
24250
26722
26732
23602
24191
24251
26723
26733
23603
24192
24252
26724
26734
23604
24193
24253
26725
26735
23605
24194
24254
26726
26736
23606
24195
24255
26727
26737
23607
24196
24256
26728
26738
24197
24257
26729
26739
23609
24028
24208
26750
26760
23610
24029
24209
26751
26761
23611
24030
24210
26752
26762
23612
24031
24211
26753
26763
23613
24032
24212
26754
26764
23614
24033
24213
26755
26765
23615
24034
24214
26756
26766
23616
24035
24215
26757
26767
23617
24036
24216
26758
26768
24037
24217
26759
26769
23619
24308
24338
26780
26790
23620
24309
24339
26781
26791
23621
24310
24340
26782
26792
23622
24311
24341
26783
26793
23623
24312
24342
26784
26794
23624
24313
24343
26785
26795
23625
24314
24344
26786
26796
23626
24315
24345
26787
26797
23627
24316
24346
26788
26798
24317
24347
26789
26799
23629
24118
24198
26810
26820
23630
24119
24199
26811
26821
23631
24120
24200
26812
26822
23632
24121
24201
26813
26823
23633
24122
24202
26814
26824
23634
24123
24203
26815
26825
23635
24124
24204
26816
26826
23636
24125
24205
26817
26827
23637
24126
24206
26818
26828
24127
24207
26819
26829
23639
24138
24328
26840
26850
23640
24139
24329
26841
26851
23641
24140
24330
26842
26852
23642
24141
24331
26843
26853
23643
24142
24332
26844
26854
23644
24143
24333
26845
26855
23645
24144
24334
26846
26856
23646
24145
24335
26847
26857
23647
24146
24336
26848
26858
24147
24337
26849
26859
23649
24218
24358
26870
26880
23650
24219
24359
26871
26881
23651
24220
24360
26872
26882
23652
24221
24361
26873
26883
23653
24222
24362
26874
26884
23654
24223
24363
26875
26885
23655
24224
24364
26876
26886
23656
24225
24365
26877
26887
23657
24226
24366
26878
26888
24227
24367
26879
26889
23659
24228
26966
26976
23660
24229
26967
26977
23661
24230
26968
26978
23662
24231
26969
26979
23663
24232
26970
26980
23664
24233
26971
26981
23665
24234
26972
26982
23666
24235
26973
26983
23667
24236
26974
26984
24237
26975
26985
23669
24468
26996
27006
23670
24469
26997
27007
23671
24470
26998
27008
23672
24471
26999
27009
23673
24472
27000
27010
23674
24473
27001
27011
23675
24474
27002
27012
23676
24475
27003
27013
23677
24476
27004
27014
24477
27005
27015
23679
24418
24488
27026
27036
23680
24419
24489
27027
27037
23681
24420
24490
27028
27038
23682
24421
24491
27029
27039
23683
24422
24492
27030
27040
23684
24423
24493
27031
27041
23685
24424
24494
27032
27042
23686
24425
24495
27033
27043
23687
24426
24496
27034
27044
24427
24497
27035
27045
23689
24258
24438
27056
27066
23690
24259
24439
27057
27067
23691
24260
24440
27058
27068
23692
24261
24441
27059
27069
23693
24262
24442
27060
27070
23694
24263
24443
27061
27071
23695
24264
24444
27062
27072
23696
24265
24445
27063
27073
23697
24266
24446
27064
27074
24267
24447
27065
27075
23699
24538
24578
27086
27096
23700
24539
24579
27087
27097
23701
24540
24580
27088
27098
23702
24541
24581
27089
27099
23703
24542
24582
27090
27100
23704
24543
24583
27091
27101
23705
24544
24584
27092
27102
23706
24545
24585
27093
27103
23707
24546
24586
27094
27104
24547
24587
27095
27105
23709
24348
24428
27116
27126
23710
24349
24429
27117
27127
23711
24350
24430
27118
27128
23712
24351
24431
27119
27129
23713
24352
24432
27120
27130
23714
24353
24433
27121
27131
23715
24354
24434
27122
27132
23716
24355
24435
27123
27133
23717
24356
24436
27124
27134
24357
24437
27125
27135
23719
24368
24548
27146
27156
23720
24369
24549
27147
27157
23721
24370
24550
27148
27158
23722
24371
24551
27149
27159
23723
24372
24552
27150
27160
23724
24373
24553
27151
27161
23725
24374
24554
27152
27162
23726
24375
24555
27153
27163
23727
24376
24556
27154
27164
24377
24557
27155
27165
23729
24448
24588
27176
27186
23730
24449
24589
27177
27187
23731
24450
24590
27178
27188
23732
24451
24591
27179
27189
23733
24452
24592
27180
27190
23734
24453
24593
27181
27191
23735
24454
24594
27182
27192
23736
24455
24595
27183
27193
23737
24456
24596
27184
27194
24457
24597
27185
27195
23739
23818
27272
27282
23740
23819
27273
27283
23741
23820
27274
27284
23742
23821
27275
27285
23743
23822
27276
27286
23744
23823
27277
27287
23745
23824
27278
27288
23746
23825
27279
27289
23747
23826
27280
27290
23827
27281
27291
23749
27302
27312
23750
27303
27313
23751
27304
27314
23752
27305
27315
23753
27306
27316
23754
27307
27317
23755
27308
27318
23756
27309
27319
23757
27310
27320
27311
27321
23759
23838
27332
27342
23760
23839
27333
27343
23761
23840
27334
27344
23762
23841
27335
27345
23763
23842
27336
27346
23764
23843
27337
27347
23765
23844
27338
27348
23766
23845
27339
27349
23767
23846
27340
27350
23847
27341
27351
23769
27362
27372
23770
27363
27373
23771
27364
27374
23772
27365
27375
23773
27366
27376
23774
27367
27377
23775
27368
27378
23776
27369
27379
23777
27370
27380
27371
27381
23779
27392
27402
23780
27393
27403
23781
27394
27404
23782
27395
27405
23783
27396
27406
23784
27397
27407
23785
27398
27408
23786
27399
27409
23787
27400
27410
27401
27411
23789
27422
27432
23790
27423
27433
23791
27424
27434
23792
27425
27435
23793
27426
27436
23794
27427
27437
23795
27428
27438
23796
27429
27439
23797
27430
27440
27431
27441
23799
23818
27452
27462
23800
23819
27453
27463
23801
23820
27454
27464
23802
23821
27455
27465
23803
23822
27456
27466
23804
23823
27457
27467
23805
23824
27458
27468
23806
23825
27459
27469
23807
23826
27460
27470
23827
27461
27471
23809
23848
27482
27492
23810
23849
27483
27493
23811
23850
27484
27494
23812
23851
27485
27495
23813
23852
27486
27496
23814
23853
27487
27497
23815
23854
27488
27498
23816
23855
27489
27499
23817
23856
27490
27500
23857
27491
27501
23819
27512
27522
23820
27513
27523
23821
27514
27524
23822
27515
27525
23823
27516
27526
23824
27517
27527
23825
27518
27528
23826
27519
27529
23827
27520
27530
27521
27531
23829
23888
23968
27542
27552
23830
23889
23969
27543
27553
23831
23890
23970
27544
27554
23832
23891
23971
27545
27555
23833
23892
23972
27546
27556
23834
23893
23973
27547
27557
23835
23894
23974
27548
27558
23836
23895
23975
27549
27559
23837
23896
23976
27550
27560
23897
23977
27551
27561
23839
23898
27572
27582
23840
23899
27573
27583
23841
23900
27574
27584
23842
23901
27575
27585
23843
23902
27576
27586
23844
23903
27577
27587
23845
23904
27578
27588
23846
23905
27579
27589
23847
23906
27580
27590
23907
27581
27591
23849
23978
27602
27612
23850
23979
27603
27613
23851
23980
27604
27614
23852
23981
27605
27615
23853
23982
27606
27616
23854
23983
27607
27617
23855
23984
27608
27618
23856
23985
27609
27619
23857
23986
27610
27620
23987
27611
27621
23859
23918
27632
27642
23860
23919
27633
27643
23861
23920
27634
27644
23862
23921
27635
27645
23863
23922
27636
27646
23864
23923
27637
27647
23865
23924
27638
27648
23866
23925
27639
27649
23867
23926
27640
27650
23927
27641
27651
23869
27722
27732
23870
27723
27733
23871
27724
27734
23872
27725
27735
23873
27726
27736
23874
27727
27737
23875
27728
27738
23876
27729
27739
23877
27730
27740
27731
27741
23879
23918
27752
27762
23880
23919
27753
27763
23881
23920
27754
27764
23882
23921
27755
27765
23883
23922
27756
27766
23884
23923
27757
27767
23885
23924
27758
27768
23886
23925
27759
27769
23887
23926
27760
27770
23927
27761
27771
23889
27782
27792
23890
27783
27793
23891
27784
27794
23892
27785
27795
23893
27786
27796
23894
27787
27797
23895
27788
27798
23896
27789
27799
23897
27790
27800
27791
27801
23899
27812
27822
23900
27813
27823
23901
27814
27824
23902
27815
27825
23903
27816
27826
23904
27817
27827
23905
27818
27828
23906
27819
27829
23907
27820
27830
27821
27831
23909
23948
27842
27852
23910
23949
27843
27853
23911
23950
27844
27854
23912
23951
27845
27855
23913
23952
27846
27856
23914
23953
27847
27857
23915
23954
27848
27858
23916
23955
27849
27859
23917
23956
27850
27860
23957
27851
27861
23919
27872
27882
23920
27873
27883
23921
27874
27884
23922
27875
27885
23923
27876
27886
23924
27877
27887
23925
27878
27888
23926
27879
27889
23927
27880
27890
27881
27891
23929
27902
27912
31230
31506
23930
27903
27913
31231
31507
23931
27904
27914
31232
31508
23932
27905
27915
31233
31509
23933
27906
27916
31234
31510
23934
27907
27917
31235
31511
23935
27908
27918
31236
31512
23936
27909
27919
31237
31513
23937
27910
27920
31238
31514
27911
27921
31239
31515
23939
27932
27942
31164
31516
23940
27933
27943
31165
31517
23941
27934
27944
31166
31518
23942
27935
27945
31167
31519
23943
27936
27946
31168
31520
23944
27937
27947
31169
31521
23945
27938
27948
31170
31522
23946
27939
27949
31171
31523
23947
27940
27950
31172
31524
27941
27951
31173
31525
23949
24088
27962
27972
23950
24089
27963
27973
23951
24090
27964
27974
23952
24091
27965
27975
23953
24092
27966
27976
23954
24093
27967
27977
23955
24094
27968
27978
23956
24095
27969
27979
23957
24096
27970
27980
24097
27971
27981
23959
24038
28158
28168
23960
24039
28159
28169
23961
24040
28160
28170
23962
24041
28161
28171
23963
24042
28162
28172
23964
24043
28163
28173
23965
24044
28164
28174
23966
24045
28165
28175
23967
24046
28166
28176
24047
28167
28177
23969
28188
28198
23970
28189
28199
23971
28190
28200
23972
28191
28201
23973
28192
28202
23974
28193
28203
23975
28194
28204
23976
28195
28205
23977
28196
28206
28197
28207
23979
28218
28228
23980
28219
28229
23981
28220
28230
23982
28221
28231
23983
28222
28232
23984
28223
28233
23985
28224
28234
23986
28225
28235
23987
28226
28236
28227
28237
23989
24058
28248
28258
23990
24059
28249
28259
23991
24060
28250
28260
23992
24061
28251
28261
23993
24062
28252
28262
23994
24063
28253
28263
23995
24064
28254
28264
23996
24065
28255
28265
23997
24066
28256
28266
24067
28257
28267
23999
28278
28288
24000
28279
28289
24001
28280
28290
24002
28281
28291
24003
28282
28292
24004
28283
28293
24005
28284
28294
24006
28285
28295
24007
28286
28296
28287
28297
24009
28308
28318
24010
28309
28319
24011
28310
28320
24012
28311
28321
24013
28312
28322
24014
28313
28323
24015
28314
28324
24016
28315
28325
24017
28316
28326
28317
28327
24019
24038
28338
28348
24020
24039
28339
28349
24021
24040
28340
28350
24022
24041
28341
28351
24023
24042
28342
28352
24024
24043
28343
28353
24025
24044
28344
28354
24026
24045
28345
28355
24027
24046
28346
28356
24047
28347
28357
24029
24068
28368
28378
24030
24069
28369
28379
24031
24070
28370
28380
24032
24071
28371
28381
24033
24072
28372
28382
24034
24073
28373
28383
24035
24074
28374
28384
24036
24075
28375
28385
24037
24076
28376
28386
24077
28377
28387
24039
28398
28408
24040
28399
28409
24041
28400
28410
24042
28401
28411
24043
28402
28412
24044
28403
28413
24045
28404
28414
24046
28405
28415
24047
28406
28416
28407
28417
24049
24118
24198
28428
28438
24050
24119
24199
28429
28439
24051
24120
24200
28430
28440
24052
24121
24201
28431
28441
24053
24122
24202
28432
28442
24054
24123
24203
28433
28443
24055
24124
24204
28434
28444
24056
24125
24205
28435
28445
24057
24126
24206
28436
28446
24127
24207
28437
28447
24059
24128
28458
28468
24060
24129
28459
28469
24061
24130
28460
28470
24062
24131
28461
28471
24063
24132
28462
28472
24064
24133
28463
28473
24065
24134
28464
28474
24066
24135
28465
28475
24067
24136
28466
28476
24137
28467
28477
24069
24208
28488
28498
24070
24209
28489
28499
24071
24210
28490
28500
24072
24211
28491
28501
24073
24212
28492
28502
24074
24213
28493
28503
24075
24214
28494
28504
24076
24215
28495
28505
24077
24216
28496
28506
24217
28497
28507
24079
24148
28518
28528
24080
24149
28519
28529
24081
24150
28520
28530
24082
24151
28521
28531
24083
24152
28522
28532
24084
24153
28523
28533
24085
24154
28524
28534
24086
24155
28525
28535
24087
24156
28526
28536
24157
28527
28537
24089
28568
28578
24090
28569
28579
24091
28570
28580
24092
28571
28581
24093
28572
28582
24094
28573
28583
24095
28574
28584
24096
28575
28585
24097
28576
28586
28577
28587
24099
24168
28598
28608
31260
24100
24169
28599
28609
31261
24101
24170
28600
28610
31262
24102
24171
28601
28611
31263
24103
24172
28602
28612
31264
24104
24173
28603
28613
31265
24105
24174
28604
28614
31266
24106
24175
28605
28615
31267
24107
24176
28606
28616
31268
24177
28607
28617
31269
24109
24148
28628
28638
24110
24149
28629
28639
24111
24150
28630
28640
24112
24151
28631
28641
24113
24152
28632
28642
24114
24153
28633
28643
24115
24154
28634
28644
24116
24155
28635
28645
24117
24156
28636
28646
24157
28637
28647
24119
28658
28668
24120
28659
28669
24121
28660
28670
24122
28661
28671
24123
28662
28672
24124
28663
28673
24125
28664
28674
24126
28665
28675
24127
28666
28676
28667
28677
24129
28688
28698
24130
28689
28699
24131
28690
28700
24132
28691
28701
24133
28692
28702
24134
28693
28703
24135
28694
28704
24136
28695
28705
24137
28696
28706
28697
28707
24139
24178
28718
28728
24140
24179
28719
28729
24141
24180
28720
28730
24142
24181
28721
28731
24143
24182
28722
28732
24144
24183
28723
28733
24145
24184
28724
28734
24146
24185
28725
28735
24147
24186
28726
28736
24187
28727
28737
24149
28748
28758
24150
28749
28759
24151
28750
28760
24152
28751
28761
24153
28752
28762
24154
28753
28763
24155
28754
28764
24156
28755
28765
24157
28756
28766
28757
28767
24159
24318
28778
28788
31668
24160
24319
28779
28789
31669
24161
24320
28780
28790
31670
24162
24321
28781
28791
31671
24163
24322
28782
28792
31672
24164
24323
28783
28793
31673
24165
24324
28784
28794
31674
24166
24325
28785
28795
31675
24167
24326
28786
28796
31676
24327
28787
28797
31677
24169
28808
28818
31678
24170
28809
28819
31679
24171
28810
28820
31680
24172
28811
28821
31681
24173
28812
28822
31682
24174
28813
28823
31683
24175
28814
28824
31684
24176
28815
28825
31685
24177
28816
28826
31686
28817
28827
31687
24179
24328
28838
28848
24180
24329
28839
28849
24181
24330
28840
28850
24182
24331
28841
28851
24183
24332
28842
28852
24184
24333
28843
28853
24185
24334
28844
28854
24186
24335
28845
28855
24187
24336
28846
28856
24337
28847
28857
24189
24268
29034
29044
24190
24269
29035
29045
24191
24270
29036
29046
24192
24271
29037
29047
24193
24272
29038
29048
24194
24273
29039
29049
24195
24274
29040
29050
24196
24275
29041
29051
24197
24276
29042
29052
24277
29043
29053
24199
29064
29074
24200
29065
29075
24201
29066
29076
24202
29067
29077
24203
29068
29078
24204
29069
29079
24205
29070
29080
24206
29071
29081
24207
29072
29082
29073
29083
24209
29094
29104
24210
29095
29105
24211
29096
29106
24212
29097
29107
24213
29098
29108
24214
29099
29109
24215
29100
29110
24216
29101
29111
24217
29102
29112
29103
29113
24219
24288
29124
29134
24220
24289
29125
29135
24221
24290
29126
29136
24222
24291
29127
29137
24223
24292
29128
29138
24224
24293
29129
29139
24225
24294
29130
29140
24226
24295
29131
29141
24227
24296
29132
29142
24297
29133
29143
24229
29154
29164
24230
29155
29165
24231
29156
29166
24232
29157
29167
24233
29158
29168
24234
29159
29169
24235
29160
29170
24236
29161
29171
24237
29162
29172
29163
29173
24239
29184
29194
24240
29185
29195
24241
29186
29196
24242
29187
29197
24243
29188
29198
24244
29189
29199
24245
29190
29200
24246
29191
29201
24247
29192
29202
29193
29203
24249
24268
29214
29224
24250
24269
29215
29225
24251
24270
29216
29226
24252
24271
29217
29227
24253
24272
29218
29228
24254
24273
29219
29229
24255
24274
29220
29230
24256
24275
29221
29231
24257
24276
29222
29232
24277
29223
29233
24259
24298
29244
29254
24260
24299
29245
29255
24261
24300
29246
29256
24262
24301
29247
29257
24263
24302
29248
29258
24264
24303
29249
29259
24265
24304
29250
29260
24266
24305
29251
29261
24267
24306
29252
29262
24307
29253
29263
24269
29274
29284
24270
29275
29285
24271
29276
29286
24272
29277
29287
24273
29278
29288
24274
29279
29289
24275
29280
29290
24276
29281
29291
24277
29282
29292
29283
29293
24279
24348
24428
29304
29314
24280
24349
24429
29305
29315
24281
24350
24430
29306
29316
24282
24351
24431
29307
29317
24283
24352
24432
29308
29318
24284
24353
24433
29309
29319
24285
24354
24434
29310
29320
24286
24355
24435
29311
29321
24287
24356
24436
29312
29322
24357
24437
29313
29323
24289
24358
29334
29344
24290
24359
29335
29345
24291
24360
29336
29346
24292
24361
29337
29347
24293
24362
29338
29348
24294
24363
29339
29349
24295
24364
29340
29350
24296
24365
29341
29351
24297
24366
29342
29352
24367
29343
29353
24299
24438
29364
29374
24300
24439
29365
29375
24301
24440
29366
29376
24302
24441
29367
29377
24303
24442
29368
29378
24304
24443
29369
29379
24305
24444
29370
29380
24306
24445
29371
29381
24307
24446
29372
29382
24447
29373
29383
24309
24378
29394
29404
24310
24379
29395
29405
24311
24380
29396
29406
24312
24381
29397
29407
24313
24382
29398
29408
24314
24383
29399
29409
24315
24384
29400
29410
24316
24385
29401
29411
24317
24386
29402
29412
24387
29403
29413
24319
29424
29434
31306
24320
29425
29435
31307
24321
29426
29436
31308
24322
29427
29437
31309
24323
29428
29438
31310
24324
29429
29439
31311
24325
29430
29440
31312
24326
29431
29441
31313
24327
29432
29442
31314
29433
29443
31315
24329
29454
29464
24330
29455
29465
24331
29456
29466
24332
29457
29467
24333
29458
29468
24334
29459
29469
24335
29460
29470
24336
29461
29471
24337
29462
29472
29463
29473
24339
24378
29504
29514
24340
24379
29505
29515
24341
24380
29506
29516
24342
24381
29507
29517
24343
24382
29508
29518
24344
24383
29509
29519
24345
24384
29510
29520
24346
24385
29511
29521
24347
24386
29512
29522
24387
29513
29523
24349
29534
29544
24350
29535
29545
24351
29536
29546
24352
29537
29547
24353
29538
29548
24354
29539
29549
24355
29540
29550
24356
29541
29551
24357
29542
29552
29543
29553
24359
29564
29574
24360
29565
29575
24361
29566
29576
24362
29567
29577
24363
29568
29578
24364
29569
29579
24365
29570
29580
24366
29571
29581
24367
29572
29582
29573
29583
24369
24408
29594
29604
24370
24409
29595
29605
24371
24410
29596
29606
24372
24411
29597
29607
24373
24412
29598
29608
24374
24413
29599
29609
24375
24414
29600
29610
24376
24415
29601
29611
24377
24416
29602
29612
24417
29603
29613
24379
29624
29634
24380
29625
29635
24381
29626
29636
24382
29627
29637
24383
29628
29638
24384
29629
29639
24385
29630
29640
24386
29631
29641
24387
29632
29642
29633
29643
24389
29654
29664
31382
31830
24390
29655
29665
31383
31831
24391
29656
29666
31384
31832
24392
29657
29667
31385
31833
24393
29658
29668
31386
31834
24394
29659
29669
31387
31835
24395
29660
29670
31388
31836
24396
29661
29671
31389
31837
24397
29662
29672
31390
31838
29663
29673
31391
31839
24399
29684
29694
31326
31840
24400
29685
29695
31327
31841
24401
29686
29696
31328
31842
24402
29687
29697
31329
31843
24403
29688
29698
31330
31844
24404
29689
29699
31331
31845
24405
29690
29700
31332
31846
24406
29691
29701
31333
31847
24407
29692
29702
31334
31848
29693
29703
31335
31849
24409
24548
29714
29724
24410
24549
29715
29725
24411
24550
29716
29726
24412
24551
29717
29727
24413
24552
29718
29728
24414
24553
29719
29729
24415
24554
29720
29730
24416
24555
29721
29731
24417
24556
29722
29732
24557
29723
29733
24419
24518
29910
29920
24420
24519
29911
29921
24421
24520
29912
29922
24422
24521
29913
29923
24423
24522
29914
29924
24424
24523
29915
29925
24425
24524
29916
29926
24426
24525
29917
29927
24427
24526
29918
29928
24527
29919
29929
24429
29940
29950
24430
29941
29951
24431
29942
29952
24432
29943
29953
24433
29944
29954
24434
29945
29955
24435
29946
29956
24436
29947
29957
24437
29948
29958
29949
29959
24439
29970
29980
24440
29971
29981
24441
29972
29982
24442
29973
29983
24443
29974
29984
24444
29975
29985
24445
29976
29986
24446
29977
29987
24447
29978
29988
29979
29989
24449
24528
30000
30010
24450
24529
30001
30011
24451
24530
30002
30012
24452
24531
30003
30013
24453
24532
30004
30014
24454
24533
30005
30015
24455
24534
30006
30016
24456
24535
30007
30017
24457
24536
30008
30018
24537
30009
30019
24459
30030
30040
24460
30031
30041
24461
30032
30042
24462
30033
30043
24463
30034
30044
24464
30035
30045
24465
30036
30046
24466
30037
30047
24467
30038
30048
30039
30049
24469
30060
30070
24470
30061
30071
24471
30062
30072
24472
30063
30073
24473
30064
30074
24474
30065
30075
24475
30066
30076
24476
30067
30077
24477
30068
30078
30069
30079
24479
24508
30090
30100
24480
24509
30091
30101
24481
24510
30092
30102
24482
24511
30093
30103
24483
24512
30094
30104
24484
24513
30095
30105
24485
24514
30096
30106
24486
24515
30097
30107
24487
24516
30098
30108
24517
30099
30109
24489
24518
30120
30130
24490
24519
30121
30131
24491
24520
30122
30132
24492
24521
30123
30133
24493
24522
30124
30134
24494
24523
30125
30135
24495
24524
30126
30136
24496
24525
30127
30137
24497
24526
30128
30138
24527
30129
30139
24499
24558
30150
30160
24500
24559
30151
30161
24501
24560
30152
30162
24502
24561
30153
30163
24503
24562
30154
30164
24504
24563
30155
30165
24505
24564
30156
30166
24506
24565
30157
30167
24507
24566
30158
30168
24567
30159
30169
24509
30180
30190
24510
30181
30191
24511
30182
30192
24512
30183
30193
24513
30184
30194
24514
30185
30195
24515
30186
30196
24516
30187
30197
24517
30188
30198
30189
30199
24519
30210
30220
24520
30211
30221
24521
30212
30222
24522
30213
30223
24523
30214
30224
24524
30215
30225
24525
30216
30226
24526
30217
30227
24527
30218
30228
30219
30229
24529
24588
30240
30250
24530
24589
30241
30251
24531
24590
30242
30252
24532
24591
30243
30253
24533
24592
30244
30254
24534
24593
30245
30255
24535
24594
30246
30256
24536
24595
30247
30257
24537
24596
30248
30258
24597
30249
30259
24539
24618
30270
30280
24540
24619
30271
30281
24541
24620
30272
30282
24542
24621
30273
30283
24543
24622
30274
30284
24544
24623
30275
30285
24545
24624
30276
30286
24546
24625
30277
30287
24547
24626
30278
30288
24627
30279
30289
24549
30330
30340
24550
30331
30341
24551
30332
30342
24552
30333
30343
24553
30334
30344
24554
30335
30345
24555
30336
30346
24556
30337
30347
24557
30338
30348
30339
30349
24559
30380
30390
24560
30381
30391
24561
30382
30392
24562
30383
30393
24563
30384
30394
24564
30385
30395
24565
30386
30396
24566
30387
30397
24567
30388
30398
30389
30399
24569
24608
30410
30420
24570
24609
30411
30421
24571
24610
30412
30422
24572
24611
30413
30423
24573
24612
30414
30424
24574
24613
30415
30425
24575
24614
30416
30426
24576
24615
30417
30427
24577
24616
30418
30428
24617
30419
30429
24579
24618
30440
30450
24580
24619
30441
30451
24581
24620
30442
30452
24582
24621
30443
30453
24583
24622
30444
30454
24584
24623
30445
30455
24585
24624
30446
30456
24586
24625
30447
30457
24587
24626
30448
30458
24627
30449
30459
24589
30470
30480
24590
30471
30481
24591
30472
30482
24592
30473
30483
24593
30474
30484
24594
30475
30485
24595
30476
30486
24596
30477
30487
24597
30478
30488
30479
30489
24599
30500
30510
30894
31982
24600
30501
30511
30895
31983
24601
30502
30512
30896
31984
24602
30503
30513
30897
31985
24603
30504
30514
30898
31986
24604
30505
30515
30899
31987
24605
30506
30516
30900
31988
24606
30507
30517
30901
31989
24607
30508
30518
30902
31990
30509
30519
30903
31991
24609
30530
30540
24610
30531
30541
24611
30532
30542
24612
30533
30543
24613
30534
30544
24614
30535
30545
24615
30536
30546
24616
30537
30547
24617
30538
30548
30539
30549
24619
30560
30570
24620
30561
30571
24621
30562
30572
24622
30563
30573
24623
30564
30574
24624
30565
30575
24625
30566
30576
24626
30567
30577
24627
30568
30578
30569
30579
24629
30590
30600
31412
32012
24630
30591
30601
31413
32013
24631
30592
30602
31414
32014
24632
30593
30603
31415
32015
24633
30594
30604
31416
32016
24634
30595
30605
31417
32017
24635
30596
30606
31418
32018
24636
30597
30607
31419
32019
24637
30598
30608
31420
32020
30599
30609
31421
32021
24639
24653
24654
24717
24640
24655
24718
24641
24656
24719
24642
24657
24720
24643
24658
24721
24644
24659
24722
24660
24723
24646
24653
24689
24690
25815
24647
24654
24691
25816
24648
24655
24692
25817
24649
24656
24693
25818
24650
24657
24694
25819
24651
24658
24695
25820
24652
24659
24696
25821
24660
24697
25822
24654
24708
24709
24732
24655
24710
24733
24656
24711
24734
24657
24712
24735
24658
24713
24736
24659
24714
24737
24660
24715
24738
24716
24739
24662
24680
24698
30040
24663
24680
24699
30041
24664
24681
24700
30042
24665
24682
24701
30043
24666
24683
24702
30044
24667
24684
24703
30045
24668
24685
24704
30046
24669
24686
24705
30047
24670
24687
24706
30048
24688
24707
30049
24672
24680
24724
25746
24673
24681
24724
25747
24674
24682
24725
25748
24675
24683
24726
25749
24676
24684
24727
25750
24677
24685
24728
25751
24678
24686
24729
25752
24679
24687
24730
25753
24688
24731
25754
24681
24708
24732
24682
24709
24732
24683
24710
24733
24684
24711
24734
24685
24712
24735
24686
24713
24736
24687
24714
24737
24688
24715
24738
24716
24739
24690
24708
25859
24691
24709
25860
24692
24710
25861
24693
24711
25862
24694
24712
25863
24695
24713
25864
24696
24714
25865
24697
24715
25866
24716
25867
24699
24708
30090
24700
24708
30091
24701
24709
30092
24702
24710
30093
24703
24711
30094
24704
24712
30095
24705
24713
30096
24706
24714
30097
24707
24715
30098
24716
30099
24709
24710
24711
24712
24713
24714
24715
24716
24718
24732
24733
24719
24734
24720
24735
24721
24736
24722
24737
24723
24738
24739
24725
24732
25792
24726
24733
25793
24727
24734
25794
24728
24735
25795
24729
24736
25796
24730
24737
25797
24731
24738
25798
24739
25799
24733
24734
24735
24736
24737
24738
24739
24741
24755
24756
24819
24742
24757
24820
24743
24758
24821
24744
24759
24822
24745
24760
24823
24746
24761
24824
24762
24825
24748
24755
24791
24792
25917
24749
24756
24793
25918
24750
24757
24794
25919
24751
24758
24795
25920
24752
24759
24796
25921
24753
24760
24797
25922
24754
24761
24798
25923
24762
24799
25924
24756
24810
24811
24834
24757
24812
24835
24758
24813
24836
24759
24814
24837
24760
24815
24838
24761
24816
24839
24762
24817
24840
24818
24841
24764
24782
24800
30380
24765
24782
24801
30381
24766
24783
24802
30382
24767
24784
24803
30383
24768
24785
24804
30384
24769
24786
24805
30385
24770
24787
24806
30386
24771
24788
24807
30387
24772
24789
24808
30388
24790
24809
30389
24774
24782
24826
25841
24775
24783
24826
25842
24776
24784
24827
25843
24777
24785
24828
25844
24778
24786
24829
25845
24779
24787
24830
25846
24780
24788
24831
25847
24781
24789
24832
25848
24790
24833
25849
24783
24810
24834
24784
24811
24834
24785
24812
24835
24786
24813
24836
24787
24814
24837
24788
24815
24838
24789
24816
24839
24790
24817
24840
24818
24841
24792
24810
25961
24793
24811
25962
24794
24812
25963
24795
24813
25964
24796
24814
25965
24797
24815
25966
24798
24816
25967
24799
24817
25968
24818
25969
24801
24810
30410
24802
24810
30411
24803
24811
30412
24804
24812
30413
24805
24813
30414
24806
24814
30415
24807
24815
30416
24808
24816
30417
24809
24817
30418
24818
30419
24811
24812
24813
24814
24815
24816
24817
24818
24820
24834
24835
24821
24836
24822
24837
24823
24838
24824
24839
24825
24840
24841
24827
24834
25894
24828
24835
25895
24829
24836
25896
24830
24837
25897
24831
24838
25898
24832
24839
25899
24833
24840
25900
24841
25901
24835
24836
24837
24838
24839
24840
24841
24843
24859
24860
24868
32106
32113
24844
24861
24869
32106
32114
24845
24862
24870
32107
32115
24846
24863
24871
32108
32116
24847
24864
24872
32109
32117
24848
24865
24873
32110
32118
24849
24866
24874
32111
32119
24867
24875
32112
32120
24851
24859
24868
32121
32122
32131
24852
24860
24868
32123
32132
24853
24861
24869
32124
32133
24854
24862
24870
32125
32134
24855
24863
24871
32126
32135
24856
24864
24872
32127
32136
24857
24865
24873
32128
32137
24858
24866
24874
32129
32138
24867
24875
32130
32139
24860
32140
32149
32150
24861
32141
32151
24862
32142
32152
24863
32143
32153
24864
32144
32154
24865
32145
32155
24866
32146
32156
24867
32147
32157
32148
32158
24869
32159
32166
24870
32159
32167
24871
32160
32168
24872
32161
32169
24873
32162
32170
24874
32163
32171
24875
32164
32172
32165
32173
24877
24889
24895
24896
32182
32188
24878
24890
24897
32183
32188
24879
24891
24898
32184
32189
24880
24892
24899
32185
32190
24881
24893
24900
32186
32191
24894
24901
32187
32192
24883
24889
24895
32193
32200
32201
24884
24889
24896
32194
32202
24885
24890
24897
32195
32203
24886
24891
24898
32196
32204
24887
24892
24899
32197
32205
24888
24893
24900
32198
32206
24894
24901
32199
32207
24890
32208
32213
24891
32208
32214
24892
32209
32215
24893
32210
32216
24894
32211
32217
32212
32218
24896
32219
32226
32227
24897
32220
32228
24898
32221
32229
24899
32222
32230
24900
32223
32231
24901
32224
32232
32225
32233
24903
24917
24918
24981
24904
24919
24982
24905
24920
24983
24906
24921
24984
24907
24922
24985
24908
24923
24986
24924
24987
24910
24917
24953
24954
25011
24911
24918
24955
25012
24912
24919
24956
25013
24913
24920
24957
25014
24914
24921
24958
25015
24915
24922
24959
25016
24916
24923
24960
25017
24924
24961
25018
24918
24972
24973
24996
24919
24974
24997
24920
24975
24998
24921
24976
24999
24922
24977
25000
24923
24978
25001
24924
24979
25002
24980
25003
24926
24944
24962
26048
24927
24944
24963
26049
24928
24945
24964
26050
24929
24946
24965
26051
24930
24947
24966
26052
24931
24948
24967
26053
24932
24949
24968
26054
24933
24950
24969
26055
24934
24951
24970
26056
24952
24971
26057
24936
24944
24988
24937
24945
24988
24938
24946
24989
24939
24947
24990
24940
24948
24991
24941
24949
24992
24942
24950
24993
24943
24951
24994
24952
24995
24945
24972
24996
24946
24973
24996
24947
24974
24997
24948
24975
24998
24949
24976
24999
24950
24977
25000
24951
24978
25001
24952
24979
25002
24980
25003
24954
24972
25055
24955
24973
25056
24956
24974
25057
24957
24975
25058
24958
24976
25059
24959
24977
25060
24960
24978
25061
24961
24979
25062
24980
25063
24963
24972
26078
24964
24972
26079
24965
24973
26080
24966
24974
26081
24967
24975
26082
24968
24976
26083
24969
24977
26084
24970
24978
26085
24971
24979
26086
24980
26087
24973
24974
24975
24976
24977
24978
24979
24980
24982
24996
24997
24983
24998
24984
24999
24985
25000
24986
25001
24987
25002
25003
24989
24996
24990
24997
24991
24998
24992
24999
24993
25000
24994
25001
24995
25002
25003
24997
24998
24999
25000
25001
25002
25003
25005
25019
25020
25083
25006
25021
25084
25007
25022
25085
25008
25023
25086
25009
25024
25087
25010
25025
25088
25026
25089
25012
25019
25055
25056
25013
25020
25057
25014
25021
25058
25015
25022
25059
25016
25023
25060
25017
25024
25061
25018
25025
25062
25026
25063
25020
25074
25075
25098
25021
25076
25099
25022
25077
25100
25023
25078
25101
25024
25079
25102
25025
25080
25103
25026
25081
25104
25082
25105
25028
25046
25064
27392
25029
25046
25065
27393
25030
25047
25066
27394
25031
25048
25067
27395
25032
25049
25068
27396
25033
25050
25069
27397
25034
25051
25070
27398
25035
25052
25071
27399
25036
25053
25072
27400
25054
25073
27401
25038
25046
25090
25129
25039
25047
25090
25130
25040
25048
25091
25131
25041
25049
25092
25132
25042
25050
25093
25133
25043
25051
25094
25134
25044
25052
25095
25135
25045
25053
25096
25136
25054
25097
25137
25047
25074
25098
25048
25075
25098
25049
25076
25099
25050
25077
25100
25051
25078
25101
25052
25079
25102
25053
25080
25103
25054
25081
25104
25082
25105
25056
25074
25057
25075
25058
25076
25059
25077
25060
25078
25061
25079
25062
25080
25063
25081
25082
25065
25074
27422
25066
25074
27423
25067
25075
27424
25068
25076
27425
25069
25077
27426
25070
25078
27427
25071
25079
27428
25072
25080
27429
25073
25081
27430
25082
27431
25075
25076
25077
25078
25079
25080
25081
25082
25084
25098
25099
25085
25100
25086
25101
25087
25102
25088
25103
25089
25104
25105
25091
25098
25164
25092
25099
25165
25093
25100
25166
25094
25101
25167
25095
25102
25168
25096
25103
25169
25097
25104
25170
25105
25171
25099
25100
25101
25102
25103
25104
25105
25107
25121
25122
25157
25108
25123
25158
25109
25124
25159
25110
25125
25160
25111
25126
25161
25112
25127
25162
25128
25163
25114
25121
25180
25181
25215
25115
25122
25182
25216
25116
25123
25183
25217
25117
25124
25184
25218
25118
25125
25185
25219
25119
25126
25186
25220
25120
25127
25187
25221
25128
25188
25222
25122
25172
25199
25200
25123
25173
25201
25124
25174
25202
25125
25175
25203
25126
25176
25204
25127
25177
25205
25128
25178
25206
25179
25207
25130
25148
25164
25131
25149
25164
25132
25150
25165
25133
25151
25166
25134
25152
25167
25135
25153
25168
25136
25154
25169
25137
25155
25170
25156
25171
25139
25148
25189
26354
25140
25148
25190
26355
25141
25149
25191
26356
25142
25150
25192
26357
25143
25151
25193
26358
25144
25152
25194
26359
25145
25153
25195
26360
25146
25154
25196
26361
25147
25155
25197
26362
25156
25198
26363
25149
25172
25199
25150
25172
25200
25151
25173
25201
25152
25174
25202
25153
25175
25203
25154
25176
25204
25155
25177
25205
25156
25178
25206
25179
25207
25158
25172
25173
25159
25174
25160
25175
25161
25176
25162
25177
25163
25178
25179
25165
25172
25166
25173
25167
25174
25168
25175
25169
25176
25170
25177
25171
25178
25179
25173
25174
25175
25176
25177
25178
25179
25181
25199
25259
25182
25200
25260
25183
25201
25261
25184
25202
25262
25185
25203
25263
25186
25204
25264
25187
25205
25265
25188
25206
25266
25207
25267
25190
25199
26384
25191
25199
26385
25192
25200
26386
25193
25201
26387
25194
25202
26388
25195
25203
26389
25196
25204
26390
25197
25205
26391
25198
25206
26392
25207
26393
25200
25201
25202
25203
25204
25205
25206
25207
25209
25223
25224
25287
25210
25225
25288
25211
25226
25289
25212
25227
25290
25213
25228
25291
25214
25229
25292
25230
25293
25216
25223
25259
25260
25217
25224
25261
25218
25225
25262
25219
25226
25263
25220
25227
25264
25221
25228
25265
25222
25229
25266
25230
25267
25224
25278
25279
25302
25225
25280
25303
25226
25281
25304
25227
25282
25305
25228
25283
25306
25229
25284
25307
25230
25285
25308
25286
25309
25232
25250
25268
28278
25233
25250
25269
28279
25234
25251
25270
28280
25235
25252
25271
28281
25236
25253
25272
28282
25237
25254
25273
28283
25238
25255
25274
28284
25239
25256
25275
28285
25240
25257
25276
28286
25258
25277
28287
25242
25250
25294
25333
25243
25251
25294
25334
25244
25252
25295
25335
25245
25253
25296
25336
25246
25254
25297
25337
25247
25255
25298
25338
25248
25256
25299
25339
25249
25257
25300
25340
25258
25301
25341
25251
25278
25302
25252
25279
25302
25253
25280
25303
25254
25281
25304
25255
25282
25305
25256
25283
25306
25257
25284
25307
25258
25285
25308
25286
25309
25260
25278
25261
25279
25262
25280
25263
25281
25264
25282
25265
25283
25266
25284
25267
25285
25286
25269
25278
28308
25270
25278
28309
25271
25279
28310
25272
25280
28311
25273
25281
28312
25274
25282
28313
25275
25283
28314
25276
25284
28315
25277
25285
28316
25286
28317
25279
25280
25281
25282
25283
25284
25285
25286
25288
25302
25303
25289
25304
25290
25305
25291
25306
25292
25307
25293
25308
25309
25295
25302
25368
25296
25303
25369
25297
25304
25370
25298
25305
25371
25299
25306
25372
25300
25307
25373
25301
25308
25374
25309
25375
25303
25304
25305
25306
25307
25308
25309
25311
25325
25326
25361
25312
25327
25362
25313
25328
25363
25314
25329
25364
25315
25330
25365
25316
25331
25366
25332
25367
25318
25325
25384
25385
25419
25319
25326
25386
25420
25320
25327
25387
25421
25321
25328
25388
25422
25322
25329
25389
25423
25323
25330
25390
25424
25324
25331
25391
25425
25332
25392
25426
25326
25376
25403
25404
25327
25377
25405
25328
25378
25406
25329
25379
25407
25330
25380
25408
25331
25381
25409
25332
25382
25410
25383
25411
25334
25352
25368
25335
25353
25368
25336
25354
25369
25337
25355
25370
25338
25356
25371
25339
25357
25372
25340
25358
25373
25341
25359
25374
25360
25375
25343
25352
25393
26660
25344
25352
25394
26661
25345
25353
25395
26662
25346
25354
25396
26663
25347
25355
25397
26664
25348
25356
25398
26665
25349
25357
25399
26666
25350
25358
25400
26667
25351
25359
25401
26668
25360
25402
26669
25353
25376
25403
25354
25376
25404
25355
25377
25405
25356
25378
25406
25357
25379
25407
25358
25380
25408
25359
25381
25409
25360
25382
25410
25383
25411
25362
25376
25377
25363
25378
25364
25379
25365
25380
25366
25381
25367
25382
25383
25369
25376
25370
25377
25371
25378
25372
25379
25373
25380
25374
25381
25375
25382
25383
25377
25378
25379
25380
25381
25382
25383
25385
25403
25463
25386
25404
25464
25387
25405
25465
25388
25406
25466
25389
25407
25467
25390
25408
25468
25391
25409
25469
25392
25410
25470
25411
25471
25394
25403
26690
25395
25403
26691
25396
25404
26692
25397
25405
26693
25398
25406
26694
25399
25407
26695
25400
25408
26696
25401
25409
26697
25402
25410
26698
25411
26699
25404
25405
25406
25407
25408
25409
25410
25411
25413
25427
25428
25491
25414
25429
25492
25415
25430
25493
25416
25431
25494
25417
25432
25495
25418
25433
25496
25434
25497
25420
25427
25463
25464
25421
25428
25465
25422
25429
25466
25423
25430
25467
25424
25431
25468
25425
25432
25469
25426
25433
25470
25434
25471
25428
25482
25483
25506
25429
25484
25507
25430
25485
25508
25431
25486
25509
25432
25487
25510
25433
25488
25511
25434
25489
25512
25490
25513
25436
25454
25472
29154
25437
25454
25473
29155
25438
25455
25474
29156
25439
25456
25475
29157
25440
25457
25476
29158
25441
25458
25477
29159
25442
25459
25478
29160
25443
25460
25479
29161
25444
25461
25480
29162
25462
25481
29163
25446
25454
25498
25537
25447
25455
25498
25538
25448
25456
25499
25539
25449
25457
25500
25540
25450
25458
25501
25541
25451
25459
25502
25542
25452
25460
25503
25543
25453
25461
25504
25544
25462
25505
25545
25455
25482
25506
25456
25483
25506
25457
25484
25507
25458
25485
25508
25459
25486
25509
25460
25487
25510
25461
25488
25511
25462
25489
25512
25490
25513
25464
25482
25465
25483
25466
25484
25467
25485
25468
25486
25469
25487
25470
25488
25471
25489
25490
25473
25482
29184
25474
25482
29185
25475
25483
29186
25476
25484
29187
25477
25485
29188
25478
25486
29189
25479
25487
29190
25480
25488
29191
25481
25489
29192
25490
29193
25483
25484
25485
25486
25487
25488
25489
25490
25492
25506
25507
25493
25508
25494
25509
25495
25510
25496
25511
25497
25512
25513
25499
25506
25572
25500
25507
25573
25501
25508
25574
25502
25509
25575
25503
25510
25576
25504
25511
25577
25505
25512
25578
25513
25579
25507
25508
25509
25510
25511
25512
25513
25515
25529
25530
25565
25516
25531
25566
25517
25532
25567
25518
25533
25568
25519
25534
25569
25520
25535
25570
25536
25571
25522
25529
25588
25589
25623
25523
25530
25590
25624
25524
25531
25591
25625
25525
25532
25592
25626
25526
25533
25593
25627
25527
25534
25594
25628
25528
25535
25595
25629
25536
25596
25630
25530
25580
25607
25608
25531
25581
25609
25532
25582
25610
25533
25583
25611
25534
25584
25612
25535
25585
25613
25536
25586
25614
25587
25615
25538
25556
25572
25539
25557
25572
25540
25558
25573
25541
25559
25574
25542
25560
25575
25543
25561
25576
25544
25562
25577
25545
25563
25578
25564
25579
25547
25556
25597
26966
25548
25556
25598
26967
25549
25557
25599
26968
25550
25558
25600
26969
25551
25559
25601
26970
25552
25560
25602
26971
25553
25561
25603
26972
25554
25562
25604
26973
25555
25563
25605
26974
25564
25606
26975
25557
25580
25607
25558
25580
25608
25559
25581
25609
25560
25582
25610
25561
25583
25611
25562
25584
25612
25563
25585
25613
25564
25586
25614
25587
25615
25566
25580
25581
25567
25582
25568
25583
25569
25584
25570
25585
25571
25586
25587
25573
25580
25574
25581
25575
25582
25576
25583
25577
25584
25578
25585
25579
25586
25587
25581
25582
25583
25584
25585
25586
25587
25589
25607
25667
25590
25608
25668
25591
25609
25669
25592
25610
25670
25593
25611
25671
25594
25612
25672
25595
25613
25673
25596
25614
25674
25615
25675
25598
25607
26996
25599
25607
26997
25600
25608
26998
25601
25609
26999
25602
25610
27000
25603
25611
27001
25604
25612
27002
25605
25613
27003
25606
25614
27004
25615
27005
25608
25609
25610
25611
25612
25613
25614
25615
25617
25631
25632
25695
25618
25633
25696
25619
25634
25697
25620
25635
25698
25621
25636
25699
25622
25637
25700
25638
25701
25624
25631
25667
25668
25625
25632
25669
25626
25633
25670
25627
25634
25671
25628
25635
25672
25629
25636
25673
25630
25637
25674
25638
25675
25632
25686
25687
25710
25633
25688
25711
25634
25689
25712
25635
25690
25713
25636
25691
25714
25637
25692
25715
25638
25693
25716
25694
25717
25640
25658
25676
30030
25641
25658
25677
30031
25642
25659
25678
30032
25643
25660
25679
30033
25644
25661
25680
30034
25645
25662
25681
30035
25646
25663
25682
30036
25647
25664
25683
30037
25648
25665
25684
30038
25666
25685
30039
25650
25658
25702
25738
25651
25659
25702
25738
25652
25660
25703
25739
25653
25661
25704
25740
25654
25662
25705
25741
25655
25663
25706
25742
25656
25664
25707
25743
25657
25665
25708
25744
25666
25709
25745
25659
25686
25710
25660
25687
25710
25661
25688
25711
25662
25689
25712
25663
25690
25713
25664
25691
25714
25665
25692
25715
25666
25693
25716
25694
25717
25668
25686
25669
25687
25670
25688
25671
25689
25672
25690
25673
25691
25674
25692
25675
25693
25694
25677
25686
30060
25678
25686
30061
25679
25687
30062
25680
25688
30063
25681
25689
30064
25682
25690
30065
25683
25691
30066
25684
25692
30067
25685
25693
30068
25694
30069
25687
25688
25689
25690
25691
25692
25693
25694
25696
25710
25711
25697
25712
25698
25713
25699
25714
25700
25715
25701
25716
25717
25703
25710
25770
25704
25711
25771
25705
25712
25772
25706
25713
25773
25707
25714
25774
25708
25715
25775
25709
25716
25776
25717
25777
25711
25712
25713
25714
25715
25716
25717
25719
25731
25732
25763
25764
25720
25733
25765
25721
25734
25766
25722
25735
25767
25723
25736
25768
25737
25769
25725
25731
25785
25726
25732
25786
25727
25733
25787
25728
25734
25788
25729
25735
25789
25730
25736
25790
25737
25791
25732
25778
25800
25801
25733
25779
25802
25734
25780
25803
25735
25781
25804
25736
25782
25805
25737
25783
25806
25784
25807
25739
25755
25770
25740
25756
25771
25741
25757
25772
25742
25758
25773
25743
25759
25774
25744
25760
25775
25745
25761
25776
25762
25777
25747
25755
25792
25748
25755
25792
25749
25756
25793
25750
25757
25794
25751
25758
25795
25752
25759
25796
25753
25760
25797
25754
25761
25798
25762
25799
25756
25778
25800
25757
25778
25801
25758
25779
25802
25759
25780
25803
25760
25781
25804
25761
25782
25805
25762
25783
25806
25784
25807
25764
25778
25765
25779
25766
25780
25767
25781
25768
25782
25769
25783
25784
25771
25778
25772
25778
25773
25779
25774
25780
25775
25781
25776
25782
25777
25783
25784
25779
25780
25781
25782
25783
25784
25786
25800
25801
25787
25802
25788
25803
25789
25804
25790
25805
25791
25806
25807
25793
25800
25794
25801
25795
25802
25796
25803
25797
25804
25798
25805
25799
25806
25807
25801
25802
25803
25804
25805
25806
25807
25809
25823
25824
25887
25810
25825
25888
25811
25826
25889
25812
25827
25890
25813
25828
25891
25814
25829
25892
25830
25893
25816
25823
25859
25860
25817
25824
25861
25818
25825
25862
25819
25826
25863
25820
25827
25864
25821
25828
25865
25822
25829
25866
25830
25867
25824
25878
25879
25902
25825
25880
25903
25826
25881
25904
25827
25882
25905
25828
25883
25906
25829
25884
25907
25830
25885
25908
25886
25909
25832
25850
25868
30150
25833
25850
25869
30151
25834
25851
25870
30152
25835
25852
25871
30153
25836
25853
25872
30154
25837
25854
25873
30155
25838
25855
25874
30156
25839
25856
25875
30157
25840
25857
25876
30158
25858
25877
30159
25842
25850
25894
25843
25851
25894
25844
25852
25895
25845
25853
25896
25846
25854
25897
25847
25855
25898
25848
25856
25899
25849
25857
25900
25858
25901
25851
25878
25902
25852
25879
25902
25853
25880
25903
25854
25881
25904
25855
25882
25905
25856
25883
25906
25857
25884
25907
25858
25885
25908
25886
25909
25860
25878
25861
25879
25862
25880
25863
25881
25864
25882
25865
25883
25866
25884
25867
25885
25886
25869
25878
30180
25870
25878
30181
25871
25879
30182
25872
25880
30183
25873
25881
30184
25874
25882
30185
25875
25883
30186
25876
25884
30187
25877
25885
30188
25886
30189
25879
25880
25881
25882
25883
25884
25885
25886
25888
25902
25903
25889
25904
25890
25905
25891
25906
25892
25907
25893
25908
25909
25895
25902
25896
25903
25897
25904
25898
25905
25899
25906
25900
25907
25901
25908
25909
25903
25904
25905
25906
25907
25908
25909
25911
25925
25926
25989
25912
25927
25990
25913
25928
25991
25914
25929
25992
25915
25930
25993
25916
25931
25994
25932
25995
25918
25925
25961
25962
25919
25926
25963
25920
25927
25964
25921
25928
25965
25922
25929
25966
25923
25930
25967
25924
25931
25968
25932
25969
25926
25980
25981
25996
25927
25982
25997
25928
25983
25998
25929
25984
25999
25930
25985
26000
25931
25986
26001
25932
25987
26002
25988
26003
25934
25952
25970
30500
30894
25935
25952
25971
30501
30895
25936
25953
25972
30502
30896
25937
25954
25973
30503
30897
25938
25955
25974
30504
30898
25939
25956
25975
30505
30899
25940
25957
25976
30506
30900
25941
25958
25977
30507
30901
25942
25959
25978
30508
30902
25960
25979
30509
30903
25944
25952
30894
30895
32131
32174
25945
25953
30896
32132
32174
25946
25954
30897
32133
32175
25947
25955
30898
32134
32176
25948
25956
30899
32135
32177
25949
25957
30900
32136
32178
25950
25958
30901
32137
32179
25951
25959
30902
32138
32180
25960
30903
32139
32181
25953
25980
25996
25954
25981
25996
25955
25982
25997
25956
25983
25998
25957
25984
25999
25958
25985
26000
25959
25986
26001
25960
25987
26002
25988
26003
25962
25980
25963
25981
25964
25982
25965
25983
25966
25984
25967
25985
25968
25986
25969
25987
25988
25971
25980
30530
25972
25980
30531
25973
25981
30532
25974
25982
30533
25975
25983
30534
25976
25984
30535
25977
25985
30536
25978
25986
30537
25979
25987
30538
25988
30539
25981
25982
25983
25984
25985
25986
25987
25988
25990
25996
25997
30924
25991
25998
30925
25992
25999
30926
25993
26000
30927
25994
26001
30928
25995
26002
30929
26003
30930
25997
32174
25998
32175
25999
32176
26000
32177
26001
32178
26002
32179
26003
32180
32181
26005
26021
26022
26030
32234
32241
26006
26023
26031
32234
32242
26007
26024
26032
32235
32243
26008
26025
26033
32236
32244
26009
26026
26034
32237
32245
26010
26027
26035
32238
32246
26011
26028
26036
32239
32247
26029
26037
32240
32248
26013
26021
26030
32249
32250
32259
26014
26022
26030
32251
32260
26015
26023
26031
32252
32261
26016
26024
26032
32253
32262
26017
26025
26033
32254
32263
26018
26026
26034
32255
32264
26019
26027
26035
32256
32265
26020
26028
26036
32257
32266
26029
26037
32258
32267
26022
32268
32277
32278
26023
32269
32279
26024
32270
32280
26025
32271
32281
26026
32272
32282
26027
32273
32283
26028
32274
32284
26029
32275
32285
32276
32286
26031
32287
32294
26032
32287
32295
26033
32288
32296
26034
32289
32297
26035
32290
32298
26036
32291
32299
26037
32292
32300
32293
32301
26039
26043
26046
32302
32305
32306
26040
26044
26046
32303
32307
26045
26047
32304
32308
26042
26043
26044
26046
32309
32311
26045
26047
32310
32311
26044
32312
32313
32316
26045
32314
32317
32315
32318
26047
32319
32321
32320
32321
26049
26068
26078
26050
26069
26079
26051
26070
26080
26052
26071
26081
26053
26072
26082
26054
26073
26083
26055
26074
26084
26056
26075
26085
26057
26076
26086
26077
26087
26059
26068
26138
26060
26069
26139
26061
26070
26140
26062
26071
26141
26063
26072
26142
26064
26073
26143
26065
26074
26144
26066
26075
26145
26067
26076
26146
26077
26147
26069
26098
26158
26070
26099
26159
26071
26100
26160
26072
26101
26161
26073
26102
26162
26074
26103
26163
26075
26104
26164
26076
26105
26165
26077
26106
26166
26107
26167
26079
26098
26080
26099
26081
26100
26082
26101
26083
26102
26084
26103
26085
26104
26086
26105
26087
26106
26107
26089
26098
26108
27432
26090
26099
26109
27433
26091
26100
26110
27434
26092
26101
26111
27435
26093
26102
26112
27436
26094
26103
26113
27437
26095
26104
26114
27438
26096
26105
26115
27439
26097
26106
26116
27440
26107
26117
27441
26099
26128
26100
26129
26101
26130
26102
26131
26103
26132
26104
26133
26105
26134
26106
26135
26107
26136
26137
26109
26128
27452
26110
26129
27453
26111
26130
27454
26112
26131
27455
26113
26132
27456
26114
26133
27457
26115
26134
27458
26116
26135
27459
26117
26136
27460
26137
27461
26119
26128
26148
27282
26120
26129
26149
27283
26121
26130
26150
27284
26122
26131
26151
27285
26123
26132
26152
27286
26124
26133
26153
27287
26125
26134
26154
27288
26126
26135
26155
27289
26127
26136
26156
27290
26137
26157
27291
26129
26158
26130
26159
26131
26160
26132
26161
26133
26162
26134
26163
26135
26164
26136
26165
26137
26166
26167
26139
26158
26140
26159
26141
26160
26142
26161
26143
26162
26144
26163
26145
26164
26146
26165
26147
26166
26167
26149
26158
27362
26150
26159
27363
26151
26160
27364
26152
26161
27365
26153
26162
27366
26154
26163
27367
26155
26164
27368
26156
26165
27369
26157
26166
27370
26167
27371
26159
26160
26161
26162
26163
26164
26165
26166
26167
26169
26188
26228
27752
26170
26189
26229
27753
26171
26190
26230
27754
26172
26191
26231
27755
26173
26192
26232
27756
26174
26193
26233
27757
26175
26194
26234
27758
26176
26195
26235
27759
26177
26196
26236
27760
26197
26237
27761
26179
26188
26258
27642
26180
26189
26259
27643
26181
26190
26260
27644
26182
26191
26261
27645
26183
26192
26262
27646
26184
26193
26263
27647
26185
26194
26264
27648
26186
26195
26265
27649
26187
26196
26266
27650
26197
26267
27651
26189
26248
26278
26190
26249
26279
26191
26250
26280
26192
26251
26281
26193
26252
26282
26194
26253
26283
26195
26254
26284
26196
26255
26285
26197
26256
26286
26257
26287
26199
26218
26238
27302
26200
26219
26239
27303
26201
26220
26240
27304
26202
26221
26241
27305
26203
26222
26242
27306
26204
26223
26243
27307
26205
26224
26244
27308
26206
26225
26245
27309
26207
26226
26246
27310
26227
26247
27311
26209
26218
26268
26210
26219
26269
26211
26220
26270
26212
26221
26271
26213
26222
26272
26214
26223
26273
26215
26224
26274
26216
26225
26275
26217
26226
26276
26227
26277
26219
26248
26278
26220
26249
26279
26221
26250
26280
26222
26251
26281
26223
26252
26282
26224
26253
26283
26225
26254
26284
26226
26255
26285
26227
26256
26286
26257
26287
26229
26248
27812
26230
26249
27813
26231
26250
27814
26232
26251
27815
26233
26252
27816
26234
26253
27817
26235
26254
27818
26236
26255
27819
26237
26256
27820
26257
27821
26239
26248
27342
26240
26249
27343
26241
26250
27344
26242
26251
27345
26243
26252
27346
26244
26253
27347
26245
26254
27348
26246
26255
27349
26247
26256
27350
26257
27351
26249
26250
26251
26252
26253
26254
26255
26256
26257
26259
26278
27722
26260
26279
27723
26261
26280
27724
26262
26281
27725
26263
26282
27726
26264
26283
27727
26265
26284
27728
26266
26285
27729
26267
26286
27730
26287
27731
26269
26278
26270
26279
26271
26280
26272
26281
26273
26282
26274
26283
26275
26284
26276
26285
26277
26286
26287
26279
26280
26281
26282
26283
26284
26285
26286
26287
26289
26308
26318
32322
32332
26290
26309
26319
32323
32333
26291
26310
26320
32324
32334
26292
26311
26321
32325
32335
26293
26312
26322
32326
32336
26294
26313
26323
32327
32337
26295
26314
26324
32328
32338
26296
26315
26325
32329
32339
26297
26316
26326
32330
32340
26317
26327
32331
32341
26299
26308
26318
32342
32352
26300
26309
26319
32343
32353
26301
26310
26320
32344
32354
26302
26311
26321
32345
32355
26303
26312
26322
32346
32356
26304
26313
26323
32347
32357
26305
26314
26324
32348
32358
26306
26315
26325
32349
32359
26307
26316
26326
32350
32360
26317
26327
32351
32361
26309
32362
32372
26310
32363
32373
26311
32364
32374
26312
32365
32375
26313
32366
32376
26314
32367
32377
26315
32368
32378
26316
32369
32379
26317
32370
32380
32371
32381
26319
32382
32392
26320
32383
32393
26321
32384
32394
26322
32385
32395
26323
32386
32396
26324
32387
32397
26325
32388
32398
26326
32389
32399
26327
32390
32400
32391
32401
26329
26341
26342
26348
32402
32408
26330
26343
26349
32403
32408
26331
26344
26350
32404
32409
26332
26345
26351
32405
32410
26333
26346
26352
32406
32411
26347
26353
32407
32412
26335
26341
26348
32413
32414
32421
26336
26342
26348
32415
32422
26337
26343
26349
32416
32423
26338
26344
26350
32417
32424
26339
26345
26351
32418
32425
26340
26346
26352
32419
32426
26347
26353
32420
32427
26342
32428
32435
32436
26343
32429
32437
26344
32430
32438
26345
32431
32439
26346
32432
32440
26347
32433
32441
32434
32442
26349
32443
32448
26350
32443
32449
26351
32444
32450
26352
32445
32451
26353
32446
32452
32447
32453
26355
26374
26384
26356
26375
26385
26357
26376
26386
26358
26377
26387
26359
26378
26388
26360
26379
26389
26361
26380
26390
26362
26381
26391
26363
26382
26392
26383
26393
26365
26374
26444
27402
26366
26375
26445
27403
26367
26376
26446
27404
26368
26377
26447
27405
26369
26378
26448
27406
26370
26379
26449
27407
26371
26380
26450
27408
26372
26381
26451
27409
26373
26382
26452
27410
26383
26453
27411
26375
26404
26464
26376
26405
26465
26377
26406
26466
26378
26407
26467
26379
26408
26468
26380
26409
26469
26381
26410
26470
26382
26411
26471
26383
26412
26472
26413
26473
26385
26404
26386
26405
26387
26406
26388
26407
26389
26408
26390
26409
26391
26410
26392
26411
26393
26412
26413
26395
26404
26414
28318
26396
26405
26415
28319
26397
26406
26416
28320
26398
26407
26417
28321
26399
26408
26418
28322
26400
26409
26419
28323
26401
26410
26420
28324
26402
26411
26421
28325
26403
26412
26422
28326
26413
26423
28327
26405
26434
26406
26435
26407
26436
26408
26437
26409
26438
26410
26439
26411
26440
26412
26441
26413
26442
26443
26415
26434
28338
26416
26435
28339
26417
26436
28340
26418
26437
28341
26419
26438
28342
26420
26439
28343
26421
26440
28344
26422
26441
28345
26423
26442
28346
26443
28347
26425
26434
26454
28158
26426
26435
26455
28159
26427
26436
26456
28160
26428
26437
26457
28161
26429
26438
26458
28162
26430
26439
26459
28163
26431
26440
26460
28164
26432
26441
26461
28165
26433
26442
26462
28166
26443
26463
28167
26435
26464
26436
26465
26437
26466
26438
26467
26439
26468
26440
26469
26441
26470
26442
26471
26443
26472
26473
26445
26464
27482
26446
26465
27483
26447
26466
27484
26448
26467
27485
26449
26468
27486
26450
26469
27487
26451
26470
27488
26452
26471
27489
26453
26472
27490
26473
27491
26455
26464
28218
26456
26465
28219
26457
26466
28220
26458
26467
28221
26459
26468
28222
26460
26469
28223
26461
26470
28224
26462
26471
28225
26463
26472
28226
26473
28227
26465
26466
26467
26468
26469
26470
26471
26472
26473
26475
26494
26534
28518
26476
26495
26535
28519
26477
26496
26536
28520
26478
26497
26537
28521
26479
26498
26538
28522
26480
26499
26539
28523
26481
26500
26540
28524
26482
26501
26541
28525
26483
26502
26542
28526
26503
26543
28527
26485
26494
26564
28628
26486
26495
26565
28629
26487
26496
26566
28630
26488
26497
26567
28631
26489
26498
26568
28632
26490
26499
26569
28633
26491
26500
26570
28634
26492
26501
26571
28635
26493
26502
26572
28636
26503
26573
28637
26495
26554
26584
26496
26555
26585
26497
26556
26586
26498
26557
26587
26499
26558
26588
26500
26559
26589
26501
26560
26590
26502
26561
26591
26503
26562
26592
26563
26593
26505
26524
26544
27792
26506
26525
26545
27793
26507
26526
26546
27794
26508
26527
26547
27795
26509
26528
26548
27796
26510
26529
26549
27797
26511
26530
26550
27798
26512
26531
26551
27799
26513
26532
26552
27800
26533
26553
27801
26515
26524
26574
28198
26516
26525
26575
28199
26517
26526
26576
28200
26518
26527
26577
28201
26519
26528
26578
28202
26520
26529
26579
28203
26521
26530
26580
28204
26522
26531
26581
28205
26523
26532
26582
28206
26533
26583
28207
26525
26554
26584
26526
26555
26585
26527
26556
26586
26528
26557
26587
26529
26558
26588
26530
26559
26589
26531
26560
26590
26532
26561
26591
26533
26562
26592
26563
26593
26535
26554
28568
26536
26555
28569
26537
26556
28570
26538
26557
28571
26539
26558
28572
26540
26559
28573
26541
26560
28574
26542
26561
28575
26543
26562
28576
26563
28577
26545
26554
27852
26546
26555
27853
26547
26556
27854
26548
26557
27855
26549
26558
27856
26550
26559
27857
26551
26560
27858
26552
26561
27859
26553
26562
27860
26563
27861
26555
26556
26557
26558
26559
26560
26561
26562
26563
26565
26584
28688
26566
26585
28689
26567
26586
28690
26568
26587
28691
26569
26588
28692
26570
26589
28693
26571
26590
28694
26572
26591
28695
26573
26592
28696
26593
28697
26575
26584
28258
26576
26585
28259
26577
26586
28260
26578
26587
28261
26579
26588
28262
26580
26589
28263
26581
26590
28264
26582
26591
28265
26583
26592
28266
26593
28267
26585
26586
26587
26588
26589
26590
26591
26592
26593
26595
26614
26624
32454
32464
26596
26615
26625
32455
32465
26597
26616
26626
32456
32466
26598
26617
26627
32457
32467
26599
26618
26628
32458
32468
26600
26619
26629
32459
32469
26601
26620
26630
32460
32470
26602
26621
26631
32461
32471
26603
26622
26632
32462
32472
26623
26633
32463
32473
26605
26614
26624
32474
32484
26606
26615
26625
32475
32485
26607
26616
26626
32476
32486
26608
26617
26627
32477
32487
26609
26618
26628
32478
32488
26610
26619
26629
32479
32489
26611
26620
26630
32480
32490
26612
26621
26631
32481
32491
26613
26622
26632
32482
32492
26623
26633
32483
32493
26615
32504
32514
26616
32505
32515
26617
32506
32516
26618
32507
32517
26619
32508
32518
26620
32509
32519
26621
32510
32520
26622
32511
32521
26623
32512
32522
32513
32523
26625
32524
32534
26626
32525
32535
26627
32526
32536
26628
32527
32537
26629
32528
32538
26630
32529
32539
26631
32530
32540
26632
32531
32541
26633
32532
32542
32533
32543
26635
26647
26653
26654
32544
32549
26636
26648
26655
32544
32550
26637
26649
26656
32545
32551
26638
26650
26657
32546
32552
26639
26651
26658
32547
32553
26652
26659
32548
32554
26641
26647
26653
32555
32562
32563
26642
26647
26654
32556
32564
26643
26648
26655
32557
32565
26644
26649
26656
32558
32566
26645
26650
26657
32559
32567
26646
26651
26658
32560
32568
26652
26659
32561
32569
26648
32570
32575
26649
32570
32576
26650
32571
32577
26651
32572
32578
26652
32573
32579
32574
32580
26654
32581
32588
32589
26655
32582
32590
26656
32583
32591
26657
32584
32592
26658
32585
32593
26659
32586
32594
32587
32595
26661
26680
26690
26662
26681
26691
26663
26682
26692
26664
26683
26693
26665
26684
26694
26666
26685
26695
26667
26686
26696
26668
26687
26697
26669
26688
26698
26689
26699
26671
26680
26750
28288
26672
26681
26751
28289
26673
26682
26752
28290
26674
26683
26753
28291
26675
26684
26754
28292
26676
26685
26755
28293
26677
26686
26756
28294
26678
26687
26757
28295
26679
26688
26758
28296
26689
26759
28297
26681
26710
26770
26682
26711
26771
26683
26712
26772
26684
26713
26773
26685
26714
26774
26686
26715
26775
26687
26716
26776
26688
26717
26777
26689
26718
26778
26719
26779
26691
26710
26692
26711
26693
26712
26694
26713
26695
26714
26696
26715
26697
26716
26698
26717
26699
26718
26719
26701
26710
26720
29194
26702
26711
26721
29195
26703
26712
26722
29196
26704
26713
26723
29197
26705
26714
26724
29198
26706
26715
26725
29199
26707
26716
26726
29200
26708
26717
26727
29201
26709
26718
26728
29202
26719
26729
29203
26711
26740
26712
26741
26713
26742
26714
26743
26715
26744
26716
26745
26717
26746
26718
26747
26719
26748
26749
26721
26740
29214
26722
26741
29215
26723
26742
29216
26724
26743
29217
26725
26744
29218
26726
26745
29219
26727
26746
29220
26728
26747
29221
26729
26748
29222
26749
29223
26731
26740
26760
29034
26732
26741
26761
29035
26733
26742
26762
29036
26734
26743
26763
29037
26735
26744
26764
29038
26736
26745
26765
29039
26737
26746
26766
29040
26738
26747
26767
29041
26739
26748
26768
29042
26749
26769
29043
26741
26770
26742
26771
26743
26772
26744
26773
26745
26774
26746
26775
26747
26776
26748
26777
26749
26778
26779
26751
26770
28368
26752
26771
28369
26753
26772
28370
26754
26773
28371
26755
26774
28372
26756
26775
28373
26757
26776
28374
26758
26777
28375
26759
26778
28376
26779
28377
26761
26770
29094
26762
26771
29095
26763
26772
29096
26764
26773
29097
26765
26774
29098
26766
26775
29099
26767
26776
29100
26768
26777
29101
26769
26778
29102
26779
29103
26771
26772
26773
26774
26775
26776
26777
26778
26779
26781
26800
26840
29394
26782
26801
26841
29395
26783
26802
26842
29396
26784
26803
26843
29397
26785
26804
26844
29398
26786
26805
26845
29399
26787
26806
26846
29400
26788
26807
26847
29401
26789
26808
26848
29402
26809
26849
29403
26791
26800
26870
29504
26792
26801
26871
29505
26793
26802
26872
29506
26794
26803
26873
29507
26795
26804
26874
29508
26796
26805
26875
29509
26797
26806
26876
29510
26798
26807
26877
29511
26799
26808
26878
29512
26809
26879
29513
26801
26860
26890
26802
26861
26891
26803
26862
26892
26804
26863
26893
26805
26864
26894
26806
26865
26895
26807
26866
26896
26808
26867
26897
26809
26868
26898
26869
26899
26811
26830
26850
28668
26812
26831
26851
28669
26813
26832
26852
28670
26814
26833
26853
28671
26815
26834
26854
28672
26816
26835
26855
28673
26817
26836
26856
28674
26818
26837
26857
28675
26819
26838
26858
28676
26839
26859
28677
26821
26830
26880
29074
26822
26831
26881
29075
26823
26832
26882
29076
26824
26833
26883
29077
26825
26834
26884
29078
26826
26835
26885
29079
26827
26836
26886
29080
26828
26837
26887
29081
26829
26838
26888
29082
26839
26889
29083
26831
26860
26890
26832
26861
26891
26833
26862
26892
26834
26863
26893
26835
26864
26894
26836
26865
26895
26837
26866
26896
26838
26867
26897
26839
26868
26898
26869
26899
26841
26860
29454
26842
26861
29455
26843
26862
29456
26844
26863
29457
26845
26864
29458
26846
26865
29459
26847
26866
29460
26848
26867
29461
26849
26868
29462
26869
29463
26851
26860
28728
26852
26861
28729
26853
26862
28730
26854
26863
28731
26855
26864
28732
26856
26865
28733
26857
26866
28734
26858
26867
28735
26859
26868
28736
26869
28737
26861
26862
26863
26864
26865
26866
26867
26868
26869
26871
26890
29564
26872
26891
29565
26873
26892
29566
26874
26893
29567
26875
26894
29568
26876
26895
29569
26877
26896
29570
26878
26897
29571
26879
26898
29572
26899
29573
26881
26890
29134
26882
26891
29135
26883
26892
29136
26884
26893
29137
26885
26894
29138
26886
26895
29139
26887
26896
29140
26888
26897
29141
26889
26898
29142
26899
29143
26891
26892
26893
26894
26895
26896
26897
26898
26899
26901
26920
26930
32596
32606
26902
26921
26931
32597
32607
26903
26922
26932
32598
32608
26904
26923
26933
32599
32609
26905
26924
26934
32600
32610
26906
26925
26935
32601
32611
26907
26926
26936
32602
32612
26908
26927
26937
32603
32613
26909
26928
26938
32604
32614
26929
26939
32605
32615
26911
26920
26930
32616
32626
26912
26921
26931
32617
32627
26913
26922
26932
32618
32628
26914
26923
26933
32619
32629
26915
26924
26934
32620
32630
26916
26925
26935
32621
32631
26917
26926
26936
32622
32632
26918
26927
26937
32623
32633
26919
26928
26938
32624
32634
26929
26939
32625
32635
26921
32636
32646
26922
32637
32647
26923
32638
32648
26924
32639
32649
26925
32640
32650
26926
32641
32651
26927
32642
32652
26928
32643
32653
26929
32644
32654
32645
32655
26931
32656
32666
26932
32657
32667
26933
32658
32668
26934
32659
32669
26935
32660
32670
26936
32661
32671
26937
32662
32672
26938
32663
32673
26939
32664
32674
32665
32675
26941
26953
26959
26960
32686
32691
26942
26954
26961
32686
32692
26943
26955
26962
32687
32693
26944
26956
26963
32688
32694
26945
26957
26964
32689
32695
26958
26965
32690
32696
26947
26953
26959
32697
32704
32705
26948
26953
26960
32698
32706
26949
26954
26961
32699
32707
26950
26955
26962
32700
32708
26951
26956
26963
32701
32709
26952
26957
26964
32702
32710
26958
26965
32703
32711
26954
32712
32717
26955
32712
32718
26956
32713
32719
26957
32714
32720
26958
32715
32721
32716
32722
26960
32723
32730
32731
26961
32724
32732
26962
32725
32733
26963
32726
32734
26964
32727
32735
26965
32728
32736
32729
32737
26967
26986
26996
26968
26987
26997
26969
26988
26998
26970
26989
26999
26971
26990
27000
26972
26991
27001
26973
26992
27002
26974
26993
27003
26975
26994
27004
26995
27005
26977
26986
27056
29164
26978
26987
27057
29165
26979
26988
27058
29166
26980
26989
27059
29167
26981
26990
27060
29168
26982
26991
27061
29169
26983
26992
27062
29170
26984
26993
27063
29171
26985
26994
27064
29172
26995
27065
29173
26987
27016
27076
26988
27017
27077
26989
27018
27078
26990
27019
27079
26991
27020
27080
26992
27021
27081
26993
27022
27082
26994
27023
27083
26995
27024
27084
27025
27085
26997
27016
26998
27017
26999
27018
27000
27019
27001
27020
27002
27021
27003
27022
27004
27023
27005
27024
27025
27007
27016
27026
30070
27008
27017
27027
30071
27009
27018
27028
30072
27010
27019
27029
30073
27011
27020
27030
30074
27012
27021
27031
30075
27013
27022
27032
30076
27014
27023
27033
30077
27015
27024
27034
30078
27025
27035
30079
27017
27046
27018
27047
27019
27048
27020
27049
27021
27050
27022
27051
27023
27052
27024
27053
27025
27054
27055
27027
27046
30120
27028
27047
30121
27029
27048
30122
27030
27049
30123
27031
27050
30124
27032
27051
30125
27033
27052
30126
27034
27053
30127
27035
27054
30128
27055
30129
27037
27046
27066
29910
27038
27047
27067
29911
27039
27048
27068
29912
27040
27049
27069
29913
27041
27050
27070
29914
27042
27051
27071
29915
27043
27052
27072
29916
27044
27053
27073
29917
27045
27054
27074
29918
27055
27075
29919
27047
27076
27048
27077
27049
27078
27050
27079
27051
27080
27052
27081
27053
27082
27054
27083
27055
27084
27085
27057
27076
29244
27058
27077
29245
27059
27078
29246
27060
27079
29247
27061
27080
29248
27062
27081
29249
27063
27082
29250
27064
27083
29251
27065
27084
29252
27085
29253
27067
27076
29970
27068
27077
29971
27069
27078
29972
27070
27079
29973
27071
27080
29974
27072
27081
29975
27073
27082
29976
27074
27083
29977
27075
27084
29978
27085
29979
27077
27078
27079
27080
27081
27082
27083
27084
27085
27087
27106
27146
30270
27088
27107
27147
30271
27089
27108
27148
30272
27090
27109
27149
30273
27091
27110
27150
30274
27092
27111
27151
30275
27093
27112
27152
30276
27094
27113
27153
30277
27095
27114
27154
30278
27115
27155
30279
27097
27106
27176
30450
27098
27107
27177
30451
27099
27108
27178
30452
27100
27109
27179
30453
27101
27110
27180
30454
27102
27111
27181
30455
27103
27112
27182
30456
27104
27113
27183
30457
27105
27114
27184
30458
27115
27185
30459
27107
27166
27196
27108
27167
27197
27109
27168
27198
27110
27169
27199
27111
27170
27200
27112
27171
27201
27113
27172
27202
27114
27173
27203
27115
27174
27204
27175
27205
27117
27136
27156
29544
27118
27137
27157
29545
27119
27138
27158
29546
27120
27139
27159
29547
27121
27140
27160
29548
27122
27141
27161
29549
27123
27142
27162
29550
27124
27143
27163
29551
27125
27144
27164
29552
27145
27165
29553
27127
27136
27186
29950
27128
27137
27187
29951
27129
27138
27188
29952
27130
27139
27189
29953
27131
27140
27190
29954
27132
27141
27191
29955
27133
27142
27192
29956
27134
27143
27193
29957
27135
27144
27194
29958
27145
27195
29959
27137
27166
27196
27138
27167
27197
27139
27168
27198
27140
27169
27199
27141
27170
27200
27142
27171
27201
27143
27172
27202
27144
27173
27203
27145
27174
27204
27175
27205
27147
27166
30330
27148
27167
30331
27149
27168
30332
27150
27169
30333
27151
27170
30334
27152
27171
30335
27153
27172
30336
27154
27173
30337
27155
27174
30338
27175
30339
27157
27166
29604
27158
27167
29605
27159
27168
29606
27160
27169
29607
27161
27170
29608
27162
27171
29609
27163
27172
29610
27164
27173
29611
27165
27174
29612
27175
29613
27167
27168
27169
27170
27171
27172
27173
27174
27175
27177
27196
30480
27178
27197
30481
27179
27198
30482
27180
27199
30483
27181
27200
30484
27182
27201
30485
27183
27202
30486
27184
27203
30487
27185
27204
30488
27205
30489
27187
27196
30010
27188
27197
30011
27189
27198
30012
27190
27199
30013
27191
27200
30014
27192
27201
30015
27193
27202
30016
27194
27203
30017
27195
27204
30018
27205
30019
27197
27198
27199
27200
27201
27202
27203
27204
27205
27207
27226
27236
32738
32748
27208
27227
27237
32739
32749
27209
27228
27238
32740
32750
27210
27229
27239
32741
32751
27211
27230
27240
32742
32752
27212
27231
27241
32743
32753
27213
27232
27242
32744
32754
27214
27233
27243
32745
32755
27215
27234
27244
32746
32756
27235
27245
32747
32757
27217
27226
27236
32758
32768
27218
27227
27237
32759
32769
27219
27228
27238
32760
32770
27220
27229
27239
32761
32771
27221
27230
27240
32762
32772
27222
27231
27241
32763
32773
27223
27232
27242
32764
32774
27224
27233
27243
32765
32775
27225
27234
27244
32766
32776
27235
27245
32767
32777
27227
32778
32788
27228
32779
32789
27229
32780
32790
27230
32781
32791
27231
32782
32792
27232
32783
32793
27233
32784
32794
27234
32785
32795
27235
32786
32796
32787
32797
27237
32798
32808
27238
32799
32809
27239
32800
32810
27240
32801
32811
27241
32802
32812
27242
32803
32813
27243
32804
32814
27244
32805
32815
27245
32806
32816
32807
32817
27247
27259
27265
27266
32828
32833
27248
27260
27267
32828
32834
27249
27261
27268
32829
32835
27250
27262
27269
32830
32836
27251
27263
27270
32831
32837
27264
27271
32832
32838
27253
27259
27265
32839
32846
32847
27254
27259
27266
32840
32848
27255
27260
27267
32841
32849
27256
27261
27268
32842
32850
27257
27262
27269
32843
32851
27258
27263
27270
32844
32852
27264
27271
32845
32853
27260
32854
32859
27261
32854
32860
27262
32855
32861
27263
32856
32862
27264
32857
32863
32858
32864
27266
32865
32872
32873
27267
32866
32874
27268
32867
32875
27269
32868
32876
27270
32869
32877
27271
32870
32878
32871
32879
27273
27292
27332
27512
27274
27293
27333
27513
27275
27294
27334
27514
27276
27295
27335
27515
27277
27296
27336
27516
27278
27297
27337
27517
27279
27298
27338
27518
27280
27299
27339
27519
27281
27300
27340
27520
27301
27341
27521
27283
27292
27362
27284
27293
27363
27285
27294
27364
27286
27295
27365
27287
27296
27366
27288
27297
27367
27289
27298
27368
27290
27299
27369
27291
27300
27370
27301
27371
27293
27352
27382
27294
27353
27383
27295
27354
27384
27296
27355
27385
27297
27356
27386
27298
27357
27387
27299
27358
27388
27300
27359
27389
27301
27360
27390
27361
27391
27303
27322
27342
27304
27323
27343
27305
27324
27344
27306
27325
27345
27307
27326
27346
27308
27327
27347
27309
27328
27348
27310
27329
27349
27311
27330
27350
27331
27351
27313
27322
27372
27314
27323
27373
27315
27324
27374
27316
27325
27375
27317
27326
27376
27318
27327
27377
27319
27328
27378
27320
27329
27379
27321
27330
27380
27331
27381
27323
27352
27382
27324
27353
27383
27325
27354
27384
27326
27355
27385
27327
27356
27386
27328
27357
27387
27329
27358
27388
27330
27359
27389
27331
27360
27390
27361
27391
27333
27352
27572
27334
27353
27573
27335
27354
27574
27336
27355
27575
27337
27356
27576
27338
27357
27577
27339
27358
27578
27340
27359
27579
27341
27360
27580
27361
27581
27343
27352
27344
27353
27345
27354
27346
27355
27347
27356
27348
27357
27349
27358
27350
27359
27351
27360
27361
27353
27354
27355
27356
27357
27358
27359
27360
27361
27363
27382
27364
27383
27365
27384
27366
27385
27367
27386
27368
27387
27369
27388
27370
27389
27371
27390
27391
27373
27382
27374
27383
27375
27384
27376
27385
27377
27386
27378
27387
27379
27388
27380
27389
27381
27390
27391
27383
27384
27385
27386
27387
27388
27389
27390
27391
27393
27412
27422
27394
27413
27423
27395
27414
27424
27396
27415
27425
27397
27416
27426
27398
27417
27427
27399
27418
27428
27400
27419
27429
27401
27420
27430
27421
27431
27403
27412
27482
27404
27413
27483
27405
27414
27484
27406
27415
27485
27407
27416
27486
27408
27417
27487
27409
27418
27488
27410
27419
27489
27411
27420
27490
27421
27491
27413
27442
27502
27414
27443
27503
27415
27444
27504
27416
27445
27505
27417
27446
27506
27418
27447
27507
27419
27448
27508
27420
27449
27509
27421
27450
27510
27451
27511
27423
27442
27424
27443
27425
27444
27426
27445
27427
27446
27428
27447
27429
27448
27430
27449
27431
27450
27451
27433
27442
27452
27434
27443
27453
27435
27444
27454
27436
27445
27455
27437
27446
27456
27438
27447
27457
27439
27448
27458
27440
27449
27459
27441
27450
27460
27451
27461
27443
27472
27444
27473
27445
27474
27446
27475
27447
27476
27448
27477
27449
27478
27450
27479
27451
27480
27481
27453
27472
27454
27473
27455
27474
27456
27475
27457
27476
27458
27477
27459
27478
27460
27479
27461
27480
27481
27463
27472
27492
27522
27464
27473
27493
27523
27465
27474
27494
27524
27466
27475
27495
27525
27467
27476
27496
27526
27468
27477
27497
27527
27469
27478
27498
27528
27470
27479
27499
27529
27471
27480
27500
27530
27481
27501
27531
27473
27502
27474
27503
27475
27504
27476
27505
27477
27506
27478
27507
27479
27508
27480
27509
27481
27510
27511
27483
27502
27484
27503
27485
27504
27486
27505
27487
27506
27488
27507
27489
27508
27490
27509
27491
27510
27511
27493
27502
27602
27494
27503
27603
27495
27504
27604
27496
27505
27605
27497
27506
27606
27498
27507
27607
27499
27508
27608
27500
27509
27609
27501
27510
27610
27511
27611
27503
27504
27505
27506
27507
27508
27509
27510
27511
27513
27532
27572
27514
27533
27573
27515
27534
27574
27516
27535
27575
27517
27536
27576
27518
27537
27577
27519
27538
27578
27520
27539
27579
27521
27540
27580
27541
27581
27523
27532
27602
27524
27533
27603
27525
27534
27604
27526
27535
27605
27527
27536
27606
27528
27537
27607
27529
27538
27608
27530
27539
27609
27531
27540
27610
27541
27611
27533
27592
27622
27534
27593
27623
27535
27594
27624
27536
27595
27625
27537
27596
27626
27538
27597
27627
27539
27598
27628
27540
27599
27629
27541
27600
27630
27601
27631
27543
27562
27582
27782
27544
27563
27583
27783
27545
27564
27584
27784
27546
27565
27585
27785
27547
27566
27586
27786
27548
27567
27587
27787
27549
27568
27588
27788
27550
27569
27589
27789
27551
27570
27590
27790
27571
27591
27791
27553
27562
27612
28188
27554
27563
27613
28189
27555
27564
27614
28190
27556
27565
27615
28191
27557
27566
27616
28192
27558
27567
27617
28193
27559
27568
27618
28194
27560
27569
27619
28195
27561
27570
27620
28196
27571
27621
28197
27563
27592
27622
27564
27593
27623
27565
27594
27624
27566
27595
27625
27567
27596
27626
27568
27597
27627
27569
27598
27628
27570
27599
27629
27571
27600
27630
27601
27631
27573
27592
27574
27593
27575
27594
27576
27595
27577
27596
27578
27597
27579
27598
27580
27599
27581
27600
27601
27583
27592
27822
27584
27593
27823
27585
27594
27824
27586
27595
27825
27587
27596
27826
27588
27597
27827
27589
27598
27828
27590
27599
27829
27591
27600
27830
27601
27831
27593
27594
27595
27596
27597
27598
27599
27600
27601
27603
27622
27604
27623
27605
27624
27606
27625
27607
27626
27608
27627
27609
27628
27610
27629
27611
27630
27631
27613
27622
28228
27614
27623
28229
27615
27624
28230
27616
27625
28231
27617
27626
28232
27618
27627
28233
27619
27628
28234
27620
27629
28235
27621
27630
28236
27631
28237
27623
27624
27625
27626
27627
27628
27629
27630
27631
27633
27652
27692
27872
27634
27653
27693
27873
27635
27654
27694
27874
27636
27655
27695
27875
27637
27656
27696
27876
27638
27657
27697
27877
27639
27658
27698
27878
27640
27659
27699
27879
27641
27660
27700
27880
27661
27701
27881
27643
27652
27722
27644
27653
27723
27645
27654
27724
27646
27655
27725
27647
27656
27726
27648
27657
27727
27649
27658
27728
27650
27659
27729
27651
27660
27730
27661
27731
27653
27712
27742
27654
27713
27743
27655
27714
27744
27656
27715
27745
27657
27716
27746
27658
27717
27747
27659
27718
27748
27660
27719
27749
27661
27720
27750
27721
27751
27663
27682
27702
31144
32342
27664
27683
27703
31145
32343
27665
27684
27704
31146
32344
27666
27685
27705
31147
32345
27667
27686
27706
31148
32346
27668
27687
27707
31149
32347
27669
27688
27708
31150
32348
27670
27689
27709
31151
32349
27671
27690
27710
31152
32350
27691
27711
31153
32351
27673
27682
27732
31144
27674
27683
27733
31145
27675
27684
27734
31146
27676
27685
27735
31147
27677
27686
27736
31148
27678
27687
27737
31149
27679
27688
27738
31150
27680
27689
27739
31151
27681
27690
27740
31152
27691
27741
31153
27683
27712
27742
27684
27713
27743
27685
27714
27744
27686
27715
27745
27687
27716
27746
27688
27717
27747
27689
27718
27748
27690
27719
27749
27691
27720
27750
27721
27751
27693
27712
27932
31164
27694
27713
27933
31165
27695
27714
27934
31166
27696
27715
27935
31167
27697
27716
27936
31168
27698
27717
27937
31169
27699
27718
27938
31170
27700
27719
27939
31171
27701
27720
27940
31172
27721
27941
31173
27703
27712
31164
32372
27704
27713
31165
32373
27705
27714
31166
32374
27706
27715
31167
32375
27707
27716
31168
32376
27708
27717
31169
32377
27709
27718
31170
32378
27710
27719
31171
32379
27711
27720
31172
32380
27721
31173
32381
27713
27714
27715
27716
27717
27718
27719
27720
27721
27723
27742
27724
27743
27725
27744
27726
27745
27727
27746
27728
27747
27729
27748
27730
27749
27731
27750
27751
27733
27742
27734
27743
27735
27744
27736
27745
27737
27746
27738
27747
27739
27748
27740
27749
27741
27750
27751
27743
27744
27745
27746
27747
27748
27749
27750
27751
27753
27772
27812
27754
27773
27813
27755
27774
27814
27756
27775
27815
27757
27776
27816
27758
27777
27817
27759
27778
27818
27760
27779
27819
27761
27780
27820
27781
27821
27763
27772
27842
27882
27764
27773
27843
27883
27765
27774
27844
27884
27766
27775
27845
27885
27767
27776
27846
27886
27768
27777
27847
27887
27769
27778
27848
27888
27770
27779
27849
27889
27771
27780
27850
27890
27781
27851
27891
27773
27832
27862
27774
27833
27863
27775
27834
27864
27776
27835
27865
27777
27836
27866
27778
27837
27867
27779
27838
27868
27780
27839
27869
27781
27840
27870
27841
27871
27783
27802
27822
27784
27803
27823
27785
27804
27824
27786
27805
27825
27787
27806
27826
27788
27807
27827
27789
27808
27828
27790
27809
27829
27791
27810
27830
27811
27831
27793
27802
27852
27794
27803
27853
27795
27804
27854
27796
27805
27855
27797
27806
27856
27798
27807
27857
27799
27808
27858
27800
27809
27859
27801
27810
27860
27811
27861
27803
27832
27862
27804
27833
27863
27805
27834
27864
27806
27835
27865
27807
27836
27866
27808
27837
27867
27809
27838
27868
27810
27839
27869
27811
27840
27870
27841
27871
27813
27832
27814
27833
27815
27834
27816
27835
27817
27836
27818
27837
27819
27838
27820
27839
27821
27840
27841
27823
27832
27824
27833
27825
27834
27826
27835
27827
27836
27828
27837
27829
27838
27830
27839
27831
27840
27841
27833
27834
27835
27836
27837
27838
27839
27840
27841
27843
27862
27962
27844
27863
27963
27845
27864
27964
27846
27865
27965
27847
27866
27966
27848
27867
27967
27849
27868
27968
27850
27869
27969
27851
27870
27970
27871
27971
27853
27862
27854
27863
27855
27864
27856
27865
27857
27866
27858
27867
27859
27868
27860
27869
27861
27870
27871
27863
27864
27865
27866
27867
27868
27869
27870
27871
27873
27892
27932
27874
27893
27933
27875
27894
27934
27876
27895
27935
27877
27896
27936
27878
27897
27937
27879
27898
27938
27880
27899
27939
27881
27900
27940
27901
27941
27883
27892
27962
27884
27893
27963
27885
27894
27964
27886
27895
27965
27887
27896
27966
27888
27897
27967
27889
27898
27968
27890
27899
27969
27891
27900
27970
27901
27971
27893
27952
27982
27894
27953
27983
27895
27954
27984
27896
27955
27985
27897
27956
27986
27898
27957
27987
27899
27958
27988
27900
27959
27989
27901
27960
27990
27961
27991
27903
27922
27942
32978
27904
27923
27943
32979
27905
27924
27944
32980
27906
27925
27945
32981
27907
27926
27946
32982
27908
27927
27947
32983
27909
27928
27948
32984
27910
27929
27949
32985
27911
27930
27950
32986
27931
27951
32987
27913
27922
27972
28548
27914
27923
27973
28549
27915
27924
27974
28550
27916
27925
27975
28551
27917
27926
27976
28552
27918
27927
27977
28553
27919
27928
27978
28554
27920
27929
27979
28555
27921
27930
27980
28556
27931
27981
28557
27923
27952
27982
27924
27953
27983
27925
27954
27984
27926
27955
27985
27927
27956
27986
27928
27957
27987
27929
27958
27988
27930
27959
27989
27931
27960
27990
27961
27991
27933
27952
27934
27953
27935
27954
27936
27955
27937
27956
27938
27957
27939
27958
27940
27959
27941
27960
27961
27943
27952
33008
27944
27953
33009
27945
27954
33010
27946
27955
33011
27947
27956
33012
27948
27957
33013
27949
27958
33014
27950
27959
33015
27951
27960
33016
27961
33017
27953
27954
27955
27956
27957
27958
27959
27960
27961
27963
27982
27964
27983
27965
27984
27966
27985
27967
27986
27968
27987
27969
27988
27970
27989
27971
27990
27991
27973
27982
28578
27974
27983
28579
27975
27984
28580
27976
27985
28581
27977
27986
28582
27978
27987
28583
27979
27988
28584
27980
27989
28585
27981
27990
28586
27991
28587
27983
27984
27985
27986
27987
27988
27989
27990
27991
27993
28012
28022
32880
32890
27994
28013
28023
32881
32891
27995
28014
28024
32882
32892
27996
28015
28025
32883
32893
27997
28016
28026
32884
32894
27998
28017
28027
32885
32895
27999
28018
28028
32886
32896
28000
28019
28029
32887
32897
28001
28020
28030
32888
32898
28021
28031
32889
32899
28003
28012
28022
32900
32909
28004
28013
28023
32900
32910
28005
28014
28024
32901
32911
28006
28015
28025
32902
32912
28007
28016
28026
32903
32913
28008
28017
28027
32904
32914
28009
28018
28028
32905
32915
28010
28019
28029
32906
32916
28011
28020
28030
32907
32917
28021
28031
32908
32918
28013
32919
32929
28014
32920
32929
28015
32921
32930
28016
32922
32931
28017
32923
32932
28018
32924
32933
28019
32925
32934
28020
32926
32935
28021
32927
32936
32928
32937
28023
32938
32948
28024
32939
32949
28025
32940
32950
28026
32941
32951
28027
32942
32952
28028
32943
32953
28029
32944
32954
28030
32945
32955
28031
32946
32956
32947
32957
28033
28052
28062
32958
32968
28034
28053
28063
32959
32969
28035
28054
28064
32960
32970
28036
28055
28065
32961
32971
28037
28056
28066
32962
32972
28038
28057
28067
32963
32973
28039
28058
28068
32964
32974
28040
28059
28069
32965
32975
28041
28060
28070
32966
32976
28061
28071
32967
32977
28043
28052
28062
32978
32988
28044
28053
28063
32979
32989
28045
28054
28064
32980
32990
28046
28055
28065
32981
32991
28047
28056
28066
32982
32992
28048
28057
28067
32983
32993
28049
28058
28068
32984
32994
28050
28059
28069
32985
32995
28051
28060
28070
32986
32996
28061
28071
32987
32997
28053
32998
33008
28054
32999
33009
28055
33000
33010
28056
33001
33011
28057
33002
33012
28058
33003
33013
28059
33004
33014
28060
33005
33015
28061
33006
33016
33007
33017
28063
33018
33028
28064
33019
33029
28065
33020
33030
28066
33021
33031
28067
33022
33032
28068
33023
33033
28069
33024
33034
28070
33025
33035
28071
33026
33036
33027
33037
28073
28092
28102
33038
33048
28074
28093
28103
33039
33049
28075
28094
28104
33040
33050
28076
28095
28105
33041
33051
28077
28096
28106
33042
33052
28078
28097
28107
33043
33053
28079
28098
28108
33044
33054
28080
28099
28109
33045
33055
28081
28100
28110
33046
33056
28101
28111
33047
33057
28083
28092
28102
33058
33067
28084
28093
28103
33058
33068
28085
28094
28104
33059
33069
28086
28095
28105
33060
33070
28087
28096
28106
33061
33071
28088
28097
28107
33062
33072
28089
28098
28108
33063
33073
28090
28099
28109
33064
33074
28091
28100
28110
33065
33075
28101
28111
33066
33076
28093
33077
33087
28094
33078
33087
28095
33079
33088
28096
33080
33089
28097
33081
33090
28098
33082
33091
28099
33083
33092
28100
33084
33093
28101
33085
33094
33086
33095
28103
33096
33106
28104
33097
33107
28105
33098
33108
28106
33099
33109
28107
33100
33110
28108
33101
33111
28109
33102
33112
28110
33103
33113
28111
33104
33114
33105
33115
28113
28117
28119
33116
33119
33120
28114
28117
28120
33117
33121
28118
28121
33118
33122
28116
28117
28119
28120
33123
33124
28118
28121
33123
33125
28118
33126
33128
33127
33128
28120
33129
33130
33133
28121
33131
33134
33132
33135
28123
28135
28136
28142
33136
33142
28124
28137
28143
33137
33142
28125
28138
28144
33138
33143
28126
28139
28145
33139
33144
28127
28140
28146
33140
33145
28141
28147
33141
33146
28129
28135
28142
33147
33148
33155
28130
28136
28142
33149
33156
28131
28137
28143
33150
33157
28132
28138
28144
33151
33158
28133
28139
28145
33152
33159
28134
28140
28146
33153
33160
28141
28147
33154
33161
28136
33162
33169
33170
28137
33163
33171
28138
33164
33172
28139
33165
33173
28140
33166
33174
28141
33167
33175
33168
33176
28143
33177
33182
28144
33177
33183
28145
33178
33184
28146
33179
33185
28147
33180
33186
33181
33187
28149
28153
28155
33188
33191
33192
28150
28153
28156
33189
33193
28154
28157
33190
33194
28152
28153
28155
28156
33195
33196
28154
28157
33195
33197
28154
33198
33200
33199
33200
28156
33201
33202
33205
28157
33203
33206
33204
33207
28159
28178
28218
28160
28179
28219
28161
28180
28220
28162
28181
28221
28163
28182
28222
28164
28183
28223
28165
28184
28224
28166
28185
28225
28167
28186
28226
28187
28227
28169
28178
28248
28398
28170
28179
28249
28399
28171
28180
28250
28400
28172
28181
28251
28401
28173
28182
28252
28402
28174
28183
28253
28403
28175
28184
28254
28404
28176
28185
28255
28405
28177
28186
28256
28406
28187
28257
28407
28179
28238
28268
28180
28239
28269
28181
28240
28270
28182
28241
28271
28183
28242
28272
28184
28243
28273
28185
28244
28274
28186
28245
28275
28187
28246
28276
28247
28277
28189
28208
28228
28190
28209
28229
28191
28210
28230
28192
28211
28231
28193
28212
28232
28194
28213
28233
28195
28214
28234
28196
28215
28235
28197
28216
28236
28217
28237
28199
28208
28258
28200
28209
28259
28201
28210
28260
28202
28211
28261
28203
28212
28262
28204
28213
28263
28205
28214
28264
28206
28215
28265
28207
28216
28266
28217
28267
28209
28238
28268
28210
28239
28269
28211
28240
28270
28212
28241
28271
28213
28242
28272
28214
28243
28273
28215
28244
28274
28216
28245
28275
28217
28246
28276
28247
28277
28219
28238
28220
28239
28221
28240
28222
28241
28223
28242
28224
28243
28225
28244
28226
28245
28227
28246
28247
28229
28238
28230
28239
28231
28240
28232
28241
28233
28242
28234
28243
28235
28244
28236
28245
28237
28246
28247
28239
28240
28241
28242
28243
28244
28245
28246
28247
28249
28268
28458
28250
28269
28459
28251
28270
28460
28252
28271
28461
28253
28272
28462
28254
28273
28463
28255
28274
28464
28256
28275
28465
28257
28276
28466
28277
28467
28259
28268
28260
28269
28261
28270
28262
28271
28263
28272
28264
28273
28265
28274
28266
28275
28267
28276
28277
28269
28270
28271
28272
28273
28274
28275
28276
28277
28279
28298
28308
28280
28299
28309
28281
28300
28310
28282
28301
28311
28283
28302
28312
28284
28303
28313
28285
28304
28314
28286
28305
28315
28287
28306
28316
28307
28317
28289
28298
28368
28290
28299
28369
28291
28300
28370
28292
28301
28371
28293
28302
28372
28294
28303
28373
28295
28304
28374
28296
28305
28375
28297
28306
28376
28307
28377
28299
28328
28388
28300
28329
28389
28301
28330
28390
28302
28331
28391
28303
28332
28392
28304
28333
28393
28305
28334
28394
28306
28335
28395
28307
28336
28396
28337
28397
28309
28328
28310
28329
28311
28330
28312
28331
28313
28332
28314
28333
28315
28334
28316
28335
28317
28336
28337
28319
28328
28338
28320
28329
28339
28321
28330
28340
28322
28331
28341
28323
28332
28342
28324
28333
28343
28325
28334
28344
28326
28335
28345
28327
28336
28346
28337
28347
28329
28358
28330
28359
28331
28360
28332
28361
28333
28362
28334
28363
28335
28364
28336
28365
28337
28366
28367
28339
28358
28340
28359
28341
28360
28342
28361
28343
28362
28344
28363
28345
28364
28346
28365
28347
28366
28367
28349
28358
28378
28408
28350
28359
28379
28409
28351
28360
28380
28410
28352
28361
28381
28411
28353
28362
28382
28412
28354
28363
28383
28413
28355
28364
28384
28414
28356
28365
28385
28415
28357
28366
28386
28416
28367
28387
28417
28359
28388
28360
28389
28361
28390
28362
28391
28363
28392
28364
28393
28365
28394
28366
28395
28367
28396
28397
28369
28388
28370
28389
28371
28390
28372
28391
28373
28392
28374
28393
28375
28394
28376
28395
28377
28396
28397
28379
28388
28488
28380
28389
28489
28381
28390
28490
28382
28391
28491
28383
28392
28492
28384
28393
28493
28385
28394
28494
28386
28395
28495
28387
28396
28496
28397
28497
28389
28390
28391
28392
28393
28394
28395
28396
28397
28399
28418
28458
28400
28419
28459
28401
28420
28460
28402
28421
28461
28403
28422
28462
28404
28423
28463
28405
28424
28464
28406
28425
28465
28407
28426
28466
28427
28467
28409
28418
28488
28410
28419
28489
28411
28420
28490
28412
28421
28491
28413
28422
28492
28414
28423
28493
28415
28424
28494
28416
28425
28495
28417
28426
28496
28427
28497
28419
28478
28508
28420
28479
28509
28421
28480
28510
28422
28481
28511
28423
28482
28512
28424
28483
28513
28425
28484
28514
28426
28485
28515
28427
28486
28516
28487
28517
28429
28448
28468
28658
28430
28449
28469
28659
28431
28450
28470
28660
28432
28451
28471
28661
28433
28452
28472
28662
28434
28453
28473
28663
28435
28454
28474
28664
28436
28455
28475
28665
28437
28456
28476
28666
28457
28477
28667
28439
28448
28498
29064
28440
28449
28499
29065
28441
28450
28500
29066
28442
28451
28501
29067
28443
28452
28502
29068
28444
28453
28503
29069
28445
28454
28504
29070
28446
28455
28505
29071
28447
28456
28506
29072
28457
28507
29073
28449
28478
28508
28450
28479
28509
28451
28480
28510
28452
28481
28511
28453
28482
28512
28454
28483
28513
28455
28484
28514
28456
28485
28515
28457
28486
28516
28487
28517
28459
28478
28460
28479
28461
28480
28462
28481
28463
28482
28464
28483
28465
28484
28466
28485
28467
28486
28487
28469
28478
28698
28470
28479
28699
28471
28480
28700
28472
28481
28701
28473
28482
28702
28474
28483
28703
28475
28484
28704
28476
28485
28705
28477
28486
28706
28487
28707
28479
28480
28481
28482
28483
28484
28485
28486
28487
28489
28508
28490
28509
28491
28510
28492
28511
28493
28512
28494
28513
28495
28514
28496
28515
28497
28516
28517
28499
28508
29104
28500
28509
29105
28501
28510
29106
28502
28511
29107
28503
28512
29108
28504
28513
29109
28505
28514
29110
28506
28515
29111
28507
28516
29112
28517
29113
28509
28510
28511
28512
28513
28514
28515
28516
28517
28519
28538
28568
28520
28539
28569
28521
28540
28570
28522
28541
28571
28523
28542
28572
28524
28543
28573
28525
28544
28574
28526
28545
28575
28527
28546
28576
28547
28577
28529
28538
28598
28748
28530
28539
28599
28749
28531
28540
28600
28750
28532
28541
28601
28751
28533
28542
28602
28752
28534
28543
28603
28753
28535
28544
28604
28754
28536
28545
28605
28755
28537
28546
28606
28756
28547
28607
28757
28539
28588
28618
28540
28589
28619
28541
28590
28620
28542
28591
28621
28543
28592
28622
28544
28593
28623
28545
28594
28624
28546
28595
28625
28547
28596
28626
28597
28627
28549
28558
28578
31230
28550
28559
28579
31231
28551
28560
28580
31232
28552
28561
28581
31233
28553
28562
28582
31234
28554
28563
28583
31235
28555
28564
28584
31236
28556
28565
28585
31237
28557
28566
28586
31238
28567
28587
31239
28559
28588
28618
32494
28560
28589
28619
32495
28561
28590
28620
32496
28562
28591
28621
32497
28563
28592
28622
32498
28564
28593
28623
32499
28565
28594
28624
32500
28566
28595
28625
32501
28567
28596
28626
32502
28597
28627
32503
28569
28588
28570
28589
28571
28590
28572
28591
28573
28592
28574
28593
28575
28594
28576
28595
28577
28596
28597
28579
28588
28580
28589
28581
28590
28582
28591
28583
28592
28584
28593
28585
28594
28586
28595
28587
28596
28597
28589
28590
28591
28592
28593
28594
28595
28596
28597
28599
28618
28808
28600
28619
28809
28601
28620
28810
28602
28621
28811
28603
28622
28812
28604
28623
28813
28605
28624
28814
28606
28625
28815
28607
28626
28816
28627
28817
28609
28618
32494
32534
28610
28619
32495
32535
28611
28620
32496
32536
28612
28621
32497
32537
28613
28622
32498
32538
28614
28623
32499
32539
28615
28624
32500
32540
28616
28625
32501
32541
28617
28626
32502
32542
28627
32503
32543
28619
28620
28621
28622
28623
28624
28625
28626
28627
28629
28648
28688
28630
28649
28689
28631
28650
28690
28632
28651
28691
28633
28652
28692
28634
28653
28693
28635
28654
28694
28636
28655
28695
28637
28656
28696
28657
28697
28639
28648
28718
28758
28640
28649
28719
28759
28641
28650
28720
28760
28642
28651
28721
28761
28643
28652
28722
28762
28644
28653
28723
28763
28645
28654
28724
28764
28646
28655
28725
28765
28647
28656
28726
28766
28657
28727
28767
28649
28708
28738
28650
28709
28739
28651
28710
28740
28652
28711
28741
28653
28712
28742
28654
28713
28743
28655
28714
28744
28656
28715
28745
28657
28716
28746
28717
28747
28659
28678
28698
28660
28679
28699
28661
28680
28700
28662
28681
28701
28663
28682
28702
28664
28683
28703
28665
28684
28704
28666
28685
28705
28667
28686
28706
28687
28707
28669
28678
28728
28670
28679
28729
28671
28680
28730
28672
28681
28731
28673
28682
28732
28674
28683
28733
28675
28684
28734
28676
28685
28735
28677
28686
28736
28687
28737
28679
28708
28738
28680
28709
28739
28681
28710
28740
28682
28711
28741
28683
28712
28742
28684
28713
28743
28685
28714
28744
28686
28715
28745
28687
28716
28746
28717
28747
28689
28708
28690
28709
28691
28710
28692
28711
28693
28712
28694
28713
28695
28714
28696
28715
28697
28716
28717
28699
28708
28700
28709
28701
28710
28702
28711
28703
28712
28704
28713
28705
28714
28706
28715
28707
28716
28717
28709
28710
28711
28712
28713
28714
28715
28716
28717
28719
28738
28838
28720
28739
28839
28721
28740
28840
28722
28741
28841
28723
28742
28842
28724
28743
28843
28725
28744
28844
28726
28745
28845
28727
28746
28846
28747
28847
28729
28738
28730
28739
28731
28740
28732
28741
28733
28742
28734
28743
28735
28744
28736
28745
28737
28746
28747
28739
28740
28741
28742
28743
28744
28745
28746
28747
28749
28768
28808
28750
28769
28809
28751
28770
28810
28752
28771
28811
28753
28772
28812
28754
28773
28813
28755
28774
28814
28756
28775
28815
28757
28776
28816
28777
28817
28759
28768
28838
28760
28769
28839
28761
28770
28840
28762
28771
28841
28763
28772
28842
28764
28773
28843
28765
28774
28844
28766
28775
28845
28767
28776
28846
28777
28847
28769
28828
28858
28770
28829
28859
28771
28830
28860
28772
28831
28861
28773
28832
28862
28774
28833
28863
28775
28834
28864
28776
28835
28865
28777
28836
28866
28837
28867
28779
28798
28818
33306
28780
28799
28819
33307
28781
28800
28820
33308
28782
28801
28821
33309
28783
28802
28822
33310
28784
28803
28823
33311
28785
28804
28824
33312
28786
28805
28825
33313
28787
28806
28826
33314
28807
28827
33315
28789
28798
28848
29424
28790
28799
28849
29425
28791
28800
28850
29426
28792
28801
28851
29427
28793
28802
28852
29428
28794
28803
28853
29429
28795
28804
28854
29430
28796
28805
28855
29431
28797
28806
28856
29432
28807
28857
29433
28799
28828
28858
28800
28829
28859
28801
28830
28860
28802
28831
28861
28803
28832
28862
28804
28833
28863
28805
28834
28864
28806
28835
28865
28807
28836
28866
28837
28867
28809
28828
28810
28829
28811
28830
28812
28831
28813
28832
28814
28833
28815
28834
28816
28835
28817
28836
28837
28819
28828
33336
28820
28829
33337
28821
28830
33338
28822
28831
33339
28823
28832
33340
28824
28833
33341
28825
28834
33342
28826
28835
33343
28827
28836
33344
28837
33345
28829
28830
28831
28832
28833
28834
28835
28836
28837
28839
28858
28840
28859
28841
28860
28842
28861
28843
28862
28844
28863
28845
28864
28846
28865
28847
28866
28867
28849
28858
29464
28850
28859
29465
28851
28860
29466
28852
28861
29467
28853
28862
29468
28854
28863
29469
28855
28864
29470
28856
28865
29471
28857
28866
29472
28867
29473
28859
28860
28861
28862
28863
28864
28865
28866
28867
28869
28888
28898
33208
33218
28870
28889
28899
33209
33219
28871
28890
28900
33210
33220
28872
28891
28901
33211
33221
28873
28892
28902
33212
33222
28874
28893
28903
33213
33223
28875
28894
28904
33214
33224
28876
28895
28905
33215
33225
28877
28896
28906
33216
33226
28897
28907
33217
33227
28879
28888
28898
33228
33238
28880
28889
28899
33229
33238
28881
28890
28900
33230
33239
28882
28891
28901
33231
33240
28883
28892
28902
33232
33241
28884
28893
28903
33233
33242
28885
28894
28904
33234
33243
28886
28895
28905
33235
33244
28887
28896
28906
33236
33245
28897
28907
33237
33246
28889
33247
33257
28890
33248
33258
28891
33249
33259
28892
33250
33260
28893
33251
33261
28894
33252
33262
28895
33253
33263
28896
33254
33264
28897
33255
33265
33256
33266
28899
33267
33277
28900
33268
33277
28901
33269
33278
28902
33270
33279
28903
33271
33280
28904
33272
33281
28905
33273
33282
28906
33274
33283
28907
33275
33284
33276
33285
28909
28928
28938
33286
33296
28910
28929
28939
33287
33297
28911
28930
28940
33288
33298
28912
28931
28941
33289
33299
28913
28932
28942
33290
33300
28914
28933
28943
33291
33301
28915
28934
28944
33292
33302
28916
28935
28945
33293
33303
28917
28936
28946
33294
33304
28937
28947
33295
33305
28919
28928
28938
33306
33316
28920
28929
28939
33307
33317
28921
28930
28940
33308
33318
28922
28931
28941
33309
33319
28923
28932
28942
33310
33320
28924
28933
28943
33311
33321
28925
28934
28944
33312
33322
28926
28935
28945
33313
33323
28927
28936
28946
33314
33324
28937
28947
33315
33325
28929
33326
33336
28930
33327
33337
28931
33328
33338
28932
33329
33339
28933
33330
33340
28934
33331
33341
28935
33332
33342
28936
33333
33343
28937
33334
33344
33335
33345
28939
33346
33356
28940
33347
33357
28941
33348
33358
28942
33349
33359
28943
33350
33360
28944
33351
33361
28945
33352
33362
28946
33353
33363
28947
33354
33364
33355
33365
28949
28968
28978
33366
33376
28950
28969
28979
33367
33377
28951
28970
28980
33368
33378
28952
28971
28981
33369
33379
28953
28972
28982
33370
33380
28954
28973
28983
33371
33381
28955
28974
28984
33372
33382
28956
28975
28985
33373
33383
28957
28976
28986
33374
33384
28977
28987
33375
33385
28959
28968
28978
33386
33395
28960
28969
28979
33386
33396
28961
28970
28980
33387
33397
28962
28971
28981
33388
33398
28963
28972
28982
33389
33399
28964
28973
28983
33390
33400
28965
28974
28984
33391
33401
28966
28975
28985
33392
33402
28967
28976
28986
33393
33403
28977
28987
33394
33404
28969
33405
33415
28970
33406
33415
28971
33407
33416
28972
33408
33417
28973
33409
33418
28974
33410
33419
28975
33411
33420
28976
33412
33421
28977
33413
33422
33414
33423
28979
33424
33434
28980
33425
33435
28981
33426
33436
28982
33427
33437
28983
33428
33438
28984
33429
33439
28985
33430
33440
28986
33431
33441
28987
33432
33442
33433
33443
28989
28993
28996
33444
33445
33448
28990
28994
28996
33446
33449
28995
28997
33447
33450
28992
28993
28994
28996
33451
33453
28995
28997
33452
33453
28994
33454
33455
33458
28995
33456
33459
33457
33460
28997
33461
33463
33462
33463
28999
29011
29012
29018
33464
33470
29000
29013
29019
33465
33470
29001
29014
29020
33466
33471
29002
29015
29021
33467
33472
29003
29016
29022
33468
33473
29017
29023
33469
33474
29005
29011
29018
33475
33476
33483
29006
29012
29018
33477
33484
29007
29013
29019
33478
33485
29008
29014
29020
33479
33486
29009
29015
29021
33480
33487
29010
29016
29022
33481
33488
29017
29023
33482
33489
29012
33490
33497
33498
29013
33491
33499
29014
33492
33500
29015
33493
33501
29016
33494
33502
29017
33495
33503
33496
33504
29019
33505
33510
29020
33505
33511
29021
33506
33512
29022
33507
33513
29023
33508
33514
33509
33515
29025
29029
29031
33516
33519
33520
29026
29029
29032
33517
33521
29030
29033
33518
33522
29028
29029
29031
29032
33523
33524
29030
29033
33523
33525
29030
33526
33528
33527
33528
29032
33529
33530
33533
29033
33531
33534
33532
33535
29035
29054
29094
29036
29055
29095
29037
29056
29096
29038
29057
29097
29039
29058
29098
29040
29059
29099
29041
29060
29100
29042
29061
29101
29043
29062
29102
29063
29103
29045
29054
29124
29274
29046
29055
29125
29275
29047
29056
29126
29276
29048
29057
29127
29277
29049
29058
29128
29278
29050
29059
29129
29279
29051
29060
29130
29280
29052
29061
29131
29281
29053
29062
29132
29282
29063
29133
29283
29055
29114
29144
29056
29115
29145
29057
29116
29146
29058
29117
29147
29059
29118
29148
29060
29119
29149
29061
29120
29150
29062
29121
29151
29063
29122
29152
29123
29153
29065
29084
29104
29066
29085
29105
29067
29086
29106
29068
29087
29107
29069
29088
29108
29070
29089
29109
29071
29090
29110
29072
29091
29111
29073
29092
29112
29093
29113
29075
29084
29134
29076
29085
29135
29077
29086
29136
29078
29087
29137
29079
29088
29138
29080
29089
29139
29081
29090
29140
29082
29091
29141
29083
29092
29142
29093
29143
29085
29114
29144
29086
29115
29145
29087
29116
29146
29088
29117
29147
29089
29118
29148
29090
29119
29149
29091
29120
29150
29092
29121
29151
29093
29122
29152
29123
29153
29095
29114
29096
29115
29097
29116
29098
29117
29099
29118
29100
29119
29101
29120
29102
29121
29103
29122
29123
29105
29114
29106
29115
29107
29116
29108
29117
29109
29118
29110
29119
29111
29120
29112
29121
29113
29122
29123
29115
29116
29117
29118
29119
29120
29121
29122
29123
29125
29144
29334
29126
29145
29335
29127
29146
29336
29128
29147
29337
29129
29148
29338
29130
29149
29339
29131
29150
29340
29132
29151
29341
29133
29152
29342
29153
29343
29135
29144
29136
29145
29137
29146
29138
29147
29139
29148
29140
29149
29141
29150
29142
29151
29143
29152
29153
29145
29146
29147
29148
29149
29150
29151
29152
29153
29155
29174
29184
29156
29175
29185
29157
29176
29186
29158
29177
29187
29159
29178
29188
29160
29179
29189
29161
29180
29190
29162
29181
29191
29163
29182
29192
29183
29193
29165
29174
29244
29166
29175
29245
29167
29176
29246
29168
29177
29247
29169
29178
29248
29170
29179
29249
29171
29180
29250
29172
29181
29251
29173
29182
29252
29183
29253
29175
29204
29264
29176
29205
29265
29177
29206
29266
29178
29207
29267
29179
29208
29268
29180
29209
29269
29181
29210
29270
29182
29211
29271
29183
29212
29272
29213
29273
29185
29204
29186
29205
29187
29206
29188
29207
29189
29208
29190
29209
29191
29210
29192
29211
29193
29212
29213
29195
29204
29214
29196
29205
29215
29197
29206
29216
29198
29207
29217
29199
29208
29218
29200
29209
29219
29201
29210
29220
29202
29211
29221
29203
29212
29222
29213
29223
29205
29234
29206
29235
29207
29236
29208
29237
29209
29238
29210
29239
29211
29240
29212
29241
29213
29242
29243
29215
29234
29216
29235
29217
29236
29218
29237
29219
29238
29220
29239
29221
29240
29222
29241
29223
29242
29243
29225
29234
29254
29284
29226
29235
29255
29285
29227
29236
29256
29286
29228
29237
29257
29287
29229
29238
29258
29288
29230
29239
29259
29289
29231
29240
29260
29290
29232
29241
29261
29291
29233
29242
29262
29292
29243
29263
29293
29235
29264
29236
29265
29237
29266
29238
29267
29239
29268
29240
29269
29241
29270
29242
29271
29243
29272
29273
29245
29264
29246
29265
29247
29266
29248
29267
29249
29268
29250
29269
29251
29270
29252
29271
29253
29272
29273
29255
29264
29364
29256
29265
29365
29257
29266
29366
29258
29267
29367
29259
29268
29368
29260
29269
29369
29261
29270
29370
29262
29271
29371
29263
29272
29372
29273
29373
29265
29266
29267
29268
29269
29270
29271
29272
29273
29275
29294
29334
29276
29295
29335
29277
29296
29336
29278
29297
29337
29279
29298
29338
29280
29299
29339
29281
29300
29340
29282
29301
29341
29283
29302
29342
29303
29343
29285
29294
29364
29286
29295
29365
29287
29296
29366
29288
29297
29367
29289
29298
29368
29290
29299
29369
29291
29300
29370
29292
29301
29371
29293
29302
29372
29303
29373
29295
29354
29384
29296
29355
29385
29297
29356
29386
29298
29357
29387
29299
29358
29388
29300
29359
29389
29301
29360
29390
29302
29361
29391
29303
29362
29392
29363
29393
29305
29324
29344
29534
29306
29325
29345
29535
29307
29326
29346
29536
29308
29327
29347
29537
29309
29328
29348
29538
29310
29329
29349
29539
29311
29330
29350
29540
29312
29331
29351
29541
29313
29332
29352
29542
29333
29353
29543
29315
29324
29374
29940
29316
29325
29375
29941
29317
29326
29376
29942
29318
29327
29377
29943
29319
29328
29378
29944
29320
29329
29379
29945
29321
29330
29380
29946
29322
29331
29381
29947
29323
29332
29382
29948
29333
29383
29949
29325
29354
29384
29326
29355
29385
29327
29356
29386
29328
29357
29387
29329
29358
29388
29330
29359
29389
29331
29360
29390
29332
29361
29391
29333
29362
29392
29363
29393
29335
29354
29336
29355
29337
29356
29338
29357
29339
29358
29340
29359
29341
29360
29342
29361
29343
29362
29363
29345
29354
29574
29346
29355
29575
29347
29356
29576
29348
29357
29577
29349
29358
29578
29350
29359
29579
29351
29360
29580
29352
29361
29581
29353
29362
29582
29363
29583
29355
29356
29357
29358
29359
29360
29361
29362
29363
29365
29384
29366
29385
29367
29386
29368
29387
29369
29388
29370
29389
29371
29390
29372
29391
29373
29392
29393
29375
29384
29980
29376
29385
29981
29377
29386
29982
29378
29387
29983
29379
29388
29984
29380
29389
29985
29381
29390
29986
29382
29391
29987
29383
29392
29988
29393
29989
29385
29386
29387
29388
29389
29390
29391
29392
29393
29395
29414
29454
29396
29415
29455
29397
29416
29456
29398
29417
29457
29399
29418
29458
29400
29419
29459
29401
29420
29460
29402
29421
29461
29403
29422
29462
29423
29463
29405
29414
29484
29624
29406
29415
29485
29625
29407
29416
29486
29626
29408
29417
29487
29627
29409
29418
29488
29628
29410
29419
29489
29629
29411
29420
29490
29630
29412
29421
29491
29631
29413
29422
29492
29632
29423
29493
29633
29415
29474
29494
29416
29475
29495
29417
29476
29496
29418
29477
29497
29419
29478
29498
29420
29479
29499
29421
29480
29500
29422
29481
29501
29423
29482
29502
29483
29503
29425
29444
29464
29426
29445
29465
29427
29446
29466
29428
29447
29467
29429
29448
29468
29430
29449
29469
29431
29450
29470
29432
29451
29471
29433
29452
29472
29453
29473
29435
29444
32626
32676
29436
29445
32627
32677
29437
29446
32628
32678
29438
29447
32629
32679
29439
29448
32630
32680
29440
29449
32631
32681
29441
29450
32632
32682
29442
29451
32633
32683
29443
29452
32634
32684
29453
32635
32685
29445
29474
29494
29446
29475
29495
29447
29476
29496
29448
29477
29497
29449
29478
29498
29450
29479
29499
29451
29480
29500
29452
29481
29501
29453
29482
29502
29483
29503
29455
29474
29456
29475
29457
29476
29458
29477
29459
29478
29460
29479
29461
29480
29462
29481
29463
29482
29483
29465
29474
29466
29475
29467
29476
29468
29477
29469
29478
29470
29479
29471
29480
29472
29481
29473
29482
29483
29475
29476
29477
29478
29479
29480
29481
29482
29483
29485
29494
29684
31326
29486
29495
29685
31327
29487
29496
29686
31328
29488
29497
29687
31329
29489
29498
29688
31330
29490
29499
29689
31331
29491
29500
29690
31332
29492
29501
29691
31333
29493
29502
29692
31334
29503
29693
31335
29495
32676
29496
32677
29497
32678
29498
32679
29499
32680
29500
32681
29501
32682
29502
32683
29503
32684
32685
29505
29524
29564
29506
29525
29565
29507
29526
29566
29508
29527
29567
29509
29528
29568
29510
29529
29569
29511
29530
29570
29512
29531
29571
29513
29532
29572
29533
29573
29515
29524
29594
29634
29516
29525
29595
29635
29517
29526
29596
29636
29518
29527
29597
29637
29519
29528
29598
29638
29520
29529
29599
29639
29521
29530
29600
29640
29522
29531
29601
29641
29523
29532
29602
29642
29533
29603
29643
29525
29584
29614
29526
29585
29615
29527
29586
29616
29528
29587
29617
29529
29588
29618
29530
29589
29619
29531
29590
29620
29532
29591
29621
29533
29592
29622
29593
29623
29535
29554
29574
29536
29555
29575
29537
29556
29576
29538
29557
29577
29539
29558
29578
29540
29559
29579
29541
29560
29580
29542
29561
29581
29543
29562
29582
29563
29583
29545
29554
29604
29546
29555
29605
29547
29556
29606
29548
29557
29607
29549
29558
29608
29550
29559
29609
29551
29560
29610
29552
29561
29611
29553
29562
29612
29563
29613
29555
29584
29614
29556
29585
29615
29557
29586
29616
29558
29587
29617
29559
29588
29618
29560
29589
29619
29561
29590
29620
29562
29591
29621
29563
29592
29622
29593
29623
29565
29584
29566
29585
29567
29586
29568
29587
29569
29588
29570
29589
29571
29590
29572
29591
29573
29592
29593
29575
29584
29576
29585
29577
29586
29578
29587
29579
29588
29580
29589
29581
29590
29582
29591
29583
29592
29593
29585
29586
29587
29588
29589
29590
29591
29592
29593
29595
29614
29714
29596
29615
29715
29597
29616
29716
29598
29617
29717
29599
29618
29718
29600
29619
29719
29601
29620
29720
29602
29621
29721
29603
29622
29722
29623
29723
29605
29614
29606
29615
29607
29616
29608
29617
29609
29618
29610
29619
29611
29620
29612
29621
29613
29622
29623
29615
29616
29617
29618
29619
29620
29621
29622
29623
29625
29644
29684
29626
29645
29685
29627
29646
29686
29628
29647
29687
29629
29648
29688
29630
29649
29689
29631
29650
29690
29632
29651
29691
29633
29652
29692
29653
29693
29635
29644
29714
29636
29645
29715
29637
29646
29716
29638
29647
29717
29639
29648
29718
29640
29649
29719
29641
29650
29720
29642
29651
29721
29643
29652
29722
29653
29723
29645
29704
29734
29646
29705
29735
29647
29706
29736
29648
29707
29737
29649
29708
29738
29650
29709
29739
29651
29710
29740
29652
29711
29741
29653
29712
29742
29713
29743
29655
29674
29694
33634
29656
29675
29695
33635
29657
29676
29696
33636
29658
29677
29697
33637
29659
29678
29698
33638
29660
29679
29699
33639
29661
29680
29700
33640
29662
29681
29701
33641
29663
29682
29702
33642
29683
29703
33643
29665
29674
29724
30300
29666
29675
29725
30301
29667
29676
29726
30302
29668
29677
29727
30303
29669
29678
29728
30304
29670
29679
29729
30305
29671
29680
29730
30306
29672
29681
29731
30307
29673
29682
29732
30308
29683
29733
30309
29675
29704
29734
29676
29705
29735
29677
29706
29736
29678
29707
29737
29679
29708
29738
29680
29709
29739
29681
29710
29740
29682
29711
29741
29683
29712
29742
29713
29743
29685
29704
29686
29705
29687
29706
29688
29707
29689
29708
29690
29709
29691
29710
29692
29711
29693
29712
29713
29695
29704
33664
29696
29705
33665
29697
29706
33666
29698
29707
33667
29699
29708
33668
29700
29709
33669
29701
29710
33670
29702
29711
33671
29703
29712
33672
29713
33673
29705
29706
29707
29708
29709
29710
29711
29712
29713
29715
29734
29716
29735
29717
29736
29718
29737
29719
29738
29720
29739
29721
29740
29722
29741
29723
29742
29743
29725
29734
30340
29726
29735
30341
29727
29736
30342
29728
29737
30343
29729
29738
30344
29730
29739
30345
29731
29740
30346
29732
29741
30347
29733
29742
30348
29743
30349
29735
29736
29737
29738
29739
29740
29741
29742
29743
29745
29764
29774
33536
33546
29746
29765
29775
33537
33547
29747
29766
29776
33538
33548
29748
29767
29777
33539
33549
29749
29768
29778
33540
33550
29750
29769
29779
33541
33551
29751
29770
29780
33542
33552
29752
29771
29781
33543
33553
29753
29772
29782
33544
33554
29773
29783
33545
33555
29755
29764
29774
33556
33566
29756
29765
29775
33557
33566
29757
29766
29776
33558
33567
29758
29767
29777
33559
33568
29759
29768
29778
33560
33569
29760
29769
29779
33561
33570
29761
29770
29780
33562
33571
29762
29771
29781
33563
33572
29763
29772
29782
33564
33573
29773
29783
33565
33574
29765
33575
33585
29766
33576
33586
29767
33577
33587
29768
33578
33588
29769
33579
33589
29770
33580
33590
29771
33581
33591
29772
33582
33592
29773
33583
33593
33584
33594
29775
33595
33605
29776
33596
33605
29777
33597
33606
29778
33598
33607
29779
33599
33608
29780
33600
33609
29781
33601
33610
29782
33602
33611
29783
33603
33612
33604
33613
29785
29804
29814
33614
33624
29786
29805
29815
33615
33625
29787
29806
29816
33616
33626
29788
29807
29817
33617
33627
29789
29808
29818
33618
33628
29790
29809
29819
33619
33629
29791
29810
29820
33620
33630
29792
29811
29821
33621
33631
29793
29812
29822
33622
33632
29813
29823
33623
33633
29795
29804
29814
33634
33644
29796
29805
29815
33635
33645
29797
29806
29816
33636
33646
29798
29807
29817
33637
33647
29799
29808
29818
33638
33648
29800
29809
29819
33639
33649
29801
29810
29820
33640
33650
29802
29811
29821
33641
33651
29803
29812
29822
33642
33652
29813
29823
33643
33653
29805
33654
33664
29806
33655
33665
29807
33656
33666
29808
33657
33667
29809
33658
33668
29810
33659
33669
29811
33660
33670
29812
33661
33671
29813
33662
33672
33663
33673
29815
33674
33684
29816
33675
33685
29817
33676
33686
29818
33677
33687
29819
33678
33688
29820
33679
33689
29821
33680
33690
29822
33681
33691
29823
33682
33692
33683
33693
29825
29844
29854
33694
33704
29826
29845
29855
33695
33705
29827
29846
29856
33696
33706
29828
29847
29857
33697
33707
29829
29848
29858
33698
33708
29830
29849
29859
33699
33709
29831
29850
29860
33700
33710
29832
29851
29861
33701
33711
29833
29852
29862
33702
33712
29853
29863
33703
33713
29835
29844
29854
33714
33723
29836
29845
29855
33714
33724
29837
29846
29856
33715
33725
29838
29847
29857
33716
33726
29839
29848
29858
33717
33727
29840
29849
29859
33718
33728
29841
29850
29860
33719
33729
29842
29851
29861
33720
33730
29843
29852
29862
33721
33731
29853
29863
33722
33732
29845
33733
33743
29846
33734
33743
29847
33735
33744
29848
33736
33745
29849
33737
33746
29850
33738
33747
29851
33739
33748
29852
33740
33749
29853
33741
33750
33742
33751
29855
33752
33762
29856
33753
33763
29857
33754
33764
29858
33755
33765
29859
33756
33766
29860
33757
33767
29861
33758
33768
29862
33759
33769
29863
33760
33770
33761
33771
29865
29869
29872
33772
33773
33776
29866
29870
29872
33774
33777
29871
29873
33775
33778
29868
29869
29870
29872
33779
33781
29871
29873
33780
33781
29870
33782
33783
33786
29871
33784
33787
33785
33788
29873
33789
33791
33790
33791
29875
29887
29888
29894
33792
33798
29876
29889
29895
33793
33798
29877
29890
29896
33794
33799
29878
29891
29897
33795
33800
29879
29892
29898
33796
33801
29893
29899
33797
33802
29881
29887
29894
33803
33804
33811
29882
29888
29894
33805
33812
29883
29889
29895
33806
33813
29884
29890
29896
33807
33814
29885
29891
29897
33808
33815
29886
29892
29898
33809
33816
29893
29899
33810
33817
29888
33818
33825
33826
29889
33819
33827
29890
33820
33828
29891
33821
33829
29892
33822
33830
29893
33823
33831
33824
33832
29895
33833
33838
29896
33833
33839
29897
33834
33840
29898
33835
33841
29899
33836
33842
33837
33843
29901
29905
29907
33844
33847
33848
29902
29905
29908
33845
33849
29906
29909
33846
33850
29904
29905
29907
29908
33851
33852
29906
29909
33851
33853
29906
33854
33856
33855
33856
29908
33857
33858
33861
29909
33859
33862
33860
33863
29911
29930
29970
29912
29931
29971
29913
29932
29972
29914
29933
29973
29915
29934
29974
29916
29935
29975
29917
29936
29976
29918
29937
29977
29919
29938
29978
29939
29979
29921
29930
30000
30220
29922
29931
30001
30221
29923
29932
30002
30222
29924
29933
30003
30223
29925
29934
30004
30224
29926
29935
30005
30225
29927
29936
30006
30226
29928
29937
30007
30227
29929
29938
30008
30228
29939
30009
30229
29931
29990
30020
29932
29991
30021
29933
29992
30022
29934
29993
30023
29935
29994
30024
29936
29995
30025
29937
29996
30026
29938
29997
30027
29939
29998
30028
29999
30029
29941
29960
29980
29942
29961
29981
29943
29962
29982
29944
29963
29983
29945
29964
29984
29946
29965
29985
29947
29966
29986
29948
29967
29987
29949
29968
29988
29969
29989
29951
29960
30010
29952
29961
30011
29953
29962
30012
29954
29963
30013
29955
29964
30014
29956
29965
30015
29957
29966
30016
29958
29967
30017
29959
29968
30018
29969
30019
29961
29990
30020
29962
29991
30021
29963
29992
30022
29964
29993
30023
29965
29994
30024
29966
29995
30025
29967
29996
30026
29968
29997
30027
29969
29998
30028
29999
30029
29971
29990
29972
29991
29973
29992
29974
29993
29975
29994
29976
29995
29977
29996
29978
29997
29979
29998
29999
29981
29990
29982
29991
29983
29992
29984
29993
29985
29994
29986
29995
29987
29996
29988
29997
29989
29998
29999
29991
29992
29993
29994
29995
29996
29997
29998
29999
30001
30020
30250
30002
30021
30251
30003
30022
30252
30004
30023
30253
30005
30024
30254
30006
30025
30255
30007
30026
30256
30008
30027
30257
30009
30028
30258
30029
30259
30011
30020
30012
30021
30013
30022
30014
30023
30015
30024
30016
30025
30017
30026
30018
30027
30019
30028
30029
30021
30022
30023
30024
30025
30026
30027
30028
30029
30031
30050
30060
30032
30051
30061
30033
30052
30062
30034
30053
30063
30035
30054
30064
30036
30055
30065
30037
30056
30066
30038
30057
30067
30039
30058
30068
30059
30069
30041
30050
30090
30042
30051
30091
30043
30052
30092
30044
30053
30093
30045
30054
30094
30046
30055
30095
30047
30056
30096
30048
30057
30097
30049
30058
30098
30059
30099
30051
30080
30110
30052
30081
30111
30053
30082
30112
30054
30083
30113
30055
30084
30114
30056
30085
30115
30057
30086
30116
30058
30087
30117
30059
30088
30118
30089
30119
30061
30080
30062
30081
30063
30082
30064
30083
30065
30084
30066
30085
30067
30086
30068
30087
30069
30088
30089
30071
30080
30120
30072
30081
30121
30073
30082
30122
30074
30083
30123
30075
30084
30124
30076
30085
30125
30077
30086
30126
30078
30087
30127
30079
30088
30128
30089
30129
30081
30140
30082
30141
30083
30142
30084
30143
30085
30144
30086
30145
30087
30146
30088
30147
30089
30148
30149
30091
30110
30092
30111
30093
30112
30094
30113
30095
30114
30096
30115
30097
30116
30098
30117
30099
30118
30119
30101
30110
30130
30190
30102
30111
30131
30191
30103
30112
30132
30192
30104
30113
30133
30193
30105
30114
30134
30194
30106
30115
30135
30195
30107
30116
30136
30196
30108
30117
30137
30197
30109
30118
30138
30198
30119
30139
30199
30111
30140
30112
30141
30113
30142
30114
30143
30115
30144
30116
30145
30117
30146
30118
30147
30119
30148
30149
30121
30140
30122
30141
30123
30142
30124
30143
30125
30144
30126
30145
30127
30146
30128
30147
30129
30148
30149
30131
30140
30210
30132
30141
30211
30133
30142
30212
30134
30143
30213
30135
30144
30214
30136
30145
30215
30137
30146
30216
30138
30147
30217
30139
30148
30218
30149
30219
30141
30142
30143
30144
30145
30146
30147
30148
30149
30151
30170
30180
30152
30171
30181
30153
30172
30182
30154
30173
30183
30155
30174
30184
30156
30175
30185
30157
30176
30186
30158
30177
30187
30159
30178
30188
30179
30189
30161
30170
30240
30390
30162
30171
30241
30391
30163
30172
30242
30392
30164
30173
30243
30393
30165
30174
30244
30394
30166
30175
30245
30395
30167
30176
30246
30396
30168
30177
30247
30397
30169
30178
30248
30398
30179
30249
30399
30171
30200
30260
30172
30201
30261
30173
30202
30262
30174
30203
30263
30175
30204
30264
30176
30205
30265
30177
30206
30266
30178
30207
30267
30179
30208
30268
30209
30269
30181
30200
30182
30201
30183
30202
30184
30203
30185
30204
30186
30205
30187
30206
30188
30207
30189
30208
30209
30191
30200
30210
30192
30201
30211
30193
30202
30212
30194
30203
30213
30195
30204
30214
30196
30205
30215
30197
30206
30216
30198
30207
30217
30199
30208
30218
30209
30219
30201
30230
30202
30231
30203
30232
30204
30233
30205
30234
30206
30235
30207
30236
30208
30237
30209
30238
30239
30211
30230
30212
30231
30213
30232
30214
30233
30215
30234
30216
30235
30217
30236
30218
30237
30219
30238
30239
30221
30230
30250
30222
30231
30251
30223
30232
30252
30224
30233
30253
30225
30234
30254
30226
30235
30255
30227
30236
30256
30228
30237
30257
30229
30238
30258
30239
30259
30231
30260
30232
30261
30233
30262
30234
30263
30235
30264
30236
30265
30237
30266
30238
30267
30239
30268
30269
30241
30260
30470
30242
30261
30471
30243
30262
30472
30244
30263
30473
30245
30264
30474
30246
30265
30475
30247
30266
30476
30248
30267
30477
30249
30268
30478
30269
30479
30251
30260
30252
30261
30253
30262
30254
30263
30255
30264
30256
30265
30257
30266
30258
30267
30259
30268
30269
30261
30262
30263
30264
30265
30266
30267
30268
30269
30271
30290
30330
30272
30291
30331
30273
30292
30332
30274
30293
30333
30275
30294
30334
30276
30295
30335
30277
30296
30336
30278
30297
30337
30279
30298
30338
30299
30339
30281
30290
30360
30570
30282
30291
30361
30571
30283
30292
30362
30572
30284
30293
30363
30573
30285
30294
30364
30574
30286
30295
30365
30575
30287
30296
30366
30576
30288
30297
30367
30577
30289
30298
30368
30578
30299
30369
30579
30291
30350
30370
30292
30351
30371
30293
30352
30372
30294
30353
30373
30295
30354
30374
30296
30355
30375
30297
30356
30376
30298
30357
30377
30299
30358
30378
30359
30379
30301
30320
30340
31382
30302
30321
30341
31383
30303
30322
30342
31384
30304
30323
30343
31385
30305
30324
30344
31386
30306
30325
30345
31387
30307
30326
30346
31388
30308
30327
30347
31389
30309
30328
30348
31390
30329
30349
31391
30311
30320
31382
32768
32818
30312
30321
31383
32769
32819
30313
30322
31384
32770
32820
30314
30323
31385
32771
32821
30315
30324
31386
32772
32822
30316
30325
31387
32773
32823
30317
30326
31388
32774
32824
30318
30327
31389
32775
32825
30319
30328
31390
32776
32826
30329
31391
32777
32827
30321
30350
30370
30322
30351
30371
30323
30352
30372
30324
30353
30373
30325
30354
30374
30326
30355
30375
30327
30356
30376
30328
30357
30377
30329
30358
30378
30359
30379
30331
30350
30332
30351
30333
30352
30334
30353
30335
30354
30336
30355
30337
30356
30338
30357
30339
30358
30359
30341
30350
30342
30351
30343
30352
30344
30353
30345
30354
30346
30355
30347
30356
30348
30357
30349
30358
30359
30351
30352
30353
30354
30355
30356
30357
30358
30359
30361
30370
30600
31412
30362
30371
30601
31413
30363
30372
30602
31414
30364
30373
30603
31415
30365
30374
30604
31416
30366
30375
30605
31417
30367
30376
30606
31418
30368
30377
30607
31419
30369
30378
30608
31420
30379
30609
31421
30371
32818
30372
32819
30373
32820
30374
32821
30375
32822
30376
32823
30377
32824
30378
32825
30379
32826
32827
30381
30400
30410
30382
30401
30411
30383
30402
30412
30384
30403
30413
30385
30404
30414
30386
30405
30415
30387
30406
30416
30388
30407
30417
30389
30408
30418
30409
30419
30391
30400
30470
30392
30401
30471
30393
30402
30472
30394
30403
30473
30395
30404
30474
30396
30405
30475
30397
30406
30476
30398
30407
30477
30399
30408
30478
30409
30479
30401
30430
30490
30402
30431
30491
30403
30432
30492
30404
30433
30493
30405
30434
30494
30406
30435
30495
30407
30436
30496
30408
30437
30497
30409
30438
30498
30439
30499
30411
30430
30412
30431
30413
30432
30414
30433
30415
30434
30416
30435
30417
30436
30418
30437
30419
30438
30439
30421
30430
30440
30540
30422
30431
30441
30541
30423
30432
30442
30542
30424
30433
30443
30543
30425
30434
30444
30544
30426
30435
30445
30545
30427
30436
30446
30546
30428
30437
30447
30547
30429
30438
30448
30548
30439
30449
30549
30431
30460
30432
30461
30433
30462
30434
30463
30435
30464
30436
30465
30437
30466
30438
30467
30439
30468
30469
30441
30460
30560
30442
30461
30561
30443
30462
30562
30444
30463
30563
30445
30464
30564
30446
30465
30565
30447
30466
30566
30448
30467
30567
30449
30468
30568
30469
30569
30451
30460
30480
30452
30461
30481
30453
30462
30482
30454
30463
30483
30455
30464
30484
30456
30465
30485
30457
30466
30486
30458
30467
30487
30459
30468
30488
30469
30489
30461
30490
30462
30491
30463
30492
30464
30493
30465
30494
30466
30495
30467
30496
30468
30497
30469
30498
30499
30471
30490
30472
30491
30473
30492
30474
30493
30475
30494
30476
30495
30477
30496
30478
30497
30479
30498
30499
30481
30490
30482
30491
30483
30492
30484
30493
30485
30494
30486
30495
30487
30496
30488
30497
30489
30498
30499
30491
30492
30493
30494
30495
30496
30497
30498
30499
30501
30520
30530
30502
30521
30531
30503
30522
30532
30504
30523
30533
30505
30524
30534
30506
30525
30535
30507
30526
30536
30508
30527
30537
30509
30528
30538
30529
30539
30511
30520
30590
33952
30512
30521
30591
33953
30513
30522
30592
33954
30514
30523
30593
33955
30515
30524
30594
33956
30516
30525
30595
33957
30517
30526
30596
33958
30518
30527
30597
33959
30519
30528
30598
33960
30529
30599
33961
30521
30550
30610
30522
30551
30611
30523
30552
30612
30524
30553
30613
30525
30554
30614
30526
30555
30615
30527
30556
30616
30528
30557
30617
30529
30558
30618
30559
30619
30531
30550
30532
30551
30533
30552
30534
30553
30535
30554
30536
30555
30537
30556
30538
30557
30539
30558
30559
30541
30550
30560
30542
30551
30561
30543
30552
30562
30544
30553
30563
30545
30554
30564
30546
30555
30565
30547
30556
30566
30548
30557
30567
30549
30558
30568
30559
30569
30551
30580
30552
30581
30553
30582
30554
30583
30555
30584
30556
30585
30557
30586
30558
30587
30559
30588
30589
30561
30580
30562
30581
30563
30582
30564
30583
30565
30584
30566
30585
30567
30586
30568
30587
30569
30588
30589
30571
30580
30600
30572
30581
30601
30573
30582
30602
30574
30583
30603
30575
30584
30604
30576
30585
30605
30577
30586
30606
30578
30587
30607
30579
30588
30608
30589
30609
30581
30610
30582
30611
30583
30612
30584
30613
30585
30614
30586
30615
30587
30616
30588
30617
30589
30618
30619
30591
30610
34002
30592
30611
34003
30593
30612
34004
30594
30613
34005
30595
30614
34006
30596
30615
34007
30597
30616
34008
30598
30617
34009
30599
30618
34010
30619
34011
30601
30610
30602
30611
30603
30612
30604
30613
30605
30614
30606
30615
30607
30616
30608
30617
30609
30618
30619
30611
30612
30613
30614
30615
30616
30617
30618
30619
30621
30640
30650
33864
33874
30622
30641
30651
33865
33875
30623
30642
30652
33866
33876
30624
30643
30653
33867
33877
30625
30644
30654
33868
33878
30626
30645
30655
33869
33879
30627
30646
30656
33870
33880
30628
30647
30657
33871
33881
30629
30648
30658
33872
33882
30649
30659
33873
33883
30631
30640
30650
33884
33894
30632
30641
30651
33885
33894
30633
30642
30652
33886
33895
30634
30643
30653
33887
33896
30635
30644
30654
33888
33897
30636
30645
30655
33889
33898
30637
30646
30656
33890
33899
30638
30647
30657
33891
33900
30639
30648
30658
33892
33901
30649
30659
33893
33902
30641
33903
33913
30642
33904
33914
30643
33905
33915
30644
33906
33916
30645
33907
33917
30646
33908
33918
30647
33909
33919
30648
33910
33920
30649
33911
33921
33912
33922
30651
33923
33933
30652
33924
33933
30653
33925
33934
30654
33926
33935
30655
33927
33936
30656
33928
33937
30657
33929
33938
30658
33930
33939
30659
33931
33940
33932
33941
30661
30670
30690
33942
33952
30662
30671
30691
33943
33953
30663
30672
30692
33944
33954
30664
30673
30693
33945
33955
30665
30674
30694
33946
33956
30666
30675
30695
33947
33957
30667
30676
30696
33948
33958
30668
30677
30697
33949
33959
30669
30678
30698
33950
33960
30679
30699
33951
33961
30671
30680
33962
33972
30672
30681
33963
33973
30673
30682
33964
33974
30674
30683
33965
33975
30675
30684
33966
33976
30676
30685
33967
33977
30677
30686
33968
33978
30678
30687
33969
33979
30679
30688
33970
33980
30689
33971
33981
30681
30690
33982
33992
30682
30691
33983
33993
30683
30692
33984
33994
30684
30693
33985
33995
30685
30694
33986
33996
30686
30695
33987
33997
30687
30696
33988
33998
30688
30697
33989
33999
30689
30698
33990
34000
30699
33991
34001
30691
34002
34012
30692
34003
34013
30693
34004
34014
30694
34005
34015
30695
34006
34016
30696
34007
34017
30697
34008
34018
30698
34009
34019
30699
34010
34020
34011
34021
30701
30710
30730
34022
34032
30702
30711
30731
34023
34032
30703
30712
30732
34024
34033
30704
30713
30733
34025
34034
30705
30714
30734
34026
34035
30706
30715
30735
34027
34036
30707
30716
30736
34028
34037
30708
30717
30737
34029
34038
30709
30718
30738
34030
34039
30719
30739
34031
34040
30711
30720
34041
34051
30712
30721
34042
34052
30713
30722
34043
34053
30714
30723
34044
34054
30715
30724
34045
34055
30716
30725
34046
34056
30717
30726
34047
34057
30718
30727
34048
34058
30719
30728
34049
34059
30729
34050
34060
30721
30730
34061
34071
30722
30731
34062
34072
30723
30732
34063
34073
30724
30733
34064
34074
30725
30734
34065
34075
30726
30735
34066
34076
30727
30736
34067
34077
30728
30737
34068
34078
30729
30738
34069
34079
30739
34070
34080
30731
34081
34090
30732
34081
34091
30733
34082
34092
30734
34083
34093
30735
34084
34094
30736
34085
34095
30737
34086
34096
30738
34087
34097
30739
34088
34098
34089
34099
30741
30745
30748
34100
34101
34104
30742
30746
30748
34102
34105
30747
30749
34103
34106
30744
30745
30746
30748
34107
34109
30747
30749
34108
34109
30746
34110
34111
34114
30747
34112
34115
34113
34116
30749
34117
34119
34118
34119
30751
30757
30769
34120
34127
34128
30752
30757
30770
34121
34129
30753
30758
30771
34122
34130
30754
30759
30772
34123
34131
30755
30760
30773
34124
34132
30756
30761
30774
34125
34133
30762
30775
34126
34134
30758
30763
34135
34141
30759
30764
34136
34141
30760
30765
34137
34142
30761
30766
34138
34143
30762
30767
34139
34144
30768
34140
34145
30764
30769
30770
34146
34151
30765
30771
34146
34152
30766
30772
34147
34153
30767
30773
34148
34154
30768
30774
34149
34155
30775
34150
34156
30770
34157
34158
34165
30771
34159
34166
30772
34160
34167
30773
34161
34168
30774
34162
34169
30775
34163
34170
34164
34171
30777
30778
30779
30784
34172
34174
30780
30785
34173
34174
30779
30781
34175
34178
34179
30780
30782
34176
34180
30783
34177
34181
30782
30784
34182
34183
34186
30783
30784
34184
34187
30785
34185
34188
30785
34189
34190
34189
34191
30787
30801
30802
30863
30865
30803
30864
30865
30789
30796
30804
30805
30866
30867
30797
30806
30866
30868
30791
30794
30837
30838
30869
30871
30795
30839
30870
30871
30793
30799
30840
30841
30872
30873
30800
30842
30872
30874
30795
30819
30820
30875
30877
30821
30876
30877
30797
30822
30823
30878
30879
30824
30878
30880
30854
30881
30882
30883
30800
30855
30856
30884
30885
30857
30884
30886
30802
31006
31009
31010
30803
31007
31011
31008
31012
30805
30822
31013
31016
31017
30806
30823
31014
31018
30824
31015
31019
30808
30825
30887
30888
31020
31025
30809
30826
30889
31020
31026
30810
30827
30890
31021
31027
30811
30828
30891
31022
31028
30812
30829
30892
31023
31029
30830
30893
31024
31030
30814
30931
30932
31031
31036
30815
30933
31031
31037
30816
30934
31032
31038
30817
30935
31033
31039
30818
30936
31034
31040
30937
31035
31041
30820
30837
31042
31045
31046
30821
30838
31043
31047
30839
31044
31048
30823
31049
31052
31053
30824
31050
31054
31051
31055
30826
30963
30964
31056
31061
30827
30965
31056
31062
30828
30966
31057
31063
30829
30967
31058
31064
30830
30968
31059
31065
30969
31060
31066
30832
30848
30989
30990
31067
31072
30833
30849
30991
31067
31073
30834
30850
30992
31068
31074
30835
30851
30993
31069
31075
30836
30852
30994
31070
31076
30853
30995
31071
31077
30838
31078
31081
31082
30839
31079
31083
31080
31084
30841
30855
31085
31088
31089
30842
30856
31086
31090
30857
31087
31091
30844
30858
30938
31092
31097
31098
30845
30858
30939
31093
31099
30846
30859
30940
31094
31100
30847
30860
30941
31095
31101
30861
30942
31096
31102
30849
30956
30957
31103
31108
30850
30958
31103
31109
30851
30959
31104
31110
30852
30960
31105
31111
30853
30961
31106
31112
30962
31107
31113
31114
31115
31116
30856
31117
31120
31121
30857
31118
31122
31119
31123
30859
30996
31124
31128
30860
30997
31125
31128
30861
30998
31126
31129
30999
31127
31130
31005
31131
31132
31133
30864
30867
31006
31007
30868
31008
30878
30868
31013
31014
31015
30870
30873
31078
31079
30874
31080
30877
30884
30874
31085
31086
31087
30876
30879
31042
31043
30880
31044
30880
31049
31050
31051
30882
30885
31114
30886
31115
30886
31117
31118
31119
30888
30963
32106
32113
32114
30889
30964
32107
32115
30890
30965
32108
32116
30891
30966
32109
32117
30892
30967
32110
32118
30893
30968
32111
32119
30969
32112
32120
30895
30904
30896
30905
30897
30906
30898
30907
30899
30908
30900
30909
30901
30910
30902
30911
30903
30912
30913
30905
31982
32121
32131
30906
31983
32122
32131
30907
31984
32123
32132
30908
31985
32124
32133
30909
31986
32125
32134
30910
31987
32126
32135
30911
31988
32127
32136
30912
31989
32128
32137
30913
31990
32129
32138
31991
32130
32139
30915
30979
31992
32140
32149
30916
30980
31993
32140
32150
30917
30981
31994
32141
32151
30918
30982
31995
32142
32152
30919
30983
31996
32143
32153
30920
30984
31997
32144
32154
30921
30985
31998
32145
32155
30922
30986
31999
32146
32156
30923
30987
32000
32147
32157
30988
32001
32148
32158
30925
30931
32174
32175
30926
30932
32176
30927
30933
32177
30928
30934
32178
30929
30935
32179
30930
30936
32180
30937
32181
30932
32159
32166
32167
30933
32160
32168
30934
32161
32169
30935
32162
32170
30936
32163
32171
30937
32164
32172
32165
32173
30939
30996
32182
32183
32188
30940
30996
32184
32189
30941
30997
32185
32190
30942
30998
32186
32191
30999
32187
32192
30944
30970
30971
32070
32193
32200
30945
30972
32071
32193
32201
30946
30973
32072
32194
32202
30947
30974
32073
32195
32203
30948
30975
32074
32196
32204
30949
30976
32075
32197
32205
30950
30977
32076
32198
32206
30978
32077
32199
32207
30952
31001
32078
32208
32213
32214
30953
31001
32079
32209
32215
30954
31002
32080
32210
32216
30955
31003
32081
32211
32217
31004
32082
32212
32218
30957
30989
32219
32226
32227
30958
30990
32220
32228
30959
30991
32221
32229
30960
30992
32222
32230
30961
30993
32223
32231
30962
30994
32224
32232
30995
32225
32233
30964
32234
32241
32242
30965
32235
32243
30966
32236
32244
30967
32237
32245
30968
32238
32246
30969
32239
32247
32240
32248
30971
32022
32249
32250
32259
30972
32023
32251
32260
30973
32024
32252
32261
30974
32025
32253
32262
30975
32026
32254
32263
30976
32027
32255
32264
30977
32028
32256
32265
30978
32029
32257
32266
32030
32258
32267
30980
32031
32268
32277
30981
32032
32268
32278
30982
32033
32269
32279
30983
32034
32270
32280
30984
32035
32271
32281
30985
32036
32272
32282
30986
32037
32273
32283
30987
32038
32274
32284
30988
32039
32275
32285
32040
32276
32286
30990
32287
32294
32295
30991
32288
32296
30992
32289
32297
30993
32290
32298
30994
32291
32299
30995
32292
32300
32293
32301
30997
32302
32305
30998
32302
32306
30999
32303
32307
32304
32308
32096
32309
32310
32311
31002
32097
32312
32316
31003
32098
32313
32316
31004
32099
32314
32317
32100
32315
32318
32319
32320
32321
31007
31013
31008
31014
31015
31010
31031
31032
31011
31033
31012
31034
31035
31014
31015
31017
31020
31021
31052
31018
31022
31053
31019
31023
31054
31024
31055
31021
31056
31022
31057
31023
31058
31024
31059
31060
31026
31036
32106
32107
31027
31037
32108
31028
31038
32109
31029
31039
32110
31030
31040
32111
31041
32112
31032
31033
31034
31035
31037
32159
32160
31038
32161
31039
32162
31040
32163
31041
32164
32165
31043
31049
31044
31050
31051
31046
31067
31068
31081
31047
31069
31082
31048
31070
31083
31071
31084
31050
31051
31053
31056
31057
31054
31058
31055
31059
31060
31057
31058
31059
31060
31062
31072
32234
32235
31063
31073
32236
31064
31074
32237
31065
31075
32238
31066
31076
32239
31077
32240
31068
31103
31069
31104
31070
31105
31071
31106
31107
31073
32287
32288
31074
32289
31075
32290
31076
32291
31077
32292
32293
31079
31085
31080
31086
31087
31082
31103
31104
31083
31105
31084
31106
31107
31086
31087
31089
31092
31093
31120
31090
31094
31121
31091
31095
31122
31096
31123
31093
31124
31094
31124
31095
31125
31096
31126
31127
31098
31108
32182
31099
31109
32183
31100
31110
32184
31101
31111
32185
31102
31112
32186
31113
32187
31104
31105
31106
31107
31109
32219
32220
31110
32221
31111
32222
31112
32223
31113
32224
32225
31115
31117
31118
31119
31131
31118
31119
31121
31124
31122
31125
31123
31126
31127
31125
31126
31127
31129
31132
32302
31130
31132
32303
31133
32304
31133
32319
32320
31135
31458
31496
32322
32332
31136
31459
31497
32323
32333
31137
31460
31498
32324
32334
31138
31461
31499
32325
32335
31139
31462
31500
32326
32336
31140
31463
31501
32327
32337
31141
31464
31502
32328
32338
31142
31465
31503
32329
32339
31143
31466
31504
32330
32340
31467
31505
32331
32341
31145
31154
31146
31155
31147
31156
31148
31157
31149
31158
31150
31159
31151
31160
31152
31161
31153
31162
31163
31155
32342
32352
31156
32343
32353
31157
32344
32354
31158
32345
32355
31159
32346
32356
31160
32347
32357
31161
32348
32358
31162
32349
32359
31163
32350
32360
32351
32361
31165
31174
31166
31175
31167
31176
31168
31177
31169
31178
31170
31179
31171
31180
31172
31181
31173
31182
31183
31175
31516
32362
32372
31176
31517
32363
32373
31177
31518
32364
32374
31178
31519
32365
32375
31179
31520
32366
32376
31180
31521
32367
32377
31181
31522
32368
32378
31182
31523
32369
32379
31183
31524
32370
32380
31525
32371
32381
31185
31486
32382
32392
31186
31487
32383
32393
31187
31488
32384
32394
31188
31489
32385
32395
31189
31490
32386
32396
31190
31491
32387
32397
31191
31492
32388
32398
31192
31493
32389
32399
31193
31494
32390
32400
31495
32391
32401
31195
31574
31584
32402
32403
32408
31196
31574
31585
32404
32409
31197
31575
31586
32405
32410
31198
31576
31587
32406
32411
31577
31588
32407
32412
31200
31468
31469
32413
32421
31201
31470
32414
32421
31202
31471
32415
32422
31203
31472
32416
32423
31204
31473
32417
32424
31205
31474
32418
32425
31206
31475
32419
32426
31476
32420
32427
31208
31477
31478
31597
32428
32435
31209
31479
31598
32428
32436
31210
31480
31599
32429
32437
31211
31481
31600
32430
32438
31212
31482
31601
32431
32439
31213
31483
31602
32432
32440
31214
31484
31603
32433
32441
31485
31604
32434
32442
31216
31580
32443
32448
32449
31217
31580
32444
32450
31218
31581
32445
32451
31219
31582
32446
32452
31583
32447
32453
31221
31620
31658
32454
32464
31222
31621
31659
32455
32465
31223
31622
31660
32456
32466
31224
31623
31661
32457
32467
31225
31624
31662
32458
32468
31226
31625
31663
32459
32469
31227
31626
31664
32460
32470
31228
31627
31665
32461
32471
31229
31628
31666
32462
32472
31629
31667
32463
32473
31231
31240
32494
31232
31241
32495
31233
31242
32496
31234
31243
32497
31235
31244
32498
31236
31245
32499
31237
31246
32500
31238
31247
32501
31239
31248
32502
31249
32503
31241
31506
32474
32484
31242
31507
32475
32485
31243
31508
32476
32486
31244
31509
32477
32487
31245
31510
32478
32488
31246
31511
32479
32489
31247
31512
32480
32490
31248
31513
32481
32491
31249
31514
32482
32492
31515
32483
32493
31251
31526
31639
32504
32514
31252
31527
31640
32505
32515
31253
31528
31641
32506
32516
31254
31529
31642
32507
32517
31255
31530
31643
32508
32518
31256
31531
31644
32509
32519
31257
31532
31645
32510
32520
31258
31533
31646
32511
32521
31259
31534
31647
32512
32522
31535
31648
32513
32523
31261
31678
32524
32534
31262
31679
32525
32535
31263
31680
32526
32536
31264
31681
32527
32537
31265
31682
32528
32538
31266
31683
32529
32539
31267
31684
32530
32540
31268
31685
32531
32541
31269
31686
32532
32542
31687
32533
32543
31271
31736
31746
32544
32549
32550
31272
31736
31747
32545
32551
31273
31737
31748
32546
32552
31274
31738
31749
32547
32553
31739
31750
32548
32554
31276
31589
31630
31631
32555
32562
31277
31590
31632
32555
32563
31278
31591
31633
32556
32564
31279
31592
31634
32557
32565
31280
31593
31635
32558
32566
31281
31594
31636
32559
32567
31282
31595
31637
32560
32568
31596
31638
32561
32569
31284
31605
31741
32570
32575
32576
31285
31606
31741
32571
32577
31286
31607
31742
32572
32578
31287
31608
31743
32573
32579
31609
31744
32574
32580
31289
31649
31650
31759
32581
32588
31290
31651
31760
32581
32589
31291
31652
31761
32582
32590
31292
31653
31762
32583
32591
31293
31654
31763
32584
32592
31294
31655
31764
32585
32593
31295
31656
31765
32586
32594
31657
31766
32587
32595
31297
31782
31820
32596
32606
31298
31783
31821
32597
32607
31299
31784
31822
32598
32608
31300
31785
31823
32599
32609
31301
31786
31824
32600
32610
31302
31787
31825
32601
32611
31303
31788
31826
32602
32612
31304
31789
31827
32603
32613
31305
31790
31828
32604
32614
31791
31829
32605
32615
31307
31668
32616
32626
31308
31669
32617
32627
31309
31670
32618
32628
31310
31671
32619
32629
31311
31672
32620
32630
31312
31673
32621
32631
31313
31674
32622
32632
31314
31675
32623
32633
31315
31676
32624
32634
31677
32625
32635
31317
31688
31801
32636
32646
31318
31689
31802
32637
32647
31319
31690
31803
32638
32648
31320
31691
31804
32639
32649
31321
31692
31805
32640
32650
31322
31693
31806
32641
32651
31323
31694
31807
32642
32652
31324
31695
31808
32643
32653
31325
31696
31809
32644
32654
31697
31810
32645
32655
31327
31336
32676
31328
31337
32677
31329
31338
32678
31330
31339
32679
31331
31340
32680
31332
31341
32681
31333
31342
32682
31334
31343
32683
31335
31344
32684
31345
32685
31337
31840
32656
32666
31338
31841
32657
32667
31339
31842
32658
32668
31340
31843
32659
32669
31341
31844
32660
32670
31342
31845
32661
32671
31343
31846
32662
32672
31344
31847
32663
32673
31345
31848
32664
32674
31849
32665
32675
31347
31898
31908
32686
32691
32692
31348
31898
31909
32687
32693
31349
31899
31910
32688
32694
31350
31900
31911
32689
32695
31901
31912
32690
32696
31352
31751
31792
31793
32697
32704
31353
31752
31794
32697
32705
31354
31753
31795
32698
32706
31355
31754
31796
32699
32707
31356
31755
31797
32700
32708
31357
31756
31798
32701
32709
31358
31757
31799
32702
32710
31758
31800
32703
32711
31360
31767
31903
32712
32717
32718
31361
31768
31903
32713
32719
31362
31769
31904
32714
32720
31363
31770
31905
32715
32721
31771
31906
32716
32722
31365
31811
31812
31921
32723
32730
31366
31813
31922
32723
32731
31367
31814
31923
32724
32732
31368
31815
31924
32725
32733
31369
31816
31925
32726
32734
31370
31817
31926
32727
32735
31371
31818
31927
32728
32736
31819
31928
32729
32737
31373
31944
32002
32738
32748
31374
31945
32003
32739
32749
31375
31946
32004
32740
32750
31376
31947
32005
32741
32751
31377
31948
32006
32742
32752
31378
31949
32007
32743
32753
31379
31950
32008
32744
32754
31380
31951
32009
32745
32755
31381
31952
32010
32746
32756
31953
32011
32747
32757
31383
31392
31384
31393
31385
31394
31386
31395
31387
31396
31388
31397
31389
31398
31390
31399
31391
31400
31401
31393
31830
32758
32768
31394
31831
32759
32769
31395
31832
32760
32770
31396
31833
32761
32771
31397
31834
32762
32772
31398
31835
32763
32773
31399
31836
32764
32774
31400
31837
32765
32775
31401
31838
32766
32776
31839
32767
32777
31403
31850
31963
32778
32788
31404
31851
31964
32779
32789
31405
31852
31965
32780
32790
31406
31853
31966
32781
32791
31407
31854
31967
32782
32792
31408
31855
31968
32783
32793
31409
31856
31969
32784
32794
31410
31857
31970
32785
32795
31411
31858
31971
32786
32796
31859
31972
32787
32797
31413
31422
32818
31414
31423
32819
31415
31424
32820
31416
31425
32821
31417
31426
32822
31418
31427
32823
31419
31428
32824
31420
31429
32825
31421
31430
32826
31431
32827
31423
32012
32798
32808
31424
32013
32799
32809
31425
32014
32800
32810
31426
32015
32801
32811
31427
32016
32802
32812
31428
32017
32803
32813
31429
32018
32804
32814
31430
32019
32805
32815
31431
32020
32806
32816
32021
32807
32817
31433
32060
32083
32828
32833
32834
31434
32060
32084
32829
32835
31435
32061
32085
32830
32836
31436
32062
32086
32831
32837
32063
32087
32832
32838
31438
31913
31954
31955
32839
32846
31439
31914
31956
32839
32847
31440
31915
31957
32840
32848
31441
31916
31958
32841
32849
31442
31917
31959
32842
32850
31443
31918
31960
32843
32851
31444
31919
31961
32844
32852
31920
31962
32845
32853
31446
31929
32065
32854
32859
32860
31447
31930
32065
32855
32861
31448
31931
32066
32856
32862
31449
31932
32067
32857
32863
31933
32068
32858
32864
31451
31973
31974
32088
32865
32872
31452
31975
32089
32865
32873
31453
31976
32090
32866
32874
31454
31977
32091
32867
32875
31455
31978
32092
32868
32876
31456
31979
32093
32869
32877
31457
31980
32094
32870
32878
31981
32095
32871
32879
31459
31536
32880
32890
31460
31537
32881
32891
31461
31538
32882
32892
31462
31539
32883
32893
31463
31540
32884
32894
31464
31541
32885
32895
31465
31542
32886
32896
31466
31543
32887
32897
31467
31544
32888
32898
31545
32889
32899
31469
32900
32909
32910
31470
32901
32911
31471
32902
32912
31472
32903
32913
31473
32904
32914
31474
32905
32915
31475
32906
32916
31476
32907
32917
32908
32918
31478
31555
32919
32920
32929
31479
31556
32921
32930
31480
31557
32922
32931
31481
31558
32923
32932
31482
31559
32924
32933
31483
31560
32925
32934
31484
31561
32926
32935
31485
31562
32927
32936
31563
32928
32937
31487
32938
32948
31488
32939
32949
31489
32940
32950
31490
32941
32951
31491
32942
32952
31492
32943
32953
31493
32944
32954
31494
32945
32955
31495
32946
32956
32947
32957
31497
31536
32958
32968
31498
31537
32959
32969
31499
31538
32960
32970
31500
31539
32961
32971
31501
31540
32962
32972
31502
31541
32963
32973
31503
31542
32964
32974
31504
31543
32965
32975
31505
31544
32966
32976
31545
32967
32977
31507
32978
32988
31508
32979
32989
31509
32980
32990
31510
32981
32991
31511
32982
32992
31512
32983
32993
31513
32984
32994
31514
32985
32995
31515
32986
32996
32987
32997
31517
32998
33008
31518
32999
33009
31519
33000
33010
31520
33001
33011
31521
33002
33012
31522
33003
33013
31523
33004
33014
31524
33005
33015
31525
33006
33016
33007
33017
31527
31564
33018
33028
31528
31565
33019
33029
31529
31566
33020
33030
31530
31567
33021
33031
31531
31568
33022
33032
31532
31569
33023
33033
31533
31570
33024
33034
31534
31571
33025
33035
31535
31572
33026
33036
31573
33027
33037
31537
33038
33048
31538
33039
33049
31539
33040
33050
31540
33041
33051
31541
33042
33052
31542
33043
33053
31543
33044
33054
31544
33045
33055
31545
33046
33056
33047
33057
31547
31589
31630
33058
33067
33068
31548
31589
31631
33059
33069
31549
31590
31632
33060
33070
31550
31591
31633
33061
33071
31551
31592
31634
33062
33072
31552
31593
31635
33063
33073
31553
31594
31636
33064
33074
31554
31595
31637
33065
33075
31596
31638
33066
33076
31556
31597
33077
33078
33087
31557
31597
33079
33088
31558
31598
33080
33089
31559
31599
33081
33090
31560
31600
33082
33091
31561
31601
33083
33092
31562
31602
33084
33093
31563
31603
33085
33094
31604
33086
33095
31565
31639
33096
33106
31566
31640
33097
33107
31567
31641
33098
33108
31568
31642
33099
33109
31569
31643
33100
33110
31570
31644
33101
33111
31571
31645
33102
33112
31572
31646
33103
33113
31573
31647
33104
33114
31648
33105
33115
31575
31610
33116
33119
31576
31611
33116
33120
31577
31612
33117
33121
31613
33118
33122
33123
33124
33125
31615
33126
33127
33128
31581
33129
33133
31582
33130
33133
31583
33131
33134
33132
33135
31585
31610
33136
33137
33142
31586
31610
33138
33143
31587
31611
33139
33144
31588
31612
33140
33145
31613
33141
33146
31590
33147
33155
31591
33148
33155
31592
33149
33156
31593
33150
33157
31594
33151
33158
31595
33152
33159
31596
33153
33160
33154
33161
31598
33162
33169
31599
33162
33170
31600
33163
33171
31601
33164
33172
31602
33165
33173
31603
33166
33174
31604
33167
33175
33168
33176
31606
31616
33177
33182
33183
31607
31616
33178
33184
31608
31617
33179
33185
31609
31618
33180
33186
31619
33181
33187
31611
33188
33191
31612
33188
33192
31613
33189
33193
33190
33194
31740
33195
33196
33197
33198
33199
33200
31617
31741
33201
33205
31618
31742
33202
33205
31619
31743
33203
33206
31744
33204
33207
31621
31698
33208
33218
31622
31699
33209
33219
31623
31700
33210
33220
31624
31701
33211
33221
31625
31702
33212
33222
31626
31703
33213
33223
31627
31704
33214
33224
31628
31705
33215
33225
31629
31706
33216
33226
31707
33217
33227
31631
33228
33229
33238
31632
33230
33239
31633
33231
33240
31634
33232
33241
31635
33233
33242
31636
33234
33243
31637
33235
33244
31638
33236
33245
33237
33246
31640
33247
33257
31641
33248
33258
31642
33249
33259
31643
33250
33260
31644
33251
33261
31645
33252
33262
31646
33253
33263
31647
33254
33264
31648
33255
33265
33256
33266
31650
31717
33267
33268
33277
31651
31718
33269
33278
31652
31719
33270
33279
31653
31720
33271
33280
31654
31721
33272
33281
31655
31722
33273
33282
31656
31723
33274
33283
31657
31724
33275
33284
31725
33276
33285
31659
31698
33286
33296
31660
31699
33287
33297
31661
31700
33288
33298
31662
31701
33289
33299
31663
31702
33290
33300
31664
31703
33291
33301
31665
31704
33292
33302
31666
31705
33293
33303
31667
31706
33294
33304
31707
33295
33305
31669
33306
33316
31670
33307
33317
31671
33308
33318
31672
33309
33319
31673
33310
33320
31674
33311
33321
31675
33312
33322
31676
33313
33323
31677
33314
33324
33315
33325
31679
33326
33336
31680
33327
33337
31681
33328
33338
31682
33329
33339
31683
33330
33340
31684
33331
33341
31685
33332
33342
31686
33333
33343
31687
33334
33344
33335
33345
31689
31726
33346
33356
31690
31727
33347
33357
31691
31728
33348
33358
31692
31729
33349
33359
31693
31730
33350
33360
31694
31731
33351
33361
31695
31732
33352
33362
31696
31733
33353
33363
31697
31734
33354
33364
31735
33355
33365
31699
33366
33376
31700
33367
33377
31701
33368
33378
31702
33369
33379
31703
33370
33380
31704
33371
33381
31705
33372
33382
31706
33373
33383
31707
33374
33384
33375
33385
31709
31751
31792
33386
33395
33396
31710
31751
31793
33387
33397
31711
31752
31794
33388
33398
31712
31753
31795
33389
33399
31713
31754
31796
33390
33400
31714
31755
31797
33391
33401
31715
31756
31798
33392
33402
31716
31757
31799
33393
33403
31758
31800
33394
33404
31718
31759
33405
33406
33415
31719
31759
33407
33416
31720
31760
33408
33417
31721
31761
33409
33418
31722
31762
33410
33419
31723
31763
33411
33420
31724
31764
33412
33421
31725
31765
33413
33422
31766
33414
33423
31727
31801
33424
33434
31728
31802
33425
33435
31729
31803
33426
33436
31730
31804
33427
33437
31731
31805
33428
33438
31732
31806
33429
33439
31733
31807
33430
33440
31734
31808
33431
33441
31735
31809
33432
33442
31810
33433
33443
31737
31772
33444
33448
31738
31773
33445
33448
31739
31774
33446
33449
31775
33447
33450
33451
33452
33453
31742
33454
33458
31743
33455
33458
31744
33456
33459
33457
33460
31777
33461
33462
33463
31747
31772
33464
33465
33470
31748
31772
33466
33471
31749
31773
33467
33472
31750
31774
33468
33473
31775
33469
33474
31752
33475
33483
31753
33476
33483
31754
33477
33484
31755
33478
33485
31756
33479
33486
31757
33480
33487
31758
33481
33488
33482
33489
31760
33490
33497
31761
33490
33498
31762
33491
33499
31763
33492
33500
31764
33493
33501
31765
33494
33502
31766
33495
33503
33496
33504
31768
31778
33505
33510
33511
31769
31778
33506
33512
31770
31779
33507
33513
31771
31780
33508
33514
31781
33509
33515
31773
33516
33519
31774
33516
33520
31775
33517
33521
33518
33522
31902
33523
33524
33525
33526
33527
33528
31779
31903
33529
33533
31780
31904
33530
33533
31781
31905
33531
33534
31906
33532
33535
31783
31860
33536
33546
31784
31861
33537
33547
31785
31862
33538
33548
31786
31863
33539
33549
31787
31864
33540
33550
31788
31865
33541
33551
31789
31866
33542
33552
31790
31867
33543
33553
31791
31868
33544
33554
31869
33545
33555
31793
33556
33557
33566
31794
33558
33567
31795
33559
33568
31796
33560
33569
31797
33561
33570
31798
33562
33571
31799
33563
33572
31800
33564
33573
33565
33574
31802
33575
33585
31803
33576
33586
31804
33577
33587
31805
33578
33588
31806
33579
33589
31807
33580
33590
31808
33581
33591
31809
33582
33592
31810
33583
33593
33584
33594
31812
31879
33595
33596
33605
31813
31880
33597
33606
31814
31881
33598
33607
31815
31882
33599
33608
31816
31883
33600
33609
31817
31884
33601
33610
31818
31885
33602
33611
31819
31886
33603
33612
31887
33604
33613
31821
31860
33614
33624
31822
31861
33615
33625
31823
31862
33616
33626
31824
31863
33617
33627
31825
31864
33618
33628
31826
31865
33619
33629
31827
31866
33620
33630
31828
31867
33621
33631
31829
31868
33622
33632
31869
33623
33633
31831
33634
33644
31832
33635
33645
31833
33636
33646
31834
33637
33647
31835
33638
33648
31836
33639
33649
31837
33640
33650
31838
33641
33651
31839
33642
33652
33643
33653
31841
33654
33664
31842
33655
33665
31843
33656
33666
31844
33657
33667
31845
33658
33668
31846
33659
33669
31847
33660
33670
31848
33661
33671
31849
33662
33672
33663
33673
31851
31888
33674
33684
31852
31889
33675
33685
31853
31890
33676
33686
31854
31891
33677
33687
31855
31892
33678
33688
31856
31893
33679
33689
31857
31894
33680
33690
31858
31895
33681
33691
31859
31896
33682
33692
31897
33683
33693
31861
33694
33704
31862
33695
33705
31863
33696
33706
31864
33697
33707
31865
33698
33708
31866
33699
33709
31867
33700
33710
31868
33701
33711
31869
33702
33712
33703
33713
31871
31913
31954
33714
33723
33724
31872
31913
31955
33715
33725
31873
31914
31956
33716
33726
31874
31915
31957
33717
33727
31875
31916
31958
33718
33728
31876
31917
31959
33719
33729
31877
31918
31960
33720
33730
31878
31919
31961
33721
33731
31920
31962
33722
33732
31880
31921
33733
33734
33743
31881
31921
33735
33744
31882
31922
33736
33745
31883
31923
33737
33746
31884
31924
33738
33747
31885
31925
33739
33748
31886
31926
33740
33749
31887
31927
33741
33750
31928
33742
33751
31889
31963
33752
33762
31890
31964
33753
33763
31891
31965
33754
33764
31892
31966
33755
33765
31893
31967
33756
33766
31894
31968
33757
33767
31895
31969
33758
33768
31896
31970
33759
33769
31897
31971
33760
33770
31972
33761
33771
31899
31934
33772
33776
31900
31935
33773
33776
31901
31936
33774
33777
31937
33775
33778
33779
33780
33781
31904
33782
33786
31905
33783
33786
31906
33784
33787
33785
33788
31939
33789
33790
33791
31909
31934
33792
33793
33798
31910
31934
33794
33799
31911
31935
33795
33800
31912
31936
33796
33801
31937
33797
33802
31914
33803
33811
31915
33804
33811
31916
33805
33812
31917
33806
33813
31918
33807
33814
31919
33808
33815
31920
33809
33816
33810
33817
31922
33818
33825
31923
33818
33826
31924
33819
33827
31925
33820
33828
31926
33821
33829
31927
33822
33830
31928
33823
33831
33824
33832
31930
31940
33833
33838
33839
31931
31940
33834
33840
31932
31941
33835
33841
31933
31942
33836
33842
31943
33837
33843
31935
33844
33847
31936
33844
33848
31937
33845
33849
33846
33850
32064
33851
33852
33853
33854
33855
33856
31941
32065
33857
33861
31942
32066
33858
33861
31943
32067
33859
33862
32068
33860
33863
31945
32041
33864
33874
31946
32042
33865
33875
31947
32043
33866
33876
31948
32044
33867
33877
31949
32045
33868
33878
31950
32046
33869
33879
31951
32047
33870
33880
31952
32048
33871
33881
31953
32049
33872
33882
32050
33873
33883
31955
33884
33885
33894
31956
33886
33895
31957
33887
33896
31958
33888
33897
31959
33889
33898
31960
33890
33899
31961
33891
33900
31962
33892
33901
33893
33902
31964
33903
33913
31965
33904
33914
31966
33905
33915
31967
33906
33916
31968
33907
33917
31969
33908
33918
31970
33909
33919
31971
33910
33920
31972
33911
33921
33912
33922
31974
32051
33923
33924
33933
31975
32052
33925
33934
31976
32053
33926
33935
31977
32054
33927
33936
31978
32055
33928
33937
31979
32056
33929
33938
31980
32057
33930
33939
31981
32058
33931
33940
32059
33932
33941
31983
33942
33952
31984
33943
33953
31985
33944
33954
31986
33945
33955
31987
33946
33956
31988
33947
33957
31989
33948
33958
31990
33949
33959
31991
33950
33960
33951
33961
31993
32031
33962
33972
31994
32032
33963
33973
31995
32033
33964
33974
31996
32034
33965
33975
31997
32035
33966
33976
31998
32036
33967
33977
31999
32037
33968
33978
32000
32038
33969
33979
32001
32039
33970
33980
32040
33971
33981
32003
32041
33982
33992
32004
32042
33983
33993
32005
32043
33984
33994
32006
32044
33985
33995
32007
32045
33986
33996
32008
32046
33987
33997
32009
32047
33988
33998
32010
32048
33989
33999
32011
32049
33990
34000
32050
33991
34001
32013
34002
34012
32014
34003
34013
32015
34004
34014
32016
34005
34015
32017
34006
34016
32018
34007
34017
32019
34008
34018
32020
34009
34019
32021
34010
34020
34011
34021
32023
32070
34022
34023
34032
32024
32070
34024
34033
32025
32071
34025
34034
32026
32072
34026
34035
32027
32073
34027
34036
32028
32074
34028
34037
32029
32075
34029
34038
32030
32076
34030
34039
32077
34031
34040
32032
34041
34051
32033
34042
34052
32034
34043
34053
32035
34044
34054
32036
34045
34055
32037
34046
34056
32038
34047
34057
32039
34048
34058
32040
34049
34059
34050
34060
32042
34061
34071
32043
34062
34072
32044
34063
34073
32045
34064
34074
32046
34065
34075
32047
34066
34076
32048
34067
34077
32049
34068
34078
32050
34069
34079
34070
34080
32052
32088
34081
34090
34091
32053
32088
34082
34092
32054
32089
34083
34093
32055
32090
34084
34094
32056
32091
34085
34095
32057
32092
34086
34096
32058
32093
34087
34097
32059
32094
34088
34098
32095
34089
34099
32061
32101
34100
34104
32062
32102
34101
34104
32063
32103
34102
34105
32104
34103
34106
34107
34108
34109
32066
34110
34114
32067
34111
34114
32068
34112
34115
34113
34116
32105
34117
34118
34119
32071
34120
34127
32072
34120
34128
32073
34121
34129
32074
34122
34130
32075
34123
34131
32076
34124
34132
32077
34125
34133
34126
34134
32079
32097
34135
34136
34141
32080
32097
34137
34142
32081
32098
34138
34143
32082
32099
34139
34144
32100
34140
34145
32084
32101
34146
34151
34152
32085
32101
34147
34153
32086
32102
34148
34154
32087
32103
34149
34155
32104
34150
34156
32089
34157
34165
32090
34158
34165
32091
34159
34166
32092
34160
34167
32093
34161
34168
32094
34162
34169
32095
34163
34170
34164
34171
34172
34173
34174
32098
34175
34178
32099
34175
34179
32100
34176
34180
34177
34181
32102
34182
34186
32103
34183
34186
32104
34184
34187
34185
34188
34189
34190
34191
32107
32159
32108
32160
32109
32161
32110
32162
32111
32163
32112
32164
32165
32114
32140
32141
32241
32115
32142
32242
32116
32143
32243
32117
32144
32244
32118
32145
32245
32119
32146
32246
32120
32147
32247
32148
32248
32122
32149
33942
32123
32150
33943
32124
32151
33944
32125
32152
33945
32126
32153
33946
32127
32154
33947
32128
32155
33948
32129
32156
33949
32130
32157
33950
32158
33951
32132
32166
32133
32166
32134
32167
32135
32168
32136
32169
32137
32170
32138
32171
32139
32172
32173
32141
32268
32142
32269
32143
32270
32144
32271
32145
32272
32146
32273
32147
32274
32148
32275
32276
32150
33962
32151
33963
32152
33964
32153
33965
32154
33966
32155
33967
32156
33968
32157
33969
32158
33970
33971
32160
32161
32162
32163
32164
32165
32167
32174
32168
32175
32169
32176
32170
32177
32171
32178
32172
32179
32173
32180
32181
32175
32176
32177
32178
32179
32180
32181
32183
32219
32220
32184
32221
32185
32222
32186
32223
32187
32224
32225
32189
32208
32305
32190
32209
32305
32191
32210
32306
32192
32211
32307
32212
32308
32194
32213
34120
32195
32213
34121
32196
32214
34122
32197
32215
34123
32198
32216
34124
32199
32217
34125
32218
34126
32201
32226
32259
32260
32202
32227
32261
32203
32228
32262
32204
32229
32263
32205
32230
32264
32206
32231
32265
32207
32232
32266
32233
32267
32209
32312
32210
32312
32211
32313
32212
32314
32315
32214
34135
32215
34136
32216
34137
32217
34138
32218
34139
34140
32220
32221
32222
32223
32224
32225
32227
32294
32228
32295
32229
32296
32230
32297
32231
32298
32232
32299
32233
32300
32301
32235
32287
32236
32288
32237
32289
32238
32290
32239
32291
32240
32292
32293
32242
32268
32269
32243
32270
32244
32271
32245
32272
32246
32273
32247
32274
32248
32275
32276
32250
32277
34022
32251
32278
34023
32252
32279
34024
32253
32280
34025
32254
32281
34026
32255
32282
34027
32256
32283
34028
32257
32284
34029
32258
32285
34030
32286
34031
32260
32294
32261
32294
32262
32295
32263
32296
32264
32297
32265
32298
32266
32299
32267
32300
32301
32269
32270
32271
32272
32273
32274
32275
32276
32278
34041
32279
34042
32280
34043
32281
34044
32282
34045
32283
34046
32284
34047
32285
34048
32286
34049
34050
32288
32289
32290
32291
32292
32293
32295
32296
32297
32298
32299
32300
32301
32303
32319
32304
32319
32320
32306
32312
32307
32313
32308
32314
32315
32310
32316
32317
34172
32318
34173
32321
32313
32314
32315
32317
34175
32318
34176
34177
32320
32323
32362
32958
32324
32363
32959
32325
32364
32960
32326
32365
32961
32327
32366
32962
32328
32367
32963
32329
32368
32964
32330
32369
32965
32331
32370
32966
32371
32967
32333
32382
32890
32334
32383
32891
32335
32384
32892
32336
32385
32893
32337
32386
32894
32338
32387
32895
32339
32388
32896
32340
32389
32897
32341
32390
32898
32391
32899
32343
32372
32344
32373
32345
32374
32346
32375
32347
32376
32348
32377
32349
32378
32350
32379
32351
32380
32381
32353
32392
32354
32393
32355
32394
32356
32395
32357
32396
32358
32397
32359
32398
32360
32399
32361
32400
32401
32363
32998
32364
32999
32365
33000
32366
33001
32367
33002
32368
33003
32369
33004
32370
33005
32371
33006
33007
32373
32374
32375
32376
32377
32378
32379
32380
32381
32383
32938
32384
32939
32385
32940
32386
32941
32387
32942
32388
32943
32389
32944
32390
32945
32391
32946
32947
32393
32394
32395
32396
32397
32398
32399
32400
32401
32403
32428
32429
33136
32404
32430
33137
32405
32431
33138
32406
32432
33139
32407
32433
33140
32434
33141
32409
32443
33119
32410
32444
33119
32411
32445
33120
32412
32446
33121
32447
33122
32414
32435
32900
32901
32415
32436
32902
32416
32437
32903
32417
32438
32904
32418
32439
32905
32419
32440
32906
32420
32441
32907
32442
32908
32422
32448
32423
32448
32424
32449
32425
32450
32426
32451
32427
32452
32453
32429
33162
32430
33163
32431
33164
32432
33165
32433
33166
32434
33167
33168
32436
32929
32930
32437
32931
32438
32932
32439
32933
32440
32934
32441
32935
32442
32936
32937
32444
33129
32445
33129
32446
33130
32447
33131
33132
32449
32450
32451
32452
32453
32455
32504
33208
32456
32505
33209
32457
32506
33210
32458
32507
33211
32459
32508
33212
32460
32509
33213
32461
32510
33214
32462
32511
33215
32463
32512
33216
32513
33217
32465
32524
33286
32466
32525
33287
32467
32526
33288
32468
32527
33289
32469
32528
33290
32470
32529
33291
32471
32530
33292
32472
32531
33293
32473
32532
33294
32533
33295
32475
32514
32988
32476
32515
32989
32477
32516
32990
32478
32517
32991
32479
32518
32992
32480
32519
32993
32481
32520
32994
32482
32521
32995
32483
32522
32996
32523
32997
32485
32494
32534
32486
32495
32535
32487
32496
32536
32488
32497
32537
32489
32498
32538
32490
32499
32539
32491
32500
32540
32492
32501
32541
32493
32502
32542
32503
32543
32495
32496
32497
32498
32499
32500
32501
32502
32503
32505
33247
32506
33248
32507
33249
32508
33250
32509
33251
32510
33252
32511
33253
32512
33254
32513
33255
33256
32515
33028
32516
33029
32517
33030
32518
33031
32519
33032
32520
33033
32521
33034
32522
33035
32523
33036
33037
32525
33326
32526
33327
32527
33328
32528
33329
32529
33330
32530
33331
32531
33332
32532
33333
32533
33334
33335
32535
32536
32537
32538
32539
32540
32541
32542
32543
32545
32570
33444
32546
32571
33444
32547
32572
33445
32548
32573
33446
32574
33447
32550
32581
32582
33464
32551
32583
33465
32552
32584
33466
32553
32585
33467
32554
32586
33468
32587
33469
32556
32575
33155
32557
32575
33156
32558
32576
33157
32559
32577
33158
32560
32578
33159
32561
32579
33160
32580
33161
32563
32588
33238
33239
32564
32589
33240
32565
32590
33241
32566
32591
33242
32567
32592
33243
32568
32593
33244
32569
32594
33245
32595
33246
32571
33454
32572
33454
32573
33455
32574
33456
33457
32576
33182
32577
33183
32578
33184
32579
33185
32580
33186
33187
32582
33490
32583
33491
32584
33492
32585
33493
32586
33494
32587
33495
33496
32589
33277
33278
32590
33279
32591
33280
32592
33281
32593
33282
32594
33283
32595
33284
33285
32597
32636
33536
32598
32637
33537
32599
32638
33538
32600
32639
33539
32601
32640
33540
32602
32641
33541
32603
32642
33542
32604
32643
33543
32605
32644
33544
32645
33545
32607
32656
33614
32608
32657
33615
32609
32658
33616
32610
32659
33617
32611
32660
33618
32612
32661
33619
32613
32662
33620
32614
32663
33621
32615
32664
33622
32665
33623
32617
32646
33316
32618
32647
33317
32619
32648
33318
32620
32649
33319
32621
32650
33320
32622
32651
33321
32623
32652
33322
32624
32653
33323
32625
32654
33324
32655
33325
32627
32666
32628
32667
32629
32668
32630
32669
32631
32670
32632
32671
32633
32672
32634
32673
32635
32674
32675
32637
33575
32638
33576
32639
33577
32640
33578
32641
33579
32642
33580
32643
33581
32644
33582
32645
33583
33584
32647
33356
32648
33357
32649
33358
32650
33359
32651
33360
32652
33361
32653
33362
32654
33363
32655
33364
33365
32657
33654
32658
33655
32659
33656
32660
33657
32661
33658
32662
33659
32663
33660
32664
33661
32665
33662
33663
32667
32676
32668
32677
32669
32678
32670
32679
32671
32680
32672
32681
32673
32682
32674
32683
32675
32684
32685
32677
32678
32679
32680
32681
32682
32683
32684
32685
32687
32712
33772
32688
32713
33772
32689
32714
33773
32690
32715
33774
32716
33775
32692
32723
32724
33792
32693
32725
33793
32694
32726
33794
32695
32727
33795
32696
32728
33796
32729
33797
32698
32717
33483
32699
32717
33484
32700
32718
33485
32701
32719
33486
32702
32720
33487
32703
32721
33488
32722
33489
32705
32730
33566
33567
32706
32731
33568
32707
32732
33569
32708
32733
33570
32709
32734
33571
32710
32735
33572
32711
32736
33573
32737
33574
32713
33782
32714
33782
32715
33783
32716
33784
33785
32718
33510
32719
33511
32720
33512
32721
33513
32722
33514
33515
32724
33818
32725
33819
32726
33820
32727
33821
32728
33822
32729
33823
33824
32731
33605
33606
32732
33607
32733
33608
32734
33609
32735
33610
32736
33611
32737
33612
33613
32739
32778
33864
32740
32779
33865
32741
32780
33866
32742
32781
33867
32743
32782
33868
32744
32783
33869
32745
32784
33870
32746
32785
33871
32747
32786
33872
32787
33873
32749
32798
33992
32750
32799
33993
32751
32800
33994
32752
32801
33995
32753
32802
33996
32754
32803
33997
32755
32804
33998
32756
32805
33999
32757
32806
34000
32807
34001
32759
32788
33644
32760
32789
33645
32761
32790
33646
32762
32791
33647
32763
32792
33648
32764
32793
33649
32765
32794
33650
32766
32795
33651
32767
32796
33652
32797
33653
32769
32808
32770
32809
32771
32810
32772
32811
32773
32812
32774
32813
32775
32814
32776
32815
32777
32816
32817
32779
33903
32780
33904
32781
33905
32782
33906
32783
33907
32784
33908
32785
33909
32786
33910
32787
33911
33912
32789
33684
32790
33685
32791
33686
32792
33687
32793
33688
32794
33689
32795
33690
32796
33691
32797
33692
33693
32799
34012
32800
34013
32801
34014
32802
34015
32803
34016
32804
34017
32805
34018
32806
34019
32807
34020
34021
32809
32818
32810
32819
32811
32820
32812
32821
32813
32822
32814
32823
32815
32824
32816
32825
32817
32826
32827
32819
32820
32821
32822
32823
32824
32825
32826
32827
32829
32854
34100
32830
32855
34100
32831
32856
34101
32832
32857
34102
32858
34103
32834
32865
32866
34151
32835
32867
34152
32836
32868
34153
32837
32869
34154
32838
32870
34155
32871
34156
32840
32859
33811
32841
32859
33812
32842
32860
33813
32843
32861
33814
32844
32862
33815
32845
32863
33816
32864
33817
32847
32872
33894
33895
32848
32873
33896
32849
32874
33897
32850
32875
33898
32851
32876
33899
32852
32877
33900
32853
32878
33901
32879
33902
32855
34110
32856
34110
32857
34111
32858
34112
34113
32860
33838
32861
33839
32862
33840
32863
33841
32864
33842
33843
32866
34165
32867
34166
32868
34167
32869
34168
32870
34169
32871
34170
34171
32873
33933
33934
32874
33935
32875
33936
32876
33937
32877
33938
32878
33939
32879
33940
33941
32881
32919
33038
32882
32920
33039
32883
32921
33040
32884
32922
33041
32885
32923
33042
32886
32924
33043
32887
32925
33044
32888
32926
33045
32889
32927
33046
32928
33047
32891
32938
32892
32939
32893
32940
32894
32941
32895
32942
32896
32943
32897
32944
32898
32945
32899
32946
32947
32901
32929
32902
32930
32903
32931
32904
32932
32905
32933
32906
32934
32907
32935
32908
32936
32937
32910
32948
32911
32949
32912
32950
32913
32951
32914
32952
32915
32953
32916
32954
32917
32955
32918
32956
32957
32920
33077
32921
33078
32922
33079
32923
33080
32924
33081
32925
33082
32926
33083
32927
33084
32928
33085
33086
32930
32931
32932
32933
32934
32935
32936
32937
32939
32940
32941
32942
32943
32944
32945
32946
32947
32949
32950
32951
32952
32953
32954
32955
32956
32957
32959
32998
32960
32999
32961
33000
32962
33001
32963
33002
32964
33003
32965
33004
32966
33005
32967
33006
33007
32969
33018
33048
32970
33019
33049
32971
33020
33050
32972
33021
33051
32973
33022
33052
32974
33023
33053
32975
33024
33054
32976
33025
33055
32977
33026
33056
33027
33057
32979
33008
32980
33009
32981
33010
32982
33011
32983
33012
32984
33013
32985
33014
32986
33015
32987
33016
33017
32989
33028
32990
33029
32991
33030
32992
33031
32993
33032
32994
33033
32995
33034
32996
33035
32997
33036
33037
32999
33000
33001
33002
33003
33004
33005
33006
33007
33009
33010
33011
33012
33013
33014
33015
33016
33017
33019
33096
33020
33097
33021
33098
33022
33099
33023
33100
33024
33101
33025
33102
33026
33103
33027
33104
33105
33029
33030
33031
33032
33033
33034
33035
33036
33037
33039
33077
33040
33078
33041
33079
33042
33080
33043
33081
33044
33082
33045
33083
33046
33084
33047
33085
33086
33049
33096
33050
33097
33051
33098
33052
33099
33053
33100
33054
33101
33055
33102
33056
33103
33057
33104
33105
33059
33087
33147
33060
33088
33147
33061
33089
33148
33062
33090
33149
33063
33091
33150
33064
33092
33151
33065
33093
33152
33066
33094
33153
33095
33154
33068
33106
33228
33069
33107
33229
33070
33108
33230
33071
33109
33231
33072
33110
33232
33073
33111
33233
33074
33112
33234
33075
33113
33235
33076
33114
33236
33115
33237
33078
33079
33080
33081
33082
33083
33084
33085
33086
33088
33169
33089
33169
33090
33170
33091
33171
33092
33172
33093
33173
33094
33174
33095
33175
33176
33097
33098
33099
33100
33101
33102
33103
33104
33105
33107
33257
33108
33258
33109
33259
33110
33260
33111
33261
33112
33262
33113
33263
33114
33264
33115
33265
33266
33117
33126
33188
33118
33126
33189
33127
33190
33120
33129
33121
33130
33122
33131
33132
33128
33125
33133
33134
33135
33127
33198
33199
33130
33131
33132
33134
33135
33137
33162
33163
33138
33164
33139
33165
33140
33166
33141
33167
33168
33143
33177
33191
33144
33178
33191
33145
33179
33192
33146
33180
33193
33181
33194
33148
33169
33149
33170
33150
33171
33151
33172
33152
33173
33153
33174
33154
33175
33176
33156
33182
33157
33182
33158
33183
33159
33184
33160
33185
33161
33186
33187
33163
33164
33165
33166
33167
33168
33170
33171
33172
33173
33174
33175
33176
33178
33201
33179
33201
33180
33202
33181
33203
33204
33183
33184
33185
33186
33187
33189
33198
33190
33198
33199
33192
33201
33193
33202
33194
33203
33204
33200
33197
33205
33206
33451
33207
33452
33199
33202
33203
33204
33206
33458
33207
33459
33460
33209
33247
33210
33248
33211
33249
33212
33250
33213
33251
33214
33252
33215
33253
33216
33254
33217
33255
33256
33219
33267
33366
33220
33268
33367
33221
33269
33368
33222
33270
33369
33223
33271
33370
33224
33272
33371
33225
33273
33372
33226
33274
33373
33227
33275
33374
33276
33375
33229
33257
33230
33258
33231
33259
33232
33260
33233
33261
33234
33262
33235
33263
33236
33264
33237
33265
33266
33239
33277
33240
33278
33241
33279
33242
33280
33243
33281
33244
33282
33245
33283
33246
33284
33285
33248
33249
33250
33251
33252
33253
33254
33255
33256
33258
33259
33260
33261
33262
33263
33264
33265
33266
33268
33405
33269
33406
33270
33407
33271
33408
33272
33409
33273
33410
33274
33411
33275
33412
33276
33413
33414
33278
33279
33280
33281
33282
33283
33284
33285
33287
33326
33288
33327
33289
33328
33290
33329
33291
33330
33292
33331
33293
33332
33294
33333
33295
33334
33335
33297
33346
33376
33298
33347
33377
33299
33348
33378
33300
33349
33379
33301
33350
33380
33302
33351
33381
33303
33352
33382
33304
33353
33383
33305
33354
33384
33355
33385
33307
33336
33308
33337
33309
33338
33310
33339
33311
33340
33312
33341
33313
33342
33314
33343
33315
33344
33345
33317
33356
33318
33357
33319
33358
33320
33359
33321
33360
33322
33361
33323
33362
33324
33363
33325
33364
33365
33327
33328
33329
33330
33331
33332
33333
33334
33335
33337
33338
33339
33340
33341
33342
33343
33344
33345
33347
33424
33348
33425
33349
33426
33350
33427
33351
33428
33352
33429
33353
33430
33354
33431
33355
33432
33433
33357
33358
33359
33360
33361
33362
33363
33364
33365
33367
33405
33368
33406
33369
33407
33370
33408
33371
33409
33372
33410
33373
33411
33374
33412
33375
33413
33414
33377
33424
33378
33425
33379
33426
33380
33427
33381
33428
33382
33429
33383
33430
33384
33431
33385
33432
33433
33387
33415
33475
33388
33416
33475
33389
33417
33476
33390
33418
33477
33391
33419
33478
33392
33420
33479
33393
33421
33480
33394
33422
33481
33423
33482
33396
33434
33556
33397
33435
33557
33398
33436
33558
33399
33437
33559
33400
33438
33560
33401
33439
33561
33402
33440
33562
33403
33441
33563
33404
33442
33564
33443
33565
33406
33407
33408
33409
33410
33411
33412
33413
33414
33416
33497
33417
33497
33418
33498
33419
33499
33420
33500
33421
33501
33422
33502
33423
33503
33504
33425
33426
33427
33428
33429
33430
33431
33432
33433
33435
33585
33436
33586
33437
33587
33438
33588
33439
33589
33440
33590
33441
33591
33442
33592
33443
33593
33594
33445
33454
33446
33455
33447
33456
33457
33449
33461
33516
33450
33461
33517
33462
33518
33452
33458
33459
33460
33463
33455
33456
33457
33459
33460
33462
33526
33527
33465
33490
33491
33466
33492
33467
33493
33468
33494
33469
33495
33496
33471
33505
33519
33472
33506
33519
33473
33507
33520
33474
33508
33521
33509
33522
33476
33497
33477
33498
33478
33499
33479
33500
33480
33501
33481
33502
33482
33503
33504
33484
33510
33485
33510
33486
33511
33487
33512
33488
33513
33489
33514
33515
33491
33492
33493
33494
33495
33496
33498
33499
33500
33501
33502
33503
33504
33506
33529
33507
33529
33508
33530
33509
33531
33532
33511
33512
33513
33514
33515
33517
33526
33518
33526
33527
33520
33529
33521
33530
33522
33531
33532
33528
33525
33533
33534
33779
33535
33780
33527
33530
33531
33532
33534
33786
33535
33787
33788
33537
33575
33538
33576
33539
33577
33540
33578
33541
33579
33542
33580
33543
33581
33544
33582
33545
33583
33584
33547
33595
33694
33548
33596
33695
33549
33597
33696
33550
33598
33697
33551
33599
33698
33552
33600
33699
33553
33601
33700
33554
33602
33701
33555
33603
33702
33604
33703
33557
33585
33558
33586
33559
33587
33560
33588
33561
33589
33562
33590
33563
33591
33564
33592
33565
33593
33594
33567
33605
33568
33606
33569
33607
33570
33608
33571
33609
33572
33610
33573
33611
33574
33612
33613
33576
33577
33578
33579
33580
33581
33582
33583
33584
33586
33587
33588
33589
33590
33591
33592
33593
33594
33596
33733
33597
33734
33598
33735
33599
33736
33600
33737
33601
33738
33602
33739
33603
33740
33604
33741
33742
33606
33607
33608
33609
33610
33611
33612
33613
33615
33654
33616
33655
33617
33656
33618
33657
33619
33658
33620
33659
33621
33660
33622
33661
33623
33662
33663
33625
33674
33704
33626
33675
33705
33627
33676
33706
33628
33677
33707
33629
33678
33708
33630
33679
33709
33631
33680
33710
33632
33681
33711
33633
33682
33712
33683
33713
33635
33664
33636
33665
33637
33666
33638
33667
33639
33668
33640
33669
33641
33670
33642
33671
33643
33672
33673
33645
33684
33646
33685
33647
33686
33648
33687
33649
33688
33650
33689
33651
33690
33652
33691
33653
33692
33693
33655
33656
33657
33658
33659
33660
33661
33662
33663
33665
33666
33667
33668
33669
33670
33671
33672
33673
33675
33752
33676
33753
33677
33754
33678
33755
33679
33756
33680
33757
33681
33758
33682
33759
33683
33760
33761
33685
33686
33687
33688
33689
33690
33691
33692
33693
33695
33733
33696
33734
33697
33735
33698
33736
33699
33737
33700
33738
33701
33739
33702
33740
33703
33741
33742
33705
33752
33706
33753
33707
33754
33708
33755
33709
33756
33710
33757
33711
33758
33712
33759
33713
33760
33761
33715
33743
33803
33716
33744
33803
33717
33745
33804
33718
33746
33805
33719
33747
33806
33720
33748
33807
33721
33749
33808
33722
33750
33809
33751
33810
33724
33762
33884
33725
33763
33885
33726
33764
33886
33727
33765
33887
33728
33766
33888
33729
33767
33889
33730
33768
33890
33731
33769
33891
33732
33770
33892
33771
33893
33734
33735
33736
33737
33738
33739
33740
33741
33742
33744
33825
33745
33825
33746
33826
33747
33827
33748
33828
33749
33829
33750
33830
33751
33831
33832
33753
33754
33755
33756
33757
33758
33759
33760
33761
33763
33913
33764
33914
33765
33915
33766
33916
33767
33917
33768
33918
33769
33919
33770
33920
33771
33921
33922
33773
33782
33774
33783
33775
33784
33785
33777
33789
33844
33778
33789
33845
33790
33846
33780
33786
33787
33788
33791
33783
33784
33785
33787
33788
33790
33854
33855
33793
33818
33819
33794
33820
33795
33821
33796
33822
33797
33823
33824
33799
33833
33847
33800
33834
33847
33801
33835
33848
33802
33836
33849
33837
33850
33804
33825
33805
33826
33806
33827
33807
33828
33808
33829
33809
33830
33810
33831
33832
33812
33838
33813
33838
33814
33839
33815
33840
33816
33841
33817
33842
33843
33819
33820
33821
33822
33823
33824
33826
33827
33828
33829
33830
33831
33832
33834
33857
33835
33857
33836
33858
33837
33859
33860
33839
33840
33841
33842
33843
33845
33854
33846
33854
33855
33848
33857
33849
33858
33850
33859
33860
33856
33853
33861
33862
34107
33863
34108
33855
33858
33859
33860
33862
34114
33863
34115
34116
33865
33903
33866
33904
33867
33905
33868
33906
33869
33907
33870
33908
33871
33909
33872
33910
33873
33911
33912
33875
33923
34071
33876
33924
34072
33877
33925
34073
33878
33926
34074
33879
33927
34075
33880
33928
34076
33881
33929
34077
33882
33930
34078
33883
33931
34079
33932
34080
33885
33913
33886
33914
33887
33915
33888
33916
33889
33917
33890
33918
33891
33919
33892
33920
33893
33921
33922
33895
33933
33896
33934
33897
33935
33898
33936
33899
33937
33900
33938
33901
33939
33902
33940
33941
33904
33905
33906
33907
33908
33909
33910
33911
33912
33914
33915
33916
33917
33918
33919
33920
33921
33922
33924
34090
33925
34091
33926
34092
33927
34093
33928
34094
33929
34095
33930
34096
33931
34097
33932
34098
34099
33934
33935
33936
33937
33938
33939
33940
33941
33943
33962
33944
33963
33945
33964
33946
33965
33947
33966
33948
33967
33949
33968
33950
33969
33951
33970
33971
33953
34002
33954
34003
33955
34004
33956
34005
33957
34006
33958
34007
33959
34008
33960
34009
33961
34010
34011
33963
33964
33965
33966
33967
33968
33969
33970
33971
33973
33982
34051
33974
33983
34052
33975
33984
34053
33976
33985
34054
33977
33986
34055
33978
33987
34056
33979
33988
34057
33980
33989
34058
33981
33990
34059
33991
34060
33983
34061
33984
34062
33985
34063
33986
34064
33987
34065
33988
34066
33989
34067
33990
34068
33991
34069
34070
33993
34012
33994
34013
33995
34014
33996
34015
33997
34016
33998
34017
33999
34018
34000
34019
34001
34020
34021
34003
34004
34005
34006
34007
34008
34009
34010
34011
34013
34014
34015
34016
34017
34018
34019
34020
34021
34023
34041
34024
34042
34025
34043
34026
34044
34027
34045
34028
34046
34029
34047
34030
34048
34031
34049
34050
34033
34081
34127
34034
34082
34127
34035
34083
34128
34036
34084
34129
34037
34085
34130
34038
34086
34131
34039
34087
34132
34040
34088
34133
34089
34134
34042
34043
34044
34045
34046
34047
34048
34049
34050
34052
34061
34053
34062
34054
34063
34055
34064
34056
34065
34057
34066
34058
34067
34059
34068
34060
34069
34070
34062
34063
34064
34065
34066
34067
34068
34069
34070
34072
34090
34073
34091
34074
34092
34075
34093
34076
34094
34077
34095
34078
34096
34079
34097
34080
34098
34099
34082
34157
34083
34157
34084
34158
34085
34159
34086
34160
34087
34161
34088
34162
34089
34163
34164
34091
34092
34093
34094
34095
34096
34097
34098
34099
34101
34110
34102
34111
34103
34112
34113
34105
34117
34186
34106
34117
34187
34118
34188
34108
34114
34115
34116
34119
34111
34112
34113
34115
34116
34118
34190
34191
34121
34135
34122
34135
34123
34136
34124
34137
34125
34138
34126
34139
34140
34128
34157
34129
34158
34130
34159
34131
34160
34132
34161
34133
34162
34134
34163
34164
34136
34137
34138
34139
34140
34142
34146
34178
34143
34147
34178
34144
34148
34179
34145
34149
34180
34150
34181
34147
34182
34148
34182
34149
34183
34150
34184
34185
34152
34165
34166
34153
34167
34154
34168
34155
34169
34156
34170
34171
34158
34159
34160
34161
34162
34163
34164
34166
34167
34168
34169
34170
34171
34173
34175
34176
34177
34189
34176
34177
34179
34182
34180
34183
34181
34184
34185
34183
34184
34185
34187
34190
34188
34190
34191
34191
)


// ************************************************************************* //
