/*--------------------------------*- C++ -*----------------------------------*\
| =========                 |                                                 |
| \\      /  F ield         | OpenFOAM: The Open Source CFD Toolbox           |
|  \\    /   O peration     | Version:  2512                                  |
|   \\  /    A nd           | Website:  www.openfoam.com                      |
|    \\/     M anipulation  |                                                 |
\*---------------------------------------------------------------------------*/
FoamFile
{
    version     2.0;
    format      ascii;
    arch        "LSB;label=32;scalar=64";
    class       labelList;
    location    "constant/polyMesh";
    object      pointProcAddressing;
}
// * * * * * * * * * * * * * * * * * * * * * * * * * * * * * * * * * * * * * //


42288
(
291
334
335
336
337
338
339
340
378
379
380
381
382
383
384
385
386
387
422
423
424
425
426
427
428
429
430
431
432
467
468
469
470
471
472
473
474
475
476
477
478
479
512
513
514
515
516
517
518
519
520
521
522
523
524
525
526
558
559
560
561
562
563
564
565
566
567
568
569
570
571
572
605
606
607
608
609
610
611
612
613
614
615
616
617
618
659
660
661
662
663
664
1575
1617
1618
1619
1620
1621
1622
1623
1660
1661
1662
1663
1664
1665
1666
1667
1668
1669
1704
1705
1706
1707
1708
1709
1710
1711
1712
1713
1714
1715
1749
1750
1751
1752
1753
1754
1755
1756
1757
1758
1759
1760
1761
1794
1795
1796
1797
1798
1799
1800
1801
1802
1803
1804
1805
1806
1807
1808
1840
1841
1842
1843
1844
1845
1846
1847
1848
1849
1850
1851
1852
1853
1854
1887
1888
1889
1890
1891
1892
1893
1894
1895
1896
1897
1898
1899
1900
1941
1942
1943
1944
1945
1946
2858
2900
2901
2902
2903
2904
2905
2906
2943
2944
2945
2946
2947
2948
2949
2950
2951
2952
2987
2988
2989
2990
2991
2992
2993
2994
2995
2996
2997
2998
3032
3033
3034
3035
3036
3037
3038
3039
3040
3041
3042
3043
3044
3077
3078
3079
3080
3081
3082
3083
3084
3085
3086
3087
3088
3089
3090
3091
3123
3124
3125
3126
3127
3128
3129
3130
3131
3132
3133
3134
3135
3136
3137
3170
3171
3172
3173
3174
3175
3176
3177
3178
3179
3180
3181
3182
3183
3224
3225
3226
3227
3228
3229
4141
4183
4184
4185
4186
4187
4188
4189
4226
4227
4228
4229
4230
4231
4232
4233
4234
4235
4270
4271
4272
4273
4274
4275
4276
4277
4278
4279
4280
4281
4315
4316
4317
4318
4319
4320
4321
4322
4323
4324
4325
4326
4327
4360
4361
4362
4363
4364
4365
4366
4367
4368
4369
4370
4371
4372
4373
4374
4406
4407
4408
4409
4410
4411
4412
4413
4414
4415
4416
4417
4418
4419
4420
4453
4454
4455
4456
4457
4458
4459
4460
4461
4462
4463
4464
4465
4466
4507
4508
4509
4510
4511
4512
5424
5466
5467
5468
5469
5470
5471
5472
5509
5510
5511
5512
5513
5514
5515
5516
5517
5518
5553
5554
5555
5556
5557
5558
5559
5560
5561
5562
5563
5564
5598
5599
5600
5601
5602
5603
5604
5605
5606
5607
5608
5609
5610
5643
5644
5645
5646
5647
5648
5649
5650
5651
5652
5653
5654
5655
5656
5657
5689
5690
5691
5692
5693
5694
5695
5696
5697
5698
5699
5700
5701
5702
5703
5737
5738
5739
5740
5741
5742
5743
5744
5745
5746
5747
5748
5749
5790
5791
5792
5793
5794
5795
6707
6749
6750
6751
6752
6753
6754
6755
6792
6793
6794
6795
6796
6797
6798
6799
6800
6801
6836
6837
6838
6839
6840
6841
6842
6843
6844
6845
6846
6847
6881
6882
6883
6884
6885
6886
6887
6888
6889
6890
6891
6892
6893
6926
6927
6928
6929
6930
6931
6932
6933
6934
6935
6936
6937
6938
6939
6940
6972
6973
6974
6975
6976
6977
6978
6979
6980
6981
6982
6983
6984
6985
6986
7020
7021
7022
7023
7024
7025
7026
7027
7028
7029
7030
7031
7032
7073
7074
7075
7076
7077
7078
7990
8032
8033
8034
8035
8036
8037
8038
8075
8076
8077
8078
8079
8080
8081
8082
8083
8084
8119
8120
8121
8122
8123
8124
8125
8126
8127
8128
8129
8130
8164
8165
8166
8167
8168
8169
8170
8171
8172
8173
8174
8175
8176
8209
8210
8211
8212
8213
8214
8215
8216
8217
8218
8219
8220
8221
8222
8223
8255
8256
8257
8258
8259
8260
8261
8262
8263
8264
8265
8266
8267
8268
8269
8303
8304
8305
8306
8307
8308
8309
8310
8311
8312
8313
8314
8315
8355
8356
8357
8358
8359
8360
9273
9315
9316
9317
9318
9319
9320
9321
9358
9359
9360
9361
9362
9363
9364
9365
9366
9367
9402
9403
9404
9405
9406
9407
9408
9409
9410
9411
9412
9413
9447
9448
9449
9450
9451
9452
9453
9454
9455
9456
9457
9458
9459
9492
9493
9494
9495
9496
9497
9498
9499
9500
9501
9502
9503
9504
9505
9506
9538
9539
9540
9541
9542
9543
9544
9545
9546
9547
9548
9549
9550
9551
9552
9586
9587
9588
9589
9590
9591
9592
9593
9594
9595
9596
9597
9598
9637
9638
9639
9640
9641
9642
9643
10556
10598
10599
10600
10601
10602
10603
10604
10641
10642
10643
10644
10645
10646
10647
10648
10649
10650
10685
10686
10687
10688
10689
10690
10691
10692
10693
10694
10695
10696
10730
10731
10732
10733
10734
10735
10736
10737
10738
10739
10740
10741
10742
10775
10776
10777
10778
10779
10780
10781
10782
10783
10784
10785
10786
10787
10788
10789
10821
10822
10823
10824
10825
10826
10827
10828
10829
10830
10831
10832
10833
10834
10835
10867
10868
10869
10870
10871
10872
10873
10874
10875
10876
10877
10878
10879
10880
10881
10920
10921
10922
10923
10924
10925
10926
11839
11881
11882
11883
11884
11885
11886
11887
11924
11925
11926
11927
11928
11929
11930
11931
11932
11933
11968
11969
11970
11971
11972
11973
11974
11975
11976
11977
11978
11979
12013
12014
12015
12016
12017
12018
12019
12020
12021
12022
12023
12024
12025
12058
12059
12060
12061
12062
12063
12064
12065
12066
12067
12068
12069
12070
12071
12072
12104
12105
12106
12107
12108
12109
12110
12111
12112
12113
12114
12115
12116
12117
12118
12150
12151
12152
12153
12154
12155
12156
12157
12158
12159
12160
12161
12162
12163
12164
12203
12204
12205
12206
12207
12208
13122
13164
13165
13166
13167
13168
13169
13170
13207
13208
13209
13210
13211
13212
13213
13214
13215
13216
13251
13252
13253
13254
13255
13256
13257
13258
13259
13260
13261
13262
13296
13297
13298
13299
13300
13301
13302
13303
13304
13305
13306
13307
13308
13341
13342
13343
13344
13345
13346
13347
13348
13349
13350
13351
13352
13353
13354
13355
13387
13388
13389
13390
13391
13392
13393
13394
13395
13396
13397
13398
13399
13400
13401
13433
13434
13435
13436
13437
13438
13439
13440
13441
13442
13443
13444
13445
13446
13447
13486
13487
13488
13489
13490
13491
14405
14447
14448
14449
14450
14451
14452
14453
14490
14491
14492
14493
14494
14495
14496
14497
14498
14499
14534
14535
14536
14537
14538
14539
14540
14541
14542
14543
14544
14545
14579
14580
14581
14582
14583
14584
14585
14586
14587
14588
14589
14590
14591
14624
14625
14626
14627
14628
14629
14630
14631
14632
14633
14634
14635
14636
14637
14638
14670
14671
14672
14673
14674
14675
14676
14677
14678
14679
14680
14681
14682
14683
14716
14717
14718
14719
14720
14721
14722
14723
14724
14725
14726
14727
14728
14729
15688
15733
15734
15735
15736
15776
15777
15778
15779
15780
15781
15782
15821
15822
15823
15824
15825
15826
15827
15828
15867
15868
15869
15870
15871
15872
15873
15874
15913
15914
15915
15916
15917
15918
15919
59060
59061
59062
59063
59064
59065
59067
59068
59069
59071
59072
59075
59076
59077
59080
59083
59086
59087
59187
59189
59190
59192
59193
59194
59196
59198
59207
59208
59210
59211
59212
59213
59214
59215
59216
59217
59218
59219
59220
59221
59222
59223
59224
59225
59227
59236
59237
59238
59239
59240
59241
59242
59243
59244
59245
59247
59248
59257
59258
59259
59260
59261
59262
59263
59264
59266
59267
59273
59274
59275
59276
59277
59278
59279
59287
59288
59289
59290
59291
59292
59293
59295
59296
59302
59303
59304
59305
59306
59307
59315
59317
59318
59319
59320
59321
59322
59334
59335
59481
59482
59483
59484
59485
59487
59489
59494
59495
59496
59497
59498
59499
59500
59501
59502
59503
59504
59506
59512
59513
59514
59515
59516
59517
59519
59525
59526
59527
59528
59529
59531
59533
59535
59536
59537
59538
59543
59544
59545
59546
59548
59552
59553
59554
59559
59561
59562
59563
59564
59565
59573
59574
59657
59659
59660
59661
59665
59667
59668
59669
59673
59676
59677
59681
59684
59685
59686
59687
59688
59689
59690
59691
59692
59693
59694
59695
59696
59697
59698
59712
59714
59716
59718
59720
59722
59724
60202
60203
60210
60212
60213
60214
60215
60216
60217
60218
60219
60220
60221
60222
60223
60224
60225
60226
60227
60228
60230
60236
60237
60238
60239
60240
60241
60242
60243
60244
60246
60247
60254
60255
60256
60257
60258
60259
60261
60262
60267
60268
60270
60271
60272
60273
60275
60279
60280
60281
60282
60283
60284
60289
60292
60293
60294
60295
60299
60302
60303
60305
60306
60312
60315
60317
60318
60322
60325
60432
60434
60437
60439
60442
60444
60447
60449
60452
60453
60454
60455
60456
60457
60458
60459
60460
60477
60775
60776
60780
60786
60789
60792
60794
60796
60799
60801
60807
60813
60818
60824
60826
60836
60837
60838
60839
60842
60843
60844
60846
60847
60848
60850
60851
60854
60855
60856
60857
60858
60859
60860
60863
60866
60898
60899
60900
60901
60902
60903
60904
60905
60906
60907
60908
60909
60910
60911
60912
60913
60914
60915
60916
60917
60918
60919
61030
61031
61032
61033
61034
61035
61037
61038
61040
61041
61042
61043
61045
61047
61050
61051
61053
61054
61055
61058
61059
61060
61061
61062
61066
61067
61108
61109
61110
61111
61112
61113
61114
61115
61116
61118
61121
61124
61127
61130
61284
61285
61286
61287
61288
61308
61309
61310
61311
61312
61313
61314
61315
61316
61317
61318
61319
61320
61329
61330
61331
61332
61333
61334
61335
61336
61337
61338
61339
61340
61341
61342
61343
61344
61353
61354
61355
61356
61357
61358
61359
61360
61361
61363
61374
61375
61376
61377
61378
61379
61380
61381
61387
61388
61389
61390
61391
61392
61393
61394
61395
61396
61397
61398
61399
61400
61401
61402
61403
61404
61405
61406
61407
61408
61409
61413
61414
61418
61419
61420
61421
61422
61423
61424
61425
61426
61427
61428
61444
61445
61446
61627
61628
61631
61632
61633
61636
61637
61642
61643
61644
61645
61646
61647
61648
61649
61650
61653
61654
61655
61656
61657
61658
61659
61660
61661
61668
61669
61704
61705
61706
61707
61708
61709
61710
61711
61712
61713
61714
61715
61718
61719
61720
61721
61722
61723
61724
61725
61726
61727
61728
61729
61732
61733
61734
61735
61736
61737
61738
61739
61740
61741
61742
61743
61744
61745
61746
61747
61748
61749
61750
61751
61752
61753
61764
61765
61766
61767
61768
61769
61770
61771
61772
61773
61774
61775
61776
61777
61778
61779
61780
61781
61782
61783
61784
61785
61786
61787
61788
61789
61790
61791
61792
61793
61794
61795
61796
61797
61798
61799
61800
61801
61802
61803
61804
61805
61806
61807
61808
61809
61810
61853
61854
61855
61856
61857
61858
61859
61860
61861
61862
61863
61864
61865
61866
61867
61874
62637
62638
62639
62640
62641
62642
62643
62644
62645
62646
62647
62648
62649
62650
62651
62652
62653
62654
62655
62657
62658
62659
62660
62666
62667
62668
62669
62670
62671
62672
62673
62675
62676
62677
62683
62684
62685
62686
62687
62688
62689
62690
62696
62698
62699
62700
62702
62704
62705
62706
62707
62708
62709
62710
62711
62712
62719
62720
62721
62723
62727
62729
62730
62732
62733
62739
62742
62744
62745
62749
62750
62753
62854
62858
62862
62866
62872
62877
62882
62888
62893
63125
63126
63127
63128
63131
63132
63133
63134
63135
63137
63138
63139
63140
63141
63142
63143
63144
63145
63147
63148
63149
63150
63151
63153
63156
63157
63158
63161
63162
63172
63174
63175
63176
63177
63180
63181
63182
63183
63184
63185
63186
63187
63188
63189
63190
63191
63192
63193
63194
63197
63198
63199
63201
63203
63211
63212
63213
63214
63215
63216
63219
63220
63221
63222
63223
63224
63225
63226
63229
63230
63231
63232
63242
63243
63244
63245
63246
63247
63250
63251
63252
63253
63254
63255
63259
63260
63261
63263
63266
63268
63274
63275
63276
63277
63278
63279
63280
63281
63287
63288
63289
63290
63291
63293
63294
63295
63296
63300
63301
63302
63303
63304
63308
63309
63310
63311
63312
63314
63315
63316
63317
63318
63319
63327
63330
63332
63333
63334
63335
63336
63337
63339
63340
63354
63357
63358
63571
63573
63574
63575
63576
63577
63578
63579
63581
63582
63583
63584
63585
63586
63587
63589
63590
63591
63592
63593
63594
63595
63597
63598
63599
63600
63601
63602
63603
63605
63606
63607
63608
63609
63610
63611
63612
63613
63615
63616
63617
63618
63619
63620
63621
63623
63624
63625
63626
63627
63628
63629
63631
63632
63633
63634
63635
63636
63637
63638
63639
63641
63642
63643
63644
63645
63646
64152
64154
64156
64173
64174
64175
64176
64177
64178
64179
64180
64181
64182
64183
64184
64185
64186
64187
64188
64190
64204
64205
64206
64207
64208
64209
64210
64211
64212
64213
64214
64215
64216
64217
64218
64219
64221
64230
64231
64232
64233
64234
64235
64236
64237
64238
64239
64240
64241
64242
64252
64253
64254
64255
64256
64257
64258
64259
64260
64261
64262
64265
64274
64275
64276
64277
64281
64282
64283
64284
64285
64286
64287
64288
64289
64290
64291
64292
64294
64295
64298
64299
64300
64301
64302
64303
64304
64305
64306
64307
64308
64309
64310
64311
64312
64313
64314
64315
64316
64327
64329
64330
64331
64332
64333
64334
64346
64348
64350
64351
64507
64508
64509
64510
64511
64512
64513
64515
64517
64518
64519
64520
64521
64522
64523
64524
64525
64526
64528
64530
64531
64532
64533
64534
64535
64536
64537
64538
64539
64541
64543
64544
64545
64546
64547
64548
64549
64550
64551
64552
64553
64554
64555
64556
64557
64558
64559
64560
64561
64562
64563
64565
64567
64568
64569
64570
64573
64575
64576
64580
64581
64583
64584
64585
64587
64588
64590
64597
64598
64599
64600
64601
64602
64603
64604
64605
64606
64607
64608
64609
64610
64611
64612
64613
64614
64615
64616
64617
64618
64619
64620
64621
64622
64623
64624
64625
64626
64627
64629
64630
64631
64633
64634
64635
64637
64638
64639
64641
64642
64644
64645
64646
64648
64649
64651
64652
65326
65327
65328
65330
65331
65332
65333
65334
65335
65336
65337
65338
65339
65340
65341
65342
65344
65345
65346
65348
65350
65351
65352
65353
65354
65355
65356
65357
65358
65359
65360
65361
65365
65366
65367
65368
65369
65371
65372
65375
65377
65378
65379
65381
65382
65384
65385
65386
65387
65388
65389
65390
65395
65396
65397
65399
65400
65401
65402
65405
65406
65414
65415
65417
65418
65421
65518
65519
65521
65522
65523
65524
65526
65527
65528
65529
65531
65532
65533
65534
65536
65537
65539
65544
65550
65556
65563
65569
65930
65931
65939
65940
65943
65944
65950
65960
65968
65974
65977
65978
65982
65983
65984
65989
65990
65996
65998
65999
66008
66010
66015
66017
66023
66030
66031
66038
66041
66045
66050
66052
66055
66056
66061
66067
66069
66075
66076
66084
66085
66087
66088
66090
66091
66093
66094
66096
66097
66098
66099
66100
66101
66102
66109
66110
66132
66133
66134
66135
66136
66137
66140
66141
66144
66145
66146
66147
66148
66149
66151
66152
66153
66154
66155
66156
66157
66158
66159
66160
66165
66166
66167
66168
66169
66170
66171
66172
66173
66174
66175
66176
66177
66178
66179
66180
66181
66182
66183
66184
66185
66187
66188
66193
66194
66197
66198
66201
66202
66205
66206
66209
66210
66211
66212
66219
66220
66221
66222
66231
66232
66233
66234
66244
66245
66246
66247
66257
66258
66259
66260
66261
66262
66263
66264
66265
66266
66267
66268
66269
66270
66271
66272
66273
66274
66275
66302
66303
66304
66305
66306
66307
66308
66309
66310
66337
66338
66346
66347
66348
66349
66350
66355
66356
66357
66358
66359
66360
66366
66367
66368
66369
66370
66371
66377
66378
66379
66380
66381
66382
66388
66389
66390
66391
66392
66393
66400
66401
66403
66404
66405
66406
66407
66408
66410
66411
66412
66413
66414
66415
66416
66417
66418
66419
66420
66421
66422
66423
66424
66425
66427
66428
66429
66430
66461
66462
66463
66464
66465
66466
66467
66468
66469
66470
66471
66472
66473
66474
66475
66476
66477
66478
66479
66480
66481
66482
66483
66484
66485
66486
66487
66488
66489
66490
66492
66493
66494
66495
66496
66497
66498
66499
66500
66501
66502
66503
66507
66509
66510
66511
66512
66513
66514
66515
66516
66517
66518
66519
66520
66521
66522
66523
66525
66526
66527
66529
66530
66531
66532
66533
66535
66536
66537
66538
66539
66540
66541
66542
66543
66544
66545
66546
66547
66548
66549
66550
66551
66552
66553
66554
66555
66556
66569
66570
66571
66572
66573
66574
66575
66576
66577
66578
66579
66580
66581
66582
66583
66584
66585
66586
66587
66588
66589
66590
66591
66592
66593
66594
66595
66596
66597
66598
66599
66600
66601
66602
66603
66604
66605
66606
66607
66608
66609
66610
66611
66615
66616
66617
66618
66627
66628
66629
66630
66640
66641
66642
66643
66650
66651
66652
66653
66660
66661
66662
66663
66672
66673
66674
66675
66676
66677
66678
66679
66680
66681
66682
66683
66684
66685
66686
66687
66688
66689
66690
66691
66692
66693
66694
66695
66696
66697
66698
66699
66700
66701
66702
66703
66704
66705
66706
66707
66708
66709
66710
66711
66712
66713
66725
66726
66727
66728
66729
66730
66731
66732
66733
66734
66735
66736
66737
66738
66739
66740
66741
66742
66743
66744
66789
66790
66791
66792
66793
66794
66795
66796
66797
66798
66799
66800
66801
66802
66803
66804
66805
66806
66808
66809
66810
66812
66813
66814
66815
66818
66822
66823
66824
66825
66826
66827
66828
66829
66830
66831
66832
66833
66834
66835
66836
66837
66838
66839
66840
66841
66842
66843
66844
66845
66846
66847
66848
66849
66850
66851
66852
66853
66854
66855
66856
66857
66858
66859
66860
66861
66862
66863
66864
66865
66866
66867
66868
66869
66870
66871
66872
66873
66874
66875
66877
66878
66880
66881
66882
66883
66885
66886
66887
66888
66890
66891
66892
66893
66894
66895
66897
66898
66899
66900
66901
66902
66903
66904
66905
66906
66907
66908
66909
66910
66911
66912
66913
66915
66916
66917
66918
66919
66920
66921
66924
66926
66949
66950
66951
66952
66953
66954
66955
66956
66957
66958
66964
66965
66966
66967
66968
66969
66970
66971
66972
66973
66974
66981
66982
66983
66984
66985
66986
66987
66988
66989
66990
66991
66998
66999
67000
67001
67002
67003
67004
67005
67006
67007
67008
67009
67010
67011
67012
67013
67025
67026
67027
67028
67029
67030
67031
67032
67033
67034
67035
67036
67037
67038
67039
67040
67041
67042
67043
67044
67045
67046
67047
67048
67049
67050
67051
67052
67053
67054
67055
67056
67057
67058
67060
67061
67097
67098
67099
67100
67101
67102
67103
67104
67105
67106
67107
67108
67109
67137
67141
67142
67143
67147
67148
67149
67153
67154
67155
67159
67160
67161
67165
67166
67167
67171
67172
67173
67177
67178
67179
67183
67184
67185
67189
67190
67191
67194
67195
67197
67199
67202
67210
67219
67228
67233
67234
67235
67236
67237
67238
67239
67240
67241
67242
67243
67244
67245
67246
67247
67248
67249
67252
67253
67254
67255
67256
67257
67258
67259
67260
67261
67268
67271
67272
67273
67274
67275
67276
67277
67278
67282
67283
67284
67285
67286
67287
67288
67289
67290
67293
67294
67295
67296
67297
67298
67299
67302
67304
67305
67306
67307
67308
67312
67313
67314
67315
67316
67317
67318
67319
67320
67321
67322
67323
67324
67325
67326
67327
67328
67329
67330
67331
67332
67333
67334
67335
67336
67337
67338
67339
67340
67341
67342
67343
67344
67345
67346
67347
67360
67361
67362
67363
67364
67365
67366
67367
67368
67369
67370
67371
67372
67373
67374
67375
67376
67377
67378
67379
67380
67381
67382
67383
67384
67385
67386
67387
67388
67389
67390
67391
67392
67393
67394
67395
67396
67397
67398
67399
67400
67401
67402
67403
67404
67405
67406
67407
67408
67409
67410
67411
67412
67416
67417
67418
67419
67420
67421
67432
67433
67434
67435
67436
67437
67445
67446
67447
67448
67449
67450
67454
67455
67456
67457
67461
67462
67463
67464
67474
67475
67477
67479
67480
67481
67482
67483
67484
67485
67486
67487
67488
67489
67490
67491
67492
67493
67494
67495
67496
67497
67498
67499
67500
67501
67502
67503
67504
67505
67506
67507
67508
67509
67510
67511
67512
67513
67514
67515
67516
67517
67518
67519
67520
67521
67522
67523
67524
67525
67526
67527
67528
67529
67530
67531
67534
67535
67536
67537
67538
67539
67540
67541
67542
67543
67544
67545
67546
67547
67552
67553
67554
67555
67556
67557
67558
67559
67560
67561
67573
67574
67575
67576
67577
67578
67653
67654
67655
67656
67657
67658
67660
67661
67662
67663
67665
67666
67667
67670
67671
67673
67674
67677
67678
67681
67682
67683
67684
67685
67686
67687
67690
67691
67692
67693
67701
67746
67747
67748
67749
67750
67751
67753
67754
67755
67756
67758
67759
67760
67763
67764
67766
67767
67770
67771
67774
67775
67776
67777
67778
67779
67780
67783
67784
67785
67786
67794
67839
67840
67841
67842
67843
67844
67846
67847
67848
67849
67851
67852
67853
67856
67857
67859
67860
67863
67864
67867
67868
67869
67870
67871
67872
67873
67876
67877
67878
67879
67887
67932
67933
67934
67935
67936
67937
67939
67940
67941
67942
67944
67945
67946
67949
67950
67952
67953
67956
67957
67960
67961
67962
67963
67966
67967
67968
67969
67970
67977
68022
68023
68024
68025
68026
68027
68029
68030
68031
68032
68034
68035
68036
68039
68040
68042
68043
68046
68047
68050
68051
68052
68055
68103
68104
68105
68106
68107
68108
68110
68111
68112
68113
68115
68116
68117
68120
68121
68123
68124
68127
68128
68131
68132
68133
68141
68189
68190
68191
68192
68193
68194
68196
68197
68198
68199
68201
68202
68203
68206
68207
68209
68210
68213
68214
68217
68218
68219
68222
68270
68271
68272
68273
68274
68275
68277
68278
68279
68280
68282
68283
68284
68287
68288
68290
68291
68294
68295
68298
68299
68300
68301
68302
68351
68352
68353
68354
68355
68356
68358
68359
68360
68361
68363
68364
68365
68368
68369
68371
68372
68375
68376
68379
68380
68381
68382
68383
68432
68433
68434
68435
68436
68437
68439
68440
68441
68442
68444
68445
68446
68449
68450
68452
68453
68456
68457
68460
68461
68462
68463
68464
68513
68514
68515
68516
68517
68518
68520
68521
68522
68523
68525
68526
68527
68530
68531
68533
68534
68537
68541
68544
68545
68597
68598
68599
68603
70969
70970
70971
70972
70973
70974
70975
70976
70977
70978
70979
70980
70981
70982
70983
70984
70985
70986
70987
70988
70989
70991
70992
70993
70995
70996
70997
70998
70999
71000
71001
71002
71003
71004
71007
71008
71010
71011
71012
71013
71014
71015
71016
71018
71021
71022
71023
71024
71025
71026
71028
71029
71030
71031
71032
71033
71034
71038
71039
71040
71041
71042
71043
71044
71045
71049
71051
71053
71055
71063
71064
71066
71072
71372
71373
71374
71375
71376
71377
71378
71379
71380
71381
71382
71383
71384
71387
71388
71389
71390
71391
71392
71393
71394
71395
71396
71397
71398
71399
71403
71406
71412
71450
71453
71456
71459
71462
71465
71468
71472
71477
71480
71483
71486
71487
71488
71489
71642
71643
71652
71653
71660
71661
71662
71663
71664
71665
71666
71670
71671
71672
71673
71674
71675
71676
71677
71678
71679
71680
71681
71682
71683
71684
71685
71686
71700
71721
71722
71723
71724
71725
71726
71727
71728
71729
71730
71731
71732
71733
71734
71735
71736
71737
71738
71739
71740
71741
71742
71743
71744
71754
71755
71756
71757
71758
71759
71760
71761
71768
71769
71770
71771
71772
71773
71774
71775
71782
71783
71784
71785
71786
71787
71788
71789
71796
71797
71798
71799
71800
71801
71802
71803
71817
71818
71819
71820
71821
71822
71823
71824
71825
71826
71827
71828
71829
71830
71831
71832
71833
71834
71835
71836
71837
71838
71839
71840
71844
71845
71846
71847
71848
71849
71850
71851
71852
71853
71854
71855
71856
71857
71858
71859
71860
71861
71862
71863
71864
71865
71866
71867
71868
71869
71870
71871
71872
71873
71874
71875
71876
71877
71878
71879
71880
71881
71882
71883
71884
71885
71886
71887
71888
71889
71890
71891
71892
71893
71894
71895
71896
71897
71898
71899
71900
71901
71902
71903
71904
71905
71906
71907
71908
71909
71910
71911
71912
71913
71914
71915
71916
71917
71918
71919
71920
71921
71922
71923
71924
71925
71926
71927
71928
71929
71930
71931
71932
71933
71934
71935
71936
71937
71938
71939
71940
71941
71942
71943
71944
71945
71946
71947
71948
71949
71950
71951
71952
71953
71954
71955
71956
71957
71958
71959
71960
71961
71962
71963
71964
71965
71966
71967
71968
71969
71970
71971
71972
71973
71974
71975
71976
71977
71978
71979
71980
71981
71982
71983
71984
71985
71986
71987
71988
71989
71990
71991
71992
71993
71994
72001
72002
72003
72004
72005
72006
72007
72008
72009
72010
72011
72012
72013
72014
72015
72016
72017
72018
72019
72020
72021
72022
72023
72024
72025
72026
72027
72028
72029
72030
72031
72032
72033
72034
72035
72036
72037
72038
72039
72040
72041
72042
72043
72044
72045
72046
72058
72060
72061
72062
72063
72064
72065
72066
72067
72068
72069
72070
72071
72072
72073
72074
72075
72076
72077
72078
72079
72080
72081
72082
72083
72084
72085
72086
72087
72088
72089
72090
72091
72092
72093
72094
72095
72096
72097
72098
72099
72132
72135
72136
72137
72138
72139
72140
72141
72142
72143
72144
72145
72146
72147
72148
72149
72150
72151
72152
72153
72154
72414
72416
72417
72418
72419
72420
72422
72424
72430
72441
72442
72443
72444
72445
72446
72447
72448
72449
72450
72451
72452
72453
72454
72455
72456
72457
72458
72459
72460
72461
72462
72463
72464
72465
72466
72467
72468
72469
72471
72473
72482
72483
72484
72485
72486
72487
72488
72489
72490
72491
72492
72493
72494
72495
72496
72497
72498
72499
72500
72501
72502
72503
72504
72505
72506
72507
72508
72509
72518
72519
72520
72521
72522
72523
72524
72525
72526
72527
72528
72529
72530
72531
72532
72533
72534
72535
72536
72537
72538
72539
72540
72541
72542
72543
72544
72545
72546
72548
72556
72557
72558
72559
72560
72561
72562
72563
72564
72565
72566
72567
72568
72569
72570
72571
72572
72573
72574
72575
72576
72577
72578
72579
72580
72581
72582
72583
72584
72585
72586
72587
72595
72596
72598
72599
72600
72601
72602
72603
72604
72605
72606
72607
72608
72609
72610
72611
72612
72613
72614
72615
72616
72617
72618
72619
72620
72621
72622
72623
72624
72625
72626
72627
72628
72629
72639
72640
72641
72642
72643
72644
72645
72646
72647
72648
72649
72650
72651
72652
72653
72654
72655
72656
72657
72658
72659
72660
72661
72662
72663
72664
72665
72666
72667
72668
72669
72670
72671
72672
72673
72688
72691
72692
72693
72694
72695
72696
72697
72698
72699
72700
72701
72702
72703
72704
72705
72706
72707
72708
72709
72710
72711
72712
72713
72714
72715
72716
72717
72718
72719
72720
72721
72722
72723
72761
72764
72765
72766
72767
72768
72769
72770
72771
72772
72773
72774
72775
72776
73097
73099
73100
73102
73103
73104
73106
73108
73117
73118
73120
73121
73122
73123
73124
73125
73126
73127
73128
73129
73130
73131
73132
73133
73134
73135
73136
73138
73147
73148
73149
73150
73151
73152
73153
73154
73155
73156
73157
73158
73159
73161
73162
73171
73172
73173
73174
73175
73176
73177
73178
73179
73180
73181
73183
73184
73190
73193
73194
73195
73196
73197
73198
73199
73200
73201
73209
73210
73211
73212
73213
73214
73215
73216
73218
73219
73225
73226
73227
73228
73229
73230
73231
73232
73233
73234
73235
73236
73237
73238
73239
73240
73241
73242
73243
73244
73250
73253
73254
73255
73256
73257
73258
73259
73260
73261
73262
73263
73264
73265
73266
73267
73268
73269
73270
73271
73272
73273
73274
73306
73307
73308
73515
73517
73518
73520
73521
73522
73524
73526
73535
73536
73538
73539
73540
73541
73542
73543
73544
73545
73546
73547
73548
73549
73550
73551
73552
73553
73554
73556
73565
73566
73567
73568
73569
73570
73571
73572
73573
73574
73575
73576
73577
73579
73580
73589
73590
73591
73592
73593
73594
73595
73596
73597
73598
73599
73601
73602
73608
73611
73612
73613
73614
73615
73616
73617
73618
73619
73627
73628
73629
73630
73631
73632
73633
73634
73636
73637
73643
73644
73645
73646
73647
73648
73649
73650
73651
73652
73653
73654
73655
73656
73657
73658
73659
73660
73661
73662
73668
73671
73672
73673
73674
73675
73676
73677
73678
73679
73680
73681
73682
73683
73684
73685
73686
73687
73688
73689
73690
73691
73692
73724
73725
73726
73933
73935
73936
73938
73939
73940
73942
73944
73953
73954
73956
73957
73958
73959
73960
73961
73962
73963
73964
73965
73966
73967
73968
73969
73970
73971
73972
73974
73983
73984
73985
73986
73987
73988
73989
73990
73991
73992
73993
73994
73995
73997
73998
74007
74008
74009
74010
74011
74012
74013
74014
74015
74016
74017
74019
74020
74026
74029
74030
74031
74032
74033
74034
74035
74036
74037
74045
74046
74047
74048
74049
74050
74051
74052
74054
74055
74061
74062
74063
74064
74065
74066
74067
74068
74069
74070
74071
74080
74081
74082
74083
74084
74085
74086
74087
74088
74089
74090
74091
74092
74093
74094
74095
74096
74097
74098
74099
74100
74101
74102
74103
74104
74138
74139
74140
74339
74341
74342
74344
74345
74346
74348
74350
74359
74360
74362
74363
74364
74365
74366
74367
74368
74369
74370
74371
74372
74373
74374
74375
74376
74377
74378
74380
74389
74390
74391
74392
74393
74394
74395
74396
74397
74398
74399
74400
74401
74403
74404
74413
74414
74415
74416
74417
74418
74419
74420
74421
74422
74423
74425
74426
74432
74435
74436
74437
74438
74439
74440
74441
74442
74443
74451
74452
74453
74454
74455
74456
74457
74458
74460
74461
74467
74468
74469
74470
74471
74472
74473
74474
74483
74484
74485
74486
74487
74508
74510
74707
74709
74710
74712
74713
74714
74716
74718
74727
74728
74730
74731
74732
74733
74734
74735
74736
74737
74738
74739
74740
74741
74742
74743
74744
74745
74746
74748
74757
74758
74759
74760
74761
74762
74763
74764
74765
74766
74767
74768
74769
74771
74772
74781
74782
74783
74784
74785
74786
74787
74788
74789
74790
74791
74793
74794
74800
74803
74804
74805
74806
74807
74808
74809
74810
74811
74819
74820
74821
74822
74823
74824
74825
74826
74828
74829
74835
74836
74837
74838
74839
74840
74841
74842
74843
74853
74854
74855
74856
74857
74858
74860
74861
74862
74863
74865
74866
74867
74868
74869
74870
74871
74872
74873
74910
75114
75116
75117
75119
75120
75121
75123
75125
75134
75135
75137
75138
75139
75140
75141
75142
75143
75144
75145
75146
75147
75148
75149
75150
75151
75152
75153
75155
75164
75165
75166
75167
75168
75169
75170
75171
75172
75173
75174
75175
75176
75178
75179
75188
75189
75190
75191
75192
75193
75194
75195
75196
75197
75198
75200
75201
75207
75210
75211
75212
75213
75214
75215
75216
75217
75218
75226
75227
75228
75229
75230
75231
75232
75233
75235
75236
75242
75243
75244
75245
75246
75247
75248
75249
75250
75251
75262
75264
75266
75268
75270
75272
75273
75274
75275
75276
75277
75496
75498
75499
75501
75502
75503
75505
75507
75516
75517
75519
75520
75521
75522
75523
75524
75525
75526
75527
75528
75529
75530
75531
75532
75533
75534
75535
75537
75546
75547
75548
75549
75550
75551
75552
75553
75554
75555
75556
75557
75558
75560
75561
75570
75571
75572
75573
75574
75575
75576
75577
75578
75579
75580
75582
75583
75589
75592
75593
75594
75595
75596
75597
75598
75599
75600
75608
75609
75610
75611
75612
75613
75614
75615
75617
75618
75624
75625
75626
75627
75628
75629
75630
75631
75632
75633
75636
75639
75640
75641
75642
75643
75644
75645
75646
75647
75648
75862
75864
75865
75867
75868
75869
75871
75873
75882
75883
75885
75886
75887
75888
75889
75890
75891
75892
75893
75894
75895
75896
75897
75898
75899
75900
75901
75903
75912
75913
75914
75915
75916
75917
75918
75919
75920
75921
75922
75923
75924
75926
75927
75936
75937
75938
75939
75940
75941
75942
75943
75944
75945
75946
75948
75949
75955
75958
75959
75960
75961
75962
75963
75964
75965
75966
75974
75975
75976
75977
75978
75979
75980
75981
75983
75984
75990
75991
75992
75993
75994
75995
75996
75997
75998
75999
76002
76005
76006
76007
76008
76009
76010
76011
76012
76014
76228
76230
76231
76233
76234
76235
76237
76239
76248
76249
76251
76252
76253
76254
76255
76256
76257
76258
76259
76260
76261
76262
76263
76264
76265
76266
76267
76269
76278
76279
76280
76281
76282
76283
76284
76285
76286
76287
76288
76289
76290
76292
76293
76302
76303
76304
76305
76306
76307
76308
76309
76310
76311
76312
76314
76315
76321
76324
76325
76326
76327
76328
76329
76330
76331
76332
76340
76341
76342
76343
76344
76345
76346
76347
76349
76350
76356
76357
76358
76359
76360
76361
76362
76363
76364
76365
76368
76371
76372
76373
76374
76375
76376
76377
76378
76380
76594
76596
76597
76599
76600
76601
76603
76605
76614
76615
76617
76618
76619
76620
76621
76622
76623
76624
76625
76626
76627
76628
76629
76630
76631
76632
76633
76635
76644
76645
76646
76647
76648
76649
76650
76651
76652
76653
76654
76655
76656
76658
76659
76668
76669
76670
76671
76672
76673
76674
76675
76676
76677
76678
76680
76681
76687
76690
76691
76692
76693
76694
76695
76696
76697
76698
76706
76707
76708
76709
76710
76711
76712
76713
76716
76722
76723
76724
76725
76726
76728
76734
76737
76738
76739
76740
76741
76965
76966
76969
76971
76989
76991
76993
76994
76995
76996
76997
76998
76999
77001
77018
77019
77020
77021
77024
77040
77042
77043
77046
77060
77062
87742
87743
87744
87745
87746
87747
87748
87749
87750
87751
87753
87754
87755
87756
87757
87758
87759
87761
87762
87763
87764
87767
87768
87769
87770
87771
87772
87773
87777
87778
87779
87784
87788
87789
87791
87853
87859
87964
87965
87966
87967
87968
87969
87970
87971
87972
87973
87974
87975
87976
87977
87978
87979
87980
87981
87982
87983
87984
87985
87986
87987
87988
87989
87990
87991
87992
87993
87994
87995
87996
87999
88000
88001
88002
88003
88004
88005
88006
88007
88008
88009
88010
88011
88012
88013
88014
88015
88016
88017
88018
88019
88020
88021
88022
88023
88024
88025
88026
88027
88028
88029
88030
88032
88033
88034
88035
88036
88037
88038
88039
88040
88041
88042
88043
88046
88047
88048
88049
88050
88051
88052
88053
88054
88055
88060
88061
88062
88063
88064
88065
88066
88067
88068
88069
88070
88081
88085
88087
88088
88090
88091
88092
88093
88094
88095
88110
88111
88112
88113
88114
88243
88245
88246
88247
88248
88249
88251
88252
88253
88254
88255
88257
88258
88259
88261
88263
88264
88265
88268
88269
88270
88271
88279
88281
88282
88283
88284
88285
88286
88287
88288
88289
88290
88291
88292
88293
88294
88295
88296
88297
88298
88301
88302
88303
88310
88311
88312
88313
88314
88315
88316
88317
88320
88321
88328
88329
88330
88331
88332
88333
88334
88335
88336
88340
88341
88342
88345
88346
88348
88350
88351
88352
88353
88354
88357
88362
88363
88364
88365
88366
88367
88368
88369
88373
88374
88375
88383
88384
88385
88386
88388
88389
88390
88400
88401
88402
88403
88404
88405
88416
88417
88418
88419
88420
88575
88578
88581
88582
88583
88584
88585
88613
88618
88623
89272
89273
89274
89275
89276
89277
89278
89279
89282
89283
89284
89285
89286
89287
89291
89294
89319
89321
89323
89325
89326
89327
89328
89349
89356
89357
89416
89417
89418
89419
89420
89421
89422
89423
89424
89425
89426
89427
89428
89431
89432
89433
89434
89435
89436
89437
89438
89439
89440
89441
89442
89443
89444
89445
89449
89451
89452
89453
89454
89459
89460
89462
89496
89498
89499
89500
89501
89502
89504
89505
89506
89507
89508
89510
89511
89512
89513
89514
89515
89516
89517
89518
89520
89521
89522
89523
89524
89525
89526
89527
89528
89529
89530
89531
89532
89533
89634
89639
89650
89651
89652
89653
89654
89655
89656
89657
89658
89659
89660
89661
89662
89663
89664
89665
89666
89667
89668
89669
89670
89671
89672
89673
89674
89675
89676
89677
89678
89679
89680
89681
89682
89683
89684
89685
89686
89687
89688
89689
89690
89691
89692
89693
89694
89695
89696
89698
89699
89700
89701
89702
89703
89704
89705
89706
89707
89708
89719
89720
89721
89722
89723
89724
89783
89784
89785
89786
89787
89788
89798
89799
89800
89801
89802
89803
89809
89810
89811
89812
89813
89814
89820
89821
89822
89823
89824
89825
89826
89827
89828
89829
89830
89831
89832
89833
89834
89835
89836
89837
89838
89874
89875
89876
89877
89878
89879
89880
90129
90130
90131
90136
90141
90142
90143
90145
90148
90153
90156
90158
90160
90162
90164
90166
90168
90170
90172
90174
90176
90178
90180
90181
90183
90184
90185
90186
90187
90188
90189
90190
90192
90193
90195
90196
90197
90199
90200
90201
90202
90203
90204
90235
90236
90237
90238
90239
90240
90241
90242
90244
90245
90246
90247
90248
90249
90250
90251
90252
90253
90254
90255
90256
90257
90258
90259
90260
90261
90262
90263
90264
90265
90268
90269
90270
90271
90274
90275
90276
90277
90283
90284
90287
90288
90294
90295
90296
90302
90303
90304
90305
90306
90313
90314
90316
90322
90334
90335
90336
90337
90338
90339
90340
90341
90342
90343
90347
90348
90349
90350
90351
90352
90353
90354
90355
90356
90357
90358
90359
90360
90361
90362
90363
90378
90379
90409
90410
90411
90412
90413
90414
90415
90416
90417
90418
90419
90420
90421
90422
90423
90424
90425
90426
90427
90428
90429
90430
90431
90441
90442
90443
90444
90445
90446
90447
90448
90456
90457
90458
90459
90460
90461
90462
90463
90466
90467
90468
90469
90470
90471
90472
90473
90476
90477
90478
90479
90480
90481
90482
90483
90491
90492
90493
90494
90495
90496
90538
90539
90543
90544
90545
90549
90550
90551
90555
90556
90557
90561
90562
90563
90568
90569
90571
90572
90573
90574
90575
90576
90577
90578
90580
90581
90594
90595
90596
90597
90598
90599
90600
90601
90602
90603
90604
90605
90606
90607
90609
90610
90611
90612
90614
90615
90616
90617
90618
90619
90620
90621
90622
90623
90624
90625
90626
90627
90628
90629
90630
90631
90632
90633
90634
90635
90636
90637
90638
90639
90640
90641
90642
90643
90644
90645
90646
90647
90648
90649
90650
90651
90652
90653
90654
90655
90656
90658
90662
90663
90664
90665
90666
90667
90668
90672
90673
90674
90675
90676
90677
90678
90679
90680
90681
90682
90683
90684
90685
90686
90687
90688
90693
90694
90695
90696
90697
90698
90699
90700
90701
90702
90703
90704
90705
90706
90707
90708
90709
90710
90711
90712
90713
90714
90715
90716
90717
90718
90719
90720
90749
90750
90751
90752
90753
90754
90755
90756
90757
90758
90759
90760
90761
90762
90763
90764
90765
90766
90767
90768
90769
90770
90771
90772
90773
90774
90775
90776
90777
90778
90779
90780
90781
90782
90783
90784
90786
90787
90788
90789
90790
90791
90792
90793
90794
90795
90796
90797
90798
90799
90800
90801
90802
90803
90804
90805
90806
90807
90808
90809
90810
90811
90812
90813
90814
90815
90816
90817
90818
90819
90820
90821
90822
90823
90824
90825
90826
90827
90828
90829
90830
90831
90832
90833
90834
90835
90836
90837
90838
90839
90840
90841
90842
90843
90844
90845
90846
90847
90848
90849
90850
90851
90852
90853
90854
90855
90856
90857
90858
90859
90860
90861
90862
90863
90864
90865
90866
90867
90868
90869
90870
90871
90872
90873
90874
90875
90876
90877
90878
90879
90880
90881
90882
90883
90884
90885
90886
90887
90888
90889
90890
90891
90892
90893
90894
90895
90896
90897
90898
90899
90900
90901
90902
90903
90904
90905
90906
90907
90908
90909
90910
90914
90915
90916
90917
90918
90919
90920
90921
90922
90923
90924
90925
90926
90927
90928
90929
90930
90931
90932
90933
90934
90935
90936
90937
90938
90939
90940
90941
90942
90943
90944
90945
90946
90947
90948
90949
90950
90951
90952
90953
90954
90955
90956
90957
90958
90970
90971
90972
90973
90974
90975
90976
90977
90978
90979
90980
90981
90982
90983
90984
90985
90986
90987
90988
90989
90990
90991
90992
90993
90994
90995
90996
90997
90998
90999
91000
91001
91002
91003
91004
91005
91006
91007
91008
91009
91010
91011
91012
91013
91014
91015
91016
91017
91018
91036
91038
91039
91041
91042
91044
91047
91049
91051
91053
91054
91055
91056
91057
91058
91059
91060
91061
91062
91063
91064
91065
91066
91067
91068
91069
91070
91071
91072
91073
91074
91075
91076
91077
91078
91079
91122
91125
91127
91128
91130
91131
91133
91134
91136
91138
91139
91140
91141
91142
91143
91406
91411
91426
91429
91430
91431
91434
91435
91436
91437
91438
91439
91440
91441
91442
91443
91444
91445
91446
91447
91448
91449
91450
91451
91452
91453
91454
91455
91456
91457
91458
91459
91461
91462
91464
91466
91472
91473
91474
91475
91476
91477
91478
91479
91480
91481
91482
91483
91484
91485
91486
91487
91488
91490
91491
91493
91494
91502
91503
91504
91505
91506
91507
91508
91509
91510
91511
91512
91514
91515
91516
91518
91525
91526
91529
91530
91531
91532
91533
91534
91535
91536
91537
91538
91540
91541
91549
91550
91551
91552
91553
91554
91555
91556
91557
91558
91565
91569
91570
91571
91572
91573
91574
91575
91576
91577
91578
91579
91580
91581
91582
91583
91586
91587
91590
91594
91596
91597
91598
91599
91600
91601
91602
91603
91604
91605
91606
91607
91608
91609
91610
91611
91612
91613
91614
91615
91617
91618
91619
91621
91634
91635
91637
91638
91640
91643
91645
91647
91649
91650
91652
91653
91654
91656
91689
91693
91694
91913
91916
91928
91930
91931
91932
91933
91934
91935
91936
91937
91938
91939
91940
91941
91942
91943
91944
91945
91946
91948
91954
91955
91956
91957
91958
91959
91960
91961
91962
91963
91964
91965
91967
91968
91975
91976
91977
91978
91979
91980
91981
91982
91983
91985
91986
91992
91993
91995
91996
91997
91998
91999
92000
92001
92003
92009
92010
92011
92012
92013
92014
92019
92022
92023
92024
92025
92026
92027
92028
92029
92030
92031
92032
92036
92039
92040
92041
92042
92043
92044
92045
92046
92047
92048
92049
92050
92051
92052
92053
92054
92055
92056
92057
92059
92060
92068
92069
92071
92072
92074
92077
92079
92081
92083
92084
92086
92087
92115
92119
92268
92271
92283
92285
92286
92287
92288
92289
92290
92291
92292
92293
92294
92295
92296
92297
92298
92299
92300
92301
92303
92309
92310
92311
92312
92313
92314
92315
92316
92317
92318
92319
92320
92322
92323
92330
92331
92332
92333
92334
92335
92336
92337
92338
92340
92341
92347
92348
92350
92351
92352
92353
92354
92355
92356
92358
92364
92365
92366
92367
92368
92369
92374
92377
92378
92379
92380
92381
92382
92383
92384
92385
92386
92387
92391
92394
92395
92396
92397
92398
92399
92400
92401
92402
92403
92404
92405
92406
92407
92408
92409
92411
92412
92420
92421
92423
92424
92426
92428
92432
92433
92435
92436
92437
92439
92440
92442
92444
92446
92447
92477
92481
92630
92633
92645
92647
92648
92649
92650
92651
92652
92653
92654
92655
92656
92657
92658
92659
92660
92661
92662
92663
92665
92671
92672
92673
92674
92675
92676
92677
92678
92679
92680
92681
92682
92684
92685
92692
92693
92694
92695
92696
92697
92698
92699
92700
92702
92703
92709
92710
92712
92713
92714
92715
92716
92717
92718
92720
92726
92727
92728
92729
92730
92731
92736
92739
92740
92741
92742
92743
92744
92745
92746
92750
92754
92755
92756
92757
92758
92759
92760
92762
92763
92771
92772
92773
92774
92775
92776
92777
92778
92779
92780
92781
92782
92783
92784
92785
92786
92787
92788
92789
92790
92791
92792
92793
92794
92795
92796
92798
92799
92831
92984
92987
92999
93001
93002
93003
93004
93005
93006
93007
93008
93009
93010
93011
93012
93013
93014
93015
93016
93017
93019
93025
93026
93027
93028
93029
93030
93031
93032
93033
93034
93035
93036
93038
93039
93046
93047
93048
93049
93050
93051
93052
93053
93054
93056
93057
93063
93064
93066
93067
93068
93069
93070
93071
93072
93074
93080
93081
93082
93083
93084
93085
93090
93093
93094
93095
93096
93097
93098
93099
93103
93107
93108
93109
93110
93111
93113
93114
93122
93123
93125
93126
93290
93293
93305
93307
93308
93309
93310
93311
93312
93313
93314
93315
93316
93317
93318
93319
93320
93321
93322
93323
93325
93331
93332
93333
93334
93335
93336
93337
93338
93339
93340
93341
93342
93344
93345
93352
93353
93354
93355
93356
93357
93358
93359
93360
93362
93363
93369
93370
93372
93373
93374
93375
93376
93377
93378
93380
93386
93387
93388
93389
93390
93391
93396
93399
93400
93401
93402
93403
93404
93405
93409
93412
93414
93415
93416
93417
93418
93419
93420
93421
93422
93423
93425
93426
93458
93465
93468
93631
93634
93646
93648
93649
93650
93651
93652
93653
93654
93655
93656
93657
93658
93659
93660
93661
93662
93663
93664
93666
93672
93673
93674
93675
93676
93677
93678
93679
93680
93681
93682
93683
93685
93686
93693
93694
93695
93696
93697
93698
93699
93700
93701
93703
93704
93710
93711
93713
93714
93715
93716
93717
93718
93719
93721
93727
93728
93729
93730
93731
93732
93737
93740
93741
93742
93743
93744
93745
93746
93750
93753
93755
93756
93757
93758
93759
93761
93762
93767
93770
93771
93774
93937
93940
93952
93954
93955
93956
93957
93958
93959
93960
93961
93962
93963
93964
93965
93966
93967
93968
93969
93970
93972
93978
93979
93980
93981
93982
93983
93984
93985
93986
93987
93988
93989
93991
93992
93999
94000
94001
94002
94003
94004
94005
94006
94007
94009
94010
94016
94017
94019
94020
94021
94022
94023
94024
94025
94027
94033
94034
94035
94036
94037
94038
94043
94046
94047
94048
94049
94050
94051
94052
94056
94057
94059
94060
94061
94062
94063
94064
94065
94067
94068
94071
94073
94074
94076
94243
94246
94258
94260
94261
94262
94263
94264
94265
94266
94267
94268
94269
94270
94271
94272
94273
94274
94275
94276
94278
94284
94285
94286
94287
94288
94289
94290
94291
94292
94293
94294
94295
94297
94298
94305
94306
94307
94308
94309
94310
94311
94312
94313
94315
94316
94322
94323
94325
94326
94327
94328
94329
94330
94331
94333
94339
94340
94341
94342
94343
94344
94349
94352
94353
94354
94355
94356
94357
94358
94362
94363
94365
94366
94367
94368
94369
94370
94371
94373
94374
94377
94379
94380
94382
94549
94552
94564
94566
94567
94568
94569
94570
94571
94572
94573
94574
94575
94576
94577
94578
94579
94580
94581
94582
94584
94590
94591
94592
94593
94594
94595
94596
94597
94598
94599
94600
94601
94603
94604
94611
94612
94613
94614
94615
94616
94617
94618
94619
94621
94622
94628
94629
94631
94632
94633
94634
94635
94636
94637
94639
94645
94646
94647
94648
94649
94650
94655
94658
94659
94660
94661
94662
94663
94668
94669
94671
94672
94673
94674
94675
94676
94679
94683
94685
94686
94688
94855
94858
94870
94872
94873
94875
94876
94878
94879
94881
94882
94883
94884
94885
94886
94887
94888
94890
94896
94897
94898
94899
94901
94902
94904
94905
94906
94907
94909
94910
94917
94918
94919
94920
94922
94923
94924
94925
94927
94928
94934
94935
94937
94938
94940
94941
94942
94943
94945
94951
94952
94954
94955
94961
94964
94965
94974
94975
94977
94978
94989
94992
95164
95187
95188
95190
95191
95193
95196
95210
95212
104537
104538
104541
104543
104544
104545
104546
104547
104548
104549
104550
104551
104552
104554
104555
104557
104558
104559
104560
104561
104562
104563
104564
104565
104566
104567
104568
104569
104570
104571
104572
104573
104574
104575
104576
104577
104578
104579
104580
104581
104582
104584
104585
104587
104588
104589
104591
104593
104596
104597
104598
104599
104602
104603
104607
104608
104610
104611
104613
104614
104615
104616
104617
104618
104619
104620
104621
104622
104623
104624
104625
104626
104627
104628
104629
104630
104631
104632
104633
104634
104638
104642
104643
104644
104650
104651
104653
104654
104656
104657
104658
104659
104660
104661
104662
104663
104664
104665
104666
104667
104668
104670
104671
104677
104678
104682
104683
104684
104685
104686
104687
104688
104689
104690
104692
104693
104695
104696
104697
104699
104700
104701
104702
104703
104704
104706
104707
104708
104709
104710
104711
104713
104714
104715
104721
104725
104726
104727
104728
104729
104730
104731
104732
104733
104734
104735
104736
104740
104741
104744
104745
104750
104751
104754
104756
104757
104758
104761
104762
104763
104779
104780
104781
104784
104785
104797
104798
104799
105054
105055
105059
105060
105061
105077
105078
105079
105081
105082
105083
105084
105493
105494
105495
105496
105497
105498
105499
105500
105501
105502
105503
105504
105505
105506
105507
105508
105509
105510
105511
105512
105513
105514
105520
105521
105522
105523
105524
105525
105526
105527
105528
105529
105530
105531
105532
105533
105534
105535
105536
105537
105538
105539
105540
105541
105542
105543
105544
105545
105552
105553
105554
105555
105556
105559
105560
105561
105562
105566
105567
105568
105569
105570
105571
105576
105577
105578
105579
105589
105590
105655
105656
105657
105658
105659
105662
105663
105664
105665
105669
105670
105671
105672
105673
105674
105679
105680
105681
105682
105684
105685
105686
105687
105688
105691
105692
105693
105694
105698
105699
105700
105701
105702
105703
105708
105709
105710
105711
105713
105714
105715
105716
105717
105720
105721
105722
105723
105727
105728
105729
105730
105731
105732
105737
105738
105739
105740
105742
105743
105744
105745
105746
105747
105749
105750
105751
105752
105762
105763
105770
105771
105772
105773
105780
105781
105790
105791
105792
105793
105799
105800
105808
105809
105810
105816
105817
105825
105826
105827
105835
105836
105847
105848
105849
105851
105852
105854
105855
105856
105858
105859
106112
106113
106115
106137
106138
106140
106142
106156
106157
106158
106159
106160
106161
106162
106163
106164
106165
106166
106167
106168
106169
106175
106176
106177
106178
106179
106180
106181
106182
106183
106184
106185
106186
106187
106188
106189
106190
106191
106192
106193
106194
106195
106196
106197
106198
106199
106200
106201
106202
106203
106204
106205
106206
106207
106208
106209
106210
106211
106212
106213
106214
106215
106216
106217
106218
106220
106221
106222
106223
106224
106278
106279
106280
106332
106333
106334
106335
106336
106337
106338
106339
106340
106341
106342
106343
106344
106345
106346
106347
106348
106349
106350
106351
106352
106353
106354
106355
106356
106357
106358
106359
106360
106361
106362
106363
106364
106365
106366
106367
106368
106369
106370
106371
106372
106373
106374
106375
106376
106377
106378
106379
106380
106381
106382
106383
106384
106385
106406
106407
106408
106409
106410
106411
106412
106413
106414
106415
106416
106417
106418
106419
106420
106421
106422
106423
106424
106425
106426
106427
106428
106429
106430
106431
106444
106445
106446
106447
106448
106449
106450
106451
106452
106453
106454
106455
106456
106457
106458
106459
106460
106461
106462
106463
106464
106465
106466
106467
106468
106469
106477
106478
106479
106480
106481
106482
106483
106484
106485
106486
106487
106488
106489
106490
106491
106492
106493
106494
106502
106503
106504
106505
106506
106507
106508
106509
106510
106511
106512
106513
106514
106515
106516
106517
106537
106541
106542
106543
106549
106550
106551
106552
106558
106559
106560
106561
106562
106563
106572
106573
106574
106575
106576
106577
106578
106585
106586
106587
106588
106589
106590
106598
106599
106600
106601
106602
106603
106611
106612
106613
106614
106615
106616
106617
106625
106626
106627
106628
106629
106630
106631
106639
106640
106641
106642
106643
106644
106645
106646
106653
106654
106655
106656
106657
106658
106659
106660
106667
106668
106669
106670
106671
106672
106673
106680
106681
106682
106683
106684
106685
106690
106691
106692
106693
106694
106697
106698
106703
106704
106705
106706
106707
106710
106711
106712
106717
106718
106719
106721
106722
106723
106727
106728
106730
106731
106734
106735
106736
106737
106740
106741
106742
106747
106748
106752
106756
106757
106758
106769
106770
106771
106774
106778
106779
106780
106792
106793
106794
106798
106799
106800
106804
106805
106806
106810
106811
106812
106813
106814
106815
106818
106825
106826
106827
106828
106829
106831
106832
106833
106834
106835
106836
106837
106838
106839
106840
106841
106842
106843
106844
106845
106846
106847
106848
106849
106850
106851
106852
106853
106854
106855
106856
106857
106858
106859
106860
106861
106862
106863
106864
106865
106866
106867
106868
106869
106870
106871
106872
106873
106874
106875
106876
106877
106878
106879
106880
106881
106882
106883
106884
106885
106886
106887
106888
106889
106890
106891
106892
106893
106894
106895
106896
106897
106905
106906
106907
106908
106958
106959
106960
106961
106964
106965
106966
106967
106968
106970
106971
106973
106975
106977
106978
106982
106986
106987
106988
106989
106990
106991
106997
106998
107030
107031
107032
107033
107036
107037
107038
107039
107040
107042
107043
107045
107047
107049
107050
107054
107058
107059
107060
107061
107062
107063
107069
107070
107102
107103
107104
107105
107108
107109
107110
107111
107112
107114
107115
107117
107119
107121
107122
107126
107130
107131
107132
107133
107134
107135
107141
107142
107174
107175
107176
107177
107180
107181
107182
107183
107184
107186
107187
107189
107191
107193
107194
107198
107202
107203
107204
107209
107210
107242
107243
107244
107245
107248
107249
107250
107251
107252
107254
107255
107257
107259
107261
107262
107266
107270
107271
107307
107308
107309
107310
107313
107314
107315
107316
107317
107319
107320
107322
107324
107326
107327
107331
107335
107336
107372
107373
107374
107375
107378
107379
107380
107381
107382
107384
107385
107387
107389
107391
107392
107396
107400
107401
107437
107438
107439
107440
107443
107444
107445
107446
107447
107449
107450
107452
107454
107456
107457
107461
107502
107503
107504
107505
107508
107509
107510
107511
107512
107514
107515
107517
107519
107521
107522
107526
107567
107568
107569
107570
107573
107574
107575
107576
107577
107579
107580
107582
107584
107586
107587
107591
107632
107633
107634
107635
107638
107639
107640
107641
107642
107644
107645
107647
107649
107651
107700
107705
107706
107707
109586
109587
109588
109589
109590
109591
109592
109593
109594
109595
109596
109597
109598
109599
109600
109601
109602
109603
109604
109605
109606
109607
109608
109609
109610
109611
109612
109613
109614
109615
109616
109617
109618
109619
109620
109621
109622
109623
109624
109625
109626
109627
109628
109629
109630
109631
109632
109633
109634
109635
109636
109637
109638
109639
109640
109641
109642
109643
109644
109645
109646
109647
109648
109649
109650
109651
109652
109653
109654
109655
109656
109657
109658
109659
109660
109661
109662
109663
109664
109665
109666
109667
109668
109669
109670
109671
109672
109673
109674
109675
109676
109677
109678
109679
109680
109681
109682
109683
109684
109685
109686
109687
109688
109689
109690
109691
109692
109693
109694
109695
109696
109697
109698
109699
109700
109701
109702
109703
109704
109705
109706
109707
109708
109709
109710
109711
109712
109713
109714
109715
109716
109717
109718
109719
109720
109721
109722
109723
109724
109725
109726
109727
109728
109729
109730
109731
109732
109733
109734
109735
109736
109737
109738
109739
109740
109741
109742
109743
109744
109745
109746
109747
109748
109749
109750
109751
109752
109753
109754
109757
109758
109761
109762
109763
109764
109765
109766
109767
109769
109770
109772
109775
109776
109777
109778
109779
109780
109781
109782
109783
109784
109785
109786
109787
109788
109789
109790
109791
109792
109821
109824
109827
109830
109986
109987
109990
109991
109992
109993
109994
109995
109996
109997
109998
109999
110000
110001
110002
110003
110004
110005
110006
110007
110009
110010
110012
110013
110014
110016
110018
110019
110020
110021
110022
110023
110024
110025
110027
110028
110030
110031
110034
110035
110036
110038
110039
110041
110045
110047
110048
110049
110050
110051
110053
110057
110058
110059
110060
110061
110062
110063
110064
110069
110071
110072
110073
110074
110075
110076
110077
110079
110080
110082
110084
110086
110088
110090
110092
110094
110103
110106
110107
110110
110111
110112
110113
110114
110115
110116
110118
110119
110122
110124
110126
110149
110284
110285
110288
110289
110290
110291
110292
110293
110294
110295
110296
110297
110298
110299
110300
110301
110302
110303
110304
110305
110307
110308
110310
110311
110312
110314
110316
110317
110318
110319
110320
110321
110322
110323
110325
110326
110328
110329
110332
110333
110334
110336
110337
110339
110343
110345
110346
110347
110348
110349
110351
110355
110356
110357
110358
110359
110360
110361
110362
110367
110369
110370
110371
110372
110373
110374
110375
110377
110378
110380
110382
110384
110386
110388
110390
110392
110401
110404
110405
110408
110409
110410
110411
110412
110413
110414
110416
110417
110420
110422
110424
110447
110582
110583
110586
110587
110588
110589
110590
110591
110592
110593
110594
110595
110596
110597
110598
110599
110600
110601
110602
110603
110605
110606
110608
110609
110610
110612
110614
110615
110616
110617
110618
110619
110620
110621
110623
110624
110626
110627
110630
110631
110632
110634
110635
110637
110641
110643
110644
110645
110646
110647
110649
110653
110654
110655
110656
110657
110658
110659
110660
110665
110667
110668
110669
110670
110671
110672
110673
110675
110676
110678
110680
110682
110686
110688
110690
110699
110702
110703
110706
110707
110708
110709
110710
110711
110712
110714
110715
110718
110720
110722
110745
110880
110881
110884
110885
110886
110887
110888
110889
110890
110891
110892
110893
110894
110895
110896
110897
110898
110899
110900
110901
110903
110904
110906
110907
110908
110910
110912
110913
110914
110915
110916
110917
110918
110919
110921
110922
110924
110925
110928
110929
110930
110932
110933
110935
110939
110941
110942
110943
110944
110945
110947
110951
110952
110953
110954
110955
110956
110957
110958
110963
110965
110966
110967
110968
110969
110970
110971
110973
110974
110976
110980
110984
110986
110988
110997
110998
110999
111000
111001
111002
111003
111004
111005
111006
111007
111008
111009
111010
111011
111012
111014
111016
111018
111168
111169
111172
111173
111174
111175
111176
111177
111178
111179
111180
111181
111182
111183
111184
111185
111186
111187
111188
111189
111191
111192
111194
111195
111196
111198
111200
111201
111202
111203
111204
111205
111206
111207
111209
111210
111212
111213
111216
111217
111218
111220
111221
111223
111227
111229
111230
111231
111232
111233
111235
111239
111240
111241
111242
111243
111244
111245
111246
111251
111253
111254
111255
111256
111257
111258
111259
111261
111262
111264
111268
111272
111274
111276
111286
111288
111437
111438
111441
111442
111443
111444
111445
111446
111447
111448
111449
111450
111451
111452
111453
111454
111455
111456
111457
111458
111460
111461
111463
111464
111465
111467
111469
111470
111471
111472
111473
111474
111475
111476
111478
111479
111481
111482
111485
111486
111487
111489
111490
111492
111496
111498
111499
111500
111501
111502
111504
111508
111509
111510
111511
111512
111513
111514
111515
111520
111522
111523
111524
111525
111526
111527
111528
111530
111531
111533
111537
111541
111543
111545
111557
111706
111707
111710
111711
111712
111713
111714
111715
111716
111717
111718
111719
111720
111721
111722
111723
111724
111725
111726
111727
111729
111730
111732
111733
111734
111736
111738
111739
111740
111741
111742
111743
111744
111745
111747
111748
111750
111751
111754
111755
111756
111758
111759
111761
111765
111767
111768
111769
111770
111771
111773
111777
111778
111779
111780
111781
111782
111783
111784
111789
111791
111792
111793
111794
111795
111796
111797
111799
111800
111802
111806
111810
111812
111814
111826
111975
111976
111979
111980
111981
111982
111983
111984
111985
111986
111987
111988
111989
111990
111991
111992
111993
111994
111995
111996
111998
111999
112001
112002
112003
112005
112007
112008
112009
112010
112011
112012
112013
112014
112016
112017
112019
112020
112023
112024
112025
112027
112028
112030
112034
112036
112037
112038
112039
112040
112042
112046
112047
112048
112049
112050
112051
112052
112053
112058
112060
112061
112062
112063
112064
112065
112066
112068
112069
112071
112073
112075
112077
112079
112081
112083
112085
112089
112244
112245
112248
112249
112250
112251
112252
112253
112254
112255
112256
112257
112258
112259
112260
112261
112262
112263
112264
112265
112267
112268
112270
112271
112272
112274
112276
112277
112278
112279
112280
112281
112282
112283
112285
112286
112288
112289
112292
112293
112294
112296
112297
112299
112303
112305
112306
112307
112308
112309
112311
112315
112316
112317
112318
112319
112320
112321
112322
112327
112329
112330
112331
112332
112333
112334
112335
112337
112338
112340
112342
112344
112346
112348
112350
112352
112354
112358
112513
112514
112517
112518
112519
112520
112521
112522
112523
112524
112525
112526
112527
112528
112529
112530
112531
112532
112533
112534
112536
112537
112539
112540
112541
112543
112545
112546
112547
112548
112549
112550
112551
112552
112554
112555
112557
112558
112561
112562
112563
112565
112566
112568
112572
112574
112575
112576
112577
112578
112580
112584
112585
112586
112587
112588
112589
112590
112591
112596
112598
112599
112600
112601
112602
112604
112609
112611
112613
112615
112617
112623
112627
112782
112783
112788
112789
112793
112796
112797
112798
112799
112800
112801
112802
112803
112805
112806
112808
112809
112810
112812
112814
112816
112819
112820
112821
112823
112824
112826
112827
112830
112834
112835
112837
112841
112845
112846
112847
112849
112853
112854
112857
112858
112865
112868
112878
112880
112892
113065
113068
113069
113074
113075
113079
120664
120665
120666
120667
120677
120678
120679
120680
120690
120691
120692
120693
120703
120704
120705
120706
120716
120717
120718
120719
120729
120730
120731
120732
120742
120743
120744
120745
120755
120756
120757
120758
120768
120769
120770
120771
120781
120782
120783
120784
120791
120792
120793
120794
120801
120802
120803
120804
120811
120812
120813
120814
120822
120823
120829
120830
120831
120832
120833
120834
120835
120836
120837
120838
120839
120840
120841
120842
120843
120844
120845
120846
120847
120848
120849
120850
120851
120852
120853
120854
120855
120856
120857
120858
120859
120860
120861
120862
120863
120864
120865
120866
120867
120868
120869
120870
120871
120872
120873
120874
120875
120876
120877
120878
120879
120880
120881
120882
120883
120884
120885
120886
120887
120888
120889
120890
120891
120892
120893
120894
120895
120896
120897
120898
120899
120900
120901
120902
120903
120904
120905
120906
120907
120908
120909
120910
120911
120912
120913
120914
120915
120916
120917
120918
120919
120920
120921
120922
120923
120924
120925
120926
120927
120928
120929
120930
120931
120932
120933
120934
120935
120936
120937
120938
120939
120940
120941
120942
120943
120944
120945
120946
120947
120948
120949
120950
120951
120952
120953
120954
120955
120956
120957
120958
120959
120960
120961
120962
120963
120964
120965
120966
120967
120968
120969
120970
120971
120972
120973
120974
120975
120976
120977
120978
120979
120980
120981
120982
120983
120984
120985
120986
120987
120988
120989
120990
120991
120992
120993
120994
120995
120996
120997
120998
120999
121000
121001
121002
121003
121004
121005
121006
121007
121008
121009
121010
121011
121012
121013
121014
121015
121016
121017
121018
121019
121020
121021
121022
121023
121024
121025
121026
121027
121028
121029
121030
121031
121032
121033
121034
121035
121036
121037
121038
121039
121040
121041
121042
121043
121044
121045
121046
121047
121048
121049
121050
121051
121052
121053
121054
121055
121056
121057
121058
121059
121060
121061
121062
121063
121064
121065
121066
121067
121068
121069
121070
121071
121072
121073
121074
121075
121076
121077
121078
121079
121080
121081
121082
121083
121084
121085
121086
121087
121088
121089
121090
121091
121092
121093
121094
121122
121123
121124
121125
121126
121127
121128
121129
121130
121131
121132
121133
121134
121135
121136
121137
121138
121139
121140
121141
121142
121143
121371
121377
121378
121379
121380
121383
121384
121385
121386
121387
121388
121391
121392
121395
121396
121398
121399
121400
121404
121405
121411
121412
121413
121414
121415
121416
121417
121418
121419
121420
121421
121422
121423
121424
121425
121426
121427
121428
121429
121430
121431
121461
121462
121524
121526
121528
121529
121530
121531
121533
121535
121539
121554
121556
121557
121558
121559
121560
121561
121562
121563
121564
121565
121566
121567
121568
121569
121570
121571
121572
121573
121574
121575
121576
121577
121578
121579
121580
121582
121584
121594
121595
121596
121597
121598
121599
121600
121601
121602
121603
121604
121605
121606
121607
121608
121609
121610
121611
121612
121613
121623
121624
121625
121626
121627
121628
121629
121630
121632
121633
121642
121643
121644
121645
121646
121647
121648
121649
121650
121651
121657
121659
121660
121661
121662
121663
121664
121665
121666
121667
121668
121679
121680
121681
121682
121683
121684
121685
121686
121687
121688
121689
121707
121711
121712
121713
121714
121715
121716
121717
121718
121719
121720
121721
121722
121723
121724
121725
121726
121727
121728
121729
121730
121731
121732
121733
121734
121735
121736
121780
121781
121782
121783
121784
121785
121786
121787
122000
122002
122004
122005
122006
122007
122009
122011
122015
122030
122032
122033
122034
122035
122036
122037
122038
122039
122040
122041
122042
122043
122044
122045
122046
122047
122048
122049
122050
122051
122052
122053
122054
122055
122056
122058
122060
122070
122071
122072
122073
122074
122075
122076
122077
122078
122079
122080
122081
122082
122083
122084
122085
122086
122087
122088
122089
122099
122100
122101
122102
122103
122104
122105
122106
122108
122109
122118
122119
122120
122121
122122
122123
122124
122125
122126
122127
122133
122135
122136
122137
122138
122139
122140
122141
122142
122143
122144
122155
122156
122157
122158
122159
122160
122161
122162
122163
122164
122165
122183
122187
122188
122189
122190
122191
122192
122193
122194
122195
122196
122197
122198
122199
122200
122201
122202
122203
122204
122205
122206
122207
122208
122209
122210
122211
122212
122256
122257
122258
122259
122260
122261
122262
122263
122476
122478
122480
122481
122482
122483
122485
122487
122491
122506
122508
122509
122510
122511
122512
122513
122514
122515
122516
122517
122518
122519
122520
122521
122522
122523
122524
122525
122526
122527
122528
122529
122530
122531
122532
122534
122536
122546
122547
122548
122549
122550
122551
122552
122553
122554
122555
122556
122557
122558
122559
122560
122561
122562
122563
122564
122565
122575
122576
122577
122578
122579
122580
122581
122582
122584
122585
122594
122595
122596
122597
122598
122599
122600
122601
122602
122603
122609
122611
122612
122613
122614
122615
122616
122617
122618
122619
122620
122631
122632
122633
122634
122635
122636
122637
122638
122639
122640
122641
122663
122664
122665
122666
122667
122668
122669
122670
122671
122672
122673
122717
122718
122719
122720
122721
122722
122723
122724
122937
122939
122941
122942
122943
122944
122946
122948
122952
122967
122969
122970
122971
122972
122973
122974
122975
122976
122977
122978
122979
122980
122981
122982
122983
122984
122985
122986
122987
122988
122989
122990
122991
122992
122993
122995
122997
123007
123008
123009
123010
123011
123012
123013
123014
123015
123016
123017
123018
123019
123020
123021
123022
123023
123024
123025
123026
123036
123037
123038
123039
123040
123041
123042
123043
123045
123046
123055
123056
123057
123058
123059
123060
123061
123062
123063
123064
123070
123072
123073
123074
123075
123076
123077
123078
123079
123080
123081
123092
123093
123094
123095
123096
123097
123098
123099
123100
123101
123102
123124
123125
123126
123127
123128
123129
123148
123150
123151
123152
123153
123155
123368
123370
123372
123373
123374
123375
123377
123379
123383
123398
123400
123401
123402
123403
123404
123405
123406
123407
123408
123409
123410
123411
123412
123413
123414
123415
123416
123417
123418
123419
123420
123421
123422
123423
123424
123426
123428
123438
123439
123440
123441
123442
123443
123444
123445
123446
123447
123448
123449
123450
123451
123452
123453
123454
123455
123456
123457
123467
123468
123469
123470
123471
123472
123473
123474
123476
123477
123486
123487
123488
123489
123490
123491
123492
123493
123494
123495
123501
123503
123504
123505
123506
123507
123508
123509
123510
123511
123512
123523
123524
123525
123526
123527
123528
123529
123530
123531
123532
123533
123555
123556
123557
123558
123559
123560
123579
123581
123799
123801
123803
123804
123805
123806
123808
123810
123814
123829
123831
123832
123833
123834
123835
123836
123837
123838
123839
123840
123841
123842
123843
123844
123845
123846
123847
123848
123849
123850
123851
123852
123853
123854
123855
123857
123859
123869
123870
123871
123872
123873
123874
123875
123876
123877
123878
123879
123880
123881
123882
123883
123884
123885
123886
123887
123888
123898
123899
123900
123901
123902
123903
123904
123905
123907
123908
123917
123918
123919
123920
123921
123922
123923
123924
123925
123926
123932
123934
123935
123936
123937
123938
123939
123940
123941
123942
123943
123954
123955
123956
123957
123958
123959
123960
123961
123962
123963
123964
123986
123987
123988
123989
123990
123991
124010
124012
124230
124232
124234
124235
124236
124237
124239
124241
124245
124260
124262
124263
124264
124265
124266
124267
124268
124269
124270
124271
124272
124273
124274
124275
124276
124277
124278
124279
124280
124281
124282
124283
124284
124285
124286
124288
124290
124300
124301
124302
124303
124304
124305
124306
124307
124308
124309
124310
124311
124312
124313
124314
124315
124316
124317
124318
124319
124329
124330
124331
124332
124333
124334
124335
124336
124338
124339
124348
124349
124350
124351
124352
124353
124354
124355
124356
124357
124363
124365
124366
124367
124368
124369
124370
124371
124372
124373
124374
124385
124386
124387
124388
124389
124390
124391
124392
124393
124394
124395
124413
124414
124415
124416
124417
124418
124419
124420
124421
124422
124441
124661
124663
124665
124666
124667
124668
124670
124672
124676
124691
124693
124694
124695
124696
124697
124698
124699
124700
124701
124702
124703
124704
124705
124706
124707
124708
124709
124710
124711
124712
124713
124714
124715
124716
124717
124719
124721
124731
124732
124733
124734
124735
124736
124737
124738
124739
124740
124741
124742
124743
124744
124745
124746
124747
124748
124749
124750
124760
124761
124762
124763
124764
124765
124766
124767
124769
124770
124779
124780
124781
124782
124783
124784
124785
124786
124787
124788
124794
124796
124797
124798
124799
124800
124801
124802
124803
124804
124805
124816
124817
124818
124819
124820
124821
124822
124823
124824
124825
124826
124843
124844
124845
124846
124847
124849
124850
124851
124853
125092
125094
125096
125097
125098
125099
125101
125103
125107
125122
125124
125125
125126
125127
125128
125129
125130
125131
125132
125133
125134
125135
125136
125137
125138
125139
125140
125141
125142
125143
125144
125145
125146
125147
125148
125150
125152
125162
125163
125164
125165
125166
125167
125168
125169
125170
125171
125172
125173
125174
125175
125176
125177
125178
125179
125180
125181
125191
125192
125193
125194
125195
125196
125197
125198
125200
125201
125210
125211
125212
125213
125214
125215
125216
125217
125218
125219
125225
125227
125228
125229
125230
125231
125232
125233
125234
125235
125236
125247
125248
125249
125250
125251
125252
125253
125254
125255
125256
125257
125274
125275
125276
125277
125278
125280
125281
125282
125284
125523
125525
125527
125528
125529
125530
125532
125534
125538
125553
125555
125556
125557
125558
125559
125560
125561
125562
125563
125564
125565
125566
125567
125568
125569
125570
125571
125572
125573
125574
125575
125576
125577
125578
125579
125581
125583
125593
125594
125595
125596
125597
125598
125599
125600
125601
125602
125603
125604
125605
125606
125607
125608
125609
125610
125611
125612
125622
125623
125624
125625
125626
125627
125628
125629
125631
125632
125641
125642
125643
125644
125645
125646
125647
125648
125649
125650
125656
125658
125659
125660
125661
125662
125663
125664
125665
125667
125678
125679
125680
125681
125682
125683
125705
125706
125707
125708
125709
125956
125959
125960
125963
125965
125969
125997
125998
125999
126000
126001
126002
126003
126004
126005
126006
126007
126008
126009
126010
126012
126014
126032
126033
126034
126035
126036
126037
126038
126040
126041
126042
126059
126060
126062
126078
126079
126080
138221
138222
138223
138224
138225
138226
138227
138228
138229
138230
138231
138232
138233
138234
138235
138236
138237
138238
138239
138240
138241
138242
138243
138244
138245
138268
138269
138270
138271
138272
138274
138276
138280
138281
138282
138283
138284
138285
138286
138287
138288
138290
138294
138295
138296
138298
138302
138303
138304
138306
138308
138310
138311
138314
138315
138316
138318
138322
138323
138324
138329
138330
138335
138336
138596
138597
138598
138599
138600
138601
138602
138603
138604
138605
138607
138608
138609
138610
138611
138613
138614
138615
138616
138619
138620
138621
138622
138623
138624
138625
138628
138629
138632
138634
138635
138636
138751
138753
138755
138757
138759
138760
138761
138762
138763
138764
138765
138766
138767
138768
138769
138770
138771
138772
138773
138774
138775
138776
138777
138778
138779
138780
138781
138782
138784
138785
138786
138787
138788
138789
138790
138798
138799
138800
138801
138829
138831
138832
138833
138834
138835
138845
138847
138848
138849
138850
138851
138859
138861
138862
138863
138864
138865
138873
138874
138876
138877
138878
138879
138880
138881
138882
138883
138884
138885
138886
138887
138888
138889
138890
138891
138892
138894
138895
139018
139019
139020
139021
139022
139023
139024
139025
139026
139028
139029
139030
139031
139032
139033
139034
139035
139036
139038
139040
139042
139043
139063
139064
139065
139066
139068
139070
139072
139073
139074
139075
139077
139079
139081
139082
139083
139084
139086
139088
139090
139091
139092
139093
139094
139095
139096
139097
139098
139099
139100
139101
139102
139103
139109
139110
139154
139156
139158
139159
139160
139161
139170
139171
139193
139194
139199
139200
139202
139204
139206
139207
139209
139211
139212
139214
139216
139217
139219
139221
139223
139224
139225
139227
139228
139229
139230
139231
139233
139234
139235
139236
139237
139238
139239
139240
139241
139242
139243
139258
139259
139260
139264
139266
139268
139275
139277
139278
139279
139280
139281
139282
139292
139294
139296
139298
139300
139303
139306
139307
139308
139310
139311
139312
139313
139314
139315
139316
139317
139318
139319
139320
139321
139322
139323
139324
139325
139326
139327
139328
139329
139330
139331
139332
139333
139334
139335
139336
139337
139338
139339
139340
139341
139342
139343
139344
139345
139346
139347
139348
139349
139350
139351
139352
139353
139354
139355
139356
139357
139358
139359
139360
139361
139362
139363
139364
139365
139366
139367
139368
139369
139370
139371
139372
139373
139374
139375
139376
139377
139378
139379
139380
139381
139382
139383
139384
139385
139386
139387
139388
139389
139390
139391
139392
139393
139394
139395
139396
139397
139398
139399
139400
139401
139402
139403
139404
139405
139406
139407
139408
139409
139410
139411
139412
139413
139414
139415
139416
139417
139418
139419
139420
139421
139422
139423
139424
139425
139426
139427
139428
139429
139430
139431
139432
139433
139434
139435
139436
139437
139438
139439
139440
139441
139442
139443
139444
139445
139446
139447
139448
139449
139450
139451
139452
139453
139454
139455
139456
139457
139458
139459
139460
139461
139462
139463
139464
139465
139466
139467
139468
139469
139470
139471
139472
139473
139474
139475
139476
139477
139478
139479
139480
139481
139482
139483
139484
139485
139486
139487
139488
139489
139490
139491
139492
139493
139494
139495
139496
139497
139498
139499
139500
139501
139502
139503
139504
139505
139506
139507
139508
139509
139510
139511
139512
139513
139514
139515
139516
139517
139518
139519
139520
139521
139522
139523
139524
139525
139526
139527
139528
139529
139530
139531
139532
139533
139534
139535
139536
139537
139538
139539
139540
139541
139542
139543
139544
139545
139546
139547
139548
139549
139550
139551
139552
139553
139554
139555
139556
139557
139558
139559
139560
139561
139562
139563
139564
139565
139567
139568
139569
139570
139571
139572
139573
139574
139575
139577
139578
139579
139581
139582
139583
139584
139585
139586
139587
139588
139589
139590
139591
139592
139593
139594
139595
139596
139597
139598
139599
139600
139601
139602
139603
139604
139605
139606
139607
139608
139647
139648
139649
139651
139652
139653
139654
139656
139657
139658
139659
139661
139662
139663
139665
139892
139893
139894
139895
139896
139897
139898
139899
139900
139901
139902
139903
139904
139905
139906
139907
139908
139909
139910
139911
139912
139914
139915
139916
139917
139923
139924
139925
139926
139927
139928
139929
139930
139931
139932
139934
139935
139936
139942
139943
139944
139945
139946
139947
139948
139949
139955
139957
139958
139959
139960
139961
139962
139964
139966
139970
139971
139972
139973
139974
139975
139976
139977
139978
139986
139987
139988
139989
139990
139991
139992
139994
140000
140002
140003
140005
140006
140012
140013
140014
140016
140017
140018
140019
140020
140021
140022
140023
140025
140026
140028
140029
140055
140056
140059
140209
140211
140212
140213
140214
140215
140216
140217
140218
140219
140220
140221
140222
140223
140224
140225
140226
140227
140228
140229
140230
140231
140232
140233
140234
140235
140236
140238
140239
140240
140241
140248
140249
140250
140251
140252
140253
140254
140255
140256
140257
140258
140259
140260
140262
140263
140264
140271
140272
140273
140274
140275
140276
140277
140278
140279
140280
140288
140290
140291
140292
140293
140294
140295
140296
140297
140299
140301
140306
140307
140308
140309
140310
140311
140312
140313
140314
140315
140316
140326
140327
140328
140329
140330
140331
140332
140333
140334
140337
140344
140346
140347
140348
140350
140351
140358
140359
140360
140362
140363
140364
140365
140366
140367
140368
140369
140371
140372
140373
140375
140376
140402
140403
140404
140407
140590
140592
140593
140594
140595
140596
140597
140598
140599
140600
140601
140602
140603
140604
140605
140606
140607
140608
140609
140610
140611
140612
140613
140614
140615
140616
140617
140619
140620
140621
140622
140629
140630
140631
140632
140633
140634
140635
140636
140637
140638
140639
140640
140641
140643
140644
140645
140652
140653
140654
140655
140656
140657
140658
140659
140660
140661
140669
140671
140672
140673
140674
140675
140676
140677
140678
140680
140682
140687
140688
140689
140690
140691
140692
140693
140694
140695
140696
140697
140707
140708
140709
140710
140711
140712
140713
140714
140715
140718
140725
140727
140728
140729
140731
140732
140739
140740
140741
140743
140744
140745
140746
140747
140748
140750
140751
140752
140754
140755
140776
140777
140778
140781
140964
140966
140967
140968
140969
140970
140971
140972
140973
140974
140975
140976
140977
140978
140979
140980
140981
140982
140983
140984
140985
140986
140987
140988
140989
140990
140991
140993
140994
140995
140996
141003
141004
141005
141006
141007
141008
141009
141010
141011
141012
141013
141014
141015
141017
141018
141019
141026
141027
141028
141029
141030
141031
141032
141033
141034
141035
141043
141045
141046
141047
141048
141049
141050
141051
141052
141054
141056
141061
141062
141063
141064
141065
141066
141067
141068
141069
141070
141071
141081
141082
141083
141084
141085
141086
141087
141088
141089
141092
141099
141101
141102
141103
141105
141106
141113
141114
141115
141116
141117
141118
141119
141120
141121
141122
141123
141124
141125
141126
141127
141128
141129
141130
141131
141133
141134
141144
141145
141146
141332
141334
141335
141336
141337
141338
141339
141340
141341
141342
141343
141344
141345
141346
141347
141348
141349
141350
141351
141352
141353
141354
141355
141356
141357
141358
141359
141361
141362
141363
141364
141371
141372
141373
141374
141375
141376
141377
141378
141379
141380
141381
141382
141383
141385
141386
141387
141394
141395
141396
141397
141398
141399
141400
141401
141402
141403
141411
141413
141414
141415
141416
141417
141418
141419
141420
141422
141424
141429
141430
141431
141432
141433
141434
141435
141436
141437
141438
141439
141449
141450
141451
141452
141453
141454
141455
141456
141457
141460
141467
141469
141470
141471
141473
141474
141481
141482
141483
141485
141486
141679
141681
141682
141683
141684
141685
141686
141687
141688
141689
141690
141691
141692
141693
141694
141695
141696
141697
141698
141699
141700
141701
141702
141703
141704
141705
141706
141708
141709
141710
141711
141718
141719
141720
141721
141722
141723
141724
141725
141726
141727
141728
141729
141730
141732
141733
141734
141741
141742
141743
141744
141745
141746
141747
141748
141749
141750
141758
141760
141761
141762
141763
141764
141765
141766
141767
141769
141771
141776
141777
141778
141779
141780
141781
141782
141783
141784
141785
141786
141796
141797
141798
141799
141800
141801
141802
141803
141804
141807
141814
141816
141817
141818
141820
141821
141828
141829
141830
141833
142026
142028
142029
142030
142031
142032
142033
142034
142035
142036
142037
142038
142039
142040
142041
142042
142043
142044
142045
142046
142047
142048
142049
142050
142051
142052
142053
142055
142056
142057
142058
142065
142066
142067
142068
142069
142070
142071
142072
142073
142074
142075
142076
142077
142079
142080
142081
142088
142089
142090
142091
142092
142093
142094
142095
142096
142097
142105
142107
142108
142109
142110
142111
142112
142113
142114
142116
142118
142123
142124
142125
142126
142127
142128
142129
142130
142131
142132
142133
142143
142144
142145
142146
142147
142148
142149
142150
142151
142154
142161
142163
142164
142165
142167
142168
142175
142176
142177
142180
142373
142375
142376
142377
142378
142379
142380
142381
142382
142383
142384
142385
142386
142387
142388
142389
142390
142391
142392
142393
142394
142395
142396
142397
142398
142399
142400
142402
142403
142404
142405
142412
142413
142414
142415
142416
142417
142418
142419
142420
142421
142422
142423
142424
142426
142427
142428
142435
142436
142437
142438
142439
142440
142441
142442
142443
142444
142452
142454
142455
142456
142457
142458
142459
142460
142461
142463
142465
142470
142471
142472
142473
142474
142475
142476
142477
142478
142479
142480
142490
142491
142492
142493
142494
142495
142496
142497
142498
142501
142508
142510
142511
142512
142514
142515
142516
142517
142519
142521
142720
142722
142723
142724
142725
142726
142727
142728
142729
142730
142731
142732
142733
142734
142735
142736
142737
142738
142739
142740
142741
142742
142743
142744
142745
142746
142747
142749
142750
142751
142752
142759
142760
142761
142762
142763
142764
142765
142766
142767
142768
142769
142770
142771
142773
142774
142775
142782
142783
142784
142785
142786
142787
142788
142789
142790
142791
142799
142801
142802
142803
142804
142805
142806
142807
142808
142810
142812
142817
142818
142819
142820
142821
142822
142823
142824
142825
142826
142827
142837
142838
142839
142840
142841
142842
142843
142844
142845
142848
142855
142857
142858
142859
142861
142862
142863
142864
142866
142868
143067
143069
143070
143071
143072
143073
143074
143075
143076
143077
143078
143079
143080
143081
143082
143083
143084
143085
143086
143087
143088
143089
143090
143091
143092
143093
143094
143096
143097
143098
143099
143106
143107
143108
143109
143110
143111
143112
143113
143114
143115
143116
143117
143118
143120
143121
143122
143129
143130
143131
143132
143133
143134
143135
143136
143137
143138
143146
143148
143149
143150
143151
143152
143153
143154
143155
143157
143159
143164
143165
143166
143167
143168
143169
143170
143171
143172
143173
143174
143184
143185
143186
143187
143188
143189
143190
143191
143195
143202
143204
143205
143206
143208
143210
143211
143213
143215
143414
143416
143417
143419
143420
143421
143422
143423
143425
143426
143427
143428
143430
143431
143432
143433
143434
143435
143436
143437
143438
143439
143440
143441
143443
143444
143445
143446
143453
143454
143455
143456
143457
143458
143460
143461
143462
143463
143464
143465
143467
143468
143469
143476
143477
143478
143479
143480
143482
143483
143484
143485
143493
143495
143496
143497
143499
143500
143501
143502
143504
143506
143511
143512
143513
143514
143515
143517
143518
143519
143520
143531
143532
143533
143534
143549
143557
143558
143560
143777
143778
143780
143782
143783
143784
143785
143786
143788
143790
143791
143792
143807
143808
143809
153067
153068
153069
153070
153080
153081
153082
153083
153093
153094
153095
153096
153106
153107
153108
153109
153119
153120
153121
153122
153132
153133
153134
153135
153145
153146
153147
153148
153158
153159
153160
153161
153171
153172
153173
153181
153182
153183
153184
153192
153193
153194
153195
153198
153199
153200
153201
153204
153205
153206
153207
153215
153216
153226
153227
153228
153229
153230
153231
153232
153233
153234
153235
153236
153237
153238
153239
153240
153241
153242
153243
153244
153245
153246
153247
153248
153249
153250
153251
153252
153253
153254
153255
153256
153257
153258
153259
153260
153261
153262
153263
153264
153265
153266
153267
153268
153269
153270
153271
153272
153273
153274
153275
153276
153277
153278
153279
153280
153281
153282
153283
153284
153285
153286
153287
153288
153289
153290
153291
153292
153293
153294
153295
153296
153297
153298
153299
153300
153301
153302
153303
153304
153305
153306
153307
153308
153309
153310
153311
153312
153313
153314
153315
153316
153317
153318
153319
153320
153321
153322
153323
153324
153325
153326
153327
153328
153329
153330
153331
153332
153333
153334
153335
153336
153337
153338
153339
153340
153341
153342
153343
153344
153345
153346
153347
153348
153349
153350
153351
153352
153353
153354
153355
153356
153357
153358
153359
153360
153361
153362
153363
153364
153365
153366
153367
153368
153369
153370
153371
153372
153373
153374
153375
153376
153377
153378
153379
153380
153381
153382
153383
153384
153385
153386
153387
153388
153389
153390
153391
153392
153393
153394
153395
153396
153397
153398
153399
153400
153401
153402
153403
153404
153405
153406
153407
153408
153409
153410
153411
153412
153413
153414
153415
153416
153417
153418
153419
153420
153421
153422
153423
153424
153425
153426
153427
153428
153429
153430
153431
153432
153433
153434
153435
153436
153437
153438
153439
153440
153441
153442
153443
153444
153445
153446
153447
153448
153449
153450
153451
153452
153453
153454
153455
153456
153457
153458
153459
153460
153461
153462
153463
153464
153465
153466
153467
153468
153469
153470
153471
153472
153473
153474
153475
153476
153477
153478
153479
153480
153481
153482
153483
153484
153485
153486
153487
153488
153489
153490
153491
153492
153493
153494
153495
153496
153497
153498
153499
153500
153501
153502
153503
153504
153505
153506
153507
153508
153509
153510
153511
153512
153513
153514
153515
153516
153517
153518
153519
153520
153521
153522
153523
153524
153525
153526
153527
153528
153529
153530
153531
153532
153533
153534
153535
153536
153537
153538
153539
153540
153541
153542
153543
153544
153545
153546
153547
153548
153549
153550
153551
153552
153553
153554
153555
153556
153557
153558
153559
153560
153561
153562
153563
153564
153565
153566
153567
153568
153569
153570
153571
153572
153573
153574
153575
153576
153577
153578
153579
153580
153581
153582
153583
153584
153585
153586
153587
153588
153589
153590
153591
153592
153593
153594
153595
153596
153597
153598
153599
153600
153601
153602
153603
153604
153605
153606
153607
153608
153609
153610
153611
153612
153613
153614
153615
153616
153617
153618
153619
153620
153621
153622
153623
153624
153625
153626
153627
153628
153629
153630
153631
153632
153633
153634
153635
153636
153637
153638
153639
153640
153641
153642
153643
153644
153645
153646
153647
153648
153649
153650
153651
153652
153653
153654
153655
153656
153657
153658
153659
153660
153661
153662
153663
153664
153665
153666
153667
153668
153669
153670
153671
153672
153673
153674
153675
153676
153677
153678
153679
153680
153681
153682
153683
153684
153685
153686
153687
153688
153689
153690
153691
153692
153693
153694
153695
153696
153697
153698
153699
153700
153701
153702
153703
153704
153705
153706
153707
153708
153709
153710
153711
153712
153713
153714
153715
153716
153717
153718
153719
153720
153721
153722
153723
153724
153725
153726
153727
153728
153729
153730
153731
153732
153733
153734
153735
153736
153737
153738
153739
153740
153741
153742
153743
153744
153745
153746
153747
153748
153749
153750
153751
153752
153753
153754
153755
153803
153804
153813
153814
153815
153816
153818
153819
153820
153821
153822
153823
153824
153825
153826
153827
153828
153829
153830
153831
153832
153833
153834
153835
153836
153837
153838
153839
153840
153841
153842
153843
153844
153845
153846
153847
153848
153849
153850
153851
153852
154277
154279
154280
154281
154283
154285
154288
154293
154294
154295
154296
154297
154298
154299
154300
154301
154302
154303
154304
154305
154306
154307
154309
154311
154316
154317
154318
154319
154320
154321
154322
154323
154328
154329
154330
154331
154332
154334
154338
154339
154340
154341
154342
154347
154348
154349
154350
154351
154354
154355
154356
154357
154358
154359
154360
154367
154370
154371
154372
154373
154374
154375
154376
154377
154378
154379
154380
154381
154382
154383
154384
154385
154386
154387
154388
154389
154390
154391
154392
154393
154394
154395
154396
154397
154398
154399
154400
154401
154402
154403
154404
154405
154465
154466
154467
154590
154592
154593
154594
154595
154598
154600
154601
154602
154603
154604
154605
154608
154609
154611
154612
154613
154614
154615
154616
154618
154619
154620
154623
154625
154626
154627
154628
154630
154632
154636
154637
154638
154639
154642
154643
154656
154658
154659
154660
154661
154662
154663
154666
154667
154668
154669
154670
154671
154672
154673
154674
154675
154676
154677
154678
154679
154680
154681
154682
154683
154684
154685
154686
154687
154688
154689
154690
154691
154692
154693
154694
154695
154696
154697
154698
154699
154700
154701
154705
154706
154707
154708
154710
154712
154724
154725
154726
154727
154728
154729
154730
154731
154734
154735
154736
154737
154738
154739
154740
154741
154742
154746
154747
154748
154749
154750
154762
154763
154764
154765
154766
154767
154768
154769
154772
154773
154774
154775
154776
154777
154778
154779
154784
154785
154786
154787
154788
154790
154794
154795
154796
154799
154804
154805
154806
154807
154808
154809
154810
154811
154812
154813
154814
154815
154819
154828
154829
154830
154831
154832
154833
154834
154836
154837
154838
154839
154840
154841
154846
154847
154848
154849
154850
154851
154852
154865
154866
154867
154868
154869
154870
154871
154872
154873
154874
154876
154877
154878
154879
154880
154881
154882
154901
154904
154905
154906
154907
154908
154909
154910
154911
154912
154913
154914
154915
154916
154917
154918
154919
154920
154921
154922
154923
154924
154925
154926
154927
154928
154929
154930
154931
154932
154933
154934
154935
154936
154937
154938
154939
154940
154941
154942
154943
154944
154945
154946
155019
155020
155021
155022
155023
155024
155025
155026
155027
155028
155369
155371
155372
155373
155374
155377
155379
155380
155381
155382
155383
155384
155387
155388
155390
155391
155392
155393
155394
155395
155397
155398
155399
155402
155404
155405
155406
155407
155409
155411
155415
155416
155417
155418
155421
155422
155435
155437
155438
155439
155440
155441
155442
155445
155446
155447
155448
155449
155450
155451
155452
155453
155454
155455
155456
155457
155458
155459
155460
155461
155462
155463
155464
155465
155466
155467
155468
155469
155470
155471
155472
155473
155474
155475
155476
155477
155478
155479
155480
155484
155485
155486
155487
155489
155491
155503
155504
155505
155506
155507
155508
155509
155510
155513
155514
155515
155516
155517
155518
155519
155520
155521
155525
155526
155527
155528
155529
155541
155542
155543
155544
155545
155546
155547
155548
155551
155552
155553
155554
155555
155556
155557
155558
155563
155564
155565
155566
155567
155569
155573
155574
155575
155578
155583
155584
155585
155586
155587
155588
155589
155590
155591
155592
155593
155594
155598
155607
155608
155609
155610
155611
155612
155613
155615
155616
155617
155618
155619
155620
155625
155626
155627
155628
155629
155630
155631
155644
155645
155646
155647
155648
155649
155650
155651
155652
155653
155655
155656
155657
155658
155659
155660
155661
155680
155683
155684
155685
155686
155687
155688
155689
155690
155691
155692
155693
155694
155695
155696
155697
155698
155699
155700
155701
155702
155703
155704
155705
155706
155707
155708
155709
155710
155711
155712
155713
155714
155715
155716
155717
155718
155719
155720
155721
155722
155723
155724
155725
155798
155799
155800
155801
155802
155803
155804
155805
155806
155807
156148
156150
156151
156152
156153
156156
156158
156159
156160
156161
156162
156163
156166
156167
156169
156170
156171
156172
156173
156174
156176
156177
156178
156181
156183
156184
156185
156186
156188
156190
156194
156195
156196
156197
156200
156201
156214
156216
156217
156218
156219
156220
156221
156224
156225
156226
156227
156228
156229
156230
156231
156232
156233
156234
156235
156236
156237
156238
156239
156240
156241
156242
156243
156244
156245
156246
156247
156248
156249
156250
156251
156252
156253
156254
156255
156256
156257
156258
156259
156263
156264
156265
156266
156268
156270
156282
156283
156284
156285
156286
156287
156288
156289
156292
156293
156294
156295
156296
156297
156298
156299
156300
156304
156305
156306
156307
156308
156320
156321
156322
156323
156324
156325
156326
156327
156330
156331
156332
156333
156334
156335
156336
156337
156342
156343
156344
156345
156346
156348
156352
156353
156354
156357
156362
156363
156364
156365
156366
156367
156368
156369
156370
156371
156372
156373
156377
156386
156387
156388
156389
156390
156391
156392
156394
156395
156396
156397
156398
156399
156404
156405
156406
156407
156408
156409
156410
156423
156424
156425
156426
156427
156428
156429
156430
156431
156432
156434
156435
156436
156437
156438
156439
156440
156462
156463
156464
156465
156466
156467
156468
156469
156470
156471
156472
156473
156474
156475
156476
156477
156478
156479
156480
156481
156482
156483
156484
156485
156486
156555
156556
156557
156558
156559
156560
156561
156562
156563
156564
156905
156907
156908
156909
156910
156913
156915
156916
156917
156918
156919
156920
156923
156924
156926
156927
156928
156929
156930
156931
156933
156934
156935
156938
156940
156941
156942
156943
156945
156947
156951
156952
156953
156954
156957
156958
156971
156973
156974
156975
156976
156977
156978
156981
156982
156983
156984
156985
156986
156987
156988
156989
156990
156991
156992
156993
156994
156995
156996
156997
156998
156999
157000
157001
157002
157003
157004
157005
157006
157007
157008
157009
157010
157011
157012
157013
157014
157015
157016
157020
157021
157022
157023
157025
157027
157039
157040
157041
157042
157043
157044
157045
157046
157049
157050
157051
157052
157053
157054
157055
157056
157057
157061
157062
157063
157064
157065
157077
157078
157079
157080
157081
157082
157083
157084
157087
157088
157089
157090
157091
157092
157093
157094
157099
157100
157101
157102
157103
157105
157109
157110
157111
157114
157119
157120
157121
157122
157123
157124
157125
157126
157127
157128
157129
157130
157134
157143
157144
157145
157146
157147
157148
157149
157151
157152
157153
157154
157155
157156
157161
157162
157163
157164
157165
157166
157167
157180
157181
157182
157183
157184
157185
157186
157187
157188
157189
157191
157192
157193
157194
157195
157196
157197
157219
157220
157221
157222
157223
157224
157225
157226
157227
157228
157251
157252
157254
157258
157259
157601
157603
157604
157605
157606
157609
157611
157612
157613
157614
157615
157616
157619
157620
157622
157623
157624
157625
157626
157627
157629
157630
157631
157634
157636
157637
157638
157639
157641
157643
157647
157648
157649
157650
157653
157654
157667
157669
157670
157671
157672
157673
157674
157677
157678
157679
157680
157681
157682
157683
157684
157685
157686
157687
157688
157689
157690
157691
157692
157693
157694
157695
157696
157697
157698
157699
157700
157701
157702
157703
157704
157705
157706
157707
157708
157709
157710
157711
157712
157716
157717
157718
157719
157721
157723
157735
157736
157737
157738
157739
157740
157741
157742
157745
157746
157747
157748
157749
157750
157751
157752
157753
157757
157758
157759
157760
157761
157773
157774
157775
157776
157777
157778
157779
157780
157783
157784
157785
157786
157787
157788
157789
157790
157795
157796
157797
157798
157799
157801
157805
157806
157807
157810
157815
157816
157817
157818
157819
157820
157821
157822
157823
157824
157825
157826
157830
157839
157840
157841
157842
157843
157844
157845
157847
157848
157849
157850
157851
157852
157857
157858
157859
157860
157861
157862
157863
157876
157877
157878
157879
157880
157881
157882
157883
157884
157885
157887
157888
157889
157890
157891
157892
157893
157915
157916
157917
157918
157919
157920
157921
157922
157923
157924
158297
158299
158300
158301
158302
158305
158307
158308
158309
158310
158311
158312
158315
158316
158318
158319
158320
158321
158322
158323
158325
158326
158327
158330
158332
158333
158334
158335
158337
158339
158343
158344
158345
158346
158349
158350
158363
158365
158366
158367
158368
158369
158370
158373
158374
158375
158376
158377
158378
158379
158380
158381
158382
158383
158384
158385
158386
158387
158388
158389
158390
158391
158392
158393
158394
158395
158396
158397
158398
158399
158400
158401
158402
158403
158404
158405
158406
158407
158408
158412
158413
158414
158415
158417
158419
158431
158432
158433
158434
158435
158436
158437
158438
158441
158442
158443
158444
158445
158446
158447
158448
158449
158453
158454
158455
158456
158457
158469
158470
158471
158472
158473
158474
158475
158476
158479
158480
158481
158482
158483
158484
158485
158486
158491
158492
158493
158494
158495
158497
158501
158502
158503
158506
158511
158512
158513
158514
158515
158516
158517
158518
158519
158520
158521
158522
158526
158535
158536
158537
158538
158539
158540
158541
158543
158544
158545
158546
158547
158548
158553
158554
158555
158556
158557
158558
158559
158572
158573
158574
158575
158576
158577
158578
158579
158580
158581
158583
158584
158585
158586
158587
158588
158589
158611
158612
158613
158614
158615
158616
158617
158618
158619
158620
158993
158995
158996
158997
158998
159001
159003
159004
159005
159006
159007
159008
159011
159012
159014
159015
159016
159017
159018
159019
159021
159022
159023
159026
159028
159029
159030
159031
159033
159035
159039
159040
159041
159042
159045
159046
159059
159061
159062
159063
159064
159065
159066
159069
159070
159071
159072
159073
159074
159075
159076
159077
159078
159079
159080
159081
159082
159083
159084
159085
159086
159087
159088
159089
159090
159091
159092
159093
159094
159095
159096
159097
159098
159099
159100
159101
159102
159103
159104
159108
159109
159110
159111
159113
159115
159127
159128
159129
159130
159131
159132
159133
159134
159137
159138
159139
159140
159141
159142
159143
159144
159145
159149
159150
159151
159152
159153
159165
159166
159167
159168
159169
159170
159171
159172
159175
159176
159177
159178
159179
159180
159181
159182
159187
159188
159189
159190
159191
159193
159197
159198
159199
159202
159207
159208
159209
159210
159211
159212
159213
159214
159215
159216
159217
159218
159222
159231
159232
159233
159234
159235
159236
159237
159239
159240
159241
159242
159243
159244
159249
159250
159251
159252
159253
159254
159255
159268
159269
159270
159271
159272
159273
159274
159275
159276
159277
159279
159280
159281
159282
159283
159284
159285
159293
159294
159302
159303
159304
159305
159306
159307
159308
159309
159310
159311
159312
159314
159315
159689
159691
159692
159693
159694
159697
159699
159700
159701
159702
159703
159704
159707
159708
159710
159711
159712
159713
159714
159715
159717
159718
159719
159722
159724
159725
159726
159727
159729
159731
159735
159736
159737
159738
159741
159742
159755
159757
159758
159759
159760
159761
159762
159765
159766
159767
159768
159769
159770
159771
159772
159773
159774
159775
159776
159777
159778
159779
159780
159781
159782
159783
159784
159785
159786
159787
159788
159789
159790
159791
159792
159793
159794
159795
159796
159797
159798
159799
159800
159804
159805
159806
159807
159809
159811
159823
159824
159825
159826
159827
159828
159829
159830
159833
159834
159835
159836
159837
159838
159839
159840
159841
159845
159846
159847
159848
159849
159861
159862
159863
159864
159865
159866
159867
159868
159871
159872
159873
159874
159875
159876
159877
159878
159883
159884
159885
159886
159887
159889
159893
159894
159895
159898
159903
159904
159905
159906
159907
159908
159909
159910
159911
159912
159913
159914
159918
159927
159928
159929
159930
159931
159932
159933
159935
159936
159937
159938
159939
159940
159945
159946
159947
159948
159949
159950
159951
159964
159965
159966
159967
159968
159969
159970
159971
159972
159973
159975
159976
159977
159978
159979
159980
159981
159988
159989
159990
159997
159998
159999
160000
160001
160002
160003
160004
160006
160010
160011
160385
160387
160388
160389
160390
160393
160395
160396
160397
160398
160399
160400
160403
160404
160406
160407
160408
160409
160410
160411
160413
160414
160415
160418
160420
160421
160422
160423
160425
160427
160431
160432
160433
160434
160437
160438
160451
160453
160454
160455
160456
160457
160458
160461
160462
160463
160464
160465
160466
160467
160468
160469
160470
160471
160472
160473
160474
160475
160476
160477
160478
160479
160480
160481
160482
160483
160484
160485
160486
160487
160488
160489
160490
160491
160492
160493
160494
160495
160496
160500
160501
160502
160503
160505
160507
160519
160520
160521
160522
160523
160524
160525
160526
160529
160530
160531
160532
160533
160534
160535
160536
160537
160541
160542
160543
160544
160545
160557
160558
160559
160560
160561
160562
160563
160564
160567
160568
160569
160570
160571
160572
160573
160574
160579
160580
160581
160582
160583
160585
160589
160590
160591
160594
160599
160600
160601
160602
160603
160604
160605
160606
160607
160608
160609
160610
160614
160623
160624
160625
160626
160627
160628
160629
160631
160632
160633
160634
160635
160636
160641
160642
160643
160644
160645
160646
160647
160660
160661
160662
160663
160664
160665
160666
160667
160668
160669
160671
160672
160673
160674
160675
160676
160677
160684
160685
160686
160693
160694
160695
160696
160697
160698
160699
160700
160702
160706
160707
161081
161083
161084
161085
161086
161089
161091
161092
161093
161094
161095
161096
161099
161100
161102
161103
161104
161105
161106
161107
161109
161110
161111
161114
161116
161117
161118
161119
161121
161123
161127
161128
161129
161130
161133
161134
161147
161149
161150
161151
161152
161153
161154
161157
161158
161159
161160
161161
161162
161163
161164
161165
161166
161167
161168
161169
161170
161171
161172
161173
161174
161175
161176
161177
161178
161179
161180
161181
161182
161183
161184
161185
161186
161187
161188
161189
161190
161191
161192
161196
161197
161198
161199
161201
161203
161215
161216
161217
161218
161219
161220
161221
161222
161225
161226
161227
161228
161229
161230
161231
161232
161233
161237
161238
161239
161240
161241
161253
161254
161255
161256
161257
161258
161259
161260
161263
161264
161265
161266
161267
161268
161269
161270
161275
161276
161277
161278
161279
161281
161285
161286
161287
161290
161295
161296
161297
161298
161299
161300
161301
161302
161303
161304
161305
161306
161310
161319
161320
161321
161322
161323
161324
161325
161327
161328
161329
161330
161332
161341
161342
161356
161357
161358
161359
161360
161361
161362
161363
161364
161365
161380
161381
161382
161389
161390
161391
161392
161393
161394
161796
161798
161799
161800
161802
161810
161812
161813
161814
161815
161817
161819
161823
161824
161825
161826
161829
161830
161870
161871
161872
161873
161874
161875
161876
161877
161878
161879
161880
161881
161882
161883
161884
161885
161886
161887
161888
161892
161893
161894
161925
161926
161933
161934
161963
161964
161965
161971
161972
161973
161997
161998
180960
180961
180963
180968
180969
180971
180976
180977
180979
180984
180985
180987
180992
180993
180994
180995
180996
180997
180998
180999
181000
181002
181003
181005
181006
181007
181008
181018
181020
181021
181022
181024
181025
181027
181028
181029
181030
181041
181043
181044
181045
181047
181048
181050
181051
181052
181053
181064
181066
181067
181068
181070
181071
181073
181074
181075
181076
181087
181088
181089
181090
181092
181093
181094
181096
181097
181098
181099
181100
181101
181103
181104
181105
181106
181107
181108
181109
181110
181111
181112
181113
181114
181115
181116
181117
181118
181119
181120
181121
181122
181123
181124
181125
181126
181127
181129
181168
181169
181170
181171
181172
181173
181174
181175
181176
181177
181178
181179
181180
181181
181182
181183
181184
181185
181186
181187
181188
181189
181190
181191
181192
181193
181194
181195
181196
181197
181198
181199
181200
181201
181202
181203
181204
181205
181206
181207
181208
181209
181210
181211
181212
181213
181214
181215
181216
181217
181218
181219
181220
181221
181222
181223
181224
181225
181226
181227
181228
181229
181230
181231
181232
181233
181234
181235
181236
181237
181238
181239
181240
181241
181242
181243
181244
181245
181246
181247
181248
181249
181250
181251
181252
181253
181254
181255
181256
181257
181258
181259
181260
181261
181262
181263
181264
181265
181266
181267
181268
181269
181270
181271
181272
181273
181274
181275
181276
181277
181278
181279
181280
181281
181282
181283
181284
181285
181286
181287
181288
181289
181290
181291
181292
181293
181294
181295
181296
181297
181298
181299
181300
181301
181302
181303
181304
181305
181306
181307
181308
181309
181310
181311
181312
181313
181314
181315
181316
181317
181318
181319
181320
181321
181322
181323
181324
181325
181326
181327
181328
181329
181330
181331
181332
181333
181334
181335
181336
181337
181338
181339
181340
181341
181342
181343
181344
181345
181346
181347
181348
181349
181350
181351
181352
181353
181354
181355
181356
181357
181358
181359
181360
181361
181362
181363
181364
181365
181366
181367
181368
181369
181370
181371
181372
181373
181374
181375
181376
181377
181378
181379
181380
181381
181382
181383
181384
181385
181386
181387
181388
181389
181390
181391
181392
181393
181394
181395
181396
181397
181398
181399
181400
181401
181402
181403
181404
181405
181406
181407
181408
181409
181410
181411
181412
181413
181414
181415
181416
181417
181418
181419
181420
181421
181422
181423
181424
181425
181426
181427
181428
181429
181430
181431
181432
181433
181434
181435
181436
181437
181438
181439
181440
181441
181442
181443
181444
181445
181446
181447
181448
181449
181450
181451
181452
181453
181454
181455
181456
181457
181458
181459
181460
181461
181462
181463
181464
181465
181466
181467
181468
181469
181470
181471
181472
181473
181474
181475
181476
181477
181478
181479
181480
181481
181482
181483
181484
181518
181519
181520
181521
181522
181523
181524
181525
181526
181527
181528
181529
181530
181531
181532
181533
181534
181535
181536
181537
181786
181787
181788
181789
181790
181791
181792
181793
181794
181795
181796
181797
181799
181800
181801
181802
181804
181806
181826
181827
181828
181829
181830
181831
181832
181833
181834
181835
181836
181837
181838
181839
181840
181841
181842
181843
181844
181845
181846
181847
181848
181849
181850
181851
181852
181853
181854
181855
181857
181869
181870
181871
181872
181873
181874
181875
181876
181877
181887
181888
181889
181890
181891
181892
181894
181896
181905
181906
181907
181908
181909
181910
181911
181912
181913
181921
181922
181923
181924
181925
181926
181927
181929
181930
181947
181948
181949
181950
181951
181952
181953
181972
181973
181974
181975
181976
181977
181978
181979
181980
181981
181982
181983
181984
181985
181986
181987
181988
181989
181990
181991
181992
181993
181994
181995
181996
181997
181998
181999
182000
182001
182002
182003
182004
182005
182006
182042
182043
182044
182046
182048
182049
182050
182051
182243
182245
182246
182247
182248
182249
182250
182251
182252
182253
182254
182255
182256
182257
182258
182259
182261
182262
182263
182264
182266
182268
182288
182289
182290
182291
182292
182293
182294
182295
182296
182297
182298
182299
182300
182301
182302
182303
182304
182305
182306
182307
182308
182309
182310
182311
182312
182313
182314
182315
182316
182317
182318
182319
182321
182333
182334
182335
182336
182337
182338
182339
182340
182341
182342
182343
182353
182354
182355
182356
182357
182358
182359
182361
182363
182372
182373
182374
182375
182376
182377
182378
182379
182380
182389
182390
182391
182392
182393
182394
182395
182396
182397
182399
182400
182418
182419
182420
182421
182422
182423
182424
182425
182445
182446
182447
182448
182449
182450
182451
182452
182453
182454
182455
182456
182457
182458
182459
182460
182461
182462
182463
182464
182465
182466
182467
182468
182469
182470
182471
182472
182473
182474
182475
182476
182477
182478
182479
182480
182517
182518
182519
182521
182523
182524
182525
182526
182527
182737
182739
182740
182741
182742
182743
182744
182745
182746
182747
182748
182749
182750
182751
182752
182753
182755
182756
182757
182758
182760
182762
182782
182783
182784
182785
182786
182787
182788
182789
182790
182791
182792
182793
182794
182795
182796
182797
182798
182799
182800
182801
182802
182803
182804
182805
182806
182807
182808
182809
182810
182811
182812
182813
182815
182827
182828
182829
182830
182831
182832
182833
182834
182835
182836
182837
182847
182848
182849
182850
182851
182852
182853
182855
182857
182866
182867
182868
182869
182870
182871
182872
182873
182874
182883
182884
182885
182886
182887
182888
182889
182890
182891
182893
182894
182912
182913
182914
182915
182916
182917
182918
182919
182939
182940
182941
182942
182943
182944
182945
182946
182947
182948
182949
182950
182951
182952
182953
182954
182955
182956
182957
182958
182959
182960
182961
182962
182963
182964
182965
182966
182967
182968
182969
182970
182971
182972
182973
182974
183011
183012
183013
183015
183017
183018
183019
183020
183021
183231
183233
183234
183235
183236
183237
183238
183239
183240
183241
183242
183243
183244
183245
183246
183247
183249
183250
183251
183252
183254
183256
183276
183277
183278
183279
183280
183281
183282
183283
183284
183285
183286
183287
183288
183289
183290
183291
183292
183293
183294
183295
183296
183297
183298
183299
183300
183301
183302
183303
183304
183305
183306
183307
183309
183321
183322
183323
183324
183325
183326
183327
183328
183329
183330
183331
183341
183342
183343
183344
183345
183346
183347
183349
183351
183360
183361
183362
183363
183364
183365
183366
183367
183368
183377
183378
183379
183380
183381
183382
183383
183384
183385
183387
183388
183406
183407
183408
183409
183410
183411
183412
183413
183433
183434
183435
183436
183437
183438
183439
183440
183441
183442
183443
183444
183445
183446
183447
183448
183449
183450
183451
183452
183453
183454
183455
183488
183489
183494
183495
183496
183497
183498
183708
183710
183711
183712
183713
183714
183715
183716
183717
183718
183719
183720
183721
183722
183723
183724
183726
183727
183728
183729
183731
183733
183753
183754
183755
183756
183757
183758
183759
183760
183761
183762
183763
183764
183765
183766
183767
183768
183769
183770
183771
183772
183773
183774
183775
183776
183777
183778
183779
183780
183781
183782
183783
183784
183786
183798
183799
183800
183801
183802
183803
183804
183805
183806
183807
183808
183818
183819
183820
183821
183822
183823
183824
183826
183828
183837
183838
183839
183840
183841
183842
183843
183844
183845
183854
183855
183856
183857
183858
183859
183860
183861
183862
183864
183865
183883
183884
183885
183886
183887
183888
183889
183890
183910
183911
183912
183913
183914
183915
183917
183918
183919
183920
183921
183943
184156
184158
184159
184160
184161
184162
184163
184164
184165
184166
184167
184168
184169
184170
184171
184172
184174
184175
184176
184177
184179
184181
184201
184202
184203
184204
184205
184206
184207
184208
184209
184210
184211
184212
184213
184214
184215
184216
184217
184218
184219
184220
184221
184222
184223
184224
184225
184226
184227
184228
184229
184230
184231
184232
184234
184246
184247
184248
184249
184250
184251
184252
184253
184254
184255
184256
184266
184267
184268
184269
184270
184271
184272
184274
184276
184285
184286
184287
184288
184289
184290
184291
184292
184293
184302
184303
184304
184305
184306
184307
184308
184309
184310
184312
184313
184331
184332
184333
184334
184335
184336
184337
184338
184358
184359
184360
184361
184363
184365
184366
184367
184368
184369
184604
184606
184607
184608
184609
184610
184611
184612
184613
184614
184615
184616
184617
184618
184619
184620
184622
184623
184624
184625
184627
184629
184649
184650
184651
184652
184653
184654
184655
184656
184657
184658
184659
184660
184661
184662
184663
184664
184665
184666
184667
184668
184669
184670
184671
184672
184673
184674
184675
184676
184677
184678
184679
184680
184682
184694
184695
184696
184697
184698
184699
184700
184701
184702
184703
184704
184714
184715
184716
184717
184718
184719
184720
184722
184724
184733
184734
184735
184736
184737
184738
184739
184740
184741
184750
184751
184752
184753
184754
184755
184756
184757
184758
184760
184761
184779
184780
184781
184782
184783
184784
184785
184786
184806
184807
184808
184809
184811
184813
184814
184815
184816
184817
185052
185054
185055
185056
185057
185058
185059
185060
185061
185062
185063
185064
185065
185066
185067
185068
185070
185071
185072
185073
185075
185077
185097
185098
185099
185100
185101
185102
185103
185104
185105
185106
185107
185108
185109
185110
185111
185112
185113
185114
185115
185116
185117
185118
185119
185120
185121
185122
185123
185124
185125
185126
185127
185128
185130
185142
185143
185144
185145
185146
185147
185148
185149
185150
185151
185152
185162
185163
185164
185165
185166
185167
185168
185170
185172
185181
185182
185183
185184
185185
185186
185187
185188
185189
185198
185199
185200
185201
185202
185203
185204
185205
185206
185208
185209
185227
185228
185229
185230
185231
185232
185233
185234
185250
185253
185261
185262
185500
185502
185503
185504
185505
185506
185507
185508
185509
185510
185511
185512
185513
185514
185515
185516
185518
185519
185520
185521
185523
185525
185545
185546
185547
185548
185549
185550
185551
185552
185553
185554
185555
185556
185557
185558
185559
185560
185561
185562
185563
185564
185565
185566
185567
185568
185569
185570
185571
185572
185573
185574
185575
185576
185578
185590
185591
185592
185593
185594
185595
185596
185597
185598
185599
185600
185610
185611
185612
185613
185614
185615
185616
185618
185620
185629
185630
185631
185632
185633
185634
185635
185636
185637
185646
185647
185648
185649
185650
185651
185652
185653
185654
185656
185657
185675
185676
185677
185678
185679
185680
185681
185682
185698
185701
185710
185948
185950
185951
185952
185953
185954
185955
185956
185957
185958
185959
185960
185961
185962
185963
185964
185966
185967
185968
185969
185971
185973
185993
185994
185995
185996
185997
185998
185999
186000
186001
186002
186003
186004
186005
186006
186007
186008
186009
186010
186011
186012
186013
186014
186015
186016
186017
186018
186019
186020
186021
186022
186023
186024
186026
186038
186039
186040
186041
186042
186043
186044
186045
186046
186047
186048
186058
186059
186060
186061
186062
186063
186064
186066
186068
186077
186078
186079
186080
186081
186082
186083
186084
186085
186094
186095
186096
186097
186098
186099
186100
186101
186102
186104
186105
186123
186124
186125
186126
186127
186128
186129
186130
186146
186149
186158
186396
186398
186399
186400
186401
186402
186403
186404
186405
186406
186407
186408
186409
186410
186411
186412
186414
186415
186416
186417
186419
186421
186441
186442
186443
186444
186445
186446
186447
186448
186449
186451
186453
186454
186455
186456
186457
186458
186459
186460
186461
186462
186463
186464
186465
186466
186467
186468
186469
186470
186471
186472
186474
186486
186487
186488
186489
186490
186491
186492
186493
186494
186495
186496
186506
186507
186508
186509
186510
186511
186512
186514
186516
186525
186526
186527
186528
186530
186532
186533
186542
186543
186544
186545
186546
186547
186571
186572
186594
186597
186854
186857
186860
186862
186863
186864
186865
186867
186869
186901
186902
186903
186905
186907
186908
186910
186911
186915
186916
186917
186918
186919
186941
199563
199570
199578
199585
199593
199600
199608
199615
199623
199630
199640
199649
199658
199668
199681
199682
199683
199684
199685
199686
199687
199688
199689
199690
199691
199692
199693
199694
199695
199696
199697
199698
199699
199700
199701
199702
199703
199704
199705
199706
199707
199708
199709
199710
199711
199712
199713
199714
199715
199716
199717
199718
199719
199720
199721
199722
199723
199724
199725
199726
199727
199728
199729
199730
199731
199732
199733
199734
199735
199736
199737
199738
199739
199740
199741
199742
199743
199744
199745
199746
199747
199748
199749
199750
199751
199752
199753
199754
199755
199756
199757
199758
199759
199760
199761
199762
199763
199764
199765
199766
199767
199768
199769
199770
199771
199772
199773
199774
199775
199776
199777
199778
199779
199780
199781
199782
199783
199784
199785
199786
199787
199788
199789
199790
199791
199792
199793
199794
199795
199796
199797
199798
199799
199800
199801
199802
199803
199804
199805
199806
199807
199808
199809
199810
199811
199812
199813
199814
199815
199816
199817
199818
199819
199820
199821
199822
199823
199824
199825
199826
199827
199828
199829
199830
199831
199832
199833
199834
199835
199836
199837
199838
199839
199840
199841
199842
199843
199844
199845
199846
199847
199848
199849
199850
199851
199852
199853
199854
199855
199856
199857
199858
199859
199860
199861
199862
199863
199864
199865
199866
199867
199868
199869
199870
199871
199872
199873
199874
199875
199876
199877
199878
199879
199880
199881
199882
199883
199884
199885
199886
199887
199888
199889
199890
199891
199892
199893
199894
199895
199896
199897
199898
199899
199900
199901
199902
199903
199904
199905
199906
199907
199908
199909
199910
199911
199912
199913
199914
199915
199916
199917
199918
199919
199920
199921
199922
199923
199924
199925
199926
199927
199928
199929
199930
199931
199932
199933
199934
199935
199936
199937
199938
199939
199940
199941
199942
199943
199944
199945
199946
199947
199948
199949
199950
199951
199952
199953
199954
199955
199956
199957
199958
199959
199960
199961
199962
199963
199964
199965
199966
199967
199968
199969
199970
199971
199972
199973
199974
199975
199976
199977
199978
199979
199980
199981
199982
199983
199984
199985
199986
199987
199988
199989
199990
199991
199992
199993
199994
199995
199996
199997
199998
199999
200000
200001
200002
200003
200004
200005
200006
200007
200008
200009
200010
200011
200012
200013
200014
200015
200016
200017
200018
200019
200020
200021
200022
200023
200024
200025
200026
200027
200028
200029
200030
200031
200032
200033
200034
200035
200036
200037
200038
200039
200040
200041
200042
200043
200044
200045
200046
200047
200048
200049
200050
200051
200052
200053
200054
200055
200056
200057
200058
200059
200060
200061
200062
200063
200064
200065
200066
200067
200068
200069
200070
200071
200072
200073
200074
200082
200083
200084
200085
200086
200087
200088
200097
200098
200100
200101
200102
200103
200104
200107
200109
200110
200111
200114
200119
200120
200121
200127
200128
200134
200135
200136
200137
200138
200139
200140
200141
200142
200143
200144
200145
200146
200147
200148
200149
200150
200151
200152
200153
200154
200155
200156
200157
200158
200159
200160
200161
200162
200163
200164
200165
200166
200167
200168
200169
200170
200171
200172
200173
200245
200246
200252
200253
200259
200260
200266
200267
200593
200599
200606
200610
200613
200629
200630
200636
200637
200638
200640
200641
200642
200643
200644
200646
200648
200649
200650
200651
200652
200653
200654
200655
200656
200657
200658
200659
200660
200661
200662
200663
200664
200665
200666
200667
200668
200669
200670
200671
200672
200673
200674
200675
200676
200677
200678
200679
200680
200681
200682
200683
200684
200685
200686
200687
200688
200689
200690
200691
200692
200694
200695
200696
200697
200699
200700
200703
200704
200705
200706
200708
200710
200713
200714
200715
200717
200718
200719
200720
200721
200724
200725
200726
200727
200728
200729
200730
200731
200732
200733
200734
200735
200736
200737
200738
200739
200740
200741
200742
200743
200744
200745
200746
200748
200749
200750
200751
200753
200756
200757
200758
200759
200760
200768
200769
200770
200771
200772
200775
200776
200777
200778
200779
200780
200781
200782
200783
200784
200786
200787
200788
200789
200792
200793
200794
200801
200803
200804
200805
200808
200809
200812
200813
200814
200815
200816
200817
200818
200819
200820
200821
200822
200823
200824
200826
200827
200830
200832
200833
200834
200845
200846
200847
200848
200849
200850
200851
200852
200853
200854
200855
200856
200857
200858
200859
200860
200861
200862
200863
200865
200866
200867
200868
200869
200878
200879
200880
200882
200886
200887
200888
200889
200890
200891
200892
200893
200894
200895
200896
200897
200898
200899
200900
200901
200902
200903
200906
200910
200913
200914
200917
200918
200920
200921
200925
200926
200927
200930
200932
200933
200934
200935
200936
200937
200938
200939
200940
200941
200942
200943
200944
200945
200946
200947
200950
200951
200954
200955
200958
200959
200960
200981
200982
200990
200991
200992
200993
200994
200995
200996
201005
201006
201008
201009
201010
201011
201012
201015
201017
201018
201019
201022
201027
201028
201029
201037
201038
201042
201043
201047
201048
201049
201109
201110
201475
201481
201488
201492
201495
201511
201512
201518
201519
201520
201522
201523
201524
201525
201526
201528
201530
201531
201532
201533
201534
201535
201536
201537
201538
201539
201540
201541
201542
201543
201544
201545
201546
201547
201548
201549
201550
201551
201552
201553
201554
201555
201556
201557
201558
201559
201560
201561
201562
201563
201564
201565
201566
201567
201568
201569
201570
201571
201572
201573
201574
201576
201577
201578
201579
201581
201582
201585
201586
201587
201588
201590
201592
201595
201596
201597
201599
201600
201601
201602
201603
201606
201607
201608
201609
201610
201611
201612
201613
201614
201615
201616
201617
201618
201619
201620
201621
201622
201623
201624
201625
201626
201627
201628
201630
201631
201632
201633
201635
201638
201639
201640
201641
201642
201650
201651
201652
201653
201654
201657
201658
201659
201660
201661
201662
201663
201664
201665
201666
201668
201669
201670
201671
201674
201675
201676
201683
201685
201686
201687
201690
201691
201694
201695
201696
201697
201698
201699
201700
201701
201702
201703
201704
201705
201706
201708
201709
201712
201714
201715
201716
201727
201728
201729
201730
201731
201732
201733
201734
201735
201736
201737
201738
201739
201740
201741
201742
201743
201744
201745
201747
201748
201749
201750
201751
201760
201761
201762
201764
201768
201769
201770
201771
201772
201773
201774
201775
201776
201777
201778
201779
201780
201781
201782
201783
201784
201785
201788
201792
201795
201796
201799
201800
201802
201803
201807
201808
201809
201812
201814
201815
201816
201817
201818
201819
201820
201821
201822
201823
201824
201825
201826
201827
201828
201829
201832
201833
201836
201837
201840
201841
201842
201863
201864
201872
201873
201874
201875
201876
201877
201878
201887
201888
201890
201891
201892
201893
201894
201897
201899
201900
201901
201904
201909
201910
201911
201919
201920
201924
201925
201929
201930
201931
201991
201992
202357
202363
202370
202374
202377
202393
202394
202400
202401
202402
202404
202405
202406
202407
202408
202410
202412
202413
202414
202415
202416
202417
202418
202419
202420
202421
202422
202423
202424
202425
202426
202427
202428
202429
202430
202431
202432
202433
202434
202435
202436
202437
202438
202439
202440
202441
202442
202443
202444
202445
202446
202447
202448
202449
202450
202451
202452
202453
202454
202455
202456
202458
202459
202460
202461
202463
202464
202467
202468
202469
202470
202472
202474
202477
202478
202479
202481
202482
202483
202484
202485
202488
202489
202490
202491
202492
202493
202494
202495
202496
202497
202498
202499
202500
202501
202502
202503
202504
202505
202506
202507
202508
202509
202510
202512
202513
202514
202515
202517
202520
202521
202522
202523
202524
202532
202533
202534
202535
202536
202539
202540
202541
202542
202543
202544
202545
202546
202547
202548
202550
202551
202552
202553
202556
202557
202558
202565
202567
202568
202569
202572
202573
202576
202577
202578
202579
202580
202581
202582
202583
202584
202585
202586
202587
202588
202590
202591
202594
202596
202597
202598
202609
202610
202611
202612
202613
202614
202615
202616
202617
202618
202619
202620
202621
202622
202623
202624
202625
202626
202627
202629
202630
202631
202632
202633
202642
202643
202644
202646
202650
202651
202652
202653
202654
202655
202656
202657
202658
202659
202660
202661
202662
202663
202664
202665
202666
202667
202670
202674
202677
202678
202681
202682
202684
202685
202689
202690
202691
202697
202698
202699
202700
202701
202702
202703
202704
202705
202706
202707
202708
202709
202710
202711
202714
202715
202718
202719
202722
202723
202724
202745
202746
202754
202755
202756
202757
202758
202759
202760
202761
202762
202763
202772
202773
202775
202776
202777
202778
202779
202780
202781
202782
202787
202789
202790
202791
202792
202793
202794
202799
202804
202805
202806
202807
202808
202809
202819
202820
202824
202825
202829
202830
202831
202890
202891
203256
203262
203269
203273
203276
203292
203293
203299
203300
203301
203303
203304
203305
203306
203307
203309
203311
203312
203313
203314
203315
203316
203317
203318
203319
203320
203321
203322
203323
203324
203325
203326
203327
203328
203329
203330
203331
203332
203333
203334
203335
203336
203337
203338
203339
203340
203341
203342
203343
203344
203345
203346
203347
203348
203349
203350
203351
203352
203353
203354
203355
203357
203358
203359
203360
203362
203363
203366
203367
203368
203369
203371
203373
203376
203377
203378
203380
203381
203382
203383
203384
203387
203388
203389
203390
203391
203392
203393
203394
203395
203396
203397
203398
203399
203400
203401
203402
203403
203404
203405
203406
203407
203408
203409
203411
203412
203413
203414
203416
203419
203420
203421
203422
203423
203431
203432
203433
203434
203435
203438
203439
203440
203441
203442
203443
203444
203445
203446
203447
203449
203450
203451
203452
203455
203456
203457
203464
203466
203467
203468
203471
203472
203475
203476
203477
203478
203479
203480
203481
203482
203483
203484
203485
203486
203487
203489
203490
203493
203495
203496
203497
203508
203509
203510
203511
203512
203513
203514
203515
203516
203517
203518
203519
203520
203521
203522
203523
203524
203525
203526
203528
203529
203530
203531
203532
203541
203542
203543
203545
203549
203550
203551
203552
203553
203554
203555
203556
203557
203558
203559
203560
203561
203562
203563
203564
203565
203566
203569
203573
203576
203577
203580
203581
203588
203589
203590
203596
203597
203598
203601
203602
203605
203606
203609
203610
203611
203632
203633
203634
203635
203636
203637
203638
203639
203640
203641
203642
203643
203644
203645
203646
203647
203648
203649
203650
203651
203652
203653
203654
203655
203656
203657
203658
203659
203660
203661
203662
203663
203664
203665
203666
203667
203668
203669
203670
203671
203672
203673
203674
203675
203676
203677
203678
203679
203680
203681
203682
203683
203686
203687
203691
203692
203696
203697
203698
204115
204121
204128
204132
204135
204151
204152
204158
204159
204160
204162
204163
204164
204165
204166
204168
204170
204171
204172
204173
204174
204175
204176
204177
204178
204179
204180
204181
204182
204183
204184
204185
204186
204187
204188
204189
204190
204191
204192
204193
204194
204195
204196
204197
204198
204199
204200
204201
204202
204203
204204
204205
204206
204207
204208
204209
204210
204211
204212
204213
204214
204216
204217
204218
204219
204221
204222
204225
204226
204227
204228
204230
204232
204235
204236
204237
204239
204240
204241
204242
204243
204246
204247
204248
204249
204250
204251
204252
204253
204254
204255
204256
204257
204258
204259
204260
204261
204262
204263
204264
204265
204266
204267
204268
204270
204271
204272
204273
204275
204278
204279
204280
204281
204282
204290
204291
204292
204293
204294
204297
204298
204299
204300
204301
204302
204303
204304
204305
204306
204308
204309
204310
204311
204314
204315
204316
204323
204325
204326
204327
204330
204331
204334
204335
204336
204337
204338
204339
204340
204341
204342
204343
204344
204345
204346
204348
204349
204352
204354
204355
204356
204367
204368
204369
204370
204371
204372
204373
204374
204375
204376
204377
204378
204379
204380
204381
204382
204383
204384
204385
204387
204388
204389
204390
204391
204400
204401
204402
204404
204408
204409
204410
204411
204412
204413
204414
204415
204416
204417
204418
204419
204420
204421
204422
204423
204424
204425
204428
204432
204435
204436
204439
204440
204447
204448
204449
204455
204456
204457
204460
204461
204464
204465
204468
204469
204470
204493
204494
204498
204499
204901
204907
204914
204918
204921
204937
204938
204944
204945
204946
204948
204949
204950
204951
204952
204954
204956
204957
204958
204959
204960
204961
204962
204963
204964
204965
204966
204967
204968
204969
204970
204971
204972
204973
204974
204975
204976
204977
204978
204979
204980
204981
204982
204983
204984
204985
204986
204987
204988
204989
204990
204991
204992
204993
204994
204995
204996
204997
204998
204999
205000
205002
205003
205004
205005
205007
205008
205011
205012
205013
205014
205016
205018
205021
205022
205023
205025
205026
205027
205028
205029
205032
205033
205034
205035
205036
205037
205038
205039
205040
205041
205042
205043
205044
205045
205046
205047
205048
205049
205050
205051
205052
205053
205054
205056
205057
205058
205059
205061
205064
205065
205066
205067
205068
205076
205077
205078
205079
205080
205083
205084
205085
205086
205087
205088
205089
205090
205091
205092
205094
205095
205096
205097
205100
205101
205102
205109
205111
205112
205113
205116
205117
205120
205121
205122
205123
205124
205125
205126
205127
205128
205129
205130
205131
205132
205134
205135
205138
205140
205141
205142
205153
205154
205155
205156
205157
205158
205159
205160
205161
205162
205163
205164
205165
205166
205167
205168
205169
205170
205171
205173
205174
205175
205176
205177
205186
205187
205188
205190
205194
205195
205196
205197
205198
205199
205200
205201
205202
205203
205204
205205
205206
205207
205208
205209
205210
205211
205214
205218
205221
205222
205225
205226
205233
205234
205235
205241
205242
205243
205246
205247
205250
205251
205254
205255
205256
205284
205285
205687
205693
205700
205704
205707
205723
205724
205730
205731
205732
205734
205735
205736
205737
205738
205740
205742
205743
205744
205745
205746
205747
205748
205749
205750
205751
205752
205753
205754
205755
205756
205757
205758
205759
205760
205761
205762
205763
205764
205765
205766
205767
205768
205769
205770
205771
205772
205773
205774
205775
205776
205777
205778
205779
205780
205781
205782
205783
205784
205785
205786
205788
205789
205790
205791
205793
205794
205797
205798
205799
205800
205802
205804
205807
205808
205809
205811
205812
205813
205814
205815
205818
205819
205820
205821
205822
205823
205824
205825
205826
205827
205828
205829
205830
205831
205832
205833
205834
205835
205836
205837
205838
205839
205840
205842
205843
205844
205845
205847
205850
205851
205852
205853
205854
205862
205863
205864
205865
205866
205869
205870
205871
205872
205873
205874
205875
205876
205877
205878
205880
205881
205882
205883
205886
205887
205888
205895
205897
205898
205899
205902
205903
205906
205907
205908
205909
205910
205911
205912
205913
205914
205915
205916
205917
205918
205920
205921
205924
205926
205927
205928
205939
205940
205941
205942
205943
205944
205945
205946
205947
205948
205949
205950
205951
205952
205953
205954
205955
205956
205957
205959
205960
205961
205962
205963
205972
205973
205974
205976
205980
205981
205982
205983
205984
205985
205986
205987
205988
205989
205990
205991
205992
205993
205994
205995
205996
205997
206000
206004
206007
206008
206011
206012
206019
206020
206021
206026
206027
206028
206029
206032
206033
206036
206037
206040
206041
206042
206056
206070
206071
206473
206479
206486
206490
206493
206509
206510
206516
206517
206518
206520
206521
206522
206523
206524
206526
206528
206529
206530
206531
206532
206533
206534
206535
206536
206537
206538
206539
206540
206541
206542
206543
206544
206545
206546
206547
206548
206549
206550
206551
206552
206553
206554
206555
206556
206557
206558
206559
206560
206561
206562
206563
206564
206565
206566
206567
206568
206569
206570
206571
206572
206574
206575
206576
206577
206579
206580
206583
206584
206585
206586
206588
206590
206593
206594
206595
206597
206598
206599
206600
206601
206604
206605
206606
206607
206608
206609
206610
206611
206612
206613
206614
206615
206616
206617
206618
206619
206620
206621
206622
206623
206624
206625
206626
206628
206629
206630
206631
206633
206636
206637
206638
206639
206640
206648
206649
206650
206651
206652
206655
206656
206657
206658
206659
206660
206661
206662
206663
206664
206666
206667
206668
206669
206672
206673
206674
206681
206683
206684
206685
206688
206689
206692
206693
206694
206695
206696
206697
206698
206699
206700
206701
206702
206703
206704
206706
206707
206710
206712
206713
206714
206725
206726
206727
206728
206729
206730
206731
206732
206733
206734
206735
206736
206737
206738
206739
206740
206741
206742
206743
206745
206746
206747
206748
206749
206758
206759
206760
206762
206766
206767
206768
206769
206770
206771
206772
206773
206774
206775
206776
206777
206778
206779
206780
206781
206782
206783
206786
206790
206793
206794
206797
206798
206800
206801
206802
206805
206806
206807
206810
206811
206812
206813
206814
206815
206818
206819
206822
206823
206826
206827
206828
206831
206832
206838
206840
206841
206842
207259
207265
207272
207276
207279
207295
207296
207302
207303
207304
207306
207307
207308
207309
207310
207312
207314
207315
207316
207317
207318
207319
207320
207321
207322
207323
207324
207325
207326
207327
207328
207329
207330
207331
207332
207333
207334
207335
207336
207337
207338
207339
207340
207341
207342
207343
207344
207345
207346
207347
207348
207349
207350
207351
207352
207353
207354
207355
207356
207357
207358
207360
207361
207362
207363
207365
207366
207369
207370
207371
207372
207374
207376
207379
207380
207381
207383
207384
207385
207386
207387
207390
207391
207392
207393
207394
207395
207396
207397
207398
207399
207400
207401
207402
207403
207404
207405
207406
207407
207408
207409
207410
207411
207412
207414
207415
207416
207417
207419
207422
207423
207424
207425
207426
207434
207435
207436
207437
207438
207441
207442
207443
207444
207445
207446
207447
207448
207449
207450
207452
207453
207454
207455
207458
207459
207460
207467
207469
207470
207471
207474
207475
207478
207479
207480
207481
207482
207483
207484
207485
207486
207487
207488
207489
207490
207492
207493
207496
207498
207499
207500
207511
207512
207513
207514
207515
207516
207517
207518
207519
207520
207521
207522
207523
207524
207525
207526
207527
207528
207529
207531
207532
207533
207534
207535
207544
207545
207546
207548
207552
207553
207554
207555
207556
207557
207558
207559
207560
207561
207562
207563
207564
207565
207566
207567
207568
207569
207572
207576
207579
207580
207583
207584
207586
207587
207588
207591
207592
207593
207596
207597
207598
207599
207600
207601
207604
207605
207608
207609
207612
207613
207614
207617
207618
207624
207626
207627
207628
208045
208051
208058
208062
208065
208081
208082
208088
208089
208090
208092
208093
208094
208095
208096
208098
208100
208101
208102
208103
208104
208105
208106
208107
208108
208109
208110
208111
208112
208113
208114
208115
208116
208117
208118
208119
208120
208121
208122
208123
208124
208125
208126
208127
208128
208129
208130
208131
208132
208133
208134
208135
208136
208137
208138
208139
208140
208141
208142
208143
208144
208146
208147
208148
208149
208151
208152
208155
208156
208157
208158
208160
208162
208165
208166
208167
208169
208170
208171
208172
208173
208176
208177
208178
208179
208180
208181
208182
208183
208184
208185
208186
208187
208188
208189
208190
208191
208192
208193
208194
208195
208196
208197
208198
208200
208201
208202
208203
208205
208208
208209
208210
208211
208212
208220
208221
208222
208223
208224
208227
208228
208229
208230
208231
208232
208233
208234
208235
208236
208238
208239
208240
208241
208244
208245
208246
208253
208255
208256
208257
208260
208261
208264
208265
208266
208267
208268
208269
208270
208271
208272
208273
208274
208275
208276
208278
208279
208282
208284
208285
208286
208297
208298
208299
208300
208301
208302
208303
208304
208305
208306
208307
208308
208309
208310
208311
208312
208313
208314
208315
208317
208318
208319
208320
208321
208330
208331
208332
208334
208338
208339
208340
208341
208342
208343
208344
208345
208346
208347
208348
208349
208350
208358
208369
208370
208372
208373
208374
208377
208378
208379
208382
208383
208384
208385
208390
208391
208403
208404
208410
208412
208413
208414
208831
208844
208848
208851
208867
208868
208876
208878
208879
208880
208881
208882
208892
208893
208894
208895
208903
208904
208908
208910
208911
208912
208913
208914
208915
208916
208917
208918
208919
208920
208921
208922
208923
208924
208925
208926
208927
208928
208929
208930
208932
208933
208934
208935
208937
208938
208941
208942
208943
208944
208946
208948
208951
208952
208953
208955
208956
208957
208958
208959
208969
208970
208976
208977
208978
208979
208980
208981
208982
208983
208984
208986
208987
208988
208989
208991
208994
208995
208996
208997
208998
209006
209007
209008
209009
209010
209022
209024
209025
209026
209027
209030
209031
209032
209039
209041
209042
209043
209055
209056
209057
209058
209059
209060
209061
209062
209064
209065
209068
209070
209071
209072
209083
209084
209085
209086
209094
209095
209096
209097
209098
209099
209116
209117
209118
209127
209128
209155
209156
209158
209159
209160
209189
209190
209630
209696
209697
209703
209704
209705
209706
209707
209716
209718
209719
209720
209721
209732
231401
231402
231403
231404
231405
231406
231407
231408
231409
231410
231411
231412
231413
231436
231437
231438
231439
231440
231441
231442
231443
231444
231445
231446
231447
231448
231470
231471
231472
231473
231474
231475
231476
231477
231478
231479
231480
231481
231482
231505
231506
231507
231508
231509
231510
231511
231512
231513
231514
231515
231516
231517
231539
231540
231541
231542
231543
231544
231545
231546
231547
231548
231549
231550
231551
231574
231575
231576
231577
231578
231579
231580
231581
231582
231583
231584
231585
231586
231608
231609
231610
231611
231612
231613
231614
231615
231616
231617
231618
231619
231620
231643
231644
231645
231646
231647
231648
231649
231650
231651
231652
231653
231654
231655
231677
231678
231679
231680
231681
231682
231683
231684
231685
231686
231687
231708
231709
231710
231711
231712
231713
231714
231715
231716
231717
231718
231734
231735
231736
231737
231738
231739
231740
231741
231742
231743
231744
231755
231756
231757
231758
231759
231760
231761
231772
231773
231774
231775
231776
231777
231778
231793
231794
231795
231796
231797
231798
231811
231812
231815
231816
231817
231822
231823
231824
231825
231826
231827
231833
231834
231835
231836
231837
231838
231844
231845
231846
231847
231848
231849
231850
231857
231858
231859
231860
231861
231862
231863
231870
231871
231872
231873
231874
231875
231876
231883
231884
231885
231886
231887
231888
231889
231896
231897
231898
231899
231900
231901
231902
231907
231908
231909
231910
231911
231912
231913
231918
231919
231920
231921
231922
231923
231927
231928
231929
231930
231931
231934
231936
231937
231938
231939
231940
231941
231948
231949
231950
231951
231952
231953
231954
231955
231956
231969
231970
231971
231972
231973
231974
231975
231976
231977
231978
231979
231980
231981
231982
231983
231986
232002
232003
232004
232005
232006
232007
232008
232009
232010
232011
232012
232013
232014
232015
232016
232017
232033
232034
232035
232036
232037
232038
232039
232040
232041
232042
232043
232044
232045
232046
232047
232048
232049
232050
232051
232070
232071
232072
232073
232074
232075
232076
232077
232078
232079
232080
232081
232082
232083
232084
232085
232086
232087
232089
232108
232109
232110
232111
232112
232113
232114
232115
232116
232117
232118
232119
232120
232121
232122
232123
232124
232125
232128
232147
232148
232149
232150
232151
232152
232153
232154
232155
232156
232157
232158
232159
232160
232161
232162
232163
232164
232165
232166
232167
232186
232187
232188
232189
232190
232191
232192
232193
232194
232195
232196
232197
232198
232199
232200
232201
232202
232203
232206
232219
232220
232221
232222
232223
232224
232225
232226
232227
232228
232229
232230
232231
232232
232233
232234
232235
232236
232239
232252
232253
232254
232255
232256
232257
232258
232259
232260
232261
232262
232263
232264
232265
232266
232269
232279
232280
232281
232282
232283
232284
232285
232286
232287
232288
232289
232290
232293
232300
232301
232302
232307
232308
232310
232311
232315
232316
232320
232321
232339
232361
232384
232407
232415
232416
232417
232418
232419
232420
232421
232422
232423
232424
232425
232426
232427
232428
232429
232430
232434
232435
232436
232437
232438
232439
232440
232441
232442
232443
232444
232445
232446
232447
232448
232449
232453
232454
232455
232456
232457
232458
232459
232460
232461
232462
232463
232464
232465
232466
232467
232468
232472
232473
232474
232475
232476
232477
232478
232479
232480
232481
232482
232483
232484
232485
232486
232487
232491
232492
232493
232494
232495
232496
232503
232504
232505
232506
232507
232508
232509
232510
232517
232518
232519
232520
232527
232528
232529
232530
232531
232532
232533
232534
232541
232542
232543
232544
232551
232552
232553
232554
232555
232556
232557
232558
232565
232566
232567
232568
232576
232577
232578
232579
232580
232581
232582
232583
232604
232605
232606
232607
232614
232615
232616
232617
232618
232619
232620
232621
232628
232629
232630
232631
232638
232639
232640
232641
232642
232643
232644
232645
232652
232653
232654
232655
232662
232663
232664
232665
232666
232667
232668
232669
232676
232677
232678
232679
232687
232688
232689
232690
232691
232692
232693
232694
232715
232716
232717
232718
232725
232726
232727
232728
232729
232730
232731
232732
232739
232740
232741
232742
232749
232750
232751
232752
232753
232754
232755
232756
232763
232764
232765
232766
232773
232774
232775
232776
232777
232778
232779
232780
232787
232788
232789
232790
232798
232799
232800
232801
232802
232803
232804
232805
232826
232827
232828
232829
232836
232837
232838
232839
232840
232841
232842
232843
232850
232851
232852
232853
232860
232861
232862
232863
232864
232865
232866
232867
232874
232875
232876
232877
232884
232885
232886
232887
232888
232889
232890
232891
232898
232899
232900
232901
232909
232910
232911
232912
232913
232914
232915
232916
232951
232952
232973
232974
232975
232976
232999
233000
233001
233002
233028
233030
233032
233034
233036
233037
233038
233043
233044
233045
233046
233047
233048
233049
233052
233053
233054
233055
233056
233057
233058
233059
233060
233061
233062
233063
233064
233065
233066
233067
233068
233069
233070
233071
233072
233073
233074
233075
233076
233077
233078
233079
233080
233082
233085
233086
233087
233088
233089
233090
233091
233092
233093
233094
233095
233096
233097
233098
233099
233101
233104
233105
233106
233107
233108
233109
233110
233111
233112
233113
233114
233115
233116
233117
233118
233122
233123
233124
233125
233126
233127
233128
233129
233130
233132
233169
233170
233171
233172
233173
233174
233175
233176
233177
233178
233179
233180
233181
233182
233184
233185
233186
233237
233238
233239
233240
233241
233242
233243
233244
233245
233246
233247
233248
233249
233250
233252
233253
233254
233305
233306
233307
233308
233309
233310
233311
233312
233313
233314
233315
233316
233317
233318
233320
233321
233322
233373
233374
233375
233376
233377
233389
233390
233392
233393
233394
233396
233397
233398
233400
233401
233402
233404
233405
233406
233407
233408
233409
233410
233411
233412
233413
233418
233419
233420
233421
233422
233423
233429
233430
233431
233432
233433
233434
233436
233438
233439
233446
233447
233448
233449
233450
233451
233458
233459
233460
233462
233468
233469
233470
233471
233472
233473
233479
233480
233481
233482
233483
233484
233486
233488
233489
233496
233497
233498
233499
233500
233501
233508
233509
233510
233512
233518
233519
233520
233521
233522
233523
233529
233530
233531
233532
233533
233534
233536
233538
233539
233546
233547
233548
233549
233550
233551
233558
233559
233560
233562
233568
233569
233570
233571
233572
233573
233579
233580
233582
233584
233587
233588
233595
233596
233597
233604
233605
233606
233607
233608
233615
233616
233621
233622
233623
233624
233625
233626
233627
233628
233629
233630
233631
233632
233633
233634
233635
233636
233637
233638
233639
233640
233641
233642
233643
233644
233645
233646
233647
233648
233649
233650
233651
233657
233658
233659
233660
233661
233662
233663
233664
233665
233666
233667
233668
233669
233670
233671
233672
233673
233674
233675
233681
233682
233683
233684
233685
233686
233687
233688
233689
233690
233691
233692
233693
233694
233695
233696
233697
233698
233699
233705
233706
233707
233708
233709
233710
233711
233712
233713
233714
233715
233716
233717
233718
233719
233720
233721
233722
233723
233729
233730
233731
233732
233733
233734
233735
233744
233745
233746
233747
233748
233749
233750
233751
233752
233761
233762
233763
233764
233765
233768
233769
233770
233771
233772
233773
233774
233775
233776
233777
233780
233781
233782
233783
233784
233787
233788
233789
233790
233791
233792
233793
233794
233795
233796
233799
233800
233801
233802
233803
233812
233813
233814
233815
233816
233817
233818
233819
233820
233821
233853
233854
233855
233856
233857
233866
233867
233868
233869
233870
233871
233872
233873
233874
233883
233884
233885
233886
233887
233890
233891
233892
233893
233894
233895
233896
233897
233898
233899
233902
233903
233904
233905
233906
233909
233910
233911
233912
233913
233914
233915
233916
233917
233918
233921
233922
233923
233924
233925
233934
233935
233936
233937
233938
233939
233940
233941
233942
233943
233975
233976
233977
233978
233979
233988
233989
233990
233991
233992
233993
233994
233995
233996
234005
234006
234007
234008
234009
234012
234013
234014
234015
234016
234017
234018
234019
234020
234021
234024
234025
234026
234027
234028
234031
234032
234033
234034
234035
234036
234037
234038
234039
234040
234043
234044
234045
234046
234047
234056
234057
234058
234059
234060
234061
234062
234063
234064
234065
234097
234098
234099
234100
234101
234110
234111
234112
234113
234114
234115
234116
234123
234124
234125
234126
234127
234130
234131
234132
234133
234134
234135
234136
234137
234140
234141
234142
234143
234144
234147
234148
234149
234150
234151
234152
234153
234154
234157
234158
234159
234160
234161
234170
234171
234172
234173
234174
234175
234176
234177
234205
234206
234207
234208
234209
234210
234211
234212
234213
234214
234215
234250
234251
234252
234253
234254
234255
234256
234257
234258
234259
234260
234261
234262
234263
234264
234319
234320
234321
234322
234323
234324
234325
234326
234327
234328
234329
234330
234331
234332
234333
234388
234389
234390
234391
234392
234393
234394
234395
234396
234397
234398
234399
234400
234401
234402
234467
234468
234472
234473
234474
234478
234479
234480
234484
234485
234486
234490
234491
234492
234493
234494
234495
234496
234497
234498
234514
234515
234516
234517
234518
234519
234520
234521
234522
234523
234524
234525
234526
234527
234528
234529
234530
234531
234532
234533
234534
234535
234536
234537
234538
234539
234540
234545
234546
234547
234548
234549
234550
234551
234552
234553
234554
234555
234556
234557
234558
234559
234560
234561
234562
234563
234564
234565
234566
234567
234568
234569
234570
234571
234572
234573
234574
234575
234576
234577
234578
234579
234580
234586
234587
234595
234596
234597
234598
234599
234600
234601
234602
234603
234604
234609
234610
234611
234612
234613
234614
234615
234616
234617
234618
234619
234620
234621
234622
234623
234624
234625
234626
234627
234628
234629
234630
234631
234632
234633
234634
234635
234636
234637
234638
234639
234640
234641
234642
234648
234656
234657
234658
234659
234660
234661
234662
234663
234664
234665
234670
234671
234672
234673
234674
234675
234676
234677
234678
234679
234680
234681
234682
234683
234684
234685
234686
234687
234688
234689
234690
234691
234692
234693
234694
234695
234696
234697
234698
234699
234700
234701
234702
234703
234709
234717
234718
234719
234720
234721
234722
234723
234724
234725
234726
234731
234732
234733
234734
234735
234736
234737
234738
234739
234740
234741
234742
234743
234744
234745
234746
234747
234748
234749
234750
234751
234752
234753
234754
234755
234756
234757
234770
234771
234772
234773
234774
234775
234776
234777
234778
234779
234780
234781
234782
234783
234784
234785
234786
234787
234788
234789
234790
234791
234792
234793
234794
234795
234796
234797
234798
234799
234800
234801
234802
234803
234804
234805
234806
234807
234808
234809
234812
234813
234814
234815
234872
234873
234874
234875
234876
234877
234878
234879
234880
234881
234882
234883
234884
234885
234886
234887
234888
234889
234890
234891
234892
234893
234894
234895
234896
234897
234898
234899
234900
234901
234902
234903
234904
234905
234906
234907
234908
234909
234910
234911
234912
234913
234914
234915
234916
234917
234918
234919
234920
234921
234922
234923
234924
234926
234928
234930
234931
234932
235007
235008
235009
235010
235011
235012
235013
235014
235015
235016
235017
235018
235019
235020
235021
235022
235023
235024
235025
235026
235027
235028
235029
235030
235031
235032
235033
235034
235035
235036
235037
235038
235039
235040
235041
235042
235043
235044
235045
235046
235047
235048
235049
235050
235051
235052
235053
235054
235055
235056
235057
235058
235059
235061
235063
235065
235066
235067
235142
235143
235144
235145
235146
235147
235148
235149
235150
235151
235152
235153
235154
235155
235156
235157
235158
235159
235160
235161
235162
235163
235164
235165
235166
235167
235168
235169
235170
235171
235172
235173
235174
235175
235176
235177
235178
235179
235180
235181
235182
235183
235184
235185
235186
235187
235188
235189
235190
235191
235192
235193
235194
235196
235198
235200
235201
235202
235277
235278
235279
235280
235289
235290
235291
235292
235293
235294
235295
235296
235297
235298
235299
235300
235301
235302
235303
235326
235327
235328
235329
235330
235331
235332
235333
235334
235335
235336
235337
235338
235339
235340
235363
235364
235365
235366
235367
235368
235369
235370
235371
235372
235373
235374
235375
235376
235398
235399
235400
235408
235409
235420
235427
235428
235438
235445
235446
235456
235461
235462
235469
235470
235471
235472
235500
235508
235509
235520
235527
235528
235538
235545
235546
235556
235561
235562
235573
235574
235575
235576
235606
235614
235615
235626
235633
235634
235644
235651
235652
235662
235667
235668
235679
235680
235681
235682
235712
235720
235721
235730
235737
235738
235746
235753
235754
235762
235767
235768
235778
235779
235780
235781
235782
235809
235810
235811
235812
235813
235814
235815
235816
235817
235818
235819
235820
235821
235822
235823
235824
235825
235826
235827
235828
235829
235830
235831
235832
235833
235834
235835
235836
235837
235838
235839
235840
235841
235842
235843
235844
235845
235846
235847
235848
235849
235850
235851
235852
235853
235854
235855
235856
235857
235858
235859
235860
235861
235862
235863
235864
235865
235866
235867
235868
235893
235894
235895
235896
235897
235898
235899
235900
235901
235902
235903
235904
235905
235906
235907
235908
235909
235910
235911
235912
235913
235914
235915
235916
235917
235918
235919
235920
235921
235922
235923
235924
235925
235926
235927
235928
235929
235930
235931
235932
235933
235934
235935
235936
235937
235938
235939
235940
235941
235942
235943
235944
235945
235946
235947
235948
235949
235950
235951
235952
235953
235954
235955
235956
235957
235958
235981
235982
235983
235984
235985
235986
235987
235988
235989
235990
235991
235992
235993
235994
235995
235996
235997
235998
235999
236000
236001
236002
236003
236004
236005
236006
236007
236008
236009
236010
236011
236012
236013
236014
236015
236016
236017
236018
236019
236020
236021
236022
236023
236024
236025
236026
236027
236028
236029
236030
236031
236032
236033
236034
236035
236036
236037
236038
236039
236040
236041
236042
236043
236044
236045
236046
236069
236070
236071
236072
236073
236074
236075
236076
236077
236078
236079
236080
236081
236082
236083
236084
236085
236086
236087
236088
236089
236090
236091
236092
236093
236094
236095
236096
236097
236098
236099
236100
236101
236102
236103
236104
236105
236106
236107
236108
236109
236110
236111
236112
236113
236114
236115
236116
236117
236118
236119
236120
236121
236122
236123
236124
236125
236126
236127
236128
236129
236130
236131
236132
236133
236134
236157
236158
236159
236160
236161
236162
236163
236164
236165
236166
236167
236168
236169
236170
236171
236172
236173
236174
236175
236195
236196
236197
236198
236199
236200
236201
236202
236203
236204
236205
236206
236207
236208
236209
236210
236211
236212
236213
236214
236215
236216
236217
236218
236219
236220
236221
236222
236240
236241
236242
236243
236244
236245
236246
236247
236248
236249
236250
236251
236252
236267
236268
236269
236270
236271
236272
236273
236274
236275
236276
236277
236278
236279
236280
236281
236282
236283
236284
236285
236286
236287
236288
236289
236290
236291
236292
236293
236294
236310
236311
236312
236313
236314
236315
236316
236317
236318
236333
236334
236335
236336
236337
236338
236339
236340
236341
236342
236343
236344
236345
236346
236347
236348
236349
236350
236351
236352
236368
236369
236370
236371
236372
236373
236374
236375
236376
236399
236400
236401
236402
236403
236404
236405
236406
236407
236408
236409
236410
236411
236412
236413
236414
236415
236416
236470
236471
236472
236473
236474
236475
236476
236477
236478
236479
236480
236481
236482
236502
236503
236504
236505
236506
236507
236508
236509
236510
236511
236512
236513
236514
236515
236516
236517
236518
236519
236520
236521
236522
236523
236524
236525
236526
236527
236528
236529
236547
236548
236549
236550
236551
236552
236553
236554
236555
236556
236557
236558
236559
236574
236575
236576
236577
236578
236579
236580
236581
236582
236583
236584
236585
236586
236587
236588
236589
236590
236591
236592
236593
236594
236595
236596
236597
236598
236599
236600
236601
236617
236618
236619
236620
236621
236622
236623
236624
236625
236640
236641
236642
236643
236644
236645
236646
236647
236648
236649
236650
236651
236652
236653
236654
236655
236656
236657
236658
236659
236675
236676
236677
236678
236679
236680
236681
236682
236683
236702
236703
236704
236705
236706
236707
236708
236709
236710
236711
236712
236713
236714
236715
236716
236717
236718
236719
236773
236774
236775
236776
236777
236778
236779
236780
236781
236782
236783
236784
236785
236805
236806
236807
236808
236809
236810
236811
236812
236813
236814
236815
236816
236817
236818
236819
236820
236821
236822
236823
236824
236825
236826
236827
236828
236829
236830
236831
236832
236850
236851
236852
236853
236854
236855
236856
236857
236858
236859
236860
236861
236862
236877
236878
236879
236880
236881
236882
236883
236884
236885
236886
236887
236888
236889
236890
236891
236892
236893
236894
236895
236896
236897
236898
236899
236900
236901
236902
236903
236904
236920
236921
236922
236923
236924
236925
236926
236927
236928
236943
236944
236945
236946
236947
236948
236949
236950
236951
236952
236953
236954
236955
236956
236957
236958
236959
236960
236961
236962
236978
236979
236980
236981
236982
236983
236984
236985
236986
237005
237006
237007
237008
237009
237010
237011
237012
237013
237014
237015
237016
237017
237018
237019
237020
237021
237022
237076
237077
237078
237079
237080
237081
237082
237083
237084
237085
237086
237087
237088
237108
237109
237110
237111
237112
237113
237114
237115
237116
237117
237118
237119
237120
237121
237122
237123
237124
237125
237126
237127
237128
237129
237130
237131
237132
237133
237149
237150
237151
237152
237153
237154
237155
237156
237157
237158
237159
237160
237161
237176
237177
237178
237179
237180
237181
237182
237183
237184
237185
237186
237187
237188
237189
237190
237191
237192
237193
237194
237195
237196
237197
237198
237199
237200
237201
237215
237216
237217
237218
237219
237220
237221
237222
237223
237238
237239
237240
237241
237242
237243
237244
237245
237246
237247
237248
237249
237250
237251
237252
237253
237254
237255
237269
237270
237271
237272
237273
237274
237275
237276
237277
237296
237297
237298
237299
237300
237301
237302
237303
237304
237305
237306
237307
237308
237309
237310
237311
237369
237370
237371
237372
237373
237374
237376
237377
237380
237381
237384
237385
237389
237390
237395
237396
237397
237398
237399
237400
237401
237402
237403
237404
237405
237406
237407
237408
237409
237410
237411
237412
237413
237414
237415
237416
237417
237418
237419
237420
237421
237422
237423
237424
237425
237426
237427
237428
237429
237430
237431
237432
237433
237434
237435
237436
237437
237438
237439
237440
237441
237442
237443
237444
237445
237446
237447
237448
237449
237450
237451
237452
237453
237454
237455
237456
237457
237458
237459
237460
237461
237462
237463
237464
237465
237466
237467
237468
237469
237470
237471
237472
237473
237474
237475
237476
237477
237478
237479
237480
237481
237482
237483
237484
237485
237486
237487
237488
237489
237490
237491
237492
237493
237494
237495
237496
237497
237498
237499
237500
237501
237502
237503
237504
237505
237506
237507
237508
237509
237510
237511
237512
237513
237514
237515
237516
237517
237518
237519
237520
237521
237522
237523
237524
237525
237526
237527
237528
237529
237530
237531
237532
237533
237534
237535
237536
237537
237538
237539
237540
237541
237542
237543
237544
237545
237546
237547
237548
237549
237550
237551
237552
237553
237554
237555
237556
237575
237576
237577
237578
237579
237580
237611
237612
237613
237616
237617
237618
237619
237620
237621
237622
237623
237626
237627
237628
237629
237630
237631
237632
237633
237634
237635
237637
237638
237639
237640
237641
237642
237643
237644
237645
237646
237647
237648
237651
237652
237653
237654
237655
237656
237657
237658
237659
237660
237661
237662
237663
237664
237665
237666
237667
237668
237670
237671
237672
237673
237674
237675
237676
237681
237682
237683
237684
237759
237760
237761
237764
237765
237768
237769
237771
237772
237775
237776
237777
237779
237780
237781
237829
237830
237831
237834
237835
237838
237839
237841
237842
237845
237846
237847
237849
237850
237851
237899
237900
237901
237904
237905
237908
237909
237911
237912
237915
237916
237917
237919
237920
237921
237969
237970
237971
237974
237975
237978
237979
237981
237982
237985
237986
237987
237989
237990
237991
238039
238040
238041
238044
238045
238048
238049
238051
238052
238055
238056
238057
238058
238059
238061
238106
238107
238108
238111
238112
238115
238116
238118
238119
238122
238123
238124
238164
238165
238166
238169
238170
238173
238174
238176
238177
238180
238181
238182
238222
238223
238224
238227
238228
238231
238232
238234
238235
238238
238239
238240
238280
238281
238282
238285
238286
238289
238290
238292
238293
238296
238297
238298
238338
238339
238340
238343
238344
238347
238348
238350
238351
238356
239877
239878
239879
239882
239884
239886
239889
239890
239896
239947
239948
239987
239990
239993
239994
239995
239996
239997
240012
240013
240014
240015
240016
240017
240018
240019
240020
240021
240022
240023
240025
240026
240028
240029
240030
240031
240032
240033
240034
240035
240036
240037
240038
240045
240046
240047
240048
240118
240119
240122
240123
240124
240126
240127
240128
240129
240132
240133
240134
240135
240138
240139
240140
240141
240144
240145
240146
240147
240148
240149
240150
240151
240152
240153
240154
240155
240156
240157
240158
240159
240160
240161
240162
240163
240164
240165
240180
240181
240208
240209
240210
240211
240212
240213
240214
240215
240216
240217
240218
240219
240224
240225
240226
240227
240228
240229
240230
240231
240232
240233
240234
240235
240236
240237
240238
240240
240241
240243
240263
240264
240265
240266
240267
240268
240271
240272
240273
240275
240276
240277
240278
240280
240281
240286
240287
240288
240291
240292
240295
240296
240297
240298
240299
240300
240301
240302
240303
240304
240305
240306
240307
240308
240309
240310
240311
240312
240313
240314
240315
240316
240317
240319
240320
240322
240323
240386
240387
240388
240389
240390
240391
240394
240395
240396
240398
240399
240400
240401
240403
240404
240409
240410
240411
240414
240415
240418
240419
240420
240421
240422
240423
240424
240425
240426
240427
240428
240429
240430
240431
240432
240433
240434
240435
240436
240437
240438
240439
240440
240442
240443
240445
240446
240509
240510
240511
240512
240513
240514
240517
240518
240519
240521
240522
240523
240524
240526
240527
240532
240533
240534
240537
240538
240541
240542
240544
240545
240546
240547
240548
240549
240550
240551
240552
240553
240554
240555
240556
240557
240558
240559
240560
240561
240562
240563
240565
240566
240568
240569
240632
240633
240634
240635
240636
240637
240640
240641
240642
240644
240645
240646
240647
240649
240650
240655
240656
240657
240660
240661
240665
240667
240668
240669
240670
240671
240672
240673
240674
240728
240729
240730
240731
240732
240733
240736
240737
240738
240740
240741
240742
240743
240745
240746
240751
240752
240753
240756
240757
240761
240812
240813
240814
240815
240816
240817
240820
240821
240822
240824
240825
240826
240827
240829
240830
240835
240836
240837
240840
240841
240845
240896
240897
240898
240899
240900
240901
240904
240905
240906
240908
240909
240910
240911
240913
240914
240919
240920
240921
240924
240925
240929
240980
240981
240982
240983
240984
240985
240988
240989
240990
240992
240993
240994
240995
240997
240998
241003
241004
241005
241008
241009
241012
241013
241014
241064
241065
241066
241067
241068
241069
241072
241073
241074
241076
241077
241078
241079
241081
241082
241087
241088
241089
241092
241093
241096
241097
241098
241148
241149
241150
241151
241152
241153
241156
241157
241158
241160
241161
241162
241163
241165
241166
241171
241172
241173
241176
241180
241181
241182
241232
241234
241236
241237
241240
241244
241245
241246
241247
241249
241255
241264
241320
243412
243449
243450
243451
243452
243453
243454
243474
243475
243476
243477
243478
243479
243480
243481
243482
243499
243500
243501
243502
243503
243504
243522
243523
243524
243525
243526
243527
243545
243546
243547
243548
243549
243550
243987
243988
243989
243990
243991
243992
243993
243994
243995
243996
243997
243998
243999
244000
244002
244003
244004
244005
244006
244007
244024
244025
244026
244027
244028
244029
244030
244031
244032
244033
244034
244035
244037
244038
244039
244040
244041
244042
244052
244053
244054
244055
244056
244057
244058
244059
244060
244061
244062
244063
244065
244066
244067
244068
244069
244070
244080
244081
244082
244083
244084
244085
244086
244087
244088
244089
244090
244091
244093
244094
244095
244096
244097
244098
244108
244109
244110
244111
244112
244113
244192
244193
244194
244195
244196
244197
244198
244199
244200
244201
244202
244203
244204
244205
244206
244207
244208
244209
244210
244211
244212
244213
244214
244215
244323
244324
244325
244326
244327
244328
244329
244330
244331
244339
244340
244348
244349
244350
244351
244352
244353
244354
244355
244356
244357
244358
244367
244368
244369
244370
244371
244372
244373
244374
244375
244376
244377
244384
244385
244386
244387
244388
244389
244390
244391
244392
244393
244394
244395
244396
244397
244403
244404
244405
244406
244407
244409
244410
244412
244413
244414
244415
244416
244417
244418
244419
244420
244421
244422
244423
244424
244425
244426
244427
244428
244429
244430
244431
244432
244433
244434
244435
244436
244437
244438
244439
244451
244452
244453
244454
244611
244612
244613
244614
244615
244616
244617
244618
244619
244620
244628
244629
244630
244631
244632
244633
244634
244635
244636
244637
244638
244646
244647
244648
244649
244650
244651
244652
244653
244654
244655
244656
244657
244658
244659
244660
244661
244662
244663
244664
244665
244666
244667
244668
244677
244678
244679
244680
244681
244682
244683
244684
244685
244686
244687
244688
244689
244690
244691
244692
244693
244694
244695
244696
244697
244698
244699
244700
244707
244708
244709
244710
244711
244712
244713
244714
244715
244716
244717
244718
244719
244720
244721
244722
244723
244724
244725
244726
244727
244728
244729
244730
244731
244732
244733
244739
244740
244741
244742
244743
244744
244745
244746
244747
244748
244749
244751
244752
244754
244755
244756
244757
244758
244759
244760
244761
244762
244763
244764
244765
244766
244767
244768
244769
244770
244771
244772
244773
244774
244775
244776
244777
244778
244779
244780
244781
244782
244783
244784
244785
244786
244787
244799
244800
244801
244802
244803
244804
244805
244806
244807
244808
245023
245024
245025
245026
245027
245028
245029
245030
245031
245032
245040
245041
245042
245043
245044
245045
245053
245054
245055
245056
245057
245058
245059
245060
245061
245062
245071
245072
245073
245074
245075
245076
245077
245084
245085
245086
245087
245088
245089
245090
245091
245097
245098
245099
245101
245102
245104
245105
245106
245107
245108
245109
245110
245111
245112
245113
245114
245115
245116
245117
245118
245119
245120
245121
245122
245123
245124
245125
245126
245127
245128
245129
245130
245142
245143
245308
245309
245310
245311
245312
245313
245314
245315
245316
245317
245325
245326
245327
245328
245329
245330
245338
245339
245340
245341
245342
245343
245344
245345
245346
245347
245356
245357
245358
245359
245360
245361
245362
245369
245370
245371
245372
245373
245374
245375
245376
245382
245383
245384
245390
245391
245392
245393
245394
245395
245396
245397
245398
245399
245400
245401
245402
245403
245404
245405
245406
245407
245408
245409
245410
245411
245412
245413
245414
245415
245427
245428
245593
245594
245595
245596
245597
245598
245599
245600
245601
245602
245610
245611
245612
245613
245614
245615
245623
245624
245625
245626
245627
245628
245629
245630
245631
245632
245641
245642
245643
245644
245645
245646
245647
245654
245655
245656
245657
245658
245659
245660
245661
245667
245668
245669
245675
245676
245677
245678
245679
245680
245681
245682
245683
245684
245685
245686
245687
245688
245689
245690
245691
245692
245693
245694
245695
245696
245697
245698
245699
245700
245713
245714
245870
245871
245872
245873
245874
245875
245876
245877
245878
245879
245887
245888
245889
245890
245891
245892
245900
245901
245902
245903
245904
245905
245906
245907
245908
245909
245918
245919
245920
245921
245922
245923
245924
245931
245932
245933
245934
245935
245936
245937
245938
245944
245945
245946
245947
245948
245949
245950
245952
245953
245954
245956
245957
245958
245960
245961
245962
245964
245965
245966
245967
245968
245974
245975
246131
246132
246133
246134
246135
246136
246137
246138
246139
246140
246148
246149
246150
246151
246152
246153
246161
246162
246163
246164
246165
246166
246167
246168
246169
246170
246179
246180
246181
246182
246183
246184
246185
246192
246193
246194
246195
246196
246197
246198
246199
246205
246206
246207
246208
246209
246210
246211
246212
246213
246214
246216
246217
246218
246225
246374
246375
246376
246377
246378
246379
246380
246381
246382
246383
246391
246392
246393
246394
246395
246396
246404
246405
246406
246407
246408
246409
246410
246411
246412
246413
246422
246423
246424
246425
246426
246427
246428
246435
246436
246437
246438
246439
246440
246441
246442
246448
246449
246450
246451
246452
246453
246596
246597
246598
246599
246600
246601
246602
246603
246604
246605
246613
246614
246615
246616
246617
246618
246626
246627
246628
246629
246630
246631
246632
246633
246634
246635
246644
246645
246646
246647
246648
246649
246650
246657
246658
246659
246660
246661
246662
246663
246664
246670
246671
246672
246673
246674
246675
246818
246819
246820
246821
246822
246823
246824
246825
246826
246827
246835
246836
246837
246838
246839
246840
246848
246849
246850
246851
246852
246853
246854
246855
246856
246857
246866
246867
246868
246869
246870
246871
246872
246879
246880
246881
246882
246883
246884
246885
246886
246892
246893
246894
246895
246896
246897
247040
247041
247042
247043
247044
247045
247046
247047
247048
247049
247057
247058
247059
247060
247061
247062
247070
247071
247073
247074
247075
247076
247077
247078
247079
247088
247089
247090
247091
247092
247093
247094
247101
247102
247103
247104
247105
247106
247107
247108
247114
247116
247119
247267
247268
247269
247270
247271
247281
247282
247284
247295
247297
247298
247299
247300
247313
247315
247328
253151
253152
253153
253154
253155
253159
253160
253161
253162
253163
253165
253166
253167
253168
253169
253170
253174
253175
253176
253180
253182
253228
253232
253234
253239
253243
253245
253250
253256
253261
253267
253268
253269
253270
253271
253272
253273
253274
253275
253276
253277
253278
253279
253280
253281
253282
253283
253284
253285
253286
253287
253302
253304
253307
253309
253311
253438
253445
253452
253459
253466
253467
253468
253469
253470
253471
253485
253523
253526
253528
253529
253544
253545
253546
253547
253548
253549
253550
253551
253552
253553
253554
253555
253556
253557
253558
253559
253560
253561
253562
253563
253564
253565
253566
253567
253568
253569
253570
253571
253572
253576
253577
253578
253579
253610
253630
253631
253641
253642
253643
253644
253645
253646
253647
253648
253649
253669
253670
253671
253672
253673
253674
253675
253676
253677
253678
253679
253680
253694
253695
253696
253697
253698
253699
253705
253706
253707
253708
253709
253710
253716
253717
253718
253719
253720
253721
253722
253723
253724
253725
253726
253727
253728
253729
253730
253731
253732
253733
253734
253735
253736
253737
253738
253739
253740
253741
253742
253743
253744
253745
253746
253747
253748
253749
253750
253751
253752
253764
253765
253766
253767
253768
253769
253770
253771
253772
253773
253774
253775
253776
253777
253778
253779
253780
253781
253782
253783
253784
253785
253786
253787
253788
253789
253790
253791
253792
253793
253794
253795
253796
253797
253798
253799
253800
253801
253802
253803
253804
253805
253806
253807
253808
253809
253810
253811
253812
253834
253835
253846
253967
253968
253969
253971
253972
253973
253974
253994
253996
253997
254011
254012
254018
254019
254025
254026
254032
254033
254034
254035
254036
254037
254038
254039
254040
254041
254042
254043
254044
254045
254046
254047
254048
254049
254050
254051
254052
254059
254060
254084
254085
254087
254088
254089
254093
254094
254095
254099
254100
254101
254105
254106
254107
254108
254109
254110
254111
254112
254113
254114
254115
254116
254117
254118
254119
254125
254126
254147
254148
254149
254150
254161
254162
254168
254169
254170
254171
254176
254177
254178
254179
254184
254185
254186
254187
254192
254193
254194
254195
254196
254197
254198
254199
254200
254201
254202
254203
254204
254205
254206
254207
254208
254209
254210
254211
254212
254213
254214
254215
254216
254217
254233
254234
254235
254236
254237
254238
254239
254289
254290
254291
254292
254293
254294
254309
254310
254311
254312
254313
254314
254315
254316
254317
254318
254319
254320
254321
254322
254323
254324
254325
254330
254332
254334
254335
254336
254337
254338
254340
254341
254342
254357
254358
254359
254360
254361
254368
254370
254371
254372
254373
254374
254375
254376
254377
254379
254381
254382
254383
254384
254385
254386
254387
254388
254389
254390
254391
254392
254393
254394
254395
254396
254397
254398
254399
254400
254401
254402
254403
254404
254405
254441
254443
254444
254445
254446
254447
254448
254449
254450
254451
254452
254454
254456
254457
254458
254459
254460
254461
254462
254463
254464
254465
254466
254467
254468
254469
254470
254471
254472
254473
254474
254475
254476
254477
254478
254479
254480
254481
254522
254524
254525
254526
254527
254528
254529
254530
254531
254532
254533
254535
254537
254538
254539
254540
254541
254542
254543
254544
254545
254546
254547
254548
254549
254550
254551
254552
254553
254554
254555
254556
254557
254558
254599
254601
254602
254603
254604
254605
254606
254607
254608
254609
254610
254612
254614
254615
254616
254617
254619
254620
254621
254622
254670
254672
254673
254674
254675
254676
254677
254678
254679
254680
254681
254683
254685
254686
254687
254688
254690
254729
254731
254732
254733
254734
254735
254736
254737
254738
254739
254740
254742
254744
254745
254746
254747
254749
254788
254790
254791
254792
254793
254794
254795
254796
254797
254798
254799
254801
254803
254804
254805
254806
254808
254847
254849
254850
254851
254852
254853
254854
254855
254856
254857
254858
254860
254862
254863
254864
254865
254866
254867
254906
254908
254909
254910
254911
254912
254913
254914
254915
254916
254917
254919
254921
254922
254923
254924
254925
254926
254965
254967
254968
254969
254970
254971
254972
254973
254974
254975
254976
254978
254980
254981
254982
254983
254984
254985
255024
255026
255027
255028
255029
255031
255032
255033
255034
255035
255037
255040
255041
255042
255043
256548
256558
256559
256583
256584
256585
256586
256587
256588
256589
256590
256591
256592
256593
256594
256595
256596
256597
256598
256599
256600
256601
256602
256603
256604
256605
256606
256607
256608
256609
256610
256611
256612
256613
256614
256615
256616
256639
256640
256641
256642
256643
256646
256649
256650
256654
256655
256656
256657
256661
256662
256663
256664
256665
256666
256667
256668
256669
256670
256671
256672
256673
256674
256675
256676
256677
256679
256680
256681
256682
256683
256684
256685
256686
256687
256688
256689
256690
256691
256692
256693
256694
256695
256696
256697
256698
256699
256700
256701
256702
256703
256704
256705
256706
256707
256708
256709
256710
256711
256712
256713
256714
256715
256785
256786
256787
256788
256789
256790
256791
256792
256793
256794
256800
256801
256802
256803
256804
256805
256809
256810
256817
256818
256819
256820
256821
256822
256823
256824
256828
256829
256833
256834
256835
256836
256837
256838
256839
256840
256841
256842
256843
256844
256845
256846
256847
256848
256849
256850
256851
256852
256853
256854
256855
256856
256857
256859
256860
256861
256862
256863
256864
256865
256866
256867
256868
256869
256870
256871
256872
256873
256874
256875
256876
256877
256878
256879
256880
256881
256882
256883
256884
256885
256886
256887
256888
256889
256890
256891
256892
256893
256894
256895
257014
257015
257016
257017
257018
257019
257020
257021
257022
257023
257029
257030
257031
257032
257033
257034
257038
257039
257046
257047
257048
257049
257050
257051
257052
257053
257057
257058
257062
257063
257064
257065
257066
257067
257068
257069
257070
257071
257072
257073
257074
257075
257076
257077
257078
257079
257080
257081
257082
257083
257084
257085
257086
257088
257089
257090
257091
257092
257093
257094
257095
257096
257097
257098
257099
257100
257101
257102
257103
257104
257105
257106
257107
257108
257109
257110
257111
257112
257113
257114
257115
257116
257117
257118
257119
257120
257121
257122
257123
257124
257243
257244
257245
257246
257247
257248
257249
257250
257251
257252
257258
257259
257260
257261
257262
257263
257267
257268
257275
257276
257277
257278
257279
257280
257281
257282
257286
257287
257291
257292
257293
257294
257295
257296
257301
257302
257303
257304
257305
257306
257307
257308
257309
257310
257311
257312
257313
257314
257315
257316
257317
257318
257319
257437
257438
257439
257440
257441
257442
257443
257444
257445
257446
257452
257453
257454
257455
257456
257457
257461
257462
257469
257470
257471
257472
257473
257474
257475
257476
257480
257481
257485
257486
257487
257488
257489
257490
257593
257594
257595
257596
257597
257598
257599
257600
257601
257602
257608
257609
257610
257611
257612
257613
257617
257618
257625
257626
257627
257628
257629
257630
257631
257632
257636
257637
257641
257642
257643
257644
257645
257646
257749
257750
257751
257752
257753
257754
257755
257756
257757
257758
257764
257765
257766
257767
257768
257769
257773
257774
257781
257782
257783
257784
257785
257786
257787
257788
257792
257793
257797
257798
257799
257800
257801
257802
257905
257906
257907
257908
257909
257910
257911
257912
257913
257914
257920
257921
257922
257923
257924
257925
257929
257930
257937
257938
257939
257940
257941
257942
257943
257944
257948
257949
257953
257954
257955
257956
257957
257958
257960
257961
257962
258061
258062
258063
258064
258065
258066
258067
258068
258069
258070
258076
258077
258078
258079
258080
258081
258085
258086
258093
258094
258095
258096
258097
258098
258099
258100
258104
258105
258109
258110
258111
258112
258113
258114
258115
258116
258117
258118
258217
258218
258219
258220
258221
258222
258223
258224
258225
258226
258232
258233
258234
258235
258236
258237
258241
258242
258249
258250
258251
258252
258253
258254
258255
258256
258260
258261
258265
258266
258267
258268
258269
258270
258271
258272
258273
258274
258373
258374
258375
258376
258377
258378
258379
258380
258381
258382
258388
258389
258390
258391
258392
258393
258397
258398
258405
258406
258407
258408
258409
258410
258411
258412
258416
258417
258421
258422
258427
258428
258429
258430
258531
258537
258538
258548
258549
262438
262439
262440
262441
262442
262443
262464
262465
262466
262467
262468
262469
262470
262471
262472
262473
262474
262484
262485
262486
262487
262488
262489
262490
262491
262492
262493
262494
262495
262510
262511
262512
262513
262514
262515
262516
262517
262518
262519
262520
262521
262536
262537
262538
262539
262540
262541
262542
262543
262544
262545
262546
262547
262548
263027
263028
263029
263030
263031
263032
263033
263034
263035
263055
263056
263077
263078
263102
263103
263572
263573
263574
263575
263576
263577
263578
263579
263611
263612
263613
263614
263615
263616
263636
263637
263638
263639
263640
263641
263661
263662
263663
263664
263665
263666
263683
263684
263685
263686
263687
263688
263689
263690
263691
263692
263693
263694
263695
263696
263697
263698
263699
263700
263701
263702
263703
263704
263705
263706
263707
263708
263709
263710
263711
263712
263732
263733
263734
263735
263736
263737
263738
263739
263740
263741
263742
263743
263744
263745
263746
263747
263748
263749
263750
263751
263752
263753
263754
263755
263756
263757
263778
263779
263780
263781
263782
263783
263784
263785
263786
263787
263788
263789
263790
263791
263792
263793
263794
263795
263796
263797
263798
263799
263800
263801
263802
263803
263824
263825
263826
263827
263828
263829
263830
263831
263832
263833
263834
263835
263836
263837
263838
263839
263840
263841
263842
263843
263844
263845
263846
263847
263848
263849
263870
263871
263872
263873
263874
263875
263876
263881
263882
263883
263884
263885
263886
263889
263890
263900
263901
263902
263903
263904
263905
263906
263907
263908
263909
263910
263911
263912
263913
263914
263915
263916
263917
263918
263919
263920
263921
263922
263924
263925
263926
263957
263958
263959
263960
263961
263962
263963
263964
263965
263966
263967
263968
263969
263970
263971
263972
263973
263974
263975
263976
263977
263978
263979
263980
263994
263995
263996
263997
263998
263999
264000
264001
264002
264003
264004
264005
264006
264007
264008
264009
264010
264011
264012
264013
264014
264015
264016
264017
264031
264032
264033
264034
264035
264036
264037
264038
264039
264040
264041
264042
264043
264044
264045
264046
264047
264048
264049
264050
264051
264052
264053
264054
264077
264078
264079
264080
264173
264174
264175
264176
264177
264178
264179
264180
264181
264182
264183
264184
264185
264186
264187
264188
264189
264190
264191
264192
264193
264194
264195
264196
264315
264316
264317
264318
264319
264320
264321
264322
264323
264324
264325
264326
264334
264335
264336
264337
264338
264339
264340
264341
264342
264343
264344
264345
264346
264347
264348
264349
264350
264351
264352
264353
264354
264355
264356
264357
264358
264359
264367
264368
264369
264370
264371
264372
264373
264374
264375
264376
264377
264378
264379
264380
264381
264382
264383
264384
264385
264386
264387
264388
264389
264390
264391
264392
264393
264394
264395
264396
264403
264404
264405
264406
264407
264408
264409
264410
264411
264412
264413
264414
264415
264416
264417
264418
264419
264420
264421
264422
264423
264424
264425
264426
264427
264428
264429
264430
264431
264432
264433
264434
264435
264436
264437
264438
264439
264440
264448
264449
264450
264451
264452
264453
264454
264455
264456
264457
264458
264459
264460
264461
264462
264463
264464
264465
264466
264467
264468
264469
264470
264471
264472
264473
264474
264475
264477
264478
264479
264480
264481
264482
264483
264484
264485
264486
264487
264488
264489
264490
264491
264492
264493
264494
264495
264496
264497
264498
264499
264500
264505
264509
264510
264511
264512
264513
264514
264515
264516
264517
264518
264519
264520
264521
264522
264523
264524
264525
264526
264527
264528
264529
264530
264531
264532
264533
264534
264535
264555
264558
264560
264561
264563
264564
264566
264568
264821
264822
264823
264824
264825
264826
264827
264828
264829
264830
264831
264832
264840
264841
264842
264843
264844
264845
264846
264847
264848
264856
264857
264858
264859
264860
264861
264862
264869
264870
264871
264872
264873
264874
264875
264876
264877
264885
264886
264887
264888
264889
264891
264892
264893
264894
264895
264896
264897
264898
264899
264900
264901
264906
264910
264911
264912
264913
264914
264915
264916
264917
264918
264919
264920
264921
264922
264923
264924
264925
265122
265123
265124
265125
265126
265127
265128
265129
265130
265131
265132
265133
265141
265142
265143
265144
265145
265146
265147
265148
265149
265157
265158
265159
265160
265161
265162
265163
265170
265171
265172
265173
265174
265175
265176
265177
265178
265186
265187
265188
265189
265190
265192
265193
265194
265195
265196
265197
265198
265199
265200
265201
265202
265207
265211
265212
265213
265214
265215
265216
265217
265218
265219
265220
265221
265222
265223
265224
265225
265226
265423
265424
265425
265426
265427
265428
265429
265430
265431
265432
265433
265434
265442
265443
265444
265445
265446
265447
265448
265449
265450
265458
265459
265460
265461
265462
265463
265464
265471
265472
265473
265474
265475
265476
265477
265478
265479
265487
265488
265489
265490
265491
265493
265494
265495
265496
265497
265498
265499
265500
265501
265502
265503
265512
265513
265514
265515
265516
265517
265518
265519
265520
265521
265522
265523
265524
265525
265526
265527
265721
265722
265723
265724
265725
265726
265727
265728
265729
265730
265731
265732
265740
265741
265742
265743
265744
265745
265746
265747
265748
265756
265757
265758
265759
265760
265761
265762
265769
265770
265771
265772
265773
265774
265775
265776
265777
265785
265786
265787
265788
265789
265791
265792
265793
265794
265795
265796
265797
265798
265799
265800
265801
265810
265811
265812
265813
265814
265815
265816
265817
265818
265819
265820
265821
265822
265823
265824
266018
266019
266020
266021
266022
266023
266024
266025
266026
266027
266028
266029
266037
266038
266039
266040
266041
266042
266043
266044
266045
266053
266054
266055
266056
266057
266058
266059
266066
266067
266068
266069
266070
266071
266072
266073
266074
266082
266083
266084
266085
266086
266087
266088
266089
266091
266092
266093
266094
266095
266096
266097
266098
266099
266100
266101
266110
266111
266112
266113
266295
266296
266297
266298
266299
266300
266301
266302
266303
266304
266305
266306
266314
266315
266316
266317
266318
266319
266320
266321
266322
266330
266331
266332
266333
266334
266335
266336
266343
266344
266345
266346
266347
266348
266349
266350
266351
266359
266360
266361
266362
266363
266364
266366
266367
266368
266369
266529
266530
266531
266532
266533
266534
266535
266536
266537
266538
266539
266540
266548
266549
266550
266551
266552
266553
266554
266555
266556
266564
266565
266566
266567
266568
266569
266570
266577
266578
266579
266580
266581
266582
266583
266584
266585
266593
266594
266595
266596
266597
266598
266600
266601
266602
266603
266604
266763
266764
266765
266766
266767
266768
266769
266770
266771
266772
266773
266774
266782
266783
266784
266785
266786
266787
266788
266789
266790
266798
266799
266800
266801
266802
266803
266804
266811
266812
266813
266814
266815
266816
266817
266818
266819
266827
266828
266829
266830
266831
266832
266834
266835
266836
266837
266838
266997
266998
266999
267000
267001
267002
267003
267004
267005
267006
267007
267008
267016
267017
267018
267019
267020
267021
267022
267023
267024
267032
267033
267034
267035
267036
267037
267038
267045
267046
267047
267048
267049
267050
267051
267052
267053
267061
267062
267063
267064
267065
267066
267068
267069
267070
267071
267072
267231
267232
267233
267234
267235
267236
267237
267238
267240
267241
267242
267251
267253
267255
267256
267257
267258
267266
267267
267269
267270
267271
267272
267279
267280
267281
267282
267283
267285
267286
267287
267302
267303
267304
267305
267306
267476
273409
273410
273411
273412
273413
273414
273415
273416
273417
273421
273422
273423
273426
273427
273428
273433
273434
273435
273439
273440
273441
273442
273443
273454
273455
273456
273462
273535
273549
273593
273605
273609
273614
273618
273623
273626
273630
273631
273632
273633
273634
273635
273636
273637
273745
273746
273753
273754
273755
273761
273762
273763
273764
273765
273766
273768
273769
273770
273771
273772
273773
273774
273775
273813
273814
273815
273816
273817
273818
273819
273820
273823
273824
273825
273826
273827
273828
273829
273830
273833
273834
273835
273836
273837
273838
273839
273840
273843
273844
273845
273846
273847
273848
273849
273850
273853
273854
273855
273856
273857
273858
273859
273860
273861
273862
273863
273864
273865
273866
273867
273868
273873
273874
273875
273876
273877
273878
273879
273883
273884
273885
273886
273887
273888
273889
273890
273891
273892
273893
273894
273895
273896
273897
273898
273899
273900
273901
273902
273903
273904
273905
273906
273907
273908
273909
273910
273911
273912
273913
273914
273915
273916
273917
273918
273919
273920
273921
273922
273923
273924
273925
273942
273943
273944
273945
273946
273947
273948
273949
273950
273951
273953
273954
273955
273956
274146
274147
274148
274149
274156
274157
274158
274159
274160
274161
274162
274163
274164
274169
274170
274171
274172
274173
274174
274175
274176
274177
274178
274179
274186
274187
274188
274189
274190
274191
274192
274193
274194
274195
274196
274203
274204
274205
274206
274207
274208
274209
274210
274211
274212
274213
274220
274221
274222
274223
274224
274225
274226
274227
274228
274229
274230
274231
274232
274233
274234
274235
274236
274237
274238
274239
274240
274241
274242
274243
274244
274245
274246
274247
274248
274249
274250
274251
274252
274253
274254
274255
274256
274257
274258
274259
274260
274261
274262
274263
274264
274265
274266
274267
274268
274269
274270
274271
274272
274273
274274
274275
274276
274277
274278
274279
274280
274281
274282
274283
274284
274285
274286
274287
274288
274289
274290
274291
274292
274293
274294
274295
274296
274297
274298
274299
274300
274302
274303
274351
274352
274353
274354
274355
274356
274415
274416
274417
274418
274419
274420
274421
274422
274423
274424
274425
274426
274427
274428
274429
274430
274431
274432
274433
274434
274435
274436
274437
274450
274451
274452
274453
274454
274455
274456
274457
274458
274459
274460
274461
274462
274463
274464
274465
274466
274467
274468
274469
274470
274471
274472
274473
274474
274475
274476
274477
274478
274479
274480
274481
274482
274483
274484
274485
274486
274487
274488
274489
274490
274491
274492
274493
274494
274495
274496
274497
274498
274499
274500
274501
274502
274503
274504
274505
274506
274507
274508
274509
274510
274511
274512
274516
274517
274518
274519
274520
274521
274527
274528
274529
274587
274588
274589
274590
274591
274592
274593
274594
274595
274596
274597
274598
274599
274600
274601
274605
274606
274607
274608
274609
274610
274613
274614
274615
274616
274617
274618
274619
274620
274621
274622
274627
274628
274629
274630
274631
274640
274641
274642
274643
274644
274645
274646
274652
274653
274654
274655
274656
274657
274661
274662
274663
274664
274665
274667
274668
274669
274670
274671
274672
274673
274674
274675
274676
274677
274678
274679
274680
274681
274682
274683
274684
274685
274686
274687
274688
274689
274690
274691
274692
274693
274694
274695
274696
274697
274698
274699
274700
274701
274702
274703
274704
274705
274706
274707
274708
274709
274710
274711
274712
274713
274714
274715
274716
274717
274718
274719
274720
274721
274722
274723
274724
274725
274726
274727
274728
274729
274730
274731
274732
274733
274734
274735
274736
274737
274738
274739
274740
274741
274742
274743
274744
274745
274746
274747
274748
274749
274750
274751
274752
274756
274757
274758
274759
274760
274761
274766
274767
274768
274770
274771
274772
274925
274926
274927
274928
274929
274930
274931
274932
274933
274934
274935
274936
274937
274938
274939
274943
274944
274945
274946
274947
274948
274951
274952
274953
274954
274955
274956
274957
274958
274959
274960
274965
274966
274967
274968
274969
274978
274979
274980
274981
274982
274983
274984
274990
274991
274992
274993
274994
274995
274999
275000
275001
275002
275003
275005
275006
275007
275008
275009
275010
275011
275012
275013
275014
275015
275016
275017
275018
275019
275020
275021
275022
275023
275024
275025
275026
275027
275028
275029
275030
275031
275032
275033
275034
275035
275036
275037
275038
275039
275040
275041
275042
275043
275044
275045
275046
275047
275048
275049
275050
275051
275052
275053
275054
275055
275056
275057
275058
275059
275060
275061
275062
275063
275064
275065
275066
275067
275068
275069
275070
275071
275072
275073
275074
275075
275076
275077
275078
275079
275080
275081
275082
275083
275084
275085
275086
275087
275088
275089
275090
275094
275095
275096
275097
275098
275099
275104
275105
275106
275108
275109
275110
275263
275264
275265
275266
275267
275268
275269
275270
275271
275272
275273
275274
275275
275276
275277
275281
275282
275283
275284
275285
275286
275289
275290
275291
275292
275293
275294
275295
275296
275297
275298
275303
275304
275305
275306
275307
275316
275317
275318
275319
275320
275321
275322
275328
275329
275330
275331
275332
275333
275337
275338
275339
275340
275344
275345
275346
275347
275348
275349
275350
275351
275352
275353
275354
275355
275356
275357
275358
275359
275360
275361
275362
275363
275364
275365
275366
275367
275368
275369
275370
275371
275372
275373
275374
275375
275376
275377
275378
275379
275380
275381
275382
275383
275384
275385
275386
275387
275388
275389
275390
275391
275392
275393
275394
275395
275396
275397
275398
275399
275400
275401
275402
275403
275404
275405
275406
275407
275408
275409
275410
275411
275412
275413
275414
275415
275416
275417
275418
275419
275423
275424
275425
275426
275427
275431
275432
275433
275435
275436
275584
275585
275586
275587
275588
275589
275590
275591
275592
275593
275594
275595
275596
275597
275598
275602
275603
275604
275605
275606
275607
275610
275611
275612
275613
275614
275615
275616
275617
275618
275619
275624
275625
275626
275627
275628
275637
275638
275639
275640
275641
275642
275643
275649
275650
275651
275652
275653
275654
275660
275661
275665
275666
275667
275668
275669
275670
275671
275672
275673
275674
275675
275676
275677
275678
275679
275680
275681
275809
275810
275811
275812
275813
275814
275815
275816
275817
275818
275819
275820
275821
275822
275823
275827
275828
275829
275830
275831
275832
275835
275836
275837
275838
275839
275840
275841
275842
275843
275844
275849
275850
275851
275852
275853
275862
275863
275864
275865
275866
275867
275868
275874
275875
275876
275877
275878
275879
275885
275886
276004
276005
276006
276007
276008
276009
276010
276011
276012
276013
276014
276015
276016
276017
276018
276022
276023
276024
276025
276026
276027
276030
276031
276032
276033
276034
276035
276036
276037
276038
276039
276044
276045
276046
276047
276048
276057
276058
276059
276060
276061
276062
276063
276069
276070
276071
276072
276073
276074
276080
276081
276199
276200
276201
276202
276203
276204
276205
276206
276207
276208
276209
276210
276211
276212
276213
276217
276218
276219
276220
276221
276222
276225
276226
276227
276228
276229
276230
276231
276232
276233
276234
276239
276240
276241
276242
276243
276252
276253
276254
276255
276256
276257
276258
276264
276265
276266
276267
276268
276269
276275
276276
276279
276394
276395
276396
276397
276398
276399
276400
276401
276402
276403
276404
276405
276406
276407
276408
276412
276413
276414
276415
276416
276417
276420
276421
276422
276423
276424
276425
276426
276427
276428
276429
276434
276435
276436
276437
276438
276447
276448
276449
276450
276451
276452
276453
276459
276460
276461
276462
276463
276464
276468
276469
276470
276471
276472
276473
276474
276589
276590
276591
276592
276593
276594
276595
276596
276597
276598
276599
276600
276601
276602
276603
276607
276608
276609
276610
276611
276612
276615
276616
276617
276618
276619
276620
276621
276622
276623
276624
276629
276630
276631
276632
276633
276642
276643
276644
276645
276646
276647
276648
276654
276655
276656
276657
276658
276659
276663
276664
276665
276666
276667
276668
276669
276784
276785
276786
276787
276788
276789
276790
276791
276792
276793
276794
276795
276796
276797
276798
276802
276803
276804
276805
276806
276807
276810
276811
276812
276813
276814
276815
276816
276817
276818
276819
276824
276825
276826
276827
276828
276837
276838
276839
276840
276841
276842
276843
276849
276850
276851
276858
276859
276860
276861
276862
276863
276864
276979
276980
276981
276985
276986
276989
276990
276991
276992
276993
276997
276998
277005
277006
277007
277008
277009
277010
277011
277012
277013
277014
277019
277020
277032
277033
277034
277053
277054
277184
277186
282013
282014
282096
282097
282098
282099
282100
282101
282102
282146
282147
282148
282149
282150
282151
282152
282153
282154
282155
282156
282157
282158
282159
282160
282161
282162
282163
282164
282165
282166
282167
282168
282169
282170
282171
282172
282173
282174
282175
282176
282226
282227
282228
282229
282230
282231
282232
282233
282234
282235
282236
282237
282238
282239
282240
282241
282291
282292
282293
282294
282295
282296
282297
282298
282299
282300
282301
282302
282303
282304
282305
282306
282356
282357
282358
282359
282360
282361
282362
282363
282364
282365
282366
282367
282368
282369
282370
282371
283574
283575
283576
283577
283578
283579
283580
283581
283582
283583
283584
283585
283586
283587
283588
283589
283590
283591
283592
283593
283594
283595
283596
283597
283598
283599
283600
283604
283605
283606
283607
283608
283609
283610
283611
283648
283649
283650
283651
283652
283653
283654
283655
283656
283657
283658
283659
283660
283661
283662
283663
283664
283665
283669
283670
283671
283672
283673
283674
283675
283676
283696
283697
283698
283699
283700
283701
283702
283703
283704
283705
283706
283707
283708
283709
283710
283711
283712
283713
283717
283718
283719
283720
283721
283722
283723
283724
283744
283745
283746
283747
283748
283749
283750
283751
283752
283753
283754
283755
283756
283757
283758
283759
283760
283764
283765
283766
283767
283768
283769
283770
283790
283791
283792
283793
283794
283795
283796
283797
283798
283799
283800
283801
283802
283803
283850
283852
283854
283857
283861
283865
283889
283904
283915
283918
283920
283921
283924
283927
283928
283930
283932
283935
283937
283938
283940
283943
283945
283975
283976
283977
283978
283979
283980
283981
283982
283995
283996
283997
283998
283999
284000
284001
284002
284015
284016
284017
284018
284019
284020
284021
284022
284035
284036
284037
284038
284039
284040
284041
284042
284056
284057
284058
284059
284060
284061
284075
284076
284089
284090
284103
284104
284117
284118
284643
284644
284645
284646
284647
284648
284649
284650
284692
284693
284694
284695
284696
284697
284698
284699
284700
284701
284702
284703
284704
284705
284706
284707
284708
284709
284710
284711
284712
284713
284714
284715
284759
284760
284761
284762
284763
284764
284765
284766
284767
284768
284769
284770
284771
284772
284773
284774
284775
284776
284777
284778
284779
284780
284781
284782
284826
284827
284828
284829
284830
284831
284832
284833
284834
284835
284836
284837
284838
284839
284840
284841
284842
284843
284844
284845
284846
284847
284848
284849
284902
284903
284904
284905
284906
284907
284908
284909
284910
284911
284912
284913
284914
284915
284916
284917
284918
284919
284920
284921
284965
284966
284967
284968
284969
284970
284971
284972
284973
284974
284975
284976
285013
285014
285015
285016
285017
285018
285055
285056
285057
285058
285059
285060
285097
285098
285099
285100
285101
285102
285139
285140
285142
285143
286471
286472
286473
286474
286475
286476
286477
286478
286479
286480
286481
286482
286483
286484
286485
286486
286487
286488
286489
286490
286491
286492
286493
286494
286534
286535
286536
286537
286538
286539
286540
286541
286542
286543
286544
286545
286546
286547
286548
286549
286550
286551
286552
286553
286554
286555
286556
286557
286597
286598
286599
286600
286601
286602
286603
286604
286605
286606
286607
286608
286609
286610
286611
286612
286613
286614
286615
286616
286617
286618
286619
286620
286660
286661
286662
286663
286664
286665
286666
286667
286668
286669
286670
286671
286672
286673
286674
286675
286676
286677
286678
286679
286680
286681
286682
286683
286726
286727
286728
286729
286730
286731
286732
286733
286734
286735
286736
286737
286738
286739
286740
286741
286781
286782
286783
286784
286785
286786
286823
286824
286825
286826
286827
286828
286865
286866
286867
286868
286869
286870
286907
286908
286909
286910
286911
286912
288589
288779
288785
288788
288792
288827
288834
288852
314483
314518
315217
315220
315226
315413
315423
315427
315430
315437
315438
315458
316264
316301
316320
316322
317361
317362
317363
317364
317365
317366
317367
317368
317369
317370
317371
317372
317373
317374
317375
317376
317377
317378
317379
317380
317381
317382
317383
317384
317385
317386
317387
317388
317389
317390
317391
317392
317393
317394
317395
317396
317397
317398
317399
317400
317401
317402
317403
317404
317405
317406
317407
317408
317409
317410
317411
317412
317413
317414
317415
317416
317417
317418
317419
317420
317421
317422
317423
317424
317425
317426
317427
317428
317429
317430
317431
317432
317433
317434
317435
317436
317437
317438
317439
317440
317441
317442
317443
317444
317445
317446
317447
317448
317449
317450
317451
317452
317453
317454
317455
317456
317457
317458
317459
317460
317461
317462
317463
317464
317465
317466
317467
317468
317469
317470
317471
317472
317473
317474
317475
317476
317477
317478
317479
317480
317481
317482
317483
317484
317485
317486
317487
317488
317489
317490
317491
317492
317493
317494
317495
317496
317497
317498
317499
317500
317501
317502
317503
317504
317505
317506
317507
317508
317509
317510
317511
317512
317513
317514
317515
317516
317517
317518
317519
317520
317521
317522
317523
317524
317525
317526
317527
317528
317529
317530
317531
317532
317533
317534
317535
317536
317537
317538
317539
317540
317541
317542
317543
317544
317545
317546
317547
317548
317549
317550
317551
317552
317553
317554
317555
317556
317557
317558
317559
317560
317561
317562
317563
317564
317565
317566
317567
317568
317569
317570
317571
317572
317573
317574
317575
317576
317577
317578
317579
317580
317581
317582
317583
317584
317585
317586
317587
317588
317589
317590
317591
317592
317593
317594
317595
317596
317597
317598
317599
317600
317601
317602
317603
317634
317635
317636
317637
317638
317639
317640
317641
317642
317643
317644
317645
317646
317647
317648
317649
317650
317651
317652
317653
317654
317655
317656
317657
317658
317659
317660
317661
317662
317663
317664
317665
317666
317667
317668
317669
317670
317671
317672
317673
317674
317675
317676
317677
317678
317679
317680
317681
317682
317683
317684
317685
317686
317687
317688
317689
317690
317691
317692
317693
317694
317695
317696
317697
317698
317699
317700
317701
317702
317703
317704
317705
317706
317707
317708
317709
317710
317711
317712
317713
317714
317715
317716
317717
317718
317719
317720
317721
317722
317723
317724
317725
317726
317727
317728
317729
317730
317731
317732
317733
317734
317735
317736
317737
317738
317739
317740
317741
317742
317743
317744
317745
317746
317747
317748
317749
317750
317751
317752
317753
317754
317755
317756
317757
317758
317759
317760
317761
317762
317763
317764
317765
317766
317767
317768
317769
317770
317771
317772
317773
317774
317775
317776
317777
317778
317779
317780
317781
317782
317783
317784
317785
317786
317787
317788
317789
317790
317791
317792
317793
317794
317795
317796
317797
317798
317799
317800
317801
317802
317803
317804
317805
317806
317807
317808
317809
317810
317811
317812
317813
317814
317815
317816
317817
317818
317819
317820
317821
317822
317823
317824
317825
317826
317827
317828
317829
317830
317831
317832
317833
317834
317835
317836
317837
317838
317839
317840
317841
317842
317843
317844
317845
317846
317847
317848
317849
317850
317851
317852
317853
317854
317855
317856
317857
317858
317859
317860
317861
317862
317863
317864
317865
317866
317867
317868
317869
317870
317871
317872
317873
317874
317875
317876
317877
317878
317879
317880
317881
317882
317883
317884
317885
317886
317887
317888
317889
317890
317891
317892
317893
317894
317895
317896
317897
317898
317899
317900
317901
317902
317903
317904
317905
317906
317907
317908
317909
317910
317911
317912
317913
317914
317915
317916
317917
317918
317919
317920
317921
317922
317923
317924
317925
317926
317927
317928
317929
317930
317931
317932
317933
317934
317935
317936
317937
317938
317939
317940
317941
317942
317943
317944
317945
317946
317947
317948
317949
317950
317951
317952
317953
317954
317955
317956
317957
317958
317959
317960
317961
317962
317963
317964
317965
317966
317967
317968
317969
317970
317998
317999
318000
318001
318002
318003
318004
318005
318006
318007
318008
318009
318010
318011
318012
318013
318014
318015
318016
318017
318018
318019
318020
318021
318022
318023
318024
318025
318026
318027
318028
318029
318030
318031
318032
318033
318034
318035
318036
318037
318038
318039
318040
318041
318042
318043
318044
318045
318046
318047
318048
318049
318050
318051
318052
318053
318054
318055
318056
318057
318058
318059
318060
318061
318062
318063
318064
318065
318066
318067
318068
318069
318070
318071
318072
318073
318074
318075
318076
318077
318078
318079
318080
318081
318082
318083
318084
318085
318086
318087
318088
318089
318090
318091
318092
318093
318094
318095
318096
318097
318098
318099
318100
318101
318102
318103
318104
318105
318106
318107
318108
318109
318110
318111
318112
318113
318114
318115
318116
318117
318118
318119
318120
318121
318122
318123
318124
318125
318126
318127
318128
318129
318130
318131
318132
318133
318134
318135
318136
318137
318138
318139
318140
318141
318142
318143
318144
318145
318146
318147
318148
318149
318150
318151
318152
318153
318154
318155
318156
318157
318158
318159
318160
318161
318162
318163
318164
318165
318166
318167
318168
318169
318170
318171
318172
318173
318174
318175
318176
318177
318178
318179
318180
318181
318182
318183
318184
318185
318186
318187
318188
318189
318190
318191
318192
318193
318194
318195
318196
318197
318198
318199
318200
318201
318202
318203
318204
318205
318206
318207
318208
318209
318210
318211
318212
318213
318214
318215
318216
318217
318218
318219
318220
318221
318222
318223
318224
318225
318226
318227
318228
318229
318230
318231
318232
318233
318234
318235
318236
318237
318238
318239
318240
318241
318242
318243
318244
318245
318246
318247
318248
318249
318250
318251
318252
318253
318254
318255
318256
318257
318258
318259
318260
318261
318262
318263
318264
318265
318266
318267
318268
318269
318270
318271
318272
318273
318274
318275
318276
318277
318278
318279
318280
318281
318282
318283
318284
318285
318286
318287
318288
318289
318290
318291
318292
318293
318294
318295
318296
318297
318298
318299
318300
318301
318302
318303
318304
318305
318306
318307
318308
318309
318310
318311
318312
318339
318340
318341
318342
318343
318344
318345
318346
318347
318348
318349
318350
318351
318352
318353
318354
318355
318356
318357
318358
318359
318360
318361
318362
318363
318364
318365
318366
318367
318368
318369
318370
318371
318372
318373
318374
318375
318376
318377
318378
318379
318380
318381
318382
318383
318384
318385
318386
318387
318388
318389
318390
318391
318392
318393
318394
318395
318396
318397
318398
318399
318400
318401
318402
318403
318404
318405
318406
318407
318408
318409
318410
318411
318412
318413
318414
318415
318416
318417
318418
318419
318420
318421
318422
318423
318424
318425
318426
318427
318428
318429
318430
318431
318432
318433
318434
318435
318436
318437
318438
318439
318440
318638
318639
318640
318641
318642
318643
318644
318645
318646
318647
318648
318649
318650
318651
318652
318653
318654
318655
318656
318657
318658
318659
318660
318661
318662
318663
318664
318665
318666
318667
318668
318669
318670
318671
318672
318673
318674
318675
318676
318677
318678
318679
318680
318681
318682
318683
318684
318685
318686
318687
318688
318689
318690
318691
318692
318693
318694
318695
318696
318697
318698
318699
318700
318701
318702
318703
318704
318705
318706
318707
318708
318709
318710
318711
318712
318713
318714
318715
318716
318717
318718
318719
318730
318731
318732
318733
318734
318758
318759
318760
318761
318762
318763
318764
318765
318766
318767
318768
318769
318770
318771
318772
318773
318774
319832
319833
319834
319835
319836
319837
319838
319839
319840
319841
319842
319843
319844
319845
319846
319847
319848
319849
319850
319851
319852
319853
319854
319855
319856
319857
319858
319859
319860
319861
319862
319863
319864
319865
319866
319867
319868
319869
319870
319871
319872
319873
319874
319875
319876
319877
319878
319879
319880
319881
319882
319883
319884
319885
319886
319887
319888
319889
319890
319891
319892
319893
319894
319895
319896
319897
319898
319899
319900
319901
319902
319903
319904
319905
319906
319907
319908
319909
319910
319911
319912
319913
319914
319915
319916
319917
319918
319919
319920
319921
319922
319923
319924
319925
319926
319927
319928
319929
319930
319931
319932
319933
319934
319935
319936
319937
319938
319939
319940
319941
319942
319943
319944
319945
319946
319947
319948
319949
319950
319951
319952
319953
319954
319955
319956
319957
319958
319959
319960
319961
319962
319963
319964
319965
319966
319967
319968
319969
319970
319971
319972
319973
319974
319975
319976
319977
319978
319979
319980
319981
319982
319983
319984
319985
319986
319987
319988
319989
319990
319991
319992
319993
319994
319995
319996
319997
319998
319999
320000
320001
320002
320003
320004
320005
320006
320007
320008
320009
320010
320011
320012
320013
320014
320015
320016
320017
320018
320019
320020
320021
320022
320023
320024
320025
320026
320027
320028
320029
320030
320031
320032
320033
320034
320035
320036
320037
320038
320039
320040
320041
320042
320043
320044
320045
320046
320047
320048
320049
320050
320051
320052
320053
320054
320055
320056
320057
320058
320059
320060
320061
320062
320063
320064
320065
320066
320067
320068
320069
320070
320071
320072
320073
320074
320075
320076
320077
320078
320079
320080
320081
320082
320083
320084
320085
320086
320087
320088
320089
320090
320091
320092
320093
320094
320095
320096
320097
320098
320099
320100
320101
320102
320103
320104
320105
320106
320107
320108
320109
320110
320111
320112
320113
320114
320115
320116
320117
320118
320119
320120
320121
320122
320123
320124
320125
320126
320127
320128
320129
320130
320131
320132
320133
320134
320135
320136
320137
320138
320139
320140
320141
320142
320143
320144
320145
320146
320147
320148
320149
320150
320151
320152
320153
320154
320155
320156
320157
320158
320159
320160
320161
320162
320163
320164
320165
320166
320167
320168
320169
320170
320171
320172
320173
320174
320175
320176
320177
320178
320179
320180
320181
320182
320183
320184
320185
320186
320187
320188
320189
320190
320191
320192
320193
320194
320195
320196
320197
320198
320199
320200
320201
320202
320203
320204
320205
320206
320207
320208
320209
320210
320211
320212
320213
320214
320215
320216
320217
320218
320219
320220
320221
320222
320223
320224
320225
320226
320227
320228
320229
320230
320231
320232
320233
320234
320235
320236
320237
320238
320239
320240
320241
320242
320243
320244
320245
320246
320247
320248
320249
320250
320251
320252
320253
320254
320255
320256
320257
320258
320259
320260
320261
320262
320263
320264
320265
320266
320267
320268
320269
320270
320271
320272
320273
320274
320275
320276
320277
320278
320279
320280
320281
320282
320283
320284
320285
320286
320287
320288
320289
320290
320291
320292
320293
320294
320295
320296
320297
320298
320299
320300
320301
320302
320303
320304
320305
320306
320307
320308
320309
320310
320311
320312
320313
320314
320315
320316
320317
320318
320319
320320
320321
320322
320323
320324
320325
320326
320327
320328
320329
320330
320331
320332
320333
320334
320335
320336
320337
320338
320339
320340
320341
320342
320343
320344
320345
320346
320347
320348
320349
320350
320351
320352
320353
320354
320355
320356
320357
320358
320359
320360
320361
320362
320363
320364
320365
320366
320367
320368
320369
320370
320371
320372
320373
320374
320375
320376
320377
320378
320379
320380
320381
320382
320383
320384
320385
320386
320387
320388
320389
320390
320391
320392
320393
320394
320395
320396
320397
320398
320399
320400
320401
320402
320403
320404
320405
320406
320407
320408
320409
320410
320411
320412
320413
320414
320415
320416
320417
320418
320419
320420
320421
320422
320423
320424
320425
320426
320427
320428
320429
320430
320431
320432
320433
320434
320435
320436
320437
320438
320439
320440
320441
320442
320443
320444
320445
320446
320447
320448
320449
320450
320451
320452
320453
320454
320455
320456
320457
320458
320459
320460
320461
320462
320463
320464
320465
320466
320467
320468
320469
320470
320471
320472
320473
320474
320475
320476
320477
320478
320479
320480
320481
320482
320483
320484
320485
320486
320487
320488
320489
320490
320491
320492
320493
320494
320495
320496
320497
320498
320499
320500
320501
320502
320503
320504
320505
320506
320507
320508
320509
320510
320511
320512
320513
320514
320515
320516
320517
320518
320519
320520
320521
320522
320523
320524
320525
320526
320527
320528
320529
320530
320531
320532
320533
320534
320535
320536
320537
320538
320539
320540
320541
320542
320543
320544
320545
320546
320547
320548
320549
320550
320551
320552
320553
320554
320555
320556
320557
320558
320559
320560
320561
320562
320563
320564
320565
320566
320567
320568
320569
320570
320571
320572
320573
320574
320575
320576
320577
320578
320579
320580
320581
320582
320583
320584
320585
320586
320587
320588
320589
320590
320591
320592
320593
320594
320595
320596
320597
320598
320599
320600
320601
320602
320603
320604
320605
320606
320607
320608
320609
320610
320611
320612
320613
320614
320615
320616
320617
320618
320619
320620
320621
320622
320623
320624
320625
320626
320627
320628
320629
320630
320631
320632
320633
320634
320635
320636
320637
320638
320639
320640
320641
320642
320643
320644
320645
320646
320647
320648
320649
320650
320651
320652
320653
320654
320655
320656
320657
320658
320659
320660
320661
320662
320663
320664
320665
320666
320667
320668
320669
320670
320671
320672
320673
320674
320675
320676
320677
320678
320679
320680
320681
320682
320683
320684
320685
320686
320687
320688
320689
320690
320691
320692
320693
320694
320695
320696
320697
320698
320699
320700
320701
320702
320703
320704
320705
320706
320707
320708
320709
320710
320711
320712
320713
320714
320715
320716
320717
320718
320719
320720
320721
320722
320723
320724
320725
320726
320727
320728
320729
320730
320731
320732
320733
320734
320735
320736
320737
320738
320739
320740
320741
320742
320743
320744
320745
320746
320747
320748
320749
320750
320751
320752
320753
320754
320755
320756
320757
320758
320759
320760
320761
320762
320763
320764
320765
320766
320767
320768
320769
320770
320771
320772
320773
320774
320775
320776
320777
320778
320779
320780
320781
320782
320783
320784
320785
320786
320787
320788
320789
320790
320791
320792
320793
320794
320795
320796
320797
320798
320799
320800
320801
320802
320803
320804
320805
320806
320807
320808
320809
320810
320811
320812
320813
320814
320815
320816
320817
320818
320819
320820
320821
320822
320823
320824
320825
320826
320827
320828
320829
320830
320831
320832
320889
320890
320891
320892
320893
320894
320895
320896
320897
320898
320899
320900
320901
320902
320903
320904
320905
320906
320907
320908
320909
320910
320911
320912
320913
320914
320915
320916
321247
321248
321249
321250
321251
321252
321253
321254
321255
321256
321257
321258
321259
321260
321261
321262
321263
321264
321265
321266
321267
321268
321269
321270
321271
321272
321273
321274
321275
321276
321277
321278
321279
321280
321281
321282
321283
321284
321285
321286
321287
321288
321289
321290
321291
321292
321293
321294
321295
321296
321297
321298
321299
321300
321301
321302
321303
321304
321305
321306
321307
321308
321309
321310
321311
321312
321313
321314
321315
321316
321317
321318
321319
321320
321321
321322
321323
321324
321325
321326
321327
321328
321329
321330
321331
321332
321333
321334
321335
321336
321337
321338
321339
321340
321341
321342
321343
321344
321345
321346
321347
321348
321349
321350
321351
321352
321353
321354
321355
321356
321357
321358
321359
321360
321361
321362
321363
321364
321365
321366
321367
321368
321369
321370
321371
321372
321373
321374
321375
321376
321377
321378
321379
321380
321381
321382
321383
321384
321385
321386
321387
321388
321389
321390
321391
321392
321393
321394
321395
321396
321397
321398
321399
321400
321401
321402
321403
321404
321405
321406
321407
321408
321409
321410
321411
321412
321413
321414
321415
321416
321417
321418
321419
321420
321421
321422
321423
321424
321425
321426
321427
321428
321429
321430
321431
321432
321433
321434
321435
321436
321437
321438
321439
321440
321441
321442
321443
321444
321445
321446
321447
321448
321449
321450
321451
321452
321453
321454
321455
321456
321457
321458
321459
321460
321461
321462
321463
321464
321465
321466
321467
321468
321469
321470
321471
321472
321473
321474
321475
321476
321477
321478
321479
321480
321481
321482
321483
321484
321485
321486
321487
321488
321489
321490
321491
321492
321493
321494
321495
321496
321497
321498
321499
321500
321501
321502
321503
321504
321505
321506
321507
321508
321509
321510
321511
321512
321513
321514
321515
321516
321517
321518
321519
321520
321521
321522
321523
321524
321525
321526
321527
321528
321529
321530
321531
321532
321533
321534
321535
321536
321537
321538
321539
321540
321541
321542
321543
321544
321545
321546
321547
321548
321549
321550
321551
321552
321553
321554
321555
321556
321557
321558
321559
321560
321561
321562
321563
321564
321565
321566
321567
321568
321569
321570
321571
321572
321573
321574
321575
321576
321577
321578
321579
321580
321581
321582
321583
321584
321585
321586
321587
321588
321589
321590
321591
321592
321593
321594
321595
321596
321597
321598
321599
321600
321601
321602
321603
321604
321605
321606
321607
321608
321609
321610
321611
321612
321613
321614
321615
321616
321617
321618
321619
321620
321621
321622
321623
321624
321625
321626
321627
321628
321629
321630
321631
321632
321633
321634
321635
321636
321637
321638
321639
321640
321641
321642
321643
321644
321645
321646
321745
321746
321747
321748
321749
321750
321751
321752
321753
321754
321755
321756
321757
321758
321759
321760
321761
321762
321763
321764
321765
321766
321767
321768
321769
321770
321771
321772
321773
321774
321775
321776
321777
321778
321779
321780
321781
321782
321783
321784
321785
321786
321787
321788
321789
321790
321791
321792
321793
321794
321795
321796
321797
321798
321799
321800
321801
321802
321803
321804
321805
321806
321807
321808
321809
321810
321811
321812
321813
321814
321815
321816
321817
321818
321898
321899
321900
321901
321902
321903
321904
321905
321906
321907
321908
321909
321910
321911
321912
321913
321914
321915
321916
321917
321918
321919
321920
321921
321922
321923
321924
321925
321926
321927
321928
321929
321930
321931
321932
321933
321934
321935
321936
321937
321938
321939
321940
321941
321942
321943
321944
321945
321946
321947
321948
321949
321950
321951
321952
321953
321954
321955
321956
321957
321958
321959
321960
321961
321962
321963
321964
321965
321966
321967
321968
321969
321970
321971
322013
322014
322015
322016
322017
322018
322019
322020
322021
322022
322023
322024
322025
322026
322027
322028
322029
322030
322031
322032
322033
322034
322035
322036
322037
322038
322039
322040
322041
322042
322043
322044
322045
322046
322047
322048
322049
322050
322051
322052
322053
322054
322055
322056
322057
322058
322059
322060
322061
322062
322063
322064
322065
322066
322067
322068
322069
322070
322071
322072
322073
322074
322075
322076
322077
322078
322079
322080
322081
322082
322083
322084
322085
322086
322087
322088
322089
322090
322091
322092
322093
322094
322095
322096
322097
322098
322099
322100
322101
322102
322144
322145
322146
322147
322148
322149
322150
322151
322152
322153
322154
322155
322156
322157
322158
322159
322160
322161
322162
322163
322164
322165
322166
322167
322168
322169
322170
322171
322172
322173
322174
322175
322176
322177
322178
322179
322180
322181
322182
322183
322184
322185
322186
322187
322188
322189
322190
322191
322192
322193
322194
322195
322196
322197
322198
322199
322200
322201
322202
322203
322204
322205
322206
322207
322208
322209
322210
322211
322212
322213
322214
322215
322266
322267
322268
322269
322270
322271
322272
322273
322274
322275
322276
322277
322278
322279
322280
322281
322282
322283
322284
322285
322286
322287
322288
322289
322290
322291
322292
322293
322294
322295
322296
322297
322298
322299
322300
322301
322302
322303
322304
322305
322306
322307
322308
322309
322310
322311
322312
322313
322314
322315
322316
322317
322318
322319
322320
322321
322322
322323
322324
322325
322326
322327
322328
322329
322330
322331
322332
322333
322334
322335
322336
322337
322338
322339
322340
322341
322342
322343
322344
322345
322346
322347
322348
322349
322350
322351
322352
322353
322354
322355
322356
322357
322358
322359
322360
322361
322362
322363
322364
322365
322366
322367
322368
322369
322370
322371
322372
322373
322374
322375
322376
322377
322378
322379
322380
322381
322382
322383
322384
322385
322386
322387
322388
322389
322390
322391
322392
322393
322394
322395
322396
322397
322398
322399
322400
322401
322402
322403
322404
322405
322406
322407
322408
322409
322410
322411
322412
322413
322414
322415
322416
322417
322418
322419
322420
322421
322422
322423
322424
322425
322426
322427
322428
322429
322430
322431
322432
322433
322434
322435
322436
322437
322438
322439
322440
322441
322442
322443
322444
322445
322446
322447
322448
322449
322450
322451
322452
322453
322454
322455
322456
322457
322458
322459
322460
322461
322462
322463
322464
322465
322466
322467
322468
322469
322470
322471
322472
322473
322474
322475
322476
322477
322478
322479
322480
322481
322482
322483
322484
322485
322486
322487
322488
322489
322490
322491
322492
322493
322494
322495
322496
322497
322498
322499
322500
322501
322502
322503
322504
322505
322506
322507
322508
322509
322510
322511
322512
322513
322514
322515
322516
322517
322518
322519
322520
322521
322522
322523
322524
322525
322526
322527
322528
322529
322530
322531
322532
322533
322534
322535
322536
322537
322538
322539
322540
322541
322542
322543
322544
322545
322546
322547
322548
322549
322550
322551
322552
322553
322554
322555
322556
322557
322558
322559
322560
322561
322562
322563
322564
322565
322566
322567
322568
322569
322570
322571
322572
322573
322574
322575
322576
322577
322578
322579
322580
322581
322582
322583
322584
322585
322586
322587
322588
322589
322590
322591
322592
322593
322594
322595
322596
322597
322598
322599
322600
322601
322602
322603
322604
322605
322606
322607
322608
322609
322610
322611
322612
322613
322614
322615
322616
322617
322618
322619
322620
322621
322622
322623
322624
322625
322626
322627
322628
322629
322630
322631
322632
322633
322634
322635
322636
322637
322638
322639
322640
322641
322642
322643
322644
322645
322646
322647
322648
322649
322650
322651
322652
322653
322654
322655
322656
322657
322658
322659
322660
322661
322662
322663
322664
322665
322666
322667
322668
322669
322670
322671
322672
322673
322674
322675
322676
322677
322678
322679
322680
322681
322682
322683
322684
322685
322686
322687
322688
322689
322690
322691
322692
322693
322694
322695
322696
322697
322698
322699
322700
322701
322702
322703
322704
322705
322706
322707
322708
322709
322710
322711
322712
322713
322714
322715
322716
322717
322718
322719
322720
322721
322722
322723
322724
322725
322726
322727
322728
322729
322730
322731
322732
322733
322734
322735
322736
322737
322738
322739
322740
322741
322742
322743
322744
322745
322746
322747
322748
322749
322750
322751
322752
322753
322754
322755
322756
322757
322758
322759
322760
322761
322762
322763
322764
322765
322766
322767
322768
322769
322770
322771
322772
322773
322774
322775
322776
322777
322778
322779
322780
322781
322782
322783
322784
322785
322786
322787
322788
322789
322790
322791
322792
322793
322794
322795
322796
322797
322798
322799
322800
322801
322802
322803
322804
322805
322806
322807
322808
322809
322810
322811
322812
322813
322814
322815
322816
322817
322818
322819
322820
322821
322822
322823
322824
322825
322826
322827
322828
322829
322830
322831
322832
322833
322834
322835
322836
322837
322838
322839
322840
322841
322842
322843
322844
322845
322846
322847
322848
322849
322850
322851
322852
322853
322854
322855
322856
322857
322858
322859
322860
322861
322862
322863
322864
322865
322866
322867
322868
322869
322870
322871
322872
322873
322874
322875
322876
322877
322878
322879
322880
322881
322882
322883
322884
322885
322886
322887
322888
322889
322890
322891
322892
322893
322894
322895
322896
322897
322898
322899
322900
322901
322902
322903
322904
322905
322906
322907
322908
322909
322910
322911
322912
322913
322914
322915
322916
322917
322918
322919
322920
322921
322922
322923
322924
322925
322926
322927
322928
322929
322930
322931
322932
322933
322934
322935
322936
322937
322938
322939
322940
322941
322942
322943
322944
322945
322946
322947
322948
322949
322950
322951
322952
322953
322954
322955
322956
322957
322958
322959
322960
322961
322962
322963
322964
322965
322966
322967
322968
322969
322970
322971
322972
322973
322974
322975
322976
322977
322978
322979
322980
322981
322982
322983
322984
322985
322986
322987
322988
322989
322990
322991
322992
322993
322994
322995
322996
322997
322998
322999
323000
323001
323002
323003
323004
323005
323006
323007
323008
323009
323010
323011
323012
323013
323014
323015
323016
323017
323018
323019
323020
323021
323022
323023
323024
323025
323026
323027
323028
323029
323030
323031
323032
323033
323034
323035
323036
323037
323038
323039
323040
323041
323042
323043
323044
323045
323046
323047
323048
323049
323050
323051
323052
323053
323054
323055
323056
323057
323058
323059
323060
323061
323062
323063
323064
323065
323066
323067
323068
323069
323070
323071
323072
323073
323074
323075
323076
323077
323078
323079
323080
323081
323082
323083
323084
323085
323086
323087
323088
323089
323090
323091
323092
323093
323094
323095
323096
323097
323098
323099
323100
323101
323102
323103
323104
323105
323106
323107
323108
323109
323110
323111
323112
323113
323114
323115
323116
323117
323118
323119
323120
323121
323122
323123
323124
323125
323126
323127
323128
323129
323130
323131
323132
323133
323134
323135
323136
323137
323138
323139
323140
323141
323142
323143
323144
323145
323146
323147
323148
323149
323150
323151
323152
323153
323154
323155
323156
323157
323158
323159
323160
323161
323162
323163
323164
323165
323166
323167
323168
323169
323170
323171
323172
323173
323174
323175
323176
323177
323178
323179
323180
323181
323182
323183
323184
323185
323186
323187
323188
323189
323190
323191
323192
323193
323194
323195
323196
323197
323198
323199
323200
323201
323202
323203
323204
323205
323206
323207
323208
323209
323210
323211
323212
323213
323214
323215
323216
323217
323218
323219
323220
323221
323222
323223
323224
323225
323226
323227
323228
323229
323230
323231
323232
323233
323234
323235
323236
323237
323238
323239
323240
323241
323242
323243
323244
323245
323246
323247
323248
323249
323250
323251
323252
323253
323254
323255
323256
323257
323258
323259
323260
323261
323262
323263
323264
323265
323266
323267
323268
323269
323270
323271
323272
323273
323274
323275
323276
323277
323278
323279
323280
323281
323282
323283
323284
323285
323286
323287
323288
323289
323290
323291
323292
323293
323294
323295
323296
323297
323298
323299
323300
323301
323302
323303
323304
323305
323306
323307
323308
323309
323310
323311
323312
323313
323314
323315
323316
323317
323318
323319
323320
323321
323322
323323
323324
323325
323326
323327
323328
323329
323330
323331
323332
323333
323334
323335
323336
323337
323338
323339
323340
323341
323342
323343
323344
323345
323346
323347
323348
323349
323350
323351
323352
323353
323354
323355
323356
323357
323358
323359
323360
323361
323362
323363
323364
323365
323366
323367
323368
323369
323370
323371
323372
323373
323374
323375
323376
323377
323378
323379
323380
323381
323382
323383
323384
323385
323635
323636
323637
323638
323639
323640
323641
323642
323643
323644
323645
323646
323647
323648
323649
323650
323651
323652
323653
323654
323655
323656
323657
323658
323659
323660
323661
323662
323663
323664
323665
323666
323667
323668
323669
323670
323671
323672
323673
323674
323675
323676
323677
323678
323679
323680
323681
323682
323683
323684
323685
323686
323687
323688
323689
323690
323691
323692
323693
323694
323695
323696
323697
323698
323699
323700
323701
323702
323703
323704
323705
323706
323707
323708
323709
323710
323711
323712
323713
323714
323755
323756
323757
323758
323759
323760
323761
323762
323763
323764
323765
323766
323767
323768
323769
323770
323771
323772
323773
323774
323775
323776
323777
323778
323779
323780
323781
323782
323783
323784
323785
323786
323787
323788
323789
323790
323791
323792
323793
323794
323795
323796
323797
323798
323799
323800
323801
323802
323803
323804
323805
323806
323807
323808
323809
323810
323811
323812
323813
323814
323815
323816
323817
323818
323819
323820
323821
323822
323823
323824
323825
323826
323827
323828
323829
323830
323831
323832
323833
323834
323835
323836
323837
323838
323839
323840
323841
323842
323843
323844
323845
323846
323847
323848
323849
323850
323851
323852
323853
323854
323855
323856
323857
323858
323859
323860
323861
323862
323863
323864
323865
323866
323867
323868
323869
323870
323871
323872
323873
323874
323875
323876
323877
323878
323879
323880
323881
323882
323883
323884
323885
323886
323887
323888
323889
323890
323891
323892
323893
323894
323915
323916
323917
323918
323919
323920
323921
323922
323923
323924
323925
323926
323927
323928
323929
323930
323931
323932
323933
323934
323935
323936
323937
323938
323939
323940
323941
323942
323943
323944
323945
323946
323947
323948
323949
323950
323951
323952
323953
323954
324135
324136
324137
324138
324139
324140
324141
324142
324143
324144
324145
324146
324147
324148
324149
324150
324151
324152
324153
324154
324155
324156
324157
324158
324159
324160
324161
324162
324163
324164
324165
324166
324167
324168
324169
324170
324171
324172
324173
324174
324175
324176
324177
324178
324179
324180
324181
324182
324183
324184
324185
324186
324187
324188
324189
324190
324191
324192
324193
324194
324195
324196
324197
324198
324199
324200
324201
324202
324203
324204
324205
324206
324207
324208
324209
324210
324211
324212
324213
324214
324215
324216
324217
324218
324219
324220
324221
324222
324223
324224
324225
324226
324227
324228
324229
324230
324231
324232
324233
324234
324235
324236
324237
324238
324239
324240
324241
324242
324243
324244
324245
324246
324247
324248
324249
324250
324251
324252
324253
324254
324255
324256
324257
324258
324259
324260
324261
324262
324263
324264
324265
324266
324267
324268
324269
324270
324271
324272
324273
324274
324275
324276
324277
324278
324279
324280
324281
324282
324283
324284
324285
324286
324287
324288
324289
324290
324291
324292
324293
324294
324295
324296
324297
324298
324299
324300
324301
324302
324303
324304
324746
324747
324748
324749
324750
324751
324752
324753
324754
324755
324756
324757
324758
324759
324760
324761
324762
324763
324764
324765
324766
324767
324768
324769
324770
324771
324772
324773
324774
324775
324776
324777
324778
324779
324780
324781
324782
324783
324784
324785
324786
324787
324788
324789
324790
324791
324792
324793
324794
324795
324796
324797
324798
324799
324800
324801
324802
324803
324804
324805
324846
324847
324848
324849
324850
324851
324852
324853
324854
324855
324856
324857
324858
324859
324860
324861
324862
324863
324864
324865
324866
324867
324868
324869
324870
324871
324872
324873
324874
324875
324876
324877
324878
324879
324880
324881
324882
324883
324884
324885
324886
324887
324888
324889
324890
324891
324892
324893
324894
324895
324896
324897
324898
324899
324900
324901
324902
324903
324904
324905
324906
324907
324908
324909
324910
324911
324912
324913
324914
324915
324916
324917
324918
324919
324920
324921
324922
324923
324924
324925
324926
324927
324928
324929
324930
324931
324932
324933
324934
324935
324936
324937
324938
324939
324940
324941
324942
324943
324944
324945
324946
324947
324948
324949
324950
324951
324952
324953
324954
324955
324956
324957
324958
324959
324960
324961
324962
324963
324964
324965
324966
324967
324968
324969
324970
324971
324972
324973
324974
324975
324976
324977
324978
324979
324980
324981
324982
324983
324984
324985
325006
325007
325008
325009
325010
325011
325012
325013
325014
325015
325016
325017
325018
325019
325020
325021
325022
325023
325024
325025
325026
325027
325028
325029
325030
325031
325032
325033
325034
325035
325036
325037
325038
325039
325040
325041
325042
325043
325044
325045
325046
325047
325048
325049
325050
325051
325052
325053
325054
325055
325056
325057
325058
325059
325060
325061
325062
325063
325064
325065
325066
325067
325068
325069
325070
325071
325072
325073
325074
325075
325226
325227
325228
325229
325230
325231
325232
325233
325234
325235
325236
325237
325238
325239
325240
325241
325242
325243
325244
325245
325246
325247
325248
325249
325250
325251
325252
325253
325254
325255
325256
325257
325258
325259
325260
325261
325262
325263
325264
325265
325266
325267
325268
325269
325270
325271
325272
325273
325274
325275
325276
325277
325278
325279
325280
325281
325282
325283
325284
325285
325286
325287
325288
325289
325290
325291
325292
325293
325294
325295
325296
325297
325298
325299
325300
325301
325302
325303
325304
325305
325306
325307
325308
325309
325310
325311
325312
325313
325314
325315
325316
325317
325318
325319
325320
325321
325322
325323
325324
325325
325326
325327
325328
325329
325330
325331
325332
325333
325334
325335
325336
325337
325338
325339
325340
325341
325342
325343
325344
325345
325346
325347
325348
325349
325350
325351
325352
325353
325354
325355
325356
325357
325358
325359
325360
325361
325362
325363
325364
325365
325366
325367
325368
325369
325370
325371
325372
325373
325374
325375
325791
325792
325793
325794
325795
325796
325797
325798
325799
325800
325801
325802
325803
325804
325805
325806
325807
325808
325809
325810
325811
325812
325813
325814
325815
325816
325817
325818
325819
325820
325821
325822
325823
325824
325825
325826
325827
325828
325829
325830
325831
325832
325833
325834
325835
325836
325837
325838
325839
325840
325841
325842
325843
325844
325845
325846
325847
325848
325849
325850
325891
325892
325893
325894
325895
325896
325897
325898
325899
325900
325901
325902
325903
325904
325905
325906
325907
325908
325909
325910
325911
325912
325913
325914
325915
325916
325917
325918
325919
325920
325921
325922
325923
325924
325925
325926
325927
325928
325929
325930
325931
325932
325933
325934
325935
325936
325937
325938
325939
325940
325941
325942
325943
325944
325945
325946
325947
325948
325949
325950
325951
325952
325953
325954
325955
325956
325957
325958
325959
325960
325961
325962
325963
325964
325965
325966
325967
325968
325969
325970
325971
325972
325973
325974
325975
325976
325977
325978
325979
325980
325981
325982
325983
325984
325985
325986
325987
325988
325989
325990
325991
325992
325993
325994
325995
325996
325997
325998
325999
326000
326001
326002
326003
326004
326005
326006
326007
326008
326009
326010
326011
326012
326013
326014
326015
326016
326017
326018
326019
326020
326021
326022
326023
326024
326025
326026
326027
326028
326029
326030
326051
326052
326053
326054
326055
326056
326057
326058
326059
326060
326061
326062
326063
326064
326065
326066
326067
326068
326069
326070
326071
326072
326073
326074
326075
326076
326077
326078
326079
326080
326081
326082
326083
326084
326085
326086
326087
326088
326089
326090
326091
326092
326093
326094
326095
326096
326097
326098
326099
326100
326251
326252
326253
326254
326255
326256
326257
326258
326259
326260
326261
326262
326263
326264
326265
326266
326267
326268
326269
326270
326271
326272
326273
326274
326275
326276
326277
326278
326279
326280
326281
326282
326283
326284
326285
326286
326287
326288
326289
326290
326291
326292
326293
326294
326295
326296
326297
326298
326299
326300
326301
326302
326303
326304
326305
326306
326307
326308
326309
326310
326311
326312
326313
326314
326315
326316
326317
326318
326319
326320
326321
326322
326323
326324
326325
326326
326327
326328
326329
326330
326331
326332
326333
326334
326335
326336
326337
326338
326339
326340
326341
326342
326343
326344
326345
326346
326347
326348
326349
326350
326351
326352
326353
326354
326355
326356
326357
326358
326359
326360
326361
326362
326363
326364
326365
326366
326367
326368
326369
326370
326371
326372
326373
326374
326375
326376
326377
326378
326379
326380
326381
326382
326383
326384
326385
326386
326387
326388
326389
326390
326391
326392
326393
326394
326395
326396
326397
326398
326399
326400
326401
326402
326403
326404
326405
326406
326407
326408
326409
326410
326411
326412
326413
326414
326415
326416
326417
326418
326419
326420
326842
326843
326844
326845
326846
326847
326848
326849
326850
326851
326852
326853
326854
326855
326856
326857
326858
326859
326860
326861
326862
326863
326864
326865
326866
326867
326868
326869
326870
326871
326872
326873
326874
326875
326876
326877
326878
326879
326880
326881
326882
326883
326884
326885
326886
326887
326888
326889
326890
326891
326892
326893
326894
326895
326896
326897
326898
326899
326900
326901
326942
326943
326944
326945
326946
326947
326948
326949
326950
326951
326952
326953
326954
326955
326956
326957
326958
326959
326960
326961
326962
326963
326964
326965
326966
326967
326968
326969
326970
326971
326972
326973
326974
326975
326976
326977
326978
326979
326980
326981
326982
326983
326984
326985
326986
326987
326988
326989
326990
326991
326992
326993
326994
326995
326996
326997
326998
326999
327000
327001
327002
327003
327004
327005
327006
327007
327008
327009
327010
327011
327012
327013
327014
327015
327016
327017
327018
327019
327020
327021
327022
327023
327024
327025
327026
327027
327028
327029
327030
327031
327032
327033
327034
327035
327036
327037
327038
327039
327040
327041
327042
327043
327044
327045
327046
327047
327048
327049
327050
327051
327052
327053
327054
327055
327056
327057
327058
327059
327060
327061
327082
327083
327084
327085
327086
327087
327088
327089
327090
327091
327092
327093
327094
327095
327096
327097
327098
327099
327100
327101
327102
327103
327104
327105
327106
327107
327108
327109
327110
327111
327262
327263
327264
327265
327266
327267
327268
327269
327270
327271
327272
327273
327274
327275
327276
327277
327278
327279
327280
327281
327282
327283
327284
327285
327286
327287
327288
327289
327290
327291
327292
327293
327294
327295
327296
327297
327298
327299
327300
327301
327302
327303
327304
327305
327306
327307
327308
327309
327310
327311
327312
327313
327314
327315
327316
327317
327318
327319
327320
327321
327322
327323
327324
327325
327326
327327
327328
327329
327330
327331
327332
327333
327334
327335
327336
327337
327338
327339
327340
327341
327342
327343
327344
327345
327346
327347
327348
327349
327350
327351
327352
327353
327354
327355
327356
327357
327358
327359
327360
327361
327362
327363
327364
327365
327366
327367
327368
327369
327370
327371
327372
327373
327374
327375
327376
327377
327378
327379
327380
327381
327382
327383
327384
327385
327386
327387
327388
327389
327390
327391
327392
327393
327394
327395
327396
327397
327398
327399
327400
327401
327402
327403
327404
327405
327406
327407
327408
327409
327410
327411
327412
327413
327414
327415
327416
327417
327418
327419
327420
327421
327779
327780
327781
327782
327783
327784
327785
327786
327787
327788
327789
327790
327791
327792
327793
327794
327795
327796
327797
327798
327799
327800
327801
327802
327803
327804
327805
327806
327807
327808
327809
327810
327811
327812
327813
327814
327815
327816
327817
327818
327819
327820
327821
327822
327823
327824
327825
327826
327827
327828
327829
327830
327831
327832
327833
327834
327835
327836
327837
327838
327839
327840
327841
327842
327843
327844
327845
327846
327847
327848
327849
327850
327851
327852
327853
327854
327855
327856
327857
327858
327859
327860
327861
327862
327863
327864
327865
327866
327867
327868
327869
327870
327871
327872
327873
327874
327875
327876
327877
327878
327879
327880
327881
327882
327883
327884
327885
327886
327887
327888
327889
327890
327891
327892
327893
327894
327895
327896
327897
327898
327899
327900
327901
327902
327903
327904
327905
327906
327907
327908
327909
327910
327911
327912
327913
327914
327915
327916
327917
327918
327919
327920
327921
327922
327923
327924
327925
327926
327927
327928
327929
327930
327931
327932
327933
327934
327935
327936
327937
327938
327939
327940
327941
327942
327943
327944
327945
327946
327947
327948
327949
327950
327951
327952
327953
327954
327955
327956
327957
327958
327959
327960
327961
327962
327963
327964
327965
327966
327967
327968
327969
327970
327971
327972
327973
327974
327975
327976
327977
327978
327979
327980
327981
327982
327983
327984
327985
327986
327987
327988
327989
327990
327991
327992
327993
327994
327995
327996
327997
327998
327999
328000
328001
328002
328003
328004
328005
328006
328007
328008
328009
328010
328011
328012
328013
328014
328015
328016
328017
328018
328019
328020
328021
328022
328023
328024
328025
328026
328027
328028
328029
328030
328031
328032
328033
328034
328035
328036
328037
328038
328039
328040
328041
328042
328043
328044
328045
328046
328047
328048
328049
328050
328051
328052
328053
328054
328055
328056
328057
328058
328059
328060
328061
328062
328063
328064
328065
328066
328067
328068
328069
328070
328071
328072
328073
328074
328075
328076
328077
328078
328079
328080
328081
328082
328083
328084
328085
328086
328087
328088
328089
328090
328091
328092
328093
328094
328095
328096
328097
328098
328099
328100
328101
328102
328103
328104
328105
328106
328107
328108
328109
328110
328111
328112
328113
328114
328115
328116
328117
328118
328119
328120
328121
328122
328123
328124
328125
328126
328127
328128
328129
328130
328131
328132
328133
328134
328135
328136
328137
328138
328139
328140
328141
328250
328251
328252
328253
328254
328255
328256
328257
328258
328259
328260
328261
328262
328263
328264
328265
328266
328267
328268
328269
328270
328271
328272
328273
328274
328275
328276
328277
328278
328279
328280
328281
328282
328283
328284
328285
328286
328287
328288
328289
328290
328291
328292
328293
328294
328295
328296
328297
328298
328299
328300
328301
328302
328303
328304
328305
328306
328307
328308
328309
328310
328311
328312
328313
328413
328414
328415
328416
328417
328418
328419
328420
328421
328422
328423
328424
328425
328426
328427
328428
328429
328430
328431
328432
328433
328434
328435
328436
328437
328438
328439
328440
328441
328442
328443
328444
328445
328446
328447
328448
328449
328450
328451
328452
328453
328454
328455
328456
328457
328458
328459
328460
328461
328462
328463
328464
328465
328466
328467
328468
328469
328470
328471
328472
328473
328474
328475
328476
328603
328604
328605
328606
328607
328608
328609
328610
328611
328612
328613
328614
328615
328616
328617
328618
328619
328620
328621
328622
328623
328624
328625
328626
328627
328628
328629
328630
328631
328632
328633
328634
328635
328636
328637
328638
328639
328640
328641
328642
328643
328644
328645
328646
328647
328648
328649
328650
328651
328652
328653
328654
328655
328656
328657
328658
328659
328660
328661
328662
328663
328664
328665
328666
328766
328767
328768
328769
328770
328771
328772
328773
328774
328775
328776
328777
328778
328779
328780
328781
328782
328783
328784
328785
328786
328787
328788
328789
328790
328791
328792
328793
328794
328795
328796
328797
328798
328799
328800
328801
328802
328803
328804
328805
328806
328807
328808
328809
328810
328811
328812
328813
328814
328815
328816
328817
328818
328819
328820
328821
328822
328823
328824
328825
328826
328827
328828
328829
328938
328939
328940
328941
328942
328943
328944
328945
328946
328947
328948
328949
328950
328951
328952
328953
328954
328955
328956
328957
328958
328959
328960
328961
328962
328963
328964
328965
328966
328967
328968
328969
328970
328971
328972
328973
328974
328975
328976
328977
328978
328979
328980
328981
328982
328983
328984
328985
328986
328987
328988
328989
328990
328991
328992
328993
328994
328995
328996
328997
328998
328999
329000
329001
329101
329102
329103
329104
329105
329106
329107
329108
329109
329110
329111
329112
329113
329114
329115
329116
329117
329118
329119
329120
329121
329122
329123
329124
329125
329126
329127
329128
329129
329130
329131
329132
329133
329134
329135
329136
329137
329138
329139
329140
329141
329142
329143
329144
329145
329146
329147
329148
329149
329150
329151
329152
329153
329154
329155
329156
329157
329158
329159
329160
329161
329162
329163
329164
329246
329247
329248
329249
329250
329251
329252
329253
329254
329255
329256
329257
329258
329259
329260
329261
329262
329263
329264
329265
329266
329267
329268
329269
329270
329271
329272
329273
329274
329275
329276
329277
329278
329279
329280
329281
329282
329283
329284
329285
329286
329287
329288
329289
329290
329291
329292
329293
329294
329295
329296
329297
329298
329299
329300
329301
329302
329303
329304
329305
329306
329307
329308
329309
329418
329419
329420
329421
329422
329423
329424
329425
329426
329427
329428
329429
329430
329431
329432
329433
329434
329435
329436
329437
329438
329439
329440
329441
329442
329443
329444
329445
329446
329447
329448
329449
329450
329451
329452
329453
329454
329455
329456
329457
329559
329560
329561
329562
329563
329564
329565
329566
329567
329568
329569
329570
329571
329572
329573
329574
329575
329576
329577
329578
329579
329580
329581
329582
329583
329584
329585
329586
329587
329588
329589
329590
329591
329592
329593
329594
329595
329596
329597
329598
329599
329600
329601
329602
329603
329604
329605
329606
329607
329608
329609
329610
329611
329612
329613
329762
329763
329764
329765
329766
329767
329768
329769
329770
329771
329772
329773
329774
329775
329776
329777
329778
329779
329780
329781
329782
329783
329784
329785
329786
329787
329788
329789
329790
329791
329792
329793
329794
329795
329796
329797
329798
329799
329800
329801
329802
329803
329804
329805
329806
329807
329808
329809
329810
329811
329812
329813
329814
329815
329816
329817
329818
329819
329820
329821
329822
329823
329824
329825
329826
329827
329828
329829
329830
329831
329832
329833
329834
329835
329836
329837
329838
329839
329840
329841
329842
329843
329844
329845
329846
329847
329848
329849
329850
329851
329852
329853
329897
329898
329899
329900
329901
329902
329903
329904
329905
329906
329907
329908
329909
329910
329911
329912
329913
329914
329915
329916
329917
329918
329919
329920
329921
329922
329923
329924
329925
329926
329927
329928
329929
329930
329931
329932
329933
329934
329935
329936
329937
329938
329939
329940
329941
329942
329943
329944
329945
329946
329947
329948
329949
329950
329951
329952
329953
329954
329955
329956
329957
329958
329959
329960
329961
329962
329963
329964
329965
329966
329967
329968
329969
329970
329971
329972
329973
329974
329975
329976
329977
330021
330022
330023
330024
330025
330026
330027
330028
330029
330030
330031
330032
330033
330034
330035
330036
330037
330038
330039
330040
330041
330042
330043
330044
330045
330046
330047
331942
331943
331944
331945
331946
331947
331948
331949
331950
331951
331952
331953
331954
331955
331956
331957
331958
331959
331960
331961
331962
331963
331964
331965
331966
331967
331968
331969
331970
331971
331972
331973
331974
331975
331976
331977
331978
331979
331980
331981
331982
331983
331984
331985
331986
331987
331988
331989
331990
331991
331992
331993
331994
331995
331996
331997
331998
331999
332000
332001
332002
332003
332004
332005
332006
332007
332008
332009
332010
332011
332012
332013
332014
332015
332016
332017
332018
332019
332020
332021
332022
332023
332024
332025
332026
332027
332028
332029
332030
332031
332032
332033
332034
332035
332036
332037
332038
332039
332040
332041
332042
332043
332044
332045
332046
332047
332048
332049
332050
332051
332052
332053
332054
332055
332056
332057
332058
332059
332060
332061
332062
332063
332064
332065
332066
332067
332068
332069
332070
332071
332072
332073
332074
332075
332076
332077
332078
332079
332080
332081
332082
332083
332084
332085
332086
332087
332088
332089
332090
332091
332092
332093
332094
332095
332096
332097
332098
332099
332100
332101
332102
332103
332104
332105
332106
332107
332108
332109
332110
332111
332112
332113
332114
332115
332116
332117
332118
332119
332120
332121
332122
332123
332124
332125
332126
332127
332128
332129
332130
332131
332132
332133
332134
332135
332136
332137
332138
332139
332140
332141
332142
332143
332144
332145
332146
332147
332148
332149
332150
332151
332152
332153
332154
332155
332156
332157
332158
332159
332160
332161
332162
332163
332164
332165
332166
332167
332168
332169
332170
332171
332172
332173
332174
332175
332176
332177
332178
332179
332180
332181
332182
332183
332184
332185
332186
332187
332188
332189
332190
332191
332192
332193
332194
332195
332196
332197
332198
332199
332200
332201
332202
332203
332204
332205
332206
332207
332208
332209
332210
332211
332212
332213
332214
332215
332216
332217
332218
332219
332220
332221
332222
332223
332224
332225
332226
332227
332228
332229
332230
332231
332232
332233
332234
332235
332236
332237
332238
332239
332240
332241
332242
332243
332244
332245
332246
332247
332248
332249
332250
332251
332252
332253
332254
332255
332256
332257
332258
332259
332260
332261
332262
332263
332264
332265
332266
332267
332268
332269
332270
332271
332272
332273
332274
332275
332276
332277
332278
332279
332280
332281
332282
332283
332284
332285
332286
332287
332288
332289
332290
332291
332292
332293
332294
332295
332296
332297
332298
332299
332300
332301
332302
332303
332304
332305
332306
332307
332308
332309
332310
332311
332312
332313
332314
332315
332316
332317
332318
332319
332320
332321
332322
332323
332324
332325
332326
332327
332328
332329
332330
332331
332332
332333
332334
332335
332336
332337
332338
332339
332340
332341
332342
332343
332344
332345
332346
332347
332348
332349
332350
332351
332352
332353
332354
332355
332356
332357
332358
332359
332360
332361
332362
332363
332364
332365
332366
332367
332368
332369
332370
332371
332372
332373
332374
332375
332376
332377
332378
332379
332380
332381
332382
332383
332384
332385
332386
332387
332388
332389
332390
332391
332392
332393
332394
332395
332396
332397
332398
332399
332400
332401
332402
332403
332404
332405
332406
332407
332408
332409
332410
332411
332412
332413
332414
332415
332416
332417
332418
332419
332420
332421
332422
332423
332424
332425
332426
332427
332428
332429
332430
332431
332432
332433
332434
332435
332436
332437
332438
332439
332440
332441
332442
332443
332444
332445
332446
332447
332448
332449
332450
332451
332452
332453
332454
332455
332456
332457
332458
332459
332460
332461
332462
332463
332464
332465
332466
332467
332468
332469
332470
332471
332472
332473
332474
332475
332476
332477
332478
332479
332480
332481
332482
332483
332484
332485
332486
332487
332488
332489
332490
332491
332492
332493
332494
332495
332496
332497
332498
332499
332500
332501
332502
332503
332504
332505
332506
332507
332508
332509
332510
332511
332512
332513
332514
332515
332516
332517
332518
332519
332520
332521
332522
332523
332524
332525
332526
332527
332528
332529
332530
332531
332532
332533
332534
332535
332536
332537
332538
332539
332540
332541
332542
332543
332544
332545
332546
332547
332548
332549
332550
332551
332552
332553
332554
332555
332556
332557
332558
332559
332560
332561
332562
332563
332564
332565
332566
332567
332568
332569
332570
332571
332572
332573
332574
332575
332576
332577
332578
332579
332580
332581
332582
332583
332584
332585
332586
332587
332588
332589
332590
332591
332592
332593
332594
332595
332596
332597
332598
332599
332600
332601
332602
332603
332604
332605
332606
332607
332608
332609
332610
332611
332612
332613
332614
332615
332616
332617
332618
332619
332620
332621
332622
332623
332624
332625
332626
332627
332628
332629
332630
332631
332632
332633
332634
332635
332636
332637
332638
332639
332640
332641
332642
332643
332644
332645
332646
332647
332648
332649
332650
332651
332652
332653
332654
332655
332656
332657
332658
332659
332660
332661
332662
332663
332664
332665
332666
332667
332668
332669
332670
332671
332672
332673
332674
332675
332676
332677
332678
332679
332680
332681
332682
332683
332684
332685
332686
332687
332688
332689
332690
332691
332692
332693
332694
332695
332696
332697
332698
332699
332700
332701
332702
332703
332704
332705
332706
332707
332708
332709
332710
332711
332712
332713
332714
332715
332716
332717
332718
332719
332720
332721
332722
332723
332724
332725
332726
332727
332728
332729
332730
332731
332732
332733
332734
332735
332736
332737
332738
332739
332740
332741
332742
332743
332744
332745
332746
332747
332748
332749
332750
332751
332752
332753
332754
332755
332756
332757
332758
332759
332760
332761
332762
332763
332764
332765
332766
332767
332768
332769
332770
332771
332772
332773
332774
332775
332776
332777
332778
332779
332780
332781
332782
332783
332784
332785
332786
332787
332788
332789
332790
332791
332792
332793
332794
332795
332796
332797
332798
332799
332800
332801
332802
332803
332804
332805
332806
332807
332808
332809
332810
332811
332812
332813
332814
332815
332816
332817
332818
332819
332820
332821
332822
332823
332824
332825
332826
332827
332828
332829
332830
332831
332832
332833
332834
332835
332836
332837
332838
332839
332840
332841
332842
332843
332844
332845
332846
332847
332848
332849
332850
332851
332852
332853
332854
332855
332856
332857
332858
332859
332860
332861
332862
332863
332864
332865
332866
332867
332868
332869
332870
332871
332872
332873
332874
332875
332876
332877
332878
332879
332880
332881
332882
332883
332884
332885
332886
332887
332888
332889
332890
332891
332892
332893
332894
332895
332896
332897
332898
332899
332900
332901
332902
332903
332904
332905
332906
332907
332908
332909
332910
332911
332912
332913
332914
332915
332916
332917
332918
332919
332920
332921
332922
332923
332924
332925
332926
332927
332928
332929
332930
332931
332932
332933
332934
332935
332936
332937
332938
332939
332940
332941
332942
332943
332944
332945
332946
332947
332948
332949
332950
332951
332952
332953
332954
332955
332956
332957
332958
332959
332960
332961
332962
332963
332964
332965
332966
332967
332968
332969
332970
332971
332972
332973
332974
332975
332976
332977
332978
332979
332980
332981
332982
332983
332984
332985
332986
332987
332988
332989
332990
332991
332992
332993
332994
332995
332996
332997
332998
332999
333000
333001
333002
333003
333004
333005
333006
333007
333008
333009
333010
333011
333012
333013
333014
333015
333016
333017
333018
333019
333020
333021
333022
333023
333024
333025
333026
333027
333028
333029
333030
333031
333032
333033
333034
333035
333036
333037
333038
333039
333040
333041
333042
333043
333044
333045
333046
333047
333048
333049
333050
333051
333052
333053
333054
333055
333056
333057
333058
333059
333060
333061
333062
333063
333064
333065
333066
333067
333068
333069
333070
333071
333072
333073
333074
333075
333076
333077
333078
333079
333080
333081
333082
333083
333084
333085
333086
333087
333088
333089
333090
333091
333092
333093
333094
333095
333096
333097
333098
333099
333100
333101
333102
333103
333104
333105
333106
333107
333108
333109
333110
333111
333112
333113
333114
333115
333116
333117
333118
333119
333120
333121
333122
333123
333124
333125
333126
333127
333128
333129
333130
333131
333132
333133
333134
333135
333136
333137
333138
333139
333140
333141
333142
333143
333144
333145
333146
333147
333148
333149
333150
333151
333152
333153
333154
333155
333156
333157
333158
333159
333160
333161
333162
333163
333164
333165
333166
333167
333168
333169
333170
333171
333172
333173
333174
333175
333176
333177
333178
333179
333180
333181
333182
333183
333184
333185
333186
333187
333188
333189
333190
333191
333192
333193
333194
333195
333196
333197
333198
333199
333200
333201
333202
333203
333204
333205
333206
333207
333208
333209
333210
333211
333212
333213
333214
333215
333216
333217
333218
333219
333220
333221
333222
333223
333224
333225
333226
333227
333228
333229
333230
333231
333232
333233
333234
333235
333236
333237
333238
333239
333240
333241
333242
333243
333244
333245
333246
333247
333248
333249
333250
333251
333252
333253
333254
333255
333256
333257
333258
333259
333260
333261
333262
333263
333264
333265
333266
333267
333268
333269
333270
333271
333272
333273
333274
333275
333276
333277
333278
333279
333280
333281
333282
333283
333284
333285
333286
333287
333288
333289
333290
333291
333292
333293
333294
333295
333296
333297
333298
333299
333300
333301
333302
333303
333474
333475
333476
333477
333478
333479
333480
333481
333482
333483
333484
333485
333486
333487
333488
333489
333490
333491
333492
333493
333494
333495
333496
333497
333498
333499
333500
333501
333502
333503
333504
333505
333506
333507
333508
333509
333510
333511
333512
333513
333514
333515
333516
333517
333518
333519
333520
333521
333522
333523
333524
333525
333526
333527
333528
333529
333530
333531
333532
333533
333534
333535
333536
333537
333538
333539
333540
333541
333542
333543
333544
333545
333546
333547
333548
333549
333550
333551
333552
333553
333554
333555
333556
333557
333558
333559
333560
333561
333562
333563
333564
333565
333566
333567
333568
333569
333570
333571
333572
333573
333574
333575
333576
333577
333578
333579
333580
333581
333582
333583
333584
333585
333586
333587
333588
333589
333590
333591
333592
333593
333594
333595
333596
333597
333598
333599
333600
333601
333602
333603
333774
333775
333776
333777
333778
333779
333780
333781
333782
333783
333784
333785
333786
333787
333788
333789
333790
333791
333792
333793
333794
333795
333796
333797
333798
333799
333800
333801
333802
333803
333804
333805
333806
333807
333808
333809
333810
333811
333812
333813
333814
333815
333816
333817
333818
333819
333820
333821
333822
333823
333824
333825
333826
333827
333828
333829
333830
333831
333832
333833
333834
333835
333836
333837
333838
333839
333840
333841
333842
333843
333844
333845
333846
333847
333848
333849
333850
333851
333852
333853
333854
333855
333856
333857
333858
333859
333860
333861
333862
333863
333864
333865
333866
333867
333868
333869
333870
333871
333872
333873
333874
333875
333876
333877
333878
333879
333880
333881
333882
333883
333884
333885
333886
333887
333888
333889
333890
333891
333892
333893
333894
333895
333896
333897
333898
333899
333900
333901
333902
333903
333974
333975
333976
333977
333978
333979
333980
333981
333982
333983
333984
333985
333986
333987
333988
333989
333990
333991
333992
333993
333994
333995
333996
333997
333998
333999
334000
334001
334002
334003
334004
334005
334006
334007
334008
334009
334010
334011
334012
334013
334014
334015
334016
334017
334018
334019
334020
334021
334022
334023
334024
334025
334026
334027
334028
334029
334030
334031
334032
334033
334034
334035
334036
334037
334038
334039
334040
334041
334042
334043
334044
334045
334046
334047
334048
334049
334050
334051
334052
334053
334054
334055
334056
334057
334058
334059
334060
334061
334062
334063
334064
334065
334066
334067
334068
334069
334070
334071
334072
334073
334074
334075
334076
334077
334078
334079
334080
334081
334082
334083
334084
334085
334086
334087
334088
334089
334090
334091
334092
334093
334094
334095
334096
334097
334098
334099
334100
334101
334102
334103
334154
334155
334156
334157
334158
334159
334160
334161
334162
334163
334164
334165
334166
334167
334168
334169
334170
334171
334172
334173
334174
334175
334176
334177
334178
334179
334180
334181
334182
334183
334184
334185
334186
334187
334188
334189
334190
334191
334192
334193
334194
334195
334196
334197
334198
334199
334200
334201
334202
334203
334204
334205
334206
334207
334208
334209
334210
334211
334212
334213
334214
334215
334216
334217
334218
334219
334220
334221
334222
334223
334224
334225
334226
334227
334228
334229
334230
334231
334232
334233
334234
334235
334236
334237
334238
334239
334240
334241
334242
334243
334314
334315
334316
334317
334318
334319
334320
334321
334322
334323
334324
334325
334326
334327
334328
334329
334330
334331
334332
334333
334334
334335
334336
334337
334338
334339
334340
334341
334342
334343
334344
334345
334346
334347
334348
334349
334350
334351
334352
334353
334354
334355
334356
334357
334358
334359
334360
334361
334362
334363
334364
334365
334366
334367
334368
334369
334370
334371
334372
334373
334374
334375
334376
334377
334378
334379
334380
334381
334382
334383
334384
334385
334386
334387
334388
334389
334390
334391
334392
334393
334394
334395
334396
334397
334398
334399
334400
334401
334402
334403
334404
334405
334406
334407
334408
334409
334410
334411
334412
334413
334414
334415
334416
334417
334418
334419
334420
334421
334422
334423
334424
334425
334426
334427
334428
334429
334430
334431
334432
334433
334434
334435
334436
334437
334438
334439
334440
334441
334442
334443
334444
334445
334446
334447
334448
334449
334450
334451
334452
334453
334454
334455
334456
334457
334458
334459
334460
334461
334462
334463
334464
334465
334466
334467
334468
334469
334470
334471
334472
334473
334474
334475
334476
334477
334478
334479
334480
334481
334482
334483
334484
334485
334486
334487
334488
334489
334490
334491
334492
334493
334544
334545
334546
334547
334548
334549
334550
334551
334552
334553
334554
334555
334556
334557
334558
334559
334560
334561
334562
334563
334564
334565
334566
334567
334568
334569
334570
334656
334657
334658
334659
334660
334661
334662
334663
334664
334665
334666
334667
334668
334669
334670
334671
334672
334673
334674
334675
334676
334677
334678
334679
334680
334681
334682
334683
334684
334685
334686
334687
334688
334689
334690
334691
334692
334693
334694
334695
334696
334697
334698
334699
334700
334701
334702
334703
334704
334705
334706
334707
334708
334709
334710
334711
334712
334713
334714
334715
334716
334717
334718
334719
334720
334721
334722
334723
334724
334725
334726
334727
334728
334729
334730
334731
334732
334733
334734
334735
334736
334737
334738
334739
334740
334741
334742
334743
334744
334745
334817
334818
334819
334820
334821
334822
334823
334824
334825
334826
334827
334828
334829
334830
334831
334832
334833
334834
334835
334836
334837
334838
334839
334840
334841
334842
334843
334844
334845
334846
334847
334848
334849
334850
334851
334852
334853
334854
334855
334856
334857
334858
334859
334860
334861
334862
334863
334864
334865
334866
334867
334868
334869
334870
334871
334872
334873
334874
334875
334876
335027
335028
335029
335030
335031
335032
335033
335034
335035
335036
335037
335038
335039
335040
335041
335042
335043
335044
335045
335046
335047
335048
335049
335050
335051
335052
335053
335054
335055
335056
335057
335058
335059
335060
335061
335062
335063
335064
335065
335066
335067
335068
335069
335070
335071
335072
335073
335074
335075
335076
335077
335078
335079
335080
335081
335082
335083
335084
335085
335086
335087
335088
335089
335090
335091
335092
335093
335094
335095
335096
335097
335098
335099
335100
335101
335102
335103
335104
335105
335106
335107
335108
335109
335110
335111
335112
335113
335114
335115
335116
335117
335118
335119
335120
335121
335122
335123
335124
335125
335126
335127
335128
335129
335130
335131
335132
335133
335134
335135
335136
335137
335138
335139
335140
335141
335142
335143
335144
335145
335146
335147
335148
335149
335150
335151
335152
335153
335154
335155
335156
335337
335338
335339
335340
335341
335342
335343
335344
335345
335346
335347
335348
335349
335350
335351
335352
335353
335354
335355
335356
335357
335358
335359
335360
335361
335362
335363
335364
335365
335366
335367
335368
335369
335370
335371
335372
335373
335374
335375
335376
335377
335378
335379
335380
335381
335382
335383
335384
335385
335386
335387
335388
335389
335390
335391
335392
335393
335394
335395
335396
335397
335398
335399
335400
335401
335402
335403
335404
335405
335406
335407
335408
335409
335410
335411
335412
335413
335414
335415
335416
335487
335488
335489
335490
335491
335492
335493
335494
335495
335496
335497
335498
335499
335500
335501
335502
335503
335504
335505
335506
335507
335508
335509
335510
335511
335512
335513
335514
335515
335516
335517
335518
335519
335520
335521
335522
335523
335524
335525
335526
335527
335528
335529
335530
335531
335532
335533
335534
335535
335536
335537
335538
335539
335540
335541
335542
335543
335544
335545
335546
335547
335548
335549
335550
335551
335552
335553
335554
335555
335556
335557
335558
335559
335560
335561
335562
335563
335564
335565
335566
335567
335568
335569
335570
335571
335572
335573
335574
335575
335576
335577
335578
335579
335580
335581
335582
335583
335584
335585
335586
335587
335588
335589
335590
335591
335592
335593
335594
335595
335596
335597
335598
335599
335600
335601
335602
335603
335604
335605
335606
335607
335608
335609
335610
335611
335612
335613
335614
335615
335616
335667
335668
335669
335670
335671
335672
335673
335674
335675
335676
335677
335678
335679
335680
335681
335682
335683
335684
335685
335686
335687
335688
335689
335690
335691
335692
335693
335694
335695
335696
335697
335698
335699
335700
335701
335702
335703
335704
335705
335706
335707
335708
335709
335710
335711
335712
335713
335714
335715
335716
335717
335718
335719
335720
335721
335722
335723
335724
335725
335726
335727
335728
335729
335730
335731
335732
335733
335734
335735
335736
335737
335738
335739
335740
335741
335742
335743
335744
335745
335746
335747
335748
335749
335750
335751
335752
335753
335754
335755
335756
335827
335828
335829
335830
335831
335832
335833
335834
335835
335836
335837
335838
335839
335840
335841
335842
335843
335844
335845
335846
335847
335848
335849
335850
335851
335852
335853
335854
335855
335856
335857
335858
335859
335860
335861
335862
335863
335864
335865
335866
335867
335868
335869
335870
335871
335872
335873
335874
335875
335876
335877
335878
335879
335880
335881
335882
335883
335884
335885
335886
335887
335888
335889
335890
335891
335892
335893
335894
335895
335896
335897
335898
335899
335900
335901
335902
335903
335904
335905
335906
335907
335908
335909
335910
335911
335912
335913
335914
335915
335916
335917
335918
335919
335920
335921
335922
335923
335924
335925
335926
335927
335928
335929
335930
335931
335932
335933
335934
335935
335936
335937
335938
335939
335940
335941
335942
335943
335944
335945
335946
335947
335948
335949
335950
335951
335952
335953
335954
335955
335956
335957
335958
335959
335960
335961
335962
335963
335964
335965
335966
335967
335968
335969
335970
335971
335972
335973
335974
335975
335976
335977
335978
335979
335980
335981
335982
335983
335984
335985
335986
335987
335988
335989
335990
335991
335992
335993
335994
335995
335996
335997
335998
335999
336000
336001
336002
336003
336004
336005
336006
336057
336058
336059
336060
336061
336062
336063
336064
336065
336066
336067
336068
336069
336070
336071
336072
336073
336074
336075
336076
336077
336078
336079
336080
336081
336082
336083
336147
336148
336149
336150
336151
336152
336153
336154
336155
336156
336157
336158
336159
336160
336161
336162
336163
336164
336165
336166
336167
336168
336169
336170
336171
336172
336173
336174
336175
336176
336177
336178
336179
336180
336181
336182
336183
336184
336185
336186
336187
336188
336189
336190
336191
336192
336193
336194
336195
336196
336197
336198
336199
336200
336201
336202
336203
336204
336205
336206
336207
336208
336209
336210
336211
336212
336213
336214
336215
336216
336217
336218
336219
336220
336221
336222
336223
336224
336225
336226
336227
336228
336229
336230
336231
336232
336233
336234
336235
336236
336313
336314
336315
336316
336317
336318
336319
336320
336321
336322
336323
336324
336325
336326
336327
336328
336329
336330
336331
336332
336333
336334
336335
336336
336337
336338
336339
336340
336341
336342
336343
336344
336345
336346
336347
336348
336349
336350
336351
336352
336353
336354
336355
336356
336357
336358
336359
336360
336361
336362
336363
336364
336365
336366
336367
336368
336369
336370
336371
336372
336503
336504
336505
336506
336507
336508
336509
336510
336511
336512
336513
336514
336515
336516
336517
336518
336519
336520
336521
336522
336523
336524
336525
336526
336527
336528
336529
336530
336531
336532
336533
336534
336535
336536
336537
336538
336539
336540
336541
336542
336543
336544
336545
336546
336547
336548
336549
336550
336551
336552
336553
336554
336555
336556
336557
336558
336559
336560
336561
336562
336563
336564
336565
336566
336567
336568
336569
336570
336571
336572
336573
336574
336575
336576
336577
336578
336579
336580
336581
336582
336583
336584
336585
336586
336587
336588
336589
336590
336591
336592
336593
336594
336595
336596
336597
336598
336599
336600
336601
336602
336603
336604
336605
336606
336607
336608
336609
336610
336611
336612
336613
336614
336615
336616
336617
336618
336619
336620
336621
336622
336623
336624
336625
336626
336627
336628
336629
336630
336631
336632
336793
336794
336795
336796
336797
336798
336799
336800
336801
336802
336803
336804
336805
336806
336807
336808
336809
336810
336811
336812
336813
336814
336815
336816
336817
336818
336819
336820
336821
336822
336823
336824
336825
336826
336827
336828
336829
336830
336831
336832
336833
336834
336835
336836
336837
336838
336839
336840
336841
336842
336843
336844
336845
336846
336847
336848
336849
336850
336851
336852
336853
336854
336855
336856
336857
336858
336859
336860
336861
336862
336863
336864
336865
336866
336867
336868
336869
336870
336871
336872
336943
336944
336945
336946
336947
336948
336949
336950
336951
336952
336953
336954
336955
336956
336957
336958
336959
336960
336961
336962
336963
336964
336965
336966
336967
336968
336969
336970
336971
336972
336973
336974
336975
336976
336977
336978
336979
336980
336981
336982
336983
336984
336985
336986
336987
336988
336989
336990
336991
336992
336993
336994
336995
336996
336997
336998
336999
337000
337001
337002
337003
337004
337005
337006
337007
337008
337009
337010
337011
337012
337013
337014
337015
337016
337017
337018
337019
337020
337021
337022
337023
337024
337025
337026
337027
337028
337029
337030
337031
337032
337033
337034
337035
337036
337037
337038
337039
337040
337041
337042
337043
337044
337045
337046
337047
337048
337049
337050
337051
337052
337053
337054
337055
337056
337057
337058
337059
337060
337061
337062
337063
337064
337065
337066
337067
337068
337069
337070
337071
337072
337123
337124
337125
337126
337127
337128
337129
337130
337131
337132
337133
337134
337135
337136
337137
337138
337139
337140
337141
337142
337143
337144
337145
337146
337147
337148
337149
337150
337151
337152
337153
337154
337155
337156
337157
337158
337159
337160
337161
337162
337163
337164
337165
337166
337167
337168
337169
337170
337171
337172
337173
337174
337175
337176
337177
337178
337179
337180
337181
337182
337183
337184
337185
337186
337187
337188
337189
337190
337191
337192
337193
337194
337195
337196
337197
337198
337199
337200
337201
337202
337203
337204
337205
337206
337207
337208
337209
337210
337211
337212
337283
337284
337285
337286
337287
337288
337289
337290
337291
337292
337293
337294
337295
337296
337297
337298
337299
337300
337301
337302
337303
337304
337305
337306
337307
337308
337309
337310
337311
337312
337313
337314
337315
337316
337317
337318
337319
337320
337321
337322
337323
337324
337325
337326
337327
337328
337329
337330
337331
337332
337333
337334
337335
337336
337337
337338
337339
337340
337341
337342
337343
337344
337345
337346
337347
337348
337349
337350
337351
337352
337353
337354
337355
337356
337357
337358
337359
337360
337361
337362
337363
337364
337365
337366
337367
337368
337369
337370
337371
337372
337373
337374
337375
337376
337377
337378
337379
337380
337381
337382
337383
337384
337385
337386
337387
337388
337389
337390
337391
337392
337393
337394
337395
337396
337397
337398
337399
337400
337401
337402
337403
337404
337405
337406
337407
337408
337409
337410
337411
337412
337413
337414
337415
337416
337417
337418
337419
337420
337421
337422
337423
337424
337425
337426
337427
337428
337429
337430
337431
337432
337433
337434
337435
337436
337437
337438
337439
337440
337441
337442
337443
337444
337445
337446
337447
337448
337449
337450
337451
337452
337453
337454
337455
337456
337457
337458
337459
337460
337461
337462
337513
337514
337515
337516
337517
337518
337519
337520
337521
337522
337523
337524
337525
337526
337527
337528
337529
337530
337531
337532
337533
337534
337535
337536
337537
337538
337539
337608
337609
337610
337611
337612
337613
337614
337615
337616
337617
337618
337619
337620
337621
337622
337623
337624
337625
337626
337627
337628
337629
337630
337631
337632
337633
337634
337635
337636
337637
337638
337639
337640
337641
337642
337643
337644
337645
337646
337647
337648
337649
337650
337651
337652
337653
337654
337655
337656
337657
337658
337659
337660
337661
337662
337663
337664
337665
337666
337667
337668
337669
337670
337671
337672
337673
337674
337675
337676
337677
337678
337679
337680
337681
337682
337683
337684
337685
337686
337687
337688
337689
337690
337691
337692
337693
337694
337695
337696
337697
337765
337766
337767
337768
337769
337770
337771
337772
337773
337774
337775
337776
337777
337778
337779
337780
337781
337782
337783
337784
337785
337786
337787
337788
337789
337790
337791
337792
337793
337794
337795
337796
337797
337798
337799
337800
337801
337802
337803
337804
337805
337806
337807
337808
337809
337810
337811
337812
337813
337814
337815
337816
337817
337818
337819
337820
337821
337822
337823
337824
337965
337966
337967
337968
337969
337970
337971
337972
337973
337974
337975
337976
337977
337978
337979
337980
337981
337982
337983
337984
337985
337986
337987
337988
337989
337990
337991
337992
337993
337994
337995
337996
337997
337998
337999
338000
338001
338002
338003
338004
338005
338006
338007
338008
338009
338010
338011
338012
338013
338014
338015
338016
338017
338018
338019
338020
338021
338022
338023
338024
338025
338026
338027
338028
338029
338030
338031
338032
338033
338034
338035
338036
338037
338038
338039
338040
338041
338042
338043
338044
338045
338046
338047
338048
338049
338050
338051
338052
338053
338054
338055
338056
338057
338058
338059
338060
338061
338062
338063
338064
338065
338066
338067
338068
338069
338070
338071
338072
338073
338074
338075
338076
338077
338078
338079
338080
338081
338082
338083
338084
338215
338216
338217
338218
338219
338220
338221
338222
338223
338224
338225
338226
338227
338228
338229
338230
338231
338232
338233
338234
338235
338236
338237
338238
338239
338240
338241
338242
338243
338244
338245
338246
338247
338248
338249
338250
338251
338252
338253
338254
338255
338256
338257
338258
338259
338260
338261
338262
338263
338264
338265
338266
338267
338268
338269
338270
338271
338272
338273
338274
338275
338276
338277
338278
338279
338280
338281
338282
338283
338284
338285
338286
338287
338288
338289
338290
338291
338292
338293
338294
338295
338296
338297
338298
338299
338300
338301
338302
338303
338304
338305
338306
338307
338308
338309
338310
338311
338312
338313
338314
338385
338386
338387
338388
338389
338390
338391
338392
338393
338394
338395
338396
338397
338398
338399
338400
338401
338402
338403
338404
338405
338406
338407
338408
338409
338410
338411
338412
338413
338414
338415
338416
338417
338418
338419
338420
338421
338422
338423
338424
338425
338426
338427
338428
338429
338430
338431
338432
338433
338434
338435
338436
338437
338438
338439
338440
338441
338442
338443
338444
338445
338446
338447
338448
338449
338450
338451
338452
338453
338454
338455
338456
338457
338458
338459
338460
338461
338462
338463
338464
338465
338466
338467
338468
338469
338470
338471
338472
338473
338474
338475
338476
338477
338478
338479
338480
338481
338482
338483
338484
338485
338486
338487
338488
338489
338490
338491
338492
338493
338494
338495
338496
338497
338498
338499
338500
338501
338502
338503
338504
338555
338556
338557
338558
338559
338560
338561
338562
338563
338564
338565
338566
338567
338568
338569
338570
338571
338572
338573
338574
338575
338576
338577
338578
338579
338580
338581
338582
338583
338584
338585
338586
338587
338588
338589
338590
338591
338592
338593
338594
338595
338596
338597
338598
338599
338600
338601
338602
338603
338604
338605
338606
338607
338608
338609
338610
338611
338612
338613
338614
338615
338616
338617
338618
338619
338620
338621
338622
338623
338624
338625
338626
338627
338628
338629
338630
338631
338632
338633
338634
338635
338636
338637
338638
338639
338640
338641
338642
338643
338644
338715
338716
338717
338718
338719
338720
338721
338722
338723
338724
338725
338726
338727
338728
338729
338730
338731
338732
338733
338734
338735
338736
338737
338738
338739
338740
338741
338742
338743
338744
338745
338746
338747
338748
338749
338750
338751
338752
338753
338754
338755
338756
338757
338758
338759
338760
338761
338762
338763
338764
338765
338766
338767
338768
338769
338770
338771
338772
338773
338774
338775
338776
338777
338778
338779
338780
338781
338782
338783
338784
338785
338786
338787
338788
338789
338790
338791
338792
338793
338794
338795
338796
338797
338798
338799
338800
338801
338802
338803
338804
338805
338806
338807
338808
338809
338810
338811
338812
338813
338814
338815
338816
338817
338818
338819
338820
338821
338822
338823
338824
338825
338826
338827
338828
338829
338830
338831
338832
338833
338834
338835
338836
338837
338838
338839
338840
338841
338842
338843
338844
338845
338846
338847
338848
338849
338850
338851
338852
338853
338854
338855
338856
338857
338858
338859
338860
338861
338862
338863
338864
338865
338866
338867
338868
338869
338870
338871
338872
338873
338874
338875
338876
338877
338878
338879
338880
338881
338882
338883
338884
338885
338886
338887
338888
338889
338890
338891
338892
338893
338894
338945
338946
338947
338948
338949
338950
338951
338952
338953
338954
338955
338956
338957
338958
338959
338960
338961
338962
338963
338964
338965
338966
338967
338968
338969
338970
338971
339040
339041
339042
339043
339044
339045
339046
339047
339048
339049
339050
339051
339052
339053
339054
339055
339056
339057
339058
339059
339060
339061
339062
339063
339064
339065
339066
339067
339068
339069
339070
339071
339072
339073
339074
339075
339076
339077
339078
339079
339080
339081
339082
339083
339084
339085
339086
339087
339088
339089
339090
339091
339092
339093
339094
339095
339096
339097
339098
339099
339100
339101
339102
339103
339104
339105
339106
339107
339108
339109
339110
339111
339112
339113
339114
339115
339116
339117
339118
339119
339120
339121
339122
339123
339124
339125
339126
339127
339128
339129
339190
339191
339192
339193
339194
339195
339196
339197
339198
339199
339200
339201
339202
339203
339204
339205
339206
339207
339208
339209
339210
339211
339212
339213
339214
339215
339216
339387
339388
339389
339390
339391
339392
339393
339394
339395
339396
339397
339494
339495
339496
339497
339498
339499
339500
339501
339502
339503
339504
339505
339506
339507
339508
339509
339510
339511
339512
339513
339514
339515
339516
339517
339518
339519
339520
339521
339522
339523
339524
339525
339526
339527
339528
339529
339530
339531
339532
339533
339534
339535
339536
339537
339538
339539
339540
339541
339542
339543
339544
339545
339546
339547
339548
339549
339550
339551
339552
339553
339554
339555
339556
339557
339558
339559
339560
339561
339562
339563
339564
339565
339566
339567
339568
339569
339570
339571
339572
339573
339574
339575
339576
339577
339578
339579
339580
339581
339582
339583
339584
339585
339586
339587
339588
339589
339590
339591
339594
339595
339596
339660
339661
339662
339665
339666
339667
339676
339677
339678
339679
339680
339681
339682
339683
339684
339685
339686
339687
339688
339689
339690
339691
339692
339693
339694
339695
339696
339697
339698
339699
339700
339701
339702
339703
339704
339705
339706
339707
339708
339709
339710
339711
339712
339713
339714
339715
339716
339717
339718
339719
339720
339721
339722
339723
339724
339725
339726
339727
339728
339729
339730
339731
339732
339733
339734
339735
339736
339737
339738
339739
339740
339741
339742
339743
339744
339745
339746
339747
339748
339749
339750
339751
339752
339753
339754
339755
339756
339757
339758
339759
339760
339761
339762
339763
339764
339765
339766
339767
339768
339769
339770
339771
339772
339773
339774
339775
339776
339777
339778
339779
339780
339781
339782
339783
339784
339785
339786
340378
340379
340380
340381
340382
340383
340384
340385
340386
340387
340388
340389
340390
340391
340392
340393
340394
340395
340396
340397
340408
340409
340410
340411
340412
340413
340564
340565
340566
340567
340568
340569
340570
340571
340572
340573
340574
340575
340576
340577
340578
340579
340580
340581
340582
340583
340584
340585
340586
340587
340588
340589
340590
340591
340592
340593
340594
340595
340596
340597
340598
340599
340600
340601
340602
340628
340629
340630
340631
340632
340633
340634
340635
340636
340637
340638
340639
340640
340641
340642
340643
340644
340645
340646
340647
340648
340649
340650
340651
340652
340653
340654
340655
340656
340657
340658
340659
340660
340661
340662
340663
340664
340665
340666
340667
340668
340669
340670
340671
340672
340673
340674
340675
340676
340677
340678
340679
340680
340681
340682
340683
340684
340685
340686
340687
340688
340689
340690
340691
340692
340693
340694
340695
340696
340697
340698
340699
340700
340701
340702
340703
340704
340705
340706
340707
340708
340709
340710
340711
340712
340713
340714
340715
340716
340717
340718
340719
340720
340721
340722
340723
340724
340725
340726
340727
340728
340729
340730
340731
340732
340733
340734
340735
340736
340737
340738
340739
340740
340741
340742
340743
340744
340745
340746
340747
340748
340749
340750
340751
340752
340753
340754
340755
340756
340757
340758
340759
340760
340761
340762
340763
340764
340765
340766
340767
340768
340769
340770
340771
340772
340773
340774
340775
340776
340777
340778
340779
340780
340781
340782
340783
340784
340785
340786
340787
340788
340789
340790
340791
340792
340793
340794
340795
340796
340797
340798
340799
340800
340801
340802
340803
340804
340805
340806
340807
340808
340809
340810
340811
340812
340813
340814
340815
340816
340817
340818
340819
340820
340821
340822
340823
340824
340825
340826
340827
340828
340829
340830
340831
340832
340833
340834
340835
340836
340837
340838
340839
340840
340841
340842
340843
340844
340845
340846
340847
340848
340849
340850
340851
340852
340853
340854
340855
340856
340857
340858
340859
340860
340861
340862
340863
340864
340865
340866
340867
340868
340869
340870
340871
340872
340873
340874
340875
340876
340877
340878
340879
340880
340881
340882
340883
340884
340885
340886
340887
340888
340889
340890
340891
340892
340893
340894
340895
340896
340897
340898
340899
340900
340901
340902
340903
340904
340905
340906
340907
340908
340909
340910
340911
340912
340913
340914
340915
340916
340917
340918
340919
340920
340921
340922
340923
340924
340925
340926
340927
340928
340929
340930
340931
340932
340933
340934
340935
340936
340937
340938
340939
340940
340941
340942
340943
340944
340945
340946
340947
340948
340949
340950
340951
340952
340953
340954
340955
340956
340957
340958
340959
340960
340961
340962
340963
340964
340965
340966
340967
340968
340969
340970
340971
340972
340973
340974
340975
340976
340977
340978
340979
340980
340981
340982
340983
340984
340985
340986
340987
340988
340989
340990
340991
340992
340993
340994
340995
340996
340997
340998
340999
341000
341001
341002
341003
341004
341005
341006
341007
341008
341009
341010
341011
341012
341013
341014
341015
341016
341017
341018
341019
341020
341021
341022
341023
341024
341025
341026
341027
341028
341029
341030
341031
341032
341033
341034
341035
341036
341037
341038
341039
341040
341041
341042
341043
341044
341045
341046
341047
341048
341049
341050
341051
341052
341053
341054
341055
341056
341057
341058
341059
341060
341061
341062
341063
341064
341065
341066
341067
341068
341069
341070
341071
341072
341073
341074
341075
341076
341077
341078
341079
341080
341081
341082
341083
341084
341085
341086
341087
341088
341089
341090
341091
341092
341093
341094
341095
341096
341097
341098
341099
341100
341101
341102
341103
341104
341105
341106
341107
341108
341109
341110
341111
341112
341113
341114
341115
341116
341117
341118
341119
341120
341121
341122
341123
341124
341125
341126
341127
341128
341129
341130
341131
341132
341133
341134
341135
341136
341137
341138
341139
341140
341141
341142
341143
341144
341145
341146
341147
341148
341149
341150
341151
341152
341153
341154
341155
341156
341157
341158
341159
341160
341161
341162
341163
341164
341165
341166
341167
341168
341169
341170
341171
341172
341173
341174
341175
341176
341177
341178
341179
341180
341181
341182
341183
341184
341185
341186
341187
341188
341189
341190
341191
341192
341193
341194
341195
341196
341197
341198
341199
341200
341201
341202
341203
341204
341205
341206
341207
341208
341209
341210
341211
341212
341213
341214
341215
341216
341217
341218
341219
341220
341221
341222
341223
341224
341225
341226
341227
341228
341229
341230
341231
341232
341233
341234
341235
341236
341237
341238
341239
341240
341241
341242
341243
341244
341245
341246
341247
341248
341249
341250
341251
341252
341253
341254
341255
341256
341257
341258
341259
341260
341261
341262
341263
341264
341265
341266
341267
341268
341269
341270
341271
341272
341273
341274
341275
341276
341277
341278
341279
341280
341281
341282
341283
341284
341285
341286
341287
341288
341289
341290
341291
341292
341293
341294
341295
341296
341297
341298
341299
341300
341301
341302
341303
341304
341305
341306
341307
341308
341309
341310
341311
341312
341313
341314
341315
341316
341317
341318
341319
341320
341321
341322
341323
341360
341361
341362
341363
341364
341365
341366
341367
341368
341369
341370
341371
341372
341373
341374
341375
341376
341377
341378
341379
341380
341381
341382
341383
341384
341385
341386
341387
341388
341389
341390
341391
341392
341393
341394
341395
341396
341397
341398
341399
341400
341401
341402
341403
341404
341405
341406
341407
341408
341409
341410
341411
341412
341413
341414
341415
341416
341417
341418
341419
341420
341421
341422
341423
341424
341425
341426
341427
341428
341429
341430
341431
341432
341433
341434
341435
341436
341437
341438
341439
341440
341441
341442
341443
341444
341445
341446
341447
341448
341449
341450
341451
341452
341453
341454
341455
341456
341457
341458
341459
341460
341461
341464
341465
341468
341469
341470
341471
341472
341473
341474
341475
341476
341477
341478
341479
341480
341481
341482
341483
341486
341487
341488
341489
341490
341491
341492
341493
341494
341495
341496
341497
341498
341499
341500
341501
341502
341503
341504
341505
341506
341507
341508
341509
341510
341511
341512
341513
341514
341515
341516
341517
341518
341519
341520
341521
341522
341523
341524
341525
341526
341527
341528
341529
341530
341531
341532
341533
341534
341535
341536
341537
341538
341539
341540
341541
341542
341543
341544
341545
341546
341547
341548
341549
341550
341551
341552
341553
341554
341555
341556
341557
341558
341559
341560
341561
341562
341563
341564
341565
341566
341567
341568
341569
341570
341571
341572
341573
341574
341575
341576
341577
341578
341579
341580
341581
341582
341583
341584
341585
341588
341589
341590
341591
341592
341593
341594
341595
341596
341597
341598
341599
341600
341601
341602
341603
341604
341605
341606
341607
341608
341609
341610
341611
341612
341613
341614
341615
341616
341617
341618
341619
341620
341621
341622
341623
341624
341625
341626
341627
341628
341629
341630
341631
341632
341633
341634
341635
341636
341637
341638
341639
341640
341641
341642
341643
341644
341645
341646
341647
341648
341649
341650
341651
341652
341653
341654
341655
341656
341657
341658
341659
341660
341661
341662
341663
341664
341665
341666
341667
341668
341669
341670
341671
341672
341673
341674
341675
341676
341677
341678
341679
341680
341681
341682
341683
341684
341685
341686
341687
341688
341689
341690
341691
341692
341693
341694
341695
341696
341697
341698
341699
341700
341701
341702
341703
341704
341705
341706
341707
341708
341709
341710
341711
341712
341713
341714
341715
341716
341717
341718
341719
341720
341721
341722
341723
341724
341725
341726
341727
341728
341729
341730
341731
341732
341733
341734
341735
341736
341737
341738
341739
341740
341741
341742
341743
341744
341745
341746
341747
341748
341749
341750
341751
341752
341753
341754
341755
341758
341759
341760
341761
341762
341763
341764
341765
341766
341767
341768
341769
341770
341771
341772
341773
341774
341775
341776
341777
341778
341779
341780
341781
341782
341783
341784
341785
341786
341787
341788
341789
341790
341791
341792
341793
341794
341795
341796
341797
341798
341799
341800
341801
341802
341803
341804
341805
341806
341807
341808
341809
342061
342062
342063
342064
342065
342066
342067
342068
342069
342070
342071
342072
342073
342435
342436
342437
342438
342439
342440
342441
342442
342443
342444
342445
342446
342447
342448
342449
342450
342451
342452
342453
342454
342455
342456
342457
342458
342459
342460
342461
342462
342463
342464
342465
342466
342467
342468
342469
342470
342471
342472
342473
342474
342475
342476
342477
342478
342479
342480
342481
342482
342483
342484
342485
342486
342487
342488
342489
342490
342491
342492
342493
342494
342495
342496
342497
342498
342499
342500
342501
342502
342503
342504
342505
342506
342507
342508
342509
342510
342511
342512
342513
342514
342515
342516
342517
342518
342519
342520
342521
342522
342523
342524
342525
342526
342527
342528
342529
342530
342531
342532
342533
342534
342535
342536
342537
342538
342539
342540
342541
342542
342543
342544
342545
342546
342547
342548
342549
342550
342551
342552
342553
342554
342555
342556
342557
342558
342559
342560
342561
342562
342563
342564
342565
342566
342567
342568
342569
342570
342571
342572
342573
342574
342575
342576
342577
342578
342579
342580
342581
342582
342583
342584
342585
342586
342587
342588
342589
342590
342591
342592
342593
342594
342595
342596
342597
342598
342599
342600
342601
342602
342603
342604
342605
342606
342607
342608
342609
342610
342611
342612
342613
342614
342615
342616
342617
342618
342619
342620
342621
342622
342623
342624
342625
342626
342627
342628
342629
342630
342631
342632
342633
342634
342635
342636
342637
342638
342639
342640
342641
342642
342643
342644
342645
342646
342647
342648
342649
342650
342651
342652
342653
342654
342655
342656
342657
342658
342659
342660
342661
342662
342663
342664
342665
342666
342767
342768
342769
342770
342771
342772
342773
342774
342775
342776
342777
342778
342779
342780
342781
342782
342783
342784
342785
342786
342787
342788
342789
342790
342791
342792
342793
342794
342795
342796
342797
342798
342799
342800
342801
342802
342803
342804
342805
342806
342807
342808
342809
342810
342811
342812
342813
342814
342815
342816
342817
342818
342819
342820
342821
342854
342855
342856
342857
342858
342859
342860
342861
342966
342967
342968
342969
342970
342971
342972
342973
342974
342975
342976
342977
342978
342979
342980
342981
342982
342983
342984
342985
342986
342987
342988
342989
342990
342991
342992
342993
342994
342995
342996
342997
342998
342999
343000
343001
343002
343003
343004
343005
343006
343007
343037
343038
343039
343040
343041
343042
343043
343044
343149
343150
343151
343152
343153
343154
343155
343156
343157
343158
343159
343160
343161
343162
343163
343164
343165
343166
343167
343168
343169
343170
343171
343172
343173
343174
343175
343176
343177
343178
343179
343180
343181
343182
343183
343184
343185
343186
343187
343188
343189
343190
343220
343221
343222
343223
343224
343225
343226
343227
343332
343333
343334
343335
343336
343337
343338
343339
343340
343341
343342
343343
343344
343345
343346
343347
343348
343349
343350
343351
343352
343353
343354
343355
343356
343357
343358
343359
343360
343361
343362
343363
343393
343394
343395
343396
343397
)


// ************************************************************************* //
