/*--------------------------------*- C++ -*----------------------------------*\
| =========                 |                                                 |
| \\      /  F ield         | OpenFOAM: The Open Source CFD Toolbox           |
|  \\    /   O peration     | Version:  2512                                  |
|   \\  /    A nd           | Website:  www.openfoam.com                      |
|    \\/     M anipulation  |                                                 |
\*---------------------------------------------------------------------------*/
FoamFile
{
    version     2.0;
    format      ascii;
    arch        "LSB;label=32;scalar=64";
    note        "nPoints:45574  nCells:34774  nFaces:114895  nInternalFaces:102785";
    class       labelList;
    location    "constant/polyMesh";
    object      neighbour;
}
// * * * * * * * * * * * * * * * * * * * * * * * * * * * * * * * * * * * * * //


102785
(
9940
14669
14670
14671
9920
9946
14676
14677
14678
9927
9953
28652
28653
28654
9931
9960
14682
14683
16941
31119
31120
31123
9947
28662
28668
28669
28671
9954
28668
28675
28676
28678
9961
28675
34036
34037
34039
13
48
14682
14684
34036
34038
34040
34042
9
14
51
28660
28661
10
15
52
28663
28666
28667
11
16
53
28669
28670
28673
28674
12
17
54
28676
28677
28680
28681
13
18
55
34037
34038
34041
34042
19
56
15
20
59
16
21
60
17
22
61
18
23
62
19
24
63
25
64
21
26
67
22
27
68
23
28
69
24
29
70
25
30
71
31
72
27
75
28
76
29
77
30
78
31
79
80
14686
14687
14688
9967
14692
14693
14695
9933
9972
9987
9989
14692
17054
17055
17058
31138
31139
31142
31143
9936
9976
9986
14700
14701
14702
9942
9993
14707
14708
14709
9949
10000
14714
14715
14716
9956
10007
14721
14722
14723
9963
9980
10014
28683
28684
28685
9984
10021
14683
14727
14728
17097
31154
31155
31158
42
49
101
14693
14694
14697
14698
34044
34046
34048
9987
34043
34044
34046
9994
28658
28689
28690
28692
34043
10001
28664
28689
28696
28697
28699
10008
28671
28696
28703
28704
28706
10015
28678
28703
28710
28711
28713
10022
28710
34039
34050
34051
34053
56
108
14727
14729
34050
34052
34054
34056
50
57
112
51
58
113
34044
34045
34048
34049
52
59
114
28690
28691
28694
28695
53
60
115
28697
28698
28701
28702
54
61
116
28704
28705
28708
28709
55
62
117
28711
28712
28715
28716
56
63
118
34051
34052
34055
34056
64
119
58
65
123
59
66
124
60
67
125
61
68
126
62
69
127
63
70
128
64
71
129
72
130
66
73
134
67
74
135
68
75
136
69
76
137
70
77
138
71
78
139
72
79
140
80
141
74
145
75
146
76
147
77
148
78
149
79
150
80
151
152
28721
28722
28724
10050
10052
17284
17285
17288
17289
28721
84
87
305
28722
28723
28726
28727
28729
28731
28733
10050
28728
28729
28731
10056
10061
10063
17300
17301
17304
28728
31201
31202
31205
31206
9969
10060
14741
14742
14743
88
98
317
89
99
318
28729
28730
28733
28734
34058
34060
34062
10061
34057
34058
34060
10067
14695
14747
14748
14750
34057
9989
10072
10087
10089
14747
17355
17356
17359
31215
31216
31219
31220
9996
10076
10086
14755
14756
14757
10003
10093
14762
14763
14764
10010
10100
14769
14770
14771
10017
10107
14776
14777
14778
10024
10080
10114
28736
28737
28738
10084
10121
14728
14782
14783
17398
31231
31232
31235
99
109
336
100
110
337
101
111
338
34058
34059
34062
34063
102
112
339
14748
14749
14752
14753
34065
34067
34069
10087
34046
34064
34065
34067
10094
28692
28742
28743
28745
34064
10101
28699
28742
28749
28750
28752
10108
28706
28749
28756
28757
28759
10115
28713
28756
28763
28764
28766
10122
28763
34053
34071
34072
34074
119
346
14782
14784
34071
34073
34075
34077
110
120
355
111
121
356
112
122
357
113
123
358
114
124
359
34065
34066
34069
34070
115
125
360
28743
28744
28747
28748
116
126
361
28750
28751
28754
28755
117
127
362
28757
28758
28761
28762
118
128
363
28764
28765
28768
28769
119
129
364
34072
34073
34076
34077
130
365
121
131
374
122
132
375
123
133
376
124
134
377
125
135
378
126
136
379
127
137
380
128
138
381
129
139
382
130
140
383
141
384
132
142
393
133
143
394
134
144
395
135
145
396
136
146
397
137
147
398
138
148
399
139
149
400
140
150
401
141
151
402
152
403
143
412
144
413
145
414
146
415
147
416
148
417
149
418
150
419
151
420
152
421
422
154
159
423
155
160
424
156
161
425
157
162
426
158
163
427
164
428
160
165
434
161
166
435
162
167
436
163
168
437
164
169
438
170
439
166
171
445
167
172
446
168
173
447
169
174
448
170
175
449
176
450
172
177
456
173
178
457
174
179
458
175
180
459
176
181
460
182
461
178
183
467
179
184
468
180
185
469
181
186
470
182
187
471
188
472
184
189
478
185
190
479
186
191
480
187
192
481
188
193
482
194
483
190
195
489
191
196
490
192
197
491
193
198
492
194
199
493
200
494
196
201
500
197
202
501
198
203
502
199
204
503
200
205
504
206
505
202
207
511
203
208
512
204
209
513
205
210
514
206
211
515
212
516
208
214
521
209
215
522
210
216
523
211
217
524
212
218
525
213
219
526
220
527
14785
14787
28770
28773
28774
215
221
530
216
222
531
217
223
532
218
224
533
219
225
534
220
226
535
28771
28773
28775
28770
28771
28773
222
229
539
223
230
540
224
231
541
225
232
542
226
233
543
227
234
544
28778
28780
28782
28771
28777
28778
28780
10028
10129
10138
17515
17516
17519
17520
28777
31261
31262
31265
31266
230
237
547
231
238
548
232
239
549
233
240
550
234
241
551
235
242
552
14790
14792
14794
14789
14790
14792
28778
10031
10137
14789
14797
14798
14799
238
245
555
239
246
556
240
247
557
241
248
558
242
249
559
243
250
560
14804
14806
14808
14790
14803
14804
14806
10033
10141
14803
14811
14812
14813
246
253
563
247
254
564
248
255
565
249
256
566
250
257
567
251
258
568
14818
14820
14822
14804
14817
14818
14820
10035
10144
14817
14825
14826
14827
254
261
571
255
262
572
256
263
573
257
264
574
258
265
575
259
266
576
28785
28787
28789
14818
28784
28785
28787
10037
10147
28784
28792
28793
28794
262
269
579
263
270
580
264
271
581
265
272
582
266
273
583
267
274
584
28799
28801
28803
28785
28798
28799
28801
10040
10150
10156
10158
17638
17639
17642
17643
28798
31277
31278
31281
270
278
587
271
279
588
272
280
589
273
281
590
274
282
591
275
283
592
276
284
593
14832
14834
14836
28799
28800
28803
28804
10156
14736
14831
14832
14834
10045
10162
14831
14839
14840
14841
279
287
596
280
288
597
281
289
598
282
290
599
283
291
600
284
292
601
285
293
602
28806
28808
28810
14832
28805
28806
28808
10164
10170
10172
17675
17676
17679
17680
28805
31312
31313
31316
288
297
605
289
298
606
290
299
607
291
300
608
292
301
609
293
302
610
294
303
611
295
304
612
28806
28807
28810
28811
28813
28815
28817
10170
28724
28812
28813
28815
10052
10176
10179
10181
17691
17692
17695
17709
17710
17713
17714
28812
298
309
615
299
310
616
300
311
617
301
312
618
302
313
619
303
314
620
304
315
621
305
316
622
306
317
623
28813
28814
28817
28818
28820
28822
28824
10179
28731
28819
28820
28822
10063
10185
10190
10192
17725
17726
17729
28819
31324
31325
31328
31329
10069
10189
14850
14851
14852
310
328
627
311
329
628
312
330
629
313
331
630
314
332
631
315
333
632
316
334
633
317
335
634
318
336
635
319
337
636
28820
28821
28824
28825
34079
34081
34083
10190
34060
34078
34079
34081
10196
14750
14856
14857
14859
34078
10089
10201
10216
10218
14856
17780
17781
17784
31338
31339
31342
31343
10096
10205
10215
14864
14865
14866
10103
10222
14871
14872
14873
10110
10229
14878
14879
14880
10117
10236
14885
14886
14887
10124
10209
10243
28827
28828
28829
10213
10250
14783
14891
14892
17823
31354
31355
31358
329
347
646
330
348
647
331
349
648
332
350
649
333
351
650
334
352
651
335
353
652
336
354
653
337
355
654
338
356
655
339
357
656
34079
34080
34083
34084
340
358
657
14857
14858
14861
14862
34086
34088
34090
10216
34067
34085
34086
34088
10223
28745
28833
28834
28836
34085
10230
28752
28833
28840
28841
28843
10237
28759
28840
28847
28848
28850
10244
28766
28847
28854
28855
28857
10251
28854
34074
34092
34093
34095
365
664
14891
14893
34092
34094
34096
34098
348
366
665
349
367
666
350
368
667
351
369
668
352
370
669
353
371
670
354
372
671
355
373
672
356
374
673
357
375
674
358
376
675
359
377
676
360
378
677
34086
34087
34090
34091
361
379
678
28834
28835
28838
28839
362
380
679
28841
28842
28845
28846
363
381
680
28848
28849
28852
28853
364
382
681
28855
28856
28859
28860
365
383
682
34093
34094
34097
34098
384
683
367
385
684
368
386
685
369
387
686
370
388
687
371
389
688
372
390
689
373
391
690
374
392
691
375
393
692
376
394
693
377
395
694
378
396
695
379
397
696
380
398
697
381
399
698
382
400
699
383
401
700
384
402
701
403
702
386
404
703
387
405
704
388
406
705
389
407
706
390
408
707
391
409
708
392
410
709
393
411
710
394
412
711
395
413
712
396
414
713
397
415
714
398
416
715
399
417
716
400
418
717
401
419
718
402
420
719
403
421
720
422
721
405
722
406
723
407
724
408
725
409
726
410
727
411
728
412
729
413
730
414
731
415
732
416
733
417
734
418
735
419
736
420
737
421
738
422
739
740
424
434
741
425
435
742
426
436
743
427
437
744
428
438
745
429
439
746
430
440
747
431
441
748
432
442
749
433
443
750
444
751
435
445
757
436
446
758
437
447
759
438
448
760
439
449
761
440
450
762
441
451
763
442
452
764
443
453
765
444
454
766
455
767
446
456
773
447
457
774
448
458
775
449
459
776
450
460
777
451
461
778
452
462
779
453
463
780
454
464
781
455
465
782
466
783
457
467
789
458
468
790
459
469
791
460
470
792
461
471
793
462
472
794
463
473
795
464
474
796
465
475
797
466
476
798
477
799
468
478
805
469
479
806
470
480
807
471
481
808
472
482
809
473
483
810
474
484
811
475
485
812
476
486
813
477
487
814
488
815
34099
34102
34103
479
489
821
480
490
822
481
491
823
482
492
824
483
493
825
484
494
826
485
495
827
486
496
828
487
497
829
488
498
830
34100
34102
34104
34106
34109
34110
34099
34100
34102
490
500
837
491
501
838
492
502
839
493
503
840
494
504
841
495
505
842
496
506
843
497
507
844
498
508
845
34107
34109
34111
34113
34116
34117
34106
34107
34109
14894
14895
14897
34100
34106
501
511
852
502
512
853
503
513
854
504
514
855
505
515
856
506
516
857
507
517
858
508
518
859
34114
34116
34118
34120
34123
34124
34113
34114
34116
14901
14902
14904
34107
34113
14895
14901
28862
28863
28864
512
521
864
513
522
865
514
523
866
515
524
867
516
525
868
517
526
869
518
527
870
34121
34123
34125
34120
34121
34123
14908
14909
14911
34114
34120
14902
14908
28869
28870
28871
522
530
874
523
531
875
524
532
876
525
533
877
526
534
878
527
535
879
528
536
880
14916
14918
14920
28882
28885
28886
14785
14915
14916
14918
34121
14909
14915
28876
28877
28878
531
539
883
532
540
884
533
541
885
534
542
886
535
543
887
536
544
888
28883
28885
28887
28773
28882
28883
28885
10131
10273
10275
14916
28882
31394
31395
31398
31399
10135
10268
10272
14922
14923
14924
540
547
892
541
548
893
542
549
894
543
550
895
544
551
896
545
552
897
28890
28892
28894
28780
28883
28889
28890
28892
10138
10273
10282
18003
18004
18007
18008
28889
31408
31409
31412
31413
548
555
900
549
556
901
550
557
902
551
558
903
552
559
904
553
560
905
14928
14930
14932
14792
14927
14928
14930
28890
10142
10281
14927
14935
14936
14937
556
563
908
557
564
909
558
565
910
559
566
911
560
567
912
561
568
913
14942
14944
14946
14806
14928
14941
14942
14944
10145
10285
14941
14949
14950
14951
564
571
916
565
572
917
566
573
918
567
574
919
568
575
920
569
576
921
14956
14958
14960
14820
14942
14955
14956
14958
10148
10288
14955
14963
14964
14965
572
579
924
573
580
925
574
581
926
575
582
927
576
583
928
577
584
929
28897
28899
28901
14956
28787
28896
28897
28899
10152
10291
28896
28904
28905
28906
580
587
932
581
588
933
582
589
934
583
590
935
584
591
936
585
592
937
28911
28913
28915
28801
28897
28910
28911
28913
10158
10294
10300
10302
18126
18127
18130
18131
28910
31424
31425
31428
588
596
940
589
597
941
590
598
942
591
599
943
592
600
944
593
601
945
594
602
946
14970
14972
14974
28911
28912
28915
28916
10300
14834
14969
14970
14972
10166
10306
14969
14977
14978
14979
597
605
949
598
606
950
599
607
951
600
608
952
601
609
953
602
610
954
603
611
955
28918
28920
28922
14970
28808
28917
28918
28920
10172
10308
10314
10316
18163
18164
18167
18168
28917
31459
31460
31463
606
615
958
607
616
959
608
617
960
609
618
961
610
619
962
611
620
963
612
621
964
613
622
965
28918
28919
28922
28923
28925
28927
28929
10314
28815
28924
28925
28927
10181
10320
10323
10325
18179
18180
18183
18197
18198
18201
18202
28924
616
627
968
617
628
969
618
629
970
619
630
971
620
631
972
621
632
973
622
633
974
623
634
975
624
635
976
28925
28926
28929
28930
28932
28934
28936
10323
28822
28931
28932
28934
10192
10329
10334
10336
18213
18214
18217
28931
31471
31472
31475
31476
10198
10333
14988
14989
14990
628
646
980
629
647
981
630
648
982
631
649
983
632
650
984
633
651
985
634
652
986
635
653
987
636
654
988
637
655
989
28932
28933
28936
28937
34128
34130
34132
10334
34081
34127
34128
34130
10340
14859
14994
14995
14997
34127
10218
10345
10358
10360
14994
18268
18269
18272
31485
31486
31489
31490
10225
10349
10357
15002
15003
15004
10232
10364
15009
15010
15011
10239
10371
15016
15017
15018
10246
10378
15023
15024
15025
10253
10353
10385
28939
28940
28941
10356
10392
14892
15029
18306
31501
31502
31505
647
665
998
648
666
999
649
667
1000
650
668
1001
651
669
1002
652
670
1003
653
671
1004
654
672
1005
655
673
1006
656
674
1007
657
675
1008
34128
34129
34132
34133
658
676
1009
14995
14996
14999
15000
34135
34137
34139
10358
34088
34134
34135
34137
10365
28836
28945
28946
28948
34134
10372
28843
28945
28952
28953
28955
10379
28850
28952
28959
28960
28962
10386
28857
28959
28966
28967
28969
10393
28966
34095
34141
34142
34144
683
15029
34141
34143
34145
34147
666
684
1016
667
685
1017
668
686
1018
669
687
1019
670
688
1020
671
689
1021
672
690
1022
673
691
1023
674
692
1024
675
693
1025
676
694
1026
677
695
1027
678
696
1028
34135
34136
34139
34140
679
697
1029
28946
28947
28950
28951
680
698
1030
28953
28954
28957
28958
681
699
1031
28960
28961
28964
28965
682
700
1032
28967
28968
28971
28972
683
701
1033
34142
34143
34146
34147
702
685
703
1034
686
704
1035
687
705
1036
688
706
1037
689
707
1038
690
708
1039
691
709
1040
692
710
1041
693
711
1042
694
712
1043
695
713
1044
696
714
1045
697
715
1046
698
716
1047
699
717
1048
700
718
1049
701
719
1050
702
720
1051
721
704
722
1052
705
723
1053
706
724
1054
707
725
1055
708
726
1056
709
727
1057
710
728
1058
711
729
1059
712
730
1060
713
731
1061
714
732
1062
715
733
1063
716
734
1064
717
735
1065
718
736
1066
719
737
1067
720
738
1068
721
739
1069
740
723
1070
724
1071
725
1072
726
1073
727
1074
728
1075
729
1076
730
1077
731
1078
732
1079
733
1080
734
1081
735
1082
736
1083
737
1084
738
1085
739
1086
740
1087
742
757
1088
743
758
1089
744
759
1090
745
760
1091
746
761
1092
747
762
1093
748
763
1094
749
764
1095
750
765
1096
751
766
1097
752
767
1098
753
768
1099
754
769
1100
755
770
1101
756
771
1102
772
1103
758
773
1104
759
774
1105
760
775
1106
761
776
1107
762
777
1108
763
778
1109
764
779
1110
765
780
1111
766
781
1112
767
782
1113
768
783
1114
769
784
1115
770
785
1116
771
786
1117
772
787
1118
788
1119
774
789
1120
775
790
1121
776
791
1122
777
792
1123
778
793
1124
779
794
1125
780
795
1126
781
796
1127
782
797
1128
783
798
1129
784
799
1130
785
800
1131
786
801
1132
787
802
1133
788
803
1134
804
1135
790
805
1136
791
806
1137
792
807
1138
793
808
1139
794
809
1140
795
810
1141
796
811
1142
797
812
1143
798
813
1144
799
814
1145
800
815
1146
801
816
1147
802
817
1148
803
818
1149
28973
28976
28977
804
819
1150
28980
28983
28984
820
1151
28987
28990
28991
806
821
1152
807
822
1153
808
823
1154
809
824
1155
810
825
1156
811
826
1157
812
827
1158
813
828
1159
814
829
1160
815
830
1161
816
831
1162
34148
34151
34152
817
832
1163
28994
28997
28998
818
833
1164
15030
15033
15034
28974
28976
28978
28973
28974
28976
28973
28980
28981
28983
28980
28987
28988
28990
822
837
1168
823
838
1169
824
839
1170
825
840
1171
826
841
1172
827
842
1173
828
843
1174
829
844
1175
830
845
1176
831
846
1177
34149
34151
34153
34155
34158
34159
34102
34148
34149
34151
28994
28995
28997
34148
15030
15031
15033
28994
10397
10400
15030
28974
31513
31514
31517
31518
10397
10404
10407
18406
18407
18410
18411
28981
10404
10412
18434
18435
18438
18439
28988
838
852
1184
839
853
1185
840
854
1186
841
855
1187
842
856
1188
843
857
1189
844
858
1190
845
859
1191
846
860
1192
34156
34158
34160
34162
34165
34166
34109
34155
34156
34158
14897
15037
15038
15040
34149
34155
10416
15037
18448
18449
18452
18453
28995
31527
31528
31531
31532
10414
15031
15045
15046
15047
10398
10419
15051
15052
10405
10422
15054
853
864
1199
854
865
1200
855
866
1201
856
867
1202
857
868
1203
858
869
1204
859
870
1205
860
871
1206
34163
34165
34167
34169
34172
34173
34116
34162
34163
34165
14904
15055
15056
15058
34156
34162
10259
15038
15055
29002
29003
29004
10415
10426
15062
865
874
1211
866
875
1212
867
876
1213
868
877
1214
869
878
1215
870
879
1216
871
880
1217
34170
34172
34174
34123
34169
34170
34172
14911
15063
15064
15066
34163
34169
10264
15056
15063
29009
29010
29011
875
883
1221
876
884
1222
877
885
1223
878
886
1224
879
887
1225
880
888
1226
881
889
1227
15071
15073
15075
29022
29025
29026
14918
15070
15071
15073
34170
10269
15064
15070
29016
29017
29018
884
892
1230
885
893
1231
886
894
1232
887
895
1233
888
896
1234
889
897
1235
29023
29025
29027
28885
29022
29023
29025
10275
10443
10445
15071
29022
31562
31563
31566
31567
10279
10438
10442
15077
15078
15079
893
900
1239
894
901
1240
895
902
1241
896
903
1242
897
904
1243
898
905
1244
29030
29032
29034
28892
29023
29029
29030
29032
10282
10443
10452
18601
18602
18605
18606
29029
31576
31577
31580
31581
901
908
1247
902
909
1248
903
910
1249
904
911
1250
905
912
1251
906
913
1252
15083
15085
15087
14930
15082
15083
15085
29030
10286
10451
15082
15090
15091
15092
909
916
1255
910
917
1256
911
918
1257
912
919
1258
913
920
1259
914
921
1260
15097
15099
15101
14944
15083
15096
15097
15099
10289
10455
15096
15104
15105
15106
917
924
1263
918
925
1264
919
926
1265
920
927
1266
921
928
1267
922
929
1268
15111
15113
15115
14958
15097
15110
15111
15113
10292
10458
15110
15118
15119
15120
925
932
1271
926
933
1272
927
934
1273
928
935
1274
929
936
1275
930
937
1276
29037
29039
29041
15111
28899
29036
29037
29039
10296
10461
29036
29044
29045
29046
933
940
1279
934
941
1280
935
942
1281
936
943
1282
937
944
1283
938
945
1284
29051
29053
29055
28913
29037
29050
29051
29053
10302
10464
10470
10472
18724
18725
18728
18729
29050
31592
31593
31596
941
949
1287
942
950
1288
943
951
1289
944
952
1290
945
953
1291
946
954
1292
947
955
1293
15125
15127
15129
29051
29052
29055
29056
10470
14972
15124
15125
15127
10310
10476
15124
15132
15133
15134
950
958
1296
951
959
1297
952
960
1298
953
961
1299
954
962
1300
955
963
1301
956
964
1302
29058
29060
29062
15125
28920
29057
29058
29060
10316
10478
10484
10486
18761
18762
18765
18766
29057
31627
31628
31631
959
968
1305
960
969
1306
961
970
1307
962
971
1308
963
972
1309
964
973
1310
965
974
1311
966
975
1312
29058
29059
29062
29063
29065
29067
29069
10484
28927
29064
29065
29067
10325
10490
10493
10495
18777
18778
18781
18795
18796
18799
18800
29064
969
980
1315
970
981
1316
971
982
1317
972
983
1318
973
984
1319
974
985
1320
975
986
1321
976
987
1322
977
988
1323
29065
29066
29069
29070
29072
29074
29076
10493
28934
29071
29072
29074
10336
10499
10504
10506
18811
18812
18815
29071
31639
31640
31643
31644
10342
10503
15143
15144
15145
981
998
1327
982
999
1328
983
1000
1329
984
1001
1330
985
1002
1331
986
1003
1332
987
1004
1333
988
1005
1334
989
1006
1335
990
1007
1336
29072
29073
29076
29077
34177
34179
34181
10504
34130
34176
34177
34179
10510
14997
15149
15150
15152
34176
10360
10515
10526
10528
15149
18866
18867
18870
31653
31654
31657
31658
10367
10519
10525
15157
15158
15159
10374
10532
15164
15165
15166
10381
10539
15171
15172
15173
10388
10546
15178
15179
15180
10395
10523
10553
29079
29080
29081
999
1016
1345
1000
1017
1346
1001
1018
1347
1002
1019
1348
1003
1020
1349
1004
1021
1350
1005
1022
1351
1006
1023
1352
1007
1024
1353
1008
1025
1354
1009
1026
1355
34177
34178
34181
34182
1010
1027
1356
15150
15151
15154
15155
34184
34186
34188
10526
34137
34183
34184
34186
10533
28948
29085
29086
29088
34183
10540
28955
29085
29092
29093
29095
10547
28962
29092
29099
29100
29102
10554
28969
29099
29106
29107
29109
10560
29106
34144
34190
34191
34193
1017
1034
1363
1018
1035
1364
1019
1036
1365
1020
1037
1366
1021
1038
1367
1022
1039
1368
1023
1040
1369
1024
1041
1370
1025
1042
1371
1026
1043
1372
1027
1044
1373
1028
1045
1374
1029
1046
1375
34184
34185
34188
34189
1030
1047
1376
29086
29087
29090
29091
1031
1048
1377
29093
29094
29097
29098
1032
1049
1378
29100
29101
29104
29105
1033
1050
1379
29107
29108
29111
29112
1051
1380
34191
34192
34195
34196
1035
1052
1381
1036
1053
1382
1037
1054
1383
1038
1055
1384
1039
1056
1385
1040
1057
1386
1041
1058
1387
1042
1059
1388
1043
1060
1389
1044
1061
1390
1045
1062
1391
1046
1063
1392
1047
1064
1393
1048
1065
1394
1049
1066
1395
1050
1067
1396
1051
1068
1397
1069
1398
1053
1070
1399
1054
1071
1400
1055
1072
1401
1056
1073
1402
1057
1074
1403
1058
1075
1404
1059
1076
1405
1060
1077
1406
1061
1078
1407
1062
1079
1408
1063
1080
1409
1064
1081
1410
1065
1082
1411
1066
1083
1412
1067
1084
1413
1068
1085
1414
1069
1086
1415
1087
1416
1071
1417
1072
1418
1073
1419
1074
1420
1075
1421
1076
1422
1077
1423
1078
1424
1079
1425
1080
1426
1081
1427
1082
1428
1083
1429
1084
1430
1085
1431
1086
1432
1087
1433
1434
1089
1104
1435
1090
1105
1436
1091
1106
1437
1092
1107
1438
1093
1108
1439
1094
1109
1440
1095
1110
1441
1096
1111
1442
1097
1112
1443
1098
1113
1444
1099
1114
1445
1100
1115
1446
1101
1116
1447
1102
1117
1448
1103
1118
1449
1119
1450
1105
1120
1451
1106
1121
1452
1107
1122
1453
1108
1123
1454
1109
1124
1455
1110
1125
1456
1111
1126
1457
1112
1127
1458
1113
1128
1459
1114
1129
1460
1115
1130
1461
1116
1131
1462
1117
1132
1463
1118
1133
1464
1119
1134
1465
1135
1466
1121
1136
1467
1122
1137
1468
1123
1138
1469
1124
1139
1470
1125
1140
1471
1126
1141
1472
1127
1142
1473
1128
1143
1474
1129
1144
1475
1130
1145
1476
1131
1146
1477
1132
1147
1478
1133
1148
1479
1134
1149
1480
1135
1150
1481
1151
1482
1137
1152
1483
1138
1153
1484
1139
1154
1485
1140
1155
1486
1141
1156
1487
1142
1157
1488
1143
1158
1489
1144
1159
1490
1145
1160
1491
1146
1161
1492
1147
1162
1493
1148
1163
1494
1149
1164
1495
1150
1165
1496
29113
29116
29117
1151
1166
1497
29120
29123
29124
1167
1498
29127
29130
29131
1153
1168
1499
1154
1169
1500
1155
1170
1501
1156
1171
1502
1157
1172
1503
1158
1173
1504
1159
1174
1505
1160
1175
1506
1161
1176
1507
1162
1177
1508
1163
1178
1509
34197
34200
34201
1164
1179
1510
29134
29137
29138
1165
1180
1511
15184
15187
15188
29114
29116
29118
28976
29113
29114
29116
28983
29113
29120
29121
29123
28990
29120
29127
29128
29130
1169
1184
1515
1170
1185
1516
1171
1186
1517
1172
1187
1518
1173
1188
1519
1174
1189
1520
1175
1190
1521
1176
1191
1522
1177
1192
1523
1178
1193
1524
34198
34200
34202
34204
34207
34208
34151
34197
34198
34200
28997
29134
29135
29137
34197
15033
15184
15185
15187
29134
10400
10563
10566
15184
29114
31674
31675
31678
31679
10407
10563
10570
10573
18996
18997
19000
19001
29121
10412
10570
10577
10580
19024
19025
19028
19029
29128
1185
1199
1531
1186
1200
1532
1187
1201
1533
1188
1202
1534
1189
1203
1535
1190
1204
1536
1191
1205
1537
1192
1206
1538
1193
1207
1539
34205
34207
34209
34211
34214
34215
34158
34204
34205
34207
15040
15191
15192
15194
34198
34204
10416
10586
15191
19052
19053
19056
19057
29135
31688
31689
31692
31693
10420
10584
15185
15199
15200
15201
10423
10564
10589
15205
15206
10425
10571
10592
15208
1200
1211
1546
1201
1212
1547
1202
1213
1548
1203
1214
1549
1204
1215
1550
1205
1216
1551
1206
1217
1552
1207
1218
1553
34212
34214
34216
34218
34221
34222
34165
34211
34212
34214
15058
15209
15210
15212
34205
34211
10428
15192
15209
29142
29143
29144
10431
10585
10596
15216
1212
1221
1558
1213
1222
1559
1214
1223
1560
1215
1224
1561
1216
1225
1562
1217
1226
1563
1218
1227
1564
34219
34221
34223
34172
34218
34219
34221
15066
15217
15218
15220
34212
34218
10434
15210
15217
29149
29150
29151
1222
1230
1568
1223
1231
1569
1224
1232
1570
1225
1233
1571
1226
1234
1572
1227
1235
1573
1228
1236
1574
15225
15227
15229
29162
29165
29166
15073
15224
15225
15227
34219
10439
15218
15224
29156
29157
29158
1231
1239
1577
1232
1240
1578
1233
1241
1579
1234
1242
1580
1235
1243
1581
1236
1244
1582
29163
29165
29167
29025
29162
29163
29165
10445
10613
10615
15225
29162
31723
31724
31727
31728
10449
10608
10612
15231
15232
15233
1240
1247
1586
1241
1248
1587
1242
1249
1588
1243
1250
1589
1244
1251
1590
1245
1252
1591
29170
29172
29174
29032
29163
29169
29170
29172
10452
10613
10622
19205
19206
19209
19210
29169
31737
31738
31741
31742
1248
1255
1594
1249
1256
1595
1250
1257
1596
1251
1258
1597
1252
1259
1598
1253
1260
1599
15237
15239
15241
15085
15236
15237
15239
29170
10456
10621
15236
15244
15245
15246
1256
1263
1602
1257
1264
1603
1258
1265
1604
1259
1266
1605
1260
1267
1606
1261
1268
1607
15251
15253
15255
15099
15237
15250
15251
15253
10459
10625
15250
15258
15259
15260
1264
1271
1610
1265
1272
1611
1266
1273
1612
1267
1274
1613
1268
1275
1614
1269
1276
1615
15265
15267
15269
15113
15251
15264
15265
15267
10462
10628
15264
15272
15273
15274
1272
1279
1618
1273
1280
1619
1274
1281
1620
1275
1282
1621
1276
1283
1622
1277
1284
1623
29177
29179
29181
15265
29039
29176
29177
29179
10466
10631
29176
29184
29185
29186
1280
1287
1626
1281
1288
1627
1282
1289
1628
1283
1290
1629
1284
1291
1630
1285
1292
1631
29191
29193
29195
29053
29177
29190
29191
29193
10472
10634
10640
10642
19328
19329
19332
19333
29190
31753
31754
31757
1288
1296
1634
1289
1297
1635
1290
1298
1636
1291
1299
1637
1292
1300
1638
1293
1301
1639
1294
1302
1640
15279
15281
15283
29191
29192
29195
29196
10640
15127
15278
15279
15281
10480
10646
15278
15286
15287
15288
1297
1305
1643
1298
1306
1644
1299
1307
1645
1300
1308
1646
1301
1309
1647
1302
1310
1648
1303
1311
1649
29198
29200
29202
15279
29060
29197
29198
29200
10486
10648
10654
10656
19365
19366
19369
19370
29197
31788
31789
31792
1306
1315
1652
1307
1316
1653
1308
1317
1654
1309
1318
1655
1310
1319
1656
1311
1320
1657
1312
1321
1658
1313
1322
1659
29198
29199
29202
29203
29205
29207
29209
10654
29067
29204
29205
29207
10495
10660
10663
10665
19381
19382
19385
19399
19400
19403
19404
29204
1316
1327
1662
1317
1328
1663
1318
1329
1664
1319
1330
1665
1320
1331
1666
1321
1332
1667
1322
1333
1668
1323
1334
1669
1324
1335
1670
29205
29206
29209
29210
29212
29214
29216
10663
29074
29211
29212
29214
10506
10669
10674
10676
19415
19416
19419
29211
31800
31801
31804
31805
10512
10673
15297
15298
15299
1328
1345
1674
1329
1346
1675
1330
1347
1676
1331
1348
1677
1332
1349
1678
1333
1350
1679
1334
1351
1680
1335
1352
1681
1336
1353
1682
1337
1354
1683
29212
29213
29216
29217
34226
34228
34230
10674
34179
34225
34226
34228
10680
15152
15303
15304
15306
34225
10528
10685
10696
10698
15303
19470
19471
19474
31814
31815
31818
31819
10535
10689
10695
15311
15312
15313
10542
10702
15318
15319
15320
10549
10709
15325
15326
15327
10556
10716
15332
15333
15334
10561
10693
10723
29219
29220
29221
1346
1363
1692
1347
1364
1693
1348
1365
1694
1349
1366
1695
1350
1367
1696
1351
1368
1697
1352
1369
1698
1353
1370
1699
1354
1371
1700
1355
1372
1701
1356
1373
1702
34226
34227
34230
34231
1357
1374
1703
15304
15305
15308
15309
34233
34235
34237
10696
34186
34232
34233
34235
10703
29088
29225
29226
29228
34232
10710
29095
29225
29232
29233
29235
10717
29102
29232
29239
29240
29242
10724
29109
29239
29246
29247
29249
10730
29246
34193
34239
34240
34242
1364
1381
1710
1365
1382
1711
1366
1383
1712
1367
1384
1713
1368
1385
1714
1369
1386
1715
1370
1387
1716
1371
1388
1717
1372
1389
1718
1373
1390
1719
1374
1391
1720
1375
1392
1721
1376
1393
1722
34233
34234
34237
34238
1377
1394
1723
29226
29227
29230
29231
1378
1395
1724
29233
29234
29237
29238
1379
1396
1725
29240
29241
29244
29245
1380
1397
1726
29247
29248
29251
29252
1398
1727
34240
34241
34244
34245
1382
1399
1728
1383
1400
1729
1384
1401
1730
1385
1402
1731
1386
1403
1732
1387
1404
1733
1388
1405
1734
1389
1406
1735
1390
1407
1736
1391
1408
1737
1392
1409
1738
1393
1410
1739
1394
1411
1740
1395
1412
1741
1396
1413
1742
1397
1414
1743
1398
1415
1744
1416
1745
1400
1417
1746
1401
1418
1747
1402
1419
1748
1403
1420
1749
1404
1421
1750
1405
1422
1751
1406
1423
1752
1407
1424
1753
1408
1425
1754
1409
1426
1755
1410
1427
1756
1411
1428
1757
1412
1429
1758
1413
1430
1759
1414
1431
1760
1415
1432
1761
1416
1433
1762
1434
1763
1418
1764
1419
1765
1420
1766
1421
1767
1422
1768
1423
1769
1424
1770
1425
1771
1426
1772
1427
1773
1428
1774
1429
1775
1430
1776
1431
1777
1432
1778
1433
1779
1434
1780
1781
1436
1451
1782
1437
1452
1783
1438
1453
1784
1439
1454
1785
1440
1455
1786
1441
1456
1787
1442
1457
1788
1443
1458
1789
1444
1459
1790
1445
1460
1791
1446
1461
1792
1447
1462
1793
1448
1463
1794
1449
1464
1795
1450
1465
1796
1466
1797
1452
1467
1798
1453
1468
1799
1454
1469
1800
1455
1470
1801
1456
1471
1802
1457
1472
1803
1458
1473
1804
1459
1474
1805
1460
1475
1806
1461
1476
1807
1462
1477
1808
1463
1478
1809
1464
1479
1810
1465
1480
1811
1466
1481
1812
1482
1813
1468
1483
1814
1469
1484
1815
1470
1485
1816
1471
1486
1817
1472
1487
1818
1473
1488
1819
1474
1489
1820
1475
1490
1821
1476
1491
1822
1477
1492
1823
1478
1493
1824
1479
1494
1825
1480
1495
1826
1481
1496
1827
1482
1497
1828
1498
1829
1484
1499
1830
1485
1500
1831
1486
1501
1832
1487
1502
1833
1488
1503
1834
1489
1504
1835
1490
1505
1836
1491
1506
1837
1492
1507
1838
1493
1508
1839
1494
1509
1840
1495
1510
1841
1496
1511
1842
1497
1512
1843
29253
29256
29257
1498
1513
1844
29260
29263
29264
1514
1845
29267
29270
29271
1500
1515
1846
1501
1516
1847
1502
1517
1848
1503
1518
1849
1504
1519
1850
1505
1520
1851
1506
1521
1852
1507
1522
1853
1508
1523
1854
1509
1524
1855
1510
1525
1856
34246
34249
34250
1511
1526
1857
29274
29277
29278
1512
1527
1858
15338
15341
15342
29254
29256
29258
29116
29253
29254
29256
29123
29253
29260
29261
29263
29130
29260
29267
29268
29270
1516
1531
1862
1517
1532
1863
1518
1533
1864
1519
1534
1865
1520
1535
1866
1521
1536
1867
1522
1537
1868
1523
1538
1869
1524
1539
1870
1525
1540
1871
34247
34249
34251
34253
34256
34257
34200
34246
34247
34249
29137
29274
29275
29277
34246
15187
15338
15339
15341
29274
10566
10733
10736
15338
29254
31835
31836
31839
31840
10573
10733
10740
10743
19600
19601
19604
19605
29261
10580
10740
10747
10750
19628
19629
19632
19633
29268
1532
1546
1878
1533
1547
1879
1534
1548
1880
1535
1549
1881
1536
1550
1882
1537
1551
1883
1538
1552
1884
1539
1553
1885
1540
1554
1886
34254
34256
34258
34260
34263
34264
34207
34253
34254
34256
15194
15345
15346
15348
34247
34253
10586
10756
15345
19656
19657
19660
19661
29275
31849
31850
31853
31854
10590
10754
15339
15353
15354
15355
10593
10734
10759
15359
15360
10595
10741
10762
15362
1547
1558
1893
1548
1559
1894
1549
1560
1895
1550
1561
1896
1551
1562
1897
1552
1563
1898
1553
1564
1899
1554
1565
1900
34261
34263
34265
34267
34270
34271
34214
34260
34261
34263
15212
15363
15364
15366
34254
34260
10598
15346
15363
29282
29283
29284
10601
10755
10766
15370
1559
1568
1905
1560
1569
1906
1561
1570
1907
1562
1571
1908
1563
1572
1909
1564
1573
1910
1565
1574
1911
34268
34270
34272
34221
34267
34268
34270
15220
15371
15372
15374
34261
34267
10604
15364
15371
29289
29290
29291
1569
1577
1915
1570
1578
1916
1571
1579
1917
1572
1580
1918
1573
1581
1919
1574
1582
1920
1575
1583
1921
15379
15381
15383
29302
29305
29306
15227
15378
15379
15381
34268
10609
15372
15378
29296
29297
29298
1578
1586
1924
1579
1587
1925
1580
1588
1926
1581
1589
1927
1582
1590
1928
1583
1591
1929
29303
29305
29307
29165
29302
29303
29305
10615
10783
10785
15379
29302
31884
31885
31888
31889
10619
10778
10782
15385
15386
15387
1587
1594
1933
1588
1595
1934
1589
1596
1935
1590
1597
1936
1591
1598
1937
1592
1599
1938
29310
29312
29314
29172
29303
29309
29310
29312
10622
10783
10792
19809
19810
19813
19814
29309
31898
31899
31902
31903
1595
1602
1941
1596
1603
1942
1597
1604
1943
1598
1605
1944
1599
1606
1945
1600
1607
1946
15391
15393
15395
15239
15390
15391
15393
29310
10626
10791
15390
15398
15399
15400
1603
1610
1949
1604
1611
1950
1605
1612
1951
1606
1613
1952
1607
1614
1953
1608
1615
1954
15405
15407
15409
15253
15391
15404
15405
15407
10629
10795
15404
15412
15413
15414
1611
1618
1957
1612
1619
1958
1613
1620
1959
1614
1621
1960
1615
1622
1961
1616
1623
1962
15419
15421
15423
15267
15405
15418
15419
15421
10632
10798
15418
15426
15427
15428
1619
1626
1965
1620
1627
1966
1621
1628
1967
1622
1629
1968
1623
1630
1969
1624
1631
1970
29317
29319
29321
15419
29179
29316
29317
29319
10636
10801
29316
29324
29325
29326
1627
1634
1973
1628
1635
1974
1629
1636
1975
1630
1637
1976
1631
1638
1977
1632
1639
1978
29331
29333
29335
29193
29317
29330
29331
29333
10642
10804
10810
10812
19932
19933
19936
19937
29330
31914
31915
31918
1635
1643
1981
1636
1644
1982
1637
1645
1983
1638
1646
1984
1639
1647
1985
1640
1648
1986
1641
1649
1987
15433
15435
15437
29331
29332
29335
29336
10810
15281
15432
15433
15435
10650
10816
15432
15440
15441
15442
1644
1652
1990
1645
1653
1991
1646
1654
1992
1647
1655
1993
1648
1656
1994
1649
1657
1995
1650
1658
1996
29338
29340
29342
15433
29200
29337
29338
29340
10656
10818
10824
10826
19969
19970
19973
19974
29337
31949
31950
31953
1653
1662
1999
1654
1663
2000
1655
1664
2001
1656
1665
2002
1657
1666
2003
1658
1667
2004
1659
1668
2005
1660
1669
2006
29338
29339
29342
29343
29345
29347
29349
10824
29207
29344
29345
29347
10665
10830
10833
10835
19985
19986
19989
20003
20004
20007
20008
29344
1663
1674
2009
1664
1675
2010
1665
1676
2011
1666
1677
2012
1667
1678
2013
1668
1679
2014
1669
1680
2015
1670
1681
2016
1671
1682
2017
29345
29346
29349
29350
29352
29354
29356
10833
29214
29351
29352
29354
10676
10839
10844
10846
20019
20020
20023
29351
31961
31962
31965
31966
10682
10843
15451
15452
15453
1675
1692
2021
1676
1693
2022
1677
1694
2023
1678
1695
2024
1679
1696
2025
1680
1697
2026
1681
1698
2027
1682
1699
2028
1683
1700
2029
1684
1701
2030
29352
29353
29356
29357
34275
34277
34279
10844
34228
34274
34275
34277
10850
15306
15457
15458
15460
34274
10698
10855
10866
10868
15457
20074
20075
20078
31975
31976
31979
31980
10705
10859
10865
15465
15466
15467
10712
10872
15472
15473
15474
10719
10879
15479
15480
15481
10726
10886
15486
15487
15488
10731
10863
10893
29359
29360
29361
1693
1710
2039
1694
1711
2040
1695
1712
2041
1696
1713
2042
1697
1714
2043
1698
1715
2044
1699
1716
2045
1700
1717
2046
1701
1718
2047
1702
1719
2048
1703
1720
2049
34275
34276
34279
34280
1704
1721
2050
15458
15459
15462
15463
34282
34284
34286
10866
34235
34281
34282
34284
10873
29228
29365
29366
29368
34281
10880
29235
29365
29372
29373
29375
10887
29242
29372
29379
29380
29382
10894
29249
29379
29386
29387
29389
10900
29386
34242
34288
34289
34291
1711
1728
2057
1712
1729
2058
1713
1730
2059
1714
1731
2060
1715
1732
2061
1716
1733
2062
1717
1734
2063
1718
1735
2064
1719
1736
2065
1720
1737
2066
1721
1738
2067
1722
1739
2068
1723
1740
2069
34282
34283
34286
34287
1724
1741
2070
29366
29367
29370
29371
1725
1742
2071
29373
29374
29377
29378
1726
1743
2072
29380
29381
29384
29385
1727
1744
2073
29387
29388
29391
29392
1745
2074
34289
34290
34293
34294
1729
1746
2075
1730
1747
2076
1731
1748
2077
1732
1749
2078
1733
1750
2079
1734
1751
2080
1735
1752
2081
1736
1753
2082
1737
1754
2083
1738
1755
2084
1739
1756
2085
1740
1757
2086
1741
1758
2087
1742
1759
2088
1743
1760
2089
1744
1761
2090
1745
1762
2091
1763
2092
1747
1764
2093
1748
1765
2094
1749
1766
2095
1750
1767
2096
1751
1768
2097
1752
1769
2098
1753
1770
2099
1754
1771
2100
1755
1772
2101
1756
1773
2102
1757
1774
2103
1758
1775
2104
1759
1776
2105
1760
1777
2106
1761
1778
2107
1762
1779
2108
1763
1780
2109
1781
2110
1765
2111
1766
2112
1767
2113
1768
2114
1769
2115
1770
2116
1771
2117
1772
2118
1773
2119
1774
2120
1775
2121
1776
2122
1777
2123
1778
2124
1779
2125
1780
2126
1781
2127
2128
1783
1798
2129
1784
1799
2130
1785
1800
2131
1786
1801
2132
1787
1802
2133
1788
1803
2134
1789
1804
2135
1790
1805
2136
1791
1806
2137
1792
1807
2138
1793
1808
2139
1794
1809
2140
1795
1810
2141
1796
1811
2142
1797
1812
2143
1813
2144
1799
1814
2145
1800
1815
2146
1801
1816
2147
1802
1817
2148
1803
1818
2149
1804
1819
2150
1805
1820
2151
1806
1821
2152
1807
1822
2153
1808
1823
2154
1809
1824
2155
1810
1825
2156
1811
1826
2157
1812
1827
2158
1813
1828
2159
1829
2160
1815
1830
2161
1816
1831
2162
1817
1832
2163
1818
1833
2164
1819
1834
2165
1820
1835
2166
1821
1836
2167
1822
1837
2168
1823
1838
2169
1824
1839
2170
1825
1840
2171
1826
1841
2172
1827
1842
2173
1828
1843
2174
1829
1844
2175
1845
2176
1831
1846
2177
1832
1847
2178
1833
1848
2179
1834
1849
2180
1835
1850
2181
1836
1851
2182
1837
1852
2183
1838
1853
2184
1839
1854
2185
1840
1855
2186
1841
1856
2187
1842
1857
2188
1843
1858
2189
1844
1859
2190
29393
29396
29397
1845
1860
2191
29400
29403
29404
1861
2192
29407
29410
29411
1847
1862
2193
1848
1863
2194
1849
1864
2195
1850
1865
2196
1851
1866
2197
1852
1867
2198
1853
1868
2199
1854
1869
2200
1855
1870
2201
1856
1871
2202
1857
1872
2203
34295
34298
34299
1858
1873
2204
29414
29417
29418
1859
1874
2205
15492
15495
15496
29394
29396
29398
29256
29393
29394
29396
29263
29393
29400
29401
29403
29270
29400
29407
29408
29410
1863
1878
2209
1864
1879
2210
1865
1880
2211
1866
1881
2212
1867
1882
2213
1868
1883
2214
1869
1884
2215
1870
1885
2216
1871
1886
2217
1872
1887
2218
34296
34298
34300
34302
34305
34306
34249
34295
34296
34298
29277
29414
29415
29417
34295
15341
15492
15493
15495
29414
10736
10903
10906
15492
29394
31996
31997
32000
32001
10743
10903
10910
10913
20204
20205
20208
20209
29401
10750
10910
10917
10920
20232
20233
20236
20237
29408
1879
1893
2225
1880
1894
2226
1881
1895
2227
1882
1896
2228
1883
1897
2229
1884
1898
2230
1885
1899
2231
1886
1900
2232
1887
1901
2233
34303
34305
34307
34309
34312
34313
34256
34302
34303
34305
15348
15499
15500
15502
34296
34302
10756
10926
15499
20260
20261
20264
20265
29415
32010
32011
32014
32015
10760
10924
15493
15507
15508
15509
10763
10904
10929
15513
15514
10765
10911
10932
15516
1894
1905
2240
1895
1906
2241
1896
1907
2242
1897
1908
2243
1898
1909
2244
1899
1910
2245
1900
1911
2246
1901
1912
2247
34310
34312
34314
34316
34319
34320
34263
34309
34310
34312
15366
15517
15518
15520
34303
34309
10768
15500
15517
29422
29423
29424
10771
10925
10936
15524
1906
1915
2252
1907
1916
2253
1908
1917
2254
1909
1918
2255
1910
1919
2256
1911
1920
2257
1912
1921
2258
34317
34319
34321
34270
34316
34317
34319
15374
15525
15526
15528
34310
34316
10774
15518
15525
29429
29430
29431
1916
1924
2262
1917
1925
2263
1918
1926
2264
1919
1927
2265
1920
1928
2266
1921
1929
2267
1922
1930
2268
15533
15535
15537
29442
29445
29446
15381
15532
15533
15535
34317
10779
15526
15532
29436
29437
29438
1925
1933
2271
1926
1934
2272
1927
1935
2273
1928
1936
2274
1929
1937
2275
1930
1938
2276
29443
29445
29447
29305
29442
29443
29445
10785
10953
10955
15533
29442
32045
32046
32049
32050
10789
10948
10952
15539
15540
15541
1934
1941
2280
1935
1942
2281
1936
1943
2282
1937
1944
2283
1938
1945
2284
1939
1946
2285
29450
29452
29454
29312
29443
29449
29450
29452
10792
10953
10962
20413
20414
20417
20418
29449
32059
32060
32063
32064
1942
1949
2288
1943
1950
2289
1944
1951
2290
1945
1952
2291
1946
1953
2292
1947
1954
2293
15545
15547
15549
15393
15544
15545
15547
29450
10796
10961
15544
15552
15553
15554
1950
1957
2296
1951
1958
2297
1952
1959
2298
1953
1960
2299
1954
1961
2300
1955
1962
2301
15559
15561
15563
15407
15545
15558
15559
15561
10799
10965
15558
15566
15567
15568
1958
1965
2304
1959
1966
2305
1960
1967
2306
1961
1968
2307
1962
1969
2308
1963
1970
2309
15573
15575
15577
15421
15559
15572
15573
15575
10802
10968
15572
15580
15581
15582
1966
1973
2312
1967
1974
2313
1968
1975
2314
1969
1976
2315
1970
1977
2316
1971
1978
2317
29457
29459
29461
15573
29319
29456
29457
29459
10806
10971
29456
29464
29465
29466
1974
1981
2320
1975
1982
2321
1976
1983
2322
1977
1984
2323
1978
1985
2324
1979
1986
2325
29471
29473
29475
29333
29457
29470
29471
29473
10812
10974
10980
10982
20536
20537
20540
20541
29470
32075
32076
32079
1982
1990
2328
1983
1991
2329
1984
1992
2330
1985
1993
2331
1986
1994
2332
1987
1995
2333
1988
1996
2334
15587
15589
15591
29471
29472
29475
29476
10980
15435
15586
15587
15589
10820
10986
15586
15594
15595
15596
1991
1999
2337
1992
2000
2338
1993
2001
2339
1994
2002
2340
1995
2003
2341
1996
2004
2342
1997
2005
2343
29478
29480
29482
15587
29340
29477
29478
29480
10826
10988
10994
10996
20573
20574
20577
20578
29477
32110
32111
32114
2000
2009
2346
2001
2010
2347
2002
2011
2348
2003
2012
2349
2004
2013
2350
2005
2014
2351
2006
2015
2352
2007
2016
2353
29478
29479
29482
29483
29485
29487
29489
10994
29347
29484
29485
29487
10835
11000
11003
11005
20589
20590
20593
20607
20608
20611
20612
29484
2010
2021
2356
2011
2022
2357
2012
2023
2358
2013
2024
2359
2014
2025
2360
2015
2026
2361
2016
2027
2362
2017
2028
2363
2018
2029
2364
29485
29486
29489
29490
29492
29494
29496
11003
29354
29491
29492
29494
10846
11009
11014
11016
20623
20624
20627
29491
32122
32123
32126
32127
10852
11013
15605
15606
15607
2022
2039
2368
2023
2040
2369
2024
2041
2370
2025
2042
2371
2026
2043
2372
2027
2044
2373
2028
2045
2374
2029
2046
2375
2030
2047
2376
2031
2048
2377
29492
29493
29496
29497
34324
34326
34328
11014
34277
34323
34324
34326
11020
15460
15611
15612
15614
34323
10868
11025
11036
11038
15611
20678
20679
20682
32136
32137
32140
32141
10875
11029
11035
15619
15620
15621
10882
11042
15626
15627
15628
10889
11049
15633
15634
15635
10896
11056
15640
15641
15642
10901
11033
11063
29499
29500
29501
2040
2057
2386
2041
2058
2387
2042
2059
2388
2043
2060
2389
2044
2061
2390
2045
2062
2391
2046
2063
2392
2047
2064
2393
2048
2065
2394
2049
2066
2395
2050
2067
2396
34324
34325
34328
34329
2051
2068
2397
15612
15613
15616
15617
34331
34333
34335
11036
34284
34330
34331
34333
11043
29368
29505
29506
29508
34330
11050
29375
29505
29512
29513
29515
11057
29382
29512
29519
29520
29522
11064
29389
29519
29526
29527
29529
11070
29526
34291
34337
34338
34340
2058
2075
2404
2059
2076
2405
2060
2077
2406
2061
2078
2407
2062
2079
2408
2063
2080
2409
2064
2081
2410
2065
2082
2411
2066
2083
2412
2067
2084
2413
2068
2085
2414
2069
2086
2415
2070
2087
2416
34331
34332
34335
34336
2071
2088
2417
29506
29507
29510
29511
2072
2089
2418
29513
29514
29517
29518
2073
2090
2419
29520
29521
29524
29525
2074
2091
2420
29527
29528
29531
29532
2092
2421
34338
34339
34342
34343
2076
2093
2422
2077
2094
2423
2078
2095
2424
2079
2096
2425
2080
2097
2426
2081
2098
2427
2082
2099
2428
2083
2100
2429
2084
2101
2430
2085
2102
2431
2086
2103
2432
2087
2104
2433
2088
2105
2434
2089
2106
2435
2090
2107
2436
2091
2108
2437
2092
2109
2438
2110
2439
2094
2111
2440
2095
2112
2441
2096
2113
2442
2097
2114
2443
2098
2115
2444
2099
2116
2445
2100
2117
2446
2101
2118
2447
2102
2119
2448
2103
2120
2449
2104
2121
2450
2105
2122
2451
2106
2123
2452
2107
2124
2453
2108
2125
2454
2109
2126
2455
2110
2127
2456
2128
2457
2112
2458
2113
2459
2114
2460
2115
2461
2116
2462
2117
2463
2118
2464
2119
2465
2120
2466
2121
2467
2122
2468
2123
2469
2124
2470
2125
2471
2126
2472
2127
2473
2128
2474
2475
2130
2145
2476
2131
2146
2477
2132
2147
2478
2133
2148
2479
2134
2149
2480
2135
2150
2481
2136
2151
2482
2137
2152
2483
2138
2153
2484
2139
2154
2485
2140
2155
2486
2141
2156
2487
2142
2157
2488
2143
2158
2489
2144
2159
2490
2160
2491
2146
2161
2492
2147
2162
2493
2148
2163
2494
2149
2164
2495
2150
2165
2496
2151
2166
2497
2152
2167
2498
2153
2168
2499
2154
2169
2500
2155
2170
2501
2156
2171
2502
2157
2172
2503
2158
2173
2504
2159
2174
2505
2160
2175
2506
2176
2507
2162
2177
2508
2163
2178
2509
2164
2179
2510
2165
2180
2511
2166
2181
2512
2167
2182
2513
2168
2183
2514
2169
2184
2515
2170
2185
2516
2171
2186
2517
2172
2187
2518
2173
2188
2519
2174
2189
2520
2175
2190
2521
2176
2191
2522
2192
2523
2178
2193
2524
2179
2194
2525
2180
2195
2526
2181
2196
2527
2182
2197
2528
2183
2198
2529
2184
2199
2530
2185
2200
2531
2186
2201
2532
2187
2202
2533
2188
2203
2534
2189
2204
2535
2190
2205
2536
2191
2206
2537
29533
29536
29537
2192
2207
2538
29540
29543
29544
2208
2539
29547
29550
29551
2194
2209
2540
2195
2210
2541
2196
2211
2542
2197
2212
2543
2198
2213
2544
2199
2214
2545
2200
2215
2546
2201
2216
2547
2202
2217
2548
2203
2218
2549
2204
2219
2550
34344
34347
34348
2205
2220
2551
29554
29557
29558
2206
2221
2552
15646
15649
15650
29534
29536
29538
29396
29533
29534
29536
29403
29533
29540
29541
29543
29410
29540
29547
29548
29550
2210
2225
2556
2211
2226
2557
2212
2227
2558
2213
2228
2559
2214
2229
2560
2215
2230
2561
2216
2231
2562
2217
2232
2563
2218
2233
2564
2219
2234
2565
34345
34347
34349
34351
34354
34355
34298
34344
34345
34347
29417
29554
29555
29557
34344
15495
15646
15647
15649
29554
10906
11073
11076
15646
29534
32157
32158
32161
32162
10913
11073
11080
11083
20808
20809
20812
20813
29541
10920
11080
11087
11090
20836
20837
20840
20841
29548
2226
2240
2572
2227
2241
2573
2228
2242
2574
2229
2243
2575
2230
2244
2576
2231
2245
2577
2232
2246
2578
2233
2247
2579
2234
2248
2580
34352
34354
34356
34358
34361
34362
34305
34351
34352
34354
15502
15653
15654
15656
34345
34351
10926
11096
15653
20864
20865
20868
20869
29555
32171
32172
32175
32176
10930
11094
15647
15661
15662
15663
10933
11074
11099
15667
15668
10935
11081
11102
15670
2241
2252
2587
2242
2253
2588
2243
2254
2589
2244
2255
2590
2245
2256
2591
2246
2257
2592
2247
2258
2593
2248
2259
2594
34359
34361
34363
34365
34368
34369
34312
34358
34359
34361
15520
15671
15672
15674
34352
34358
10938
15654
15671
29562
29563
29564
10941
11095
11106
15678
2253
2262
2599
2254
2263
2600
2255
2264
2601
2256
2265
2602
2257
2266
2603
2258
2267
2604
2259
2268
2605
34366
34368
34370
34319
34365
34366
34368
15528
15679
15680
15682
34359
34365
10944
15672
15679
29569
29570
29571
2263
2271
2609
2264
2272
2610
2265
2273
2611
2266
2274
2612
2267
2275
2613
2268
2276
2614
2269
2277
2615
15687
15689
15691
29582
29585
29586
15535
15686
15687
15689
34366
10949
15680
15686
29576
29577
29578
2272
2280
2618
2273
2281
2619
2274
2282
2620
2275
2283
2621
2276
2284
2622
2277
2285
2623
29583
29585
29587
29445
29582
29583
29585
10955
11123
11125
15687
29582
32206
32207
32210
32211
10959
11118
11122
15693
15694
15695
2281
2288
2627
2282
2289
2628
2283
2290
2629
2284
2291
2630
2285
2292
2631
2286
2293
2632
29590
29592
29594
29452
29583
29589
29590
29592
10962
11123
11132
21017
21018
21021
21022
29589
32220
32221
32224
32225
2289
2296
2635
2290
2297
2636
2291
2298
2637
2292
2299
2638
2293
2300
2639
2294
2301
2640
15699
15701
15703
15547
15698
15699
15701
29590
10966
11131
15698
15706
15707
15708
2297
2304
2643
2298
2305
2644
2299
2306
2645
2300
2307
2646
2301
2308
2647
2302
2309
2648
15713
15715
15717
15561
15699
15712
15713
15715
10969
11135
15712
15720
15721
15722
2305
2312
2651
2306
2313
2652
2307
2314
2653
2308
2315
2654
2309
2316
2655
2310
2317
2656
15727
15729
15731
15575
15713
15726
15727
15729
10972
11138
15726
15734
15735
15736
2313
2320
2659
2314
2321
2660
2315
2322
2661
2316
2323
2662
2317
2324
2663
2318
2325
2664
29597
29599
29601
15727
29459
29596
29597
29599
10976
11141
29596
29604
29605
29606
2321
2328
2667
2322
2329
2668
2323
2330
2669
2324
2331
2670
2325
2332
2671
2326
2333
2672
29611
29613
29615
29473
29597
29610
29611
29613
10982
11144
11150
11152
21140
21141
21144
21145
29610
32236
32237
32240
2329
2337
2675
2330
2338
2676
2331
2339
2677
2332
2340
2678
2333
2341
2679
2334
2342
2680
2335
2343
2681
15741
15743
15745
29611
29612
29615
29616
11150
15589
15740
15741
15743
10990
11156
15740
15748
15749
15750
2338
2346
2684
2339
2347
2685
2340
2348
2686
2341
2349
2687
2342
2350
2688
2343
2351
2689
2344
2352
2690
29618
29620
29622
15741
29480
29617
29618
29620
10996
11158
11164
11166
21177
21178
21181
21182
29617
32271
32272
32275
2347
2356
2693
2348
2357
2694
2349
2358
2695
2350
2359
2696
2351
2360
2697
2352
2361
2698
2353
2362
2699
2354
2363
2700
29618
29619
29622
29623
29625
29627
29629
11164
29487
29624
29625
29627
11005
11170
11173
11175
21193
21194
21197
21211
21212
21215
21216
29624
2357
2368
2703
2358
2369
2704
2359
2370
2705
2360
2371
2706
2361
2372
2707
2362
2373
2708
2363
2374
2709
2364
2375
2710
2365
2376
2711
29625
29626
29629
29630
29632
29634
29636
11173
29494
29631
29632
29634
11016
11179
11184
11186
21227
21228
21231
29631
32283
32284
32287
32288
11022
11183
15759
15760
15761
2369
2386
2715
2370
2387
2716
2371
2388
2717
2372
2389
2718
2373
2390
2719
2374
2391
2720
2375
2392
2721
2376
2393
2722
2377
2394
2723
2378
2395
2724
29632
29633
29636
29637
34373
34375
34377
11184
34326
34372
34373
34375
11190
15614
15765
15766
15768
34372
11038
11195
11206
11208
15765
21282
21283
21286
32297
32298
32301
32302
11045
11199
11205
15773
15774
15775
11052
11212
15780
15781
15782
11059
11219
15787
15788
15789
11066
11226
15794
15795
15796
11071
11203
11233
29639
29640
29641
2387
2404
2733
2388
2405
2734
2389
2406
2735
2390
2407
2736
2391
2408
2737
2392
2409
2738
2393
2410
2739
2394
2411
2740
2395
2412
2741
2396
2413
2742
2397
2414
2743
34373
34374
34377
34378
2398
2415
2744
15766
15767
15770
15771
34380
34382
34384
11206
34333
34379
34380
34382
11213
29508
29645
29646
29648
34379
11220
29515
29645
29652
29653
29655
11227
29522
29652
29659
29660
29662
11234
29529
29659
29666
29667
29669
11240
29666
34340
34386
34387
2405
2422
2751
2406
2423
2752
2407
2424
2753
2408
2425
2754
2409
2426
2755
2410
2427
2756
2411
2428
2757
2412
2429
2758
2413
2430
2759
2414
2431
2760
2415
2432
2761
2416
2433
2762
2417
2434
2763
34380
34381
34384
34385
2418
2435
2764
29646
29647
29650
29651
2419
2436
2765
29653
29654
29657
29658
2420
2437
2766
29660
29661
29664
29665
2421
2438
2767
29667
29668
29671
29672
2439
2768
34386
34388
2423
2440
2769
2424
2441
2770
2425
2442
2771
2426
2443
2772
2427
2444
2773
2428
2445
2774
2429
2446
2775
2430
2447
2776
2431
2448
2777
2432
2449
2778
2433
2450
2779
2434
2451
2780
2435
2452
2781
2436
2453
2782
2437
2454
2783
2438
2455
2784
2439
2456
2785
2457
2786
2441
2458
2787
2442
2459
2788
2443
2460
2789
2444
2461
2790
2445
2462
2791
2446
2463
2792
2447
2464
2793
2448
2465
2794
2449
2466
2795
2450
2467
2796
2451
2468
2797
2452
2469
2798
2453
2470
2799
2454
2471
2800
2455
2472
2801
2456
2473
2802
2457
2474
2803
2475
2804
2459
2805
2460
2806
2461
2807
2462
2808
2463
2809
2464
2810
2465
2811
2466
2812
2467
2813
2468
2814
2469
2815
2470
2816
2471
2817
2472
2818
2473
2819
2474
2820
2475
2821
2822
2477
2492
2823
2478
2493
2824
2479
2494
2825
2480
2495
2826
2481
2496
2827
2482
2497
2828
2483
2498
2829
2484
2499
2830
2485
2500
2831
2486
2501
2832
2487
2502
2833
2488
2503
2834
2489
2504
2835
2490
2505
2836
2491
2506
2837
2507
2838
2493
2508
2839
2494
2509
2840
2495
2510
2841
2496
2511
2842
2497
2512
2843
2498
2513
2844
2499
2514
2845
2500
2515
2846
2501
2516
2847
2502
2517
2848
2503
2518
2849
2504
2519
2850
2505
2520
2851
2506
2521
2852
2507
2522
2853
2523
2854
2509
2524
2855
2510
2525
2856
2511
2526
2857
2512
2527
2858
2513
2528
2859
2514
2529
2860
2515
2530
2861
2516
2531
2862
2517
2532
2863
2518
2533
2864
2519
2534
2865
2520
2535
2866
2521
2536
2867
2522
2537
2868
2523
2538
2869
2539
2870
2525
2540
2871
2526
2541
2872
2527
2542
2873
2528
2543
2874
2529
2544
2875
2530
2545
2876
2531
2546
2877
2532
2547
2878
2533
2548
2879
2534
2549
2880
2535
2550
2881
2536
2551
2882
2537
2552
2883
2538
2553
2884
29673
29676
29677
2539
2554
2885
29680
29683
29684
2555
2886
29687
29690
29691
2541
2556
2887
2542
2557
2888
2543
2558
2889
2544
2559
2890
2545
2560
2891
2546
2561
2892
2547
2562
2893
2548
2563
2894
2549
2564
2895
2550
2565
2896
2551
2566
2897
34389
34392
34393
2552
2567
2898
29694
29697
29698
2553
2568
2899
15800
15803
15804
29674
29676
29678
29536
29673
29674
29676
29543
29673
29680
29681
29683
29550
29680
29687
29688
29690
2557
2572
2903
2558
2573
2904
2559
2574
2905
2560
2575
2906
2561
2576
2907
2562
2577
2908
2563
2578
2909
2564
2579
2910
2565
2580
2911
2566
2581
2912
34390
34392
34394
34396
34399
34400
34347
34389
34390
34392
29557
29694
29695
29697
34389
15649
15800
15801
15803
29694
11076
11243
11246
15800
29674
32318
32319
32322
32323
11083
11243
11250
11253
21412
21413
21416
21417
29681
11090
11250
11257
11260
21440
21441
21444
21445
29688
2573
2587
2919
2574
2588
2920
2575
2589
2921
2576
2590
2922
2577
2591
2923
2578
2592
2924
2579
2593
2925
2580
2594
2926
2581
2595
2927
34397
34399
34401
34403
34406
34407
34354
34396
34397
34399
15656
15807
15808
15810
34390
34396
11096
11266
15807
21468
21469
21472
21473
29695
32332
32333
32336
32337
11100
11264
15801
15815
15816
15817
11103
11244
11269
15821
15822
11105
11251
11272
15824
2588
2599
2934
2589
2600
2935
2590
2601
2936
2591
2602
2937
2592
2603
2938
2593
2604
2939
2594
2605
2940
2595
2606
2941
34404
34406
34408
34410
34413
34414
34361
34403
34404
34406
15674
15825
15826
15828
34397
34403
11108
15808
15825
29702
29703
29704
11111
11265
11276
15832
2600
2609
2946
2601
2610
2947
2602
2611
2948
2603
2612
2949
2604
2613
2950
2605
2614
2951
2606
2615
2952
34411
34413
34415
34368
34410
34411
34413
15682
15833
15834
15836
34404
34410
11114
15826
15833
29709
29710
29711
2610
2618
2956
2611
2619
2957
2612
2620
2958
2613
2621
2959
2614
2622
2960
2615
2623
2961
2616
2624
2962
15841
15843
15845
29722
29725
29726
15689
15840
15841
15843
34411
11119
15834
15840
29716
29717
29718
2619
2627
2965
2620
2628
2966
2621
2629
2967
2622
2630
2968
2623
2631
2969
2624
2632
2970
29723
29725
29727
29585
29722
29723
29725
11125
11293
11295
15841
29722
32367
32368
32371
32372
11129
11288
11292
15847
15848
15849
2628
2635
2974
2629
2636
2975
2630
2637
2976
2631
2638
2977
2632
2639
2978
2633
2640
2979
29730
29732
29734
29592
29723
29729
29730
29732
11132
11293
11302
21621
21622
21625
21626
29729
32381
32382
32385
32386
2636
2643
2982
2637
2644
2983
2638
2645
2984
2639
2646
2985
2640
2647
2986
2641
2648
2987
15853
15855
15857
15701
15852
15853
15855
29730
11136
11301
15852
15860
15861
15862
2644
2651
2990
2645
2652
2991
2646
2653
2992
2647
2654
2993
2648
2655
2994
2649
2656
2995
15867
15869
15871
15715
15853
15866
15867
15869
11139
11305
15866
15874
15875
15876
2652
2659
2998
2653
2660
2999
2654
2661
3000
2655
2662
3001
2656
2663
3002
2657
2664
3003
15881
15883
15885
15729
15867
15880
15881
15883
11142
11308
15880
15888
15889
15890
2660
2667
3006
2661
2668
3007
2662
2669
3008
2663
2670
3009
2664
2671
3010
2665
2672
3011
29737
29739
29741
15881
29599
29736
29737
29739
11146
11311
29736
29744
29745
29746
2668
2675
3014
2669
2676
3015
2670
2677
3016
2671
2678
3017
2672
2679
3018
2673
2680
3019
29751
29753
29755
29613
29737
29750
29751
29753
11152
11314
11320
11322
21744
21745
21748
21749
29750
32397
32398
32401
2676
2684
3022
2677
2685
3023
2678
2686
3024
2679
2687
3025
2680
2688
3026
2681
2689
3027
2682
2690
3028
15895
15897
15899
29751
29752
29755
29756
11320
15743
15894
15895
15897
11160
11326
15894
15902
15903
15904
2685
2693
3031
2686
2694
3032
2687
2695
3033
2688
2696
3034
2689
2697
3035
2690
2698
3036
2691
2699
3037
29758
29760
29762
15895
29620
29757
29758
29760
11166
11328
11334
11336
21781
21782
21785
21786
29757
32432
32433
32436
2694
2703
3040
2695
2704
3041
2696
2705
3042
2697
2706
3043
2698
2707
3044
2699
2708
3045
2700
2709
3046
2701
2710
3047
29758
29759
29762
29763
29765
29767
29769
11334
29627
29764
29765
29767
11175
11340
11343
11345
21797
21798
21801
21815
21816
21819
21820
29764
2704
2715
3050
2705
2716
3051
2706
2717
3052
2707
2718
3053
2708
2719
3054
2709
2720
3055
2710
2721
3056
2711
2722
3057
2712
2723
3058
29765
29766
29769
29770
29772
29774
29776
11343
29634
29771
29772
29774
11186
11349
11354
11356
21831
21832
21835
29771
32444
32445
32448
32449
11192
11353
15913
15914
15915
2716
2733
3062
2717
2734
3063
2718
2735
3064
2719
2736
3065
2720
2737
3066
2721
2738
3067
2722
2739
3068
2723
2740
3069
2724
2741
3070
2725
2742
3071
29772
29773
29776
29777
34418
34420
34422
11354
34375
34417
34418
34420
11360
15768
15919
15920
15922
34417
11208
11365
11376
11378
15919
21886
21887
21890
32458
32459
32462
32463
11215
11369
11375
15927
15928
15929
11222
11382
15934
15935
15936
11229
11389
15941
15942
15943
11236
11396
15948
15949
15950
11241
11373
11403
29779
29780
29781
2734
2751
3080
2735
2752
3081
2736
2753
3082
2737
2754
3083
2738
2755
3084
2739
2756
3085
2740
2757
3086
2741
2758
3087
2742
2759
3088
2743
2760
3089
2744
2761
3090
34418
34419
34422
34423
2745
2762
3091
15920
15921
15924
15925
34425
34427
34429
11376
34382
34424
34425
34427
11383
29648
29785
29786
29788
34424
11390
29655
29785
29792
29793
29795
11397
29662
29792
29799
29800
29802
11404
29669
29799
29806
29807
29809
11410
29806
34387
34431
34432
2752
2769
3098
2753
2770
3099
2754
2771
3100
2755
2772
3101
2756
2773
3102
2757
2774
3103
2758
2775
3104
2759
2776
3105
2760
2777
3106
2761
2778
3107
2762
2779
3108
2763
2780
3109
2764
2781
3110
34425
34426
34429
34430
2765
2782
3111
29786
29787
29790
29791
2766
2783
3112
29793
29794
29797
29798
2767
2784
3113
29800
29801
29804
29805
2768
2785
3114
29807
29808
29811
29812
2786
3115
34431
34433
2770
2787
3116
2771
2788
3117
2772
2789
3118
2773
2790
3119
2774
2791
3120
2775
2792
3121
2776
2793
3122
2777
2794
3123
2778
2795
3124
2779
2796
3125
2780
2797
3126
2781
2798
3127
2782
2799
3128
2783
2800
3129
2784
2801
3130
2785
2802
3131
2786
2803
3132
2804
3133
2788
2805
3134
2789
2806
3135
2790
2807
3136
2791
2808
3137
2792
2809
3138
2793
2810
3139
2794
2811
3140
2795
2812
3141
2796
2813
3142
2797
2814
3143
2798
2815
3144
2799
2816
3145
2800
2817
3146
2801
2818
3147
2802
2819
3148
2803
2820
3149
2804
2821
3150
2822
3151
2806
3152
2807
3153
2808
3154
2809
3155
2810
3156
2811
3157
2812
3158
2813
3159
2814
3160
2815
3161
2816
3162
2817
3163
2818
3164
2819
3165
2820
3166
2821
3167
2822
3168
3169
2824
2839
3170
2825
2840
3171
2826
2841
3172
2827
2842
3173
2828
2843
3174
2829
2844
3175
2830
2845
3176
2831
2846
3177
2832
2847
3178
2833
2848
3179
2834
2849
3180
2835
2850
3181
2836
2851
3182
2837
2852
3183
2838
2853
3184
2854
3185
2840
2855
3186
2841
2856
3187
2842
2857
3188
2843
2858
3189
2844
2859
3190
2845
2860
3191
2846
2861
3192
2847
2862
3193
2848
2863
3194
2849
2864
3195
2850
2865
3196
2851
2866
3197
2852
2867
3198
2853
2868
3199
2854
2869
3200
2870
3201
2856
2871
3202
2857
2872
3203
2858
2873
3204
2859
2874
3205
2860
2875
3206
2861
2876
3207
2862
2877
3208
2863
2878
3209
2864
2879
3210
2865
2880
3211
2866
2881
3212
2867
2882
3213
2868
2883
3214
2869
2884
3215
2870
2885
3216
2886
3217
2872
2887
3218
2873
2888
3219
2874
2889
3220
2875
2890
3221
2876
2891
3222
2877
2892
3223
2878
2893
3224
2879
2894
3225
2880
2895
3226
2881
2896
3227
2882
2897
3228
2883
2898
3229
2884
2899
3230
2885
2900
3231
29813
29816
29817
2886
2901
3232
29820
29823
29824
2902
3233
29827
29830
29831
2888
2903
3234
2889
2904
3235
2890
2905
3236
2891
2906
3237
2892
2907
3238
2893
2908
3239
2894
2909
3240
2895
2910
3241
2896
2911
3242
2897
2912
3243
2898
2913
3244
34434
34437
34438
2899
2914
3245
29834
29837
29838
2900
2915
3246
15954
15957
15958
29814
29816
29818
29676
29813
29814
29816
29683
29813
29820
29821
29823
29690
29820
29827
29828
29830
2904
2919
3250
2905
2920
3251
2906
2921
3252
2907
2922
3253
2908
2923
3254
2909
2924
3255
2910
2925
3256
2911
2926
3257
2912
2927
3258
2913
2928
3259
34435
34437
34439
34441
34444
34445
34392
34434
34435
34437
29697
29834
29835
29837
34434
15803
15954
15955
15957
29834
11246
11413
11416
15954
29814
32479
32480
32483
32484
11253
11413
11420
11423
22016
22017
22020
22021
29821
11260
11420
11427
11430
22044
22045
22048
22049
29828
2920
2934
3266
2921
2935
3267
2922
2936
3268
2923
2937
3269
2924
2938
3270
2925
2939
3271
2926
2940
3272
2927
2941
3273
2928
2942
3274
34442
34444
34446
34448
34451
34452
34399
34441
34442
34444
15810
15961
15962
15964
34435
34441
11266
11436
15961
22072
22073
22076
22077
29835
32493
32494
32497
32498
11270
11434
15955
15969
15970
15971
11273
11414
11439
15975
15976
11275
11421
11442
15978
2935
2946
3281
2936
2947
3282
2937
2948
3283
2938
2949
3284
2939
2950
3285
2940
2951
3286
2941
2952
3287
2942
2953
3288
34449
34451
34453
34455
34458
34459
34406
34448
34449
34451
15828
15979
15980
15982
34442
34448
11278
15962
15979
29842
29843
29844
11281
11435
11446
15986
2947
2956
3293
2948
2957
3294
2949
2958
3295
2950
2959
3296
2951
2960
3297
2952
2961
3298
2953
2962
3299
34456
34458
34460
34413
34455
34456
34458
15836
15987
15988
15990
34449
34455
11284
15980
15987
29849
29850
29851
2957
2965
3303
2958
2966
3304
2959
2967
3305
2960
2968
3306
2961
2969
3307
2962
2970
3308
2963
2971
3309
15995
15997
15999
29862
29865
29866
15843
15994
15995
15997
34456
11289
15988
15994
29856
29857
29858
2966
2974
3312
2967
2975
3313
2968
2976
3314
2969
2977
3315
2970
2978
3316
2971
2979
3317
29863
29865
29867
29725
29862
29863
29865
11295
11463
11465
15995
29862
32528
32529
32532
32533
11299
11458
11462
16001
16002
16003
2975
2982
3321
2976
2983
3322
2977
2984
3323
2978
2985
3324
2979
2986
3325
2980
2987
3326
29870
29872
29874
29732
29863
29869
29870
29872
11302
11463
11472
22225
22226
22229
22230
29869
32542
32543
32546
32547
2983
2990
3329
2984
2991
3330
2985
2992
3331
2986
2993
3332
2987
2994
3333
2988
2995
3334
16007
16009
16011
15855
16006
16007
16009
29870
11306
11471
16006
16014
16015
16016
2991
2998
3337
2992
2999
3338
2993
3000
3339
2994
3001
3340
2995
3002
3341
2996
3003
3342
16021
16023
16025
15869
16007
16020
16021
16023
11309
11475
16020
16028
16029
16030
2999
3006
3345
3000
3007
3346
3001
3008
3347
3002
3009
3348
3003
3010
3349
3004
3011
3350
16035
16037
16039
15883
16021
16034
16035
16037
11312
11478
16034
16042
16043
16044
3007
3014
3353
3008
3015
3354
3009
3016
3355
3010
3017
3356
3011
3018
3357
3012
3019
3358
29877
29879
29881
16035
29739
29876
29877
29879
11316
11481
29876
29884
29885
29886
3015
3022
3361
3016
3023
3362
3017
3024
3363
3018
3025
3364
3019
3026
3365
3020
3027
3366
29891
29893
29895
29753
29877
29890
29891
29893
11322
11484
11490
11492
22348
22349
22352
22353
29890
32558
32559
32562
3023
3031
3369
3024
3032
3370
3025
3033
3371
3026
3034
3372
3027
3035
3373
3028
3036
3374
3029
3037
3375
16049
16051
16053
29891
29892
29895
29896
11490
15897
16048
16049
16051
11330
11496
16048
16056
16057
16058
3032
3040
3378
3033
3041
3379
3034
3042
3380
3035
3043
3381
3036
3044
3382
3037
3045
3383
3038
3046
3384
29898
29900
29902
16049
29760
29897
29898
29900
11336
11498
11504
11506
22385
22386
22389
22390
29897
32593
32594
32597
3041
3050
3387
3042
3051
3388
3043
3052
3389
3044
3053
3390
3045
3054
3391
3046
3055
3392
3047
3056
3393
3048
3057
3394
29898
29899
29902
29903
29905
29907
29909
11504
29767
29904
29905
29907
11345
11510
11513
11515
22401
22402
22405
22419
22420
22423
22424
29904
3051
3062
3397
3052
3063
3398
3053
3064
3399
3054
3065
3400
3055
3066
3401
3056
3067
3402
3057
3068
3403
3058
3069
3404
3059
3070
3405
29905
29906
29909
29910
29912
29914
29916
11513
29774
29911
29912
29914
11356
11519
11524
11526
22435
22436
22439
29911
32605
32606
32609
32610
11362
11523
16067
16068
16069
3063
3080
3409
3064
3081
3410
3065
3082
3411
3066
3083
3412
3067
3084
3413
3068
3085
3414
3069
3086
3415
3070
3087
3416
3071
3088
3417
3072
3089
3418
29912
29913
29916
29917
34463
34465
34467
11524
34420
34462
34463
34465
11530
15922
16073
16074
16076
34462
11378
11535
11546
11548
16073
22490
22491
22494
32619
32620
32623
32624
11385
11539
11545
16081
16082
16083
11392
11552
16088
16089
16090
11399
11559
16095
16096
16097
11406
11566
16102
16103
16104
11411
11543
11573
29919
29920
29921
3081
3098
3427
3082
3099
3428
3083
3100
3429
3084
3101
3430
3085
3102
3431
3086
3103
3432
3087
3104
3433
3088
3105
3434
3089
3106
3435
3090
3107
3436
3091
3108
3437
34463
34464
34467
34468
3092
3109
3438
16074
16075
16078
16079
34470
34472
34474
11546
34427
34469
34470
34472
11553
29788
29925
29926
29928
34469
11560
29795
29925
29932
29933
29935
11567
29802
29932
29939
29940
29942
11574
29809
29939
29946
29947
29949
11580
29946
34432
34476
34477
3099
3116
3445
3100
3117
3446
3101
3118
3447
3102
3119
3448
3103
3120
3449
3104
3121
3450
3105
3122
3451
3106
3123
3452
3107
3124
3453
3108
3125
3454
3109
3126
3455
3110
3127
3456
3111
3128
3457
34470
34471
34474
34475
3112
3129
3458
29926
29927
29930
29931
3113
3130
3459
29933
29934
29937
29938
3114
3131
3460
29940
29941
29944
29945
3115
3132
3461
29947
29948
29951
29952
3133
3462
34476
34478
3117
3134
3463
3118
3135
3464
3119
3136
3465
3120
3137
3466
3121
3138
3467
3122
3139
3468
3123
3140
3469
3124
3141
3470
3125
3142
3471
3126
3143
3472
3127
3144
3473
3128
3145
3474
3129
3146
3475
3130
3147
3476
3131
3148
3477
3132
3149
3478
3133
3150
3479
3151
3480
3135
3152
3481
3136
3153
3482
3137
3154
3483
3138
3155
3484
3139
3156
3485
3140
3157
3486
3141
3158
3487
3142
3159
3488
3143
3160
3489
3144
3161
3490
3145
3162
3491
3146
3163
3492
3147
3164
3493
3148
3165
3494
3149
3166
3495
3150
3167
3496
3151
3168
3497
3169
3498
3153
3499
3154
3500
3155
3501
3156
3502
3157
3503
3158
3504
3159
3505
3160
3506
3161
3507
3162
3508
3163
3509
3164
3510
3165
3511
3166
3512
3167
3513
3168
3514
3169
3515
3516
3171
3186
3517
3172
3187
3518
3173
3188
3519
3174
3189
3520
3175
3190
3521
3176
3191
3522
3177
3192
3523
3178
3193
3524
3179
3194
3525
3180
3195
3526
3181
3196
3527
3182
3197
3528
3183
3198
3529
3184
3199
3530
3185
3200
3531
3201
3532
3187
3202
3534
3188
3203
3535
3189
3204
3536
3190
3205
3537
3191
3206
3538
3192
3207
3539
3193
3208
3540
3194
3209
3541
3195
3210
3542
3196
3211
3543
3197
3212
3544
3198
3213
3545
3199
3214
3546
3200
3215
3547
3201
3216
3548
3217
3549
3203
3218
3551
3204
3219
3552
3205
3220
3553
3206
3221
3554
3207
3222
3555
3208
3223
3556
3209
3224
3557
3210
3225
3558
3211
3226
3559
3212
3227
3560
3213
3228
3561
3214
3229
3562
3215
3230
3563
3216
3231
3564
3217
3232
3565
3233
3566
3219
3234
3568
3220
3235
3569
3221
3236
3570
3222
3237
3571
3223
3238
3572
3224
3239
3573
3225
3240
3574
3226
3241
3575
3227
3242
3576
3228
3243
3577
3229
3244
3578
3230
3245
3579
3231
3246
3580
3232
3247
3581
29953
29956
29957
3233
3248
3582
29960
29963
29964
3249
3583
29967
29970
29971
3235
3250
3585
3236
3251
3586
3237
3252
3587
3238
3253
3588
3239
3254
3589
3240
3255
3590
3241
3256
3591
3242
3257
3592
3243
3258
3593
3244
3259
3594
3245
3260
3595
34479
34482
34483
3246
3261
3596
29974
29977
29978
3247
3262
3597
16108
16111
16112
29954
29956
29958
29816
29953
29954
29956
29823
29953
29960
29961
29963
29830
29960
29967
29968
29970
3251
3266
3602
3252
3267
3603
3253
3268
3604
3254
3269
3605
3255
3270
3606
3256
3271
3607
3257
3272
3608
3258
3273
3609
3259
3274
3610
3260
3275
3611
34480
34482
34484
34486
34489
34490
34437
34479
34480
34482
29837
29974
29975
29977
34479
15957
16108
16109
16111
29974
11416
11583
11586
16108
29954
32640
32641
32644
32645
11423
11583
11590
11593
22620
22621
22624
22625
29961
11430
11590
11597
11600
22648
22649
22652
22653
29968
3267
3281
3619
3268
3282
3620
3269
3283
3621
3270
3284
3622
3271
3285
3623
3272
3286
3624
3273
3287
3625
3274
3288
3626
3275
3289
3627
34487
34489
34491
34493
34496
34497
34444
34486
34487
34489
15964
16115
16116
16118
34480
34486
11436
11606
16115
22676
22677
22680
22681
29975
32654
32655
32658
32659
11440
11604
16109
16123
16124
16125
11443
11584
11609
16129
16130
11445
11591
11612
16132
3282
3293
3635
3283
3294
3636
3284
3295
3637
3285
3296
3638
3286
3297
3639
3287
3298
3640
3288
3299
3641
3289
3300
3642
34494
34496
34498
34500
34503
34504
34451
34493
34494
34496
15982
16133
16134
16136
34487
34493
11448
16116
16133
29982
29983
29984
11451
11605
11616
16140
3294
3303
3647
3295
3304
3648
3296
3305
3649
3297
3306
3650
3298
3307
3651
3299
3308
3652
3300
3309
3653
34501
34503
34505
34458
34500
34501
34503
15990
16141
16142
16144
34494
34500
11454
16134
16141
29989
29990
29991
3304
3312
3657
3305
3313
3658
3306
3314
3659
3307
3315
3660
3308
3316
3661
3309
3317
3662
3310
3318
3663
16149
16151
16153
30002
30005
30006
15997
16148
16149
16151
34501
11459
16142
16148
29996
29997
29998
3313
3321
3666
3314
3322
3667
3315
3323
3668
3316
3324
3669
3317
3325
3670
3318
3326
3671
30003
30005
30007
29865
30002
30003
30005
11465
11633
11635
16149
30002
32689
32690
32693
32694
11469
11628
11632
16155
16156
16157
3322
3329
3675
3323
3330
3676
3324
3331
3677
3325
3332
3678
3326
3333
3679
3327
3334
3680
30010
30012
30014
29872
30003
30009
30010
30012
11472
11633
11642
22829
22830
22833
22834
30009
32703
32704
32707
32708
3330
3337
3683
3331
3338
3684
3332
3339
3685
3333
3340
3686
3334
3341
3687
3335
3342
3688
16161
16163
16165
16009
16160
16161
16163
30010
11476
11641
16160
16168
16169
16170
3338
3345
3691
3339
3346
3692
3340
3347
3693
3341
3348
3694
3342
3349
3695
3343
3350
3696
16175
16177
16179
16023
16161
16174
16175
16177
11479
11645
16174
16182
16183
16184
3346
3353
3699
3347
3354
3700
3348
3355
3701
3349
3356
3702
3350
3357
3703
3351
3358
3704
16189
16191
16193
16037
16175
16188
16189
16191
11482
11648
16188
16196
16197
16198
3354
3361
3707
3355
3362
3708
3356
3363
3709
3357
3364
3710
3358
3365
3711
3359
3366
3712
30017
30019
30021
16189
29879
30016
30017
30019
11486
11651
30016
30024
30025
30026
3362
3369
3715
3363
3370
3716
3364
3371
3717
3365
3372
3718
3366
3373
3719
3367
3374
3720
30031
30033
30035
29893
30017
30030
30031
30033
11492
11654
11660
11662
22952
22953
22956
22957
30030
32719
32720
32723
3370
3378
3723
3371
3379
3724
3372
3380
3725
3373
3381
3726
3374
3382
3727
3375
3383
3728
3376
3384
3729
16203
16205
16207
30031
30032
30035
30036
11660
16051
16202
16203
16205
11500
11666
16202
16210
16211
16212
3379
3387
3732
3380
3388
3733
3381
3389
3734
3382
3390
3735
3383
3391
3736
3384
3392
3737
3385
3393
3738
30038
30040
30042
16203
29900
30037
30038
30040
11506
11668
11674
11676
22989
22990
22993
22994
30037
32754
32755
32758
3388
3397
3741
3389
3398
3742
3390
3399
3743
3391
3400
3744
3392
3401
3745
3393
3402
3746
3394
3403
3747
3395
3404
3748
30038
30039
30042
30043
30045
30047
30049
11674
29907
30044
30045
30047
11515
11680
11683
11685
23005
23006
23009
23023
23024
23027
23028
30044
3398
3409
3751
3399
3410
3752
3400
3411
3753
3401
3412
3754
3402
3413
3755
3403
3414
3756
3404
3415
3757
3405
3416
3758
3406
3417
3759
30045
30046
30049
30050
30052
30054
30056
11683
29914
30051
30052
30054
11526
11689
11694
11696
23039
23040
23043
30051
32766
32767
32770
32771
11532
11693
16221
16222
16223
3410
3427
3763
3411
3428
3764
3412
3429
3765
3413
3430
3766
3414
3431
3767
3415
3432
3768
3416
3433
3769
3417
3434
3770
3418
3435
3771
3419
3436
3772
30052
30053
30056
30057
34508
34510
34512
11694
34465
34507
34508
34510
11700
16076
16227
16228
16230
34507
11548
11705
11716
11718
16227
23094
23095
23098
32780
32781
32784
32785
11555
11709
11715
16235
16236
16237
11562
11722
16242
16243
16244
11569
11729
16249
16250
16251
11576
11736
16256
16257
16258
11581
11713
11743
30059
30060
30061
3428
3445
3781
3429
3446
3782
3430
3447
3783
3431
3448
3784
3432
3449
3785
3433
3450
3786
3434
3451
3787
3435
3452
3788
3436
3453
3789
3437
3454
3790
3438
3455
3791
34508
34509
34512
34513
3439
3456
3792
16228
16229
16232
16233
34515
34517
34519
11716
34472
34514
34515
34517
11723
29928
30065
30066
30068
34514
11730
29935
30065
30072
30073
30075
11737
29942
30072
30079
30080
30082
11744
29949
30079
30086
30087
30089
11750
30086
34477
34521
34522
3446
3463
3799
3447
3464
3800
3448
3465
3801
3449
3466
3802
3450
3467
3803
3451
3468
3804
3452
3469
3805
3453
3470
3806
3454
3471
3807
3455
3472
3808
3456
3473
3809
3457
3474
3810
3458
3475
3811
34515
34516
34519
34520
3459
3476
3812
30066
30067
30070
30071
3460
3477
3813
30073
30074
30077
30078
3461
3478
3814
30080
30081
30084
30085
3462
3479
3815
30087
30088
30091
30092
3480
3816
34521
34523
3464
3481
3817
3465
3482
3818
3466
3483
3819
3467
3484
3820
3468
3485
3821
3469
3486
3822
3470
3487
3823
3471
3488
3824
3472
3489
3825
3473
3490
3826
3474
3491
3827
3475
3492
3828
3476
3493
3829
3477
3494
3830
3478
3495
3831
3479
3496
3832
3480
3497
3833
3498
3834
3482
3499
3835
3483
3500
3836
3484
3501
3837
3485
3502
3838
3486
3503
3839
3487
3504
3840
3488
3505
3841
3489
3506
3842
3490
3507
3843
3491
3508
3844
3492
3509
3845
3493
3510
3846
3494
3511
3847
3495
3512
3848
3496
3513
3849
3497
3514
3850
3498
3515
3851
3516
3852
3500
3853
3501
3854
3502
3855
3503
3856
3504
3857
3505
3858
3506
3859
3507
3860
3508
3861
3509
3862
3510
3863
3511
3864
3512
3865
3513
3866
3514
3867
3515
3868
3516
3869
3870
3518
3534
3871
3519
3535
3872
3520
3536
3873
3521
3537
3874
3522
3538
3875
3523
3539
3876
3524
3540
3877
3525
3541
3878
3526
3542
3879
3527
3543
3880
3528
3544
3881
3529
3545
3882
3530
3546
3883
3531
3547
3884
3532
3548
3885
3533
3549
3886
3550
3887
3535
3551
3888
3536
3552
3889
3537
3553
3890
3538
3554
3891
3539
3555
3892
3540
3556
3893
3541
3557
3894
3542
3558
3895
3543
3559
3896
3544
3560
3897
3545
3561
3898
3546
3562
3899
3547
3563
3900
3548
3564
3901
3549
3565
3902
3550
3566
3903
3567
3904
3552
3568
3905
3553
3569
3906
3554
3570
3907
3555
3571
3908
3556
3572
3909
3557
3573
3910
3558
3574
3911
3559
3575
3912
3560
3576
3913
3561
3577
3914
3562
3578
3915
3563
3579
3916
3564
3580
3917
3565
3581
3918
3566
3582
3919
3567
3583
3920
3584
3921
3569
3585
3922
3570
3586
3923
3571
3587
3924
3572
3588
3925
3573
3589
3926
3574
3590
3927
3575
3591
3928
3576
3592
3929
3577
3593
3930
3578
3594
3931
3579
3595
3932
3580
3596
3933
3581
3597
3934
3582
3598
3935
30093
30096
30097
3583
3599
3936
30100
30103
30104
3584
3600
3937
30107
30110
30111
3601
3938
30114
30117
30118
3586
3602
3939
3587
3603
3940
3588
3604
3941
3589
3605
3942
3590
3606
3943
3591
3607
3944
3592
3608
3945
3593
3609
3946
3594
3610
3947
3595
3611
3948
3596
3612
3949
34524
34527
34528
3597
3613
3950
30121
30124
30125
3598
3614
3951
16262
16265
16266
30094
30096
30098
29956
30093
30094
30096
29963
30093
30100
30101
30103
29970
30100
30107
30108
30110
30107
30114
30115
30117
3603
3619
3956
3604
3620
3957
3605
3621
3958
3606
3622
3959
3607
3623
3960
3608
3624
3961
3609
3625
3962
3610
3626
3963
3611
3627
3964
3612
3628
3965
34525
34527
34529
34531
34534
34535
34482
34524
34525
34527
29977
30121
30122
30124
34524
16111
16262
16263
16265
30121
11586
11753
11756
16262
30094
32801
32802
32805
32806
11593
11753
11760
11763
23224
23225
23228
23229
30101
11600
11760
11767
11770
23252
23253
23256
23257
30108
11767
11775
23280
23281
23284
23285
30115
3620
3635
3973
3621
3636
3974
3622
3637
3975
3623
3638
3976
3624
3639
3977
3625
3640
3978
3626
3641
3979
3627
3642
3980
3628
3643
3981
34532
34534
34536
34538
34541
34542
34489
34531
34532
34534
16118
16269
16270
16272
34525
34531
11606
11781
16269
23294
23295
23298
23299
30122
32822
32823
32826
32827
11610
11779
16263
16277
16278
16279
11613
11754
11784
16283
16284
11615
11761
11787
16286
11774
16287
16288
3636
3647
3989
3637
3648
3990
3638
3649
3991
3639
3650
3992
3640
3651
3993
3641
3652
3994
3642
3653
3995
3643
3654
3996
34539
34541
34543
34545
34548
34549
34496
34538
34539
34541
16136
16290
16291
16293
34532
34538
11618
16270
16290
30129
30130
30131
11621
11780
11793
16297
3648
3657
4001
3649
3658
4002
3650
3659
4003
3651
3660
4004
3652
3661
4005
3653
3662
4006
3654
3663
4007
34546
34548
34550
34503
34545
34546
34548
16144
16298
16299
16301
34539
34545
11624
16291
16298
30136
30137
30138
3658
3666
4011
3659
3667
4012
3660
3668
4013
3661
3669
4014
3662
3670
4015
3663
3671
4016
3664
3672
4017
16306
16308
16310
30149
30152
30153
16151
16305
16306
16308
34546
11629
16299
16305
30143
30144
30145
3667
3675
4020
3668
3676
4021
3669
3677
4022
3670
3678
4023
3671
3679
4024
3672
3680
4025
30150
30152
30154
30005
30149
30150
30152
11635
11810
11812
16306
30149
32857
32858
32861
32862
11639
11805
11809
16312
16313
16314
3676
3683
4029
3677
3684
4030
3678
3685
4031
3679
3686
4032
3680
3687
4033
3681
3688
4034
30157
30159
30161
30012
30150
30156
30157
30159
11642
11810
11819
23453
23454
23457
23458
30156
32871
32872
32875
32876
3684
3691
4037
3685
3692
4038
3686
3693
4039
3687
3694
4040
3688
3695
4041
3689
3696
4042
16318
16320
16322
16163
16317
16318
16320
30157
11646
11818
16317
16325
16326
16327
3692
3699
4045
3693
3700
4046
3694
3701
4047
3695
3702
4048
3696
3703
4049
3697
3704
4050
16332
16334
16336
16177
16318
16331
16332
16334
11649
11822
16331
16339
16340
16341
3700
3707
4053
3701
3708
4054
3702
3709
4055
3703
3710
4056
3704
3711
4057
3705
3712
4058
16346
16348
16350
16191
16332
16345
16346
16348
11652
11825
16345
16353
16354
16355
3708
3715
4061
3709
3716
4062
3710
3717
4063
3711
3718
4064
3712
3719
4065
3713
3720
4066
30164
30166
30168
16346
30019
30163
30164
30166
11656
11828
30163
30171
30172
30173
3716
3723
4069
3717
3724
4070
3718
3725
4071
3719
3726
4072
3720
3727
4073
3721
3728
4074
30178
30180
30182
30033
30164
30177
30178
30180
11662
11831
11837
11839
23576
23577
23580
23581
30177
32887
32888
32891
3724
3732
4077
3725
3733
4078
3726
3734
4079
3727
3735
4080
3728
3736
4081
3729
3737
4082
3730
3738
4083
16360
16362
16364
30178
30179
30182
30183
11837
16205
16359
16360
16362
11670
11843
16359
16367
16368
16369
3733
3741
4086
3734
3742
4087
3735
3743
4088
3736
3744
4089
3737
3745
4090
3738
3746
4091
3739
3747
4092
30185
30187
30189
16360
30040
30184
30185
30187
11676
11845
11851
11853
23613
23614
23617
23618
30184
32922
32923
32926
3742
3751
4095
3743
3752
4096
3744
3753
4097
3745
3754
4098
3746
3755
4099
3747
3756
4100
3748
3757
4101
3749
3758
4102
30185
30186
30189
30190
30192
30194
30196
11851
30047
30191
30192
30194
11685
11857
11860
11862
23629
23630
23633
23647
23648
23651
23652
30191
3752
3763
4105
3753
3764
4106
3754
3765
4107
3755
3766
4108
3756
3767
4109
3757
3768
4110
3758
3769
4111
3759
3770
4112
3760
3771
4113
30192
30193
30196
30197
30199
30201
30203
11860
30054
30198
30199
30201
11696
11866
11871
11873
23663
23664
23667
30198
32934
32935
32938
32939
11702
11870
16378
16379
16380
3764
3781
4117
3765
3782
4118
3766
3783
4119
3767
3784
4120
3768
3785
4121
3769
3786
4122
3770
3787
4123
3771
3788
4124
3772
3789
4125
3773
3790
4126
30199
30200
30203
30204
34553
34555
34557
11871
34510
34552
34553
34555
11877
16230
16384
16385
16387
34552
11718
11882
11893
11895
16384
23718
23719
23722
32948
32949
32952
32953
11725
11886
11892
16392
16393
16394
11732
11899
16399
16400
16401
11739
11906
16406
16407
16408
11746
11913
16413
16414
16415
11751
11890
11920
30206
30207
30208
3782
3799
4134
3783
3800
4135
3784
3801
4136
3785
3802
4137
3786
3803
4138
3787
3804
4139
3788
3805
4140
3789
3806
4141
3790
3807
4142
3791
3808
4143
3792
3809
4144
34553
34554
34557
34558
3793
3810
4145
16385
16386
16389
16390
34560
34562
34564
11893
34517
34559
34560
34562
11900
30068
30212
30213
30215
34559
11907
30075
30212
30219
30220
30222
11914
30082
30219
30226
30227
30229
11921
30089
30226
30233
30234
30236
11927
30233
34522
34566
34567
3800
3817
4151
3801
3818
4152
3802
3819
4153
3803
3820
4154
3804
3821
4155
3805
3822
4156
3806
3823
4157
3807
3824
4158
3808
3825
4159
3809
3826
4160
3810
3827
4161
3811
3828
4162
3812
3829
4163
34560
34561
34564
34565
3813
3830
4164
30213
30214
30217
30218
3814
3831
4165
30220
30221
30224
30225
3815
3832
4166
30227
30228
30231
30232
3816
3833
4167
30234
30235
30238
30239
3834
34566
34568
3818
3835
4168
3819
3836
4169
3820
3837
4170
3821
3838
4171
3822
3839
4172
3823
3840
4173
3824
3841
4174
3825
3842
4175
3826
3843
4176
3827
3844
4177
3828
3845
4178
3829
3846
4179
3830
3847
4180
3831
3848
4181
3832
3849
4182
3833
3850
4183
3834
3851
4184
3852
3836
3853
4185
3837
3854
4186
3838
3855
4187
3839
3856
4188
3840
3857
4189
3841
3858
4190
3842
3859
4191
3843
3860
4192
3844
3861
4193
3845
3862
4194
3846
3863
4195
3847
3864
4196
3848
3865
4197
3849
3866
4198
3850
3867
4199
3851
3868
4200
3852
3869
4201
3870
3854
4202
3855
4203
3856
4204
3857
4205
3858
4206
3859
4207
3860
4208
3861
4209
3862
4210
3863
4211
3864
4212
3865
4213
3866
4214
3867
4215
3868
4216
3869
4217
3870
4218
3872
3888
4219
3873
3889
4220
3874
3890
4221
3875
3891
4222
3876
3892
4223
3877
3893
4224
3878
3894
4225
3879
3895
4226
3880
3896
4227
3881
3897
4228
3882
3898
4229
3883
3899
4230
3884
3900
4231
3885
3901
4232
3886
3902
4233
3887
3903
4234
3904
4235
3889
3905
4236
3890
3906
4237
3891
3907
4238
3892
3908
4239
3893
3909
4240
3894
3910
4241
3895
3911
4242
3896
3912
4243
3897
3913
4244
3898
3914
4245
3899
3915
4246
3900
3916
4247
3901
3917
4248
3902
3918
4249
3903
3919
4250
3904
3920
4251
3921
4252
3906
3922
4253
3907
3923
4254
3908
3924
4255
3909
3925
4256
3910
3926
4257
3911
3927
4258
3912
3928
4259
3913
3929
4260
3914
3930
4261
3915
3931
4262
3916
3932
4263
3917
3933
4264
3918
3934
4265
3919
3935
4266
3920
3936
4267
3921
3937
4268
3938
4269
3923
3939
4270
3924
3940
4271
3925
3941
4272
3926
3942
4273
3927
3943
4274
3928
3944
4275
3929
3945
4276
3930
3946
4277
3931
3947
4278
3932
3948
4279
3933
3949
4280
3934
3950
4281
3935
3951
4282
3936
3952
4283
30240
30243
30244
3937
3953
4284
30247
30250
30251
3938
3954
4285
30254
30257
30258
3955
4286
30261
30264
30265
3940
3956
4287
3941
3957
4288
3942
3958
4289
3943
3959
4290
3944
3960
4291
3945
3961
4292
3946
3962
4293
3947
3963
4294
3948
3964
4295
3949
3965
4296
3950
3966
4297
34569
34572
34573
3951
3967
4298
30268
30271
30272
3952
3968
4299
16419
16422
16423
30241
30243
30245
30096
30240
30241
30243
30103
30240
30247
30248
30250
30110
30247
30254
30255
30257
30117
30254
30261
30262
30264
3957
3973
4304
3958
3974
4305
3959
3975
4306
3960
3976
4307
3961
3977
4308
3962
3978
4309
3963
3979
4310
3964
3980
4311
3965
3981
4312
3966
3982
4313
34570
34572
34574
34576
34579
34580
34527
34569
34570
34572
30124
30268
30269
30271
34569
16265
16419
16420
16422
30268
11756
11930
11933
16419
30241
32969
32970
32973
32974
11763
11930
11937
11940
23848
23849
23852
23853
30248
11770
11937
11944
11947
23876
23877
23880
23881
30255
11775
11944
11951
11954
23904
23905
23908
23909
30262
3974
3989
4321
3975
3990
4322
3976
3991
4323
3977
3992
4324
3978
3993
4325
3979
3994
4326
3980
3995
4327
3981
3996
4328
3982
3997
4329
34577
34579
34581
34583
34586
34587
34534
34576
34577
34579
16272
16426
16427
16429
34570
34576
11781
11960
16426
23918
23919
23922
23923
30269
32997
32998
33001
33002
11785
11958
16420
16434
16435
16436
11788
11931
11963
16440
16441
11790
11938
11966
16443
11791
11952
16444
16445
3990
4001
4337
3991
4002
4338
3992
4003
4339
3993
4004
4340
3994
4005
4341
3995
4006
4342
3996
4007
4343
3997
4008
4344
34584
34586
34588
34590
34593
34594
34541
34583
34584
34586
16293
16447
16448
16450
34577
34583
11795
16427
16447
30276
30277
30278
11798
11959
11973
16454
4002
4011
4349
4003
4012
4350
4004
4013
4351
4005
4014
4352
4006
4015
4353
4007
4016
4354
4008
4017
4355
34591
34593
34595
34548
34590
34591
34593
16301
16455
16456
16458
34584
34590
11801
16448
16455
30283
30284
30285
4012
4020
4359
4013
4021
4360
4014
4022
4361
4015
4023
4362
4016
4024
4363
4017
4025
4364
4018
4026
4365
16463
16465
16467
30296
30299
30300
16308
16462
16463
16465
34591
11806
16456
16462
30290
30291
30292
4021
4029
4368
4022
4030
4369
4023
4031
4370
4024
4032
4371
4025
4033
4372
4026
4034
4373
30297
30299
30301
30152
30296
30297
30299
11812
11990
11992
16463
30296
33032
33033
33036
33037
11816
11985
11989
16469
16470
16471
4030
4037
4377
4031
4038
4378
4032
4039
4379
4033
4040
4380
4034
4041
4381
4035
4042
4382
30304
30306
30308
30159
30297
30303
30304
30306
11819
11990
11999
24080
24081
24084
24085
30303
33046
33047
33050
33051
4038
4045
4385
4039
4046
4386
4040
4047
4387
4041
4048
4388
4042
4049
4389
4043
4050
4390
16475
16477
16479
16320
16474
16475
16477
30304
11823
11998
16474
16482
16483
16484
4046
4053
4393
4047
4054
4394
4048
4055
4395
4049
4056
4396
4050
4057
4397
4051
4058
4398
16489
16491
16493
16334
16475
16488
16489
16491
11826
12002
16488
16496
16497
16498
4054
4061
4401
4055
4062
4402
4056
4063
4403
4057
4064
4404
4058
4065
4405
4059
4066
4406
16503
16505
16507
16348
16489
16502
16503
16505
11829
12005
16502
16510
16511
16512
4062
4069
4409
4063
4070
4410
4064
4071
4411
4065
4072
4412
4066
4073
4413
4067
4074
4414
30311
30313
30315
16503
30166
30310
30311
30313
11833
12008
30310
30318
30319
30320
4070
4077
4417
4071
4078
4418
4072
4079
4419
4073
4080
4420
4074
4081
4421
4075
4082
4422
30325
30327
30329
30180
30311
30324
30325
30327
11839
12011
12017
12019
24203
24204
24207
24208
30324
33062
33063
33066
4078
4086
4425
4079
4087
4426
4080
4088
4427
4081
4089
4428
4082
4090
4429
4083
4091
4430
4084
4092
4431
16517
16519
16521
30325
30326
30329
30330
12017
16362
16516
16517
16519
11847
12023
16516
16524
16525
16526
4087
4095
4434
4088
4096
4435
4089
4097
4436
4090
4098
4437
4091
4099
4438
4092
4100
4439
4093
4101
4440
30332
30334
30336
16517
30187
30331
30332
30334
11853
12025
12031
12033
24240
24241
24244
24245
30331
33097
33098
33101
4096
4105
4443
4097
4106
4444
4098
4107
4445
4099
4108
4446
4100
4109
4447
4101
4110
4448
4102
4111
4449
4103
4112
4450
30332
30333
30336
30337
30339
30341
30343
12031
30194
30338
30339
30341
11862
12037
12040
12042
24256
24257
24260
24274
24275
24278
24279
30338
4106
4117
4453
4107
4118
4454
4108
4119
4455
4109
4120
4456
4110
4121
4457
4111
4122
4458
4112
4123
4459
4113
4124
4460
4114
4125
4461
30339
30340
30343
30344
30346
30348
30350
12040
30201
30345
30346
30348
11873
12046
12051
12053
24290
24291
24294
30345
33109
33110
33113
33114
11879
12050
16535
16536
16537
4118
4134
4465
4119
4135
4466
4120
4136
4467
4121
4137
4468
4122
4138
4469
4123
4139
4470
4124
4140
4471
4125
4141
4472
4126
4142
4473
4127
4143
4474
30346
30347
30350
30351
34598
34600
34602
12051
34555
34597
34598
34600
12057
16387
16541
16542
16544
34597
11895
12062
12069
12071
16541
24345
24346
24349
33123
33124
33127
33128
11902
12066
12068
16549
16550
16551
11909
12075
16556
16557
16558
11916
12082
16563
16564
16565
11923
12089
16570
16571
16572
4135
4151
4482
4136
4152
4483
4137
4153
4484
4138
4154
4485
4139
4155
4486
4140
4156
4487
4141
4157
4488
4142
4158
4489
4143
4159
4490
4144
4160
4491
4145
4161
4492
34598
34599
34602
34603
4146
4162
4493
16542
16543
16546
16547
34605
34607
34609
12069
34562
34604
34605
34607
12076
30215
30352
30353
30355
34604
12083
30222
30352
30359
30360
30362
12090
30229
30359
30366
30367
30369
12096
30236
30366
30373
30374
30376
4152
4168
4499
4153
4169
4500
4154
4170
4501
4155
4171
4502
4156
4172
4503
4157
4173
4504
4158
4174
4505
4159
4175
4506
4160
4176
4507
4161
4177
4508
4162
4178
4509
4163
4179
4510
4164
4180
4511
34605
34606
34609
34610
4165
4181
4512
30353
30354
30357
30358
4166
4182
4513
30360
30361
30364
30365
4167
4183
4514
30367
30368
30371
30372
4184
4515
30374
30375
30378
30379
4169
4185
4516
4170
4186
4517
4171
4187
4518
4172
4188
4519
4173
4189
4520
4174
4190
4521
4175
4191
4522
4176
4192
4523
4177
4193
4524
4178
4194
4525
4179
4195
4526
4180
4196
4527
4181
4197
4528
4182
4198
4529
4183
4199
4530
4184
4200
4531
4201
4532
4186
4202
4533
4187
4203
4534
4188
4204
4535
4189
4205
4536
4190
4206
4537
4191
4207
4538
4192
4208
4539
4193
4209
4540
4194
4210
4541
4195
4211
4542
4196
4212
4543
4197
4213
4544
4198
4214
4545
4199
4215
4546
4200
4216
4547
4201
4217
4548
4218
4549
4203
4550
4204
4551
4205
4552
4206
4553
4207
4554
4208
4555
4209
4556
4210
4557
4211
4558
4212
4559
4213
4560
4214
4561
4215
4562
4216
4563
4217
4564
4218
4565
4566
4220
4236
4567
4221
4237
4568
4222
4238
4569
4223
4239
4570
4224
4240
4571
4225
4241
4572
4226
4242
4573
4227
4243
4574
4228
4244
4575
4229
4245
4576
4230
4246
4577
4231
4247
4578
4232
4248
4579
4233
4249
4580
4234
4250
4581
4235
4251
4582
4252
4583
4237
4253
4585
4238
4254
4586
4239
4255
4587
4240
4256
4588
4241
4257
4589
4242
4258
4590
4243
4259
4591
4244
4260
4592
4245
4261
4593
4246
4262
4594
4247
4263
4595
4248
4264
4596
4249
4265
4597
4250
4266
4598
4251
4267
4599
4252
4268
4600
4269
4601
4254
4270
4603
4255
4271
4604
4256
4272
4605
4257
4273
4606
4258
4274
4607
4259
4275
4608
4260
4276
4609
4261
4277
4610
4262
4278
4611
4263
4279
4612
4264
4280
4613
4265
4281
4614
4266
4282
4615
4267
4283
4616
4268
4284
4617
4269
4285
4618
4286
4619
4271
4287
4621
4272
4288
4622
4273
4289
4623
4274
4290
4624
4275
4291
4625
4276
4292
4626
4277
4293
4627
4278
4294
4628
4279
4295
4629
4280
4296
4630
4281
4297
4631
4282
4298
4632
4283
4299
4633
4284
4300
4634
30380
30383
30384
4285
4301
4635
30387
30390
30391
4286
4302
4636
30394
30397
30398
4303
4637
30401
30404
30405
4288
4304
4639
4289
4305
4640
4290
4306
4641
4291
4307
4642
4292
4308
4643
4293
4309
4644
4294
4310
4645
4295
4311
4646
4296
4312
4647
4297
4313
4648
4298
4314
4649
34613
34616
34617
4299
4315
4650
30408
30411
30412
4300
4316
4651
16576
16579
16580
30381
30383
30385
30243
30380
30381
30383
30250
30380
30387
30388
30390
30257
30387
30394
30395
30397
30264
30394
30401
30402
30404
4305
4321
4657
4306
4322
4658
4307
4323
4659
4308
4324
4660
4309
4325
4661
4310
4326
4662
4311
4327
4663
4312
4328
4664
4313
4329
4665
4314
4330
4666
34614
34616
34618
34620
34623
34624
34572
34613
34614
34616
30271
30408
30409
30411
34613
16422
16576
16577
16579
30408
11933
12099
12102
16576
30381
33137
33138
33141
33142
11940
12099
12106
12109
24453
24454
24457
24458
30388
11947
12106
12113
12116
24481
24482
24485
24486
30395
11954
12113
12120
12123
24509
24510
24513
24514
30402
4322
4337
4675
4323
4338
4676
4324
4339
4677
4325
4340
4678
4326
4341
4679
4327
4342
4680
4328
4343
4681
4329
4344
4682
4330
4345
4683
34621
34623
34625
34627
34630
34631
34579
34620
34621
34623
16429
16583
16584
16586
34614
34620
11960
12131
16583
24523
24524
24527
24528
30409
33168
33169
33172
33173
11964
12129
16577
16591
16592
16593
11967
12100
12134
16597
16598
11969
12107
12137
16600
11971
12121
16601
16602
4338
4349
4692
4339
4350
4693
4340
4351
4694
4341
4352
4695
4342
4353
4696
4343
4354
4697
4344
4355
4698
4345
4356
4699
34628
34630
34632
34634
34637
34638
34586
34627
34628
34630
16450
16604
16605
16607
34621
34627
11975
16584
16604
30416
30417
30418
11978
12130
12145
16611
4350
4359
4704
4351
4360
4705
4352
4361
4706
4353
4362
4707
4354
4363
4708
4355
4364
4709
4356
4365
4710
34635
34637
34639
34593
34634
34635
34637
16458
16612
16613
16615
34628
34634
11981
16605
16612
30423
30424
30425
4360
4368
4714
4361
4369
4715
4362
4370
4716
4363
4371
4717
4364
4372
4718
4365
4373
4719
4366
4374
4720
16620
16622
16624
30436
30439
30440
16465
16619
16620
16622
34635
11986
16613
16619
30430
30431
30432
4369
4377
4723
4370
4378
4724
4371
4379
4725
4372
4380
4726
4373
4381
4727
4374
4382
4728
30437
30439
30441
30299
30436
30437
30439
11992
12162
12164
16620
30436
33203
33204
33207
33208
11996
12157
12161
16626
16627
16628
4378
4385
4732
4379
4386
4733
4380
4387
4734
4381
4388
4735
4382
4389
4736
4383
4390
4737
30444
30446
30448
30306
30437
30443
30444
30446
11999
12162
12171
24686
24687
24690
24691
30443
33217
33218
33221
33222
4386
4393
4740
4387
4394
4741
4388
4395
4742
4389
4396
4743
4390
4397
4744
4391
4398
4745
16632
16634
16636
16477
16631
16632
16634
30444
12003
12170
16631
16639
16640
16641
4394
4401
4748
4395
4402
4749
4396
4403
4750
4397
4404
4751
4398
4405
4752
4399
4406
4753
16646
16648
16650
16491
16632
16645
16646
16648
12006
12174
16645
16653
16654
16655
4402
4409
4756
4403
4410
4757
4404
4411
4758
4405
4412
4759
4406
4413
4760
4407
4414
4761
16660
16662
16664
16505
16646
16659
16660
16662
12009
12177
16659
16667
16668
16669
4410
4417
4764
4411
4418
4765
4412
4419
4766
4413
4420
4767
4414
4421
4768
4415
4422
4769
30451
30453
30455
16660
30313
30450
30451
30453
12013
12180
30450
30458
30459
30460
4418
4425
4772
4419
4426
4773
4420
4427
4774
4421
4428
4775
4422
4429
4776
4423
4430
4777
30465
30467
30469
30327
30451
30464
30465
30467
12019
12183
12189
12191
24809
24810
24813
24814
30464
33233
33234
33237
4426
4434
4780
4427
4435
4781
4428
4436
4782
4429
4437
4783
4430
4438
4784
4431
4439
4785
4432
4440
4786
16674
16676
16678
30465
30466
30469
30470
12189
16519
16673
16674
16676
12027
12195
16673
16681
16682
16683
4435
4443
4789
4436
4444
4790
4437
4445
4791
4438
4446
4792
4439
4447
4793
4440
4448
4794
4441
4449
4795
30472
30474
30476
16674
30334
30471
30472
30474
12033
12197
12203
12205
24846
24847
24850
24851
30471
33268
33269
33272
4444
4453
4798
4445
4454
4799
4446
4455
4800
4447
4456
4801
4448
4457
4802
4449
4458
4803
4450
4459
4804
4451
4460
4805
30472
30473
30476
30477
30479
30481
30483
12203
30341
30478
30479
30481
12042
12209
12212
12214
24862
24863
24866
24880
24881
24884
24885
30478
4454
4465
4808
4455
4466
4809
4456
4467
4810
4457
4468
4811
4458
4469
4812
4459
4470
4813
4460
4471
4814
4461
4472
4815
4462
4473
4816
30479
30480
30483
30484
30486
30488
30490
12212
30348
30485
30486
30488
12053
12218
12223
12225
24896
24897
24900
30485
33280
33281
33284
33285
12059
12222
16692
16693
16694
4466
4482
4820
4467
4483
4821
4468
4484
4822
4469
4485
4823
4470
4486
4824
4471
4487
4825
4472
4488
4826
4473
4489
4827
4474
4490
4828
4475
4491
4829
30486
30487
30490
30491
34642
34644
34646
12223
34600
34641
34642
34644
12229
16544
16698
16699
16701
34641
12071
12234
12241
12243
16698
24951
24952
24955
33294
33295
33298
33299
12078
12238
12240
16706
16707
16708
12085
12247
16713
16714
16715
12092
12254
16720
16721
16722
12097
12261
16727
16728
16729
4483
4499
4837
4484
4500
4838
4485
4501
4839
4486
4502
4840
4487
4503
4841
4488
4504
4842
4489
4505
4843
4490
4506
4844
4491
4507
4845
4492
4508
4846
4493
4509
4847
34642
34643
34646
34647
4494
4510
4848
16699
16700
16703
16704
34649
34651
34653
12241
34607
34648
34649
34651
12248
30355
30492
30493
30495
34648
12255
30362
30492
30499
30500
30502
12262
30369
30499
30506
30507
30509
12268
30376
30506
30513
30514
30516
4500
4516
4854
4501
4517
4855
4502
4518
4856
4503
4519
4857
4504
4520
4858
4505
4521
4859
4506
4522
4860
4507
4523
4861
4508
4524
4862
4509
4525
4863
4510
4526
4864
4511
4527
4865
4512
4528
4866
34649
34650
34653
34654
4513
4529
4867
30493
30494
30497
30498
4514
4530
4868
30500
30501
30504
30505
4515
4531
4869
30507
30508
30511
30512
4532
4870
30514
30515
30518
30519
4517
4533
4871
4518
4534
4872
4519
4535
4873
4520
4536
4874
4521
4537
4875
4522
4538
4876
4523
4539
4877
4524
4540
4878
4525
4541
4879
4526
4542
4880
4527
4543
4881
4528
4544
4882
4529
4545
4883
4530
4546
4884
4531
4547
4885
4532
4548
4886
4549
4887
4534
4550
4888
4535
4551
4889
4536
4552
4890
4537
4553
4891
4538
4554
4892
4539
4555
4893
4540
4556
4894
4541
4557
4895
4542
4558
4896
4543
4559
4897
4544
4560
4898
4545
4561
4899
4546
4562
4900
4547
4563
4901
4548
4564
4902
4549
4565
4903
4566
4904
4551
4905
4552
4906
4553
4907
4554
4908
4555
4909
4556
4910
4557
4911
4558
4912
4559
4913
4560
4914
4561
4915
4562
4916
4563
4917
4564
4918
4565
4919
4566
4920
4921
4568
4585
4922
4569
4586
4923
4570
4587
4924
4571
4588
4925
4572
4589
4926
4573
4590
4927
4574
4591
4928
4575
4592
4929
4576
4593
4930
4577
4594
4931
4578
4595
4932
4579
4596
4933
4580
4597
4934
4581
4598
4935
4582
4599
4936
4583
4600
4937
4584
4601
4938
4602
4939
4586
4603
4941
4587
4604
4942
4588
4605
4943
4589
4606
4944
4590
4607
4945
4591
4608
4946
4592
4609
4947
4593
4610
4948
4594
4611
4949
4595
4612
4950
4596
4613
4951
4597
4614
4952
4598
4615
4953
4599
4616
4954
4600
4617
4955
4601
4618
4956
4602
4619
4957
4620
4958
4604
4621
4960
4605
4622
4961
4606
4623
4962
4607
4624
4963
4608
4625
4964
4609
4626
4965
4610
4627
4966
4611
4628
4967
4612
4629
4968
4613
4630
4969
4614
4631
4970
4615
4632
4971
4616
4633
4972
4617
4634
4973
4618
4635
4974
4619
4636
4975
4620
4637
4976
4638
4977
4622
4639
4979
4623
4640
4980
4624
4641
4981
4625
4642
4982
4626
4643
4983
4627
4644
4984
4628
4645
4985
4629
4646
4986
4630
4647
4987
4631
4648
4988
4632
4649
4989
4633
4650
4990
4634
4651
4991
4635
4652
4992
30520
30523
30524
4636
4653
4993
30527
30530
30531
4637
4654
4994
30534
30537
30538
4638
4655
4995
30541
30544
30545
4656
4996
34655
34658
34659
4640
4657
4998
4641
4658
4999
4642
4659
5000
4643
4660
5001
4644
4661
5002
4645
4662
5003
4646
4663
5004
4647
4664
5005
4648
4665
5006
4649
4666
5007
4650
4667
5008
34662
34665
34666
4651
4668
5009
30548
30551
30552
4652
4669
5010
16733
16736
16737
30521
30523
30525
30383
30520
30521
30523
30390
30520
30527
30528
30530
30397
30527
30534
30535
30537
30404
30534
30541
30542
30544
30541
34611
34655
34656
34658
4658
4675
5017
4659
4676
5018
4660
4677
5019
4661
4678
5020
4662
4679
5021
4663
4680
5022
4664
4681
5023
4665
4682
5024
4666
4683
5025
4667
4684
5026
34663
34665
34667
34669
34672
34673
34616
34662
34663
34665
30411
30548
30549
30551
34662
16579
16733
16734
16736
30548
12102
12271
12274
16733
30521
33308
33309
33312
33313
12109
12271
12278
12281
25059
25060
25063
25064
30528
12116
12278
12285
12288
25087
25088
25091
25092
30535
12123
12285
12292
12295
25115
25116
25119
25120
30542
12127
12292
12299
12302
33336
33337
33340
33341
34656
4676
4692
5036
4677
4693
5037
4678
4694
5038
4679
4695
5039
4680
4696
5040
4681
4697
5041
4682
4698
5042
4683
4699
5043
4684
4700
5044
34670
34672
34674
34676
34679
34680
34623
34669
34670
34672
16586
16740
16741
16743
34663
34669
12131
12308
16740
25129
25130
25133
25134
30549
33350
33351
33354
33355
12135
12306
16734
16748
16749
16750
12138
12272
12311
16754
16755
12140
12279
12314
16757
12142
12293
16758
16759
12144
12300
12318
16762
16763
4693
4704
5053
4694
4705
5054
4695
4706
5055
4696
4707
5056
4697
4708
5057
4698
4709
5058
4699
4710
5059
4700
4711
5060
34677
34679
34681
34683
34686
34687
34630
34676
34677
34679
16607
16766
16767
16769
34670
34676
12147
16741
16766
30556
30557
30558
12150
12307
12324
16773
4705
4714
5065
4706
4715
5066
4707
4716
5067
4708
4717
5068
4709
4718
5069
4710
4719
5070
4711
4720
5071
34684
34686
34688
34637
34683
34684
34686
16615
16774
16775
16777
34677
34683
12153
16767
16774
30563
30564
30565
4715
4723
5075
4716
4724
5076
4717
4725
5077
4718
4726
5078
4719
4727
5079
4720
4728
5080
4721
4729
5081
16782
16784
16786
30576
30579
30580
16622
16781
16782
16784
34684
12158
16775
16781
30570
30571
30572
4724
4732
5084
4725
4733
5085
4726
4734
5086
4727
4735
5087
4728
4736
5088
4729
4737
5089
30577
30579
30581
30439
30576
30577
30579
12164
12341
12343
16782
30576
33385
33386
33389
33390
12168
12336
12340
16788
16789
16790
4733
4740
5093
4734
4741
5094
4735
4742
5095
4736
4743
5096
4737
4744
5097
4738
4745
5098
30584
30586
30588
30446
30577
30583
30584
30586
12171
12341
12350
25310
25311
25314
25315
30583
33399
33400
33403
33404
4741
4748
5101
4742
4749
5102
4743
4750
5103
4744
4751
5104
4745
4752
5105
4746
4753
5106
16794
16796
16798
16634
16793
16794
16796
30584
12175
12349
16793
16801
16802
16803
4749
4756
5109
4750
4757
5110
4751
4758
5111
4752
4759
5112
4753
4760
5113
4754
4761
5114
16808
16810
16812
16648
16794
16807
16808
16810
12178
12353
16807
16815
16816
16817
4757
4764
5117
4758
4765
5118
4759
4766
5119
4760
4767
5120
4761
4768
5121
4762
4769
5122
16822
16824
16826
16662
16808
16821
16822
16824
12181
12356
16821
16829
16830
16831
4765
4772
5125
4766
4773
5126
4767
4774
5127
4768
4775
5128
4769
4776
5129
4770
4777
5130
30591
30593
30595
16822
30453
30590
30591
30593
12185
12359
30590
30598
30599
30600
4773
4780
5133
4774
4781
5134
4775
4782
5135
4776
4783
5136
4777
4784
5137
4778
4785
5138
30605
30607
30609
30467
30591
30604
30605
30607
12191
12362
12368
12370
25433
25434
25437
25438
30604
33415
33416
33419
4781
4789
5141
4782
4790
5142
4783
4791
5143
4784
4792
5144
4785
4793
5145
4786
4794
5146
4787
4795
5147
16836
16838
16840
30605
30606
30609
30610
12368
16676
16835
16836
16838
12199
12374
16835
16843
16844
16845
4790
4798
5150
4791
4799
5151
4792
4800
5152
4793
4801
5153
4794
4802
5154
4795
4803
5155
4796
4804
5156
30612
30614
30616
16836
30474
30611
30612
30614
12205
12376
12382
12384
25470
25471
25474
25475
30611
33450
33451
33454
4799
4808
5159
4800
4809
5160
4801
4810
5161
4802
4811
5162
4803
4812
5163
4804
4813
5164
4805
4814
5165
4806
4815
5166
30612
30613
30616
30617
30619
30621
30623
12382
30481
30618
30619
30621
12214
12388
12391
12393
25486
25487
25490
25504
25505
25508
25509
30618
4809
4820
5169
4810
4821
5170
4811
4822
5171
4812
4823
5172
4813
4824
5173
4814
4825
5174
4815
4826
5175
4816
4827
5176
4817
4828
5177
30619
30620
30623
30624
30626
30628
30630
12391
30488
30625
30626
30628
12225
12397
12402
12404
25520
25521
25524
30625
33462
33463
33466
33467
12231
12401
16854
16855
16856
4821
4837
5181
4822
4838
5182
4823
4839
5183
4824
4840
5184
4825
4841
5185
4826
4842
5186
4827
4843
5187
4828
4844
5188
4829
4845
5189
4830
4846
5190
30626
30627
30630
30631
34691
34693
34695
12402
34644
34690
34691
34693
12408
16701
16860
16861
16863
34690
12243
12413
12420
12422
16860
25575
25576
25579
33476
33477
33480
33481
12250
12417
12419
16868
16869
16870
12257
12426
16875
16876
16877
12264
12433
16882
16883
16884
12269
12440
16889
16890
16891
4838
4854
5198
4839
4855
5199
4840
4856
5200
4841
4857
5201
4842
4858
5202
4843
4859
5203
4844
4860
5204
4845
4861
5205
4846
4862
5206
4847
4863
5207
4848
4864
5208
34691
34692
34695
34696
4849
4865
5209
16861
16862
16865
16866
34698
34700
34702
12420
34651
34697
34698
34700
12427
30495
30632
30633
30635
34697
12434
30502
30632
30639
30640
30642
12441
30509
30639
30646
30647
30649
12447
30516
30646
30653
30654
30656
4855
4871
5215
4856
4872
5216
4857
4873
5217
4858
4874
5218
4859
4875
5219
4860
4876
5220
4861
4877
5221
4862
4878
5222
4863
4879
5223
4864
4880
5224
4865
4881
5225
4866
4882
5226
4867
4883
5227
34698
34699
34702
34703
4868
4884
5228
30633
30634
30637
30638
4869
4885
5229
30640
30641
30644
30645
4870
4886
5230
30647
30648
30651
30652
4887
5231
30654
30655
30658
30659
4872
4888
5232
4873
4889
5233
4874
4890
5234
4875
4891
5235
4876
4892
5236
4877
4893
5237
4878
4894
5238
4879
4895
5239
4880
4896
5240
4881
4897
5241
4882
4898
5242
4883
4899
5243
4884
4900
5244
4885
4901
5245
4886
4902
5246
4887
4903
5247
4904
5248
4889
4905
5249
4890
4906
5250
4891
4907
5251
4892
4908
5252
4893
4909
5253
4894
4910
5254
4895
4911
5255
4896
4912
5256
4897
4913
5257
4898
4914
5258
4899
4915
5259
4900
4916
5260
4901
4917
5261
4902
4918
5262
4903
4919
5263
4904
4920
5264
4921
5265
4906
5266
4907
5267
4908
5268
4909
5269
4910
5270
4911
5271
4912
5272
4913
5273
4914
5274
4915
5275
4916
5276
4917
5277
4918
5278
4919
5279
4920
5280
4921
5281
5282
4923
4941
5283
4924
4942
5284
4925
4943
5285
4926
4944
5286
4927
4945
5287
4928
4946
5288
4929
4947
5289
4930
4948
5290
4931
4949
5291
4932
4950
5292
4933
4951
5293
4934
4952
5294
4935
4953
5295
4936
4954
5296
4937
4955
5297
4938
4956
5298
4939
4957
5299
4940
4958
5300
4959
5301
4942
4960
5302
4943
4961
5303
4944
4962
5304
4945
4963
5305
4946
4964
5306
4947
4965
5307
4948
4966
5308
4949
4967
5309
4950
4968
5310
4951
4969
5311
4952
4970
5312
4953
4971
5313
4954
4972
5314
4955
4973
5315
4956
4974
5316
4957
4975
5317
4958
4976
5318
4959
4977
5319
4978
5320
4961
4979
5321
4962
4980
5322
4963
4981
5323
4964
4982
5324
4965
4983
5325
4966
4984
5326
4967
4985
5327
4968
4986
5328
4969
4987
5329
4970
4988
5330
4971
4989
5331
4972
4990
5332
4973
4991
5333
4974
4992
5334
4975
4993
5335
4976
4994
5336
4977
4995
5337
4978
4996
5338
4997
5339
4980
4998
5340
4981
4999
5341
4982
5000
5342
4983
5001
5343
4984
5002
5344
4985
5003
5345
4986
5004
5346
4987
5005
5347
4988
5006
5348
4989
5007
5349
4990
5008
5350
4991
5009
5351
4992
5010
5352
4993
5011
5353
30660
30663
30664
4994
5012
5354
30667
30670
30671
4995
5013
5355
30674
30677
30678
4996
5014
5356
30681
30684
30685
4997
5015
5357
34704
34707
34708
5016
5358
4999
5017
5359
5000
5018
5360
5001
5019
5361
5002
5020
5362
5003
5021
5363
5004
5022
5364
5005
5023
5365
5006
5024
5366
5007
5025
5367
5008
5026
5368
5009
5027
5369
34711
34714
34715
5010
5028
5370
30688
30691
30692
5011
5029
5371
8970
8973
8974
30661
30663
30665
30523
30660
30661
30663
30530
30660
30667
30668
30670
30537
30667
30674
30675
30677
30544
30674
30681
30682
30684
30681
34658
34704
34705
34707
5035
5377
30695
30696
30697
34704
34706
34708
34710
5018
5036
5378
5019
5037
5379
5020
5038
5380
5021
5039
5381
5022
5040
5382
5023
5041
5383
5024
5042
5384
5025
5043
5385
5026
5044
5386
5027
5045
5387
34712
34714
34716
34718
34721
34722
34665
34711
34712
34714
30551
30688
30689
30691
34711
8970
8971
8973
16736
30688
8970
8977
8980
12274
30661
31001
31002
31003
31004
8977
8984
8987
12281
14342
14343
14344
14345
30668
8984
8991
8994
12288
14356
14357
14358
14359
30675
8991
8998
9001
12295
14370
14371
14372
14373
30682
8998
9005
9008
12302
31043
31044
31045
31046
34705
9005
30695
30696
5037
5053
5397
5038
5054
5398
5039
5055
5399
5040
5056
5400
5041
5057
5401
5042
5058
5402
5043
5059
5403
5044
5060
5404
5045
5061
5405
34719
34721
34723
34725
34728
34729
34672
34718
34719
34721
9012
9013
9015
16743
34712
34718
8774
9012
12308
13810
13811
13814
13815
30689
30921
30922
30925
30926
8772
8971
12312
12451
12452
12453
8778
8978
12315
12457
12458
8783
8985
12317
12460
8999
12319
12461
12462
8796
9006
12322
12465
12466
5054
5065
5416
5055
5066
5417
5056
5067
5418
5057
5068
5419
5058
5069
5420
5059
5070
5421
5060
5071
5422
5061
5072
5423
34726
34728
34730
34732
34735
34736
34679
34725
34726
34728
9019
9020
9022
16769
34719
34725
9013
9019
12326
30701
30702
30703
8773
8810
12329
12469
5066
5075
5435
5067
5076
5436
5068
5077
5437
5069
5078
5438
5070
5079
5439
5071
5080
5440
5072
5081
5441
34733
34735
34737
34686
34732
34733
34735
9034
9035
9037
16777
34726
34732
9020
9034
12332
30708
30709
30710
5076
5084
5454
5077
5085
5455
5078
5086
5456
5079
5087
5457
5080
5088
5458
5081
5089
5459
5082
5090
5460
9042
9044
9046
30721
30724
30725
9041
9042
9044
16784
34733
9035
9041
12337
30715
30716
30717
5085
5093
5473
5086
5094
5474
5087
5095
5475
5088
5096
5476
5089
5097
5477
5090
5098
5478
30722
30724
30726
30579
30721
30722
30724
9042
9049
9051
12343
30721
31071
31072
31073
31074
8835
9048
12347
12554
12555
12556
5094
5101
5492
5095
5102
5493
5096
5103
5494
5097
5104
5495
5098
5105
5496
5099
5106
5497
30729
30731
30733
30586
30722
30728
30729
30731
8850
9049
12350
14042
14043
14046
14047
30728
30935
30936
30939
30940
5102
5109
5511
5103
5110
5512
5104
5111
5513
5105
5112
5514
5106
5113
5515
5107
5114
5516
12640
12642
12644
12639
12640
12642
16796
30729
8849
12354
12639
12647
12648
12649
5110
5117
5530
5111
5118
5531
5112
5119
5532
5113
5120
5533
5114
5121
5534
5115
5122
5535
12694
12696
12698
12640
12693
12694
12696
16810
8858
12357
12693
12701
12702
12703
5118
5125
5549
5119
5126
5550
5120
5127
5551
5121
5128
5552
5122
5129
5553
5123
5130
5554
12746
12748
12750
12694
12745
12746
12748
16824
8863
12360
12745
12753
12754
12755
5126
5133
5567
5127
5134
5568
5128
5135
5569
5129
5136
5570
5130
5137
5571
5131
5138
5572
30736
30738
30740
12746
30593
30735
30736
30738
8868
12364
30735
30743
30744
30745
5134
5141
5585
5135
5142
5586
5136
5143
5587
5137
5144
5588
5138
5145
5589
5139
5146
5590
30750
30752
30754
30607
30736
30749
30750
30752
8873
8880
8882
12370
14114
14115
14118
14119
30749
30972
30973
30976
5142
5150
5603
5143
5151
5604
5144
5152
5605
5145
5153
5606
5146
5154
5607
5147
5155
5608
5148
5156
5609
9072
9074
9076
30750
30751
30754
30755
8880
9071
9072
9074
16838
8886
9071
12378
12868
12869
12870
5151
5159
5621
5152
5160
5622
5153
5161
5623
5154
5162
5624
5155
5163
5625
5156
5164
5626
5157
5165
5627
30757
30759
30761
9072
30614
30756
30757
30759
8891
9079
9081
12384
14549
14552
14554
14555
30756
30986
30987
30990
5160
5169
5639
5161
5170
5640
5162
5171
5641
5163
5172
5642
5164
5173
5643
5165
5174
5644
5166
5175
5645
5167
5176
5646
30757
30758
30761
30762
30764
30766
30768
9079
30621
30763
30764
30766
8901
8907
8909
12393
14166
14167
14170
14180
14181
14184
14185
30763
5170
5181
5657
5171
5182
5658
5172
5183
5659
5173
5184
5660
5174
5185
5661
5175
5186
5662
5176
5187
5663
5177
5188
5664
5178
5189
5665
30764
30765
30768
30769
30771
30773
30775
8907
30628
30770
30771
30773
8913
9097
9099
12404
14189
14190
14193
30770
31089
31092
31094
31095
9096
12410
12955
12956
12957
5182
5198
5675
5183
5199
5676
5184
5200
5677
5185
5201
5678
5186
5202
5679
5187
5203
5680
5188
5204
5681
5189
5205
5682
5190
5206
5683
5191
5207
5684
30771
30772
30775
30776
34740
34742
34744
9097
34693
34739
34740
34742
8923
12961
12962
12964
16863
34739
8929
9108
9110
12422
12961
14240
14241
14244
31096
31098
31099
31101
8935
9107
12429
12968
12969
12972
9114
12436
12976
12977
12978
8950
12443
12983
12984
12985
8957
12448
12990
12991
12992
5199
5215
5693
5200
5216
5694
5201
5217
5695
5202
5218
5696
5203
5219
5697
5204
5220
5698
5205
5221
5699
5206
5222
5700
5207
5223
5701
5208
5224
5702
5209
5225
5703
34740
34741
34744
34745
5210
5226
5704
12962
12963
12966
12967
34747
34749
34751
9108
34700
34746
34747
34749
9115
30635
30777
30778
30780
34746
8951
30642
30777
30784
30785
30787
8958
30649
30784
30791
30792
30794
8964
30656
30791
30798
30799
30801
5216
5232
5710
5217
5233
5711
5218
5234
5712
5219
5235
5713
5220
5236
5714
5221
5237
5715
5222
5238
5716
5223
5239
5717
5224
5240
5718
5225
5241
5719
5226
5242
5720
5227
5243
5721
5228
5244
5722
34747
34748
34751
34752
5229
5245
5723
30778
30779
30782
30783
5230
5246
5724
30785
30786
30789
30790
5231
5247
5725
30792
30793
30796
30797
5248
5726
30799
30800
30803
30804
5233
5249
5727
5234
5250
5728
5235
5251
5729
5236
5252
5730
5237
5253
5731
5238
5254
5732
5239
5255
5733
5240
5256
5734
5241
5257
5735
5242
5258
5736
5243
5259
5737
5244
5260
5738
5245
5261
5739
5246
5262
5740
5247
5263
5741
5248
5264
5742
5265
5743
5250
5266
5744
5251
5267
5745
5252
5268
5746
5253
5269
5747
5254
5270
5748
5255
5271
5749
5256
5272
5750
5257
5273
5751
5258
5274
5752
5259
5275
5753
5260
5276
5754
5261
5277
5755
5262
5278
5756
5263
5279
5757
5264
5280
5758
5265
5281
5759
5282
5760
5267
5761
5268
5762
5269
5763
5270
5764
5271
5765
5272
5766
5273
5767
5274
5768
5275
5769
5276
5770
5277
5771
5278
5772
5279
5773
5280
5774
5281
5775
5282
5776
5777
5284
5302
5778
5285
5303
5779
5286
5304
5780
5287
5305
5781
5288
5306
5782
5289
5307
5783
5290
5308
5784
5291
5309
5785
5292
5310
5786
5293
5311
5787
5294
5312
5788
5295
5313
5789
5296
5314
5790
5297
5315
5791
5298
5316
5792
5299
5317
5793
5300
5318
5794
5301
5319
5795
5320
5796
5303
5321
5797
5304
5322
5798
5305
5323
5799
5306
5324
5800
5307
5325
5801
5308
5326
5802
5309
5327
5803
5310
5328
5804
5311
5329
5805
5312
5330
5806
5313
5331
5807
5314
5332
5808
5315
5333
5809
5316
5334
5810
5317
5335
5811
5318
5336
5812
5319
5337
5813
5320
5338
5814
5339
5815
5322
5340
5816
5323
5341
5817
5324
5342
5818
5325
5343
5819
5326
5344
5820
5327
5345
5821
5328
5346
5822
5329
5347
5823
5330
5348
5824
5331
5349
5825
5332
5350
5826
5333
5351
5827
5334
5352
5828
5335
5353
5829
5336
5354
5830
5337
5355
5831
5338
5356
5832
5339
5357
5833
5358
5834
5341
5359
5835
5342
5360
5836
5343
5361
5837
5344
5362
5838
5345
5363
5839
5346
5364
5840
5347
5365
5841
5348
5366
5842
5349
5367
5843
5350
5368
5844
5351
5369
5845
5352
5370
5846
5353
5371
5847
5354
5372
5848
5355
5373
5849
5356
5374
5850
5357
5375
5851
5358
5376
5852
5377
5853
5360
5378
5854
5361
5379
5855
5362
5380
5856
5363
5381
5857
5364
5382
5858
5365
5383
5859
5366
5384
5860
5367
5385
5861
5368
5386
5862
5369
5387
5863
5370
5388
5864
5371
5389
5865
5372
5390
5866
30805
30808
30809
5373
5391
5867
30663
30664
30665
30666
30812
30815
30816
5374
5392
5868
30670
30671
30672
30673
30819
30822
30823
5375
5393
5869
30677
30678
30679
30680
30826
30829
30830
5376
5394
5870
30684
30685
30686
30687
30833
30836
30837
5377
5395
5871
30840
30843
30844
34707
34708
34709
34710
5396
5872
5379
5397
5873
5380
5398
5874
5381
5399
5875
5382
5400
5876
5383
5401
5877
5384
5402
5878
5385
5403
5879
5386
5404
5880
5387
5405
5881
5388
5406
5882
5389
5407
5883
30847
30850
30851
34714
34715
34716
34717
5390
5408
5884
9122
9125
9126
30691
30692
30693
30694
30806
30808
30810
8973
30805
30806
30808
8980
30805
30812
30813
30815
8987
30812
30819
30820
30822
8994
30819
30826
30827
30829
9001
30826
30833
30834
30836
9008
30833
30840
30841
30843
5415
5891
9171
9174
9175
30696
30697
30698
30699
30840
30842
30844
30846
5398
5416
5892
5399
5417
5893
5400
5418
5894
5401
5419
5895
5402
5420
5896
5403
5421
5897
5404
5422
5898
5405
5423
5899
5406
5424
5900
5407
5425
5901
30848
30850
30852
30854
30857
30858
34721
34722
34723
34724
9015
30847
30848
30850
8774
9122
9123
9125
30847
8779
9122
9129
9130
9132
30806
30930
30931
30934
8784
9129
9136
9137
9139
9430
9431
9434
30813
8788
9136
9143
9144
9146
9444
9445
9448
30820
8792
9143
9150
9151
9153
9458
9459
9462
30827
8797
9150
9157
9158
9160
9472
9473
9476
30834
8802
9157
9164
9165
9167
9486
9487
9490
30841
8806
9164
9171
9172
9174
5417
5435
5911
5418
5436
5912
5419
5437
5913
5420
5438
5914
5421
5439
5915
5422
5440
5916
5423
5441
5917
5424
5442
5918
5425
5443
5919
30855
30857
30859
30861
30864
30865
34728
34729
34730
34731
9022
30854
30855
30857
8812
9178
9179
9181
30848
30854
8816
9123
9178
9185
9186
9188
9542
9543
9546
9026
9130
9185
12996
12997
12999
14375
14376
14380
9137
12470
12996
13003
13004
13006
25670
25672
25675
9144
12474
13003
13010
13011
13013
25698
25701
25703
9151
12478
13010
13017
13018
13020
25726
25729
25731
9158
12482
13017
13024
13025
13027
25754
25757
25759
9030
9165
13024
13031
13032
13034
14403
14406
14408
8820
9172
9192
9193
9195
13031
13941
13942
13945
5436
5454
5930
5437
5455
5931
5438
5456
5932
5439
5457
5933
5440
5458
5934
5441
5459
5935
5442
5460
5936
5443
5461
5937
30862
30864
30866
30868
30871
30872
34735
34736
34737
34738
9037
30861
30862
30864
8826
9199
9200
9202
30855
30861
8830
9179
9199
9206
9207
9209
9577
9578
9581
9186
9206
12486
13038
13039
13041
25782
25783
25787
12490
12997
13038
13045
13046
13048
25810
25813
25815
12494
13004
13045
13052
13053
13055
25839
25840
25843
12498
13011
13052
13059
13060
13062
25867
25868
25871
12502
13018
13059
13066
13067
13069
25895
25896
25899
12506
13025
13066
13073
13074
13076
25923
25924
25927
12510
13032
13073
13080
13081
13083
25950
25953
25955
9193
12514
13080
13087
13088
13090
25978
25981
25983
5455
5473
5949
5456
5474
5950
5457
5475
5951
5458
5476
5952
5459
5477
5953
5460
5478
5954
5461
5479
5955
30869
30871
30873
9044
30868
30869
30871
8836
9213
9214
9216
30862
30868
8840
9200
9213
9220
9221
9223
9605
9606
9609
9207
9220
12518
13094
13095
13097
26006
26007
26011
12522
13039
13094
13101
13102
13104
26035
26036
26039
12526
13046
13101
13108
13109
13111
26063
26064
26067
12530
13053
13108
13115
13116
13118
26091
26092
26095
12534
13060
13115
13122
13123
13125
26119
26120
26123
12538
13067
13122
13129
13130
13132
26147
26148
26151
12542
13074
13129
13136
13137
13139
26175
26176
26179
12546
13081
13136
13143
13144
13146
26203
26204
26207
12550
13088
13143
13150
13151
13153
26231
26232
26235
5474
5492
5968
5475
5493
5969
5476
5494
5970
5477
5495
5971
5478
5496
5972
5479
5497
5973
5480
5498
5974
30724
30725
30726
30727
30876
30878
30880
9051
30869
30875
30876
30878
8844
9214
9227
9228
9230
9612
9613
9616
30875
9221
9227
12559
13157
13158
13160
26258
26259
26263
12563
13095
13157
13164
13165
13167
26287
26288
26291
12567
13102
13164
13171
13172
13174
26315
26316
26319
12571
13109
13171
13178
13179
13181
26343
26344
26347
12575
13116
13178
13185
13186
13188
26371
26372
26375
12579
13123
13185
13192
13193
13195
26399
26400
26403
12583
13130
13192
13199
13200
13202
26427
26428
26431
12587
13137
13199
13206
13207
13209
26455
26456
26459
12591
13144
13206
13213
13214
13216
26483
26484
26487
12595
13151
13213
13220
13221
13223
26511
26512
26515
5493
5511
5987
5494
5512
5988
5495
5513
5989
5496
5514
5990
5497
5515
5991
5498
5516
5992
5499
5517
5993
9235
9237
9239
30731
30732
30733
30734
34753
34756
34757
8850
9234
9235
9237
30876
8854
9228
9234
9241
9242
9244
9640
9641
9644
9241
12599
13158
13227
13228
13230
26538
26541
26543
12603
13165
13227
13234
13235
13237
26567
26568
26571
12607
13172
13234
13241
13242
13244
26595
26596
26599
12611
13179
13241
13248
13249
13251
26623
26624
26627
12615
13186
13248
13255
13256
13258
26651
26652
26655
12619
13193
13255
13262
13263
13265
26679
26680
26683
12623
13200
13262
13269
13270
13272
26707
26708
26711
12627
13207
13269
13276
13277
13279
26735
26736
26739
12631
13214
13276
13283
13284
13286
26763
26764
26767
12635
13221
13283
13290
13291
13293
26791
26792
26795
5512
5530
6006
5513
5531
6007
5514
5532
6008
5515
5533
6009
5516
5534
6010
5517
5535
6011
34754
34756
34758
12642
34753
34754
34756
8859
9235
9248
9249
9251
34753
9055
9242
9248
13297
13298
13300
14438
14439
14443
12653
13228
13297
13304
13305
13307
26818
26821
26823
12657
13235
13304
13311
13312
13314
26847
26848
26851
12661
13242
13311
13318
13319
13321
26875
26876
26879
12665
13249
13318
13325
13326
13328
26903
26904
26907
12669
13256
13325
13332
13333
13335
26931
26932
26935
12673
13263
13332
13339
13340
13342
26959
26960
26963
12677
13270
13339
13346
13347
13349
26987
26988
26991
12681
13277
13346
13353
13354
13356
27015
27016
27019
12685
13284
13353
13360
13361
13363
27043
27044
27047
12689
13291
13360
13367
13368
13370
27071
27072
27075
5531
5549
6025
5532
5550
6026
5533
5551
6027
5534
5552
6028
5535
5553
6029
5536
5554
6030
34761
34763
34765
12696
34754
34760
34761
34763
8864
9249
9255
9256
9258
30951
30952
30955
34760
9059
9255
13298
13374
13375
13377
14466
14469
14471
12707
13305
13374
13381
13382
13384
27098
27101
27103
12711
13312
13381
13388
13389
13391
27127
27128
27131
12715
13319
13388
13395
13396
13398
27155
27156
27159
12719
13326
13395
13402
13403
13405
27183
27184
27187
12723
13333
13402
13409
13410
13412
27211
27212
27215
12727
13340
13409
13416
13417
13419
27239
27240
27243
12731
13347
13416
13423
13424
13426
27267
27268
27271
12735
13354
13423
13430
13431
13433
27295
27296
27299
12739
13361
13430
13437
13438
13440
27323
27324
27327
12743
13368
13437
13444
13445
27351
27352
27355
5550
5567
6043
5551
5568
6044
5552
5569
6045
5553
5570
6046
5554
5571
6047
5555
5572
6048
34768
34770
34772
12748
34761
34767
34768
34770
8869
9256
9262
9263
9265
30965
30966
30969
34767
9063
9262
13375
13447
13448
13450
14494
14497
14499
12759
13382
13447
13454
13455
13457
27364
27367
27369
12763
13389
13454
13461
13462
13464
27393
27394
27397
12767
13396
13461
13468
13469
13471
27421
27422
27425
12771
13403
13468
13475
13476
13478
27449
27450
27453
12775
13410
13475
13482
13483
13485
27477
27478
27481
12779
13417
13482
13489
13490
13492
27505
27506
27509
12783
13424
13489
13496
13497
13499
27533
27534
27537
12787
13431
13496
13503
13504
13506
27561
27562
27565
12791
13438
13503
13510
13511
13513
27589
27590
27593
5568
5585
6061
5569
5586
6062
5570
5587
6063
5571
5588
6064
5572
5589
6065
5573
5590
6066
5574
5591
6067
9270
9272
9274
30738
30739
30740
30741
34768
34769
34772
34773
8875
9263
9269
9270
9272
9067
9269
13448
13517
13518
13520
14522
14525
14527
12795
13455
13517
13524
13525
13527
27616
27619
27621
12799
13462
13524
13531
13532
13534
27645
27646
27649
12803
13469
13531
13538
13539
13541
27673
27674
27677
12807
13476
13538
13545
13546
13548
27701
27702
27705
12811
13483
13545
13552
13553
13555
27729
27730
27733
12815
13490
13552
13559
13560
13562
27757
27758
27761
12819
13497
13559
13566
13567
13569
27785
27786
27789
12823
13504
13566
13573
13574
13576
27813
27814
27817
12827
13511
13573
13580
13581
13583
27841
27842
27845
5586
5603
6079
5587
5604
6080
5588
5605
6081
5589
5606
6082
5590
5607
6083
5591
5608
6084
5592
5609
6085
9277
9279
9281
30752
30753
30754
30755
8882
9270
9276
9277
9279
8887
9276
9283
9284
9286
9710
9711
9714
13518
9283
12831
13525
13587
13588
13590
27868
27871
27873
12835
13532
13587
13594
13595
13597
27897
27898
27901
12839
13539
13594
13601
13602
13604
27925
27926
27929
12843
13546
13601
13608
13609
13611
27953
27954
27957
12847
13553
13608
13615
13616
13618
27981
27982
27985
12851
13560
13615
13622
13623
13625
28009
28010
28013
12855
13567
13622
13629
13630
13632
28037
28038
28041
12859
13574
13629
13636
13637
13639
28065
28066
28069
12863
13581
13636
13643
13644
13646
28093
28094
28097
5604
5621
6097
5605
5622
6098
5606
5623
6099
5607
5624
6100
5608
5625
6101
5609
5626
6102
5610
5627
6103
30883
30885
30887
9074
9277
30882
30883
30885
8893
9284
9290
9291
9293
9724
9725
9728
30882
8897
9290
9297
9298
9300
13588
14145
14146
14149
9297
12874
13595
13650
13651
13653
28120
28123
28125
12878
13602
13650
13657
13658
13660
28149
28150
28153
12882
13609
13657
13664
13665
13667
28177
28178
28181
12886
13616
13664
13671
13672
13674
28205
28206
28209
12890
13623
13671
13678
13679
13681
28233
28234
28237
12894
13630
13678
13685
13686
13688
28261
28262
28265
12898
13637
13685
13692
13693
13695
28289
28290
28293
12902
13644
13692
13699
13700
13702
28317
28318
28321
5622
5639
6115
5623
5640
6116
5624
5641
6117
5625
5642
6118
5626
5643
6119
5627
5644
6120
5628
5645
6121
5629
5646
6122
30759
30760
30761
30762
30883
30884
30887
30888
30890
30892
30894
9081
9291
30889
30890
30892
8902
9298
9304
9305
9307
9752
9753
9756
30889
9085
9304
13651
13706
13707
13709
14557
14560
14562
12908
13658
13706
13713
13714
13716
28344
28347
28349
12912
13665
13713
13720
13721
13723
28373
28374
28377
12916
13672
13720
13727
13728
13730
28401
28402
28405
12920
13679
13727
13734
13735
13737
28429
28430
28433
12924
13686
13734
13741
13742
13744
28457
28458
28461
12928
13693
13741
13748
13749
13751
28485
28486
28489
12932
13700
13748
13755
13756
13758
28513
28514
28517
5640
5657
6133
5641
5658
6134
5642
5659
6135
5643
5660
6136
5644
5661
6137
5645
5662
6138
5646
5663
6139
5647
5664
6140
5648
5665
6141
9312
9314
9316
30766
30767
30768
30769
30890
30891
30894
30895
8909
9305
9311
9312
9314
8915
9311
9318
9319
9321
9780
9781
9784
13707
8919
9318
9325
9326
9328
13714
14208
14209
14212
9089
9325
13721
13762
13763
13765
14585
14588
14590
12938
13728
13762
13769
13770
13772
28540
28543
28545
12942
13735
13769
13776
13777
13779
28569
28570
28573
12946
13742
13776
13783
13784
13786
28597
28598
28601
12950
13749
13783
13790
13791
13793
28625
28626
28629
9093
13756
13790
13797
13798
13799
14614
14615
14618
5658
5675
6151
5659
5676
6152
5660
5677
6153
5661
5678
6154
5662
5679
6155
5663
5680
6156
5664
5681
6157
5665
5682
6158
5666
5683
6159
5667
5684
6160
9312
9313
9316
9317
30773
30774
30775
30776
30897
30899
30901
9099
9319
30896
30897
30899
8925
9326
9332
9333
9335
9808
9809
9812
30896
8931
9332
9339
9340
9342
9822
9823
9826
13763
8936
9339
9346
9347
9349
13770
14260
14261
14264
8940
9346
9353
9354
9356
13777
14274
14275
14278
9103
9353
13784
13803
13804
13806
14634
14637
14639
8944
9360
9361
9363
13791
13803
14295
14296
14299
8948
9360
9367
9368
13798
14309
14310
14313
5676
5693
6169
5677
5694
6170
5678
5695
6171
5679
5696
6172
5680
5697
6173
5681
5698
6174
5682
5699
6175
5683
5700
6176
5684
5701
6177
5685
5702
6178
5686
5703
6179
30897
30898
30901
30902
34742
34743
34744
34745
5687
5704
6180
9333
9334
9337
9338
12964
12965
12966
12967
30904
30906
30908
9110
9340
30903
30904
30906
9117
9347
30903
30910
30911
30913
8953
9354
9372
9373
9375
9885
9886
9889
30910
8960
9372
9379
9380
9382
9899
9900
9903
13804
8966
9361
9379
9386
9387
9389
9913
9914
9917
9121
9367
9386
30917
5694
5710
6187
5695
5711
6188
5696
5712
6189
5697
5713
6190
5698
5714
6191
5699
5715
6192
5700
5716
6193
5701
5717
6194
5702
5718
6195
5703
5719
6196
5704
5720
6197
5705
5721
6198
5706
5722
6199
30904
30905
30908
30909
34749
34750
34751
34752
5707
5723
6200
30780
30781
30782
30783
30911
30912
30915
30916
5708
5724
6201
9373
9374
9377
9378
30787
30788
30789
30790
5709
5725
6202
9380
9381
9384
9385
30794
30795
30796
30797
5726
6203
9387
9388
9391
9392
30801
30802
30803
30804
5711
5727
6205
5712
5728
6206
5713
5729
6207
5714
5730
6208
5715
5731
6209
5716
5732
6210
5717
5733
6211
5718
5734
6212
5719
5735
6213
5720
5736
6214
5721
5737
6215
5722
5738
6216
5723
5739
6217
5724
5740
6218
5725
5741
6219
5726
5742
6220
5743
6221
5728
5744
6223
5729
5745
6224
5730
5746
6225
5731
5747
6226
5732
5748
6227
5733
5749
6228
5734
5750
6229
5735
5751
6230
5736
5752
6231
5737
5753
6232
5738
5754
6233
5739
5755
6234
5740
5756
6235
5741
5757
6236
5742
5758
6237
5743
5759
6238
5760
6239
5745
5761
6241
5746
5762
6242
5747
5763
6243
5748
5764
6244
5749
5765
6245
5750
5766
6246
5751
5767
6247
5752
5768
6248
5753
5769
6249
5754
5770
6250
5755
5771
6251
5756
5772
6252
5757
5773
6253
5758
5774
6254
5759
5775
6255
5760
5776
6256
5777
6257
5762
6259
5763
6260
5764
6261
5765
6262
5766
6263
5767
6264
5768
6265
5769
6266
5770
6267
5771
6268
5772
6269
5773
6270
5774
6271
5775
6272
5776
6273
5777
6274
6275
5779
5797
6277
5780
5798
6278
5781
5799
6279
5782
5800
6280
5783
5801
6281
5784
5802
6282
5785
5803
6283
5786
5804
6284
5787
5805
6285
5788
5806
6286
5789
5807
6287
5790
5808
6288
5791
5809
6289
5792
5810
6290
5793
5811
6291
5794
5812
6292
5795
5813
6293
5796
5814
6294
5815
6295
5798
5816
6296
5799
5817
6297
5800
5818
6298
5801
5819
6299
5802
5820
6300
5803
5821
6301
5804
5822
6302
5805
5823
6303
5806
5824
6304
5807
5825
6305
5808
5826
6306
5809
5827
6307
5810
5828
6308
5811
5829
6309
5812
5830
6310
5813
5831
6311
5814
5832
6312
5815
5833
6313
5834
6314
5817
5835
6315
5818
5836
6316
5819
5837
6317
5820
5838
6318
5821
5839
6319
5822
5840
6320
5823
5841
6321
5824
5842
6322
5825
5843
6323
5826
5844
6324
5827
5845
6325
5828
5846
6326
5829
5847
6327
5830
5848
6328
5831
5849
6329
5832
5850
6330
5833
5851
6331
5834
5852
6332
5853
6333
5836
5854
6334
5837
5855
6335
5838
5856
6336
5839
5857
6337
5840
5858
6338
5841
5859
6339
5842
5860
6340
5843
5861
6341
5844
5862
6342
5845
5863
6343
5846
5864
6344
5847
5865
6345
5848
5866
6346
5849
5867
6347
5850
5868
6348
5851
5869
6349
5852
5870
6350
5853
5871
6351
5872
6352
5855
5873
6353
5856
5874
6354
5857
5875
6355
5858
5876
6356
5859
5877
6357
5860
5878
6358
5861
5879
6359
5862
5880
6360
5863
5881
6361
5864
5882
6362
5865
5883
6363
5866
5884
6364
5867
5885
6365
5868
5886
6366
5869
5887
6367
5870
5888
6368
5871
5889
6369
5872
5890
6370
5891
6371
5874
5892
6372
5875
5893
6373
5876
5894
6374
5877
5895
6375
5878
5896
6376
5879
5897
6377
5880
5898
6378
5881
5899
6379
5882
5900
6380
5883
5901
6381
5884
5902
6382
5885
5903
6383
5886
5904
6384
30808
30809
30810
30811
5887
5905
6385
30815
30816
30817
30818
5888
5906
6386
30822
30823
30824
30825
5889
5907
6387
30829
30830
30831
30832
5890
5908
6388
30836
30837
30838
30839
5891
5909
6389
30843
30844
30845
30846
5910
6390
5893
5911
6391
5894
5912
6392
5895
5913
6393
5896
5914
6394
5897
5915
6395
5898
5916
6396
5899
5917
6397
5900
5918
6398
5901
5919
6399
5902
5920
6400
5903
5921
6401
30850
30851
30852
30853
5904
5922
6402
9125
9126
9127
9128
5905
5923
6403
9132
9133
9134
9135
5906
5924
6404
9139
9140
9141
9142
5907
5925
6405
9146
9147
9148
9149
5908
5926
6406
9153
9154
9155
9156
5909
5927
6407
9160
9161
9162
9163
5910
5928
6408
9167
9168
9169
9170
5929
6409
9174
9175
9176
9177
5912
5930
6410
5913
5931
6411
5914
5932
6412
5915
5933
6413
5916
5934
6414
5917
5935
6415
5918
5936
6416
5919
5937
6417
5920
5938
6418
5921
5939
6419
30857
30858
30859
30860
5922
5940
6420
9181
9182
9183
9184
5923
5941
6421
9188
9189
9190
9191
5924
5942
6422
12999
13000
13001
13002
5925
5943
6423
13006
13007
13008
13009
5926
5944
6424
13013
13014
13015
13016
5927
5945
6425
13020
13021
13022
13023
5928
5946
6426
13027
13028
13029
13030
5929
5947
6427
13034
13035
13036
13037
5948
6428
9195
9196
9197
9198
5931
5949
6429
5932
5950
6430
5933
5951
6431
5934
5952
6432
5935
5953
6433
5936
5954
6434
5937
5955
6435
5938
5956
6436
5939
5957
6437
30864
30865
30866
30867
5940
5958
6438
9202
9203
9204
9205
5941
5959
6439
9209
9210
9211
9212
5942
5960
6440
13041
13042
13043
13044
5943
5961
6441
13048
13049
13050
13051
5944
5962
6442
13055
13056
13057
13058
5945
5963
6443
13062
13063
13064
13065
5946
5964
6444
13069
13070
13071
13072
5947
5965
6445
13076
13077
13078
13079
5948
5966
6446
13083
13084
13085
13086
5967
6447
13090
13091
13092
13093
5950
5968
6448
5951
5969
6449
5952
5970
6450
5953
5971
6451
5954
5972
6452
5955
5973
6453
5956
5974
6454
5957
5975
6455
30871
30872
30873
30874
5958
5976
6456
9216
9217
9218
9219
5959
5977
6457
9223
9224
9225
9226
5960
5978
6458
13097
13098
13099
13100
5961
5979
6459
13104
13105
13106
13107
5962
5980
6460
13111
13112
13113
13114
5963
5981
6461
13118
13119
13120
13121
5964
5982
6462
13125
13126
13127
13128
5965
5983
6463
13132
13133
13134
13135
5966
5984
6464
13139
13140
13141
13142
5967
5985
6465
13146
13147
13148
13149
5986
6466
13153
13154
13155
13156
5969
5987
6467
5970
5988
6468
5971
5989
6469
5972
5990
6470
5973
5991
6471
5974
5992
6472
5975
5993
6473
5976
5994
6474
30878
30879
30880
30881
5977
5995
6475
9230
9231
9232
9233
5978
5996
6476
13160
13161
13162
13163
5979
5997
6477
13167
13168
13169
13170
5980
5998
6478
13174
13175
13176
13177
5981
5999
6479
13181
13182
13183
13184
5982
6000
6480
13188
13189
13190
13191
5983
6001
6481
13195
13196
13197
13198
5984
6002
6482
13202
13203
13204
13205
5985
6003
6483
13209
13210
13211
13212
5986
6004
6484
13216
13217
13218
13219
6005
6485
13223
13224
13225
13226
5988
6006
6486
5989
6007
6487
5990
6008
6488
5991
6009
6489
5992
6010
6490
5993
6011
6491
5994
6012
6492
5995
6013
6493
9237
9238
9239
9240
5996
6014
6494
9244
9245
9246
9247
5997
6015
6495
13230
13231
13232
13233
5998
6016
6496
13237
13238
13239
13240
5999
6017
6497
13244
13245
13246
13247
6000
6018
6498
13251
13252
13253
13254
6001
6019
6499
13258
13259
13260
13261
6002
6020
6500
13265
13266
13267
13268
6003
6021
6501
13272
13273
13274
13275
6004
6022
6502
13279
13280
13281
13282
6005
6023
6503
13286
13287
13288
13289
6024
6504
13293
13294
13295
13296
6007
6025
6505
6008
6026
6506
6009
6027
6507
6010
6028
6508
6011
6029
6509
6012
6030
6510
6013
6031
6511
34756
34757
34758
34759
6014
6032
6512
9251
9252
9253
9254
6015
6033
6513
13300
13301
13302
13303
6016
6034
6514
13307
13308
13309
13310
6017
6035
6515
13314
13315
13316
13317
6018
6036
6516
13321
13322
13323
13324
6019
6037
6517
13328
13329
13330
13331
6020
6038
6518
13335
13336
13337
13338
6021
6039
6519
13342
13343
13344
13345
6022
6040
6520
13349
13350
13351
13352
6023
6041
6521
13356
13357
13358
13359
6024
6042
6522
13363
13364
13365
13366
6523
13370
13371
13372
13373
6026
6043
6524
6027
6044
6525
6028
6045
6526
6029
6046
6527
6030
6047
6528
6031
6048
6529
6032
6049
6530
34763
34764
34765
34766
6033
6050
6531
9258
9259
9260
9261
6034
6051
6532
13377
13378
13379
13380
6035
6052
6533
13384
13385
13386
13387
6036
6053
6534
13391
13392
13393
13394
6037
6054
6535
13398
13399
13400
13401
6038
6055
6536
13405
13406
13407
13408
6039
6056
6537
13412
13413
13414
13415
6040
6057
6538
13419
13420
13421
13422
6041
6058
6539
13426
13427
13428
13429
6042
6059
6540
13433
13434
13435
13436
6060
6541
13440
13441
13442
13443
6044
6061
6542
6045
6062
6543
6046
6063
6544
6047
6064
6545
6048
6065
6546
6049
6066
6547
6050
6067
6548
34770
34771
34772
34773
6051
6068
6549
9265
9266
9267
9268
6052
6069
6550
13450
13451
13452
13453
6053
6070
6551
13457
13458
13459
13460
6054
6071
6552
13464
13465
13466
13467
6055
6072
6553
13471
13472
13473
13474
6056
6073
6554
13478
13479
13480
13481
6057
6074
6555
13485
13486
13487
13488
6058
6075
6556
13492
13493
13494
13495
6059
6076
6557
13499
13500
13501
13502
6060
6077
6558
13506
13507
13508
13509
6078
6559
13513
13514
13515
13516
6062
6079
6560
6063
6080
6561
6064
6081
6562
6065
6082
6563
6066
6083
6564
6067
6084
6565
6068
6085
6566
6069
6086
6567
9272
9273
9274
9275
6070
6087
6568
13520
13521
13522
13523
6071
6088
6569
13527
13528
13529
13530
6072
6089
6570
13534
13535
13536
13537
6073
6090
6571
13541
13542
13543
13544
6074
6091
6572
13548
13549
13550
13551
6075
6092
6573
13555
13556
13557
13558
6076
6093
6574
13562
13563
13564
13565
6077
6094
6575
13569
13570
13571
13572
6078
6095
6576
13576
13577
13578
13579
6096
6577
13583
13584
13585
13586
6080
6097
6578
6081
6098
6579
6082
6099
6580
6083
6100
6581
6084
6101
6582
6085
6102
6583
6086
6103
6584
6087
6104
6585
9279
9280
9281
9282
6088
6105
6586
9286
9287
9288
9289
6089
6106
6587
13590
13591
13592
13593
6090
6107
6588
13597
13598
13599
13600
6091
6108
6589
13604
13605
13606
13607
6092
6109
6590
13611
13612
13613
13614
6093
6110
6591
13618
13619
13620
13621
6094
6111
6592
13625
13626
13627
13628
6095
6112
6593
13632
13633
13634
13635
6096
6113
6594
13639
13640
13641
13642
6114
6595
13646
13647
13648
13649
6098
6115
6596
6099
6116
6597
6100
6117
6598
6101
6118
6599
6102
6119
6600
6103
6120
6601
6104
6121
6602
6105
6122
6603
30885
30886
30887
30888
6106
6123
6604
9293
9294
9295
9296
6107
6124
6605
9300
9301
9302
9303
6108
6125
6606
13653
13654
13655
13656
6109
6126
6607
13660
13661
13662
13663
6110
6127
6608
13667
13668
13669
13670
6111
6128
6609
13674
13675
13676
13677
6112
6129
6610
13681
13682
13683
13684
6113
6130
6611
13688
13689
13690
13691
6114
6131
6612
13695
13696
13697
13698
6132
6613
13702
13703
13704
13705
6116
6133
6614
6117
6134
6615
6118
6135
6616
6119
6136
6617
6120
6137
6618
6121
6138
6619
6122
6139
6620
6123
6140
6621
6124
6141
6622
30892
30893
30894
30895
6125
6142
6623
9307
9308
9309
9310
6126
6143
6624
13709
13710
13711
13712
6127
6144
6625
13716
13717
13718
13719
6128
6145
6626
13723
13724
13725
13726
6129
6146
6627
13730
13731
13732
13733
6130
6147
6628
13737
13738
13739
13740
6131
6148
6629
13744
13745
13746
13747
6132
6149
6630
13751
13752
13753
13754
6150
6631
13758
13759
13760
13761
6134
6151
6632
6135
6152
6633
6136
6153
6634
6137
6154
6635
6138
6155
6636
6139
6156
6637
6140
6157
6638
6141
6158
6639
6142
6159
6640
6143
6160
6641
9314
9315
9316
9317
6144
6161
6642
9321
9322
9323
9324
6145
6162
6643
9328
9329
9330
9331
6146
6163
6644
13765
13766
13767
13768
6147
6164
6645
13772
13773
13774
13775
6148
6165
6646
13779
13780
13781
13782
6149
6166
6647
13786
13787
13788
13789
6150
6167
6648
13793
13794
13795
13796
6168
6649
13799
13800
13801
13802
6152
6169
6650
6153
6170
6651
6154
6171
6652
6155
6172
6653
6156
6173
6654
6157
6174
6655
6158
6175
6656
6159
6176
6657
6160
6177
6658
6161
6178
6659
6162
6179
6660
30899
30900
30901
30902
6163
6180
6661
9335
9336
9337
9338
6164
6181
6662
9342
9343
9344
9345
6165
6182
6663
9349
9350
9351
9352
6166
6183
6664
9356
9357
9358
9359
6167
6184
6665
13806
13807
13808
13809
6168
6185
6666
9363
9364
9365
9366
6186
6667
9368
9369
9370
9371
6170
6187
6668
6171
6188
6669
6172
6189
6670
6173
6190
6671
6174
6191
6672
6175
6192
6673
6176
6193
6674
6177
6194
6675
6178
6195
6676
6179
6196
6677
6180
6197
6678
6181
6198
6679
6182
6199
6680
30906
30907
30908
30909
6183
6200
6681
30913
30914
30915
30916
6184
6201
6682
9375
9376
9377
9378
6185
6202
6683
9382
9383
9384
9385
6186
6203
6684
9389
9390
9391
9392
6204
6685
30917
30918
30919
30920
6188
6205
6686
6189
6206
6687
6190
6207
6688
6191
6208
6689
6192
6209
6690
6193
6210
6691
6194
6211
6692
6195
6212
6693
6196
6213
6694
6197
6214
6695
6198
6215
6696
6199
6216
6697
6200
6217
6698
6201
6218
6699
6202
6219
6700
6203
6220
6701
6204
6221
6702
6222
6703
6206
6223
6704
6207
6224
6705
6208
6225
6706
6209
6226
6707
6210
6227
6708
6211
6228
6709
6212
6229
6710
6213
6230
6711
6214
6231
6712
6215
6232
6713
6216
6233
6714
6217
6234
6715
6218
6235
6716
6219
6236
6717
6220
6237
6718
6221
6238
6719
6222
6239
6720
6240
6721
6224
6241
6722
6225
6242
6723
6226
6243
6724
6227
6244
6725
6228
6245
6726
6229
6246
6727
6230
6247
6728
6231
6248
6729
6232
6249
6730
6233
6250
6731
6234
6251
6732
6235
6252
6733
6236
6253
6734
6237
6254
6735
6238
6255
6736
6239
6256
6737
6240
6257
6738
6258
6739
6242
6259
6740
6243
6260
6741
6244
6261
6742
6245
6262
6743
6246
6263
6744
6247
6264
6745
6248
6265
6746
6249
6266
6747
6250
6267
6748
6251
6268
6749
6252
6269
6750
6253
6270
6751
6254
6271
6752
6255
6272
6753
6256
6273
6754
6257
6274
6755
6258
6275
6756
6276
6757
6260
6758
6261
6759
6262
6760
6263
6761
6264
6762
6265
6763
6266
6764
6267
6765
6268
6766
6269
6767
6270
6768
6271
6769
6272
6770
6273
6771
6274
6772
6275
6773
6276
6774
6775
6278
6296
6776
6279
6297
6777
6280
6298
6778
6281
6299
6779
6282
6300
6780
6283
6301
6781
6284
6302
6782
6285
6303
6783
6286
6304
6784
6287
6305
6785
6288
6306
6786
6289
6307
6787
6290
6308
6788
6291
6309
6789
6292
6310
6790
6293
6311
6791
6294
6312
6792
6295
6313
6793
6314
6794
6297
6315
6795
6298
6316
6796
6299
6317
6797
6300
6318
6798
6301
6319
6799
6302
6320
6800
6303
6321
6801
6304
6322
6802
6305
6323
6803
6306
6324
6804
6307
6325
6805
6308
6326
6806
6309
6327
6807
6310
6328
6808
6311
6329
6809
6312
6330
6810
6313
6331
6811
6314
6332
6812
6333
6813
6316
6334
6814
6317
6335
6815
6318
6336
6816
6319
6337
6817
6320
6338
6818
6321
6339
6819
6322
6340
6820
6323
6341
6821
6324
6342
6822
6325
6343
6823
6326
6344
6824
6327
6345
6825
6328
6346
6826
6329
6347
6827
6330
6348
6828
6331
6349
6829
6332
6350
6830
6333
6351
6831
6352
6832
6335
6353
6833
6336
6354
6834
6337
6355
6835
6338
6356
6836
6339
6357
6837
6340
6358
6838
6341
6359
6839
6342
6360
6840
6343
6361
6841
6344
6362
6842
6345
6363
6843
6346
6364
6844
6347
6365
6845
6348
6366
6846
6349
6367
6847
6350
6368
6848
6351
6369
6849
6352
6370
6850
6371
6851
6354
6372
6852
6355
6373
6853
6356
6374
6854
6357
6375
6855
6358
6376
6856
6359
6377
6857
6360
6378
6858
6361
6379
6859
6362
6380
6860
6363
6381
6861
6364
6382
6862
6365
6383
6863
6366
6384
6864
6367
6385
6865
6368
6386
6866
6369
6387
6867
6370
6388
6868
6371
6389
6869
6390
6870
6373
6391
6871
6374
6392
6872
6375
6393
6873
6376
6394
6874
6377
6395
6875
6378
6396
6876
6379
6397
6877
6380
6398
6878
6381
6399
6879
6382
6400
6880
6383
6401
6881
6384
6402
6882
6385
6403
6883
6386
6404
6884
6387
6405
6885
6388
6406
6886
6389
6407
6887
6390
6408
6888
6409
6889
6392
6410
6890
6393
6411
6891
6394
6412
6892
6395
6413
6893
6396
6414
6894
6397
6415
6895
6398
6416
6896
6399
6417
6897
6400
6418
6898
6401
6419
6899
6402
6420
6900
6403
6421
6901
6404
6422
6902
6405
6423
6903
6406
6424
6904
6407
6425
6905
6408
6426
6906
6409
6427
6907
6428
6908
6411
6429
6909
6412
6430
6910
6413
6431
6911
6414
6432
6912
6415
6433
6913
6416
6434
6914
6417
6435
6915
6418
6436
6916
6419
6437
6917
6420
6438
6918
6421
6439
6919
6422
6440
6920
6423
6441
6921
6424
6442
6922
6425
6443
6923
6426
6444
6924
6427
6445
6925
6428
6446
6926
6447
6927
6430
6448
6928
6431
6449
6929
6432
6450
6930
6433
6451
6931
6434
6452
6932
6435
6453
6933
6436
6454
6934
6437
6455
6935
6438
6456
6936
6439
6457
6937
6440
6458
6938
6441
6459
6939
6442
6460
6940
6443
6461
6941
6444
6462
6942
6445
6463
6943
6446
6464
6944
6447
6465
6945
6466
6946
6449
6467
6947
6450
6468
6948
6451
6469
6949
6452
6470
6950
6453
6471
6951
6454
6472
6952
6455
6473
6953
6456
6474
6954
6457
6475
6955
6458
6476
6956
6459
6477
6957
6460
6478
6958
6461
6479
6959
6462
6480
6960
6463
6481
6961
6464
6482
6962
6465
6483
6963
6466
6484
6964
6485
6965
6468
6486
6966
6469
6487
6967
6470
6488
6968
6471
6489
6969
6472
6490
6970
6473
6491
6971
6474
6492
6972
6475
6493
6973
6476
6494
6974
6477
6495
6975
6478
6496
6976
6479
6497
6977
6480
6498
6978
6481
6499
6979
6482
6500
6980
6483
6501
6981
6484
6502
6982
6485
6503
6983
6504
6984
6487
6505
6985
6488
6506
6986
6489
6507
6987
6490
6508
6988
6491
6509
6989
6492
6510
6990
6493
6511
6991
6494
6512
6992
6495
6513
6993
6496
6514
6994
6497
6515
6995
6498
6516
6996
6499
6517
6997
6500
6518
6998
6501
6519
6999
6502
6520
7000
6503
6521
7001
6504
6522
7002
6523
7003
6506
6524
7004
6507
6525
7005
6508
6526
7006
6509
6527
7007
6510
6528
7008
6511
6529
7009
6512
6530
7010
6513
6531
7011
6514
6532
7012
6515
6533
7013
6516
6534
7014
6517
6535
7015
6518
6536
7016
6519
6537
7017
6520
6538
7018
6521
6539
7019
6522
6540
7020
6523
6541
7021
7022
6525
6542
7023
6526
6543
7024
6527
6544
7025
6528
6545
7026
6529
6546
7027
6530
6547
7028
6531
6548
7029
6532
6549
7030
6533
6550
7031
6534
6551
7032
6535
6552
7033
6536
6553
7034
6537
6554
7035
6538
6555
7036
6539
6556
7037
6540
6557
7038
6541
6558
7039
6559
7040
6543
6560
7041
6544
6561
7042
6545
6562
7043
6546
6563
7044
6547
6564
7045
6548
6565
7046
6549
6566
7047
6550
6567
7048
6551
6568
7049
6552
6569
7050
6553
6570
7051
6554
6571
7052
6555
6572
7053
6556
6573
7054
6557
6574
7055
6558
6575
7056
6559
6576
7057
6577
7058
6561
6578
7059
6562
6579
7060
6563
6580
7061
6564
6581
7062
6565
6582
7063
6566
6583
7064
6567
6584
7065
6568
6585
7066
6569
6586
7067
6570
6587
7068
6571
6588
7069
6572
6589
7070
6573
6590
7071
6574
6591
7072
6575
6592
7073
6576
6593
7074
6577
6594
7075
6595
7076
6579
6596
7077
6580
6597
7078
6581
6598
7079
6582
6599
7080
6583
6600
7081
6584
6601
7082
6585
6602
7083
6586
6603
7084
6587
6604
7085
6588
6605
7086
6589
6606
7087
6590
6607
7088
6591
6608
7089
6592
6609
7090
6593
6610
7091
6594
6611
7092
6595
6612
7093
6613
7094
6597
6614
7095
6598
6615
7096
6599
6616
7097
6600
6617
7098
6601
6618
7099
6602
6619
7100
6603
6620
7101
6604
6621
7102
6605
6622
7103
6606
6623
7104
6607
6624
7105
6608
6625
7106
6609
6626
7107
6610
6627
7108
6611
6628
7109
6612
6629
7110
6613
6630
7111
6631
7112
6615
6632
7113
6616
6633
7114
6617
6634
7115
6618
6635
7116
6619
6636
7117
6620
6637
7118
6621
6638
7119
6622
6639
7120
6623
6640
7121
6624
6641
7122
6625
6642
7123
6626
6643
7124
6627
6644
7125
6628
6645
7126
6629
6646
7127
6630
6647
7128
6631
6648
7129
6649
7130
6633
6650
7131
6634
6651
7132
6635
6652
7133
6636
6653
7134
6637
6654
7135
6638
6655
7136
6639
6656
7137
6640
6657
7138
6641
6658
7139
6642
6659
7140
6643
6660
7141
6644
6661
7142
6645
6662
7143
6646
6663
7144
6647
6664
7145
6648
6665
7146
6649
6666
7147
6667
7148
6651
6668
7149
6652
6669
7150
6653
6670
7151
6654
6671
7152
6655
6672
7153
6656
6673
7154
6657
6674
7155
6658
6675
7156
6659
6676
7157
6660
6677
7158
6661
6678
7159
6662
6679
7160
6663
6680
7161
6664
6681
7162
6665
6682
7163
6666
6683
7164
6667
6684
7165
6685
7166
6669
6686
7167
6670
6687
7168
6671
6688
7169
6672
6689
7170
6673
6690
7171
6674
6691
7172
6675
6692
7173
6676
6693
7174
6677
6694
7175
6678
6695
7176
6679
6696
7177
6680
6697
7178
6681
6698
7179
6682
6699
7180
6683
6700
7181
6684
6701
7182
6685
6702
7183
6703
7184
6687
6704
7185
6688
6705
7186
6689
6706
7187
6690
6707
7188
6691
6708
7189
6692
6709
7190
6693
6710
7191
6694
6711
7192
6695
6712
7193
6696
6713
7194
6697
6714
7195
6698
6715
7196
6699
6716
7197
6700
6717
7198
6701
6718
7199
6702
6719
7200
6703
6720
7201
6721
7202
6705
6722
7203
6706
6723
7204
6707
6724
7205
6708
6725
7206
6709
6726
7207
6710
6727
7208
6711
6728
7209
6712
6729
7210
6713
6730
7211
6714
6731
7212
6715
6732
7213
6716
6733
7214
6717
6734
7215
6718
6735
7216
6719
6736
7217
6720
6737
7218
6721
6738
7219
6739
7220
6723
6740
7221
6724
6741
7222
6725
6742
7223
6726
6743
7224
6727
6744
7225
6728
6745
7226
6729
6746
7227
6730
6747
7228
6731
6748
7229
6732
6749
7230
6733
6750
7231
6734
6751
7232
6735
6752
7233
6736
6753
7234
6737
6754
7235
6738
6755
7236
6739
6756
7237
6757
7238
6741
6758
7239
6742
6759
7240
6743
6760
7241
6744
6761
7242
6745
6762
7243
6746
6763
7244
6747
6764
7245
6748
6765
7246
6749
6766
7247
6750
6767
7248
6751
6768
7249
6752
6769
7250
6753
6770
7251
6754
6771
7252
6755
6772
7253
6756
6773
7254
6757
6774
7255
6775
7256
6759
7257
6760
7258
6761
7259
6762
7260
6763
7261
6764
7262
6765
7263
6766
7264
6767
7265
6768
7266
6769
7267
6770
7268
6771
7269
6772
7270
6773
7271
6774
7272
6775
7273
7274
6777
6795
7275
6778
6796
7276
6779
6797
7277
6780
6798
7278
6781
6799
7279
6782
6800
7280
6783
6801
7281
6784
6802
7282
6785
6803
7283
6786
6804
7284
6787
6805
7285
6788
6806
7286
6789
6807
7287
6790
6808
7288
6791
6809
7289
6792
6810
7290
6793
6811
7291
6794
6812
7292
6813
7293
6796
6814
7294
6797
6815
7295
6798
6816
7296
6799
6817
7297
6800
6818
7298
6801
6819
7299
6802
6820
7300
6803
6821
7301
6804
6822
7302
6805
6823
7303
6806
6824
7304
6807
6825
7305
6808
6826
7306
6809
6827
7307
6810
6828
7308
6811
6829
7309
6812
6830
7310
6813
6831
7311
6832
7312
6815
6833
7313
6816
6834
7314
6817
6835
7315
6818
6836
7316
6819
6837
7317
6820
6838
7318
6821
6839
7319
6822
6840
7320
6823
6841
7321
6824
6842
7322
6825
6843
7323
6826
6844
7324
6827
6845
7325
6828
6846
7326
6829
6847
7327
6830
6848
7328
6831
6849
7329
6832
6850
7330
6851
7331
6834
6852
7332
6835
6853
7333
6836
6854
7334
6837
6855
7335
6838
6856
7336
6839
6857
7337
6840
6858
7338
6841
6859
7339
6842
6860
7340
6843
6861
7341
6844
6862
7342
6845
6863
7343
6846
6864
7344
6847
6865
7345
6848
6866
7346
6849
6867
7347
6850
6868
7348
6851
6869
7349
6870
7350
6853
6871
7351
6854
6872
7352
6855
6873
7353
6856
6874
7354
6857
6875
7355
6858
6876
7356
6859
6877
7357
6860
6878
7358
6861
6879
7359
6862
6880
7360
6863
6881
7361
6864
6882
7362
6865
6883
7363
6866
6884
7364
6867
6885
7365
6868
6886
7366
6869
6887
7367
6870
6888
7368
6889
7369
6872
6890
7370
6873
6891
7371
6874
6892
7372
6875
6893
7373
6876
6894
7374
6877
6895
7375
6878
6896
7376
6879
6897
7377
6880
6898
7378
6881
6899
7379
6882
6900
7380
6883
6901
7381
6884
6902
7382
6885
6903
7383
6886
6904
7384
6887
6905
7385
6888
6906
7386
6889
6907
7387
6908
7388
6891
6909
7389
6892
6910
7390
6893
6911
7391
6894
6912
7392
6895
6913
7393
6896
6914
7394
6897
6915
7395
6898
6916
7396
6899
6917
7397
6900
6918
7398
6901
6919
7399
6902
6920
7400
6903
6921
7401
6904
6922
7402
6905
6923
7403
6906
6924
7404
6907
6925
7405
6908
6926
7406
6927
7407
6910
6928
7408
6911
6929
7409
6912
6930
7410
6913
6931
7411
6914
6932
7412
6915
6933
7413
6916
6934
7414
6917
6935
7415
6918
6936
7416
6919
6937
7417
6920
6938
7418
6921
6939
7419
6922
6940
7420
6923
6941
7421
6924
6942
7422
6925
6943
7423
6926
6944
7424
6927
6945
7425
6946
7426
6929
6947
7427
6930
6948
7428
6931
6949
7429
6932
6950
7430
6933
6951
7431
6934
6952
7432
6935
6953
7433
6936
6954
7434
6937
6955
7435
6938
6956
7436
6939
6957
7437
6940
6958
7438
6941
6959
7439
6942
6960
7440
6943
6961
7441
6944
6962
7442
6945
6963
7443
6946
6964
7444
6965
7445
6948
6966
7446
6949
6967
7447
6950
6968
7448
6951
6969
7449
6952
6970
7450
6953
6971
7451
6954
6972
7452
6955
6973
7453
6956
6974
7454
6957
6975
7455
6958
6976
7456
6959
6977
7457
6960
6978
7458
6961
6979
7459
6962
6980
7460
6963
6981
7461
6964
6982
7462
6965
6983
7463
6984
7464
6967
6985
7465
6968
6986
7466
6969
6987
7467
6970
6988
7468
6971
6989
7469
6972
6990
7470
6973
6991
7471
6974
6992
7472
6975
6993
7473
6976
6994
7474
6977
6995
7475
6978
6996
7476
6979
6997
7477
6980
6998
7478
6981
6999
7479
6982
7000
7480
6983
7001
7481
6984
7002
7482
7003
7483
6986
7004
7484
6987
7005
7485
6988
7006
7486
6989
7007
7487
6990
7008
7488
6991
7009
7489
6992
7010
7490
6993
7011
7491
6994
7012
7492
6995
7013
7493
6996
7014
7494
6997
7015
7495
6998
7016
7496
6999
7017
7497
7000
7018
7498
7001
7019
7499
7002
7020
7500
7003
7021
7501
7022
7502
7005
7023
7503
7006
7024
7504
7007
7025
7505
7008
7026
7506
7009
7027
7507
7010
7028
7508
7011
7029
7509
7012
7030
7510
7013
7031
7511
7014
7032
7512
7015
7033
7513
7016
7034
7514
7017
7035
7515
7018
7036
7516
7019
7037
7517
7020
7038
7518
7021
7039
7519
7022
7040
7520
7521
7024
7041
7522
7025
7042
7523
7026
7043
7524
7027
7044
7525
7028
7045
7526
7029
7046
7527
7030
7047
7528
7031
7048
7529
7032
7049
7530
7033
7050
7531
7034
7051
7532
7035
7052
7533
7036
7053
7534
7037
7054
7535
7038
7055
7536
7039
7056
7537
7040
7057
7538
7058
7539
7042
7059
7540
7043
7060
7541
7044
7061
7542
7045
7062
7543
7046
7063
7544
7047
7064
7545
7048
7065
7546
7049
7066
7547
7050
7067
7548
7051
7068
7549
7052
7069
7550
7053
7070
7551
7054
7071
7552
7055
7072
7553
7056
7073
7554
7057
7074
7555
7058
7075
7556
7076
7557
7060
7077
7558
7061
7078
7559
7062
7079
7560
7063
7080
7561
7064
7081
7562
7065
7082
7563
7066
7083
7564
7067
7084
7565
7068
7085
7566
7069
7086
7567
7070
7087
7568
7071
7088
7569
7072
7089
7570
7073
7090
7571
7074
7091
7572
7075
7092
7573
7076
7093
7574
7094
7575
7078
7095
7576
7079
7096
7577
7080
7097
7578
7081
7098
7579
7082
7099
7580
7083
7100
7581
7084
7101
7582
7085
7102
7583
7086
7103
7584
7087
7104
7585
7088
7105
7586
7089
7106
7587
7090
7107
7588
7091
7108
7589
7092
7109
7590
7093
7110
7591
7094
7111
7592
7112
7593
7096
7113
7594
7097
7114
7595
7098
7115
7596
7099
7116
7597
7100
7117
7598
7101
7118
7599
7102
7119
7600
7103
7120
7601
7104
7121
7602
7105
7122
7603
7106
7123
7604
7107
7124
7605
7108
7125
7606
7109
7126
7607
7110
7127
7608
7111
7128
7609
7112
7129
7610
7130
7611
7114
7131
7612
7115
7132
7613
7116
7133
7614
7117
7134
7615
7118
7135
7616
7119
7136
7617
7120
7137
7618
7121
7138
7619
7122
7139
7620
7123
7140
7621
7124
7141
7622
7125
7142
7623
7126
7143
7624
7127
7144
7625
7128
7145
7626
7129
7146
7627
7130
7147
7628
7148
7629
7132
7149
7630
7133
7150
7631
7134
7151
7632
7135
7152
7633
7136
7153
7634
7137
7154
7635
7138
7155
7636
7139
7156
7637
7140
7157
7638
7141
7158
7639
7142
7159
7640
7143
7160
7641
7144
7161
7642
7145
7162
7643
7146
7163
7644
7147
7164
7645
7148
7165
7646
7166
7647
7150
7167
7648
7151
7168
7649
7152
7169
7650
7153
7170
7651
7154
7171
7652
7155
7172
7653
7156
7173
7654
7157
7174
7655
7158
7175
7656
7159
7176
7657
7160
7177
7658
7161
7178
7659
7162
7179
7660
7163
7180
7661
7164
7181
7662
7165
7182
7663
7166
7183
7664
7184
7665
7168
7185
7666
7169
7186
7667
7170
7187
7668
7171
7188
7669
7172
7189
7670
7173
7190
7671
7174
7191
7672
7175
7192
7673
7176
7193
7674
7177
7194
7675
7178
7195
7676
7179
7196
7677
7180
7197
7678
7181
7198
7679
7182
7199
7680
7183
7200
7681
7184
7201
7682
7202
7683
7186
7203
7684
7187
7204
7685
7188
7205
7686
7189
7206
7687
7190
7207
7688
7191
7208
7689
7192
7209
7690
7193
7210
7691
7194
7211
7692
7195
7212
7693
7196
7213
7694
7197
7214
7695
7198
7215
7696
7199
7216
7697
7200
7217
7698
7201
7218
7699
7202
7219
7700
7220
7701
7204
7221
7702
7205
7222
7703
7206
7223
7704
7207
7224
7705
7208
7225
7706
7209
7226
7707
7210
7227
7708
7211
7228
7709
7212
7229
7710
7213
7230
7711
7214
7231
7712
7215
7232
7713
7216
7233
7714
7217
7234
7715
7218
7235
7716
7219
7236
7717
7220
7237
7718
7238
7719
7222
7239
7720
7223
7240
7721
7224
7241
7722
7225
7242
7723
7226
7243
7724
7227
7244
7725
7228
7245
7726
7229
7246
7727
7230
7247
7728
7231
7248
7729
7232
7249
7730
7233
7250
7731
7234
7251
7732
7235
7252
7733
7236
7253
7734
7237
7254
7735
7238
7255
7736
7256
7737
7240
7257
7738
7241
7258
7739
7242
7259
7740
7243
7260
7741
7244
7261
7742
7245
7262
7743
7246
7263
7744
7247
7264
7745
7248
7265
7746
7249
7266
7747
7250
7267
7748
7251
7268
7749
7252
7269
7750
7253
7270
7751
7254
7271
7752
7255
7272
7753
7256
7273
7754
7274
7755
7258
7756
7259
7757
7260
7758
7261
7759
7262
7760
7263
7761
7264
7762
7265
7763
7266
7764
7267
7765
7268
7766
7269
7767
7270
7768
7271
7769
7272
7770
7273
7771
7274
7772
7773
7276
7294
7774
7277
7295
7775
7278
7296
7776
7279
7297
7777
7280
7298
7778
7281
7299
7779
7282
7300
7780
7283
7301
7781
7284
7302
7782
7285
7303
7783
7286
7304
7784
7287
7305
7785
7288
7306
7786
7289
7307
7787
7290
7308
7788
7291
7309
7789
7292
7310
7790
7293
7311
7791
7312
7792
7295
7313
7793
7296
7314
7794
7297
7315
7795
7298
7316
7796
7299
7317
7797
7300
7318
7798
7301
7319
7799
7302
7320
7800
7303
7321
7801
7304
7322
7802
7305
7323
7803
7306
7324
7804
7307
7325
7805
7308
7326
7806
7309
7327
7807
7310
7328
7808
7311
7329
7809
7312
7330
7810
7331
7811
7314
7332
7812
7315
7333
7813
7316
7334
7814
7317
7335
7815
7318
7336
7816
7319
7337
7817
7320
7338
7818
7321
7339
7819
7322
7340
7820
7323
7341
7821
7324
7342
7822
7325
7343
7823
7326
7344
7824
7327
7345
7825
7328
7346
7826
7329
7347
7827
7330
7348
7828
7331
7349
7829
7350
7830
7333
7351
7831
7334
7352
7832
7335
7353
7833
7336
7354
7834
7337
7355
7835
7338
7356
7836
7339
7357
7837
7340
7358
7838
7341
7359
7839
7342
7360
7840
7343
7361
7841
7344
7362
7842
7345
7363
7843
7346
7364
7844
7347
7365
7845
7348
7366
7846
7349
7367
7847
7350
7368
7848
7369
7849
7352
7370
7850
7353
7371
7851
7354
7372
7852
7355
7373
7853
7356
7374
7854
7357
7375
7855
7358
7376
7856
7359
7377
7857
7360
7378
7858
7361
7379
7859
7362
7380
7860
7363
7381
7861
7364
7382
7862
7365
7383
7863
7366
7384
7864
7367
7385
7865
7368
7386
7866
7369
7387
7867
7388
7868
7371
7389
7869
7372
7390
7870
7373
7391
7871
7374
7392
7872
7375
7393
7873
7376
7394
7874
7377
7395
7875
7378
7396
7876
7379
7397
7877
7380
7398
7878
7381
7399
7879
7382
7400
7880
7383
7401
7881
7384
7402
7882
7385
7403
7883
7386
7404
7884
7387
7405
7885
7388
7406
7886
7407
7887
7390
7408
7888
7391
7409
7889
7392
7410
7890
7393
7411
7891
7394
7412
7892
7395
7413
7893
7396
7414
7894
7397
7415
7895
7398
7416
7896
7399
7417
7897
7400
7418
7898
7401
7419
7899
7402
7420
7900
7403
7421
7901
7404
7422
7902
7405
7423
7903
7406
7424
7904
7407
7425
7905
7426
7906
7409
7427
7907
7410
7428
7908
7411
7429
7909
7412
7430
7910
7413
7431
7911
7414
7432
7912
7415
7433
7913
7416
7434
7914
7417
7435
7915
7418
7436
7916
7419
7437
7917
7420
7438
7918
7421
7439
7919
7422
7440
7920
7423
7441
7921
7424
7442
7922
7425
7443
7923
7426
7444
7924
7445
7925
7428
7446
7926
7429
7447
7927
7430
7448
7928
7431
7449
7929
7432
7450
7930
7433
7451
7931
7434
7452
7932
7435
7453
7933
7436
7454
7934
7437
7455
7935
7438
7456
7936
7439
7457
7937
7440
7458
7938
7441
7459
7939
7442
7460
7940
7443
7461
7941
7444
7462
7942
7445
7463
7943
7464
7944
7447
7465
7945
7448
7466
7946
7449
7467
7947
7450
7468
7948
7451
7469
7949
7452
7470
7950
7453
7471
7951
7454
7472
7952
7455
7473
7953
7456
7474
7954
7457
7475
7955
7458
7476
7956
7459
7477
7957
7460
7478
7958
7461
7479
7959
7462
7480
7960
7463
7481
7961
7464
7482
7962
7483
7963
7466
7484
7964
7467
7485
7965
7468
7486
7966
7469
7487
7967
7470
7488
7968
7471
7489
7969
7472
7490
7970
7473
7491
7971
7474
7492
7972
7475
7493
7973
7476
7494
7974
7477
7495
7975
7478
7496
7976
7479
7497
7977
7480
7498
7978
7481
7499
7979
7482
7500
7980
7483
7501
7981
7502
7982
7485
7503
7983
7486
7504
7984
7487
7505
7985
7488
7506
7986
7489
7507
7987
7490
7508
7988
7491
7509
7989
7492
7510
7990
7493
7511
7991
7494
7512
7992
7495
7513
7993
7496
7514
7994
7497
7515
7995
7498
7516
7996
7499
7517
7997
7500
7518
7998
7501
7519
7999
7502
7520
8000
7521
8001
7504
7522
8002
7505
7523
8003
7506
7524
8004
7507
7525
8005
7508
7526
8006
7509
7527
8007
7510
7528
8008
7511
7529
8009
7512
7530
8010
7513
7531
8011
7514
7532
8012
7515
7533
8013
7516
7534
8014
7517
7535
8015
7518
7536
8016
7519
7537
8017
7520
7538
8018
7521
7539
8019
8020
7523
7540
8021
7524
7541
8022
7525
7542
8023
7526
7543
8024
7527
7544
8025
7528
7545
8026
7529
7546
8027
7530
7547
8028
7531
7548
8029
7532
7549
8030
7533
7550
8031
7534
7551
8032
7535
7552
8033
7536
7553
8034
7537
7554
8035
7538
7555
8036
7539
7556
8037
7557
8038
7541
7558
8039
7542
7559
8040
7543
7560
8041
7544
7561
8042
7545
7562
8043
7546
7563
8044
7547
7564
8045
7548
7565
8046
7549
7566
8047
7550
7567
8048
7551
7568
8049
7552
7569
8050
7553
7570
8051
7554
7571
8052
7555
7572
8053
7556
7573
8054
7557
7574
8055
7575
8056
7559
7576
8057
7560
7577
8058
7561
7578
8059
7562
7579
8060
7563
7580
8061
7564
7581
8062
7565
7582
8063
7566
7583
8064
7567
7584
8065
7568
7585
8066
7569
7586
8067
7570
7587
8068
7571
7588
8069
7572
7589
8070
7573
7590
8071
7574
7591
8072
7575
7592
8073
7593
8074
7577
7594
8075
7578
7595
8076
7579
7596
8077
7580
7597
8078
7581
7598
8079
7582
7599
8080
7583
7600
8081
7584
7601
8082
7585
7602
8083
7586
7603
8084
7587
7604
8085
7588
7605
8086
7589
7606
8087
7590
7607
8088
7591
7608
8089
7592
7609
8090
7593
7610
8091
7611
8092
7595
7612
8093
7596
7613
8094
7597
7614
8095
7598
7615
8096
7599
7616
8097
7600
7617
8098
7601
7618
8099
7602
7619
8100
7603
7620
8101
7604
7621
8102
7605
7622
8103
7606
7623
8104
7607
7624
8105
7608
7625
8106
7609
7626
8107
7610
7627
8108
7611
7628
8109
7629
8110
7613
7630
8111
7614
7631
8112
7615
7632
8113
7616
7633
8114
7617
7634
8115
7618
7635
8116
7619
7636
8117
7620
7637
8118
7621
7638
8119
7622
7639
8120
7623
7640
8121
7624
7641
8122
7625
7642
8123
7626
7643
8124
7627
7644
8125
7628
7645
8126
7629
7646
8127
7647
8128
7631
7648
8129
7632
7649
8130
7633
7650
8131
7634
7651
8132
7635
7652
8133
7636
7653
8134
7637
7654
8135
7638
7655
8136
7639
7656
8137
7640
7657
8138
7641
7658
8139
7642
7659
8140
7643
7660
8141
7644
7661
8142
7645
7662
8143
7646
7663
8144
7647
7664
8145
7665
8146
7649
7666
8147
7650
7667
8148
7651
7668
8149
7652
7669
8150
7653
7670
8151
7654
7671
8152
7655
7672
8153
7656
7673
8154
7657
7674
8155
7658
7675
8156
7659
7676
8157
7660
7677
8158
7661
7678
8159
7662
7679
8160
7663
7680
8161
7664
7681
8162
7665
7682
8163
7683
8164
7667
7684
8165
7668
7685
8166
7669
7686
8167
7670
7687
8168
7671
7688
8169
7672
7689
8170
7673
7690
8171
7674
7691
8172
7675
7692
8173
7676
7693
8174
7677
7694
8175
7678
7695
8176
7679
7696
8177
7680
7697
8178
7681
7698
8179
7682
7699
8180
7683
7700
8181
7701
8182
7685
7702
8183
7686
7703
8184
7687
7704
8185
7688
7705
8186
7689
7706
8187
7690
7707
8188
7691
7708
8189
7692
7709
8190
7693
7710
8191
7694
7711
8192
7695
7712
8193
7696
7713
8194
7697
7714
8195
7698
7715
8196
7699
7716
8197
7700
7717
8198
7701
7718
8199
7719
8200
7703
7720
8201
7704
7721
8202
7705
7722
8203
7706
7723
8204
7707
7724
8205
7708
7725
8206
7709
7726
8207
7710
7727
8208
7711
7728
8209
7712
7729
8210
7713
7730
8211
7714
7731
8212
7715
7732
8213
7716
7733
8214
7717
7734
8215
7718
7735
8216
7719
7736
8217
7737
8218
7721
7738
8219
7722
7739
8220
7723
7740
8221
7724
7741
8222
7725
7742
8223
7726
7743
8224
7727
7744
8225
7728
7745
8226
7729
7746
8227
7730
7747
8228
7731
7748
8229
7732
7749
8230
7733
7750
8231
7734
7751
8232
7735
7752
8233
7736
7753
8234
7737
7754
8235
7755
8236
7739
7756
8237
7740
7757
8238
7741
7758
8239
7742
7759
8240
7743
7760
8241
7744
7761
8242
7745
7762
8243
7746
7763
8244
7747
7764
8245
7748
7765
8246
7749
7766
8247
7750
7767
8248
7751
7768
8249
7752
7769
8250
7753
7770
8251
7754
7771
8252
7755
7772
8253
7773
8254
7757
8255
7758
8256
7759
8257
7760
8258
7761
8259
7762
8260
7763
8261
7764
8262
7765
8263
7766
8264
7767
8265
7768
8266
7769
8267
7770
8268
7771
8269
7772
8270
7773
8271
8272
7775
7793
8273
7776
7794
8274
7777
7795
8275
7778
7796
8276
7779
7797
8277
7780
7798
8278
7781
7799
8279
7782
7800
8280
7783
7801
8281
7784
7802
8282
7785
7803
8283
7786
7804
8284
7787
7805
8285
7788
7806
8286
7789
7807
8287
7790
7808
8288
7791
7809
8289
7792
7810
8290
7811
8291
7794
7812
8292
7795
7813
8293
7796
7814
8294
7797
7815
8295
7798
7816
8296
7799
7817
8297
7800
7818
8298
7801
7819
8299
7802
7820
8300
7803
7821
8301
7804
7822
8302
7805
7823
8303
7806
7824
8304
7807
7825
8305
7808
7826
8306
7809
7827
8307
7810
7828
8308
7811
7829
8309
7830
8310
7813
7831
8311
7814
7832
8312
7815
7833
8313
7816
7834
8314
7817
7835
8315
7818
7836
8316
7819
7837
8317
7820
7838
8318
7821
7839
8319
7822
7840
8320
7823
7841
8321
7824
7842
8322
7825
7843
8323
7826
7844
8324
7827
7845
8325
7828
7846
8326
7829
7847
8327
7830
7848
8328
7849
8329
7832
7850
8330
7833
7851
8331
7834
7852
8332
7835
7853
8333
7836
7854
8334
7837
7855
8335
7838
7856
8336
7839
7857
8337
7840
7858
8338
7841
7859
8339
7842
7860
8340
7843
7861
8341
7844
7862
8342
7845
7863
8343
7846
7864
8344
7847
7865
8345
7848
7866
8346
7849
7867
8347
7868
8348
7851
7869
8349
7852
7870
8350
7853
7871
8351
7854
7872
8352
7855
7873
8353
7856
7874
8354
7857
7875
8355
7858
7876
8356
7859
7877
8357
7860
7878
8358
7861
7879
8359
7862
7880
8360
7863
7881
8361
7864
7882
8362
7865
7883
8363
7866
7884
8364
7867
7885
8365
7868
7886
8366
7887
8367
7870
7888
8368
7871
7889
8369
7872
7890
8370
7873
7891
8371
7874
7892
8372
7875
7893
8373
7876
7894
8374
7877
7895
8375
7878
7896
8376
7879
7897
8377
7880
7898
8378
7881
7899
8379
7882
7900
8380
7883
7901
8381
7884
7902
8382
7885
7903
8383
7886
7904
8384
7887
7905
8385
7906
8386
7889
7907
8387
7890
7908
8388
7891
7909
8389
7892
7910
8390
7893
7911
8391
7894
7912
8392
7895
7913
8393
7896
7914
8394
7897
7915
8395
7898
7916
8396
7899
7917
8397
7900
7918
8398
7901
7919
8399
7902
7920
8400
7903
7921
8401
7904
7922
8402
7905
7923
8403
7906
7924
8404
7925
8405
7908
7926
8406
7909
7927
8407
7910
7928
8408
7911
7929
8409
7912
7930
8410
7913
7931
8411
7914
7932
8412
7915
7933
8413
7916
7934
8414
7917
7935
8415
7918
7936
8416
7919
7937
8417
7920
7938
8418
7921
7939
8419
7922
7940
8420
7923
7941
8421
7924
7942
8422
7925
7943
8423
7944
8424
7927
7945
8425
7928
7946
8426
7929
7947
8427
7930
7948
8428
7931
7949
8429
7932
7950
8430
7933
7951
8431
7934
7952
8432
7935
7953
8433
7936
7954
8434
7937
7955
8435
7938
7956
8436
7939
7957
8437
7940
7958
8438
7941
7959
8439
7942
7960
8440
7943
7961
8441
7944
7962
8442
7963
8443
7946
7964
8444
7947
7965
8445
7948
7966
8446
7949
7967
8447
7950
7968
8448
7951
7969
8449
7952
7970
8450
7953
7971
8451
7954
7972
8452
7955
7973
8453
7956
7974
8454
7957
7975
8455
7958
7976
8456
7959
7977
8457
7960
7978
8458
7961
7979
8459
7962
7980
8460
7963
7981
8461
7982
8462
7965
7983
8463
7966
7984
8464
7967
7985
8465
7968
7986
8466
7969
7987
8467
7970
7988
8468
7971
7989
8469
7972
7990
8470
7973
7991
8471
7974
7992
8472
7975
7993
8473
7976
7994
8474
7977
7995
8475
7978
7996
8476
7979
7997
8477
7980
7998
8478
7981
7999
8479
7982
8000
8480
8001
8481
7984
8002
8482
7985
8003
8483
7986
8004
8484
7987
8005
8485
7988
8006
8486
7989
8007
8487
7990
8008
8488
7991
8009
8489
7992
8010
8490
7993
8011
8491
7994
8012
8492
7995
8013
8493
7996
8014
8494
7997
8015
8495
7998
8016
8496
7999
8017
8497
8000
8018
8498
8001
8019
8499
8020
8500
8003
8021
8501
8004
8022
8502
8005
8023
8503
8006
8024
8504
8007
8025
8505
8008
8026
8506
8009
8027
8507
8010
8028
8508
8011
8029
8509
8012
8030
8510
8013
8031
8511
8014
8032
8512
8015
8033
8513
8016
8034
8514
8017
8035
8515
8018
8036
8516
8019
8037
8517
8020
8038
8518
8519
8022
8039
8520
8023
8040
8521
8024
8041
8522
8025
8042
8523
8026
8043
8524
8027
8044
8525
8028
8045
8526
8029
8046
8527
8030
8047
8528
8031
8048
8529
8032
8049
8530
8033
8050
8531
8034
8051
8532
8035
8052
8533
8036
8053
8534
8037
8054
8535
8038
8055
8536
8056
8537
8040
8057
8538
8041
8058
8539
8042
8059
8540
8043
8060
8541
8044
8061
8542
8045
8062
8543
8046
8063
8544
8047
8064
8545
8048
8065
8546
8049
8066
8547
8050
8067
8548
8051
8068
8549
8052
8069
8550
8053
8070
8551
8054
8071
8552
8055
8072
8553
8056
8073
8554
8074
8555
8058
8075
8556
8059
8076
8557
8060
8077
8558
8061
8078
8559
8062
8079
8560
8063
8080
8561
8064
8081
8562
8065
8082
8563
8066
8083
8564
8067
8084
8565
8068
8085
8566
8069
8086
8567
8070
8087
8568
8071
8088
8569
8072
8089
8570
8073
8090
8571
8074
8091
8572
8092
8573
8076
8093
8574
8077
8094
8575
8078
8095
8576
8079
8096
8577
8080
8097
8578
8081
8098
8579
8082
8099
8580
8083
8100
8581
8084
8101
8582
8085
8102
8583
8086
8103
8584
8087
8104
8585
8088
8105
8586
8089
8106
8587
8090
8107
8588
8091
8108
8589
8092
8109
8590
8110
8591
8094
8111
8592
8095
8112
8593
8096
8113
8594
8097
8114
8595
8098
8115
8596
8099
8116
8597
8100
8117
8598
8101
8118
8599
8102
8119
8600
8103
8120
8601
8104
8121
8602
8105
8122
8603
8106
8123
8604
8107
8124
8605
8108
8125
8606
8109
8126
8607
8110
8127
8608
8128
8609
8112
8129
8610
8113
8130
8611
8114
8131
8612
8115
8132
8613
8116
8133
8614
8117
8134
8615
8118
8135
8616
8119
8136
8617
8120
8137
8618
8121
8138
8619
8122
8139
8620
8123
8140
8621
8124
8141
8622
8125
8142
8623
8126
8143
8624
8127
8144
8625
8128
8145
8626
8146
8627
8130
8147
8628
8131
8148
8629
8132
8149
8630
8133
8150
8631
8134
8151
8632
8135
8152
8633
8136
8153
8634
8137
8154
8635
8138
8155
8636
8139
8156
8637
8140
8157
8638
8141
8158
8639
8142
8159
8640
8143
8160
8641
8144
8161
8642
8145
8162
8643
8146
8163
8644
8164
8645
8148
8165
8646
8149
8166
8647
8150
8167
8648
8151
8168
8649
8152
8169
8650
8153
8170
8651
8154
8171
8652
8155
8172
8653
8156
8173
8654
8157
8174
8655
8158
8175
8656
8159
8176
8657
8160
8177
8658
8161
8178
8659
8162
8179
8660
8163
8180
8661
8164
8181
8662
8182
8663
8166
8183
8664
8167
8184
8665
8168
8185
8666
8169
8186
8667
8170
8187
8668
8171
8188
8669
8172
8189
8670
8173
8190
8671
8174
8191
8672
8175
8192
8673
8176
8193
8674
8177
8194
8675
8178
8195
8676
8179
8196
8677
8180
8197
8678
8181
8198
8679
8182
8199
8680
8200
8681
8184
8201
8682
8185
8202
8683
8186
8203
8684
8187
8204
8685
8188
8205
8686
8189
8206
8687
8190
8207
8688
8191
8208
8689
8192
8209
8690
8193
8210
8691
8194
8211
8692
8195
8212
8693
8196
8213
8694
8197
8214
8695
8198
8215
8696
8199
8216
8697
8200
8217
8698
8218
8699
8202
8219
8700
8203
8220
8701
8204
8221
8702
8205
8222
8703
8206
8223
8704
8207
8224
8705
8208
8225
8706
8209
8226
8707
8210
8227
8708
8211
8228
8709
8212
8229
8710
8213
8230
8711
8214
8231
8712
8215
8232
8713
8216
8233
8714
8217
8234
8715
8218
8235
8716
8236
8717
8220
8237
8718
8221
8238
8719
8222
8239
8720
8223
8240
8721
8224
8241
8722
8225
8242
8723
8226
8243
8724
8227
8244
8725
8228
8245
8726
8229
8246
8727
8230
8247
8728
8231
8248
8729
8232
8249
8730
8233
8250
8731
8234
8251
8732
8235
8252
8733
8236
8253
8734
8254
8735
8238
8255
8736
8239
8256
8737
8240
8257
8738
8241
8258
8739
8242
8259
8740
8243
8260
8741
8244
8261
8742
8245
8262
8743
8246
8263
8744
8247
8264
8745
8248
8265
8746
8249
8266
8747
8250
8267
8748
8251
8268
8749
8252
8269
8750
8253
8270
8751
8254
8271
8752
8272
8753
8256
8754
8257
8755
8258
8756
8259
8757
8260
8758
8261
8759
8262
8760
8263
8761
8264
8762
8265
8763
8266
8764
8267
8765
8268
8766
8269
8767
8270
8768
8271
8769
8272
8770
8771
8274
8292
8275
8293
8276
8294
8277
8295
8278
8296
8279
8297
8280
8298
8281
8299
8282
8300
8283
8301
8284
8302
8285
8303
8286
8304
8287
8305
8288
8306
8289
8307
8290
8308
8291
8309
8310
8293
8311
8294
8312
8295
8313
8296
8314
8297
8315
8298
8316
8299
8317
8300
8318
8301
8319
8302
8320
8303
8321
8304
8322
8305
8323
8306
8324
8307
8325
8308
8326
8309
8327
8310
8328
8329
8312
8330
8313
8331
8314
8332
8315
8333
8316
8334
8317
8335
8318
8336
8319
8337
8320
8338
8321
8339
8322
8340
8323
8341
8324
8342
8325
8343
8326
8344
8327
8345
8328
8346
8329
8347
8348
8331
8349
8332
8350
8333
8351
8334
8352
8335
8353
8336
8354
8337
8355
8338
8356
8339
8357
8340
8358
8341
8359
8342
8360
8343
8361
8344
8362
8345
8363
8346
8364
8347
8365
8348
8366
8367
8350
8368
8351
8369
8352
8370
8353
8371
8354
8372
8355
8373
8356
8374
8357
8375
8358
8376
8359
8377
8360
8378
8361
8379
8362
8380
8363
8381
8364
8382
8365
8383
8366
8384
8367
8385
8386
8369
8387
8370
8388
8371
8389
8372
8390
8373
8391
8374
8392
8375
8393
8376
8394
8377
8395
8378
8396
8379
8397
8380
8398
8381
8399
8382
8400
8383
8401
8384
8402
8385
8403
8386
8404
8405
8388
8406
8389
8407
8390
8408
8391
8409
8392
8410
8393
8411
8394
8412
8395
8413
8396
8414
8397
8415
8398
8416
8399
8417
8400
8418
8401
8419
8402
8420
8403
8421
8404
8422
8405
8423
8424
8407
8425
8408
8426
8409
8427
8410
8428
8411
8429
8412
8430
8413
8431
8414
8432
8415
8433
8416
8434
8417
8435
8418
8436
8419
8437
8420
8438
8421
8439
8422
8440
8423
8441
8424
8442
8443
8426
8444
8427
8445
8428
8446
8429
8447
8430
8448
8431
8449
8432
8450
8433
8451
8434
8452
8435
8453
8436
8454
8437
8455
8438
8456
8439
8457
8440
8458
8441
8459
8442
8460
8443
8461
8462
8445
8463
8446
8464
8447
8465
8448
8466
8449
8467
8450
8468
8451
8469
8452
8470
8453
8471
8454
8472
8455
8473
8456
8474
8457
8475
8458
8476
8459
8477
8460
8478
8461
8479
8462
8480
8481
8464
8482
8465
8483
8466
8484
8467
8485
8468
8486
8469
8487
8470
8488
8471
8489
8472
8490
8473
8491
8474
8492
8475
8493
8476
8494
8477
8495
8478
8496
8479
8497
8480
8498
8481
8499
8500
8483
8501
8484
8502
8485
8503
8486
8504
8487
8505
8488
8506
8489
8507
8490
8508
8491
8509
8492
8510
8493
8511
8494
8512
8495
8513
8496
8514
8497
8515
8498
8516
8499
8517
8500
8518
8519
8502
8520
8503
8521
8504
8522
8505
8523
8506
8524
8507
8525
8508
8526
8509
8527
8510
8528
8511
8529
8512
8530
8513
8531
8514
8532
8515
8533
8516
8534
8517
8535
8518
8536
8519
8537
8521
8538
8522
8539
8523
8540
8524
8541
8525
8542
8526
8543
8527
8544
8528
8545
8529
8546
8530
8547
8531
8548
8532
8549
8533
8550
8534
8551
8535
8552
8536
8553
8537
8554
8555
8539
8556
8540
8557
8541
8558
8542
8559
8543
8560
8544
8561
8545
8562
8546
8563
8547
8564
8548
8565
8549
8566
8550
8567
8551
8568
8552
8569
8553
8570
8554
8571
8555
8572
8573
8557
8574
8558
8575
8559
8576
8560
8577
8561
8578
8562
8579
8563
8580
8564
8581
8565
8582
8566
8583
8567
8584
8568
8585
8569
8586
8570
8587
8571
8588
8572
8589
8573
8590
8591
8575
8592
8576
8593
8577
8594
8578
8595
8579
8596
8580
8597
8581
8598
8582
8599
8583
8600
8584
8601
8585
8602
8586
8603
8587
8604
8588
8605
8589
8606
8590
8607
8591
8608
8609
8593
8610
8594
8611
8595
8612
8596
8613
8597
8614
8598
8615
8599
8616
8600
8617
8601
8618
8602
8619
8603
8620
8604
8621
8605
8622
8606
8623
8607
8624
8608
8625
8609
8626
8627
8611
8628
8612
8629
8613
8630
8614
8631
8615
8632
8616
8633
8617
8634
8618
8635
8619
8636
8620
8637
8621
8638
8622
8639
8623
8640
8624
8641
8625
8642
8626
8643
8627
8644
8645
8629
8646
8630
8647
8631
8648
8632
8649
8633
8650
8634
8651
8635
8652
8636
8653
8637
8654
8638
8655
8639
8656
8640
8657
8641
8658
8642
8659
8643
8660
8644
8661
8645
8662
8663
8647
8664
8648
8665
8649
8666
8650
8667
8651
8668
8652
8669
8653
8670
8654
8671
8655
8672
8656
8673
8657
8674
8658
8675
8659
8676
8660
8677
8661
8678
8662
8679
8663
8680
8681
8665
8682
8666
8683
8667
8684
8668
8685
8669
8686
8670
8687
8671
8688
8672
8689
8673
8690
8674
8691
8675
8692
8676
8693
8677
8694
8678
8695
8679
8696
8680
8697
8681
8698
8699
8683
8700
8684
8701
8685
8702
8686
8703
8687
8704
8688
8705
8689
8706
8690
8707
8691
8708
8692
8709
8693
8710
8694
8711
8695
8712
8696
8713
8697
8714
8698
8715
8699
8716
8717
8701
8718
8702
8719
8703
8720
8704
8721
8705
8722
8706
8723
8707
8724
8708
8725
8709
8726
8710
8727
8711
8728
8712
8729
8713
8730
8714
8731
8715
8732
8716
8733
8717
8734
8735
8719
8736
8720
8737
8721
8738
8722
8739
8723
8740
8724
8741
8725
8742
8726
8743
8727
8744
8728
8745
8729
8746
8730
8747
8731
8748
8732
8749
8733
8750
8734
8751
8735
8752
8753
8737
8754
8738
8755
8739
8756
8740
8757
8741
8758
8742
8759
8743
8760
8744
8761
8745
8762
8746
8763
8747
8764
8748
8765
8749
8766
8750
8767
8751
8768
8752
8769
8753
8770
8771
8755
8756
8757
8758
8759
8760
8761
8762
8763
8764
8765
8766
8767
8768
8769
8770
8771
12309
30690
30922
30923
30924
9014
12310
13811
13812
13813
8775
9016
9393
9395
9397
9399
30693
8779
9122
9400
9402
9404
9406
30694
30921
30924
30926
30927
30929
30931
30933
8816
9018
9123
9394
9395
9396
8781
8817
9124
9401
9402
9403
8972
12313
13824
13825
13826
8975
30929
30930
30931
8784
8976
9129
9408
9409
9410
9026
9130
9415
9416
9417
8786
9027
9131
9422
9423
9424
8979
12316
13832
13833
8982
9429
9430
9431
8788
8983
9136
9436
9437
9438
9137
12470
13836
13837
13838
8790
9138
12471
13843
13844
13845
8989
9443
9444
9445
8792
8990
9143
9450
9451
9452
9144
12474
13850
13851
13852
8794
9145
12475
13857
13858
13859
8996
9457
9458
9459
8797
8997
9150
9464
9465
9466
9151
12478
13864
13865
13866
8799
9152
12479
13871
13872
13873
9000
12320
13877
13878
9003
9471
9472
9473
8802
9004
9157
9478
9479
9480
9158
12482
13881
13882
13883
8804
9159
12483
13888
13889
13890
9007
12323
13895
13896
13897
9010
9485
9486
9487
8806
9011
9164
9492
9493
9494
9030
9165
13902
13903
13904
8808
9031
9166
9499
9500
9501
8807
9492
9494
9496
9505
9507
9509
9511
30698
9171
9512
9514
9516
9518
30699
8820
9172
9506
9507
9508
8821
9173
9513
9514
9515
9014
12327
13909
13910
9021
12328
13914
13915
9017
9023
9519
9521
9523
9525
9526
9528
9530
9532
30700
30703
30705
30706
8816
9018
9178
9520
9521
9522
8830
9025
9179
9527
9528
9529
8818
8831
9180
9534
9535
9536
9541
9542
9543
9026
9185
13919
13920
13921
9186
12486
13926
13927
13928
9028
9187
12487
13933
13934
13935
9031
13940
13941
13942
9192
9548
9549
9550
9033
9193
12514
13947
13948
13949
9194
12515
13954
13955
13956
9021
12333
13961
13962
9036
12334
13966
13967
9024
9038
9554
9556
9558
9560
9561
9563
9565
9567
30707
30710
30712
30713
8830
9025
9199
9555
9556
9557
8840
9040
9200
9562
9563
9564
8832
8841
9201
9569
9570
9571
9576
9577
9578
9206
12486
13971
13972
13973
9207
12518
13978
13979
13980
9208
12488
12519
13985
13986
13987
9036
12338
13992
13993
9043
12339
13997
13998
13999
9039
9045
9582
9584
9586
9588
9589
9591
9593
9595
30714
30717
30719
30720
8840
9040
9213
9583
9584
9585
8844
9047
9214
9590
9591
9592
8842
8845
9215
9597
9598
9599
9604
9605
9606
9220
12518
14006
14007
14008
9221
12559
14013
14014
14015
9222
12520
12560
14020
14021
14022
9052
9611
9612
9613
9227
12559
14029
14030
14031
8854
9054
9228
9618
9619
9620
8855
9229
12561
14036
14037
14038
9050
12351
14043
14044
14045
12352
30730
30936
30937
30938
8852
9053
9624
9626
9628
9630
30732
8854
9054
9234
9625
9626
9627
8859
9235
9631
9634
9636
9637
30734
30935
30938
30940
30941
8856
8860
9236
9632
9633
9634
9639
9640
9641
9241
12599
14054
14055
14056
9055
9242
14061
14062
14063
9056
9243
12601
14068
14069
14070
12355
12641
14079
14080
14081
9645
9647
9649
9651
12643
12646
12649
12651
12652
30942
30944
30946
30948
9055
9248
9646
9647
9648
8864
9249
12645
30943
30944
30945
8865
9057
9250
9653
9654
9655
12358
12695
14088
14089
14090
12697
30950
30951
30952
9059
9255
9660
9661
9662
8869
9256
12699
30957
30958
30959
8870
9061
9257
9667
9668
9669
12361
12747
14095
14096
14097
12749
30964
30965
30966
9063
9262
9674
9675
9676
8875
9263
9680
9683
9685
9686
12751
14094
14097
14099
14100
30963
30966
30968
30969
8876
9065
9264
9681
9682
9683
12365
30737
30971
30972
30973
8879
12366
14110
14111
8877
9687
9689
9691
9693
30739
30742
30745
30747
30748
9067
9269
9688
9689
9690
8882
9270
9694
9697
9699
9700
30741
30970
30973
30975
30976
8883
9069
9271
9695
9696
9697
12371
14115
14116
14117
8884
12372
30751
30977
30979
30981
30983
8886
9071
12373
30978
30979
30980
8884
9701
9703
9705
9707
30753
8887
9276
9702
9703
9704
8885
9074
9277
30755
8889
9075
9278
9701
9704
9706
9707
9716
9717
9719
30977
30980
30982
30983
12375
14121
14122
9069
9709
9710
9711
9070
9283
12831
14125
14126
14127
8893
9284
9716
9717
9718
8894
9285
12833
14132
14133
14134
9073
12379
30985
30986
30987
9078
12380
14139
14140
9075
9723
9724
9725
8897
9290
9730
9731
9732
9077
9081
9291
9722
9725
9727
9728
9736
9739
9741
9742
30984
30987
30989
30990
8899
9082
9292
9737
9738
9739
12833
14144
14145
14146
9297
12834
12874
14151
14152
14153
8902
9298
9744
9745
9746
8903
9299
12876
14158
14159
14160
9080
12389
14165
14166
14167
9082
9751
9752
9753
9085
9304
14174
14175
14176
8909
9084
9305
9758
9759
9760
8910
9087
9306
9765
9766
9767
12394
14181
14182
14183
8908
8911
12395
30765
8912
8913
12396
14180
14182
14184
14186
14188
14190
14192
30770
8911
9758
9760
9762
9771
9773
9775
9777
30767
8915
9311
9772
9773
9774
8912
9312
30769
30773
8917
9313
9771
9774
9776
9777
9786
9787
9789
30774
12399
14188
14189
14190
9096
12400
14195
14196
9087
9779
9780
9781
8919
9088
9318
14200
14201
14202
9099
9319
9786
9787
9788
8921
9100
9320
9793
9794
9795
12910
14207
14208
14209
9089
9325
12911
14214
14215
14216
8925
9326
9800
9801
9802
8926
9091
9327
14221
14222
14223
8927
9098
12411
12954
12956
12958
12960
14231
14233
14235
14237
8929
12412
12961
14232
14233
14234
9100
9807
9808
9809
8931
9332
9814
9815
9816
8928
9102
9333
9806
9809
9811
9812
12964
8933
9334
9813
9816
9818
9819
9828
9829
9831
12965
14231
14234
14236
14237
12415
14239
14240
14241
8935
9107
12416
14245
14246
9091
9821
9822
9823
8936
9092
9339
14249
14250
14251
9110
9340
9828
9829
9830
8938
9111
9341
9835
9836
9837
12418
14255
14256
12940
14259
14260
14261
8940
9346
12941
14266
14267
14268
9117
9347
9842
9843
9844
8942
9118
9348
9849
9850
9851
12944
14273
14274
14275
9103
9353
12945
14280
14281
14282
8953
9354
9856
9857
9858
8954
9105
9355
14287
14288
14289
9104
12952
14294
14295
14296
8948
9360
12953
14301
14302
14303
8966
9106
9361
9863
9864
9865
8949
8967
9362
9870
9871
9872
9095
14308
14309
14310
9121
9367
9877
9878
9879
12437
14315
14316
14317
8952
8955
9116
12438
12975
12977
12979
12981
8956
8958
12439
14314
14316
14318
14320
30784
9118
9884
9885
9886
8960
9372
9891
9892
9893
8956
9120
9373
9883
9886
9888
9889
30787
8962
9374
9890
9893
9895
9896
30788
12444
14322
14323
14324
8959
8962
12445
12982
12984
12986
12988
8963
8964
12446
14321
14323
14325
14327
30791
9105
9898
9899
9900
8966
9106
9379
9905
9906
9907
8963
9380
9897
9900
9902
9903
30794
8968
9381
9904
9907
9909
9910
30795
8965
8968
12449
12989
12991
12993
12995
8969
14328
14330
30798
9912
9913
9914
9121
9386
30992
30993
30994
8969
9387
9911
9914
9916
9917
30801
9388
30802
30991
30994
30996
30997
8972
8974
16737
8972
8975
12451
12453
12455
16738
30690
8976
8978
13824
13826
13828
16739
30999
31002
31004
8974
8975
30692
8976
8980
30805
8976
30694
30806
30929
30930
30932
8982
9408
9409
9411
30807
8981
12275
14335
14336
14337
14338
30662
12276
30998
30999
31002
8985
12277
14332
14333
14336
8981
8982
30665
8983
8987
30666
30812
8983
9429
9430
9432
30813
30999
31000
31001
31004
8989
9436
9437
9439
14333
14334
14335
14338
30814
31005
31009
31010
8988
12282
14349
14350
14351
14352
30669
12283
14339
14340
14343
8992
12284
14346
14347
14350
8988
30672
31008
31009
31010
31011
8994
30673
30819
31015
31016
31017
31018
30820
31005
31006
31009
8996
30821
31012
31013
31016
8995
12289
14363
14364
14365
14366
30676
12290
14353
14354
14357
8999
12291
14360
14361
14364
8995
30679
31022
31023
31024
31025
9001
30680
30826
31029
31030
31031
31032
30827
31019
31020
31023
9003
30828
31026
31027
31030
9002
12296
30683
31036
31037
31038
31039
12297
14367
14368
14371
9006
12298
31033
31034
31037
9002
9003
30686
9004
9008
30687
30833
9004
9471
9472
9474
14368
14369
14370
14373
30834
31026
31030
31031
9010
9478
9479
9481
30835
31034
31035
31036
31039
9007
9009
12303
34706
12304
31040
31041
31044
9011
12305
13895
13897
13899
31040
31042
31043
31045
9009
9010
34709
9011
30696
30840
34710
9011
9485
9486
9488
30841
31041
31042
31043
31046
9492
9493
9495
30698
30842
9016
16744
31047
31050
31052
31053
34713
9017
16745
30701
30703
30705
31048
31051
31052
31053
34720
16746
31047
31048
31049
9016
9017
34716
34722
9018
30847
34717
9018
30848
34724
9394
9395
9397
9520
9521
9523
30849
31049
31050
31051
31052
9023
16770
30702
30703
30706
31054
31057
31059
31060
34720
9024
16771
30708
30710
30712
31055
31058
31059
31060
34727
16772
31054
31055
31056
9023
9024
34723
34729
9025
30854
34724
9025
30855
34731
9527
9528
9530
9555
9556
9558
30856
31056
31057
31058
31059
14374
14375
14376
12470
12996
14381
14382
14385
12490
12997
14388
14389
14392
12472
12491
12998
14396
14397
14398
12483
14402
14403
14406
13031
14409
14410
14411
12485
12510
13032
14417
14418
14419
12511
13033
14423
14424
14427
9038
16778
30709
30710
30713
31061
31064
31066
31067
34727
9039
16779
30715
30717
30719
31062
31065
31066
31067
34734
16780
31061
31062
31063
9038
9039
34730
34736
9040
30861
34731
9040
30862
34738
9562
9563
9565
9583
9584
9586
30863
31063
31064
31065
31066
9043
9045
16785
30716
30717
30720
34734
9043
9046
16786
9047
9048
13997
13999
14001
16787
31069
31072
31074
9045
9046
34737
9047
30868
34738
9047
9051
30869
9052
9590
9591
9593
30870
12344
31068
31069
31072
9053
12345
14431
14434
14435
14436
30723
12346
14430
14431
14432
9052
9053
30725
9611
9613
9615
30875
31069
31070
31071
31074
31076
31078
31080
31081
30727
30876
31077
31079
31080
31081
30877
31075
31076
31077
14437
14438
14439
12653
13297
14444
14445
14448
9059
13298
14451
14452
14455
9060
12655
13299
14459
14460
14461
14465
14466
14469
12707
13374
14473
14474
14475
9063
13375
14479
14480
14483
9064
12709
13376
14487
14488
14489
14493
14494
14497
12759
13447
14501
14502
14503
9067
13448
14507
14508
14511
9068
12761
13449
14515
14516
14517
14521
14522
14525
12795
13517
14529
14530
14531
13518
14535
14536
14537
12797
13519
14542
14543
14546
9073
9075
12869
12870
12873
16839
30979
30980
30983
9073
9076
16840
9077
16841
30756
30985
30987
30989
9075
9076
9077
9723
9725
9727
30882
9077
30759
30883
30760
30884
12385
14549
14550
14551
9080
9083
12386
30758
9084
12387
14165
14167
14169
14550
14553
14554
14555
30763
9083
30760
31083
31085
31087
31088
30889
31082
31083
31084
9084
30762
30766
30890
9758
9759
9761
30767
30891
31084
31086
31087
31088
12876
14556
14557
14560
12877
12908
13706
14564
14565
14566
13707
14570
14571
14572
12910
13708
14577
14578
14581
12914
14584
14585
14588
12915
12938
13762
14592
14593
14594
13763
14598
14599
14600
12940
13764
14605
14606
14609
12934
12951
14613
14614
14615
12935
13797
14619
14620
14623
12953
13798
14626
14627
14630
12405
31089
31090
31091
9098
9101
12406
30772
9102
12407
31090
31093
31094
31095
34739
9100
9101
9786
9788
9790
30774
9102
9793
9795
9797
9807
9809
9811
30896
31091
31092
31093
31094
9102
30776
30897
34742
30898
34743
12948
14633
14634
14637
12949
13803
14640
14641
14644
13804
14647
14648
14649
13805
14654
14655
14656
12423
31096
31097
31100
9109
9112
12424
12963
9113
9115
12425
31099
31100
31101
31102
34746
9111
9112
9828
9830
9832
12965
9113
9117
9835
9837
9839
30903
31097
31098
31099
31102
9113
12967
30904
34749
9119
30905
34750
12430
14661
14662
14663
9116
9119
12431
12971
12972
12973
12974
9120
12432
14662
14665
14666
14667
30777
9119
9842
9844
9846
12969
12970
12971
12974
31104
31106
31108
31109
30910
31103
31104
31105
9120
30780
30911
30781
30912
31105
31107
31108
31109
9877
9879
9881
30992
30994
30996
9124
9126
9124
9127
9395
9396
9399
30849
9128
9130
9185
9402
9403
9406
9126
9127
30851
9128
9132
9128
9188
30853
9134
9189
9131
9133
9409
9410
9413
30807
9131
9134
9416
9417
9420
9135
9137
9423
9424
9427
12996
9133
9134
30810
9135
9139
30811
9135
12999
9141
13000
9138
9140
9437
9438
9441
30814
9138
9141
13837
13838
13841
9142
9144
13003
13844
13845
13848
9140
9141
30817
9142
9146
30818
9142
13006
9148
13007
9145
9147
9451
9452
9455
30821
9145
9148
13851
13852
13855
9149
9151
13010
13858
13859
13862
9147
9148
30824
9149
9153
30825
9149
13013
9155
13014
9152
9154
9465
9466
9469
30828
9152
9155
13865
13866
13869
9156
9158
13017
13872
13873
13876
9154
9155
30831
9156
9160
30832
9156
13020
9162
13021
9159
9161
9479
9480
9483
30835
9159
9162
13882
13883
13886
9163
9165
13024
13889
13890
13893
9161
9162
30838
9163
9167
30839
9163
13027
9169
13028
9166
9168
9493
9494
9497
30842
9166
9169
13903
13904
13907
9170
9172
9500
9501
9504
13031
9168
9169
30845
9170
9174
30846
9170
13034
9176
13035
9173
9175
9173
9176
9507
9508
9511
9177
9192
9514
9515
9518
9175
9176
9177
9177
9195
9196
9180
9182
9521
9522
9525
30849
9180
9183
9528
9529
9532
30856
9184
9186
9206
9535
9536
9539
9182
9183
30852
30858
9184
9188
30853
9184
9209
30860
9190
9210
9187
9189
13920
13921
13924
9187
9190
13927
13928
13931
9191
12997
13038
13934
13935
13938
9189
9190
9191
12999
9191
13041
13001
13042
9194
9196
9549
9550
9553
9194
9197
13033
13948
13949
13952
9198
13087
13955
13956
13959
9196
9197
13035
9198
9198
13037
13090
13091
9201
9203
9556
9557
9560
30856
9201
9204
9563
9564
9567
30863
9205
9207
9220
9570
9571
9574
9203
9204
30859
30865
9205
9209
30860
9205
9223
30867
9211
9224
9208
9210
13972
13973
13976
9208
9211
13979
13980
13983
9212
13039
13094
13986
13987
13990
9210
9211
9212
13041
9212
13097
13043
13098
9215
9217
9584
9585
9588
30863
9215
9218
9591
9592
9595
30870
9219
9221
9227
9598
9599
9602
9217
9218
30866
30872
9219
9223
30867
9219
9230
30874
9225
9231
9222
9224
14007
14008
14011
9222
9225
14014
14015
14018
9226
13095
13157
14021
14022
14025
9224
9225
9226
13097
9226
13160
13099
13161
9229
9231
14030
14031
14034
9229
9232
9619
9620
9623
30877
9233
9241
13158
14037
14038
14041
9231
9232
30879
9233
13160
9233
9244
30881
9245
13162
9236
9238
9626
9627
9630
30877
9236
9239
9240
9242
9248
9633
9634
9637
9238
9239
30880
9240
9244
30881
9240
9251
9246
9252
9243
9245
14055
14056
14059
9243
9246
14062
14063
14066
9247
13228
13297
14069
14070
14073
9245
9246
9247
13230
9247
13300
13232
13301
9250
9252
9647
9648
9651
9250
9253
30944
30945
30948
34755
9254
9255
9654
9655
9658
13298
9252
9253
34757
9254
13300
9254
9258
34759
9259
13302
9257
9259
9661
9662
9665
9257
9260
30958
30959
30962
34762
9261
9262
9668
9669
9672
13375
9259
9260
34764
9261
13377
9261
9265
34766
9266
13379
9264
9266
9675
9676
9679
9264
9267
34769
9268
9269
9682
9683
9686
13448
9266
9267
34771
9268
13450
9268
9272
34773
9273
13452
9271
9273
9689
9690
9693
9271
9274
9275
9276
9696
9697
9700
13518
9273
9274
9275
13520
9275
9279
9280
13522
9278
9280
9703
9704
9707
9278
9281
9282
9284
30882
9280
9281
9282
9286
9282
30885
9288
30886
9285
9287
13519
14126
14127
14130
9285
9288
9717
9718
9721
9289
9290
13588
14133
14134
14137
9287
9288
13522
9289
13523
13590
9289
9293
9294
13592
9292
9294
9731
9732
9735
9292
9295
30884
9296
9298
9738
9739
9742
30889
9294
9295
30886
9296
9300
9296
30888
30892
9302
30893
9299
9301
13589
14152
14153
14156
9299
9302
9745
9746
9749
9303
9304
13651
14159
14160
14163
9301
9302
13592
9303
13593
13653
9303
9307
9308
13655
9306
9308
14175
14176
14179
9306
9309
9759
9760
9763
30891
9310
9311
9766
9767
9770
13707
9308
9309
30893
9310
13709
9310
9314
30895
9315
13711
9313
9315
9773
9774
9777
9313
9316
9317
9319
9315
9316
9317
9321
9317
9323
9320
9322
13708
14201
14202
14205
9320
9323
9787
9788
9791
9324
9326
9794
9795
9798
30896
9322
9323
13711
9324
9328
13712
9324
30899
9330
30900
9327
9329
13715
14215
14216
14219
9327
9330
9801
9802
9805
9331
9332
13763
14222
14223
14226
9329
9330
13718
9331
13719
13765
9331
9335
9336
13767
9334
9336
9815
9816
9819
9334
9337
30898
9338
9340
9336
9337
30900
9338
9342
9338
30902
9344
9341
9343
13764
14250
14251
14254
9341
9344
9829
9830
9833
9345
9347
9836
9837
9840
30903
9343
9344
13767
9345
9349
13768
9345
30906
9351
30907
9348
9350
13771
14267
14268
14271
9348
9351
9843
9844
9847
9352
9354
9850
9851
9854
30910
9350
9351
13774
9352
9356
13775
9352
30913
9358
30914
9355
9357
13778
14281
14282
14285
9355
9358
9857
9858
9861
9359
9372
13804
14288
14289
14292
9357
9358
13781
9359
13782
13806
9359
9375
9376
13808
9362
9364
13792
14302
14303
14306
9362
9365
9864
9865
9868
13805
9366
9367
9386
9871
9872
9875
9364
9365
13795
13807
9366
9368
13796
9366
9389
13809
9370
9390
9370
9878
9879
9882
9369
9370
13801
9371
13802
9371
30917
30918
9374
9376
9892
9893
9896
9374
9377
30912
9378
9380
9376
9377
30914
9378
9382
9378
30916
9384
9381
9383
9906
9907
9910
13805
9381
9384
9385
9387
9383
9384
13808
9385
9389
13809
9385
9391
9388
9390
30993
30994
30997
9388
9391
9392
9390
9391
9392
30917
9392
30919
9397
9398
9399
9400
13810
9397
9398
9541
13813
9397
9399
9398
9399
9403
9542
13815
9405
9544
13816
9406
9404
9405
9406
13817
9404
9405
9415
13919
9404
9406
9416
9405
9406
13920
9418
13821
13822
13922
9411
9412
9413
9421
13823
30928
9411
9412
9429
13826
9411
9413
30930
9412
9413
9423
9431
13828
30932
9425
9433
13829
9427
30934
9418
9419
9420
9421
30928
9418
9419
14374
9418
9420
30931
9419
9420
9424
14375
13831
30933
9426
14377
9427
30934
9425
9426
9427
9425
9426
13836
14381
9425
9427
13837
9426
9427
14382
13839
14383
9432
9433
9434
9435
13835
9432
9433
12458
9432
9434
9437
9433
9434
13837
9439
12459
13839
9441
13841
9439
9440
9441
13842
9439
9440
9443
13833
9439
9441
9440
9441
9445
13844
13834
9447
13846
13848
9446
9447
9448
9449
13849
9446
9447
12460
31005
9446
9448
9451
31006
9447
9448
13851
9453
31007
13853
9455
13855
9453
9454
9455
13856
9453
9454
9457
31012
9453
9455
31013
9454
9455
9459
13858
31014
9461
13860
13862
9460
9461
9462
9463
13863
9460
9461
31019
9460
9462
9465
31020
9461
9462
13865
9467
31021
13867
9469
13869
9467
9468
9469
13870
9467
9468
9471
31026
9467
9469
31027
9468
9469
9473
13872
31028
9475
13874
13876
9474
9475
9476
9477
13880
9474
9475
12462
9474
9476
9479
9475
9476
13882
9481
12463
13884
9483
13886
9481
9482
9483
13887
9481
9482
9485
13878
9481
9483
9482
9483
9487
13889
13879
9489
13891
13893
9488
9489
9490
9491
12464
13901
9488
9489
12466
9488
9490
9493
9489
9490
13903
9495
12468
13905
9497
13907
9495
9496
9497
9498
13894
9495
9496
13897
9495
9497
9496
9497
9500
13899
9502
13900
9504
9502
9503
9504
13901
9502
9503
9506
14409
9502
9504
9507
9503
9504
13904
14410
9509
13906
14412
13907
9509
9510
9511
9512
9509
9510
13940
9509
9511
9510
9511
9515
13941
9517
13943
9518
9516
9517
9518
9516
9517
9548
9516
9518
9517
9518
9549
9551
9523
9524
9525
9533
13908
9523
9524
9541
13910
9523
9525
9524
9525
9535
9543
13912
9537
9545
9539
9530
9531
9532
9533
13913
9530
9531
9576
13915
9530
9532
9531
9532
9536
9577
13917
9538
9579
9539
9537
9538
9539
9537
9538
13926
13971
9537
9539
13927
9538
9539
13972
13929
13974
9544
9545
9546
13918
13925
9544
9545
12469
9544
9546
13920
9545
9546
13927
13922
13929
13924
13931
9551
9552
9553
13939
13953
9551
9552
9551
9553
13941
9552
9553
13955
13943
13957
13945
13959
9558
9559
9560
9568
13960
9558
9559
9576
13962
9558
9560
9559
9560
9570
9578
13964
9572
9580
9574
9565
9566
9567
9568
13965
9565
9566
9604
13967
9565
9567
9566
9567
9571
9605
13969
9573
9607
9574
9572
9573
9574
9572
9573
13978
14006
9572
9574
13979
9573
9574
14007
13981
14009
9579
9580
9581
13970
13977
9579
9580
9579
9581
13972
9580
9581
13979
13974
13981
13976
13983
9586
9587
9588
9596
13991
9586
9587
9604
13993
9586
9588
9587
9588
9598
9606
13995
9600
9608
9602
9593
9594
9595
9596
13996
9593
9594
9611
13999
9593
9595
9594
9595
9599
9612
14001
9601
9614
14002
9602
9600
9601
9602
14003
9600
9601
14013
14029
9600
9602
14014
9601
9602
14030
14016
14032
9607
9608
9609
14005
14012
9607
9608
9607
9609
14007
9608
9609
14014
14009
14016
14011
14018
9614
9615
9616
9617
14028
9614
9615
12556
9614
9616
14030
9615
9616
9619
12557
14032
9621
12558
9623
14034
9621
9622
9623
14035
9621
9622
9639
31075
9621
9623
31076
9622
9623
9640
14038
14027
31078
9642
14040
14041
9628
9629
9630
9631
14042
9628
9629
9639
14045
31075
9628
9630
31077
9629
9630
9633
9641
14047
31079
9635
9643
14048
9637
9635
9636
9637
14049
9635
9636
9646
14061
9635
9637
14062
9636
9637
9647
14064
9649
14052
9642
9643
9644
14053
14060
9642
9643
9642
9644
14055
9643
9644
14062
14057
14064
14059
14066
9649
9650
9651
9652
14074
9649
9650
14437
9649
9651
9650
9651
9654
14439
14077
9656
14441
9658
9656
9657
9658
14085
30942
9656
9657
9660
14451
9656
9658
14452
9657
9658
9661
30945
14453
9663
30947
30948
9663
9664
9665
9666
30949
9663
9664
14465
9663
9665
30951
9664
9665
9668
14466
30953
9670
14467
9672
30955
9670
9671
9672
30956
9670
9671
9674
14479
9670
9672
14480
9671
9672
9675
30959
14481
9677
30961
30962
9677
9678
9679
9680
30963
9677
9678
14493
9677
9679
30965
9678
9679
9682
14494
30967
9684
14495
9686
30969
9684
9685
9686
14101
9684
9685
9688
14507
9684
9686
14508
9685
9686
9689
14509
9691
14104
9691
9692
9693
9694
14105
9691
9692
14521
9691
9693
9692
9693
9696
14522
14108
9698
14523
9700
9698
9699
9700
14109
9698
9699
9702
14111
14535
9698
9700
14536
9699
9700
9703
14538
9705
14113
9705
9706
9707
14114
9705
9706
9709
14117
9705
9707
9706
9707
9711
14119
9713
14120
9712
9713
9714
9715
14124
9712
9713
14535
9712
9714
14126
14537
9713
9714
9717
14128
14539
9719
9721
14130
9719
9720
9721
14131
9719
9720
9723
14122
9719
9721
9720
9721
9724
14134
14123
9726
14136
14137
9726
9727
9728
9729
12867
9726
9727
12870
9726
9728
9731
9727
9728
9733
12872
12873
9735
9733
9734
9735
9736
9733
9734
14132
14144
9733
9735
14134
9734
9735
9738
14146
14136
9740
14148
9742
9740
9741
9742
14138
9740
9741
9744
14140
31082
9740
9742
9745
9741
9742
31083
9747
14142
31085
9747
9748
9749
14143
14157
9747
9748
9751
9747
9749
14146
9748
9749
9752
14160
14148
9754
14162
14149
14163
9754
9755
9756
9757
14173
9754
9755
31082
9754
9756
14175
9755
9756
9759
31084
14177
9761
12907
31086
9763
14179
9761
9762
9763
9764
14164
9761
9762
14167
9761
9763
9762
9763
9767
14169
9769
14170
9770
9768
9769
9770
14173
9768
9769
9772
14570
9768
9770
14176
14571
9769
9770
9773
14178
14573
9775
14172
14179
9775
9776
9777
14180
9775
9776
9779
14183
9775
9777
9776
9777
9781
14185
9783
14186
9782
9783
9784
9785
14199
9782
9783
14570
9782
9784
14201
14572
9783
9784
9787
14203
14574
9789
12937
9791
14205
9789
9790
9791
9792
14187
9789
9790
14190
9789
9791
9790
9791
9795
14192
9797
14193
9798
9796
9797
9798
14194
14199
9796
9797
9800
14196
9796
9798
9801
14202
9797
9798
9803
14204
14198
14205
9803
9804
9805
14206
14220
9803
9804
9807
9803
9805
14209
9804
9805
9808
14223
14211
9810
14225
14212
14226
9810
9811
9812
9813
12954
9810
9811
12957
9810
9812
9815
9811
9812
9817
12959
12960
9819
9817
9818
9819
14227
9817
9818
9821
14221
9817
9819
14223
9818
9819
9823
14225
9825
14230
9824
9825
9826
9827
14248
9824
9825
14598
9824
9826
14250
14600
9825
9826
9829
14252
14602
9831
9833
14254
9831
9832
9833
9834
14238
9831
9832
14241
9831
9833
9832
9833
9837
14243
9839
14244
9840
9838
9839
9840
14248
9838
9839
9842
14246
9838
9840
9843
14251
9839
9840
9845
14253
14247
14254
9845
9846
9847
9848
14258
9845
9846
14256
9845
9847
14261
9846
9847
9851
14263
9853
14257
9854
14264
9852
9853
9854
14265
9852
9853
9856
31103
9852
9854
9857
14268
9853
9854
31104
9859
14270
31106
14271
9859
9860
9861
14272
14286
9859
9860
9884
9859
9861
14275
9860
9861
9885
14289
14277
9887
14291
14278
14292
9866
9867
9868
9869
14293
9866
9867
9912
14654
9866
9868
14296
14655
9867
9868
9872
9913
14298
14657
9874
9915
9875
14299
9873
9874
9875
14300
9873
9874
9877
30992
9873
9875
9878
14303
9874
9875
30993
9880
14305
30995
14306
9880
9881
9882
14307
9880
9881
9880
9882
14310
9881
9882
14312
14313
9887
9888
9889
9890
12975
9887
9888
12978
31103
9887
9889
9892
9888
9889
31105
9894
12980
12981
31107
9896
9894
9895
9896
14314
9894
9895
9898
14287
14317
9894
9896
14289
9895
9896
9900
14291
14319
9902
14320
9901
9902
9903
9904
12982
9901
9902
12985
14647
9901
9903
9906
14649
9902
9903
9908
12987
14651
12988
9910
9908
9909
9910
14321
9908
9909
9912
14324
14654
9908
9910
14656
9909
9910
9914
14326
14658
9916
14327
9915
9916
9917
12989
30991
9915
9916
12992
9915
9917
30993
9916
9917
12994
30995
12995
30997
9920
9946
16896
16897
16898
9921
9948
16895
16898
16900
16901
16903
16904
16905
9954
16902
16905
16907
16908
9933
9972
16910
16911
16912
9924
9934
9973
16916
16917
9936
9976
16919
16920
9927
9953
16922
9929
9957
9978
16923
16924
16925
9931
9960
16927
16928
16929
9963
9980
16932
16933
9932
9964
9981
16935
16936
16937
16940
16941
9984
14683
16943
16944
16910
16912
16914
31110
31112
31114
31116
9936
9986
31111
31112
31113
9938
9988
31110
31113
31115
31116
16947
16948
16949
9942
9993
16954
16955
16956
9939
9994
16946
16949
16951
16952
28658
9944
9995
16953
16956
16958
16959
28659
16961
16962
16963
9945
9947
16960
16962
16964
16966
28662
16968
16969
16970
9949
10000
16975
16976
16977
9945
10001
16967
16970
16972
16973
28664
9951
10002
16974
16977
16979
16980
28665
16982
16983
16984
9948
9951
14668
14670
14672
14674
9952
9954
16981
16983
16985
16987
28668
16989
16990
16991
9956
10007
16996
16997
16998
9952
10008
16988
16991
16993
16994
28671
9958
10009
16995
16998
17000
17001
28672
17003
17004
17005
9955
9958
14675
14677
14679
14681
9959
9961
17002
17004
17006
17008
28675
17010
17011
17012
9963
10014
17017
17018
17019
9959
10015
17009
17012
17014
17015
28678
9965
10016
17016
17019
17021
17022
28679
31118
31119
31120
9962
9965
28651
28653
28655
28657
9966
14682
31117
31119
31121
31123
34036
31125
31126
31127
10021
14683
31132
31133
31134
9966
10022
31124
31127
31129
31130
34039
10023
14684
31131
31134
31136
31137
34040
9970
14685
14687
14689
14691
17027
17029
17031
17033
9972
14692
17028
17029
17030
17035
17036
17037
10067
14695
17034
17037
17039
17040
17045
17048
17050
17051
9974
10068
14696
17046
17047
17048
17053
17054
17055
9976
9986
17059
17060
9989
10072
17063
17064
17065
9977
9990
10073
17069
17070
17072
17073
9996
10076
17075
17076
9980
10014
17078
9982
10018
10078
17079
17080
17081
9984
10021
17083
17084
17085
10024
10080
17088
17089
9985
10025
10081
17091
17092
17093
17096
17097
10084
14728
17099
17100
31139
31140
31141
9988
9991
14694
9992
9994
31138
31140
31142
31144
34043
9991
14696
17063
17065
17067
31145
31147
31149
31151
9996
10086
31146
31147
31148
9992
10087
14698
34046
9998
10088
31145
31148
31150
31151
34047
17103
17104
17105
9995
9998
14699
14701
14703
14705
9999
10001
17102
17104
17106
17108
28689
17110
17111
17112
10003
10093
17117
17118
17119
9999
10094
17109
17112
17114
17115
28692
10005
10095
17116
17119
17121
17122
28693
17124
17125
17126
10002
10005
14706
14708
14710
14712
10006
10008
17123
17125
17127
17129
28696
17131
17132
17133
10010
10100
17138
17139
17140
10006
10101
17130
17133
17135
17136
28699
10012
10102
17137
17140
17142
17143
28700
17145
17146
17147
10009
10012
14713
14715
14717
14719
10013
10015
17144
17146
17148
17150
28703
17152
17153
17154
10017
10107
17159
17160
17161
10013
10108
17151
17154
17156
17157
28706
10019
10109
17158
17161
17163
17164
28707
17166
17167
17168
10016
10019
14720
14722
14724
14726
10020
10022
17165
17167
17169
17171
28710
17173
17174
17175
10024
10114
17180
17181
17182
10020
10115
17172
17175
17177
17178
28713
10026
10116
17179
17182
17184
17185
28714
31153
31154
31155
10023
10026
28682
28684
28686
28688
10027
14727
31152
31154
31156
31158
34050
31160
31161
31162
10121
14728
31167
31168
31169
10027
10122
31159
31162
31164
31165
34053
10123
14729
31166
31169
31171
31172
34054
17186
17188
17190
17192
28717
31173
31175
31177
31179
10136
17187
17188
17189
10031
10137
28718
31174
31175
31176
14730
17198
17199
17200
10033
10141
14731
17209
17210
17211
14732
17218
17219
17220
10035
10144
14733
17225
17226
17227
14734
17232
17233
17234
10037
10147
14735
17239
17240
17241
28719
31181
31182
31183
10040
10150
28720
31188
31189
31190
10041
10151
17254
17255
10042
17258
17260
17262
17264
31188
31190
31192
10155
17259
17260
17261
10156
14736
31194
31197
31199
31200
10044
10157
14737
31195
31196
31197
10045
10162
17265
17266
14737
17269
17270
17271
10047
10170
28724
10048
10171
17276
17277
17279
28725
10052
10176
17276
17277
17278
17285
17286
17287
10051
10054
28723
10055
10056
17284
17286
17288
17290
17299
17301
17303
28728
10054
17276
17278
17280
17291
17293
17295
17297
28725
10178
17292
17293
17294
10055
10179
28727
28731
10058
10180
17291
17294
17296
17297
17313
17314
17316
28732
17299
17300
17301
10060
17306
17307
10063
10185
17313
17314
17315
10064
10186
17320
17321
31202
31203
31204
10062
10065
28730
10066
10067
31201
31203
31205
31207
34057
10065
17313
17315
17317
28732
31208
31210
31212
31214
10069
10189
31209
31210
31211
10066
10190
28734
34060
10070
10191
31208
31211
31213
31214
34061
10070
14740
14742
14744
14746
17328
17330
17332
17334
10072
14747
17329
17330
17331
17336
17337
17338
10196
14750
17335
17338
17340
17341
17346
17349
17351
17352
10074
10197
14751
17347
17348
17349
17354
17355
17356
10076
10086
17360
17361
10089
10201
17364
17365
17366
10077
10090
10202
17370
17371
17373
17374
10096
10205
17376
17377
10080
10114
17379
10082
10118
10207
17380
17381
17382
10084
10121
17384
17385
17386
10124
10209
17389
17390
10085
10125
10210
17392
17393
17394
17397
17398
10213
14783
17400
17401
31216
31217
31218
10088
10091
14749
10092
10094
31215
31217
31219
31221
34064
10091
14751
17364
17366
17368
31222
31224
31226
31228
10096
10215
31223
31224
31225
10092
10216
14753
34067
10098
10217
31222
31225
31227
31228
34068
17404
17405
17406
10095
10098
14754
14756
14758
14760
10099
10101
17403
17405
17407
17409
28742
17411
17412
17413
10103
10222
17418
17419
17420
10099
10223
17410
17413
17415
17416
28745
10105
10224
17417
17420
17422
17423
28746
17425
17426
17427
10102
10105
14761
14763
14765
14767
10106
10108
17424
17426
17428
17430
28749
17432
17433
17434
10110
10229
17439
17440
17441
10106
10230
17431
17434
17436
17437
28752
10112
10231
17438
17441
17443
17444
28753
17446
17447
17448
10109
10112
14768
14770
14772
14774
10113
10115
17445
17447
17449
17451
28756
17453
17454
17455
10117
10236
17460
17461
17462
10113
10237
17452
17455
17457
17458
28759
10119
10238
17459
17462
17464
17465
28760
17467
17468
17469
10116
10119
14775
14777
14779
14781
10120
10122
17466
17468
17470
17472
28763
17474
17475
17476
10124
10243
17481
17482
17483
10120
10244
17473
17476
17478
17479
28766
10126
10245
17480
17483
17485
17486
28767
31230
31231
31232
10123
10126
28735
28737
28739
28741
10127
14782
31229
31231
31233
31235
34071
31237
31238
31239
10250
14783
31244
31245
31246
10127
10251
31236
31239
31241
31242
34074
10252
14784
31243
31246
31248
31249
34075
10135
10268
14788
17490
17491
17492
10133
17498
17500
28772
10136
17498
17499
10133
14787
28774
31254
31256
31258
31260
10135
10272
14788
31255
31256
31257
10138
10273
17501
17504
17506
17507
28776
10139
10274
17502
17503
17504
17508
17509
17510
17516
17517
17518
28779
31262
31263
31264
17526
17528
17530
17532
28781
31268
31270
31272
31274
10280
17527
17528
17529
10142
10281
28783
31269
31270
31271
14791
17542
17543
17544
14793
17551
17552
17553
10145
10285
14795
17562
17563
17564
14805
17571
17572
17573
14807
17578
17579
17580
10148
10288
14809
17585
17586
17587
14819
17592
17593
17594
14821
17603
17604
17605
10152
10291
14823
17610
17611
17612
28786
31276
31277
31278
10155
17625
17626
28788
31283
31284
31285
10158
10294
28790
31290
31291
31292
10159
10295
17634
17635
17639
17640
17641
10160
28800
31296
31298
31300
31302
10162
14831
31297
31298
31299
10160
17645
17647
17649
17651
28802
31290
31292
31294
10299
17646
17647
17648
10300
14834
28804
31303
31306
31308
31309
10163
10301
14835
31304
31305
31306
17652
17653
10166
10306
17655
17656
14833
31311
31312
31313
10169
17659
17660
14835
17664
17665
17666
10172
10308
14837
31318
31319
31320
10173
10309
17671
17672
17676
17677
17678
10171
10174
28807
10175
10176
17675
17677
17679
17681
17690
17692
17694
28812
10174
17682
17684
17686
17688
28809
31318
31320
31322
10313
17683
17684
17685
10175
10314
28811
28815
10177
10315
17682
17685
17687
17688
17701
17702
17704
28816
17690
17691
17692
10181
10320
17701
17702
17703
17710
17711
17712
10180
10183
28814
10184
10185
17709
17711
17713
17715
17724
17726
17728
28819
10183
17701
17703
17705
17716
17718
17720
17722
28816
10322
17717
17718
17719
10184
10323
28818
28822
10187
10324
17716
17719
17721
17722
17738
17739
17741
28823
17724
17725
17726
10189
17731
17732
10192
10329
17738
17739
17740
10193
10330
17745
17746
31325
31326
31327
10191
10194
28821
10195
10196
31324
31326
31328
31330
34078
10194
17738
17740
17742
28823
31331
31333
31335
31337
10198
10333
31332
31333
31334
10195
10334
28825
34081
10199
10335
31331
31334
31336
31337
34082
10199
14849
14851
14853
14855
17753
17755
17757
17759
10201
14856
17754
17755
17756
17761
17762
17763
10340
14859
17760
17763
17765
17766
17771
17774
17776
17777
10203
10341
14860
17772
17773
17774
17779
17780
17781
10205
10215
17785
17786
10218
10345
17789
17790
17791
10206
10219
10346
17795
17796
17798
17799
10225
10349
17801
17802
10209
10243
17804
10211
10247
10351
17805
17806
17807
10213
10250
17809
17810
17811
10253
10353
17814
17815
10214
10254
10354
17817
17818
17819
17822
17823
10356
14892
17825
17826
31339
31340
31341
10217
10220
14858
10221
10223
31338
31340
31342
31344
34085
10220
14860
17789
17791
17793
31345
31347
31349
31351
10225
10357
31346
31347
31348
10221
10358
14862
34088
10227
10359
31345
31348
31350
31351
34089
17829
17830
17831
10224
10227
14863
14865
14867
14869
10228
10230
17828
17830
17832
17834
28833
17836
17837
17838
10232
10364
17843
17844
17845
10228
10365
17835
17838
17840
17841
28836
10234
10366
17842
17845
17847
17848
28837
17850
17851
17852
10231
10234
14870
14872
14874
14876
10235
10237
17849
17851
17853
17855
28840
17857
17858
17859
10239
10371
17864
17865
17866
10235
10372
17856
17859
17861
17862
28843
10241
10373
17863
17866
17868
17869
28844
17871
17872
17873
10238
10241
14877
14879
14881
14883
10242
10244
17870
17872
17874
17876
28847
17878
17879
17880
10246
10378
17885
17886
17887
10242
10379
17877
17880
17882
17883
28850
10248
10380
17884
17887
17889
17890
28851
17892
17893
17894
10245
10248
14884
14886
14888
14890
10249
10251
17891
17893
17895
17897
28854
17899
17900
17901
10253
10385
17906
17907
17908
10249
10386
17898
17901
17903
17904
28857
10255
10387
17905
17908
17910
17911
28858
31353
31354
31355
10252
10255
28826
28828
28830
28832
10256
14891
31352
31354
31356
31358
34092
31360
31361
31362
10392
14892
31367
31368
31369
10256
10393
31359
31362
31364
31365
34095
10394
14893
31366
31369
31371
31372
34096
14896
17913
17914
14903
17918
17919
14899
14905
31374
31375
31376
10426
14900
17923
17924
10427
14907
17928
17929
14903
17933
17934
14910
17938
17939
14906
14912
31381
31382
31383
10432
14907
17943
17944
10433
14914
17948
17949
14910
17953
17954
14917
17958
17959
17960
14913
14919
31388
31389
31390
10437
14914
17967
17968
10279
10438
14921
17972
17973
17974
14917
31395
31396
31397
10277
17980
17982
17984
17986
28884
10280
17981
17982
17983
10277
14920
28886
31401
31403
31405
31407
10279
10442
14921
31402
31403
31404
10282
10443
17987
17990
17992
17993
28888
10283
10444
17988
17989
17990
17996
17997
17998
18004
18005
18006
28891
31409
31410
31411
18014
18016
18018
18020
28893
31415
31417
31419
31421
10450
18015
18016
18017
10286
10451
28895
31416
31417
31418
14929
18030
18031
18032
14931
18039
18040
18041
10289
10455
14933
18050
18051
18052
14943
18059
18060
18061
14945
18066
18067
18068
10292
10458
14947
18073
18074
18075
14957
18080
18081
18082
14959
18091
18092
18093
10296
10461
14961
18098
18099
18100
28898
31423
31424
31425
10299
18113
18114
28900
31430
31431
31432
10302
10464
28902
31437
31438
31439
10303
10465
18122
18123
18127
18128
18129
10304
28912
31443
31445
31447
31449
10306
14969
31444
31445
31446
10304
18133
18135
18137
18139
28914
31437
31439
31441
10469
18134
18135
18136
10470
14972
28916
31450
31453
31455
31456
10307
10471
14973
31451
31452
31453
18140
18141
10310
10476
18143
18144
14971
31458
31459
31460
10313
18147
18148
14973
18152
18153
18154
10316
10478
14975
31465
31466
31467
10317
10479
18159
18160
18164
18165
18166
10315
10318
28919
10319
10320
18163
18165
18167
18169
18178
18180
18182
28924
10318
18170
18172
18174
18176
28921
31465
31467
31469
10483
18171
18172
18173
10319
10484
28923
28927
10321
10485
18170
18173
18175
18176
18189
18190
18192
28928
18178
18179
18180
10325
10490
18189
18190
18191
18198
18199
18200
10324
10327
28926
10328
10329
18197
18199
18201
18203
18212
18214
18216
28931
10327
18189
18191
18193
18204
18206
18208
18210
28928
10492
18205
18206
18207
10328
10493
28930
28934
10331
10494
18204
18207
18209
18210
18226
18227
18229
28935
18212
18213
18214
10333
18219
18220
10336
10499
18226
18227
18228
10337
10500
18233
18234
31472
31473
31474
10335
10338
28933
10339
10340
31471
31473
31475
31477
34127
10338
18226
18228
18230
28935
31478
31480
31482
31484
10342
10503
31479
31480
31481
10339
10504
28937
34130
10343
10505
31478
31481
31483
31484
34131
10343
14987
14989
14991
14993
18241
18243
18245
18247
10345
14994
18242
18243
18244
18249
18250
18251
10510
14997
18248
18251
18253
18254
18259
18262
18264
18265
10347
10511
14998
18260
18261
18262
18267
18268
18269
10349
10357
18273
18274
10360
10515
18277
18278
18279
10350
10361
10516
18283
18284
18286
18287
10367
10519
18289
18290
10353
10385
18292
10355
10389
10521
18293
18294
18295
10356
10392
18297
18298
18299
10395
10523
18302
18303
18305
18306
31486
31487
31488
10359
10362
14996
10363
10365
31485
31487
31489
31491
34134
10362
14998
18277
18279
18281
31492
31494
31496
31498
10367
10525
31493
31494
31495
10363
10526
15000
34137
10369
10527
31492
31495
31497
31498
34138
18309
18310
18311
10366
10369
15001
15003
15005
15007
10370
10372
18308
18310
18312
18314
28945
18316
18317
18318
10374
10532
18323
18324
18325
10370
10533
18315
18318
18320
18321
28948
10376
10534
18322
18325
18327
18328
28949
18330
18331
18332
10373
10376
15008
15010
15012
15014
10377
10379
18329
18331
18333
18335
28952
18337
18338
18339
10381
10539
18344
18345
18346
10377
10540
18336
18339
18341
18342
28955
10383
10541
18343
18346
18348
18349
28956
18351
18352
18353
10380
10383
15015
15017
15019
15021
10384
10386
18350
18352
18354
18356
28959
18358
18359
18360
10388
10546
18365
18366
18367
10384
10547
18357
18360
18362
18363
28962
10390
10548
18364
18367
18369
18370
28963
18372
18373
18374
10387
10390
15022
15024
15026
15028
10391
10393
18371
18373
18375
18377
28966
18379
18380
18381
10395
10553
18386
18387
18388
10391
10554
18378
18381
18383
18384
28969
10396
10555
18385
18388
18390
18391
28970
31500
31501
31502
10394
10396
28938
28940
28942
28944
15029
31499
31501
31503
31505
34141
31507
31508
31509
10560
31506
31509
31511
31512
34144
10401
18392
18393
18396
18397
28975
15032
31514
31515
31516
10405
10422
18393
18394
18395
10401
15034
28978
31520
31522
31524
31526
10407
10563
18399
18401
18403
18405
28979
10423
10564
15036
31521
31522
31523
10409
10424
10565
18400
18401
18402
10408
18413
18414
18417
18418
28982
18407
18408
18409
10411
18414
18415
18416
10408
18420
18422
18424
18426
28985
10412
10570
18427
18429
18431
18433
28986
10425
10571
18421
18422
18423
10413
10572
18428
18429
18430
18435
18436
18437
18441
18443
18445
18447
28992
10578
18442
18443
18444
28996
31528
31529
31530
15039
18449
18450
18451
15041
18461
18463
18465
18467
28999
31534
31536
31538
31540
10420
10584
29000
31535
31536
31537
10431
10585
15043
18462
18463
18464
15032
18475
18476
18477
15035
18484
18485
18486
10423
10589
15036
18491
18492
18493
18499
18500
18502
18503
10425
10592
18505
18506
18508
15039
18510
18511
15057
18515
18516
15042
15059
31542
31543
31544
10431
10596
15043
18520
18521
10597
15061
18525
18526
18529
15057
18531
18532
15065
18536
18537
15060
15067
31549
31550
31551
10602
15061
18541
18542
10603
15069
18546
18547
15065
18551
18552
15072
18556
18557
18558
15068
15074
31556
31557
31558
10607
15069
18565
18566
10449
10608
15076
18570
18571
18572
15072
31563
31564
31565
10447
18578
18580
18582
18584
29024
10450
18579
18580
18581
10447
15075
29026
31569
31571
31573
31575
10449
10612
15076
31570
31571
31572
10452
10613
18585
18588
18590
18591
29028
10453
10614
18586
18587
18588
18594
18595
18596
18602
18603
18604
29031
31577
31578
31579
18612
18614
18616
18618
29033
31583
31585
31587
31589
10620
18613
18614
18615
10456
10621
29035
31584
31585
31586
15084
18628
18629
18630
15086
18637
18638
18639
10459
10625
15088
18648
18649
18650
15098
18657
18658
18659
15100
18664
18665
18666
10462
10628
15102
18671
18672
18673
15112
18678
18679
18680
15114
18689
18690
18691
10466
10631
15116
18696
18697
18698
29038
31591
31592
31593
10469
18711
18712
29040
31598
31599
31600
10472
10634
29042
31605
31606
31607
10473
10635
18720
18721
18725
18726
18727
10474
29052
31611
31613
31615
31617
10476
15124
31612
31613
31614
10474
18731
18733
18735
18737
29054
31605
31607
31609
10639
18732
18733
18734
10640
15127
29056
31618
31621
31623
31624
10477
10641
15128
31619
31620
31621
18738
18739
10480
10646
18741
18742
15126
31626
31627
31628
10483
18745
18746
15128
18750
18751
18752
10486
10648
15130
31633
31634
31635
10487
10649
18757
18758
18762
18763
18764
10485
10488
29059
10489
10490
18761
18763
18765
18767
18776
18778
18780
29064
10488
18768
18770
18772
18774
29061
31633
31635
31637
10653
18769
18770
18771
10489
10654
29063
29067
10491
10655
18768
18771
18773
18774
18787
18788
18790
29068
18776
18777
18778
10495
10660
18787
18788
18789
18796
18797
18798
10494
10497
29066
10498
10499
18795
18797
18799
18801
18810
18812
18814
29071
10497
18787
18789
18791
18802
18804
18806
18808
29068
10662
18803
18804
18805
10498
10663
29070
29074
10501
10664
18802
18805
18807
18808
18824
18825
18827
29075
18810
18811
18812
10503
18817
18818
10506
10669
18824
18825
18826
10507
10670
18831
18832
31640
31641
31642
10505
10508
29073
10509
10510
31639
31641
31643
31645
34176
10508
18824
18826
18828
29075
31646
31648
31650
31652
10512
10673
31647
31648
31649
10509
10674
29077
34179
10513
10675
31646
31649
31651
31652
34180
10513
15142
15144
15146
15148
18839
18841
18843
18845
10515
15149
18840
18841
18842
18847
18848
18849
10680
15152
18846
18849
18851
18852
18857
18860
18862
18863
10517
10681
15153
18858
18859
18860
18865
18866
18867
10519
10525
18871
18872
10528
10685
18875
18876
18877
10520
10529
10686
18881
18882
18884
18885
10535
10689
18887
18888
10523
10553
18890
10524
10557
10691
18891
18892
18893
10561
10693
18895
18896
31654
31655
31656
10527
10530
15151
10531
10533
31653
31655
31657
31659
34183
10530
15153
18875
18877
18879
31660
31662
31664
31666
10535
10695
31661
31662
31663
10531
10696
15155
34186
10537
10697
31660
31663
31665
31666
34187
18899
18900
18901
10534
10537
15156
15158
15160
15162
10538
10540
18898
18900
18902
18904
29085
18906
18907
18908
10542
10702
18913
18914
18915
10538
10703
18905
18908
18910
18911
29088
10544
10704
18912
18915
18917
18918
29089
18920
18921
18922
10541
10544
15163
15165
15167
15169
10545
10547
18919
18921
18923
18925
29092
18927
18928
18929
10549
10709
18934
18935
18936
10545
10710
18926
18929
18931
18932
29095
10551
10711
18933
18936
18938
18939
29096
18941
18942
18943
10548
10551
15170
15172
15174
15176
10552
10554
18940
18942
18944
18946
29099
18948
18949
18950
10556
10716
18955
18956
18957
10552
10717
18947
18950
18952
18953
29102
10558
10718
18954
18957
18959
18960
29103
18962
18963
18964
10555
10558
15177
15179
15181
15183
10559
10560
18961
18963
18965
18967
29106
18969
18970
18971
10561
10723
18976
18977
18978
10559
10724
18968
18971
18973
18974
29109
10562
10725
18975
18978
18980
18981
29110
10562
29078
29080
29082
29084
31668
31669
31670
10730
31667
31670
31672
31673
34193
10567
18982
18983
18986
18987
29115
15186
31675
31676
31677
10571
10592
18983
18984
18985
10567
15188
29118
31681
31683
31685
31687
10573
10733
18989
18991
18993
18995
29119
10593
10734
15190
31682
31683
31684
10575
10594
10735
18990
18991
18992
10574
19003
19004
19007
19008
29122
18997
18998
18999
10578
19004
19005
19006
10574
19010
19012
19014
19016
29125
10580
10740
19017
19019
19021
19023
29126
10595
10741
19011
19012
19013
10582
10742
19018
19019
19020
10581
19031
19032
19035
19036
29129
19025
19026
19027
19032
19033
19034
10581
19038
19040
19042
19044
29132
10747
19045
19047
19049
19051
29133
10748
19039
19040
19041
10749
19046
19047
19048
29136
31689
31690
31691
15193
19053
19054
19055
15195
19065
19067
19069
19071
29139
31695
31697
31699
31701
10590
10754
29140
31696
31697
31698
10601
10755
15197
19066
19067
19068
15186
19079
19080
19081
15189
19088
19089
19090
10593
10759
15190
19095
19096
19097
19103
19104
19106
19107
10595
10762
19109
19110
19112
15193
19114
19115
15211
19119
19120
15196
15213
31703
31704
31705
10601
10766
15197
19124
19125
10767
15215
19129
19130
19133
15211
19135
19136
15219
19140
19141
15214
15221
31710
31711
31712
10772
15215
19145
19146
10773
15223
19150
19151
15219
19155
19156
15226
19160
19161
19162
15222
15228
31717
31718
31719
10777
15223
19169
19170
10619
10778
15230
19174
19175
19176
15226
31724
31725
31726
10617
19182
19184
19186
19188
29164
10620
19183
19184
19185
10617
15229
29166
31730
31732
31734
31736
10619
10782
15230
31731
31732
31733
10622
10783
19189
19192
19194
19195
29168
10623
10784
19190
19191
19192
19198
19199
19200
19206
19207
19208
29171
31738
31739
31740
19216
19218
19220
19222
29173
31744
31746
31748
31750
10790
19217
19218
19219
10626
10791
29175
31745
31746
31747
15238
19232
19233
19234
15240
19241
19242
19243
10629
10795
15242
19252
19253
19254
15252
19261
19262
19263
15254
19268
19269
19270
10632
10798
15256
19275
19276
19277
15266
19282
19283
19284
15268
19293
19294
19295
10636
10801
15270
19300
19301
19302
29178
31752
31753
31754
10639
19315
19316
29180
31759
31760
31761
10642
10804
29182
31766
31767
31768
10643
10805
19324
19325
19329
19330
19331
10644
29192
31772
31774
31776
31778
10646
15278
31773
31774
31775
10644
19335
19337
19339
19341
29194
31766
31768
31770
10809
19336
19337
19338
10810
15281
29196
31779
31782
31784
31785
10647
10811
15282
31780
31781
31782
19342
19343
10650
10816
19345
19346
15280
31787
31788
31789
10653
19349
19350
15282
19354
19355
19356
10656
10818
15284
31794
31795
31796
10657
10819
19361
19362
19366
19367
19368
10655
10658
29199
10659
10660
19365
19367
19369
19371
19380
19382
19384
29204
10658
19372
19374
19376
19378
29201
31794
31796
31798
10823
19373
19374
19375
10659
10824
29203
29207
10661
10825
19372
19375
19377
19378
19391
19392
19394
29208
19380
19381
19382
10665
10830
19391
19392
19393
19400
19401
19402
10664
10667
29206
10668
10669
19399
19401
19403
19405
19414
19416
19418
29211
10667
19391
19393
19395
19406
19408
19410
19412
29208
10832
19407
19408
19409
10668
10833
29210
29214
10671
10834
19406
19409
19411
19412
19428
19429
19431
29215
19414
19415
19416
10673
19421
19422
10676
10839
19428
19429
19430
10677
10840
19435
19436
31801
31802
31803
10675
10678
29213
10679
10680
31800
31802
31804
31806
34225
10678
19428
19430
19432
29215
31807
31809
31811
31813
10682
10843
31808
31809
31810
10679
10844
29217
34228
10683
10845
31807
31810
31812
31813
34229
10683
15296
15298
15300
15302
19443
19445
19447
19449
10685
15303
19444
19445
19446
19451
19452
19453
10850
15306
19450
19453
19455
19456
19461
19464
19466
19467
10687
10851
15307
19462
19463
19464
19469
19470
19471
10689
10695
19475
19476
10698
10855
19479
19480
19481
10690
10699
10856
19485
19486
19488
19489
10705
10859
19491
19492
10693
10723
19494
10694
10727
10861
19495
19496
19497
10731
10863
19499
19500
31815
31816
31817
10697
10700
15305
10701
10703
31814
31816
31818
31820
34232
10700
15307
19479
19481
19483
31821
31823
31825
31827
10705
10865
31822
31823
31824
10701
10866
15309
34235
10707
10867
31821
31824
31826
31827
34236
19503
19504
19505
10704
10707
15310
15312
15314
15316
10708
10710
19502
19504
19506
19508
29225
19510
19511
19512
10712
10872
19517
19518
19519
10708
10873
19509
19512
19514
19515
29228
10714
10874
19516
19519
19521
19522
29229
19524
19525
19526
10711
10714
15317
15319
15321
15323
10715
10717
19523
19525
19527
19529
29232
19531
19532
19533
10719
10879
19538
19539
19540
10715
10880
19530
19533
19535
19536
29235
10721
10881
19537
19540
19542
19543
29236
19545
19546
19547
10718
10721
15324
15326
15328
15330
10722
10724
19544
19546
19548
19550
29239
19552
19553
19554
10726
10886
19559
19560
19561
10722
10887
19551
19554
19556
19557
29242
10728
10888
19558
19561
19563
19564
29243
19566
19567
19568
10725
10728
15331
15333
15335
15337
10729
10730
19565
19567
19569
19571
29246
19573
19574
19575
10731
10893
19580
19581
19582
10729
10894
19572
19575
19577
19578
29249
10732
10895
19579
19582
19584
19585
29250
10732
29218
29220
29222
29224
31829
31830
31831
10900
31828
31831
31833
31834
34242
10737
19586
19587
19590
19591
29255
15340
31836
31837
31838
10741
10762
19587
19588
19589
10737
15342
29258
31842
31844
31846
31848
10743
10903
19593
19595
19597
19599
29259
10763
10904
15344
31843
31844
31845
10745
10764
10905
19594
19595
19596
10744
19607
19608
19611
19612
29262
19601
19602
19603
10748
19608
19609
19610
10744
19614
19616
19618
19620
29265
10750
10910
19621
19623
19625
19627
29266
10765
10911
19615
19616
19617
10752
10912
19622
19623
19624
10751
19635
19636
19639
19640
29269
19629
19630
19631
19636
19637
19638
10751
19642
19644
19646
19648
29272
10917
19649
19651
19653
19655
29273
10918
19643
19644
19645
10919
19650
19651
19652
29276
31850
31851
31852
15347
19657
19658
19659
15349
19669
19671
19673
19675
29279
31856
31858
31860
31862
10760
10924
29280
31857
31858
31859
10771
10925
15351
19670
19671
19672
15340
19683
19684
19685
15343
19692
19693
19694
10763
10929
15344
19699
19700
19701
19707
19708
19710
19711
10765
10932
19713
19714
19716
15347
19718
19719
15365
19723
19724
15350
15367
31864
31865
31866
10771
10936
15351
19728
19729
10937
15369
19733
19734
19737
15365
19739
19740
15373
19744
19745
15368
15375
31871
31872
31873
10942
15369
19749
19750
10943
15377
19754
19755
15373
19759
19760
15380
19764
19765
19766
15376
15382
31878
31879
31880
10947
15377
19773
19774
10789
10948
15384
19778
19779
19780
15380
31885
31886
31887
10787
19786
19788
19790
19792
29304
10790
19787
19788
19789
10787
15383
29306
31891
31893
31895
31897
10789
10952
15384
31892
31893
31894
10792
10953
19793
19796
19798
19799
29308
10793
10954
19794
19795
19796
19802
19803
19804
19810
19811
19812
29311
31899
31900
31901
19820
19822
19824
19826
29313
31905
31907
31909
31911
10960
19821
19822
19823
10796
10961
29315
31906
31907
31908
15392
19836
19837
19838
15394
19845
19846
19847
10799
10965
15396
19856
19857
19858
15406
19865
19866
19867
15408
19872
19873
19874
10802
10968
15410
19879
19880
19881
15420
19886
19887
19888
15422
19897
19898
19899
10806
10971
15424
19904
19905
19906
29318
31913
31914
31915
10809
19919
19920
29320
31920
31921
31922
10812
10974
29322
31927
31928
31929
10813
10975
19928
19929
19933
19934
19935
10814
29332
31933
31935
31937
31939
10816
15432
31934
31935
31936
10814
19939
19941
19943
19945
29334
31927
31929
31931
10979
19940
19941
19942
10980
15435
29336
31940
31943
31945
31946
10817
10981
15436
31941
31942
31943
19946
19947
10820
10986
19949
19950
15434
31948
31949
31950
10823
19953
19954
15436
19958
19959
19960
10826
10988
15438
31955
31956
31957
10827
10989
19965
19966
19970
19971
19972
10825
10828
29339
10829
10830
19969
19971
19973
19975
19984
19986
19988
29344
10828
19976
19978
19980
19982
29341
31955
31957
31959
10993
19977
19978
19979
10829
10994
29343
29347
10831
10995
19976
19979
19981
19982
19995
19996
19998
29348
19984
19985
19986
10835
11000
19995
19996
19997
20004
20005
20006
10834
10837
29346
10838
10839
20003
20005
20007
20009
20018
20020
20022
29351
10837
19995
19997
19999
20010
20012
20014
20016
29348
11002
20011
20012
20013
10838
11003
29350
29354
10841
11004
20010
20013
20015
20016
20032
20033
20035
29355
20018
20019
20020
10843
20025
20026
10846
11009
20032
20033
20034
10847
11010
20039
20040
31962
31963
31964
10845
10848
29353
10849
10850
31961
31963
31965
31967
34274
10848
20032
20034
20036
29355
31968
31970
31972
31974
10852
11013
31969
31970
31971
10849
11014
29357
34277
10853
11015
31968
31971
31973
31974
34278
10853
15450
15452
15454
15456
20047
20049
20051
20053
10855
15457
20048
20049
20050
20055
20056
20057
11020
15460
20054
20057
20059
20060
20065
20068
20070
20071
10857
11021
15461
20066
20067
20068
20073
20074
20075
10859
10865
20079
20080
10868
11025
20083
20084
20085
10860
10869
11026
20089
20090
20092
20093
10875
11029
20095
20096
10863
10893
20098
10864
10897
11031
20099
20100
20101
10901
11033
20103
20104
31976
31977
31978
10867
10870
15459
10871
10873
31975
31977
31979
31981
34281
10870
15461
20083
20085
20087
31982
31984
31986
31988
10875
11035
31983
31984
31985
10871
11036
15463
34284
10877
11037
31982
31985
31987
31988
34285
20107
20108
20109
10874
10877
15464
15466
15468
15470
10878
10880
20106
20108
20110
20112
29365
20114
20115
20116
10882
11042
20121
20122
20123
10878
11043
20113
20116
20118
20119
29368
10884
11044
20120
20123
20125
20126
29369
20128
20129
20130
10881
10884
15471
15473
15475
15477
10885
10887
20127
20129
20131
20133
29372
20135
20136
20137
10889
11049
20142
20143
20144
10885
11050
20134
20137
20139
20140
29375
10891
11051
20141
20144
20146
20147
29376
20149
20150
20151
10888
10891
15478
15480
15482
15484
10892
10894
20148
20150
20152
20154
29379
20156
20157
20158
10896
11056
20163
20164
20165
10892
11057
20155
20158
20160
20161
29382
10898
11058
20162
20165
20167
20168
29383
20170
20171
20172
10895
10898
15485
15487
15489
15491
10899
10900
20169
20171
20173
20175
29386
20177
20178
20179
10901
11063
20184
20185
20186
10899
11064
20176
20179
20181
20182
29389
10902
11065
20183
20186
20188
20189
29390
10902
29358
29360
29362
29364
31990
31991
31992
11070
31989
31992
31994
31995
34291
10907
20190
20191
20194
20195
29395
15494
31997
31998
31999
10911
10932
20191
20192
20193
10907
15496
29398
32003
32005
32007
32009
10913
11073
20197
20199
20201
20203
29399
10933
11074
15498
32004
32005
32006
10915
10934
11075
20198
20199
20200
10914
20211
20212
20215
20216
29402
20205
20206
20207
10918
20212
20213
20214
10914
20218
20220
20222
20224
29405
10920
11080
20225
20227
20229
20231
29406
10935
11081
20219
20220
20221
10922
11082
20226
20227
20228
10921
20239
20240
20243
20244
29409
20233
20234
20235
20240
20241
20242
10921
20246
20248
20250
20252
29412
11087
20253
20255
20257
20259
29413
11088
20247
20248
20249
11089
20254
20255
20256
29416
32011
32012
32013
15501
20261
20262
20263
15503
20273
20275
20277
20279
29419
32017
32019
32021
32023
10930
11094
29420
32018
32019
32020
10941
11095
15505
20274
20275
20276
15494
20287
20288
20289
15497
20296
20297
20298
10933
11099
15498
20303
20304
20305
20311
20312
20314
20315
10935
11102
20317
20318
20320
15501
20322
20323
15519
20327
20328
15504
15521
32025
32026
32027
10941
11106
15505
20332
20333
11107
15523
20337
20338
20341
15519
20343
20344
15527
20348
20349
15522
15529
32032
32033
32034
11112
15523
20353
20354
11113
15531
20358
20359
15527
20363
20364
15534
20368
20369
20370
15530
15536
32039
32040
32041
11117
15531
20377
20378
10959
11118
15538
20382
20383
20384
15534
32046
32047
32048
10957
20390
20392
20394
20396
29444
10960
20391
20392
20393
10957
15537
29446
32052
32054
32056
32058
10959
11122
15538
32053
32054
32055
10962
11123
20397
20400
20402
20403
29448
10963
11124
20398
20399
20400
20406
20407
20408
20414
20415
20416
29451
32060
32061
32062
20424
20426
20428
20430
29453
32066
32068
32070
32072
11130
20425
20426
20427
10966
11131
29455
32067
32068
32069
15546
20440
20441
20442
15548
20449
20450
20451
10969
11135
15550
20460
20461
20462
15560
20469
20470
20471
15562
20476
20477
20478
10972
11138
15564
20483
20484
20485
15574
20490
20491
20492
15576
20501
20502
20503
10976
11141
15578
20508
20509
20510
29458
32074
32075
32076
10979
20523
20524
29460
32081
32082
32083
10982
11144
29462
32088
32089
32090
10983
11145
20532
20533
20537
20538
20539
10984
29472
32094
32096
32098
32100
10986
15586
32095
32096
32097
10984
20543
20545
20547
20549
29474
32088
32090
32092
11149
20544
20545
20546
11150
15589
29476
32101
32104
32106
32107
10987
11151
15590
32102
32103
32104
20550
20551
10990
11156
20553
20554
15588
32109
32110
32111
10993
20557
20558
15590
20562
20563
20564
10996
11158
15592
32116
32117
32118
10997
11159
20569
20570
20574
20575
20576
10995
10998
29479
10999
11000
20573
20575
20577
20579
20588
20590
20592
29484
10998
20580
20582
20584
20586
29481
32116
32118
32120
11163
20581
20582
20583
10999
11164
29483
29487
11001
11165
20580
20583
20585
20586
20599
20600
20602
29488
20588
20589
20590
11005
11170
20599
20600
20601
20608
20609
20610
11004
11007
29486
11008
11009
20607
20609
20611
20613
20622
20624
20626
29491
11007
20599
20601
20603
20614
20616
20618
20620
29488
11172
20615
20616
20617
11008
11173
29490
29494
11011
11174
20614
20617
20619
20620
20636
20637
20639
29495
20622
20623
20624
11013
20629
20630
11016
11179
20636
20637
20638
11017
11180
20643
20644
32123
32124
32125
11015
11018
29493
11019
11020
32122
32124
32126
32128
34323
11018
20636
20638
20640
29495
32129
32131
32133
32135
11022
11183
32130
32131
32132
11019
11184
29497
34326
11023
11185
32129
32132
32134
32135
34327
11023
15604
15606
15608
15610
20651
20653
20655
20657
11025
15611
20652
20653
20654
20659
20660
20661
11190
15614
20658
20661
20663
20664
20669
20672
20674
20675
11027
11191
15615
20670
20671
20672
20677
20678
20679
11029
11035
20683
20684
11038
11195
20687
20688
20689
11030
11039
11196
20693
20694
20696
20697
11045
11199
20699
20700
11033
11063
20702
11034
11067
11201
20703
20704
20705
11071
11203
20707
20708
32137
32138
32139
11037
11040
15613
11041
11043
32136
32138
32140
32142
34330
11040
15615
20687
20689
20691
32143
32145
32147
32149
11045
11205
32144
32145
32146
11041
11206
15617
34333
11047
11207
32143
32146
32148
32149
34334
20711
20712
20713
11044
11047
15618
15620
15622
15624
11048
11050
20710
20712
20714
20716
29505
20718
20719
20720
11052
11212
20725
20726
20727
11048
11213
20717
20720
20722
20723
29508
11054
11214
20724
20727
20729
20730
29509
20732
20733
20734
11051
11054
15625
15627
15629
15631
11055
11057
20731
20733
20735
20737
29512
20739
20740
20741
11059
11219
20746
20747
20748
11055
11220
20738
20741
20743
20744
29515
11061
11221
20745
20748
20750
20751
29516
20753
20754
20755
11058
11061
15632
15634
15636
15638
11062
11064
20752
20754
20756
20758
29519
20760
20761
20762
11066
11226
20767
20768
20769
11062
11227
20759
20762
20764
20765
29522
11068
11228
20766
20769
20771
20772
29523
20774
20775
20776
11065
11068
15639
15641
15643
15645
11069
11070
20773
20775
20777
20779
29526
20781
20782
20783
11071
11233
20788
20789
20790
11069
11234
20780
20783
20785
20786
29529
11072
11235
20787
20790
20792
20793
29530
11072
29498
29500
29502
29504
32151
32152
32153
11240
32150
32153
32155
32156
34340
11077
20794
20795
20798
20799
29535
15648
32158
32159
32160
11081
11102
20795
20796
20797
11077
15650
29538
32164
32166
32168
32170
11083
11243
20801
20803
20805
20807
29539
11103
11244
15652
32165
32166
32167
11085
11104
11245
20802
20803
20804
11084
20815
20816
20819
20820
29542
20809
20810
20811
11088
20816
20817
20818
11084
20822
20824
20826
20828
29545
11090
11250
20829
20831
20833
20835
29546
11105
11251
20823
20824
20825
11092
11252
20830
20831
20832
11091
20843
20844
20847
20848
29549
20837
20838
20839
20844
20845
20846
11091
20850
20852
20854
20856
29552
11257
20857
20859
20861
20863
29553
11258
20851
20852
20853
11259
20858
20859
20860
29556
32172
32173
32174
15655
20865
20866
20867
15657
20877
20879
20881
20883
29559
32178
32180
32182
32184
11100
11264
29560
32179
32180
32181
11111
11265
15659
20878
20879
20880
15648
20891
20892
20893
15651
20900
20901
20902
11103
11269
15652
20907
20908
20909
20915
20916
20918
20919
11105
11272
20921
20922
20924
15655
20926
20927
15673
20931
20932
15658
15675
32186
32187
32188
11111
11276
15659
20936
20937
11277
15677
20941
20942
20945
15673
20947
20948
15681
20952
20953
15676
15683
32193
32194
32195
11282
15677
20957
20958
11283
15685
20962
20963
15681
20967
20968
15688
20972
20973
20974
15684
15690
32200
32201
32202
11287
15685
20981
20982
11129
11288
15692
20986
20987
20988
15688
32207
32208
32209
11127
20994
20996
20998
21000
29584
11130
20995
20996
20997
11127
15691
29586
32213
32215
32217
32219
11129
11292
15692
32214
32215
32216
11132
11293
21001
21004
21006
21007
29588
11133
11294
21002
21003
21004
21010
21011
21012
21018
21019
21020
29591
32221
32222
32223
21028
21030
21032
21034
29593
32227
32229
32231
32233
11300
21029
21030
21031
11136
11301
29595
32228
32229
32230
15700
21044
21045
21046
15702
21053
21054
21055
11139
11305
15704
21064
21065
21066
15714
21073
21074
21075
15716
21080
21081
21082
11142
11308
15718
21087
21088
21089
15728
21094
21095
21096
15730
21105
21106
21107
11146
11311
15732
21112
21113
21114
29598
32235
32236
32237
11149
21127
21128
29600
32242
32243
32244
11152
11314
29602
32249
32250
32251
11153
11315
21136
21137
21141
21142
21143
11154
29612
32255
32257
32259
32261
11156
15740
32256
32257
32258
11154
21147
21149
21151
21153
29614
32249
32251
32253
11319
21148
21149
21150
11320
15743
29616
32262
32265
32267
32268
11157
11321
15744
32263
32264
32265
21154
21155
11160
11326
21157
21158
15742
32270
32271
32272
11163
21161
21162
15744
21166
21167
21168
11166
11328
15746
32277
32278
32279
11167
11329
21173
21174
21178
21179
21180
11165
11168
29619
11169
11170
21177
21179
21181
21183
21192
21194
21196
29624
11168
21184
21186
21188
21190
29621
32277
32279
32281
11333
21185
21186
21187
11169
11334
29623
29627
11171
11335
21184
21187
21189
21190
21203
21204
21206
29628
21192
21193
21194
11175
11340
21203
21204
21205
21212
21213
21214
11174
11177
29626
11178
11179
21211
21213
21215
21217
21226
21228
21230
29631
11177
21203
21205
21207
21218
21220
21222
21224
29628
11342
21219
21220
21221
11178
11343
29630
29634
11181
11344
21218
21221
21223
21224
21240
21241
21243
29635
21226
21227
21228
11183
21233
21234
11186
11349
21240
21241
21242
11187
11350
21247
21248
32284
32285
32286
11185
11188
29633
11189
11190
32283
32285
32287
32289
34372
11188
21240
21242
21244
29635
32290
32292
32294
32296
11192
11353
32291
32292
32293
11189
11354
29637
34375
11193
11355
32290
32293
32295
32296
34376
11193
15758
15760
15762
15764
21255
21257
21259
21261
11195
15765
21256
21257
21258
21263
21264
21265
11360
15768
21262
21265
21267
21268
21273
21276
21278
21279
11197
11361
15769
21274
21275
21276
21281
21282
21283
11199
11205
21287
21288
11208
11365
21291
21292
21293
11200
11209
11366
21297
21298
21300
21301
11215
11369
21303
21304
11203
11233
21306
11204
11237
11371
21307
21308
21309
11241
11373
21311
21312
32298
32299
32300
11207
11210
15767
11211
11213
32297
32299
32301
32303
34379
11210
15769
21291
21293
21295
32304
32306
32308
32310
11215
11375
32305
32306
32307
11211
11376
15771
34382
11217
11377
32304
32307
32309
32310
34383
21315
21316
21317
11214
11217
15772
15774
15776
15778
11218
11220
21314
21316
21318
21320
29645
21322
21323
21324
11222
11382
21329
21330
21331
11218
11383
21321
21324
21326
21327
29648
11224
11384
21328
21331
21333
21334
29649
21336
21337
21338
11221
11224
15779
15781
15783
15785
11225
11227
21335
21337
21339
21341
29652
21343
21344
21345
11229
11389
21350
21351
21352
11225
11390
21342
21345
21347
21348
29655
11231
11391
21349
21352
21354
21355
29656
21357
21358
21359
11228
11231
15786
15788
15790
15792
11232
11234
21356
21358
21360
21362
29659
21364
21365
21366
11236
11396
21371
21372
21373
11232
11397
21363
21366
21368
21369
29662
11238
11398
21370
21373
21375
21376
29663
21378
21379
21380
11235
11238
15793
15795
15797
15799
11239
11240
21377
21379
21381
21383
29666
21385
21386
21387
11241
11403
21392
21393
21394
11239
11404
21384
21387
21389
21390
29669
11242
11405
21391
21394
21396
21397
29670
11242
29638
29640
29642
29644
32312
32313
32314
11410
32311
32314
32316
32317
34387
11247
21398
21399
21402
21403
29675
15802
32319
32320
32321
11251
11272
21399
21400
21401
11247
15804
29678
32325
32327
32329
32331
11253
11413
21405
21407
21409
21411
29679
11273
11414
15806
32326
32327
32328
11255
11274
11415
21406
21407
21408
11254
21419
21420
21423
21424
29682
21413
21414
21415
11258
21420
21421
21422
11254
21426
21428
21430
21432
29685
11260
11420
21433
21435
21437
21439
29686
11275
11421
21427
21428
21429
11262
11422
21434
21435
21436
11261
21447
21448
21451
21452
29689
21441
21442
21443
21448
21449
21450
11261
21454
21456
21458
21460
29692
11427
21461
21463
21465
21467
29693
11428
21455
21456
21457
11429
21462
21463
21464
29696
32333
32334
32335
15809
21469
21470
21471
15811
21481
21483
21485
21487
29699
32339
32341
32343
32345
11270
11434
29700
32340
32341
32342
11281
11435
15813
21482
21483
21484
15802
21495
21496
21497
15805
21504
21505
21506
11273
11439
15806
21511
21512
21513
21519
21520
21522
21523
11275
11442
21525
21526
21528
15809
21530
21531
15827
21535
21536
15812
15829
32347
32348
32349
11281
11446
15813
21540
21541
11447
15831
21545
21546
21549
15827
21551
21552
15835
21556
21557
15830
15837
32354
32355
32356
11452
15831
21561
21562
11453
15839
21566
21567
15835
21571
21572
15842
21576
21577
21578
15838
15844
32361
32362
32363
11457
15839
21585
21586
11299
11458
15846
21590
21591
21592
15842
32368
32369
32370
11297
21598
21600
21602
21604
29724
11300
21599
21600
21601
11297
15845
29726
32374
32376
32378
32380
11299
11462
15846
32375
32376
32377
11302
11463
21605
21608
21610
21611
29728
11303
11464
21606
21607
21608
21614
21615
21616
21622
21623
21624
29731
32382
32383
32384
21632
21634
21636
21638
29733
32388
32390
32392
32394
11470
21633
21634
21635
11306
11471
29735
32389
32390
32391
15854
21648
21649
21650
15856
21657
21658
21659
11309
11475
15858
21668
21669
21670
15868
21677
21678
21679
15870
21684
21685
21686
11312
11478
15872
21691
21692
21693
15882
21698
21699
21700
15884
21709
21710
21711
11316
11481
15886
21716
21717
21718
29738
32396
32397
32398
11319
21731
21732
29740
32403
32404
32405
11322
11484
29742
32410
32411
32412
11323
11485
21740
21741
21745
21746
21747
11324
29752
32416
32418
32420
32422
11326
15894
32417
32418
32419
11324
21751
21753
21755
21757
29754
32410
32412
32414
11489
21752
21753
21754
11490
15897
29756
32423
32426
32428
32429
11327
11491
15898
32424
32425
32426
21758
21759
11330
11496
21761
21762
15896
32431
32432
32433
11333
21765
21766
15898
21770
21771
21772
11336
11498
15900
32438
32439
32440
11337
11499
21777
21778
21782
21783
21784
11335
11338
29759
11339
11340
21781
21783
21785
21787
21796
21798
21800
29764
11338
21788
21790
21792
21794
29761
32438
32440
32442
11503
21789
21790
21791
11339
11504
29763
29767
11341
11505
21788
21791
21793
21794
21807
21808
21810
29768
21796
21797
21798
11345
11510
21807
21808
21809
21816
21817
21818
11344
11347
29766
11348
11349
21815
21817
21819
21821
21830
21832
21834
29771
11347
21807
21809
21811
21822
21824
21826
21828
29768
11512
21823
21824
21825
11348
11513
29770
29774
11351
11514
21822
21825
21827
21828
21844
21845
21847
29775
21830
21831
21832
11353
21837
21838
11356
11519
21844
21845
21846
11357
11520
21851
21852
32445
32446
32447
11355
11358
29773
11359
11360
32444
32446
32448
32450
34417
11358
21844
21846
21848
29775
32451
32453
32455
32457
11362
11523
32452
32453
32454
11359
11524
29777
34420
11363
11525
32451
32454
32456
32457
34421
11363
15912
15914
15916
15918
21859
21861
21863
21865
11365
15919
21860
21861
21862
21867
21868
21869
11530
15922
21866
21869
21871
21872
21877
21880
21882
21883
11367
11531
15923
21878
21879
21880
21885
21886
21887
11369
11375
21891
21892
11378
11535
21895
21896
21897
11370
11379
11536
21901
21902
21904
21905
11385
11539
21907
21908
11373
11403
21910
11374
11407
11541
21911
21912
21913
11411
11543
21915
21916
32459
32460
32461
11377
11380
15921
11381
11383
32458
32460
32462
32464
34424
11380
15923
21895
21897
21899
32465
32467
32469
32471
11385
11545
32466
32467
32468
11381
11546
15925
34427
11387
11547
32465
32468
32470
32471
34428
21919
21920
21921
11384
11387
15926
15928
15930
15932
11388
11390
21918
21920
21922
21924
29785
21926
21927
21928
11392
11552
21933
21934
21935
11388
11553
21925
21928
21930
21931
29788
11394
11554
21932
21935
21937
21938
29789
21940
21941
21942
11391
11394
15933
15935
15937
15939
11395
11397
21939
21941
21943
21945
29792
21947
21948
21949
11399
11559
21954
21955
21956
11395
11560
21946
21949
21951
21952
29795
11401
11561
21953
21956
21958
21959
29796
21961
21962
21963
11398
11401
15940
15942
15944
15946
11402
11404
21960
21962
21964
21966
29799
21968
21969
21970
11406
11566
21975
21976
21977
11402
11567
21967
21970
21972
21973
29802
11408
11568
21974
21977
21979
21980
29803
21982
21983
21984
11405
11408
15947
15949
15951
15953
11409
11410
21981
21983
21985
21987
29806
21989
21990
21991
11411
11573
21996
21997
21998
11409
11574
21988
21991
21993
21994
29809
11412
11575
21995
21998
22000
22001
29810
11412
29778
29780
29782
29784
32473
32474
32475
11580
32472
32475
32477
32478
34432
11417
22002
22003
22006
22007
29815
15956
32480
32481
32482
11421
11442
22003
22004
22005
11417
15958
29818
32486
32488
32490
32492
11423
11583
22009
22011
22013
22015
29819
11443
11584
15960
32487
32488
32489
11425
11444
11585
22010
22011
22012
11424
22023
22024
22027
22028
29822
22017
22018
22019
11428
22024
22025
22026
11424
22030
22032
22034
22036
29825
11430
11590
22037
22039
22041
22043
29826
11445
11591
22031
22032
22033
11432
11592
22038
22039
22040
11431
22051
22052
22055
22056
29829
22045
22046
22047
22052
22053
22054
11431
22058
22060
22062
22064
29832
11597
22065
22067
22069
22071
29833
11598
22059
22060
22061
11599
22066
22067
22068
29836
32494
32495
32496
15963
22073
22074
22075
15965
22085
22087
22089
22091
29839
32500
32502
32504
32506
11440
11604
29840
32501
32502
32503
11451
11605
15967
22086
22087
22088
15956
22099
22100
22101
15959
22108
22109
22110
11443
11609
15960
22115
22116
22117
22123
22124
22126
22127
11445
11612
22129
22130
22132
15963
22134
22135
15981
22139
22140
15966
15983
32508
32509
32510
11451
11616
15967
22144
22145
11617
15985
22149
22150
22153
15981
22155
22156
15989
22160
22161
15984
15991
32515
32516
32517
11622
15985
22165
22166
11623
15993
22170
22171
15989
22175
22176
15996
22180
22181
22182
15992
15998
32522
32523
32524
11627
15993
22189
22190
11469
11628
16000
22194
22195
22196
15996
32529
32530
32531
11467
22202
22204
22206
22208
29864
11470
22203
22204
22205
11467
15999
29866
32535
32537
32539
32541
11469
11632
16000
32536
32537
32538
11472
11633
22209
22212
22214
22215
29868
11473
11634
22210
22211
22212
22218
22219
22220
22226
22227
22228
29871
32543
32544
32545
22236
22238
22240
22242
29873
32549
32551
32553
32555
11640
22237
22238
22239
11476
11641
29875
32550
32551
32552
16008
22252
22253
22254
16010
22261
22262
22263
11479
11645
16012
22272
22273
22274
16022
22281
22282
22283
16024
22288
22289
22290
11482
11648
16026
22295
22296
22297
16036
22302
22303
22304
16038
22313
22314
22315
11486
11651
16040
22320
22321
22322
29878
32557
32558
32559
11489
22335
22336
29880
32564
32565
32566
11492
11654
29882
32571
32572
32573
11493
11655
22344
22345
22349
22350
22351
11494
29892
32577
32579
32581
32583
11496
16048
32578
32579
32580
11494
22355
22357
22359
22361
29894
32571
32573
32575
11659
22356
22357
22358
11660
16051
29896
32584
32587
32589
32590
11497
11661
16052
32585
32586
32587
22362
22363
11500
11666
22365
22366
16050
32592
32593
32594
11503
22369
22370
16052
22374
22375
22376
11506
11668
16054
32599
32600
32601
11507
11669
22381
22382
22386
22387
22388
11505
11508
29899
11509
11510
22385
22387
22389
22391
22400
22402
22404
29904
11508
22392
22394
22396
22398
29901
32599
32601
32603
11673
22393
22394
22395
11509
11674
29903
29907
11511
11675
22392
22395
22397
22398
22411
22412
22414
29908
22400
22401
22402
11515
11680
22411
22412
22413
22420
22421
22422
11514
11517
29906
11518
11519
22419
22421
22423
22425
22434
22436
22438
29911
11517
22411
22413
22415
22426
22428
22430
22432
29908
11682
22427
22428
22429
11518
11683
29910
29914
11521
11684
22426
22429
22431
22432
22448
22449
22451
29915
22434
22435
22436
11523
22441
22442
11526
11689
22448
22449
22450
11527
11690
22455
22456
32606
32607
32608
11525
11528
29913
11529
11530
32605
32607
32609
32611
34462
11528
22448
22450
22452
29915
32612
32614
32616
32618
11532
11693
32613
32614
32615
11529
11694
29917
34465
11533
11695
32612
32615
32617
32618
34466
11533
16066
16068
16070
16072
22463
22465
22467
22469
11535
16073
22464
22465
22466
22471
22472
22473
11700
16076
22470
22473
22475
22476
22481
22484
22486
22487
11537
11701
16077
22482
22483
22484
22489
22490
22491
11539
11545
22495
22496
11548
11705
22499
22500
22501
11540
11549
11706
22505
22506
22508
22509
11555
11709
22511
22512
11543
11573
22514
11544
11577
11711
22515
22516
22517
11581
11713
22519
22520
32620
32621
32622
11547
11550
16075
11551
11553
32619
32621
32623
32625
34469
11550
16077
22499
22501
22503
32626
32628
32630
32632
11555
11715
32627
32628
32629
11551
11716
16079
34472
11557
11717
32626
32629
32631
32632
34473
22523
22524
22525
11554
11557
16080
16082
16084
16086
11558
11560
22522
22524
22526
22528
29925
22530
22531
22532
11562
11722
22537
22538
22539
11558
11723
22529
22532
22534
22535
29928
11564
11724
22536
22539
22541
22542
29929
22544
22545
22546
11561
11564
16087
16089
16091
16093
11565
11567
22543
22545
22547
22549
29932
22551
22552
22553
11569
11729
22558
22559
22560
11565
11730
22550
22553
22555
22556
29935
11571
11731
22557
22560
22562
22563
29936
22565
22566
22567
11568
11571
16094
16096
16098
16100
11572
11574
22564
22566
22568
22570
29939
22572
22573
22574
11576
11736
22579
22580
22581
11572
11737
22571
22574
22576
22577
29942
11578
11738
22578
22581
22583
22584
29943
22586
22587
22588
11575
11578
16101
16103
16105
16107
11579
11580
22585
22587
22589
22591
29946
22593
22594
22595
11581
11743
22600
22601
22602
11579
11744
22592
22595
22597
22598
29949
11582
11745
22599
22602
22604
22605
29950
11582
29918
29920
29922
29924
32634
32635
32636
11750
32633
32636
32638
32639
34477
11587
22606
22607
22610
22611
29955
16110
32641
32642
32643
11591
11612
22607
22608
22609
11587
16112
29958
32647
32649
32651
32653
11593
11753
22613
22615
22617
22619
29959
11613
11754
16114
32648
32649
32650
11595
11614
11755
22614
22615
22616
11594
22627
22628
22631
22632
29962
22621
22622
22623
11598
22628
22629
22630
11594
22634
22636
22638
22640
29965
11600
11760
22641
22643
22645
22647
29966
11615
11761
22635
22636
22637
11602
11762
22642
22643
22644
11601
22655
22656
22659
22660
29969
22649
22650
22651
22656
22657
22658
11601
22662
22664
22666
22668
29972
11767
22669
22671
22673
22675
29973
11768
22663
22664
22665
11769
22670
22671
22672
29976
32655
32656
32657
16117
22677
22678
22679
16119
22689
22691
22693
22695
29979
32661
32663
32665
32667
11610
11779
29980
32662
32663
32664
11621
11780
16121
22690
22691
22692
16110
22703
22704
22705
16113
22712
22713
22714
11613
11784
16114
22719
22720
22721
22727
22728
22730
22731
11615
11787
22733
22734
22736
16117
22738
22739
16135
22743
22744
16120
16137
32669
32670
32671
11621
11793
16121
22748
22749
11794
16139
22753
22754
22757
16135
22759
22760
16143
22764
22765
16138
16145
32676
32677
32678
11799
16139
22769
22770
11800
16147
22774
22775
16143
22779
22780
16150
22784
22785
22786
16146
16152
32683
32684
32685
11804
16147
22793
22794
11639
11805
16154
22798
22799
22800
16150
32690
32691
32692
11637
22806
22808
22810
22812
30004
11640
22807
22808
22809
11637
16153
30006
32696
32698
32700
32702
11639
11809
16154
32697
32698
32699
11642
11810
22813
22816
22818
22819
30008
11643
11811
22814
22815
22816
22822
22823
22824
22830
22831
22832
30011
32704
32705
32706
22840
22842
22844
22846
30013
32710
32712
32714
32716
11817
22841
22842
22843
11646
11818
30015
32711
32712
32713
16162
22856
22857
22858
16164
22865
22866
22867
11649
11822
16166
22876
22877
22878
16176
22885
22886
22887
16178
22892
22893
22894
11652
11825
16180
22899
22900
22901
16190
22906
22907
22908
16192
22917
22918
22919
11656
11828
16194
22924
22925
22926
30018
32718
32719
32720
11659
22939
22940
30020
32725
32726
32727
11662
11831
30022
32732
32733
32734
11663
11832
22948
22949
22953
22954
22955
11664
30032
32738
32740
32742
32744
11666
16202
32739
32740
32741
11664
22959
22961
22963
22965
30034
32732
32734
32736
11836
22960
22961
22962
11837
16205
30036
32745
32748
32750
32751
11667
11838
16206
32746
32747
32748
22966
22967
11670
11843
22969
22970
16204
32753
32754
32755
11673
22973
22974
16206
22978
22979
22980
11676
11845
16208
32760
32761
32762
11677
11846
22985
22986
22990
22991
22992
11675
11678
30039
11679
11680
22989
22991
22993
22995
23004
23006
23008
30044
11678
22996
22998
23000
23002
30041
32760
32762
32764
11850
22997
22998
22999
11679
11851
30043
30047
11681
11852
22996
22999
23001
23002
23015
23016
23018
30048
23004
23005
23006
11685
11857
23015
23016
23017
23024
23025
23026
11684
11687
30046
11688
11689
23023
23025
23027
23029
23038
23040
23042
30051
11687
23015
23017
23019
23030
23032
23034
23036
30048
11859
23031
23032
23033
11688
11860
30050
30054
11691
11861
23030
23033
23035
23036
23052
23053
23055
30055
23038
23039
23040
11693
23045
23046
11696
11866
23052
23053
23054
11697
11867
23059
23060
32767
32768
32769
11695
11698
30053
11699
11700
32766
32768
32770
32772
34507
11698
23052
23054
23056
30055
32773
32775
32777
32779
11702
11870
32774
32775
32776
11699
11871
30057
34510
11703
11872
32773
32776
32778
32779
34511
11703
16220
16222
16224
16226
23067
23069
23071
23073
11705
16227
23068
23069
23070
23075
23076
23077
11877
16230
23074
23077
23079
23080
23085
23088
23090
23091
11707
11878
16231
23086
23087
23088
23093
23094
23095
11709
11715
23099
23100
11718
11882
23103
23104
23105
11710
11719
11883
23109
23110
23112
23113
11725
11886
23115
23116
11713
11743
23118
11714
11747
11888
23119
23120
23121
11751
11890
23123
23124
32781
32782
32783
11717
11720
16229
11721
11723
32780
32782
32784
32786
34514
11720
16231
23103
23105
23107
32787
32789
32791
32793
11725
11892
32788
32789
32790
11721
11893
16233
34517
11727
11894
32787
32790
32792
32793
34518
23127
23128
23129
11724
11727
16234
16236
16238
16240
11728
11730
23126
23128
23130
23132
30065
23134
23135
23136
11732
11899
23141
23142
23143
11728
11900
23133
23136
23138
23139
30068
11734
11901
23140
23143
23145
23146
30069
23148
23149
23150
11731
11734
16241
16243
16245
16247
11735
11737
23147
23149
23151
23153
30072
23155
23156
23157
11739
11906
23162
23163
23164
11735
11907
23154
23157
23159
23160
30075
11741
11908
23161
23164
23166
23167
30076
23169
23170
23171
11738
11741
16248
16250
16252
16254
11742
11744
23168
23170
23172
23174
30079
23176
23177
23178
11746
11913
23183
23184
23185
11742
11914
23175
23178
23180
23181
30082
11748
11915
23182
23185
23187
23188
30083
23190
23191
23192
11745
11748
16255
16257
16259
16261
11749
11750
23189
23191
23193
23195
30086
23197
23198
23199
11751
11920
23204
23205
23206
11749
11921
23196
23199
23201
23202
30089
11752
11922
23203
23206
23208
23209
30090
11752
30058
30060
30062
30064
32795
32796
32797
11927
32794
32797
32799
32800
34522
11757
23210
23211
23214
23215
30095
16264
32802
32803
32804
11761
11787
23211
23212
23213
11757
16266
30098
32808
32810
32812
32814
11763
11930
23217
23219
23221
23223
30099
11788
11931
16268
32809
32810
32811
11765
11789
11932
23218
23219
23220
11764
23231
23232
23235
23236
30102
23225
23226
23227
11768
23232
23233
23234
11764
23238
23240
23242
23244
30105
11770
11937
23245
23247
23249
23251
30106
11790
11938
23239
23240
23241
11772
11939
23246
23247
23248
11771
23259
23260
23263
23264
30109
23253
23254
23255
11774
23260
23261
23262
11771
23266
23268
23270
23272
30112
11775
11944
23273
23275
23277
23279
30113
11945
23267
23268
23269
11777
11946
23274
23275
23276
23281
23282
23283
11776
23287
23289
23291
23293
30119
11951
30120
32815
32817
32819
32821
11791
11952
23288
23289
23290
11792
11953
32816
32817
32818
30123
32823
32824
32825
16271
23295
23296
23297
16273
23307
23309
23311
23313
30126
32829
32831
32833
32835
11785
11958
30127
32830
32831
32832
11798
11959
16275
23308
23309
23310
16264
23321
23322
23323
16267
23330
23331
23332
11788
11963
16268
23337
23338
23339
23345
23346
23348
23349
11790
11966
23351
23352
23354
23355
23356
11970
23358
23359
16271
23362
23363
16292
23367
23368
16274
16294
32837
32838
32839
11798
11973
16275
23372
23373
11974
16296
23377
23378
23381
16292
23383
23384
16300
23388
23389
16295
16302
32844
32845
32846
11979
16296
23393
23394
11980
16304
23398
23399
16300
23403
23404
16307
23408
23409
23410
16303
16309
32851
32852
32853
11984
16304
23417
23418
11816
11985
16311
23422
23423
23424
16307
32858
32859
32860
11814
23430
23432
23434
23436
30151
11817
23431
23432
23433
11814
16310
30153
32864
32866
32868
32870
11816
11989
16311
32865
32866
32867
11819
11990
23437
23440
23442
23443
30155
11820
11991
23438
23439
23440
23446
23447
23448
23454
23455
23456
30158
32872
32873
32874
23464
23466
23468
23470
30160
32878
32880
32882
32884
11997
23465
23466
23467
11823
11998
30162
32879
32880
32881
16319
23480
23481
23482
16321
23489
23490
23491
11826
12002
16323
23500
23501
23502
16333
23509
23510
23511
16335
23516
23517
23518
11829
12005
16337
23523
23524
23525
16347
23530
23531
23532
16349
23541
23542
23543
11833
12008
16351
23548
23549
23550
30165
32886
32887
32888
11836
23563
23564
30167
32893
32894
32895
11839
12011
30169
32900
32901
32902
11840
12012
23572
23573
23577
23578
23579
11841
30179
32906
32908
32910
32912
11843
16359
32907
32908
32909
11841
23583
23585
23587
23589
30181
32900
32902
32904
12016
23584
23585
23586
12017
16362
30183
32913
32916
32918
32919
11844
12018
16363
32914
32915
32916
23590
23591
11847
12023
23593
23594
16361
32921
32922
32923
11850
23597
23598
16363
23602
23603
23604
11853
12025
16365
32928
32929
32930
11854
12026
23609
23610
23614
23615
23616
11852
11855
30186
11856
11857
23613
23615
23617
23619
23628
23630
23632
30191
11855
23620
23622
23624
23626
30188
32928
32930
32932
12030
23621
23622
23623
11856
12031
30190
30194
11858
12032
23620
23623
23625
23626
23639
23640
23642
30195
23628
23629
23630
11862
12037
23639
23640
23641
23648
23649
23650
11861
11864
30193
11865
11866
23647
23649
23651
23653
23662
23664
23666
30198
11864
23639
23641
23643
23654
23656
23658
23660
30195
12039
23655
23656
23657
11865
12040
30197
30201
11868
12041
23654
23657
23659
23660
23676
23677
23679
30202
23662
23663
23664
11870
23669
23670
11873
12046
23676
23677
23678
11874
12047
23683
23684
32935
32936
32937
11872
11875
30200
11876
11877
32934
32936
32938
32940
34552
11875
23676
23678
23680
30202
32941
32943
32945
32947
11879
12050
32942
32943
32944
11876
12051
30204
34555
11880
12052
32941
32944
32946
32947
34556
11880
16377
16379
16381
16383
23691
23693
23695
23697
11882
16384
23692
23693
23694
23699
23700
23701
12057
16387
23698
23701
23703
23704
23709
23712
23714
23715
11884
12058
16388
23710
23711
23712
23717
23718
23719
11886
11892
23723
23724
11895
12062
23727
23728
23729
11887
11896
12063
23733
23734
23736
23737
11902
12066
23739
23740
11890
11920
23742
11891
11924
23743
23744
23745
11928
23747
23748
32949
32950
32951
11894
11897
16386
11898
11900
32948
32950
32952
32954
34559
11897
16388
23727
23729
23731
32955
32957
32959
32961
11902
12068
32956
32957
32958
11898
12069
16390
34562
11904
12070
32955
32958
32960
32961
34563
23751
23752
23753
11901
11904
16391
16393
16395
16397
11905
11907
23750
23752
23754
23756
30212
23758
23759
23760
11909
12075
23765
23766
23767
11905
12076
23757
23760
23762
23763
30215
11911
12077
23764
23767
23769
23770
30216
23772
23773
23774
11908
11911
16398
16400
16402
16404
11912
11914
23771
23773
23775
23777
30219
23779
23780
23781
11916
12082
23786
23787
23788
11912
12083
23778
23781
23783
23784
30222
11918
12084
23785
23788
23790
23791
30223
23793
23794
23795
11915
11918
16405
16407
16409
16411
11919
11921
23792
23794
23796
23798
30226
23800
23801
23802
11923
12089
23807
23808
23809
11919
12090
23799
23802
23804
23805
30229
11925
12091
23806
23809
23811
23812
30230
23814
23815
23816
11922
11925
16412
16414
16416
16418
11926
11927
23813
23815
23817
23819
30233
23821
23822
23823
11928
23828
23829
23830
11926
12096
23820
23823
23825
23826
30236
11929
23827
23830
23832
23833
30237
11929
30205
30207
30209
30211
32963
32964
32965
32962
32965
32967
32968
34567
11934
23834
23835
23838
23839
30242
16421
32970
32971
32972
11938
11966
23835
23836
23837
11934
16423
30245
32976
32978
32980
32982
11940
12099
23841
23843
23845
23847
30246
11967
12100
16425
32977
32978
32979
11942
11968
12101
23842
23843
23844
11941
23855
23856
23859
23860
30249
23849
23850
23851
11945
23856
23857
23858
11941
23862
23864
23866
23868
30252
11947
12106
23869
23871
23873
23875
30253
11969
12107
23863
23864
23865
11949
12108
23870
23871
23872
11948
23883
23884
23887
23888
30256
23877
23878
23879
11952
23884
23885
23886
11948
23890
23892
23894
23896
30259
11954
12113
23897
23899
23901
23903
30260
12114
23891
23892
23893
11956
12115
23898
23899
23900
11955
30263
32983
32984
32987
32988
23905
23906
23907
11970
32984
32985
32986
11955
23911
23913
23915
23917
30266
12120
30267
32990
32992
32994
32996
11971
12121
23912
23913
23914
11972
12122
32991
32992
32993
30270
32998
32999
33000
16428
23919
23920
23921
16430
23931
23933
23935
23937
30273
33004
33006
33008
33010
11964
12129
30274
33005
33006
33007
11978
12130
16432
23932
23933
23934
16421
23945
23946
23947
16424
23954
23955
23956
11967
12134
16425
23961
23962
23963
23969
23970
23972
23973
11969
12137
23975
23976
23978
23979
23980
23982
23983
12141
23985
23986
16428
23989
23990
16449
23994
23995
16431
16451
33012
33013
33014
11978
12145
16432
23999
24000
12146
16453
24004
24005
24008
16449
24010
24011
16457
24015
24016
16452
16459
33019
33020
33021
12151
16453
24020
24021
12152
16461
24025
24026
16457
24030
24031
16464
24035
24036
24037
16460
16466
33026
33027
33028
12156
16461
24044
24045
11996
12157
16468
24049
24050
24051
16464
33033
33034
33035
11994
24057
24059
24061
24063
30298
11997
24058
24059
24060
11994
16467
30300
33039
33041
33043
33045
11996
12161
16468
33040
33041
33042
11999
12162
24064
24067
24069
24070
30302
12000
12163
24065
24066
24067
24073
24074
24075
24081
24082
24083
30305
33047
33048
33049
24091
24093
24095
24097
30307
33053
33055
33057
33059
12169
24092
24093
24094
12003
12170
30309
33054
33055
33056
16476
24107
24108
24109
16478
24116
24117
24118
12006
12174
16480
24127
24128
24129
16490
24136
24137
24138
16492
24143
24144
24145
12009
12177
16494
24150
24151
24152
16504
24157
24158
24159
16506
24168
24169
24170
12013
12180
16508
24175
24176
24177
30312
33061
33062
33063
12016
24190
24191
30314
33068
33069
33070
12019
12183
30316
33075
33076
33077
12020
12184
24199
24200
24204
24205
24206
12021
30326
33081
33083
33085
33087
12023
16516
33082
33083
33084
12021
24210
24212
24214
24216
30328
33075
33077
33079
12188
24211
24212
24213
12189
16519
30330
33088
33091
33093
33094
12024
12190
16520
33089
33090
33091
24217
24218
12027
12195
24220
24221
16518
33096
33097
33098
12030
24224
24225
16520
24229
24230
24231
12033
12197
16522
33103
33104
33105
12034
12198
24236
24237
24241
24242
24243
12032
12035
30333
12036
12037
24240
24242
24244
24246
24255
24257
24259
30338
12035
24247
24249
24251
24253
30335
33103
33105
33107
12202
24248
24249
24250
12036
12203
30337
30341
12038
12204
24247
24250
24252
24253
24266
24267
24269
30342
24255
24256
24257
12042
12209
24266
24267
24268
24275
24276
24277
12041
12044
30340
12045
12046
24274
24276
24278
24280
24289
24291
24293
30345
12044
24266
24268
24270
24281
24283
24285
24287
30342
12211
24282
24283
24284
12045
12212
30344
30348
12048
12213
24281
24284
24286
24287
24303
24304
24306
30349
24289
24290
24291
12050
24296
24297
12053
12218
24303
24304
24305
12054
12219
24310
24311
33110
33111
33112
12052
12055
30347
12056
12057
33109
33111
33113
33115
34597
12055
24303
24305
24307
30349
33116
33118
33120
33122
12059
12222
33117
33118
33119
12056
12223
30351
34600
12060
12224
33116
33119
33121
33122
34601
12060
16534
16536
16538
16540
24318
24320
24322
24324
12062
16541
24319
24320
24321
24326
24327
24328
12229
16544
24325
24328
24330
24331
24336
24339
24341
24342
12064
12230
16545
24337
24338
24339
24344
24345
24346
12066
12068
24350
24351
12071
12234
24354
24355
24356
12067
12072
12235
24360
24361
24363
24364
12078
12238
24366
24367
33124
33125
33126
12070
12073
16543
12074
12076
33123
33125
33127
33129
34604
12073
16545
24354
24356
24358
33130
33132
33134
33136
12078
12240
33131
33132
33133
12074
12241
16547
34607
12080
12242
33130
33133
33135
33136
34608
24370
24371
24372
12077
12080
16548
16550
16552
16554
12081
12083
24369
24371
24373
24375
30352
24377
24378
24379
12085
12247
24384
24385
24386
12081
12248
24376
24379
24381
24382
30355
12087
12249
24383
24386
24388
24389
30356
24391
24392
24393
12084
12087
16555
16557
16559
16561
12088
12090
24390
24392
24394
24396
30359
24398
24399
24400
12092
12254
24405
24406
24407
12088
12255
24397
24400
24402
24403
30362
12094
12256
24404
24407
24409
24410
30363
24412
24413
24414
12091
12094
16562
16564
16566
16568
12095
12096
24411
24413
24415
24417
30366
24419
24420
24421
12097
12261
24426
24427
24428
12095
12262
24418
24421
24423
24424
30369
12098
12263
24425
24428
24430
24431
30370
12098
16569
16571
16573
16575
24433
24434
24435
12268
24432
24435
24437
24438
30376
12103
24439
24440
24443
24444
30382
16578
33138
33139
33140
12107
12137
24440
24441
24442
12103
16580
30385
33144
33146
33148
33150
12109
12271
24446
24448
24450
24452
30386
12138
12272
16582
33145
33146
33147
12111
12139
12273
24447
24448
24449
12110
24460
24461
24464
24465
30389
24454
24455
24456
12114
24461
24462
24463
12110
24467
24469
24471
24473
30392
12116
12278
24474
24476
24478
24480
30393
12140
12279
24468
24469
24470
12118
12280
24475
24476
24477
12117
24488
24489
24492
24493
30396
24482
24483
24484
12121
24489
24490
24491
12117
24495
24497
24499
24501
30399
12123
12285
24502
24504
24506
24508
30400
12286
24496
24497
24498
12125
12287
24503
24504
24505
12124
30403
33151
33152
33155
33156
24510
24511
24512
12141
33152
33153
33154
12124
24516
24518
24520
24522
30406
12127
12292
30407
33158
33160
33162
33164
12142
12293
24517
24518
24519
12128
12143
12294
33159
33160
33161
33166
33167
34612
12144
12300
33165
33166
30410
33169
33170
33171
16585
24524
24525
24526
16587
24536
24538
24540
24542
30413
33175
33177
33179
33181
12135
12306
30414
33176
33177
33178
12150
12307
16589
24537
24538
24539
16578
24550
24551
24552
16581
24559
24560
24561
12138
12311
16582
24566
24567
24568
24574
24575
24577
24578
12140
12314
24580
24581
24583
24584
24585
24587
24588
12144
12318
24590
24591
24593
16585
24595
24596
16606
24600
24601
16588
16608
33183
33184
33185
12150
12324
16589
24605
24606
12325
16610
24610
24611
24614
16606
24616
24617
16614
24621
24622
16609
16616
33190
33191
33192
12330
16610
24626
24627
12331
16618
24631
24632
16614
24636
24637
16621
24641
24642
24643
16617
16623
33197
33198
33199
12335
16618
24650
24651
12168
12336
16625
24655
24656
24657
16621
33204
33205
33206
12166
24663
24665
24667
24669
30438
12169
24664
24665
24666
12166
16624
30440
33210
33212
33214
33216
12168
12340
16625
33211
33212
33213
12171
12341
24670
24673
24675
24676
30442
12172
12342
24671
24672
24673
24679
24680
24681
24687
24688
24689
30445
33218
33219
33220
24697
24699
24701
24703
30447
33224
33226
33228
33230
12348
24698
24699
24700
12175
12349
30449
33225
33226
33227
16633
24713
24714
24715
16635
24722
24723
24724
12178
12353
16637
24733
24734
24735
16647
24742
24743
24744
16649
24749
24750
24751
12181
12356
16651
24756
24757
24758
16661
24763
24764
24765
16663
24774
24775
24776
12185
12359
16665
24781
24782
24783
30452
33232
33233
33234
12188
24796
24797
30454
33239
33240
33241
12191
12362
30456
33246
33247
33248
12192
12363
24805
24806
24810
24811
24812
12193
30466
33252
33254
33256
33258
12195
16673
33253
33254
33255
12193
24816
24818
24820
24822
30468
33246
33248
33250
12367
24817
24818
24819
12368
16676
30470
33259
33262
33264
33265
12196
12369
16677
33260
33261
33262
24823
24824
12199
12374
24826
24827
16675
33267
33268
33269
12202
24830
24831
16677
24835
24836
24837
12205
12376
16679
33274
33275
33276
12206
12377
24842
24843
24847
24848
24849
12204
12207
30473
12208
12209
24846
24848
24850
24852
24861
24863
24865
30478
12207
24853
24855
24857
24859
30475
33274
33276
33278
12381
24854
24855
24856
12208
12382
30477
30481
12210
12383
24853
24856
24858
24859
24872
24873
24875
30482
24861
24862
24863
12214
12388
24872
24873
24874
24881
24882
24883
12213
12216
30480
12217
12218
24880
24882
24884
24886
24895
24897
24899
30485
12216
24872
24874
24876
24887
24889
24891
24893
30482
12390
24888
24889
24890
12217
12391
30484
30488
12220
12392
24887
24890
24892
24893
24909
24910
24912
30489
24895
24896
24897
12222
24902
24903
12225
12397
24909
24910
24911
12226
12398
24916
24917
33281
33282
33283
12224
12227
30487
12228
12229
33280
33282
33284
33286
34641
12227
24909
24911
24913
30489
33287
33289
33291
33293
12231
12401
33288
33289
33290
12228
12402
30491
34644
12232
12403
33287
33290
33292
33293
34645
12232
16691
16693
16695
16697
24924
24926
24928
24930
12234
16698
24925
24926
24927
24932
24933
24934
12408
16701
24931
24934
24936
24937
24942
24945
24947
24948
12236
12409
16702
24943
24944
24945
24950
24951
24952
12238
12240
24956
24957
12243
12413
24960
24961
24962
12239
12244
12414
24966
24967
24969
24970
12250
12417
24972
24973
33295
33296
33297
12242
12245
16700
12246
12248
33294
33296
33298
33300
34648
12245
16702
24960
24962
24964
33301
33303
33305
33307
12250
12419
33302
33303
33304
12246
12420
16704
34651
12252
12421
33301
33304
33306
33307
34652
24976
24977
24978
12249
12252
16705
16707
16709
16711
12253
12255
24975
24977
24979
24981
30492
24983
24984
24985
12257
12426
24990
24991
24992
12253
12427
24982
24985
24987
24988
30495
12259
12428
24989
24992
24994
24995
30496
24997
24998
24999
12256
12259
16712
16714
16716
16718
12260
12262
24996
24998
25000
25002
30499
25004
25005
25006
12264
12433
25011
25012
25013
12260
12434
25003
25006
25008
25009
30502
12266
12435
25010
25013
25015
25016
30503
25018
25019
25020
12263
12266
16719
16721
16723
16725
12267
12268
25017
25019
25021
25023
30506
25025
25026
25027
12269
12440
25032
25033
25034
12267
12441
25024
25027
25029
25030
30509
12270
12442
25031
25034
25036
25037
30510
12270
16726
16728
16730
16732
25039
25040
25041
12447
25038
25041
25043
25044
30516
12275
25045
25046
25049
25050
30522
16735
33309
33310
33311
12279
12314
25046
25047
25048
12275
16737
30525
33316
33317
33318
33320
12281
25053
25054
25055
25057
30526
12315
16739
33315
33316
33319
12283
12316
25052
25053
25056
12282
25066
25067
25070
25071
30529
25060
25061
25062
12286
25067
25068
25069
12282
25074
25075
25076
25078
30532
12288
25081
25082
25083
25085
30533
12317
25073
25074
25077
12290
25080
25081
25084
12289
25094
25095
25098
25099
30536
25088
25089
25090
12293
25095
25096
25097
12289
25102
25103
25104
25106
30539
12295
25109
25110
25111
25113
30540
25101
25102
25105
12297
25108
25109
25112
12296
30543
33322
33323
33326
33327
25116
25117
25118
12300
12318
33323
33324
33325
12296
25123
25124
25125
25127
30546
12302
30547
33330
33331
33332
33334
12319
25122
25123
25126
12304
12320
33329
33330
33333
12301
12303
34657
33337
33338
33339
12305
12321
25200
25202
25204
33336
33338
33340
33342
12303
33344
33345
33346
33348
34660
12305
34661
12322
33343
33344
33347
12323
25211
25215
25216
33343
33345
33346
33349
30550
33351
33352
33353
16742
25130
25131
25132
16744
25142
25144
25145
25147
30553
33357
33359
33360
33362
12312
30554
33357
33358
33361
12329
16746
25142
25143
25146
16735
25156
25157
25158
16738
25164
25165
25168
12315
16739
25171
25172
25175
25180
25181
25183
25184
12317
25186
25187
25189
25190
25191
25193
25194
12322
25196
25197
25200
25201
25202
25206
25209
25211
25212
25215
16742
25219
25220
16768
25224
25225
16745
16770
33364
33365
33368
12329
16746
25228
25231
16772
25233
25236
25238
16768
25240
25241
16776
25245
25246
16771
16778
33371
33372
33375
16772
25249
25252
16780
25254
25257
16776
25260
25261
16783
25265
25266
25267
16779
16785
33378
33379
33382
16780
25273
25276
12347
16787
25278
25279
25282
16783
33386
33387
33388
12345
25287
25289
25291
25293
30578
12348
25288
25289
25290
12345
16786
30580
33393
33394
33395
33397
12347
16787
33392
33393
33396
12350
25295
25296
25297
25300
30582
12351
25294
25295
25298
25303
25304
25305
25311
25312
25313
30585
33400
33401
33402
25321
25323
25324
25326
30587
33406
33408
33409
33411
25321
25322
25325
12354
30589
33406
33407
33410
16795
25337
25338
25339
16797
25345
25346
25349
12357
16799
25356
25357
25360
16809
25366
25367
25368
16811
25372
25373
25376
12360
16813
25379
25380
25383
16823
25387
25388
25389
16825
25397
25398
25401
12364
16827
25404
25405
25408
30592
33414
33415
33416
12367
25420
25421
30594
33420
33421
33424
12370
30596
33427
33428
33431
12371
25428
25431
25434
25435
25436
12372
30606
33434
33436
33438
33440
12374
16835
33435
33436
33437
12372
25440
25442
25443
25445
30608
33428
33431
33433
25440
25441
25444
16838
30610
33442
33443
33444
33447
12375
16839
33441
33442
33445
25447
25448
12378
25450
25451
16837
33449
33450
33451
12381
25454
25455
16839
25458
25459
25462
12384
16841
33455
33456
33459
12385
25465
25468
25471
25472
25473
12383
12386
30613
12387
12388
25470
25472
25474
25476
25485
25487
25489
30618
12386
25477
25479
25480
25482
30615
33456
33459
33461
25477
25478
25481
12387
30617
30621
12389
25478
25479
25480
25483
25495
25499
25500
30622
25485
25486
25487
12393
25495
25496
25499
25505
25506
25507
12392
12395
30620
12396
12397
25504
25506
25508
25510
25519
25521
25523
30625
12395
25496
25499
25501
25511
25513
25514
25516
30622
25511
25512
25515
12396
30624
30628
12399
25512
25513
25514
25517
25532
25536
25537
30629
25519
25520
25521
12401
25526
25527
12404
25532
25533
25536
12405
25539
25542
33463
33464
33465
12403
12406
30627
12407
12408
33462
33464
33466
33468
34690
12406
25533
25536
25538
30629
33469
33471
33472
33474
12410
33469
33470
33473
12407
30631
34693
12411
33470
33471
33472
33475
34694
12411
16853
16855
16857
16859
25548
25550
25552
25554
12413
16860
25549
25550
25551
25555
25556
25559
16863
25556
25557
25558
25561
25567
25568
25569
25572
12415
16864
25566
25567
25570
25574
25575
25576
12417
12419
25580
25581
12422
25583
25584
25587
12418
12423
25590
25591
25593
25594
12429
25596
25597
33477
33478
33479
12421
12424
16862
12425
12427
33476
33478
33480
33482
34697
12424
16864
25584
25587
25589
33483
33485
33486
33488
12429
33483
33484
33487
12425
16866
34700
12431
33484
33485
33486
33489
34701
25600
25601
25602
12428
12431
16867
16869
16871
16873
12432
12434
25599
25601
25603
25605
30632
25606
25607
25610
12436
25613
25614
25617
12432
25607
25608
25609
25612
30635
12438
25614
25615
25616
25619
30636
25621
25622
25623
12435
12438
16874
16876
16878
16880
12439
12441
25620
25622
25624
25626
30639
25627
25628
25631
12443
25634
25635
25638
12439
25628
25629
25630
25633
30642
12445
25635
25636
25637
25640
30643
25642
25643
25644
12442
12445
16881
16883
16885
16887
12446
12447
25641
25643
25645
25647
30646
25648
25649
25652
12448
25655
25656
25659
12446
25649
25650
25651
25654
30649
12449
25656
25657
25658
25661
30650
12449
16888
16890
16892
16894
25662
25663
25666
25663
25664
25665
25668
30656
12454
12455
12456
13823
30928
12454
12455
13824
25164
12454
12456
13830
25165
30923
12455
12456
30924
30929
13827
25166
13828
30932
13831
30927
30933
12459
13832
25183
30998
12459
13826
30999
13834
31000
13833
14340
12463
13877
14367
25193
12463
14368
13879
14369
12467
12468
13894
12467
12468
13895
25206
31040
12468
13878
31041
13898
25207
13899
31042
13813
13910
25669
25670
25672
12474
13003
25676
25677
25680
12494
13004
25683
25684
25687
12476
12495
13005
25691
25692
25693
25697
25698
25701
12478
13010
25704
25705
25708
12498
13011
25712
25713
25714
12480
12499
13012
25719
25720
25721
25725
25726
25729
12482
13017
25732
25733
25736
12502
13018
25740
25741
25742
12484
12503
13019
25747
25748
25749
25753
25754
25757
13024
25760
25761
25763
12506
13025
25768
25769
25770
12507
13026
25774
25775
25778
25781
25782
25783
12490
13038
25788
25789
25792
12522
13039
25795
25796
25799
12492
12523
13040
25803
25804
25805
25809
25810
25813
12494
13045
25816
25817
25820
12526
13046
25824
25825
25826
12496
12527
13047
25831
25832
25833
25837
25839
25840
12498
13052
25845
25846
25847
12530
13053
25852
25853
25854
12500
12531
13054
25859
25860
25861
25866
25867
25868
12502
13059
25873
25874
25875
12534
13060
25880
25881
25882
12504
12535
13061
25887
25888
25889
25894
25895
25896
12506
13066
25901
25902
25903
12538
13067
25908
25909
25910
12508
12539
13068
25915
25916
25917
25922
25923
25924
12510
13073
25928
25930
25931
12542
13074
25936
25937
25938
12512
12543
13075
25943
25944
25945
25949
25950
25953
12514
13080
25956
25957
25960
12546
13081
25964
25965
25966
12516
12547
13082
25971
25972
25973
25977
25978
25981
13087
25984
25985
25987
12550
13088
25992
25993
25994
12551
13089
25998
25999
26002
26005
26006
26007
12522
13094
26012
26013
26016
12563
13095
26019
26020
26023
12524
12564
13096
26027
26028
26029
26033
26035
26036
12526
13101
26041
26042
26043
12567
13102
26048
26049
26050
12528
12568
13103
26055
26056
26057
26062
26063
26064
12530
13108
26069
26070
26071
12571
13109
26076
26077
26078
12532
12572
13110
26083
26084
26085
26090
26091
26092
12534
13115
26097
26098
26099
12575
13116
26104
26105
26106
12536
12576
13117
26111
26112
26113
26118
26119
26120
12538
13122
26125
26126
26127
12579
13123
26132
26133
26134
12540
12580
13124
26139
26140
26141
26146
26147
26148
12542
13129
26153
26154
26155
12583
13130
26160
26161
26162
12544
12584
13131
26167
26168
26169
26174
26175
26176
12546
13136
26181
26182
26183
12587
13137
26188
26189
26190
12548
12588
13138
26195
26196
26197
26202
26203
26204
12550
13143
26209
26210
26211
12591
13144
26216
26217
26218
12552
12592
13145
26223
26224
26225
26230
26231
26232
13150
26236
26238
26239
12595
13151
26244
26245
26246
12596
13152
26251
26252
26253
12557
13998
25303
12558
14026
25304
31068
12557
12558
13999
31069
14002
14027
31070
26257
26258
26259
12563
13157
26264
26265
26268
12599
13158
26271
26272
26275
12565
12600
13159
26279
26280
26281
26285
26287
26288
12567
13164
26293
26294
26295
12603
13165
26300
26301
26302
12569
12604
13166
26307
26308
26309
26314
26315
26316
12571
13171
26321
26322
26323
12607
13172
26328
26329
26330
12573
12608
13173
26335
26336
26337
26342
26343
26344
12575
13178
26349
26350
26351
12611
13179
26356
26357
26358
12577
12612
13180
26363
26364
26365
26370
26371
26372
12579
13185
26377
26378
26379
12615
13186
26384
26385
26386
12581
12616
13187
26391
26392
26393
26398
26399
26400
12583
13192
26405
26406
26407
12619
13193
26412
26413
26414
12585
12620
13194
26419
26420
26421
26426
26427
26428
12587
13199
26433
26434
26435
12623
13200
26440
26441
26442
12589
12624
13201
26447
26448
26449
26454
26455
26456
12591
13206
26461
26462
26463
12627
13207
26468
26469
26470
12593
12628
13208
26475
26476
26477
26482
26483
26484
12595
13213
26489
26490
26491
12631
13214
26496
26497
26498
12597
12632
13215
26503
26504
26505
26510
26511
26512
13220
26517
26518
26519
12635
13221
26524
26525
26526
12636
13222
26531
26532
26533
26537
26538
26541
12603
13227
26545
26546
26547
12653
13228
26551
26552
26555
12605
12654
13229
26559
26560
26561
26566
26567
26568
12607
13234
26573
26574
26575
12657
13235
26580
26581
26582
12609
12658
13236
26587
26588
26589
26594
26595
26596
12611
13241
26601
26602
26603
12661
13242
26608
26609
26610
12613
12662
13243
26615
26616
26617
26622
26623
26624
12615
13248
26629
26630
26631
12665
13249
26636
26637
26638
12617
12666
13250
26643
26644
26645
26650
26651
26652
12619
13255
26657
26658
26659
12669
13256
26664
26665
26666
12621
12670
13257
26671
26672
26673
26678
26679
26680
12623
13262
26685
26686
26687
12673
13263
26692
26693
26694
12625
12674
13264
26699
26700
26701
26706
26707
26708
12627
13269
26713
26714
26715
12677
13270
26720
26721
26722
12629
12678
13271
26727
26728
26729
26734
26735
26736
12631
13276
26741
26742
26743
12681
13277
26748
26749
26750
12633
12682
13278
26755
26756
26757
26762
26763
26764
12635
13283
26769
26770
26771
12685
13284
26776
26777
26778
12637
12686
13285
26783
26784
26785
26790
26791
26792
13290
26797
26798
26799
12689
13291
26804
26805
26806
12690
13292
26811
26812
26813
12641
12643
12648
12649
12652
16797
30730
12641
12644
16798
12645
12693
14079
14081
14083
16799
12643
12644
30733
12645
30734
34753
12645
12696
34754
12697
30943
30944
30946
34755
12650
12651
12652
14074
14078
12650
12651
14075
25345
30937
12650
12652
14079
25346
12651
12652
30938
14076
14082
25347
14077
30941
14083
26817
26818
26821
12657
13304
26825
26826
26827
12707
13305
26831
26832
26835
12659
12708
13306
26839
26840
26841
26846
26847
26848
12661
13311
26853
26854
26855
12711
13312
26860
26861
26862
12663
12712
13313
26867
26868
26869
26874
26875
26876
12665
13318
26881
26882
26883
12715
13319
26888
26889
26890
12667
12716
13320
26895
26896
26897
26902
26903
26904
12669
13325
26909
26910
26911
12719
13326
26916
26917
26918
12671
12720
13327
26923
26924
26925
26930
26931
26932
12673
13332
26937
26938
26939
12723
13333
26944
26945
26946
12675
12724
13334
26951
26952
26953
26958
26959
26960
12677
13339
26965
26966
26967
12727
13340
26972
26973
26974
12679
12728
13341
26979
26980
26981
26986
26987
26988
12681
13346
26993
26994
26995
12731
13347
27000
27001
27002
12683
12732
13348
27007
27008
27009
27014
27015
27016
12685
13353
27021
27022
27023
12735
13354
27028
27029
27030
12687
12736
13355
27035
27036
27037
27042
27043
27044
12689
13360
27049
27050
27051
12739
13361
27056
27057
27058
12691
12740
13362
27063
27064
27065
27070
27071
27072
13367
27077
27078
27079
12743
13368
27084
27085
27086
13369
27091
27092
27093
12695
12697
12702
12703
12706
16811
12695
12698
16812
12699
12745
14088
14090
14092
16813
12697
12698
12699
30950
30952
30954
34760
12699
12748
34761
12749
30957
30958
30960
34762
12704
12705
12706
14087
30949
12704
12705
14080
25372
12704
12706
14088
25373
12705
12706
14081
30950
14091
25374
14084
30953
14092
30954
27097
27098
27101
12711
13381
27105
27106
27107
12759
13382
27111
27112
27115
12713
12760
13383
27119
27120
27121
27126
27127
27128
12715
13388
27133
27134
27135
12763
13389
27140
27141
27142
12717
12764
13390
27147
27148
27149
27154
27155
27156
12719
13395
27161
27162
27163
12767
13396
27168
27169
27170
12721
12768
13397
27175
27176
27177
27182
27183
27184
12723
13402
27189
27190
27191
12771
13403
27196
27197
27198
12725
12772
13404
27203
27204
27205
27210
27211
27212
12727
13409
27217
27218
27219
12775
13410
27224
27225
27226
12729
12776
13411
27231
27232
27233
27238
27239
27240
12731
13416
27245
27246
27247
12779
13417
27252
27253
27254
12733
12780
13418
27259
27260
27261
27266
27267
27268
12735
13423
27273
27274
27275
12783
13424
27280
27281
27282
12737
12784
13425
27287
27288
27289
27294
27295
27296
12739
13430
27301
27302
27303
12787
13431
27308
27309
27310
12741
12788
13432
27315
27316
27317
27322
27323
27324
12743
13437
27329
27330
27331
12791
13438
27336
27337
27338
12744
12792
13439
27343
27344
27345
27350
27351
27352
13444
27357
27358
27359
12747
12749
12754
12755
12758
16825
12747
12750
16826
12751
14095
14097
14099
16827
30735
12749
12750
12751
30964
30966
30968
34767
12751
30738
34768
30739
34769
12756
12757
12758
14094
30963
12756
12757
14089
25397
12756
12758
14095
25398
12757
12758
14090
30964
14098
25399
14093
30967
14099
30968
27363
27364
27367
12763
13454
27371
27372
27373
12795
13455
27377
27378
27381
12765
12796
13456
27385
27386
27387
27392
27393
27394
12767
13461
27399
27400
27401
12799
13462
27406
27407
27408
12769
12800
13463
27413
27414
27415
27420
27421
27422
12771
13468
27427
27428
27429
12803
13469
27434
27435
27436
12773
12804
13470
27441
27442
27443
27448
27449
27450
12775
13475
27455
27456
27457
12807
13476
27462
27463
27464
12777
12808
13477
27469
27470
27471
27476
27477
27478
12779
13482
27483
27484
27485
12811
13483
27490
27491
27492
12781
12812
13484
27497
27498
27499
27504
27505
27506
12783
13489
27511
27512
27513
12815
13490
27518
27519
27520
12785
12816
13491
27525
27526
27527
27532
27533
27534
12787
13496
27539
27540
27541
12819
13497
27546
27547
27548
12789
12820
13498
27553
27554
27555
27560
27561
27562
12791
13503
27567
27568
27569
12823
13504
27574
27575
27576
12793
12824
13505
27581
27582
27583
27588
27589
27590
13510
27595
27596
27597
12827
13511
27602
27603
27604
12828
13512
27609
27610
27611
27615
27616
27619
12799
13524
27623
27624
27625
12831
13525
27629
27630
27633
12801
12832
13526
27637
27638
27639
27644
27645
27646
12803
13531
27651
27652
27653
12835
13532
27658
27659
27660
12805
12836
13533
27665
27666
27667
27672
27673
27674
12807
13538
27679
27680
27681
12839
13539
27686
27687
27688
12809
12840
13540
27693
27694
27695
27700
27701
27702
12811
13545
27707
27708
27709
12843
13546
27714
27715
27716
12813
12844
13547
27721
27722
27723
27728
27729
27730
12815
13552
27735
27736
27737
12847
13553
27742
27743
27744
12817
12848
13554
27749
27750
27751
27756
27757
27758
12819
13559
27763
27764
27765
12851
13560
27770
27771
27772
12821
12852
13561
27777
27778
27779
27784
27785
27786
12823
13566
27791
27792
27793
12855
13567
27798
27799
27800
12825
12856
13568
27805
27806
27807
27812
27813
27814
12827
13573
27819
27820
27821
12859
13574
27826
27827
27828
12829
12860
13575
27833
27834
27835
27840
27841
27842
13580
27847
27848
27849
12863
13581
27854
27855
27856
12864
13582
27861
27862
27863
27867
27868
27871
12835
13587
27875
27876
27877
13588
27881
27882
27883
12837
13589
27888
27889
27892
27896
27897
27898
12839
13594
27903
27904
27905
12874
13595
27909
27911
27912
12841
12875
13596
27917
27918
27919
27924
27925
27926
12843
13601
27931
27932
27933
12878
13602
27938
27939
27940
12845
12879
13603
27945
27946
27947
27952
27953
27954
12847
13608
27959
27960
27961
12882
13609
27966
27967
27968
12849
12883
13610
27973
27974
27975
27980
27981
27982
12851
13615
27987
27988
27989
12886
13616
27994
27995
27996
12853
12887
13617
28001
28002
28003
28008
28009
28010
12855
13622
28015
28016
28017
12890
13623
28022
28023
28024
12857
12891
13624
28029
28030
28031
28036
28037
28038
12859
13629
28043
28044
28045
12894
13630
28050
28051
28052
12861
12895
13631
28057
28058
28059
28064
28065
28066
12863
13636
28071
28072
28073
12898
13637
28078
28079
28080
12865
12899
13638
28085
28086
28087
28092
28093
28094
13643
28099
28100
28101
12902
13644
28106
28107
28108
12903
13645
28113
28114
28115
12871
12872
12873
30984
12871
12872
25458
12871
12873
25459
30985
12872
12873
14122
25460
30988
30989
28119
28120
28123
12878
13650
28127
28128
28129
13651
28133
28134
28136
12880
13652
28140
28141
28144
28148
28149
28150
12882
13657
28155
28156
28157
12908
13658
28161
28163
28164
12884
12909
13659
28169
28170
28171
28176
28177
28178
12886
13664
28183
28184
28185
12912
13665
28190
28191
28192
12888
12913
13666
28197
28198
28199
28204
28205
28206
12890
13671
28211
28212
28213
12916
13672
28218
28219
28220
12892
12917
13673
28225
28226
28227
28232
28233
28234
12894
13678
28239
28240
28241
12920
13679
28246
28247
28248
12896
12921
13680
28253
28254
28255
28260
28261
28262
12898
13685
28267
28268
28269
12924
13686
28274
28275
28276
12900
12925
13687
28281
28282
28283
28288
28289
28290
12902
13692
28295
28296
28297
12928
13693
28302
28303
28304
12904
12929
13694
28309
28310
28311
28316
28317
28318
13699
28323
28324
28325
12932
13700
28330
28331
28332
12933
13701
28337
28338
28339
12907
14165
14550
25493
14169
14553
28343
28344
28347
12912
13713
28351
28352
28353
13714
28357
28358
28360
12914
13715
28364
28365
28368
28372
28373
28374
12916
13720
28379
28380
28381
13721
28385
28386
28389
12918
13722
28392
28393
28396
28400
28401
28402
12920
13727
28407
28408
28409
12938
13728
28413
28415
28416
12922
12939
13729
28421
28422
28423
28428
28429
28430
12924
13734
28435
28436
28437
12942
13735
28442
28443
28444
12926
12943
13736
28449
28450
28451
28456
28457
28458
12928
13741
28463
28464
28465
12946
13742
28470
28471
28472
12930
12947
13743
28477
28478
28479
28484
28485
28486
12932
13748
28491
28492
28493
12950
13749
28498
28499
28500
12934
12951
13750
28504
28506
28507
28512
28513
28514
13755
28519
28520
28521
13756
28525
28526
28529
13757
28532
28533
28536
12937
14182
14188
25530
14186
14192
28539
28540
28543
12942
13769
28547
28548
28549
13770
28553
28554
28556
12944
13771
28560
28561
28564
28568
28569
28570
12946
13776
28575
28576
28577
13777
28581
28582
28585
12948
13778
28588
28589
28592
28596
28597
28598
12950
13783
28603
28604
28605
13784
28609
28610
28613
12952
13785
28616
28617
28620
28624
28625
28626
13790
28630
28631
28634
13791
28637
28638
28641
13792
28644
28645
28647
12958
12959
12960
14227
12958
12959
25555
12958
12960
25556
31090
12959
12960
31091
14229
25557
31093
12963
12965
14233
14234
14237
16864
12963
12966
16865
34741
12967
16866
12965
12966
34743
12967
12967
34745
12970
12973
14255
14661
25606
12970
12974
14256
31097
12971
14257
14664
12973
12974
14666
12973
12974
25607
31100
14667
25608
31102
12979
12980
12981
14314
12979
12980
14315
25627
12979
12981
14662
25628
12980
12981
14663
14318
25629
14319
14665
12986
12987
12988
14321
12986
12987
14322
25648
12986
12988
14316
25649
12987
12988
14317
14325
25650
14326
14320
12993
12994
12995
14328
12993
12994
14329
25662
12993
12995
14323
25663
12994
12995
14324
14330
25664
14331
14327
12998
13000
14382
14385
14387
12998
13001
14389
14392
14394
13002
13004
13045
14397
14398
14401
13000
13001
13002
13006
13002
13048
13008
13049
13005
13007
25677
25680
25682
13005
13008
25684
25687
25689
13009
13011
13052
25692
25693
25696
13007
13008
13009
13013
13009
13055
13015
13056
13012
13014
25705
25708
25710
13012
13015
25713
25714
25717
13016
13018
13059
25720
25721
25724
13014
13015
13016
13020
13016
13062
13022
13063
13019
13021
25733
25736
25738
13019
13022
25741
25742
25745
13023
13025
13066
25748
25749
25752
13021
13022
13023
13027
13023
13069
13029
13070
13026
13028
25761
25763
25766
13026
13029
25769
25770
25773
13030
13032
13073
25775
25778
25780
13028
13029
13030
13034
13030
13076
13036
13077
13033
13035
14410
14411
14415
13033
13036
14418
14419
14422
13037
13080
14424
14427
14429
13035
13036
13037
13037
13083
13084
13040
13042
25789
25792
25794
13040
13043
25796
25799
25801
13044
13046
13101
25804
25805
25808
13042
13043
13044
13048
13044
13104
13050
13105
13047
13049
25817
25820
25822
13047
13050
25825
25826
25829
13051
13053
13108
25832
25833
25836
13049
13050
13051
13055
13051
13111
13057
13112
13054
13056
25846
25847
25850
13054
13057
25853
25854
25857
13058
13060
13115
25860
25861
25864
13056
13057
13058
13062
13058
13118
13064
13119
13061
13063
25874
25875
25878
13061
13064
25881
25882
25885
13065
13067
13122
25888
25889
25892
13063
13064
13065
13069
13065
13125
13071
13126
13068
13070
25902
25903
25906
13068
13071
25909
25910
25913
13072
13074
13129
25916
25917
25920
13070
13071
13072
13076
13072
13132
13078
13133
13075
13077
25930
25931
25934
13075
13078
25937
25938
25941
13079
13081
13136
25944
25945
25948
13077
13078
13079
13083
13079
13139
13085
13140
13082
13084
25957
25960
25962
13082
13085
25965
25966
25969
13086
13088
13143
25972
25973
25976
13084
13085
13086
13090
13086
13146
13092
13147
13089
13091
25985
25987
25990
13089
13092
25993
25994
25997
13093
13150
25999
26002
26004
13091
13092
13093
13093
13153
13154
13096
13098
26013
26016
26018
13096
13099
26020
26023
26025
13100
13102
13164
26028
26029
26032
13098
13099
13100
13104
13100
13167
13106
13168
13103
13105
26042
26043
26046
13103
13106
26049
26050
26053
13107
13109
13171
26056
26057
26060
13105
13106
13107
13111
13107
13174
13113
13175
13110
13112
26070
26071
26074
13110
13113
26077
26078
26081
13114
13116
13178
26084
26085
26088
13112
13113
13114
13118
13114
13181
13120
13182
13117
13119
26098
26099
26102
13117
13120
26105
26106
26109
13121
13123
13185
26112
26113
26116
13119
13120
13121
13125
13121
13188
13127
13189
13124
13126
26126
26127
26130
13124
13127
26133
26134
26137
13128
13130
13192
26140
26141
26144
13126
13127
13128
13132
13128
13195
13134
13196
13131
13133
26154
26155
26158
13131
13134
26161
26162
26165
13135
13137
13199
26168
26169
26172
13133
13134
13135
13139
13135
13202
13141
13203
13138
13140
26182
26183
26186
13138
13141
26189
26190
26193
13142
13144
13206
26196
26197
26200
13140
13141
13142
13146
13142
13209
13148
13210
13145
13147
26210
26211
26214
13145
13148
26217
26218
26221
13149
13151
13213
26224
26225
26228
13147
13148
13149
13153
13149
13216
13155
13217
13152
13154
26238
26239
26242
13152
13155
26245
26246
26249
13156
13220
26252
26253
26256
13154
13155
13156
13156
13223
13224
13159
13161
26265
26268
26270
13159
13162
26272
26275
26277
13163
13165
13227
26280
26281
26284
13161
13162
13163
13167
13163
13230
13169
13231
13166
13168
26294
26295
26298
13166
13169
26301
26302
26305
13170
13172
13234
26308
26309
26312
13168
13169
13170
13174
13170
13237
13176
13238
13173
13175
26322
26323
26326
13173
13176
26329
26330
26333
13177
13179
13241
26336
26337
26340
13175
13176
13177
13181
13177
13244
13183
13245
13180
13182
26350
26351
26354
13180
13183
26357
26358
26361
13184
13186
13248
26364
26365
26368
13182
13183
13184
13188
13184
13251
13190
13252
13187
13189
26378
26379
26382
13187
13190
26385
26386
26389
13191
13193
13255
26392
26393
26396
13189
13190
13191
13195
13191
13258
13197
13259
13194
13196
26406
26407
26410
13194
13197
26413
26414
26417
13198
13200
13262
26420
26421
26424
13196
13197
13198
13202
13198
13265
13204
13266
13201
13203
26434
26435
26438
13201
13204
26441
26442
26445
13205
13207
13269
26448
26449
26452
13203
13204
13205
13209
13205
13272
13211
13273
13208
13210
26462
26463
26466
13208
13211
26469
26470
26473
13212
13214
13276
26476
26477
26480
13210
13211
13212
13216
13212
13279
13218
13280
13215
13217
26490
26491
26494
13215
13218
26497
26498
26501
13219
13221
13283
26504
26505
26508
13217
13218
13219
13223
13219
13286
13225
13287
13222
13224
26518
26519
26522
13222
13225
26525
26526
26529
13226
13290
26532
26533
26536
13224
13225
13226
13226
13293
13294
13229
13231
26546
26547
26550
13229
13232
26552
26555
26557
13233
13235
13304
26560
26561
26564
13231
13232
13233
13237
13233
13307
13239
13308
13236
13238
26574
26575
26578
13236
13239
26581
26582
26585
13240
13242
13311
26588
26589
26592
13238
13239
13240
13244
13240
13314
13246
13315
13243
13245
26602
26603
26606
13243
13246
26609
26610
26613
13247
13249
13318
26616
26617
26620
13245
13246
13247
13251
13247
13321
13253
13322
13250
13252
26630
26631
26634
13250
13253
26637
26638
26641
13254
13256
13325
26644
26645
26648
13252
13253
13254
13258
13254
13328
13260
13329
13257
13259
26658
26659
26662
13257
13260
26665
26666
26669
13261
13263
13332
26672
26673
26676
13259
13260
13261
13265
13261
13335
13267
13336
13264
13266
26686
26687
26690
13264
13267
26693
26694
26697
13268
13270
13339
26700
26701
26704
13266
13267
13268
13272
13268
13342
13274
13343
13271
13273
26714
26715
26718
13271
13274
26721
26722
26725
13275
13277
13346
26728
26729
26732
13273
13274
13275
13279
13275
13349
13281
13350
13278
13280
26742
26743
26746
13278
13281
26749
26750
26753
13282
13284
13353
26756
26757
26760
13280
13281
13282
13286
13282
13356
13288
13357
13285
13287
26770
26771
26774
13285
13288
26777
26778
26781
13289
13291
13360
26784
26785
26788
13287
13288
13289
13293
13289
13363
13295
13364
13292
13294
26798
26799
26802
13292
13295
26805
26806
26809
13296
13367
26812
26813
26816
13294
13295
13296
13296
13370
13371
13299
13301
14445
14448
14450
13299
13302
14452
14455
14457
13303
13305
13374
14460
14461
14464
13301
13302
13303
13307
13303
13377
13309
13378
13306
13308
26826
26827
26830
13306
13309
26832
26835
26837
13310
13312
13381
26840
26841
26844
13308
13309
13310
13314
13310
13384
13316
13385
13313
13315
26854
26855
26858
13313
13316
26861
26862
26865
13317
13319
13388
26868
26869
26872
13315
13316
13317
13321
13317
13391
13323
13392
13320
13322
26882
26883
26886
13320
13323
26889
26890
26893
13324
13326
13395
26896
26897
26900
13322
13323
13324
13328
13324
13398
13330
13399
13327
13329
26910
26911
26914
13327
13330
26917
26918
26921
13331
13333
13402
26924
26925
26928
13329
13330
13331
13335
13331
13405
13337
13406
13334
13336
26938
26939
26942
13334
13337
26945
26946
26949
13338
13340
13409
26952
26953
26956
13336
13337
13338
13342
13338
13412
13344
13413
13341
13343
26966
26967
26970
13341
13344
26973
26974
26977
13345
13347
13416
26980
26981
26984
13343
13344
13345
13349
13345
13419
13351
13420
13348
13350
26994
26995
26998
13348
13351
27001
27002
27005
13352
13354
13423
27008
27009
27012
13350
13351
13352
13356
13352
13426
13358
13427
13355
13357
27022
27023
27026
13355
13358
27029
27030
27033
13359
13361
13430
27036
27037
27040
13357
13358
13359
13363
13359
13433
13365
13434
13362
13364
27050
27051
27054
13362
13365
27057
27058
27061
13366
13368
13437
27064
27065
27068
13364
13365
13366
13370
13366
13440
13372
13441
13369
13371
27078
27079
27082
13369
13372
27085
27086
27089
13373
27092
27093
27096
13371
13372
13373
13373
13445
13376
13378
14474
14475
14478
13376
13379
14480
14483
14485
13380
13382
13447
14488
14489
14492
13378
13379
13380
13384
13380
13450
13386
13451
13383
13385
27106
27107
27110
13383
13386
27112
27115
27117
13387
13389
13454
27120
27121
27124
13385
13386
13387
13391
13387
13457
13393
13458
13390
13392
27134
27135
27138
13390
13393
27141
27142
27145
13394
13396
13461
27148
27149
27152
13392
13393
13394
13398
13394
13464
13400
13465
13397
13399
27162
27163
27166
13397
13400
27169
27170
27173
13401
13403
13468
27176
27177
27180
13399
13400
13401
13405
13401
13471
13407
13472
13404
13406
27190
27191
27194
13404
13407
27197
27198
27201
13408
13410
13475
27204
27205
27208
13406
13407
13408
13412
13408
13478
13414
13479
13411
13413
27218
27219
27222
13411
13414
27225
27226
27229
13415
13417
13482
27232
27233
27236
13413
13414
13415
13419
13415
13485
13421
13486
13418
13420
27246
27247
27250
13418
13421
27253
27254
27257
13422
13424
13489
27260
27261
27264
13420
13421
13422
13426
13422
13492
13428
13493
13425
13427
27274
27275
27278
13425
13428
27281
27282
27285
13429
13431
13496
27288
27289
27292
13427
13428
13429
13433
13429
13499
13435
13500
13432
13434
27302
27303
27306
13432
13435
27309
27310
27313
13436
13438
13503
27316
27317
27320
13434
13435
13436
13440
13436
13506
13442
13507
13439
13441
27330
27331
27334
13439
13442
27337
27338
27341
13443
13444
13510
27344
27345
27348
13441
13442
13443
13445
13443
13513
13446
13514
13446
27358
27359
27362
13446
13449
13451
14502
14503
14506
13449
13452
14508
14511
14513
13453
13455
13517
14516
14517
14520
13451
13452
13453
13457
13453
13520
13459
13521
13456
13458
27372
27373
27376
13456
13459
27378
27381
27383
13460
13462
13524
27386
27387
27390
13458
13459
13460
13464
13460
13527
13466
13528
13463
13465
27400
27401
27404
13463
13466
27407
27408
27411
13467
13469
13531
27414
27415
27418
13465
13466
13467
13471
13467
13534
13473
13535
13470
13472
27428
27429
27432
13470
13473
27435
27436
27439
13474
13476
13538
27442
27443
27446
13472
13473
13474
13478
13474
13541
13480
13542
13477
13479
27456
27457
27460
13477
13480
27463
27464
27467
13481
13483
13545
27470
27471
27474
13479
13480
13481
13485
13481
13548
13487
13549
13484
13486
27484
27485
27488
13484
13487
27491
27492
27495
13488
13490
13552
27498
27499
27502
13486
13487
13488
13492
13488
13555
13494
13556
13491
13493
27512
27513
27516
13491
13494
27519
27520
27523
13495
13497
13559
27526
27527
27530
13493
13494
13495
13499
13495
13562
13501
13563
13498
13500
27540
27541
27544
13498
13501
27547
27548
27551
13502
13504
13566
27554
27555
27558
13500
13501
13502
13506
13502
13569
13508
13570
13505
13507
27568
27569
27572
13505
13508
27575
27576
27579
13509
13511
13573
27582
27583
27586
13507
13508
13509
13513
13509
13576
13515
13577
13512
13514
27596
27597
27600
13512
13515
27603
27604
27607
13516
13580
27610
27611
27614
13514
13515
13516
13516
13583
13584
13519
13521
14530
14531
14534
13519
13522
14536
14537
14541
13523
13525
14543
14546
14548
13521
13522
13523
13527
13523
13529
13526
13528
27624
27625
27628
13526
13529
27630
27633
27635
13530
13532
13587
27638
27639
27642
13528
13529
13530
13534
13530
13590
13536
13591
13533
13535
27652
27653
27656
13533
13536
27659
27660
27663
13537
13539
13594
27666
27667
27670
13535
13536
13537
13541
13537
13597
13543
13598
13540
13542
27680
27681
27684
13540
13543
27687
27688
27691
13544
13546
13601
27694
27695
27698
13542
13543
13544
13548
13544
13604
13550
13605
13547
13549
27708
27709
27712
13547
13550
27715
27716
27719
13551
13553
13608
27722
27723
27726
13549
13550
13551
13555
13551
13611
13557
13612
13554
13556
27736
27737
27740
13554
13557
27743
27744
27747
13558
13560
13615
27750
27751
27754
13556
13557
13558
13562
13558
13618
13564
13619
13561
13563
27764
27765
27768
13561
13564
27771
27772
27775
13565
13567
13622
27778
27779
27782
13563
13564
13565
13569
13565
13625
13571
13626
13568
13570
27792
27793
27796
13568
13571
27799
27800
27803
13572
13574
13629
27806
27807
27810
13570
13571
13572
13576
13572
13632
13578
13633
13575
13577
27820
27821
27824
13575
13578
27827
27828
27831
13579
13581
13636
27834
27835
27838
13577
13578
13579
13583
13579
13639
13585
13640
13582
13584
27848
27849
27852
13582
13585
27855
27856
27859
13586
13643
27862
27863
27866
13584
13585
13586
13586
13646
13647
13589
13591
27876
27877
27880
13589
13592
27882
27883
27887
13593
13595
27889
27892
27894
13591
13592
13593
13597
13593
13599
13596
13598
27904
27905
27908
13596
13599
27911
27912
27915
13600
13602
13650
27918
27919
27922
13598
13599
13600
13604
13600
13653
13606
13654
13603
13605
27932
27933
27936
13603
13606
27939
27940
27943
13607
13609
13657
27946
27947
27950
13605
13606
13607
13611
13607
13660
13613
13661
13610
13612
27960
27961
27964
13610
13613
27967
27968
27971
13614
13616
13664
27974
27975
27978
13612
13613
13614
13618
13614
13667
13620
13668
13617
13619
27988
27989
27992
13617
13620
27995
27996
27999
13621
13623
13671
28002
28003
28006
13619
13620
13621
13625
13621
13674
13627
13675
13624
13626
28016
28017
28020
13624
13627
28023
28024
28027
13628
13630
13678
28030
28031
28034
13626
13627
13628
13632
13628
13681
13634
13682
13631
13633
28044
28045
28048
13631
13634
28051
28052
28055
13635
13637
13685
28058
28059
28062
13633
13634
13635
13639
13635
13688
13641
13689
13638
13640
28072
28073
28076
13638
13641
28079
28080
28083
13642
13644
13692
28086
28087
28090
13640
13641
13642
13646
13642
13695
13648
13696
13645
13647
28100
28101
28104
13645
13648
28107
28108
28111
13649
13699
28114
28115
28118
13647
13648
13649
13649
13702
13703
13652
13654
28128
28129
28132
13652
13655
28134
28136
28139
13656
13658
13706
28141
28144
28146
13654
13655
13656
13660
13656
13709
13662
13710
13659
13661
28156
28157
28160
13659
13662
28163
28164
28167
13663
13665
13713
28170
28171
28174
13661
13662
13663
13667
13663
13716
13669
13717
13666
13668
28184
28185
28188
13666
13669
28191
28192
28195
13670
13672
13720
28198
28199
28202
13668
13669
13670
13674
13670
13723
13676
13724
13673
13675
28212
28213
28216
13673
13676
28219
28220
28223
13677
13679
13727
28226
28227
28230
13675
13676
13677
13681
13677
13730
13683
13731
13680
13682
28240
28241
28244
13680
13683
28247
28248
28251
13684
13686
13734
28254
28255
28258
13682
13683
13684
13688
13684
13737
13690
13738
13687
13689
28268
28269
28272
13687
13690
28275
28276
28279
13691
13693
13741
28282
28283
28286
13689
13690
13691
13695
13691
13744
13697
13745
13694
13696
28296
28297
28300
13694
13697
28303
28304
28307
13698
13700
13748
28310
28311
28314
13696
13697
13698
13702
13698
13751
13704
13752
13701
13703
28324
28325
28328
13701
13704
28331
28332
28335
13705
13755
28338
28339
28342
13703
13704
13705
13705
13758
13759
13708
13710
14565
14566
14569
13708
13711
14571
14572
14576
13712
13714
14578
14581
14583
13710
13711
13712
13716
13712
13718
13715
13717
28352
28353
28356
13715
13718
28358
28360
28363
13719
13721
28365
28368
28370
13717
13718
13719
13723
13719
13725
13722
13724
28380
28381
28384
13722
13725
28386
28389
28391
13726
13728
13762
28393
28396
28398
13724
13725
13726
13730
13726
13765
13732
13766
13729
13731
28408
28409
28412
13729
13732
28415
28416
28419
13733
13735
13769
28422
28423
28426
13731
13732
13733
13737
13733
13772
13739
13773
13736
13738
28436
28437
28440
13736
13739
28443
28444
28447
13740
13742
13776
28450
28451
28454
13738
13739
13740
13744
13740
13779
13746
13780
13743
13745
28464
28465
28468
13743
13746
28471
28472
28475
13747
13749
13783
28478
28479
28482
13745
13746
13747
13751
13747
13786
13753
13787
13750
13752
28492
28493
28496
13750
13753
28499
28500
28503
13754
13756
13790
28506
28507
28510
13752
13753
13754
13758
13754
13793
13760
13794
13757
13759
28520
28521
28524
13757
13760
28526
28529
28531
13761
13797
28533
28536
28538
13759
13760
13761
13761
13799
13800
13764
13766
14593
14594
14597
13764
13767
14599
14600
14604
13768
13770
14606
14609
14611
13766
13767
13768
13772
13768
13774
13771
13773
28548
28549
28552
13771
13774
28554
28556
28559
13775
13777
28561
28564
28566
13773
13774
13775
13779
13775
13781
13778
13780
28576
28577
28580
13778
13781
28582
28585
28587
13782
13784
28589
28592
28594
13780
13781
13782
13786
13782
13788
13785
13787
28604
28605
28608
13785
13788
28610
28613
28615
13789
13791
13803
28617
28620
28622
13787
13788
13789
13793
13789
13806
13795
13807
13792
13794
28631
28634
28636
13792
13795
28638
28641
28643
13796
13798
28645
28647
28650
13794
13795
13796
13799
13796
13801
13800
14620
14623
14625
13801
14627
14630
14632
13800
13801
13802
13802
13805
13807
14641
14644
14646
13805
13808
14648
14649
14653
13809
14655
14656
14660
13807
13808
13809
13809
13814
13815
13816
13817
13814
13815
25142
31047
13814
13816
13819
25143
13815
13816
31049
13820
25144
31050
13822
13820
13821
13822
30921
13820
13821
13830
25149
30923
13820
13822
25150
25151
30925
13831
30927
13827
13828
13829
13827
13828
25171
13827
13829
25172
13828
13829
25173
13831
25178
13834
14332
25186
13834
14333
14334
13839
13840
13841
13842
13839
13840
25669
13839
13841
13840
13841
13845
25670
13847
25671
13848
13846
13847
13848
13846
13847
13850
25676
13846
13848
13851
13847
13848
25677
13853
25678
13853
13854
13855
13856
13853
13854
25697
13853
13855
13854
13855
13859
25698
13861
25699
13862
13860
13861
13862
13860
13861
13864
25704
13860
13862
13865
13861
13862
25705
13867
25706
13867
13868
13869
13870
13867
13868
25725
13867
13869
13868
13869
13873
25726
13875
25727
13876
13874
13875
13876
13874
13875
13881
25732
13874
13876
13882
13875
13876
25733
13884
25734
13879
25196
31033
13879
31034
31035
13884
13885
13886
13887
13884
13885
25753
13884
13886
13885
13886
13890
25754
13892
25755
13893
13891
13892
13893
13891
13892
13902
25760
13891
13893
13903
13892
13893
25761
13905
25762
13898
13899
13900
13898
13899
25211
13898
13900
25212
13899
13900
25213
13905
13906
13907
13905
13906
14402
13905
13907
13906
13907
14403
14404
13911
13912
30700
13911
13912
25228
30701
31048
13912
31049
25229
30704
30705
31051
13916
13917
30700
13916
13917
25233
30702
31054
13917
31056
25234
30704
30706
31057
13922
13923
13924
13932
13922
13923
14374
13922
13924
13923
13924
13934
14376
13936
14378
13938
13929
13930
13931
13932
13929
13930
25781
13929
13931
13930
13931
13935
25782
13937
25784
13938
13936
13937
13938
13936
13937
14388
25788
13936
13938
14389
13937
13938
25789
14390
25790
13943
13944
13945
13946
13943
13944
14409
13943
13945
13944
13945
13948
14411
13950
14413
13952
13950
13951
13952
13953
13950
13951
14423
25977
13950
13952
14424
13951
13952
13956
25978
14425
13958
25979
13959
13957
13958
13959
13957
13958
25984
13957
13959
13958
13959
25985
25986
13963
13964
30707
13963
13964
25249
30708
31055
13964
31056
25250
30711
30712
31058
13968
13969
30707
13968
13969
25254
30709
31061
13969
31063
25255
30711
30713
31064
13974
13975
13976
13984
13974
13975
25781
13974
13976
13975
13976
13986
25783
13988
25785
13990
13981
13982
13983
13984
13981
13982
26005
13981
13983
13982
13983
13987
26006
13989
26008
13990
13988
13989
13990
13988
13989
25795
26012
13988
13990
25796
13989
13990
26013
25797
26014
13994
13995
14003
30714
13994
13995
25273
30715
31062
13995
31063
14004
25274
30718
30719
31065
14000
14001
14002
14003
30714
14000
14001
25278
30716
14000
14002
25279
14001
14002
14004
25280
30718
30720
14004
25285
14009
14010
14011
14019
14009
14010
26005
14009
14011
14010
14011
14021
26007
14023
26009
14025
14016
14017
14018
14019
14016
14017
26257
14016
14018
14017
14018
14022
26258
14024
26260
14025
14023
14024
14025
14023
14024
26019
26264
14023
14025
26020
14024
14025
26265
26021
26266
14027
14430
25308
14433
14032
14033
14034
14035
14032
14033
26257
14032
14034
14033
14034
14037
26259
14039
26261
14041
14039
14040
14041
14039
14040
14054
26271
14039
14041
26272
14040
14041
14055
26273
14057
14046
14047
14048
14049
14046
14047
14431
25321
14046
14048
25322
14047
14048
14432
14051
25323
14434
14051
14052
30935
14051
14052
14075
25328
30937
25329
30939
14077
30941
14057
14058
14059
14067
14057
14058
26537
14057
14059
14058
14059
14069
26538
14071
26539
14073
14064
14065
14066
14067
14064
14065
14437
14064
14066
14065
14066
14070
14438
14072
14440
14073
14071
14072
14073
14071
14072
14444
26551
14071
14073
26552
14072
14073
14445
26553
14446
14076
14077
14085
14076
14077
25352
14086
25353
14082
14083
14084
14085
30942
14082
14083
25356
14082
14084
25357
14083
14084
30943
14086
25358
30946
30947
14086
25363
14091
14092
14093
30956
14091
14092
25379
14091
14093
25380
14092
14093
30957
25381
30960
30961
14098
14099
14100
14101
14098
14099
25404
14098
14100
14102
25405
30743
14099
14100
30745
14103
25406
14104
30747
14103
14104
14103
14104
14106
25411
25412
14108
14107
14108
14109
30742
14107
14108
25424
30743
14112
25425
30746
30747
14112
14113
30970
14112
14113
14115
25428
30972
14113
14117
25429
30974
14119
30976
14118
14119
14120
30977
14118
14119
25440
14118
14120
25441
30978
14119
14120
25442
30981
30982
14123
25450
30978
14123
30980
30982
14128
14129
14130
14131
14128
14129
14542
27867
14128
14130
14543
14129
14130
14133
27868
14544
14135
27869
14137
14135
14136
14137
14135
14136
27881
14135
14137
27882
14136
14137
27884
14141
14142
30984
14141
14142
14549
25465
30986
14142
14551
25466
30988
14552
30990
14147
14148
14149
14150
14147
14148
27881
14147
14149
14152
27883
14148
14149
14154
27885
14156
14154
14155
14156
14157
14154
14155
27888
28119
14154
14156
27889
14155
14156
14159
28120
27890
14161
28121
14163
14161
14162
14163
14161
14162
14174
28133
14161
14163
28134
14162
14163
14175
28135
14177
14168
14169
14170
14168
14169
25495
14168
14170
14171
25496
14169
14170
25497
14172
14172
14181
25502
14185
14177
14178
14179
14177
14178
14556
14177
14179
14178
14179
14557
14558
14184
14185
14186
14184
14185
25511
14184
14186
25512
14185
14186
25513
14191
14192
14193
14194
14191
14192
25532
14191
14193
14195
25533
14192
14193
14197
25534
14198
14197
14198
14197
14198
25539
31089
14198
31091
25540
31092
14203
14204
14205
14203
14204
14207
14577
14203
14205
14578
14204
14205
14209
14579
14211
14210
14211
14212
14213
14210
14211
28357
14210
14212
14215
28358
14211
14212
14217
28359
14219
14217
14218
14219
14220
14217
14218
14584
28364
14217
14219
28365
14218
14219
14222
14585
28366
14224
14586
14226
14224
14225
14226
14224
14225
14598
14224
14226
14599
14225
14226
14601
14229
14230
14231
14229
14230
14232
25562
14235
25563
14236
14235
14236
14237
14235
14236
14239
25566
14235
14237
25567
14236
14237
14241
25568
14243
14242
14243
14244
14242
14243
25583
14242
14244
14245
25584
14243
14244
25585
14247
14247
25590
31096
14247
14256
31097
31098
14252
14253
14254
14252
14253
14259
14605
14252
14254
14606
14253
14254
14261
14607
14263
14257
25596
14257
14262
14263
14264
14265
14262
14263
28553
14262
14264
14267
28554
14263
14264
14269
28555
14271
14269
14270
14271
14269
14270
14273
28560
14269
14271
28561
14270
14271
14275
28562
14277
14276
14277
14278
14279
14276
14277
28581
14276
14278
14281
28582
14277
14278
14283
28583
14285
14283
14284
14285
14286
14283
14284
14633
28588
14283
14285
28589
14284
14285
14288
14634
28590
14290
14635
14292
14290
14291
14292
14290
14291
14647
14290
14292
14648
14291
14292
14650
14297
14298
14299
14300
14297
14298
14640
28637
14297
14299
14302
28638
14298
14299
14641
14304
28639
14642
14306
14304
14305
14306
14304
14305
14308
28644
14304
14306
28645
14305
14306
14310
28646
14312
14311
14312
14313
14311
14312
14626
14311
14313
14627
14312
14313
14628
14318
14319
14320
14318
14319
25634
14318
14320
25635
14319
14320
25636
14325
14326
14327
14325
14326
25655
14325
14327
25656
14326
14327
25657
14330
14331
30991
14330
14331
30995
14334
14337
25052
30998
14334
14338
14340
14335
31000
14337
14338
31001
14337
14338
14343
25053
25054
31003
14345
14341
14344
14346
25073
14341
14345
31005
14342
14348
31007
14344
14345
14349
31008
14344
14345
25074
14351
25075
31010
14348
14351
25080
14348
14352
14354
31012
14349
31014
14351
14352
31015
14351
14352
14357
25081
25082
14359
31017
14355
14358
14360
25101
14355
14359
31019
14356
14362
31021
14358
14359
14363
31022
14358
14359
25102
14365
25103
31024
14362
14365
25108
14362
14366
14368
31026
14363
31028
14365
14366
31029
14365
14366
14371
25109
25110
14373
31031
14369
14372
25122
31033
14369
14373
14370
31035
14372
14373
31036
14372
14373
25123
25124
31038
14377
14378
14377
14380
14382
14378
14380
14389
14379
14383
14379
14390
14380
14384
14391
14387
14394
14383
14386
25669
14383
14387
14384
14386
14387
14395
14386
14387
14397
25672
14399
25673
14401
14390
14393
25809
14390
14394
14391
14393
14394
14395
14393
14394
14398
25810
14400
25811
14401
14399
14400
14401
14399
14400
25683
25816
14399
14401
25684
14400
14401
25817
25685
25818
14404
14407
25760
14404
14408
14410
14405
14412
14407
14408
14414
14416
14407
14408
14418
25763
14420
25764
14415
14422
14412
14413
14412
14415
14413
14415
14424
14414
14414
14425
14415
14426
14429
14420
14421
14422
14426
14420
14421
25774
25949
14420
14422
25775
14421
14422
14427
25950
25776
14428
25951
14429
14425
14428
25956
14425
14429
14426
14428
14429
14428
14429
25957
25958
14433
14436
25294
31068
14434
14436
25295
14433
14434
31075
14435
31070
31078
14435
31079
14436
31071
31080
25296
31073
14440
14441
14440
14443
14445
14441
14443
14452
14442
14446
14442
14453
14443
14447
14454
14450
14457
14446
14449
26817
14446
14450
14447
14449
14450
14458
14449
14450
14460
26818
14462
26819
14464
14453
14456
14465
14453
14457
14454
14456
14457
14458
14456
14457
14461
14469
14463
14470
14464
14462
14463
14464
14462
14463
14473
26831
14462
14464
26832
14463
14464
14474
26833
14476
14467
14470
14467
14471
14480
14468
14481
14470
14471
14472
14482
14470
14471
14474
14476
14478
14485
14476
14477
14478
14486
14476
14477
27097
14476
14478
14477
14478
14488
27098
14490
27099
14492
14481
14484
14493
14481
14485
14482
14484
14485
14486
14484
14485
14489
14497
14491
14498
14492
14490
14491
14492
14490
14491
14501
27111
14490
14492
27112
14491
14492
14502
27113
14504
14495
14498
14495
14499
14508
14496
14509
14498
14499
14500
14510
14498
14499
14502
14504
14506
14513
14504
14505
14506
14514
14504
14505
27363
14504
14506
14505
14506
14516
27364
14518
27365
14520
14509
14512
14521
14509
14513
14510
14512
14513
14514
14512
14513
14517
14525
14519
14526
14520
14518
14519
14520
14518
14519
14529
27377
14518
14520
27378
14519
14520
14530
27379
14532
14523
14526
14523
14527
14536
14524
14538
14526
14527
14528
14540
14526
14527
14530
14532
14534
14541
14532
14533
14534
14545
14532
14533
27615
14532
14534
14533
14534
14546
27616
14547
27617
14548
14538
14539
14538
14541
14539
14541
14543
14540
14540
14544
14541
14545
14548
14544
14547
27629
14544
14548
14545
14547
14548
14547
14548
27630
27631
14552
14555
25477
14553
14555
25478
14552
14553
31082
14554
31085
14554
31086
14555
31087
25479
14558
14561
28133
14558
14562
14571
14559
14573
14561
14562
14563
14575
14561
14562
14565
28136
14567
28137
14569
14576
14567
14568
14569
14580
14567
14568
28140
28343
14567
14569
28141
14568
14569
14581
28344
28142
14582
28345
14583
14573
14574
14573
14576
14574
14576
14578
14575
14575
14579
14576
14580
14583
14579
14582
28357
14579
14583
14580
14582
14583
14582
14583
28360
28361
14586
14589
28385
14586
14590
14599
14587
14601
14589
14590
14591
14603
14589
14590
14593
28386
14595
28387
14597
14604
14595
14596
14597
14608
14595
14596
28392
28539
14595
14597
28393
14596
14597
14609
28540
28394
14610
28541
14611
14601
14602
14601
14604
14602
14604
14606
14603
14603
14607
14604
14608
14611
14607
14610
28553
14607
14611
14608
14610
14611
14610
14611
28556
28557
14616
14617
14618
14622
14629
14616
14617
28525
28630
14616
14618
14623
28526
14617
14618
14630
28631
14624
28527
14631
28632
14625
14632
14621
14624
28532
14621
14625
14622
14624
14625
14624
14625
28533
28534
14628
14631
28644
14628
14632
14629
14631
14632
14631
14632
28647
28648
14635
14638
28609
14635
14639
14648
14636
14650
14638
14639
14643
14652
14638
14639
14644
28610
14645
28611
14646
14653
14642
14645
28616
14642
14646
14655
14643
14657
14645
14646
14659
14645
14646
28617
28618
14660
14650
14651
14650
14653
14651
14653
14656
14652
14652
14658
14653
14659
14660
14657
14658
14657
14660
14658
14660
14659
14659
14660
14664
14667
25613
14665
14667
25614
14664
14665
31103
14666
31106
14666
31107
14667
31108
25615
14672
14673
14674
16981
16988
14672
14673
16982
14672
14674
16962
14673
14674
16963
16989
16985
16986
16992
16966
16993
14679
14680
14681
17002
17009
14679
14680
16904
17003
14679
14681
16905
16983
14680
14681
16984
17010
16908
17006
17007
17013
16987
17014
14684
14684
16943
31132
31134
31136
14727
14689
14690
14691
17023
17034
14689
14690
14689
14691
14690
14691
17035
17025
17038
17039
14694
14696
17029
17030
17033
14694
14697
14698
14696
14697
14698
14747
17046
17048
17050
14698
14748
14749
14703
14704
14705
17102
17109
14703
14704
16948
17072
17103
14703
14705
16949
31140
14704
14705
17073
17110
31141
16952
17106
17074
17107
17113
17114
31144
14710
14711
14712
17123
17130
14710
14711
16969
17124
14710
14712
16970
17104
14711
14712
17105
17131
16973
17127
17128
17134
17108
17135
14717
14718
14719
17144
17151
14717
14718
16990
17145
14717
14719
16991
17125
14718
14719
17126
17152
16994
17148
17149
17155
17129
17156
14724
14725
14726
17165
17172
14724
14725
17011
17166
14724
14726
17012
17146
14725
14726
17147
17173
17015
17169
17170
17176
17150
17177
14729
14729
17099
31167
31169
31171
14782
14731
14789
17198
17200
17202
28718
14732
14791
17209
17210
17212
14733
14803
17218
17220
17222
14734
14805
17225
17226
17228
14735
14817
17232
17234
17236
14819
17239
17240
17242
28719
14737
14831
17269
17271
17273
31195
31197
31199
14739
17286
17299
17290
17303
17311
14744
14745
14746
17324
17335
14744
14745
17036
14744
14746
17037
31203
14745
14746
17336
31204
17040
17326
17339
17340
31207
14749
14751
17330
17331
17334
14749
14752
34059
14753
14751
14752
34061
14753
14856
17347
17349
17351
14753
14857
34063
14858
14758
14759
14760
17403
17410
14758
14759
17111
17373
17404
14758
14760
17112
31217
14759
14760
17374
17411
31218
17115
17407
17375
17408
17414
17415
31221
14765
14766
14767
17424
17431
14765
14766
17132
17425
14765
14767
17133
17405
14766
14767
17406
17432
17136
17428
17429
17435
17409
17436
14772
14773
14774
17445
17452
14772
14773
17153
17446
14772
14774
17154
17426
14773
14774
17427
17453
17157
17449
17450
17456
17430
17457
14779
14780
14781
17466
17473
14779
14780
17174
17467
14779
14781
17175
17447
14780
14781
17448
17474
17178
17470
17471
17477
17451
17478
14784
14784
17400
31244
31246
31248
14891
14786
14787
14788
14915
31251
31252
14788
14916
14917
17490
17491
17493
31255
31256
31258
14791
14793
14798
14799
14802
28779
14791
14794
14795
14803
17542
17544
17546
14793
14794
28782
14795
14927
17551
17553
17555
28783
14795
14806
14928
14807
14929
17562
17563
17565
14800
14801
14802
17537
17541
17550
14800
14801
17199
17538
31263
14800
14802
17200
17542
14801
14802
17551
31264
17203
17539
17545
17540
17554
31267
17546
17555
14805
14807
14812
14813
14816
14805
14808
14809
14817
17571
17573
17575
14807
14808
14809
14941
17578
17580
17582
14809
14820
14942
14821
14943
17585
17586
17588
14814
14815
14816
17570
17577
14814
14815
17219
17543
14814
14816
17220
17571
14815
14816
17544
17578
17223
17574
17547
17581
17575
17582
14819
14821
14826
14827
14830
14819
14822
14823
17592
17594
17596
28784
14821
14822
14823
14955
17603
17605
17607
14823
14956
28787
14957
17610
17611
17613
28788
14828
14829
14830
17591
17602
14828
14829
17233
17572
14828
14830
17234
17592
14829
14830
17573
17603
17237
17595
17576
17606
17596
17607
14833
14835
14840
14841
14844
31298
31299
31302
14833
14836
14837
28805
31311
31313
31315
14835
14836
14837
14969
17664
17666
17668
31304
31306
31308
14837
14970
28808
14971
28809
31318
31319
31321
14842
14843
14844
17663
31310
14842
14843
17270
14842
14844
17271
31311
14843
14844
17653
17664
17274
31314
17667
17668
31315
14846
17677
17690
17681
17694
17699
14848
17310
17711
17724
17715
17728
17736
14853
14854
14855
17749
17760
14853
14854
17337
14853
14855
17338
31326
14854
14855
17761
31327
17341
17751
17764
17765
31330
14858
14860
17755
17756
17759
14858
14861
34080
14862
14860
14861
34082
14862
14994
17772
17774
17776
14862
14995
34084
14996
14867
14868
14869
17828
17835
14867
14868
17412
17798
17829
14867
14869
17413
31340
14868
14869
17799
17836
31341
17416
17832
17800
17833
17839
17840
31344
14874
14875
14876
17849
17856
14874
14875
17433
17850
14874
14876
17434
17830
14875
14876
17831
17857
17437
17853
17854
17860
17834
17861
14881
14882
14883
17870
17877
14881
14882
17454
17871
14881
14883
17455
17851
14882
14883
17852
17878
17458
17874
17875
17881
17855
17882
14888
14889
14890
17891
17898
14888
14889
17475
17892
14888
14890
17476
17872
14889
14890
17873
17899
17479
17895
17896
17902
17876
17903
14893
14893
17825
31367
31369
31371
15029
14898
33490
33493
33495
33496
34101
14899
28862
28864
28866
33491
33494
33495
33496
34108
33490
33491
33492
14898
14899
34104
34110
15037
33498
33500
33502
33503
34105
15038
31374
31375
31377
33499
33501
33502
33503
34112
15039
33497
33498
33499
14905
28863
28864
28867
33504
33507
33509
33510
34108
14906
28869
28871
28873
33505
33508
33509
33510
34115
33504
33505
33506
14905
14906
34111
34117
15055
31374
31376
31378
33512
33514
33516
33517
34112
15056
31381
31382
31384
33513
33515
33516
33517
34119
15057
33511
33512
33513
14912
28870
28871
28874
33518
33521
33523
33524
34115
14913
28876
28878
28880
33519
33522
33523
33524
34122
33518
33519
33520
14912
14913
34118
34124
15063
31381
31383
31385
33526
33528
33530
33531
34119
15064
31388
31389
31391
33527
33529
33530
33531
34126
15065
33525
33526
33527
14917
14919
28877
28878
28881
34122
14917
14920
14921
17958
17960
17962
31395
31397
31399
14919
14920
34125
14921
15070
31388
31390
31392
34126
14921
15071
15072
17972
17973
17975
31402
31403
31405
14925
17509
17959
14926
17510
17994
31396
14925
14926
17960
17996
31397
17963
17999
17995
18000
31400
14929
14931
14936
14937
14940
28891
14929
14932
14933
14941
18030
18032
18034
14931
14932
28894
14933
15082
18039
18041
18043
28895
14933
14944
15083
14945
15084
18050
18051
18053
14938
14939
14940
18025
18029
18038
14938
14939
17552
18026
31410
14938
14940
17553
18030
14939
14940
18039
31411
17556
18027
18033
18028
18042
31414
18034
18043
14943
14945
14950
14951
14954
14943
14946
14947
14955
18059
18061
18063
14945
14946
14947
15096
18066
18068
18070
14947
14958
15097
14959
15098
18073
18074
18076
14952
14953
14954
18058
18065
14952
14953
17579
18031
14952
14954
17580
18059
14953
14954
18032
18066
17583
18062
18035
18069
18063
18070
14957
14959
14964
14965
14968
14957
14960
14961
18080
18082
18084
28896
14959
14960
14961
15110
18091
18093
18095
14961
15111
28899
15112
18098
18099
18101
28900
14966
14967
14968
18079
18090
14966
14967
17604
18060
14966
14968
17605
18080
14967
14968
18061
18091
17608
18083
18064
18094
18084
18095
14971
14973
14978
14979
14982
31445
31446
31449
14971
14974
14975
28917
31458
31460
31462
14973
14974
14975
15124
18152
18154
18156
31451
31453
31455
14975
15125
28920
15126
28921
31465
31466
31468
14980
14981
14982
18151
31457
14980
14981
17665
14980
14982
17666
31458
14981
14982
18141
18152
17669
31461
18155
18156
31462
14984
17698
18165
18178
18169
18182
18187
14986
17735
18199
18212
18203
18216
18224
14991
14992
14993
18237
18248
14991
14992
17762
14991
14993
17763
31473
14992
14993
18249
31474
17766
18239
18252
18253
31477
14996
14998
18243
18244
18247
14996
14999
34129
15000
14998
14999
34131
15000
15149
18260
18262
18264
15000
15150
34133
15151
15005
15006
15007
18308
18315
15005
15006
17837
18286
18309
15005
15007
17838
31487
15006
15007
18287
18316
31488
17841
18312
18288
18313
18319
18320
31491
15012
15013
15014
18329
18336
15012
15013
17858
18330
15012
15014
17859
18310
15013
15014
18311
18337
17862
18333
18334
18340
18314
18341
15019
15020
15021
18350
18357
15019
15020
17879
18351
15019
15021
17880
18331
15020
15021
18332
18358
17883
18354
18355
18361
18335
18362
15026
15027
15028
18371
18378
15026
15027
17900
18372
15026
15028
17901
18352
15027
15028
18353
18379
17904
18375
18376
18382
18356
18383
15032
15034
15032
15035
15045
15047
15049
28996
15036
18475
18477
18479
31514
31516
31518
15034
15035
28998
15036
15184
15036
15185
18484
18485
18487
29000
15186
18491
18492
18494
31521
31522
31524
15041
33532
33535
33537
33538
34150
15042
29002
29004
29006
33533
33536
33537
33538
34157
33532
33533
33534
15041
15042
34153
34159
15191
33540
33542
33544
33545
34154
15192
31542
31543
31545
33541
33543
33544
33545
34161
15193
33539
33540
33541
15048
15049
15050
18474
18483
15048
15049
18475
15048
15050
18481
31529
15049
15050
18484
31530
18478
18479
18487
18482
18488
31533
15053
18499
31515
15053
18477
18502
31516
18501
18504
31519
18409
18500
18508
15059
29003
29004
29007
33546
33549
33551
33552
34157
15060
29009
29011
29013
33547
33550
33551
33552
34164
33546
33547
33548
15059
15060
34160
34166
15209
31542
31544
31546
33554
33556
33558
33559
34161
15210
31549
31550
31552
33555
33557
33558
33559
34168
15211
33553
33554
33555
18451
18511
18529
15067
29010
29011
29014
33560
33563
33565
33566
34164
15068
29016
29018
29020
33561
33564
33565
33566
34171
33560
33561
33562
15067
15068
34167
34173
15217
31549
31551
31553
33568
33570
33572
33573
34168
15218
31556
31557
31559
33569
33571
33572
33573
34175
15219
33567
33568
33569
15072
15074
29017
29018
29021
34171
15072
15075
15076
18556
18558
18560
31563
31565
31567
15074
15075
34174
15076
15224
31556
31558
31560
34175
15076
15225
15226
18570
18571
18573
31570
31571
31573
15080
17997
18557
15081
17998
18592
31564
15080
15081
18558
18594
31565
18561
18597
18593
18598
31568
15084
15086
15091
15092
15095
29031
15084
15087
15088
15096
18628
18630
18632
15086
15087
29034
15088
15236
18637
18639
18641
29035
15088
15099
15237
15100
15238
18648
18649
18651
15093
15094
15095
18623
18627
18636
15093
15094
18040
18624
31578
15093
15095
18041
18628
15094
15095
18637
31579
18044
18625
18631
18626
18640
31582
18632
18641
15098
15100
15105
15106
15109
15098
15101
15102
15110
18657
18659
18661
15100
15101
15102
15250
18664
18666
18668
15102
15113
15251
15114
15252
18671
18672
18674
15107
15108
15109
18656
18663
15107
15108
18067
18629
15107
15109
18068
18657
15108
15109
18630
18664
18071
18660
18633
18667
18661
18668
15112
15114
15119
15120
15123
15112
15115
15116
18678
18680
18682
29036
15114
15115
15116
15264
18689
18691
18693
15116
15265
29039
15266
18696
18697
18699
29040
15121
15122
15123
18677
18688
15121
15122
18092
18658
15121
15123
18093
18678
15122
15123
18659
18689
18096
18681
18662
18692
18682
18693
15126
15128
15133
15134
15137
31613
31614
31617
15126
15129
15130
29057
31626
31628
31630
15128
15129
15130
15278
18750
18752
18754
31619
31621
31623
15130
15279
29060
15280
29061
31633
31634
31636
15135
15136
15137
18749
31625
15135
15136
18153
15135
15137
18154
31626
15136
15137
18739
18750
18157
31629
18753
18754
31630
15139
18186
18763
18776
18767
18780
18785
15141
18223
18797
18810
18801
18814
18822
15146
15147
15148
18835
18846
15146
15147
18250
15146
15148
18251
31641
15147
15148
18847
31642
18254
18837
18850
18851
31645
15151
15153
18841
18842
18845
15151
15154
34178
15155
15153
15154
34180
15155
15303
18858
18860
18862
15155
15304
34182
15305
15160
15161
15162
18898
18905
15160
15161
18317
18884
18899
15160
15162
18318
31655
15161
15162
18885
18906
31656
18321
18902
18886
18903
18909
18910
31659
15167
15168
15169
18919
18926
15167
15168
18338
18920
15167
15169
18339
18900
15168
15169
18901
18927
18342
18923
18924
18930
18904
18931
15174
15175
15176
18940
18947
15174
15175
18359
18941
15174
15176
18360
18921
15175
15176
18922
18948
18363
18944
18945
18951
18925
18952
15181
15182
15183
18961
18968
15181
15182
18380
18962
15181
15183
18381
18942
15182
15183
18943
18969
18384
18965
18966
18972
18946
18973
15186
15188
15186
15189
15199
15201
15203
29136
15190
19079
19081
19083
31675
31677
31679
15188
15189
29138
15190
15338
15190
15339
19088
19089
19091
29140
15340
19095
19096
19098
31682
31683
31685
15195
33574
33577
33579
33580
34199
15196
29142
29144
29146
33575
33578
33579
33580
34206
33574
33575
33576
15195
15196
34202
34208
15345
33582
33584
33586
33587
34203
15346
31703
31704
31706
33583
33585
33586
33587
34210
15347
33581
33582
33583
15202
15203
15204
19078
19087
15202
15203
18485
19079
15202
15204
18486
19085
31690
15203
15204
19088
31691
18489
19082
19083
19091
19086
19092
31694
15207
18503
19103
31676
15207
19081
19106
31677
19105
19108
31680
18999
19104
19112
15213
29143
29144
29147
33588
33591
33593
33594
34206
15214
29149
29151
29153
33589
33592
33593
33594
34213
33588
33589
33590
15213
15214
34209
34215
15363
31703
31705
31707
33596
33598
33600
33601
34210
15364
31710
31711
31713
33597
33599
33600
33601
34217
15365
33595
33596
33597
19055
19115
19133
15221
29150
29151
29154
33602
33605
33607
33608
34213
15222
29156
29158
29160
33603
33606
33607
33608
34220
33602
33603
33604
15221
15222
34216
34222
15371
31710
31712
31714
33610
33612
33614
33615
34217
15372
31717
31718
31720
33611
33613
33614
33615
34224
15373
33609
33610
33611
15226
15228
29157
29158
29161
34220
15226
15229
15230
19160
19162
19164
31724
31726
31728
15228
15229
34223
15230
15378
31717
31719
31721
34224
15230
15379
15380
19174
19175
19177
31731
31732
31734
15234
18595
19161
15235
18596
19196
31725
15234
15235
19162
19198
31726
19165
19201
19197
19202
31729
15238
15240
15245
15246
15249
29171
15238
15241
15242
15250
19232
19234
19236
15240
15241
29174
15242
15390
19241
19243
19245
29175
15242
15253
15391
15254
15392
19252
19253
19255
15247
15248
15249
19227
19231
19240
15247
15248
18638
19228
31739
15247
15249
18639
19232
15248
15249
19241
31740
18642
19229
19235
19230
19244
31743
19236
19245
15252
15254
15259
15260
15263
15252
15255
15256
15264
19261
19263
19265
15254
15255
15256
15404
19268
19270
19272
15256
15267
15405
15268
15406
19275
19276
19278
15261
15262
15263
19260
19267
15261
15262
18665
19233
15261
15263
18666
19261
15262
15263
19234
19268
18669
19264
19237
19271
19265
19272
15266
15268
15273
15274
15277
15266
15269
15270
19282
19284
19286
29176
15268
15269
15270
15418
19293
19295
19297
15270
15419
29179
15420
19300
19301
19303
29180
15275
15276
15277
19281
19292
15275
15276
18690
19262
15275
15277
18691
19282
15276
15277
19263
19293
18694
19285
19266
19296
19286
19297
15280
15282
15287
15288
15291
31774
31775
31778
15280
15283
15284
29197
31787
31789
31791
15282
15283
15284
15432
19354
19356
19358
31780
31782
31784
15284
15433
29200
15434
29201
31794
31795
31797
15289
15290
15291
19353
31786
15289
15290
18751
15289
15291
18752
31787
15290
15291
19343
19354
18755
31790
19357
19358
31791
15293
18784
19367
19380
19371
19384
19389
15295
18821
19401
19414
19405
19418
19426
15300
15301
15302
19439
19450
15300
15301
18848
15300
15302
18849
31802
15301
15302
19451
31803
18852
19441
19454
19455
31806
15305
15307
19445
19446
19449
15305
15308
34227
15309
15307
15308
34229
15309
15457
19462
19464
19466
15309
15458
34231
15459
15314
15315
15316
19502
19509
15314
15315
18907
19488
19503
15314
15316
18908
31816
15315
15316
19489
19510
31817
18911
19506
19490
19507
19513
19514
31820
15321
15322
15323
19523
19530
15321
15322
18928
19524
15321
15323
18929
19504
15322
15323
19505
19531
18932
19527
19528
19534
19508
19535
15328
15329
15330
19544
19551
15328
15329
18949
19545
15328
15330
18950
19525
15329
15330
19526
19552
18953
19548
19549
19555
19529
19556
15335
15336
15337
19565
19572
15335
15336
18970
19566
15335
15337
18971
19546
15336
15337
19547
19573
18974
19569
19570
19576
19550
19577
15340
15342
15340
15343
15353
15355
15357
29276
15344
19683
19685
19687
31836
31838
31840
15342
15343
29278
15344
15492
15344
15493
19692
19693
19695
29280
15494
19699
19700
19702
31843
31844
31846
15349
33616
33619
33621
33622
34248
15350
29282
29284
29286
33617
33620
33621
33622
34255
33616
33617
33618
15349
15350
34251
34257
15499
33624
33626
33628
33629
34252
15500
31864
31865
31867
33625
33627
33628
33629
34259
15501
33623
33624
33625
15356
15357
15358
19682
19691
15356
15357
19089
19683
15356
15358
19090
19689
31851
15357
15358
19692
31852
19093
19686
19687
19695
19690
19696
31855
15361
19107
19707
31837
15361
19685
19710
31838
19709
19712
31841
19603
19708
19716
15367
29283
29284
29287
33630
33633
33635
33636
34255
15368
29289
29291
29293
33631
33634
33635
33636
34262
33630
33631
33632
15367
15368
34258
34264
15517
31864
31866
31868
33638
33640
33642
33643
34259
15518
31871
31872
31874
33639
33641
33642
33643
34266
15519
33637
33638
33639
19659
19719
19737
15375
29290
29291
29294
33644
33647
33649
33650
34262
15376
29296
29298
29300
33645
33648
33649
33650
34269
33644
33645
33646
15375
15376
34265
34271
15525
31871
31873
31875
33652
33654
33656
33657
34266
15526
31878
31879
31881
33653
33655
33656
33657
34273
15527
33651
33652
33653
15380
15382
29297
29298
29301
34269
15380
15383
15384
19764
19766
19768
31885
31887
31889
15382
15383
34272
15384
15532
31878
31880
31882
34273
15384
15533
15534
19778
19779
19781
31892
31893
31895
15388
19199
19765
15389
19200
19800
31886
15388
15389
19766
19802
31887
19769
19805
19801
19806
31890
15392
15394
15399
15400
15403
29311
15392
15395
15396
15404
19836
19838
19840
15394
15395
29314
15396
15544
19845
19847
19849
29315
15396
15407
15545
15408
15546
19856
19857
19859
15401
15402
15403
19831
19835
19844
15401
15402
19242
19832
31900
15401
15403
19243
19836
15402
15403
19845
31901
19246
19833
19839
19834
19848
31904
19840
19849
15406
15408
15413
15414
15417
15406
15409
15410
15418
19865
19867
19869
15408
15409
15410
15558
19872
19874
19876
15410
15421
15559
15422
15560
19879
19880
19882
15415
15416
15417
19864
19871
15415
15416
19269
19837
15415
15417
19270
19865
15416
15417
19838
19872
19273
19868
19841
19875
19869
19876
15420
15422
15427
15428
15431
15420
15423
15424
19886
19888
19890
29316
15422
15423
15424
15572
19897
19899
19901
15424
15573
29319
15574
19904
19905
19907
29320
15429
15430
15431
19885
19896
15429
15430
19294
19866
15429
15431
19295
19886
15430
15431
19867
19897
19298
19889
19870
19900
19890
19901
15434
15436
15441
15442
15445
31935
31936
31939
15434
15437
15438
29337
31948
31950
31952
15436
15437
15438
15586
19958
19960
19962
31941
31943
31945
15438
15587
29340
15588
29341
31955
31956
31958
15443
15444
15445
19957
31947
15443
15444
19355
15443
15445
19356
31948
15444
15445
19947
19958
19359
31951
19961
19962
31952
15447
19388
19971
19984
19975
19988
19993
15449
19425
20005
20018
20009
20022
20030
15454
15455
15456
20043
20054
15454
15455
19452
15454
15456
19453
31963
15455
15456
20055
31964
19456
20045
20058
20059
31967
15459
15461
20049
20050
20053
15459
15462
34276
15463
15461
15462
34278
15463
15611
20066
20068
20070
15463
15612
34280
15613
15468
15469
15470
20106
20113
15468
15469
19511
20092
20107
15468
15470
19512
31977
15469
15470
20093
20114
31978
19515
20110
20094
20111
20117
20118
31981
15475
15476
15477
20127
20134
15475
15476
19532
20128
15475
15477
19533
20108
15476
15477
20109
20135
19536
20131
20132
20138
20112
20139
15482
15483
15484
20148
20155
15482
15483
19553
20149
15482
15484
19554
20129
15483
15484
20130
20156
19557
20152
20153
20159
20133
20160
15489
15490
15491
20169
20176
15489
15490
19574
20170
15489
15491
19575
20150
15490
15491
20151
20177
19578
20173
20174
20180
20154
20181
15494
15496
15494
15497
15507
15509
15511
29416
15498
20287
20289
20291
31997
31999
32001
15496
15497
29418
15498
15646
15498
15647
20296
20297
20299
29420
15648
20303
20304
20306
32004
32005
32007
15503
33658
33661
33663
33664
34297
15504
29422
29424
29426
33659
33662
33663
33664
34304
33658
33659
33660
15503
15504
34300
34306
15653
33666
33668
33670
33671
34301
15654
32025
32026
32028
33667
33669
33670
33671
34308
15655
33665
33666
33667
15510
15511
15512
20286
20295
15510
15511
19693
20287
15510
15512
19694
20293
32012
15511
15512
20296
32013
19697
20290
20291
20299
20294
20300
32016
15515
19711
20311
31998
15515
20289
20314
31999
20313
20316
32002
20207
20312
20320
15521
29423
29424
29427
33672
33675
33677
33678
34304
15522
29429
29431
29433
33673
33676
33677
33678
34311
33672
33673
33674
15521
15522
34307
34313
15671
32025
32027
32029
33680
33682
33684
33685
34308
15672
32032
32033
32035
33681
33683
33684
33685
34315
15673
33679
33680
33681
20263
20323
20341
15529
29430
29431
29434
33686
33689
33691
33692
34311
15530
29436
29438
29440
33687
33690
33691
33692
34318
33686
33687
33688
15529
15530
34314
34320
15679
32032
32034
32036
33694
33696
33698
33699
34315
15680
32039
32040
32042
33695
33697
33698
33699
34322
15681
33693
33694
33695
15534
15536
29437
29438
29441
34318
15534
15537
15538
20368
20370
20372
32046
32048
32050
15536
15537
34321
15538
15686
32039
32041
32043
34322
15538
15687
15688
20382
20383
20385
32053
32054
32056
15542
19803
20369
15543
19804
20404
32047
15542
15543
20370
20406
32048
20373
20409
20405
20410
32051
15546
15548
15553
15554
15557
29451
15546
15549
15550
15558
20440
20442
20444
15548
15549
29454
15550
15698
20449
20451
20453
29455
15550
15561
15699
15562
15700
20460
20461
20463
15555
15556
15557
20435
20439
20448
15555
15556
19846
20436
32061
15555
15557
19847
20440
15556
15557
20449
32062
19850
20437
20443
20438
20452
32065
20444
20453
15560
15562
15567
15568
15571
15560
15563
15564
15572
20469
20471
20473
15562
15563
15564
15712
20476
20478
20480
15564
15575
15713
15576
15714
20483
20484
20486
15569
15570
15571
20468
20475
15569
15570
19873
20441
15569
15571
19874
20469
15570
15571
20442
20476
19877
20472
20445
20479
20473
20480
15574
15576
15581
15582
15585
15574
15577
15578
20490
20492
20494
29456
15576
15577
15578
15726
20501
20503
20505
15578
15727
29459
15728
20508
20509
20511
29460
15583
15584
15585
20489
20500
15583
15584
19898
20470
15583
15585
19899
20490
15584
15585
20471
20501
19902
20493
20474
20504
20494
20505
15588
15590
15595
15596
15599
32096
32097
32100
15588
15591
15592
29477
32109
32111
32113
15590
15591
15592
15740
20562
20564
20566
32102
32104
32106
15592
15741
29480
15742
29481
32116
32117
32119
15597
15598
15599
20561
32108
15597
15598
19959
15597
15599
19960
32109
15598
15599
20551
20562
19963
32112
20565
20566
32113
15601
19992
20575
20588
20579
20592
20597
15603
20029
20609
20622
20613
20626
20634
15608
15609
15610
20647
20658
15608
15609
20056
15608
15610
20057
32124
15609
15610
20659
32125
20060
20649
20662
20663
32128
15613
15615
20653
20654
20657
15613
15616
34325
15617
15615
15616
34327
15617
15765
20670
20672
20674
15617
15766
34329
15767
15622
15623
15624
20710
20717
15622
15623
20115
20696
20711
15622
15624
20116
32138
15623
15624
20697
20718
32139
20119
20714
20698
20715
20721
20722
32142
15629
15630
15631
20731
20738
15629
15630
20136
20732
15629
15631
20137
20712
15630
15631
20713
20739
20140
20735
20736
20742
20716
20743
15636
15637
15638
20752
20759
15636
15637
20157
20753
15636
15638
20158
20733
15637
15638
20734
20760
20161
20756
20757
20763
20737
20764
15643
15644
15645
20773
20780
15643
15644
20178
20774
15643
15645
20179
20754
15644
15645
20755
20781
20182
20777
20778
20784
20758
20785
15648
15650
15648
15651
15661
15663
15665
29556
15652
20891
20893
20895
32158
32160
32162
15650
15651
29558
15652
15800
15652
15801
20900
20901
20903
29560
15802
20907
20908
20910
32165
32166
32168
15657
33700
33703
33705
33706
34346
15658
29562
29564
29566
33701
33704
33705
33706
34353
33700
33701
33702
15657
15658
34349
34355
15807
33708
33710
33712
33713
34350
15808
32186
32187
32189
33709
33711
33712
33713
34357
15809
33707
33708
33709
15664
15665
15666
20890
20899
15664
15665
20297
20891
15664
15666
20298
20897
32173
15665
15666
20900
32174
20301
20894
20895
20903
20898
20904
32177
15669
20315
20915
32159
15669
20893
20918
32160
20917
20920
32163
20811
20916
20924
15675
29563
29564
29567
33714
33717
33719
33720
34353
15676
29569
29571
29573
33715
33718
33719
33720
34360
33714
33715
33716
15675
15676
34356
34362
15825
32186
32188
32190
33722
33724
33726
33727
34357
15826
32193
32194
32196
33723
33725
33726
33727
34364
15827
33721
33722
33723
20867
20927
20945
15683
29570
29571
29574
33728
33731
33733
33734
34360
15684
29576
29578
29580
33729
33732
33733
33734
34367
33728
33729
33730
15683
15684
34363
34369
15833
32193
32195
32197
33736
33738
33740
33741
34364
15834
32200
32201
32203
33737
33739
33740
33741
34371
15835
33735
33736
33737
15688
15690
29577
29578
29581
34367
15688
15691
15692
20972
20974
20976
32207
32209
32211
15690
15691
34370
15692
15840
32200
32202
32204
34371
15692
15841
15842
20986
20987
20989
32214
32215
32217
15696
20407
20973
15697
20408
21008
32208
15696
15697
20974
21010
32209
20977
21013
21009
21014
32212
15700
15702
15707
15708
15711
29591
15700
15703
15704
15712
21044
21046
21048
15702
15703
29594
15704
15852
21053
21055
21057
29595
15704
15715
15853
15716
15854
21064
21065
21067
15709
15710
15711
21039
21043
21052
15709
15710
20450
21040
32222
15709
15711
20451
21044
15710
15711
21053
32223
20454
21041
21047
21042
21056
32226
21048
21057
15714
15716
15721
15722
15725
15714
15717
15718
15726
21073
21075
21077
15716
15717
15718
15866
21080
21082
21084
15718
15729
15867
15730
15868
21087
21088
21090
15723
15724
15725
21072
21079
15723
15724
20477
21045
15723
15725
20478
21073
15724
15725
21046
21080
20481
21076
21049
21083
21077
21084
15728
15730
15735
15736
15739
15728
15731
15732
21094
21096
21098
29596
15730
15731
15732
15880
21105
21107
21109
15732
15881
29599
15882
21112
21113
21115
29600
15737
15738
15739
21093
21104
15737
15738
20502
21074
15737
15739
20503
21094
15738
15739
21075
21105
20506
21097
21078
21108
21098
21109
15742
15744
15749
15750
15753
32257
32258
32261
15742
15745
15746
29617
32270
32272
32274
15744
15745
15746
15894
21166
21168
21170
32263
32265
32267
15746
15895
29620
15896
29621
32277
32278
32280
15751
15752
15753
21165
32269
15751
15752
20563
15751
15753
20564
32270
15752
15753
21155
21166
20567
32273
21169
21170
32274
15755
20596
21179
21192
21183
21196
21201
15757
20633
21213
21226
21217
21230
21238
15762
15763
15764
21251
21262
15762
15763
20660
15762
15764
20661
32285
15763
15764
21263
32286
20664
21253
21266
21267
32289
15767
15769
21257
21258
21261
15767
15770
34374
15771
15769
15770
34376
15771
15919
21274
21276
21278
15771
15920
34378
15921
15776
15777
15778
21314
21321
15776
15777
20719
21300
21315
15776
15778
20720
32299
15777
15778
21301
21322
32300
20723
21318
21302
21319
21325
21326
32303
15783
15784
15785
21335
21342
15783
15784
20740
21336
15783
15785
20741
21316
15784
15785
21317
21343
20744
21339
21340
21346
21320
21347
15790
15791
15792
21356
21363
15790
15791
20761
21357
15790
15792
20762
21337
15791
15792
21338
21364
20765
21360
21361
21367
21341
21368
15797
15798
15799
21377
21384
15797
15798
20782
21378
15797
15799
20783
21358
15798
15799
21359
21385
20786
21381
21382
21388
21362
21389
15802
15804
15802
15805
15815
15817
15819
29696
15806
21495
21497
21499
32319
32321
32323
15804
15805
29698
15806
15954
15806
15955
21504
21505
21507
29700
15956
21511
21512
21514
32326
32327
32329
15811
33742
33745
33747
33748
34391
15812
29702
29704
29706
33743
33746
33747
33748
34398
33742
33743
33744
15811
15812
34394
34400
15961
33750
33752
33754
33755
34395
15962
32347
32348
32350
33751
33753
33754
33755
34402
15963
33749
33750
33751
15818
15819
15820
21494
21503
15818
15819
20901
21495
15818
15820
20902
21501
32334
15819
15820
21504
32335
20905
21498
21499
21507
21502
21508
32338
15823
20919
21519
32320
15823
21497
21522
32321
21521
21524
32324
21415
21520
21528
15829
29703
29704
29707
33756
33759
33761
33762
34398
15830
29709
29711
29713
33757
33760
33761
33762
34405
33756
33757
33758
15829
15830
34401
34407
15979
32347
32349
32351
33764
33766
33768
33769
34402
15980
32354
32355
32357
33765
33767
33768
33769
34409
15981
33763
33764
33765
21471
21531
21549
15837
29710
29711
29714
33770
33773
33775
33776
34405
15838
29716
29718
29720
33771
33774
33775
33776
34412
33770
33771
33772
15837
15838
34408
34414
15987
32354
32356
32358
33778
33780
33782
33783
34409
15988
32361
32362
32364
33779
33781
33782
33783
34416
15989
33777
33778
33779
15842
15844
29717
29718
29721
34412
15842
15845
15846
21576
21578
21580
32368
32370
32372
15844
15845
34415
15846
15994
32361
32363
32365
34416
15846
15995
15996
21590
21591
21593
32375
32376
32378
15850
21011
21577
15851
21012
21612
32369
15850
15851
21578
21614
32370
21581
21617
21613
21618
32373
15854
15856
15861
15862
15865
29731
15854
15857
15858
15866
21648
21650
21652
15856
15857
29734
15858
16006
21657
21659
21661
29735
15858
15869
16007
15870
16008
21668
21669
21671
15863
15864
15865
21643
21647
21656
15863
15864
21054
21644
32383
15863
15865
21055
21648
15864
15865
21657
32384
21058
21645
21651
21646
21660
32387
21652
21661
15868
15870
15875
15876
15879
15868
15871
15872
15880
21677
21679
21681
15870
15871
15872
16020
21684
21686
21688
15872
15883
16021
15884
16022
21691
21692
21694
15877
15878
15879
21676
21683
15877
15878
21081
21649
15877
15879
21082
21677
15878
15879
21650
21684
21085
21680
21653
21687
21681
21688
15882
15884
15889
15890
15893
15882
15885
15886
21698
21700
21702
29736
15884
15885
15886
16034
21709
21711
21713
15886
16035
29739
16036
21716
21717
21719
29740
15891
15892
15893
21697
21708
15891
15892
21106
21678
15891
15893
21107
21698
15892
15893
21679
21709
21110
21701
21682
21712
21702
21713
15896
15898
15903
15904
15907
32418
32419
32422
15896
15899
15900
29757
32431
32433
32435
15898
15899
15900
16048
21770
21772
21774
32424
32426
32428
15900
16049
29760
16050
29761
32438
32439
32441
15905
15906
15907
21769
32430
15905
15906
21167
15905
15907
21168
32431
15906
15907
21759
21770
21171
32434
21773
21774
32435
15909
21200
21783
21796
21787
21800
21805
15911
21237
21817
21830
21821
21834
21842
15916
15917
15918
21855
21866
15916
15917
21264
15916
15918
21265
32446
15917
15918
21867
32447
21268
21857
21870
21871
32450
15921
15923
21861
21862
21865
15921
15924
34419
15925
15923
15924
34421
15925
16073
21878
21880
21882
15925
16074
34423
16075
15930
15931
15932
21918
21925
15930
15931
21323
21904
21919
15930
15932
21324
32460
15931
15932
21905
21926
32461
21327
21922
21906
21923
21929
21930
32464
15937
15938
15939
21939
21946
15937
15938
21344
21940
15937
15939
21345
21920
15938
15939
21921
21947
21348
21943
21944
21950
21924
21951
15944
15945
15946
21960
21967
15944
15945
21365
21961
15944
15946
21366
21941
15945
15946
21942
21968
21369
21964
21965
21971
21945
21972
15951
15952
15953
21981
21988
15951
15952
21386
21982
15951
15953
21387
21962
15952
15953
21963
21989
21390
21985
21986
21992
21966
21993
15956
15958
15956
15959
15969
15971
15973
29836
15960
22099
22101
22103
32480
32482
32484
15958
15959
29838
15960
16108
15960
16109
22108
22109
22111
29840
16110
22115
22116
22118
32487
32488
32490
15965
33784
33787
33789
33790
34436
15966
29842
29844
29846
33785
33788
33789
33790
34443
33784
33785
33786
15965
15966
34439
34445
16115
33792
33794
33796
33797
34440
16116
32508
32509
32511
33793
33795
33796
33797
34447
16117
33791
33792
33793
15972
15973
15974
22098
22107
15972
15973
21505
22099
15972
15974
21506
22105
32495
15973
15974
22108
32496
21509
22102
22103
22111
22106
22112
32499
15977
21523
22123
32481
15977
22101
22126
32482
22125
22128
32485
22019
22124
22132
15983
29843
29844
29847
33798
33801
33803
33804
34443
15984
29849
29851
29853
33799
33802
33803
33804
34450
33798
33799
33800
15983
15984
34446
34452
16133
32508
32510
32512
33806
33808
33810
33811
34447
16134
32515
32516
32518
33807
33809
33810
33811
34454
16135
33805
33806
33807
22075
22135
22153
15991
29850
29851
29854
33812
33815
33817
33818
34450
15992
29856
29858
29860
33813
33816
33817
33818
34457
33812
33813
33814
15991
15992
34453
34459
16141
32515
32517
32519
33820
33822
33824
33825
34454
16142
32522
32523
32525
33821
33823
33824
33825
34461
16143
33819
33820
33821
15996
15998
29857
29858
29861
34457
15996
15999
16000
22180
22182
22184
32529
32531
32533
15998
15999
34460
16000
16148
32522
32524
32526
34461
16000
16149
16150
22194
22195
22197
32536
32537
32539
16004
21615
22181
16005
21616
22216
32530
16004
16005
22182
22218
32531
22185
22221
22217
22222
32534
16008
16010
16015
16016
16019
29871
16008
16011
16012
16020
22252
22254
22256
16010
16011
29874
16012
16160
22261
22263
22265
29875
16012
16023
16161
16024
16162
22272
22273
22275
16017
16018
16019
22247
22251
22260
16017
16018
21658
22248
32544
16017
16019
21659
22252
16018
16019
22261
32545
21662
22249
22255
22250
22264
32548
22256
22265
16022
16024
16029
16030
16033
16022
16025
16026
16034
22281
22283
22285
16024
16025
16026
16174
22288
22290
22292
16026
16037
16175
16038
16176
22295
22296
22298
16031
16032
16033
22280
22287
16031
16032
21685
22253
16031
16033
21686
22281
16032
16033
22254
22288
21689
22284
22257
22291
22285
22292
16036
16038
16043
16044
16047
16036
16039
16040
22302
22304
22306
29876
16038
16039
16040
16188
22313
22315
22317
16040
16189
29879
16190
22320
22321
22323
29880
16045
16046
16047
22301
22312
16045
16046
21710
22282
16045
16047
21711
22302
16046
16047
22283
22313
21714
22305
22286
22316
22306
22317
16050
16052
16057
16058
16061
32579
32580
32583
16050
16053
16054
29897
32592
32594
32596
16052
16053
16054
16202
22374
22376
22378
32585
32587
32589
16054
16203
29900
16204
29901
32599
32600
32602
16059
16060
16061
22373
32591
16059
16060
21771
16059
16061
21772
32592
16060
16061
22363
22374
21775
32595
22377
22378
32596
16063
21804
22387
22400
22391
22404
22409
16065
21841
22421
22434
22425
22438
22446
16070
16071
16072
22459
22470
16070
16071
21868
16070
16072
21869
32607
16071
16072
22471
32608
21872
22461
22474
22475
32611
16075
16077
22465
22466
22469
16075
16078
34464
16079
16077
16078
34466
16079
16227
22482
22484
22486
16079
16228
34468
16229
16084
16085
16086
22522
22529
16084
16085
21927
22508
22523
16084
16086
21928
32621
16085
16086
22509
22530
32622
21931
22526
22510
22527
22533
22534
32625
16091
16092
16093
22543
22550
16091
16092
21948
22544
16091
16093
21949
22524
16092
16093
22525
22551
21952
22547
22548
22554
22528
22555
16098
16099
16100
22564
22571
16098
16099
21969
22565
16098
16100
21970
22545
16099
16100
22546
22572
21973
22568
22569
22575
22549
22576
16105
16106
16107
22585
22592
16105
16106
21990
22586
16105
16107
21991
22566
16106
16107
22567
22593
21994
22589
22590
22596
22570
22597
16110
16112
16110
16113
16123
16125
16127
29976
16114
22703
22705
22707
32641
32643
32645
16112
16113
29978
16114
16262
16114
16263
22712
22713
22715
29980
16264
22719
22720
22722
32648
32649
32651
16119
33826
33829
33831
33832
34481
16120
29982
29984
29986
33827
33830
33831
33832
34488
33826
33827
33828
16119
16120
34484
34490
16269
33834
33836
33838
33839
34485
16270
32669
32670
32672
33835
33837
33838
33839
34492
16271
33833
33834
33835
16126
16127
16128
22702
22711
16126
16127
22109
22703
16126
16128
22110
22709
32656
16127
16128
22712
32657
22113
22706
22707
22715
22710
22716
32660
16131
22127
22727
32642
16131
22705
22730
32643
22729
22732
32646
22623
22728
22736
16137
29983
29984
29987
33840
33843
33845
33846
34488
16138
29989
29991
29993
33841
33844
33845
33846
34495
33840
33841
33842
16137
16138
34491
34497
16290
32669
32671
32673
33848
33850
33852
33853
34492
16291
32676
32677
32679
33849
33851
33852
33853
34499
16292
33847
33848
33849
22679
22739
22757
16145
29990
29991
29994
33854
33857
33859
33860
34495
16146
29996
29998
30000
33855
33858
33859
33860
34502
33854
33855
33856
16145
16146
34498
34504
16298
32676
32678
32680
33862
33864
33866
33867
34499
16299
32683
32684
32686
33863
33865
33866
33867
34506
16300
33861
33862
33863
16150
16152
29997
29998
30001
34502
16150
16153
16154
22784
22786
22788
32690
32692
32694
16152
16153
34505
16154
16305
32683
32685
32687
34506
16154
16306
16307
22798
22799
22801
32697
32698
32700
16158
22219
22785
16159
22220
22820
32691
16158
16159
22786
22822
32692
22789
22825
22821
22826
32695
16162
16164
16169
16170
16173
30011
16162
16165
16166
16174
22856
22858
22860
16164
16165
30014
16166
16317
22865
22867
22869
30015
16166
16177
16318
16178
16319
22876
22877
22879
16171
16172
16173
22851
22855
22864
16171
16172
22262
22852
32705
16171
16173
22263
22856
16172
16173
22865
32706
22266
22853
22859
22854
22868
32709
22860
22869
16176
16178
16183
16184
16187
16176
16179
16180
16188
22885
22887
22889
16178
16179
16180
16331
22892
22894
22896
16180
16191
16332
16192
16333
22899
22900
22902
16185
16186
16187
22884
22891
16185
16186
22289
22857
16185
16187
22290
22885
16186
16187
22858
22892
22293
22888
22861
22895
22889
22896
16190
16192
16197
16198
16201
16190
16193
16194
22906
22908
22910
30016
16192
16193
16194
16345
22917
22919
22921
16194
16346
30019
16347
22924
22925
22927
30020
16199
16200
16201
22905
22916
16199
16200
22314
22886
16199
16201
22315
22906
16200
16201
22887
22917
22318
22909
22890
22920
22910
22921
16204
16206
16211
16212
16215
32740
32741
32744
16204
16207
16208
30037
32753
32755
32757
16206
16207
16208
16359
22978
22980
22982
32746
32748
32750
16208
16360
30040
16361
30041
32760
32761
32763
16213
16214
16215
22977
32752
16213
16214
22375
16213
16215
22376
32753
16214
16215
22967
22978
22379
32756
22981
22982
32757
16217
22408
22991
23004
22995
23008
23013
16219
22445
23025
23038
23029
23042
23050
16224
16225
16226
23063
23074
16224
16225
22472
16224
16226
22473
32768
16225
16226
23075
32769
22476
23065
23078
23079
32772
16229
16231
23069
23070
23073
16229
16232
34509
16233
16231
16232
34511
16233
16384
23086
23088
23090
16233
16385
34513
16386
16238
16239
16240
23126
23133
16238
16239
22531
23112
23127
16238
16240
22532
32782
16239
16240
23113
23134
32783
22535
23130
23114
23131
23137
23138
32786
16245
16246
16247
23147
23154
16245
16246
22552
23148
16245
16247
22553
23128
16246
16247
23129
23155
22556
23151
23152
23158
23132
23159
16252
16253
16254
23168
23175
16252
16253
22573
23169
16252
16254
22574
23149
16253
16254
23150
23176
22577
23172
23173
23179
23153
23180
16259
16260
16261
23189
23196
16259
16260
22594
23190
16259
16261
22595
23170
16260
16261
23171
23197
22598
23193
23194
23200
23174
23201
16264
16266
16264
16267
16277
16279
16281
30123
16268
23321
23323
23325
32802
32804
32806
16266
16267
30125
16268
16419
16268
16420
23330
23331
23333
30127
16421
23337
23338
23340
32809
32810
32812
16273
33868
33871
33873
33874
34526
16274
30129
30131
30133
33869
33872
33873
33874
34533
33868
33869
33870
16273
16274
34529
34535
16426
33876
33878
33880
33881
34530
16427
32837
32838
32840
33877
33879
33880
33881
34537
16428
33875
33876
33877
16280
16281
16282
23320
23329
16280
16281
22713
23321
16280
16282
22714
23327
32824
16281
16282
23330
32825
22717
23324
23325
23333
23328
23334
32828
16285
22731
23345
32803
16285
23323
23348
32804
23347
23350
32807
23227
23346
23354
16289
23282
16289
23283
23355
23286
23357
16294
30130
30131
30134
33882
33885
33887
33888
34533
16295
30136
30138
30140
33883
33886
33887
33888
34540
33882
33883
33884
16294
16295
34536
34542
16447
32837
32839
32841
33890
33892
33894
33895
34537
16448
32844
32845
32847
33891
33893
33894
33895
34544
16449
33889
33890
33891
23297
23363
23381
16302
30137
30138
30141
33896
33899
33901
33902
34540
16303
30143
30145
30147
33897
33900
33901
33902
34547
33896
33897
33898
16302
16303
34543
34549
16455
32844
32846
32848
33904
33906
33908
33909
34544
16456
32851
32852
32854
33905
33907
33908
33909
34551
16457
33903
33904
33905
16307
16309
30144
30145
30148
34547
16307
16310
16311
23408
23410
23412
32858
32860
32862
16309
16310
34550
16311
16462
32851
32853
32855
34551
16311
16463
16464
23422
23423
23425
32865
32866
32868
16315
22823
23409
16316
22824
23444
32859
16315
16316
23410
23446
32860
23413
23449
23445
23450
32863
16319
16321
16326
16327
16330
30158
16319
16322
16323
16331
23480
23482
23484
16321
16322
30161
16323
16474
23489
23491
23493
30162
16323
16334
16475
16335
16476
23500
23501
23503
16328
16329
16330
23475
23479
23488
16328
16329
22866
23476
32873
16328
16330
22867
23480
16329
16330
23489
32874
22870
23477
23483
23478
23492
32877
23484
23493
16333
16335
16340
16341
16344
16333
16336
16337
16345
23509
23511
23513
16335
16336
16337
16488
23516
23518
23520
16337
16348
16489
16349
16490
23523
23524
23526
16342
16343
16344
23508
23515
16342
16343
22893
23481
16342
16344
22894
23509
16343
16344
23482
23516
22897
23512
23485
23519
23513
23520
16347
16349
16354
16355
16358
16347
16350
16351
23530
23532
23534
30163
16349
16350
16351
16502
23541
23543
23545
16351
16503
30166
16504
23548
23549
23551
30167
16356
16357
16358
23529
23540
16356
16357
22918
23510
16356
16358
22919
23530
16357
16358
23511
23541
22922
23533
23514
23544
23534
23545
16361
16363
16368
16369
16372
32908
32909
32912
16361
16364
16365
30184
32921
32923
32925
16363
16364
16365
16516
23602
23604
23606
32914
32916
32918
16365
16517
30187
16518
30188
32928
32929
32931
16370
16371
16372
23601
32920
16370
16371
22979
16370
16372
22980
32921
16371
16372
23591
23602
22983
32924
23605
23606
32925
16374
23012
23615
23628
23619
23632
23637
16376
23049
23649
23662
23653
23666
23674
16381
16382
16383
23687
23698
16381
16382
23076
16381
16383
23077
32936
16382
16383
23699
32937
23080
23689
23702
23703
32940
16386
16388
23693
23694
23697
16386
16389
34554
16390
16388
16389
34556
16390
16541
23710
23712
23714
16390
16542
34558
16543
16395
16396
16397
23750
23757
16395
16396
23135
23736
23751
16395
16397
23136
32950
16396
16397
23737
23758
32951
23139
23754
23738
23755
23761
23762
32954
16402
16403
16404
23771
23778
16402
16403
23156
23772
16402
16404
23157
23752
16403
16404
23753
23779
23160
23775
23776
23782
23756
23783
16409
16410
16411
23792
23799
16409
16410
23177
23793
16409
16411
23178
23773
16410
16411
23774
23800
23181
23796
23797
23803
23777
23804
16416
16417
16418
23813
23820
16416
16417
23198
23814
16416
16418
23199
23794
16417
16418
23795
23821
23202
23817
23818
23824
23798
23825
16421
16423
16421
16424
16434
16436
16438
30270
16425
23945
23947
23949
32970
32972
32974
16423
16424
30272
16425
16576
16425
16577
23954
23955
23957
30274
16578
23961
23962
23964
32977
32978
32980
16430
33910
33913
33915
33916
34571
16431
30276
30278
30280
33911
33914
33915
33916
34578
33910
33911
33912
16430
16431
34574
34580
16583
33918
33920
33922
33923
34575
16584
33012
33013
33015
33919
33921
33922
33923
34582
16585
33917
33918
33919
16437
16438
16439
23944
23953
16437
16438
23331
23945
16437
16439
23332
23951
32999
16438
16439
23954
33000
23335
23948
23949
23957
23952
23958
33003
16442
23349
23969
32971
16442
23947
23972
32972
23971
23974
32975
23851
23970
23978
16446
23356
23906
23979
16446
23907
23982
23910
23981
23984
16451
30277
30278
30281
33924
33927
33929
33930
34578
16452
30283
30285
30287
33925
33928
33929
33930
34585
33924
33925
33926
16451
16452
34581
34587
16604
33012
33014
33016
33932
33934
33936
33937
34582
16605
33019
33020
33022
33933
33935
33936
33937
34589
16606
33931
33932
33933
23921
23990
24008
16459
30284
30285
30288
33938
33941
33943
33944
34585
16460
30290
30292
30294
33939
33942
33943
33944
34592
33938
33939
33940
16459
16460
34588
34594
16612
33019
33021
33023
33946
33948
33950
33951
34589
16613
33026
33027
33029
33947
33949
33950
33951
34596
16614
33945
33946
33947
16464
16466
30291
30292
30295
34592
16464
16467
16468
24035
24037
24039
33033
33035
33037
16466
16467
34595
16468
16619
33026
33028
33030
34596
16468
16620
16621
24049
24050
24052
33040
33041
33043
16472
23447
24036
16473
23448
24071
33034
16472
16473
24037
24073
33035
24040
24076
24072
24077
33038
16476
16478
16483
16484
16487
30305
16476
16479
16480
16488
24107
24109
24111
16478
16479
30308
16480
16631
24116
24118
24120
30309
16480
16491
16632
16492
16633
24127
24128
24130
16485
16486
16487
24102
24106
24115
16485
16486
23490
24103
33048
16485
16487
23491
24107
16486
16487
24116
33049
23494
24104
24110
24105
24119
33052
24111
24120
16490
16492
16497
16498
16501
16490
16493
16494
16502
24136
24138
24140
16492
16493
16494
16645
24143
24145
24147
16494
16505
16646
16506
16647
24150
24151
24153
16499
16500
16501
24135
24142
16499
16500
23517
24108
16499
16501
23518
24136
16500
16501
24109
24143
23521
24139
24112
24146
24140
24147
16504
16506
16511
16512
16515
16504
16507
16508
24157
24159
24161
30310
16506
16507
16508
16659
24168
24170
24172
16508
16660
30313
16661
24175
24176
24178
30314
16513
16514
16515
24156
24167
16513
16514
23542
24137
16513
16515
23543
24157
16514
16515
24138
24168
23546
24160
24141
24171
24161
24172
16518
16520
16525
16526
16529
33083
33084
33087
16518
16521
16522
30331
33096
33098
33100
16520
16521
16522
16673
24229
24231
24233
33089
33091
33093
16522
16674
30334
16675
30335
33103
33104
33106
16527
16528
16529
24228
33095
16527
16528
23603
16527
16529
23604
33096
16528
16529
24218
24229
23607
33099
24232
24233
33100
16531
23636
24242
24255
24246
24259
24264
16533
23673
24276
24289
24280
24293
24301
16538
16539
16540
24314
24325
16538
16539
23700
16538
16540
23701
33111
16539
16540
24326
33112
23704
24316
24329
24330
33115
16543
16545
24320
24321
24324
16543
16546
34599
16547
16545
16546
34601
16547
16698
24337
24339
24341
16547
16699
34603
16700
16552
16553
16554
24369
24376
16552
16553
23759
24363
24370
16552
16554
23760
33125
16553
16554
24364
24377
33126
23763
24373
24365
24374
24380
24381
33129
16559
16560
16561
24390
24397
16559
16560
23780
24391
16559
16561
23781
24371
16560
16561
24372
24398
23784
24394
24395
24401
24375
24402
16566
16567
16568
24411
24418
16566
16567
23801
24412
16566
16568
23802
24392
16567
16568
24393
24419
23805
24415
24416
24422
24396
24423
16573
16574
16575
24432
16573
16574
23822
16573
16575
23823
24413
16574
16575
24414
24433
23826
24436
24417
24437
16578
16580
16578
16581
16591
16593
16595
30410
16582
24550
24552
24554
33138
33140
33142
16580
16581
30412
16582
16733
16582
16734
24559
24560
24562
30414
16735
24566
24567
24569
33145
33146
33148
16587
33952
33955
33957
33958
34615
16588
30416
30418
30420
33953
33956
33957
33958
34622
33952
33953
33954
16587
16588
34618
34624
16740
33960
33962
33964
33965
34619
16741
33183
33184
33186
33961
33963
33964
33965
34626
16742
33959
33960
33961
16594
16595
16596
24549
24558
16594
16595
23955
24550
16594
16596
23956
24556
33170
16595
16596
24559
33171
23959
24553
24554
24562
24557
24563
33174
16599
23973
24574
33139
16599
24552
24577
33140
24576
24579
33143
24456
24575
24583
16603
23983
24511
24584
16603
24512
24587
24515
24586
24589
16608
30417
30418
30421
33966
33969
33971
33972
34622
16609
30423
30425
30427
33967
33970
33971
33972
34629
33966
33967
33968
16608
16609
34625
34631
16766
33183
33185
33187
33974
33976
33978
33979
34626
16767
33190
33191
33193
33975
33977
33978
33979
34633
16768
33973
33974
33975
24526
24596
24614
16616
30424
30425
30428
33980
33983
33985
33986
34629
16617
30430
30432
30434
33981
33984
33985
33986
34636
33980
33981
33982
16616
16617
34632
34638
16774
33190
33192
33194
33988
33990
33992
33993
34633
16775
33197
33198
33200
33989
33991
33992
33993
34640
16776
33987
33988
33989
16621
16623
30431
30432
30435
34636
16621
16624
16625
24641
24643
24645
33204
33206
33208
16623
16624
34639
16625
16781
33197
33199
33201
34640
16625
16782
16783
24655
24656
24658
33211
33212
33214
16629
24074
24642
16630
24075
24677
33205
16629
16630
24643
24679
33206
24646
24682
24678
24683
33209
16633
16635
16640
16641
16644
30445
16633
16636
16637
16645
24713
24715
24717
16635
16636
30448
16637
16793
24722
24724
24726
30449
16637
16648
16794
16649
16795
24733
24734
24736
16642
16643
16644
24708
24712
24721
16642
16643
24117
24709
33219
16642
16644
24118
24713
16643
16644
24722
33220
24121
24710
24716
24711
24725
33223
24717
24726
16647
16649
16654
16655
16658
16647
16650
16651
16659
24742
24744
24746
16649
16650
16651
16807
24749
24751
24753
16651
16662
16808
16663
16809
24756
24757
24759
16656
16657
16658
24741
24748
16656
16657
24144
24714
16656
16658
24145
24742
16657
16658
24715
24749
24148
24745
24718
24752
24746
24753
16661
16663
16668
16669
16672
16661
16664
16665
24763
24765
24767
30450
16663
16664
16665
16821
24774
24776
24778
16665
16822
30453
16823
24781
24782
24784
30454
16670
16671
16672
24762
24773
16670
16671
24169
24743
16670
16672
24170
24763
16671
16672
24744
24774
24173
24766
24747
24777
24767
24778
16675
16677
16682
16683
16686
33254
33255
33258
16675
16678
16679
30471
33267
33269
33271
16677
16678
16679
16835
24835
24837
24839
33260
33262
33264
16679
16836
30474
16837
30475
33274
33275
33277
16684
16685
16686
24834
33266
16684
16685
24230
16684
16686
24231
33267
16685
16686
24824
24835
24234
33270
24838
24839
33271
16688
24263
24848
24861
24852
24865
24870
16690
24300
24882
24895
24886
24899
24907
16695
16696
16697
24920
24931
16695
16696
24327
16695
16697
24328
33282
16696
16697
24932
33283
24331
24922
24935
24936
33286
16700
16702
24926
24927
24930
16700
16703
34643
16704
16702
16703
34645
16704
16860
24943
24945
24947
16704
16861
34647
16862
16709
16710
16711
24975
24982
16709
16710
24378
24969
24976
16709
16711
24379
33296
16710
16711
24970
24983
33297
24382
24979
24971
24980
24986
24987
33300
16716
16717
16718
24996
25003
16716
16717
24399
24997
16716
16718
24400
24977
16717
16718
24978
25004
24403
25000
25001
25007
24981
25008
16723
16724
16725
25017
25024
16723
16724
24420
25018
16723
16725
24421
24998
16724
16725
24999
25025
24424
25021
25022
25028
25002
25029
16730
16731
16732
25038
16730
16731
24434
16730
16732
24435
25019
16731
16732
25020
25039
24438
25042
25023
25043
16735
16737
16735
16738
16748
16750
16752
30550
16739
25156
25158
25160
33309
33311
33313
16737
16738
30552
16739
16739
25164
25168
25169
30554
25171
25175
25176
33316
33319
33320
16744
33994
33997
33999
34000
34664
16745
30556
30558
30560
33995
33998
33999
34000
34671
33994
33995
33996
16744
16745
34667
34673
34001
34003
34005
34007
34668
33364
33368
33369
34002
34003
34006
34007
34675
34001
34002
34004
16751
16752
16753
25155
25167
16751
16752
24560
25156
16751
16753
24561
25162
33352
16752
16753
25168
33353
24564
25159
25160
25169
25163
25170
33356
16756
24578
25180
33310
16756
25158
25184
33311
25182
25185
33314
25062
25181
25189
16760
24588
25117
25190
16760
25118
25194
25121
25192
25195
16764
16765
25199
25208
16764
16765
25200
33338
16765
25191
25209
33339
25203
25204
25210
33342
16770
30557
30558
30561
34008
34011
34013
34014
34671
16771
30563
30565
30567
34009
34012
34013
34014
34678
34008
34009
34010
16770
16771
34674
34680
33365
33368
33370
34015
34017
34019
34021
34675
33371
33375
33376
34016
34017
34020
34021
34682
34015
34016
34018
25132
25220
25238
16778
30564
30565
30568
34022
34025
34027
34028
34678
16779
30570
30572
30574
34023
34026
34027
34028
34685
34022
34023
34024
16778
16779
34681
34687
33372
33375
33377
34029
34031
34033
34035
34682
33378
33382
33383
34030
34031
34034
34035
34689
34029
34030
34032
16783
16785
30571
30572
30575
34685
16783
16786
16787
25265
25267
25269
33386
33388
33390
16785
16786
34688
16787
33379
33382
33384
34689
16787
25278
25282
25283
33393
33396
33397
16791
24680
25266
16792
24681
25301
33387
16791
16792
25267
25305
33388
25270
25306
25302
25307
33391
16795
16797
16802
16803
16806
30585
16795
16798
16799
16807
25337
25339
25341
16797
16798
30588
16799
25346
25349
25351
30589
16799
16810
16811
25356
25360
25361
16804
16805
16806
25332
25336
25348
16804
16805
24723
25333
33401
16804
16806
24724
25337
16805
16806
25349
33402
24727
25334
25340
25335
25350
33405
25341
25351
16809
16811
16816
16817
16820
16809
16812
16813
16821
25366
25368
25370
16811
16812
16813
25373
25376
25378
16813
16824
16825
25379
25383
25384
16818
16819
16820
25365
25375
16818
16819
24750
25338
16818
16820
24751
25366
16819
16820
25339
25376
24754
25369
25342
25377
25370
25378
16823
16825
16830
16831
16834
16823
16826
16827
25387
25389
25391
30590
16825
16826
16827
25398
25401
25403
16827
30593
25404
25408
25409
30594
16832
16833
16834
25386
25400
16832
16833
24775
25367
16832
16834
24776
25387
16833
16834
25368
25401
24779
25390
25371
25402
25391
25403
16837
16839
16844
16845
16848
33436
33437
33440
16837
16840
16841
30611
33449
33451
33453
16839
16840
16841
25459
25462
25464
33442
33445
33447
16841
30614
30615
33455
33459
33460
16846
16847
16848
25461
33448
16846
16847
24836
16846
16848
24837
33449
16847
16848
25448
25462
24840
33452
25463
25464
33453
16850
24869
25472
25485
25476
25489
25494
16852
24906
25506
25519
25510
25523
25531
16857
16858
16859
25544
25558
16857
16858
24933
16857
16859
24934
33464
16858
16859
25559
33465
24937
25546
25560
25561
33468
16862
16864
25550
25551
25554
16862
16865
34692
16866
16864
16865
34694
16866
25567
25570
25572
16866
34696
16871
16872
16873
25599
25609
16871
16872
24984
25593
25600
16871
16873
24985
33478
16872
16873
25594
25610
33479
24988
25603
25595
25604
25611
25612
33482
16878
16879
16880
25620
25630
16878
16879
25005
25621
16878
16880
25006
25601
16879
16880
25602
25631
25009
25624
25625
25632
25605
25633
16885
16886
16887
25641
25651
16885
16886
25026
25642
16885
16887
25027
25622
16886
16887
25623
25652
25030
25645
25646
25653
25626
25654
16892
16893
16894
25665
16892
16893
25040
16892
16894
25041
25643
16893
16894
25644
25666
25044
25667
25647
25668
16899
16900
16901
16899
16900
16903
16899
16901
16982
16900
16901
16905
16983
16907
16985
16906
16907
16908
16906
16907
16906
16908
16907
16908
16913
16914
16915
16913
16914
16913
16915
17053
16914
16915
16917
17054
16918
17056
16918
16919
31111
16918
17059
31112
31114
16921
16947
16921
16948
17072
16950
16923
16925
17005
16932
17017
16926
16928
28652
16926
16932
28654
16931
16934
28656
16930
16940
16931
31118
16930
16931
16935
16941
31120
16938
16942
16939
31122
16934
31125
16934
16937
17080
31126
16939
31128
16938
16939
16943
31132
16938
16944
17083
16939
17084
31133
16945
31135
16942
16942
16943
16945
16945
16945
17096
16950
16951
16952
16953
16950
16951
31111
16950
16952
16955
16951
16952
31113
16957
31115
16959
16957
16958
16959
16957
16958
16968
16957
16959
17103
16958
16959
16970
17104
16972
17106
16964
16965
16966
16974
16964
16965
16964
16966
16965
16966
16975
16978
16979
16971
16972
16973
16974
16971
16972
16971
16973
16976
16972
16973
16978
16980
16978
16979
16980
16978
16979
16989
16978
16980
17124
16979
16980
16991
17125
16993
17127
16985
16986
16987
16995
16985
16986
16985
16987
16986
16987
16996
16999
17000
16992
16993
16994
16995
16992
16993
16992
16994
16997
16993
16994
16999
17001
16999
17000
17001
16999
17000
17010
16999
17001
17145
17000
17001
17012
17146
17014
17148
17006
17007
17008
17016
17006
17007
17006
17008
28653
17007
17008
17017
28654
17020
17021
28657
17013
17014
17015
17016
17013
17014
17013
17015
17018
17014
17015
17020
17022
17020
17021
17022
17020
17021
31125
17020
17022
17166
17021
17022
17167
31127
31129
17169
17025
17026
17027
17041
17025
17026
17028
17031
17032
17043
17031
17032
17033
17045
17031
17032
17053
17031
17033
17032
17033
17046
17055
17049
17057
17050
17038
17039
17040
17041
17038
17039
17038
17040
17039
17040
17044
17043
17044
17045
17043
17044
17047
17325
17049
17051
17326
17049
17050
17051
17049
17050
17063
17049
17051
17064
17329
17050
17051
17330
17066
17332
17056
17057
17058
17062
17056
17057
17056
17058
17059
17057
17058
17063
17066
17061
17067
17061
31139
17061
17069
17073
31141
17071
31143
17066
17067
17068
17066
17067
17066
17068
17354
17067
17068
17070
17355
17071
17357
17071
17075
31146
17071
17360
31147
31149
17074
17074
17075
17077
17077
17110
17077
17111
17373
17113
17079
17081
17168
17088
17180
17082
17084
28683
17082
17088
28685
17087
17090
28687
17086
17096
17087
31153
17086
17087
17091
17097
31155
17094
17098
17095
31157
17090
31160
17090
17093
17381
31161
17095
31163
17094
17095
17099
31167
17094
17100
17384
17095
17385
31168
17101
31170
17098
17098
17099
17101
17101
17101
17397
17106
17107
17108
17116
17106
17107
17106
17108
17107
17108
17117
17120
17121
17113
17114
17115
17116
17113
17114
31146
17113
17115
17118
17114
17115
31148
17120
31150
17122
17120
17121
17122
17120
17121
17131
17120
17122
17404
17121
17122
17133
17405
17135
17407
17127
17128
17129
17137
17127
17128
17127
17129
17128
17129
17138
17141
17142
17134
17135
17136
17137
17134
17135
17134
17136
17139
17135
17136
17141
17143
17141
17142
17143
17141
17142
17152
17141
17143
17425
17142
17143
17154
17426
17156
17428
17148
17149
17150
17158
17148
17149
17148
17150
17149
17150
17159
17162
17163
17155
17156
17157
17158
17155
17156
17155
17157
17160
17156
17157
17162
17164
17162
17163
17164
17162
17163
17173
17162
17164
17446
17163
17164
17175
17447
17177
17449
17169
17170
17171
17179
17169
17170
17169
17171
28684
17170
17171
17180
28685
17183
17184
28688
17176
17177
17178
17179
17176
17177
17176
17178
17181
17177
17178
17183
17185
17183
17184
17185
17183
17184
31160
17183
17185
17467
17184
17185
17468
31162
31164
17470
17190
17191
17192
17193
17190
17191
17190
17192
17516
17191
17192
17517
17196
17519
17195
17196
31173
17195
17196
17205
17523
31176
17206
31178
17524
31179
17201
17202
17203
17204
17208
17201
17202
31174
17201
17203
17205
31176
17202
17203
17210
17206
31178
17212
17207
17214
17206
17207
17215
17206
17207
17538
17216
17539
17212
17213
17214
17215
17212
17213
17218
17212
17214
17542
17213
17214
17219
17543
17221
17216
17545
17216
17549
17221
17222
17223
17224
17221
17222
17221
17223
17222
17223
17226
17228
17230
17228
17229
17230
17228
17229
17232
17228
17230
17571
17229
17230
17233
17572
17235
17574
17235
17236
17237
17238
17235
17236
17235
17237
17236
17237
17240
17242
17244
17242
17243
17244
17245
17242
17243
31181
17242
17244
17592
17243
17244
17246
17593
31182
17247
31184
17248
17595
17247
17248
17247
17248
17250
17599
17251
17600
17251
17252
17253
31180
17251
17252
17621
31182
31184
17257
17622
31186
17256
17257
31187
17256
17259
17256
17257
17260
17625
31190
17262
31192
17627
31193
17262
17263
17264
31194
17262
17263
17262
17264
17639
17263
17264
17640
31196
31198
17642
31200
17267
17269
31195
17267
17652
31196
31198
17272
17273
17274
17272
17273
17272
17274
17273
17274
17279
17280
17281
17279
17280
17279
17281
17690
17280
17281
17282
17691
17283
17693
17283
17293
17696
17295
17288
17289
17290
17291
17288
17289
17288
17290
17289
17290
17292
17295
17296
17295
17296
17297
17295
17296
17295
17297
17710
17296
17297
17310
17711
17311
17713
17302
17303
17304
17305
17312
17302
17303
17302
17304
17306
17303
17304
17313
17308
17316
17309
17317
17308
17309
17319
17308
17309
31202
17309
17320
31204
17322
31206
17311
17314
17316
17316
17317
17318
17319
17316
17317
17316
17318
17724
17317
17318
17321
17725
17322
17323
17727
17322
17323
17322
31209
17322
17323
17731
31210
31212
17733
17326
17327
17328
17342
17326
17327
17329
17332
17333
17344
17332
17333
17334
17346
17332
17333
17354
17332
17334
17333
17334
17347
17356
17350
17358
17351
17339
17340
17341
17342
17339
17340
31209
17339
17341
17340
17341
31211
31213
17345
17344
17345
17346
17344
17345
17348
17750
17350
17352
17751
17350
17351
17352
17350
17351
17364
17350
17352
17365
17754
17351
17352
17755
17367
17757
17357
17358
17359
17363
17357
17358
17357
17359
17360
17358
17359
17364
17367
17362
17368
17362
31216
17362
17370
17374
31218
17372
31220
17367
17368
17369
17367
17368
17367
17369
17779
17368
17369
17371
17780
17372
17782
17372
17376
31223
17372
17785
31224
31226
17375
17375
17376
17378
17378
17411
17378
17412
17798
17414
17380
17382
17469
17389
17481
17383
17385
28736
17383
17389
28738
17388
17391
28740
17387
17397
17388
31230
17387
17388
17392
17398
31232
17395
17399
17396
31234
17391
31237
17391
17394
17806
31238
17396
31240
17395
17396
17400
31244
17395
17401
17809
17396
17810
31245
17402
31247
17399
17399
17400
17402
17402
17402
17822
17407
17408
17409
17417
17407
17408
17407
17409
17408
17409
17418
17421
17422
17414
17415
17416
17417
17414
17415
31223
17414
17416
17419
17415
17416
31225
17421
31227
17423
17421
17422
17423
17421
17422
17432
17421
17423
17829
17422
17423
17434
17830
17436
17832
17428
17429
17430
17438
17428
17429
17428
17430
17429
17430
17439
17442
17443
17435
17436
17437
17438
17435
17436
17435
17437
17440
17436
17437
17442
17444
17442
17443
17444
17442
17443
17453
17442
17444
17850
17443
17444
17455
17851
17457
17853
17449
17450
17451
17459
17449
17450
17449
17451
17450
17451
17460
17463
17464
17456
17457
17458
17459
17456
17457
17456
17458
17461
17457
17458
17463
17465
17463
17464
17465
17463
17464
17474
17463
17465
17871
17464
17465
17476
17872
17478
17874
17470
17471
17472
17480
17470
17471
17470
17472
28737
17471
17472
17481
28738
17484
17485
28741
17477
17478
17479
17480
17477
17478
17477
17479
17482
17478
17479
17484
17486
17484
17485
17486
17484
17485
31237
17484
17486
17892
17485
17486
17893
31239
31241
17895
17488
17496
31250
17497
17955
31253
17493
17494
17495
17496
31250
17493
17494
17508
17493
17495
17958
31251
17494
17495
17509
17959
31252
17511
17497
17961
31253
17497
17965
17500
17516
17500
17502
17518
17506
17520
17505
17506
17507
31254
17505
17506
17527
17505
17507
17513
17981
31257
17506
17507
17528
17982
17514
31259
17530
17984
31260
17511
17512
31255
17511
17512
17513
31257
17514
31259
17514
17994
17519
17520
17521
17522
17526
17519
17520
17519
17521
17520
17521
17527
17524
17530
17531
17524
17525
17533
31261
17524
17525
17538
31263
31265
17535
17540
31267
17530
17531
17532
17533
17530
17531
17530
17532
18004
17531
17532
18005
17536
18007
17535
17536
31268
17535
17536
17558
18011
31271
17559
31273
18012
31274
17539
17540
17548
17557
17539
17540
17549
17559
17545
17546
17547
17548
17561
17545
17546
17545
17547
17546
17547
17562
17549
17565
17566
17549
17568
17554
17555
17556
17557
17561
17554
17555
31269
17554
17556
17558
31271
17555
17556
17563
17559
31273
17565
17560
17567
17559
17560
17568
17559
17560
18026
17569
18027
17565
17566
17567
17568
17565
17566
17578
17565
17567
18030
17566
17567
17579
18031
17581
17569
18033
17569
18037
17574
17575
17576
17584
17574
17575
17574
17576
17575
17576
17585
17588
17589
17581
17582
17583
17584
17581
17582
17581
17583
17582
17583
17586
17588
17590
17588
17589
17590
17588
17589
17603
17588
17590
18059
17589
17590
17604
18060
17606
18062
17595
17596
17597
17598
17609
17595
17596
17595
17597
17599
28792
17596
17597
17610
28794
17600
17613
17601
17614
28796
17600
17601
17616
17600
17601
17621
17618
17623
17606
17607
17608
17609
17606
17607
17606
17608
17607
17608
17611
17613
17615
17613
17614
17615
17616
17613
17614
31283
17613
17615
18080
17614
17615
17617
18081
31284
17618
31286
17619
18083
17618
17619
17618
17619
17630
18087
17631
18088
17622
17623
17624
17629
28791
17622
17623
28792
17627
28795
17631
28796
17627
17628
17633
31275
17627
17628
17639
31277
17628
17634
17641
31279
17636
17643
31281
17631
17632
17633
31282
17631
17632
18109
31284
31286
17637
18110
31288
17636
17637
31289
17636
17646
17636
17637
17647
18113
31292
17649
31294
18115
31295
17642
17643
17644
17645
31296
17642
17643
17642
17644
31297
17643
17644
17646
31300
17649
17650
31301
17649
17650
17651
31303
17649
17650
17649
17651
18127
17650
17651
18128
31305
31307
18130
31309
17654
31297
17654
17655
31299
17657
31301
17657
17664
31304
17657
18140
31305
31307
17661
17662
17670
31310
17661
17662
17676
31312
17662
17671
17678
31314
17673
17680
31316
17667
17668
17669
31317
17667
17668
17667
17669
17668
17669
31319
31321
31323
17673
17674
31317
17673
17683
17673
17674
17684
18147
31320
17686
31322
18149
31323
17679
17680
17681
17682
17679
17680
17679
17681
17680
17681
17683
17686
17687
17686
17687
17688
17686
17687
17686
17688
18164
17687
17688
17698
18165
17699
18167
17693
17694
17695
17700
17693
17694
17693
17695
17696
17694
17695
17701
17704
17697
17705
17697
17710
17708
17714
17699
17702
17704
17704
17705
17706
17704
17705
17704
17706
18178
17705
17706
17707
18179
17708
18181
17708
17718
18184
17720
17713
17714
17715
17716
17713
17714
17713
17715
17714
17715
17717
17720
17721
17720
17721
17722
17720
17721
17720
17722
18198
17721
17722
17735
18199
17736
18201
17727
17728
17729
17730
17737
17727
17728
17727
17729
17731
17728
17729
17738
17733
17741
17734
17742
17733
17734
17744
17733
17734
31325
17734
17745
31327
17747
31329
17736
17739
17741
17741
17742
17743
17744
17741
17742
17741
17743
18212
17742
17743
17746
18213
17747
17748
18215
17747
17748
17747
31332
17747
17748
18219
31333
31335
18221
17751
17752
17753
17767
17751
17752
17754
17757
17758
17769
17757
17758
17759
17771
17757
17758
17779
17757
17759
17758
17759
17772
17781
17775
17783
17776
17764
17765
17766
17767
17764
17765
31332
17764
17766
17765
17766
31334
31336
17770
17769
17770
17771
17769
17770
17773
18238
17775
17777
18239
17775
17776
17777
17775
17776
17789
17775
17777
17790
18242
17776
17777
18243
17792
18245
17782
17783
17784
17788
17782
17783
17782
17784
17785
17783
17784
17789
17792
17787
17793
17787
31339
17787
17795
17799
31341
17797
31343
17792
17793
17794
17792
17793
17792
17794
18267
17793
17794
17796
18268
17797
18270
17797
17801
31346
17797
18273
31347
31349
17800
17800
17801
17803
17803
17836
17803
17837
18286
17839
17805
17807
17894
17814
17906
17808
17810
28827
17808
17814
28829
17813
17816
28831
17812
17822
17813
31353
17812
17813
17817
17823
31355
17820
17824
17821
31357
17816
31360
17816
17819
18294
31361
17821
31363
17820
17821
17825
31367
17820
17826
18297
17821
18298
31368
17827
31370
17824
17824
17825
17827
17827
17827
18305
17832
17833
17834
17842
17832
17833
17832
17834
17833
17834
17843
17846
17847
17839
17840
17841
17842
17839
17840
31346
17839
17841
17844
17840
17841
31348
17846
31350
17848
17846
17847
17848
17846
17847
17857
17846
17848
18309
17847
17848
17859
18310
17861
18312
17853
17854
17855
17863
17853
17854
17853
17855
17854
17855
17864
17867
17868
17860
17861
17862
17863
17860
17861
17860
17862
17865
17861
17862
17867
17869
17867
17868
17869
17867
17868
17878
17867
17869
18330
17868
17869
17880
18331
17882
18333
17874
17875
17876
17884
17874
17875
17874
17876
17875
17876
17885
17888
17889
17881
17882
17883
17884
17881
17882
17881
17883
17886
17882
17883
17888
17890
17888
17889
17890
17888
17889
17899
17888
17890
18351
17889
17890
17901
18352
17903
18354
17895
17896
17897
17905
17895
17896
17895
17897
28828
17896
17897
17906
28829
17909
17910
28832
17902
17903
17904
17905
17902
17903
17902
17904
17907
17903
17904
17909
17911
17909
17910
17911
17909
17910
31360
17909
17911
18372
17910
17911
18373
31362
31364
18375
17915
17916
17922
28861
17915
17916
28862
33491
17916
17923
33492
28865
17925
28866
33494
17920
17921
17927
28861
17920
17921
28863
33504
17921
17928
33506
28865
17930
28867
33507
17925
17926
31373
17925
33497
17925
17926
18510
31375
33499
31377
33501
18512
31379
17930
17931
31373
17930
33511
17930
17931
18515
31376
33512
31378
33514
18517
31379
17935
17936
17942
28868
17935
17936
28869
33505
17936
17943
33506
28872
17945
28873
33508
17940
17941
17947
28868
17940
17941
28870
33518
17941
17948
33520
28872
17950
28874
33521
17945
17946
31380
17945
33511
17945
17946
18531
31382
33513
31384
33515
18533
31386
17950
17951
31380
17950
33525
17950
17951
18536
31383
33526
31385
33528
18538
31386
17955
17956
17964
17966
28875
17955
17956
28876
33519
17956
17967
33520
17965
28879
17969
28880
33522
17961
17962
17963
17964
17971
28875
17961
17962
28877
17961
17963
17962
17963
17972
17965
28879
17975
28881
17976
17965
17978
17969
17970
17978
31387
17969
33525
17969
17970
18551
31389
33527
31391
33529
17979
18553
31393
17975
17976
17977
17978
31387
17975
17976
17996
17975
17977
18556
31390
17976
17977
17997
18557
31392
17999
17979
18559
31393
17979
18563
17984
17985
17986
17987
31394
17984
17985
17994
31396
17984
17986
18004
17985
17986
17988
18006
31398
17991
17995
31400
17992
18008
17991
17992
17993
31401
17991
17992
18015
17991
17993
18001
18579
31404
17992
17993
18016
18580
18002
31406
18018
18582
31407
17995
18002
17999
18000
31402
17999
18000
18001
31404
18002
31406
18002
18592
18007
18008
18009
18010
18014
18007
18008
18007
18009
18008
18009
18015
18012
18018
18019
18012
18013
18021
31408
18012
18013
18026
31410
31412
18023
18028
31414
18018
18019
18020
18021
18018
18019
18018
18020
18602
18019
18020
18603
18024
18605
18023
18024
31415
18023
18024
18046
18609
31418
18047
31420
18610
31421
18027
18028
18036
18045
18027
18028
18037
18047
18033
18034
18035
18036
18049
18033
18034
18033
18035
18034
18035
18050
18037
18053
18054
18037
18056
18042
18043
18044
18045
18049
18042
18043
31416
18042
18044
18046
31418
18043
18044
18051
18047
31420
18053
18048
18055
18047
18048
18056
18047
18048
18624
18057
18625
18053
18054
18055
18056
18053
18054
18066
18053
18055
18628
18054
18055
18067
18629
18069
18057
18631
18057
18635
18062
18063
18064
18072
18062
18063
18062
18064
18063
18064
18073
18076
18077
18069
18070
18071
18072
18069
18070
18069
18071
18070
18071
18074
18076
18078
18076
18077
18078
18076
18077
18091
18076
18078
18657
18077
18078
18092
18658
18094
18660
18083
18084
18085
18086
18097
18083
18084
18083
18085
18087
28904
18084
18085
18098
28906
18088
18101
18089
18102
28908
18088
18089
18104
18088
18089
18109
18106
18111
18094
18095
18096
18097
18094
18095
18094
18096
18095
18096
18099
18101
18103
18101
18102
18103
18104
18101
18102
31430
18101
18103
18678
18102
18103
18105
18679
31431
18106
31433
18107
18681
18106
18107
18106
18107
18118
18685
18119
18686
18110
18111
18112
18117
28903
18110
18111
28904
18115
28907
18119
28908
18115
18116
18121
31422
18115
18116
18127
31424
18116
18122
18129
31426
18124
18131
31428
18119
18120
18121
31429
18119
18120
18707
31431
31433
18125
18708
31435
18124
18125
31436
18124
18134
18124
18125
18135
18711
31439
18137
31441
18713
31442
18130
18131
18132
18133
31443
18130
18131
18130
18132
31444
18131
18132
18134
31447
18137
18138
31448
18137
18138
18139
31450
18137
18138
18137
18139
18725
18138
18139
18726
31452
31454
18728
31456
18142
31444
18142
18143
31446
18145
31448
18145
18152
31451
18145
18738
31452
31454
18149
18150
18158
31457
18149
18150
18164
31459
18150
18159
18166
31461
18161
18168
31463
18155
18156
18157
31464
18155
18156
18155
18157
18156
18157
31466
31468
31470
18161
18162
31464
18161
18171
18161
18162
18172
18745
31467
18174
31469
18747
31470
18167
18168
18169
18170
18167
18168
18167
18169
18168
18169
18171
18174
18175
18174
18175
18176
18174
18175
18174
18176
18762
18175
18176
18186
18763
18187
18765
18181
18182
18183
18188
18181
18182
18181
18183
18184
18182
18183
18189
18192
18185
18193
18185
18198
18196
18202
18187
18190
18192
18192
18193
18194
18192
18193
18192
18194
18776
18193
18194
18195
18777
18196
18779
18196
18206
18782
18208
18201
18202
18203
18204
18201
18202
18201
18203
18202
18203
18205
18208
18209
18208
18209
18210
18208
18209
18208
18210
18796
18209
18210
18223
18797
18224
18799
18215
18216
18217
18218
18225
18215
18216
18215
18217
18219
18216
18217
18226
18221
18229
18222
18230
18221
18222
18232
18221
18222
31472
18222
18233
31474
18235
31476
18224
18227
18229
18229
18230
18231
18232
18229
18230
18229
18231
18810
18230
18231
18234
18811
18235
18236
18813
18235
18236
18235
31479
18235
18236
18817
31480
31482
18819
18239
18240
18241
18255
18239
18240
18242
18245
18246
18257
18245
18246
18247
18259
18245
18246
18267
18245
18247
18246
18247
18260
18269
18263
18271
18264
18252
18253
18254
18255
18252
18253
31479
18252
18254
18253
18254
31481
31483
18258
18257
18258
18259
18257
18258
18261
18836
18263
18265
18837
18263
18264
18265
18263
18264
18277
18263
18265
18278
18840
18264
18265
18841
18280
18843
18270
18271
18272
18276
18270
18271
18270
18272
18273
18271
18272
18277
18280
18275
18281
18275
31486
18275
18283
18287
31488
18285
31490
18280
18281
18282
18280
18281
18280
18282
18865
18281
18282
18284
18866
18285
18868
18285
18289
31493
18285
18871
31494
31496
18288
18288
18289
18291
18291
18316
18291
18317
18884
18319
18293
18295
18374
18302
18386
18296
18298
28939
18296
18302
28941
18301
18304
28943
18300
18305
18301
31500
18300
18301
18306
31502
18307
31504
18304
31507
18304
18892
31508
31510
18307
18307
18312
18313
18314
18322
18312
18313
18312
18314
18313
18314
18323
18326
18327
18319
18320
18321
18322
18319
18320
31493
18319
18321
18324
18320
18321
31495
18326
31497
18328
18326
18327
18328
18326
18327
18337
18326
18328
18899
18327
18328
18339
18900
18341
18902
18333
18334
18335
18343
18333
18334
18333
18335
18334
18335
18344
18347
18348
18340
18341
18342
18343
18340
18341
18340
18342
18345
18341
18342
18347
18349
18347
18348
18349
18347
18348
18358
18347
18349
18920
18348
18349
18360
18921
18362
18923
18354
18355
18356
18364
18354
18355
18354
18356
18355
18356
18365
18368
18369
18361
18362
18363
18364
18361
18362
18361
18363
18366
18362
18363
18368
18370
18368
18369
18370
18368
18369
18379
18368
18370
18941
18369
18370
18381
18942
18383
18944
18375
18376
18377
18385
18375
18376
18375
18377
28940
18376
18377
18386
28941
18389
18390
28944
18382
18383
18384
18385
18382
18383
18382
18384
18387
18383
18384
18389
18391
18389
18390
18391
18389
18390
31507
18389
18391
18962
18390
18391
18963
31509
31511
18965
18396
18397
18398
18399
31513
18396
18397
18407
18396
18398
18499
31515
18397
18398
18400
18409
18500
31517
18403
18411
18404
18501
31519
18403
18404
18405
31520
18403
18404
18421
18505
18403
18405
18422
18983
18404
18405
18506
18984
31523
18424
18507
31525
18986
31526
18410
18411
18412
18413
18420
18410
18411
18410
18412
18415
18411
18412
18421
18417
18424
18419
18425
18417
18418
18419
18427
18417
18418
18435
18417
18419
18418
18419
18428
18437
18431
18439
18432
18424
18425
18426
18427
18424
18425
18508
18424
18426
18997
18425
18426
18430
18998
18432
18433
19000
18431
18432
18433
18431
18432
18442
18431
18433
18443
19004
18432
18433
19005
18445
19007
18438
18439
18440
18441
18438
18439
18438
18440
18439
18440
18442
18445
18446
18445
18446
18447
18445
18446
18445
18447
19025
18446
18447
19026
19028
18452
18453
18454
18455
18461
18452
18453
33532
18452
18454
18457
18453
18454
18462
33534
18458
18465
33535
18460
18466
18458
18459
18460
18468
31527
18458
18459
18481
31529
18458
18460
31531
18471
18482
31533
18472
18465
18466
18467
18468
18465
18466
18529
33539
18465
18467
19053
33540
18466
18467
18470
19054
33542
18472
18473
19056
18471
18472
18473
31534
18471
18473
18497
19060
31537
18472
18473
19061
18498
31539
19062
31540
18478
18479
18480
18490
18478
18479
18478
18480
18479
18480
18491
18494
18495
18482
18498
18487
18488
18489
18490
18487
18488
31535
18487
18489
18492
18488
18489
18497
31537
18494
18498
31539
18496
18494
18495
18496
18494
18495
18502
18494
18496
19079
18495
18496
19080
19082
18498
19085
18501
18501
18505
18507
18504
31521
18504
18506
31523
18507
31525
18507
18508
18507
19103
18512
18513
18519
29001
18512
18513
29002
33533
18513
18520
33534
29005
18522
29006
33536
18517
18518
18524
29001
18517
18518
29003
33546
18518
18525
33548
29005
18527
29007
33549
18522
18523
31541
18522
18529
33539
18522
18523
19114
31543
33541
31545
33543
19116
31547
18527
18528
31541
18527
33553
18527
18528
19119
31544
33554
31546
33556
19121
31547
18533
18534
18540
29008
18533
18534
29009
33547
18534
18541
33548
29012
18543
29013
33550
18538
18539
18545
29008
18538
18539
29010
33560
18539
18546
33562
29012
18548
29014
33563
18543
18544
31548
18543
33553
18543
18544
19135
31550
33555
31552
33557
19137
31554
18548
18549
31548
18548
33567
18548
18549
19140
31551
33568
31553
33570
19142
31554
18553
18554
18562
18564
29015
18553
18554
29016
33561
18554
18565
33562
18563
29019
18567
29020
33564
18559
18560
18561
18562
18569
29015
18559
18560
29017
18559
18561
18560
18561
18570
18563
29019
18573
29021
18574
18563
18576
18567
18568
18576
31555
18567
33567
18567
18568
19155
31557
33569
31559
33571
18577
19157
31561
18573
18574
18575
18576
31555
18573
18574
18594
18573
18575
19160
31558
18574
18575
18595
19161
31560
18597
18577
19163
31561
18577
19167
18582
18583
18584
18585
31562
18582
18583
18592
31564
18582
18584
18602
18583
18584
18586
18604
31566
18589
18593
31568
18590
18606
18589
18590
18591
31569
18589
18590
18613
18589
18591
18599
19183
31572
18590
18591
18614
19184
18600
31574
18616
19186
31575
18593
18600
18597
18598
31570
18597
18598
18599
31572
18600
31574
18600
19196
18605
18606
18607
18608
18612
18605
18606
18605
18607
18606
18607
18613
18610
18616
18617
18610
18611
18619
31576
18610
18611
18624
31578
31580
18621
18626
31582
18616
18617
18618
18619
18616
18617
18616
18618
19206
18617
18618
19207
18622
19209
18621
18622
31583
18621
18622
18644
19213
31586
18645
31588
19214
31589
18625
18626
18634
18643
18625
18626
18635
18645
18631
18632
18633
18634
18647
18631
18632
18631
18633
18632
18633
18648
18635
18651
18652
18635
18654
18640
18641
18642
18643
18647
18640
18641
31584
18640
18642
18644
31586
18641
18642
18649
18645
31588
18651
18646
18653
18645
18646
18654
18645
18646
19228
18655
19229
18651
18652
18653
18654
18651
18652
18664
18651
18653
19232
18652
18653
18665
19233
18667
18655
19235
18655
19239
18660
18661
18662
18670
18660
18661
18660
18662
18661
18662
18671
18674
18675
18667
18668
18669
18670
18667
18668
18667
18669
18668
18669
18672
18674
18676
18674
18675
18676
18674
18675
18689
18674
18676
19261
18675
18676
18690
19262
18692
19264
18681
18682
18683
18684
18695
18681
18682
18681
18683
18685
29044
18682
18683
18696
29046
18686
18699
18687
18700
29048
18686
18687
18702
18686
18687
18707
18704
18709
18692
18693
18694
18695
18692
18693
18692
18694
18693
18694
18697
18699
18701
18699
18700
18701
18702
18699
18700
31598
18699
18701
19282
18700
18701
18703
19283
31599
18704
31601
18705
19285
18704
18705
18704
18705
18716
19289
18717
19290
18708
18709
18710
18715
29043
18708
18709
29044
18713
29047
18717
29048
18713
18714
18719
31590
18713
18714
18725
31592
18714
18720
18727
31594
18722
18729
31596
18717
18718
18719
31597
18717
18718
19311
31599
31601
18723
19312
31603
18722
18723
31604
18722
18732
18722
18723
18733
19315
31607
18735
31609
19317
31610
18728
18729
18730
18731
31611
18728
18729
18728
18730
31612
18729
18730
18732
31615
18735
18736
31616
18735
18736
18737
31618
18735
18736
18735
18737
19329
18736
18737
19330
31620
31622
19332
31624
18740
31612
18740
18741
31614
18743
31616
18743
18750
31619
18743
19342
31620
31622
18747
18748
18756
31625
18747
18748
18762
31627
18748
18757
18764
31629
18759
18766
31631
18753
18754
18755
31632
18753
18754
18753
18755
18754
18755
31634
31636
31638
18759
18760
31632
18759
18769
18759
18760
18770
19349
31635
18772
31637
19351
31638
18765
18766
18767
18768
18765
18766
18765
18767
18766
18767
18769
18772
18773
18772
18773
18774
18772
18773
18772
18774
19366
18773
18774
18784
19367
18785
19369
18779
18780
18781
18786
18779
18780
18779
18781
18782
18780
18781
18787
18790
18783
18791
18783
18796
18794
18800
18785
18788
18790
18790
18791
18792
18790
18791
18790
18792
19380
18791
18792
18793
19381
18794
19383
18794
18804
19386
18806
18799
18800
18801
18802
18799
18800
18799
18801
18800
18801
18803
18806
18807
18806
18807
18808
18806
18807
18806
18808
19400
18807
18808
18821
19401
18822
19403
18813
18814
18815
18816
18823
18813
18814
18813
18815
18817
18814
18815
18824
18819
18827
18820
18828
18819
18820
18830
18819
18820
31640
18820
18831
31642
18833
31644
18822
18825
18827
18827
18828
18829
18830
18827
18828
18827
18829
19414
18828
18829
18832
19415
18833
18834
19417
18833
18834
18833
31647
18833
18834
19421
31648
31650
19423
18837
18838
18839
18853
18837
18838
18840
18843
18844
18855
18843
18844
18845
18857
18843
18844
18865
18843
18845
18844
18845
18858
18867
18861
18869
18862
18850
18851
18852
18853
18850
18851
31647
18850
18852
18851
18852
31649
31651
18856
18855
18856
18857
18855
18856
18859
19440
18861
18863
19441
18861
18862
18863
18861
18862
18875
18861
18863
18876
19444
18862
18863
19445
18878
19447
18868
18869
18870
18874
18868
18869
18868
18870
18871
18869
18870
18875
18878
18873
18879
18873
31654
18873
18881
18885
31656
18883
31658
18878
18879
18880
18878
18879
18878
18880
19469
18879
18880
18882
19470
18883
19472
18883
18887
31661
18883
19475
31662
31664
18886
18886
18887
18889
18889
18906
18889
18907
19488
18909
18891
18893
18964
18895
18976
18894
29079
18894
18895
29081
18897
29083
18897
31668
18897
19496
31669
31671
18902
18903
18904
18912
18902
18903
18902
18904
18903
18904
18913
18916
18917
18909
18910
18911
18912
18909
18910
31661
18909
18911
18914
18910
18911
31663
18916
31665
18918
18916
18917
18918
18916
18917
18927
18916
18918
19503
18917
18918
18929
19504
18931
19506
18923
18924
18925
18933
18923
18924
18923
18925
18924
18925
18934
18937
18938
18930
18931
18932
18933
18930
18931
18930
18932
18935
18931
18932
18937
18939
18937
18938
18939
18937
18938
18948
18937
18939
19524
18938
18939
18950
19525
18952
19527
18944
18945
18946
18954
18944
18945
18944
18946
18945
18946
18955
18958
18959
18951
18952
18953
18954
18951
18952
18951
18953
18956
18952
18953
18958
18960
18958
18959
18960
18958
18959
18969
18958
18960
19545
18959
18960
18971
19546
18973
19548
18965
18966
18967
18975
18965
18966
18965
18967
29080
18966
18967
18976
29081
18979
18980
29084
18972
18973
18974
18975
18972
18973
18972
18974
18977
18973
18974
18979
18981
18979
18980
18981
18979
18980
31668
18979
18981
19566
18980
18981
19567
31670
31672
19569
18986
18987
18988
18989
31674
18986
18987
18997
18986
18988
19103
31676
18987
18988
18990
18999
19104
31678
18993
19001
18994
19105
31680
18993
18994
18995
31681
18993
18994
19011
19109
18993
18995
19012
19587
18994
18995
19110
19588
31684
19014
19111
31686
19590
31687
19000
19001
19002
19003
19010
19000
19001
19000
19002
19005
19001
19002
19011
19007
19014
19009
19015
19007
19008
19009
19017
19007
19008
19025
19007
19009
19008
19009
19018
19027
19021
19029
19022
19014
19015
19016
19017
19014
19015
19112
19014
19016
19601
19015
19016
19020
19602
19022
19023
19604
19021
19022
19023
19021
19022
19039
19021
19023
19040
19608
19022
19023
19609
19042
19611
19028
19029
19030
19031
19038
19028
19029
19028
19030
19033
19029
19030
19039
19035
19042
19037
19043
19035
19036
19037
19045
19035
19036
19035
19037
19036
19037
19046
19049
19050
19042
19043
19044
19045
19042
19043
19042
19044
19629
19043
19044
19048
19630
19050
19051
19632
19049
19050
19051
19049
19050
19049
19051
19636
19050
19051
19637
19639
19056
19057
19058
19059
19065
19056
19057
33574
19056
19058
19061
19057
19058
19066
33576
19062
19069
33577
19064
19070
19062
19063
19064
19072
31688
19062
19063
19085
31690
19062
19064
31692
19075
19086
31694
19076
19069
19070
19071
19072
19069
19070
19133
33581
19069
19071
19657
33582
19070
19071
19074
19658
33584
19076
19077
19660
19075
19076
19077
31695
19075
19077
19101
19664
31698
19076
19077
19665
19102
31700
19666
31701
19082
19083
19084
19094
19082
19083
19082
19084
19083
19084
19095
19098
19099
19086
19102
19091
19092
19093
19094
19091
19092
31696
19091
19093
19096
19092
19093
19101
31698
19098
19102
31700
19100
19098
19099
19100
19098
19099
19106
19098
19100
19683
19099
19100
19684
19686
19102
19689
19105
19105
19109
19111
19108
31682
19108
19110
31684
19111
31686
19111
19112
19111
19707
19116
19117
19123
29141
19116
19117
29142
33575
19117
19124
33576
29145
19126
29146
33578
19121
19122
19128
29141
19121
19122
29143
33588
19122
19129
33590
29145
19131
29147
33591
19126
19127
31702
19126
19133
33581
19126
19127
19718
31704
33583
31706
33585
19720
31708
19131
19132
31702
19131
33595
19131
19132
19723
31705
33596
31707
33598
19725
31708
19137
19138
19144
29148
19137
19138
29149
33589
19138
19145
33590
29152
19147
29153
33592
19142
19143
19149
29148
19142
19143
29150
33602
19143
19150
33604
29152
19152
29154
33605
19147
19148
31709
19147
33595
19147
19148
19739
31711
33597
31713
33599
19741
31715
19152
19153
31709
19152
33609
19152
19153
19744
31712
33610
31714
33612
19746
31715
19157
19158
19166
19168
29155
19157
19158
29156
33603
19158
19169
33604
19167
29159
19171
29160
33606
19163
19164
19165
19166
19173
29155
19163
19164
29157
19163
19165
19164
19165
19174
19167
29159
19177
29161
19178
19167
19180
19171
19172
19180
31716
19171
33609
19171
19172
19759
31718
33611
31720
33613
19181
19761
31722
19177
19178
19179
19180
31716
19177
19178
19198
19177
19179
19764
31719
19178
19179
19199
19765
31721
19201
19181
19767
31722
19181
19771
19186
19187
19188
19189
31723
19186
19187
19196
31725
19186
19188
19206
19187
19188
19190
19208
31727
19193
19197
31729
19194
19210
19193
19194
19195
31730
19193
19194
19217
19193
19195
19203
19787
31733
19194
19195
19218
19788
19204
31735
19220
19790
31736
19197
19204
19201
19202
31731
19201
19202
19203
31733
19204
31735
19204
19800
19209
19210
19211
19212
19216
19209
19210
19209
19211
19210
19211
19217
19214
19220
19221
19214
19215
19223
31737
19214
19215
19228
31739
31741
19225
19230
31743
19220
19221
19222
19223
19220
19221
19220
19222
19810
19221
19222
19811
19226
19813
19225
19226
31744
19225
19226
19248
19817
31747
19249
31749
19818
31750
19229
19230
19238
19247
19229
19230
19239
19249
19235
19236
19237
19238
19251
19235
19236
19235
19237
19236
19237
19252
19239
19255
19256
19239
19258
19244
19245
19246
19247
19251
19244
19245
31745
19244
19246
19248
31747
19245
19246
19253
19249
31749
19255
19250
19257
19249
19250
19258
19249
19250
19832
19259
19833
19255
19256
19257
19258
19255
19256
19268
19255
19257
19836
19256
19257
19269
19837
19271
19259
19839
19259
19843
19264
19265
19266
19274
19264
19265
19264
19266
19265
19266
19275
19278
19279
19271
19272
19273
19274
19271
19272
19271
19273
19272
19273
19276
19278
19280
19278
19279
19280
19278
19279
19293
19278
19280
19865
19279
19280
19294
19866
19296
19868
19285
19286
19287
19288
19299
19285
19286
19285
19287
19289
29184
19286
19287
19300
29186
19290
19303
19291
19304
29188
19290
19291
19306
19290
19291
19311
19308
19313
19296
19297
19298
19299
19296
19297
19296
19298
19297
19298
19301
19303
19305
19303
19304
19305
19306
19303
19304
31759
19303
19305
19886
19304
19305
19307
19887
31760
19308
31762
19309
19889
19308
19309
19308
19309
19320
19893
19321
19894
19312
19313
19314
19319
29183
19312
19313
29184
19317
29187
19321
29188
19317
19318
19323
31751
19317
19318
19329
31753
19318
19324
19331
31755
19326
19333
31757
19321
19322
19323
31758
19321
19322
19915
31760
31762
19327
19916
31764
19326
19327
31765
19326
19336
19326
19327
19337
19919
31768
19339
31770
19921
31771
19332
19333
19334
19335
31772
19332
19333
19332
19334
31773
19333
19334
19336
31776
19339
19340
31777
19339
19340
19341
31779
19339
19340
19339
19341
19933
19340
19341
19934
31781
31783
19936
31785
19344
31773
19344
19345
31775
19347
31777
19347
19354
31780
19347
19946
31781
31783
19351
19352
19360
31786
19351
19352
19366
31788
19352
19361
19368
31790
19363
19370
31792
19357
19358
19359
31793
19357
19358
19357
19359
19358
19359
31795
31797
31799
19363
19364
31793
19363
19373
19363
19364
19374
19953
31796
19376
31798
19955
31799
19369
19370
19371
19372
19369
19370
19369
19371
19370
19371
19373
19376
19377
19376
19377
19378
19376
19377
19376
19378
19970
19377
19378
19388
19971
19389
19973
19383
19384
19385
19390
19383
19384
19383
19385
19386
19384
19385
19391
19394
19387
19395
19387
19400
19398
19404
19389
19392
19394
19394
19395
19396
19394
19395
19394
19396
19984
19395
19396
19397
19985
19398
19987
19398
19408
19990
19410
19403
19404
19405
19406
19403
19404
19403
19405
19404
19405
19407
19410
19411
19410
19411
19412
19410
19411
19410
19412
20004
19411
19412
19425
20005
19426
20007
19417
19418
19419
19420
19427
19417
19418
19417
19419
19421
19418
19419
19428
19423
19431
19424
19432
19423
19424
19434
19423
19424
31801
19424
19435
31803
19437
31805
19426
19429
19431
19431
19432
19433
19434
19431
19432
19431
19433
20018
19432
19433
19436
20019
19437
19438
20021
19437
19438
19437
31808
19437
19438
20025
31809
31811
20027
19441
19442
19443
19457
19441
19442
19444
19447
19448
19459
19447
19448
19449
19461
19447
19448
19469
19447
19449
19448
19449
19462
19471
19465
19473
19466
19454
19455
19456
19457
19454
19455
31808
19454
19456
19455
19456
31810
31812
19460
19459
19460
19461
19459
19460
19463
20044
19465
19467
20045
19465
19466
19467
19465
19466
19479
19465
19467
19480
20048
19466
19467
20049
19482
20051
19472
19473
19474
19478
19472
19473
19472
19474
19475
19473
19474
19479
19482
19477
19483
19477
31815
19477
19485
19489
31817
19487
31819
19482
19483
19484
19482
19483
19482
19484
20073
19483
19484
19486
20074
19487
20076
19487
19491
31822
19487
20079
31823
31825
19490
19490
19491
19493
19493
19510
19493
19511
20092
19513
19495
19497
19568
19499
19580
19498
29219
19498
19499
29221
19501
29223
19501
31829
19501
20100
31830
31832
19506
19507
19508
19516
19506
19507
19506
19508
19507
19508
19517
19520
19521
19513
19514
19515
19516
19513
19514
31822
19513
19515
19518
19514
19515
31824
19520
31826
19522
19520
19521
19522
19520
19521
19531
19520
19522
20107
19521
19522
19533
20108
19535
20110
19527
19528
19529
19537
19527
19528
19527
19529
19528
19529
19538
19541
19542
19534
19535
19536
19537
19534
19535
19534
19536
19539
19535
19536
19541
19543
19541
19542
19543
19541
19542
19552
19541
19543
20128
19542
19543
19554
20129
19556
20131
19548
19549
19550
19558
19548
19549
19548
19550
19549
19550
19559
19562
19563
19555
19556
19557
19558
19555
19556
19555
19557
19560
19556
19557
19562
19564
19562
19563
19564
19562
19563
19573
19562
19564
20149
19563
19564
19575
20150
19577
20152
19569
19570
19571
19579
19569
19570
19569
19571
29220
19570
19571
19580
29221
19583
19584
29224
19576
19577
19578
19579
19576
19577
19576
19578
19581
19577
19578
19583
19585
19583
19584
19585
19583
19584
31829
19583
19585
20170
19584
19585
20171
31831
31833
20173
19590
19591
19592
19593
31835
19590
19591
19601
19590
19592
19707
31837
19591
19592
19594
19603
19708
31839
19597
19605
19598
19709
31841
19597
19598
19599
31842
19597
19598
19615
19713
19597
19599
19616
20191
19598
19599
19714
20192
31845
19618
19715
31847
20194
31848
19604
19605
19606
19607
19614
19604
19605
19604
19606
19609
19605
19606
19615
19611
19618
19613
19619
19611
19612
19613
19621
19611
19612
19629
19611
19613
19612
19613
19622
19631
19625
19633
19626
19618
19619
19620
19621
19618
19619
19716
19618
19620
20205
19619
19620
19624
20206
19626
19627
20208
19625
19626
19627
19625
19626
19643
19625
19627
19644
20212
19626
19627
20213
19646
20215
19632
19633
19634
19635
19642
19632
19633
19632
19634
19637
19633
19634
19643
19639
19646
19641
19647
19639
19640
19641
19649
19639
19640
19639
19641
19640
19641
19650
19653
19654
19646
19647
19648
19649
19646
19647
19646
19648
20233
19647
19648
19652
20234
19654
19655
20236
19653
19654
19655
19653
19654
19653
19655
20240
19654
19655
20241
20243
19660
19661
19662
19663
19669
19660
19661
33616
19660
19662
19665
19661
19662
19670
33618
19666
19673
33619
19668
19674
19666
19667
19668
19676
31849
19666
19667
19689
31851
19666
19668
31853
19679
19690
31855
19680
19673
19674
19675
19676
19673
19674
19737
33623
19673
19675
20261
33624
19674
19675
19678
20262
33626
19680
19681
20264
19679
19680
19681
31856
19679
19681
19705
20268
31859
19680
19681
20269
19706
31861
20270
31862
19686
19687
19688
19698
19686
19687
19686
19688
19687
19688
19699
19702
19703
19690
19706
19695
19696
19697
19698
19695
19696
31857
19695
19697
19700
19696
19697
19705
31859
19702
19706
31861
19704
19702
19703
19704
19702
19703
19710
19702
19704
20287
19703
19704
20288
20290
19706
20293
19709
19709
19713
19715
19712
31843
19712
19714
31845
19715
31847
19715
19716
19715
20311
19720
19721
19727
29281
19720
19721
29282
33617
19721
19728
33618
29285
19730
29286
33620
19725
19726
19732
29281
19725
19726
29283
33630
19726
19733
33632
29285
19735
29287
33633
19730
19731
31863
19730
19737
33623
19730
19731
20322
31865
33625
31867
33627
20324
31869
19735
19736
31863
19735
33637
19735
19736
20327
31866
33638
31868
33640
20329
31869
19741
19742
19748
29288
19741
19742
29289
33631
19742
19749
33632
29292
19751
29293
33634
19746
19747
19753
29288
19746
19747
29290
33644
19747
19754
33646
29292
19756
29294
33647
19751
19752
31870
19751
33637
19751
19752
20343
31872
33639
31874
33641
20345
31876
19756
19757
31870
19756
33651
19756
19757
20348
31873
33652
31875
33654
20350
31876
19761
19762
19770
19772
29295
19761
19762
29296
33645
19762
19773
33646
19771
29299
19775
29300
33648
19767
19768
19769
19770
19777
29295
19767
19768
29297
19767
19769
19768
19769
19778
19771
29299
19781
29301
19782
19771
19784
19775
19776
19784
31877
19775
33651
19775
19776
20363
31879
33653
31881
33655
19785
20365
31883
19781
19782
19783
19784
31877
19781
19782
19802
19781
19783
20368
31880
19782
19783
19803
20369
31882
19805
19785
20371
31883
19785
20375
19790
19791
19792
19793
31884
19790
19791
19800
31886
19790
19792
19810
19791
19792
19794
19812
31888
19797
19801
31890
19798
19814
19797
19798
19799
31891
19797
19798
19821
19797
19799
19807
20391
31894
19798
19799
19822
20392
19808
31896
19824
20394
31897
19801
19808
19805
19806
31892
19805
19806
19807
31894
19808
31896
19808
20404
19813
19814
19815
19816
19820
19813
19814
19813
19815
19814
19815
19821
19818
19824
19825
19818
19819
19827
31898
19818
19819
19832
31900
31902
19829
19834
31904
19824
19825
19826
19827
19824
19825
19824
19826
20414
19825
19826
20415
19830
20417
19829
19830
31905
19829
19830
19852
20421
31908
19853
31910
20422
31911
19833
19834
19842
19851
19833
19834
19843
19853
19839
19840
19841
19842
19855
19839
19840
19839
19841
19840
19841
19856
19843
19859
19860
19843
19862
19848
19849
19850
19851
19855
19848
19849
31906
19848
19850
19852
31908
19849
19850
19857
19853
31910
19859
19854
19861
19853
19854
19862
19853
19854
20436
19863
20437
19859
19860
19861
19862
19859
19860
19872
19859
19861
20440
19860
19861
19873
20441
19875
19863
20443
19863
20447
19868
19869
19870
19878
19868
19869
19868
19870
19869
19870
19879
19882
19883
19875
19876
19877
19878
19875
19876
19875
19877
19876
19877
19880
19882
19884
19882
19883
19884
19882
19883
19897
19882
19884
20469
19883
19884
19898
20470
19900
20472
19889
19890
19891
19892
19903
19889
19890
19889
19891
19893
29324
19890
19891
19904
29326
19894
19907
19895
19908
29328
19894
19895
19910
19894
19895
19915
19912
19917
19900
19901
19902
19903
19900
19901
19900
19902
19901
19902
19905
19907
19909
19907
19908
19909
19910
19907
19908
31920
19907
19909
20490
19908
19909
19911
20491
31921
19912
31923
19913
20493
19912
19913
19912
19913
19924
20497
19925
20498
19916
19917
19918
19923
29323
19916
19917
29324
19921
29327
19925
29328
19921
19922
19927
31912
19921
19922
19933
31914
19922
19928
19935
31916
19930
19937
31918
19925
19926
19927
31919
19925
19926
20519
31921
31923
19931
20520
31925
19930
19931
31926
19930
19940
19930
19931
19941
20523
31929
19943
31931
20525
31932
19936
19937
19938
19939
31933
19936
19937
19936
19938
31934
19937
19938
19940
31937
19943
19944
31938
19943
19944
19945
31940
19943
19944
19943
19945
20537
19944
19945
20538
31942
31944
20540
31946
19948
31934
19948
19949
31936
19951
31938
19951
19958
31941
19951
20550
31942
31944
19955
19956
19964
31947
19955
19956
19970
31949
19956
19965
19972
31951
19967
19974
31953
19961
19962
19963
31954
19961
19962
19961
19963
19962
19963
31956
31958
31960
19967
19968
31954
19967
19977
19967
19968
19978
20557
31957
19980
31959
20559
31960
19973
19974
19975
19976
19973
19974
19973
19975
19974
19975
19977
19980
19981
19980
19981
19982
19980
19981
19980
19982
20574
19981
19982
19992
20575
19993
20577
19987
19988
19989
19994
19987
19988
19987
19989
19990
19988
19989
19995
19998
19991
19999
19991
20004
20002
20008
19993
19996
19998
19998
19999
20000
19998
19999
19998
20000
20588
19999
20000
20001
20589
20002
20591
20002
20012
20594
20014
20007
20008
20009
20010
20007
20008
20007
20009
20008
20009
20011
20014
20015
20014
20015
20016
20014
20015
20014
20016
20608
20015
20016
20029
20609
20030
20611
20021
20022
20023
20024
20031
20021
20022
20021
20023
20025
20022
20023
20032
20027
20035
20028
20036
20027
20028
20038
20027
20028
31962
20028
20039
31964
20041
31966
20030
20033
20035
20035
20036
20037
20038
20035
20036
20035
20037
20622
20036
20037
20040
20623
20041
20042
20625
20041
20042
20041
31969
20041
20042
20629
31970
31972
20631
20045
20046
20047
20061
20045
20046
20048
20051
20052
20063
20051
20052
20053
20065
20051
20052
20073
20051
20053
20052
20053
20066
20075
20069
20077
20070
20058
20059
20060
20061
20058
20059
31969
20058
20060
20059
20060
31971
31973
20064
20063
20064
20065
20063
20064
20067
20648
20069
20071
20649
20069
20070
20071
20069
20070
20083
20069
20071
20084
20652
20070
20071
20653
20086
20655
20076
20077
20078
20082
20076
20077
20076
20078
20079
20077
20078
20083
20086
20081
20087
20081
31976
20081
20089
20093
31978
20091
31980
20086
20087
20088
20086
20087
20086
20088
20677
20087
20088
20090
20678
20091
20680
20091
20095
31983
20091
20683
31984
31986
20094
20094
20095
20097
20097
20114
20097
20115
20696
20117
20099
20101
20172
20103
20184
20102
29359
20102
20103
29361
20105
29363
20105
31990
20105
20704
31991
31993
20110
20111
20112
20120
20110
20111
20110
20112
20111
20112
20121
20124
20125
20117
20118
20119
20120
20117
20118
31983
20117
20119
20122
20118
20119
31985
20124
31987
20126
20124
20125
20126
20124
20125
20135
20124
20126
20711
20125
20126
20137
20712
20139
20714
20131
20132
20133
20141
20131
20132
20131
20133
20132
20133
20142
20145
20146
20138
20139
20140
20141
20138
20139
20138
20140
20143
20139
20140
20145
20147
20145
20146
20147
20145
20146
20156
20145
20147
20732
20146
20147
20158
20733
20160
20735
20152
20153
20154
20162
20152
20153
20152
20154
20153
20154
20163
20166
20167
20159
20160
20161
20162
20159
20160
20159
20161
20164
20160
20161
20166
20168
20166
20167
20168
20166
20167
20177
20166
20168
20753
20167
20168
20179
20754
20181
20756
20173
20174
20175
20183
20173
20174
20173
20175
29360
20174
20175
20184
29361
20187
20188
29364
20180
20181
20182
20183
20180
20181
20180
20182
20185
20181
20182
20187
20189
20187
20188
20189
20187
20188
31990
20187
20189
20774
20188
20189
20775
31992
31994
20777
20194
20195
20196
20197
31996
20194
20195
20205
20194
20196
20311
31998
20195
20196
20198
20207
20312
32000
20201
20209
20202
20313
32002
20201
20202
20203
32003
20201
20202
20219
20317
20201
20203
20220
20795
20202
20203
20318
20796
32006
20222
20319
32008
20798
32009
20208
20209
20210
20211
20218
20208
20209
20208
20210
20213
20209
20210
20219
20215
20222
20217
20223
20215
20216
20217
20225
20215
20216
20233
20215
20217
20216
20217
20226
20235
20229
20237
20230
20222
20223
20224
20225
20222
20223
20320
20222
20224
20809
20223
20224
20228
20810
20230
20231
20812
20229
20230
20231
20229
20230
20247
20229
20231
20248
20816
20230
20231
20817
20250
20819
20236
20237
20238
20239
20246
20236
20237
20236
20238
20241
20237
20238
20247
20243
20250
20245
20251
20243
20244
20245
20253
20243
20244
20243
20245
20244
20245
20254
20257
20258
20250
20251
20252
20253
20250
20251
20250
20252
20837
20251
20252
20256
20838
20258
20259
20840
20257
20258
20259
20257
20258
20257
20259
20844
20258
20259
20845
20847
20264
20265
20266
20267
20273
20264
20265
33658
20264
20266
20269
20265
20266
20274
33660
20270
20277
33661
20272
20278
20270
20271
20272
20280
32010
20270
20271
20293
32012
20270
20272
32014
20283
20294
32016
20284
20277
20278
20279
20280
20277
20278
20341
33665
20277
20279
20865
33666
20278
20279
20282
20866
33668
20284
20285
20868
20283
20284
20285
32017
20283
20285
20309
20872
32020
20284
20285
20873
20310
32022
20874
32023
20290
20291
20292
20302
20290
20291
20290
20292
20291
20292
20303
20306
20307
20294
20310
20299
20300
20301
20302
20299
20300
32018
20299
20301
20304
20300
20301
20309
32020
20306
20310
32022
20308
20306
20307
20308
20306
20307
20314
20306
20308
20891
20307
20308
20892
20894
20310
20897
20313
20313
20317
20319
20316
32004
20316
20318
32006
20319
32008
20319
20320
20319
20915
20324
20325
20331
29421
20324
20325
29422
33659
20325
20332
33660
29425
20334
29426
33662
20329
20330
20336
29421
20329
20330
29423
33672
20330
20337
33674
29425
20339
29427
33675
20334
20335
32024
20334
20341
33665
20334
20335
20926
32026
33667
32028
33669
20928
32030
20339
20340
32024
20339
33679
20339
20340
20931
32027
33680
32029
33682
20933
32030
20345
20346
20352
29428
20345
20346
29429
33673
20346
20353
33674
29432
20355
29433
33676
20350
20351
20357
29428
20350
20351
29430
33686
20351
20358
33688
29432
20360
29434
33689
20355
20356
32031
20355
33679
20355
20356
20947
32033
33681
32035
33683
20949
32037
20360
20361
32031
20360
33693
20360
20361
20952
32034
33694
32036
33696
20954
32037
20365
20366
20374
20376
29435
20365
20366
29436
33687
20366
20377
33688
20375
29439
20379
29440
33690
20371
20372
20373
20374
20381
29435
20371
20372
29437
20371
20373
20372
20373
20382
20375
29439
20385
29441
20386
20375
20388
20379
20380
20388
32038
20379
33693
20379
20380
20967
32040
33695
32042
33697
20389
20969
32044
20385
20386
20387
20388
32038
20385
20386
20406
20385
20387
20972
32041
20386
20387
20407
20973
32043
20409
20389
20975
32044
20389
20979
20394
20395
20396
20397
32045
20394
20395
20404
32047
20394
20396
20414
20395
20396
20398
20416
32049
20401
20405
32051
20402
20418
20401
20402
20403
32052
20401
20402
20425
20401
20403
20411
20995
32055
20402
20403
20426
20996
20412
32057
20428
20998
32058
20405
20412
20409
20410
32053
20409
20410
20411
32055
20412
32057
20412
21008
20417
20418
20419
20420
20424
20417
20418
20417
20419
20418
20419
20425
20422
20428
20429
20422
20423
20431
32059
20422
20423
20436
32061
32063
20433
20438
32065
20428
20429
20430
20431
20428
20429
20428
20430
21018
20429
20430
21019
20434
21021
20433
20434
32066
20433
20434
20456
21025
32069
20457
32071
21026
32072
20437
20438
20446
20455
20437
20438
20447
20457
20443
20444
20445
20446
20459
20443
20444
20443
20445
20444
20445
20460
20447
20463
20464
20447
20466
20452
20453
20454
20455
20459
20452
20453
32067
20452
20454
20456
32069
20453
20454
20461
20457
32071
20463
20458
20465
20457
20458
20466
20457
20458
21040
20467
21041
20463
20464
20465
20466
20463
20464
20476
20463
20465
21044
20464
20465
20477
21045
20479
20467
21047
20467
21051
20472
20473
20474
20482
20472
20473
20472
20474
20473
20474
20483
20486
20487
20479
20480
20481
20482
20479
20480
20479
20481
20480
20481
20484
20486
20488
20486
20487
20488
20486
20487
20501
20486
20488
21073
20487
20488
20502
21074
20504
21076
20493
20494
20495
20496
20507
20493
20494
20493
20495
20497
29464
20494
20495
20508
29466
20498
20511
20499
20512
29468
20498
20499
20514
20498
20499
20519
20516
20521
20504
20505
20506
20507
20504
20505
20504
20506
20505
20506
20509
20511
20513
20511
20512
20513
20514
20511
20512
32081
20511
20513
21094
20512
20513
20515
21095
32082
20516
32084
20517
21097
20516
20517
20516
20517
20528
21101
20529
21102
20520
20521
20522
20527
29463
20520
20521
29464
20525
29467
20529
29468
20525
20526
20531
32073
20525
20526
20537
32075
20526
20532
20539
32077
20534
20541
32079
20529
20530
20531
32080
20529
20530
21123
32082
32084
20535
21124
32086
20534
20535
32087
20534
20544
20534
20535
20545
21127
32090
20547
32092
21129
32093
20540
20541
20542
20543
32094
20540
20541
20540
20542
32095
20541
20542
20544
32098
20547
20548
32099
20547
20548
20549
32101
20547
20548
20547
20549
21141
20548
20549
21142
32103
32105
21144
32107
20552
32095
20552
20553
32097
20555
32099
20555
20562
32102
20555
21154
32103
32105
20559
20560
20568
32108
20559
20560
20574
32110
20560
20569
20576
32112
20571
20578
32114
20565
20566
20567
32115
20565
20566
20565
20567
20566
20567
32117
32119
32121
20571
20572
32115
20571
20581
20571
20572
20582
21161
32118
20584
32120
21163
32121
20577
20578
20579
20580
20577
20578
20577
20579
20578
20579
20581
20584
20585
20584
20585
20586
20584
20585
20584
20586
21178
20585
20586
20596
21179
20597
21181
20591
20592
20593
20598
20591
20592
20591
20593
20594
20592
20593
20599
20602
20595
20603
20595
20608
20606
20612
20597
20600
20602
20602
20603
20604
20602
20603
20602
20604
21192
20603
20604
20605
21193
20606
21195
20606
20616
21198
20618
20611
20612
20613
20614
20611
20612
20611
20613
20612
20613
20615
20618
20619
20618
20619
20620
20618
20619
20618
20620
21212
20619
20620
20633
21213
20634
21215
20625
20626
20627
20628
20635
20625
20626
20625
20627
20629
20626
20627
20636
20631
20639
20632
20640
20631
20632
20642
20631
20632
32123
20632
20643
32125
20645
32127
20634
20637
20639
20639
20640
20641
20642
20639
20640
20639
20641
21226
20640
20641
20644
21227
20645
20646
21229
20645
20646
20645
32130
20645
20646
21233
32131
32133
21235
20649
20650
20651
20665
20649
20650
20652
20655
20656
20667
20655
20656
20657
20669
20655
20656
20677
20655
20657
20656
20657
20670
20679
20673
20681
20674
20662
20663
20664
20665
20662
20663
32130
20662
20664
20663
20664
32132
32134
20668
20667
20668
20669
20667
20668
20671
21252
20673
20675
21253
20673
20674
20675
20673
20674
20687
20673
20675
20688
21256
20674
20675
21257
20690
21259
20680
20681
20682
20686
20680
20681
20680
20682
20683
20681
20682
20687
20690
20685
20691
20685
32137
20685
20693
20697
32139
20695
32141
20690
20691
20692
20690
20691
20690
20692
21281
20691
20692
20694
21282
20695
21284
20695
20699
32144
20695
21287
32145
32147
20698
20698
20699
20701
20701
20718
20701
20719
21300
20721
20703
20705
20776
20707
20788
20706
29499
20706
20707
29501
20709
29503
20709
32151
20709
21308
32152
32154
20714
20715
20716
20724
20714
20715
20714
20716
20715
20716
20725
20728
20729
20721
20722
20723
20724
20721
20722
32144
20721
20723
20726
20722
20723
32146
20728
32148
20730
20728
20729
20730
20728
20729
20739
20728
20730
21315
20729
20730
20741
21316
20743
21318
20735
20736
20737
20745
20735
20736
20735
20737
20736
20737
20746
20749
20750
20742
20743
20744
20745
20742
20743
20742
20744
20747
20743
20744
20749
20751
20749
20750
20751
20749
20750
20760
20749
20751
21336
20750
20751
20762
21337
20764
21339
20756
20757
20758
20766
20756
20757
20756
20758
20757
20758
20767
20770
20771
20763
20764
20765
20766
20763
20764
20763
20765
20768
20764
20765
20770
20772
20770
20771
20772
20770
20771
20781
20770
20772
21357
20771
20772
20783
21358
20785
21360
20777
20778
20779
20787
20777
20778
20777
20779
29500
20778
20779
20788
29501
20791
20792
29504
20784
20785
20786
20787
20784
20785
20784
20786
20789
20785
20786
20791
20793
20791
20792
20793
20791
20792
32151
20791
20793
21378
20792
20793
21379
32153
32155
21381
20798
20799
20800
20801
32157
20798
20799
20809
20798
20800
20915
32159
20799
20800
20802
20811
20916
32161
20805
20813
20806
20917
32163
20805
20806
20807
32164
20805
20806
20823
20921
20805
20807
20824
21399
20806
20807
20922
21400
32167
20826
20923
32169
21402
32170
20812
20813
20814
20815
20822
20812
20813
20812
20814
20817
20813
20814
20823
20819
20826
20821
20827
20819
20820
20821
20829
20819
20820
20837
20819
20821
20820
20821
20830
20839
20833
20841
20834
20826
20827
20828
20829
20826
20827
20924
20826
20828
21413
20827
20828
20832
21414
20834
20835
21416
20833
20834
20835
20833
20834
20851
20833
20835
20852
21420
20834
20835
21421
20854
21423
20840
20841
20842
20843
20850
20840
20841
20840
20842
20845
20841
20842
20851
20847
20854
20849
20855
20847
20848
20849
20857
20847
20848
20847
20849
20848
20849
20858
20861
20862
20854
20855
20856
20857
20854
20855
20854
20856
21441
20855
20856
20860
21442
20862
20863
21444
20861
20862
20863
20861
20862
20861
20863
21448
20862
20863
21449
21451
20868
20869
20870
20871
20877
20868
20869
33700
20868
20870
20873
20869
20870
20878
33702
20874
20881
33703
20876
20882
20874
20875
20876
20884
32171
20874
20875
20897
32173
20874
20876
32175
20887
20898
32177
20888
20881
20882
20883
20884
20881
20882
20945
33707
20881
20883
21469
33708
20882
20883
20886
21470
33710
20888
20889
21472
20887
20888
20889
32178
20887
20889
20913
21476
32181
20888
20889
21477
20914
32183
21478
32184
20894
20895
20896
20906
20894
20895
20894
20896
20895
20896
20907
20910
20911
20898
20914
20903
20904
20905
20906
20903
20904
32179
20903
20905
20908
20904
20905
20913
32181
20910
20914
32183
20912
20910
20911
20912
20910
20911
20918
20910
20912
21495
20911
20912
21496
21498
20914
21501
20917
20917
20921
20923
20920
32165
20920
20922
32167
20923
32169
20923
20924
20923
21519
20928
20929
20935
29561
20928
20929
29562
33701
20929
20936
33702
29565
20938
29566
33704
20933
20934
20940
29561
20933
20934
29563
33714
20934
20941
33716
29565
20943
29567
33717
20938
20939
32185
20938
20945
33707
20938
20939
21530
32187
33709
32189
33711
21532
32191
20943
20944
32185
20943
33721
20943
20944
21535
32188
33722
32190
33724
21537
32191
20949
20950
20956
29568
20949
20950
29569
33715
20950
20957
33716
29572
20959
29573
33718
20954
20955
20961
29568
20954
20955
29570
33728
20955
20962
33730
29572
20964
29574
33731
20959
20960
32192
20959
33721
20959
20960
21551
32194
33723
32196
33725
21553
32198
20964
20965
32192
20964
33735
20964
20965
21556
32195
33736
32197
33738
21558
32198
20969
20970
20978
20980
29575
20969
20970
29576
33729
20970
20981
33730
20979
29579
20983
29580
33732
20975
20976
20977
20978
20985
29575
20975
20976
29577
20975
20977
20976
20977
20986
20979
29579
20989
29581
20990
20979
20992
20983
20984
20992
32199
20983
33735
20983
20984
21571
32201
33737
32203
33739
20993
21573
32205
20989
20990
20991
20992
32199
20989
20990
21010
20989
20991
21576
32202
20990
20991
21011
21577
32204
21013
20993
21579
32205
20993
21583
20998
20999
21000
21001
32206
20998
20999
21008
32208
20998
21000
21018
20999
21000
21002
21020
32210
21005
21009
32212
21006
21022
21005
21006
21007
32213
21005
21006
21029
21005
21007
21015
21599
32216
21006
21007
21030
21600
21016
32218
21032
21602
32219
21009
21016
21013
21014
32214
21013
21014
21015
32216
21016
32218
21016
21612
21021
21022
21023
21024
21028
21021
21022
21021
21023
21022
21023
21029
21026
21032
21033
21026
21027
21035
32220
21026
21027
21040
32222
32224
21037
21042
32226
21032
21033
21034
21035
21032
21033
21032
21034
21622
21033
21034
21623
21038
21625
21037
21038
32227
21037
21038
21060
21629
32230
21061
32232
21630
32233
21041
21042
21050
21059
21041
21042
21051
21061
21047
21048
21049
21050
21063
21047
21048
21047
21049
21048
21049
21064
21051
21067
21068
21051
21070
21056
21057
21058
21059
21063
21056
21057
32228
21056
21058
21060
32230
21057
21058
21065
21061
32232
21067
21062
21069
21061
21062
21070
21061
21062
21644
21071
21645
21067
21068
21069
21070
21067
21068
21080
21067
21069
21648
21068
21069
21081
21649
21083
21071
21651
21071
21655
21076
21077
21078
21086
21076
21077
21076
21078
21077
21078
21087
21090
21091
21083
21084
21085
21086
21083
21084
21083
21085
21084
21085
21088
21090
21092
21090
21091
21092
21090
21091
21105
21090
21092
21677
21091
21092
21106
21678
21108
21680
21097
21098
21099
21100
21111
21097
21098
21097
21099
21101
29604
21098
21099
21112
29606
21102
21115
21103
21116
29608
21102
21103
21118
21102
21103
21123
21120
21125
21108
21109
21110
21111
21108
21109
21108
21110
21109
21110
21113
21115
21117
21115
21116
21117
21118
21115
21116
32242
21115
21117
21698
21116
21117
21119
21699
32243
21120
32245
21121
21701
21120
21121
21120
21121
21132
21705
21133
21706
21124
21125
21126
21131
29603
21124
21125
29604
21129
29607
21133
29608
21129
21130
21135
32234
21129
21130
21141
32236
21130
21136
21143
32238
21138
21145
32240
21133
21134
21135
32241
21133
21134
21727
32243
32245
21139
21728
32247
21138
21139
32248
21138
21148
21138
21139
21149
21731
32251
21151
32253
21733
32254
21144
21145
21146
21147
32255
21144
21145
21144
21146
32256
21145
21146
21148
32259
21151
21152
32260
21151
21152
21153
32262
21151
21152
21151
21153
21745
21152
21153
21746
32264
32266
21748
32268
21156
32256
21156
21157
32258
21159
32260
21159
21166
32263
21159
21758
32264
32266
21163
21164
21172
32269
21163
21164
21178
32271
21164
21173
21180
32273
21175
21182
32275
21169
21170
21171
32276
21169
21170
21169
21171
21170
21171
32278
32280
32282
21175
21176
32276
21175
21185
21175
21176
21186
21765
32279
21188
32281
21767
32282
21181
21182
21183
21184
21181
21182
21181
21183
21182
21183
21185
21188
21189
21188
21189
21190
21188
21189
21188
21190
21782
21189
21190
21200
21783
21201
21785
21195
21196
21197
21202
21195
21196
21195
21197
21198
21196
21197
21203
21206
21199
21207
21199
21212
21210
21216
21201
21204
21206
21206
21207
21208
21206
21207
21206
21208
21796
21207
21208
21209
21797
21210
21799
21210
21220
21802
21222
21215
21216
21217
21218
21215
21216
21215
21217
21216
21217
21219
21222
21223
21222
21223
21224
21222
21223
21222
21224
21816
21223
21224
21237
21817
21238
21819
21229
21230
21231
21232
21239
21229
21230
21229
21231
21233
21230
21231
21240
21235
21243
21236
21244
21235
21236
21246
21235
21236
32284
21236
21247
32286
21249
32288
21238
21241
21243
21243
21244
21245
21246
21243
21244
21243
21245
21830
21244
21245
21248
21831
21249
21250
21833
21249
21250
21249
32291
21249
21250
21837
32292
32294
21839
21253
21254
21255
21269
21253
21254
21256
21259
21260
21271
21259
21260
21261
21273
21259
21260
21281
21259
21261
21260
21261
21274
21283
21277
21285
21278
21266
21267
21268
21269
21266
21267
32291
21266
21268
21267
21268
32293
32295
21272
21271
21272
21273
21271
21272
21275
21856
21277
21279
21857
21277
21278
21279
21277
21278
21291
21277
21279
21292
21860
21278
21279
21861
21294
21863
21284
21285
21286
21290
21284
21285
21284
21286
21287
21285
21286
21291
21294
21289
21295
21289
32298
21289
21297
21301
32300
21299
32302
21294
21295
21296
21294
21295
21294
21296
21885
21295
21296
21298
21886
21299
21888
21299
21303
32305
21299
21891
32306
32308
21302
21302
21303
21305
21305
21322
21305
21323
21904
21325
21307
21309
21380
21311
21392
21310
29639
21310
21311
29641
21313
29643
21313
32312
21313
21912
32313
32315
21318
21319
21320
21328
21318
21319
21318
21320
21319
21320
21329
21332
21333
21325
21326
21327
21328
21325
21326
32305
21325
21327
21330
21326
21327
32307
21332
32309
21334
21332
21333
21334
21332
21333
21343
21332
21334
21919
21333
21334
21345
21920
21347
21922
21339
21340
21341
21349
21339
21340
21339
21341
21340
21341
21350
21353
21354
21346
21347
21348
21349
21346
21347
21346
21348
21351
21347
21348
21353
21355
21353
21354
21355
21353
21354
21364
21353
21355
21940
21354
21355
21366
21941
21368
21943
21360
21361
21362
21370
21360
21361
21360
21362
21361
21362
21371
21374
21375
21367
21368
21369
21370
21367
21368
21367
21369
21372
21368
21369
21374
21376
21374
21375
21376
21374
21375
21385
21374
21376
21961
21375
21376
21387
21962
21389
21964
21381
21382
21383
21391
21381
21382
21381
21383
29640
21382
21383
21392
29641
21395
21396
29644
21388
21389
21390
21391
21388
21389
21388
21390
21393
21389
21390
21395
21397
21395
21396
21397
21395
21396
32312
21395
21397
21982
21396
21397
21983
32314
32316
21985
21402
21403
21404
21405
32318
21402
21403
21413
21402
21404
21519
32320
21403
21404
21406
21415
21520
32322
21409
21417
21410
21521
32324
21409
21410
21411
32325
21409
21410
21427
21525
21409
21411
21428
22003
21410
21411
21526
22004
32328
21430
21527
32330
22006
32331
21416
21417
21418
21419
21426
21416
21417
21416
21418
21421
21417
21418
21427
21423
21430
21425
21431
21423
21424
21425
21433
21423
21424
21441
21423
21425
21424
21425
21434
21443
21437
21445
21438
21430
21431
21432
21433
21430
21431
21528
21430
21432
22017
21431
21432
21436
22018
21438
21439
22020
21437
21438
21439
21437
21438
21455
21437
21439
21456
22024
21438
21439
22025
21458
22027
21444
21445
21446
21447
21454
21444
21445
21444
21446
21449
21445
21446
21455
21451
21458
21453
21459
21451
21452
21453
21461
21451
21452
21451
21453
21452
21453
21462
21465
21466
21458
21459
21460
21461
21458
21459
21458
21460
22045
21459
21460
21464
22046
21466
21467
22048
21465
21466
21467
21465
21466
21465
21467
22052
21466
21467
22053
22055
21472
21473
21474
21475
21481
21472
21473
33742
21472
21474
21477
21473
21474
21482
33744
21478
21485
33745
21480
21486
21478
21479
21480
21488
32332
21478
21479
21501
32334
21478
21480
32336
21491
21502
32338
21492
21485
21486
21487
21488
21485
21486
21549
33749
21485
21487
22073
33750
21486
21487
21490
22074
33752
21492
21493
22076
21491
21492
21493
32339
21491
21493
21517
22080
32342
21492
21493
22081
21518
32344
22082
32345
21498
21499
21500
21510
21498
21499
21498
21500
21499
21500
21511
21514
21515
21502
21518
21507
21508
21509
21510
21507
21508
32340
21507
21509
21512
21508
21509
21517
32342
21514
21518
32344
21516
21514
21515
21516
21514
21515
21522
21514
21516
22099
21515
21516
22100
22102
21518
22105
21521
21521
21525
21527
21524
32326
21524
21526
32328
21527
32330
21527
21528
21527
22123
21532
21533
21539
29701
21532
21533
29702
33743
21533
21540
33744
29705
21542
29706
33746
21537
21538
21544
29701
21537
21538
29703
33756
21538
21545
33758
29705
21547
29707
33759
21542
21543
32346
21542
21549
33749
21542
21543
22134
32348
33751
32350
33753
22136
32352
21547
21548
32346
21547
33763
21547
21548
22139
32349
33764
32351
33766
22141
32352
21553
21554
21560
29708
21553
21554
29709
33757
21554
21561
33758
29712
21563
29713
33760
21558
21559
21565
29708
21558
21559
29710
33770
21559
21566
33772
29712
21568
29714
33773
21563
21564
32353
21563
33763
21563
21564
22155
32355
33765
32357
33767
22157
32359
21568
21569
32353
21568
33777
21568
21569
22160
32356
33778
32358
33780
22162
32359
21573
21574
21582
21584
29715
21573
21574
29716
33771
21574
21585
33772
21583
29719
21587
29720
33774
21579
21580
21581
21582
21589
29715
21579
21580
29717
21579
21581
21580
21581
21590
21583
29719
21593
29721
21594
21583
21596
21587
21588
21596
32360
21587
33777
21587
21588
22175
32362
33779
32364
33781
21597
22177
32366
21593
21594
21595
21596
32360
21593
21594
21614
21593
21595
22180
32363
21594
21595
21615
22181
32365
21617
21597
22183
32366
21597
22187
21602
21603
21604
21605
32367
21602
21603
21612
32369
21602
21604
21622
21603
21604
21606
21624
32371
21609
21613
32373
21610
21626
21609
21610
21611
32374
21609
21610
21633
21609
21611
21619
22203
32377
21610
21611
21634
22204
21620
32379
21636
22206
32380
21613
21620
21617
21618
32375
21617
21618
21619
32377
21620
32379
21620
22216
21625
21626
21627
21628
21632
21625
21626
21625
21627
21626
21627
21633
21630
21636
21637
21630
21631
21639
32381
21630
21631
21644
32383
32385
21641
21646
32387
21636
21637
21638
21639
21636
21637
21636
21638
22226
21637
21638
22227
21642
22229
21641
21642
32388
21641
21642
21664
22233
32391
21665
32393
22234
32394
21645
21646
21654
21663
21645
21646
21655
21665
21651
21652
21653
21654
21667
21651
21652
21651
21653
21652
21653
21668
21655
21671
21672
21655
21674
21660
21661
21662
21663
21667
21660
21661
32389
21660
21662
21664
32391
21661
21662
21669
21665
32393
21671
21666
21673
21665
21666
21674
21665
21666
22248
21675
22249
21671
21672
21673
21674
21671
21672
21684
21671
21673
22252
21672
21673
21685
22253
21687
21675
22255
21675
22259
21680
21681
21682
21690
21680
21681
21680
21682
21681
21682
21691
21694
21695
21687
21688
21689
21690
21687
21688
21687
21689
21688
21689
21692
21694
21696
21694
21695
21696
21694
21695
21709
21694
21696
22281
21695
21696
21710
22282
21712
22284
21701
21702
21703
21704
21715
21701
21702
21701
21703
21705
29744
21702
21703
21716
29746
21706
21719
21707
21720
29748
21706
21707
21722
21706
21707
21727
21724
21729
21712
21713
21714
21715
21712
21713
21712
21714
21713
21714
21717
21719
21721
21719
21720
21721
21722
21719
21720
32403
21719
21721
22302
21720
21721
21723
22303
32404
21724
32406
21725
22305
21724
21725
21724
21725
21736
22309
21737
22310
21728
21729
21730
21735
29743
21728
21729
29744
21733
29747
21737
29748
21733
21734
21739
32395
21733
21734
21745
32397
21734
21740
21747
32399
21742
21749
32401
21737
21738
21739
32402
21737
21738
22331
32404
32406
21743
22332
32408
21742
21743
32409
21742
21752
21742
21743
21753
22335
32412
21755
32414
22337
32415
21748
21749
21750
21751
32416
21748
21749
21748
21750
32417
21749
21750
21752
32420
21755
21756
32421
21755
21756
21757
32423
21755
21756
21755
21757
22349
21756
21757
22350
32425
32427
22352
32429
21760
32417
21760
21761
32419
21763
32421
21763
21770
32424
21763
22362
32425
32427
21767
21768
21776
32430
21767
21768
21782
32432
21768
21777
21784
32434
21779
21786
32436
21773
21774
21775
32437
21773
21774
21773
21775
21774
21775
32439
32441
32443
21779
21780
32437
21779
21789
21779
21780
21790
22369
32440
21792
32442
22371
32443
21785
21786
21787
21788
21785
21786
21785
21787
21786
21787
21789
21792
21793
21792
21793
21794
21792
21793
21792
21794
22386
21793
21794
21804
22387
21805
22389
21799
21800
21801
21806
21799
21800
21799
21801
21802
21800
21801
21807
21810
21803
21811
21803
21816
21814
21820
21805
21808
21810
21810
21811
21812
21810
21811
21810
21812
22400
21811
21812
21813
22401
21814
22403
21814
21824
22406
21826
21819
21820
21821
21822
21819
21820
21819
21821
21820
21821
21823
21826
21827
21826
21827
21828
21826
21827
21826
21828
22420
21827
21828
21841
22421
21842
22423
21833
21834
21835
21836
21843
21833
21834
21833
21835
21837
21834
21835
21844
21839
21847
21840
21848
21839
21840
21850
21839
21840
32445
21840
21851
32447
21853
32449
21842
21845
21847
21847
21848
21849
21850
21847
21848
21847
21849
22434
21848
21849
21852
22435
21853
21854
22437
21853
21854
21853
32452
21853
21854
22441
32453
32455
22443
21857
21858
21859
21873
21857
21858
21860
21863
21864
21875
21863
21864
21865
21877
21863
21864
21885
21863
21865
21864
21865
21878
21887
21881
21889
21882
21870
21871
21872
21873
21870
21871
32452
21870
21872
21871
21872
32454
32456
21876
21875
21876
21877
21875
21876
21879
22460
21881
21883
22461
21881
21882
21883
21881
21882
21895
21881
21883
21896
22464
21882
21883
22465
21898
22467
21888
21889
21890
21894
21888
21889
21888
21890
21891
21889
21890
21895
21898
21893
21899
21893
32459
21893
21901
21905
32461
21903
32463
21898
21899
21900
21898
21899
21898
21900
22489
21899
21900
21902
22490
21903
22492
21903
21907
32466
21903
22495
32467
32469
21906
21906
21907
21909
21909
21926
21909
21927
22508
21929
21911
21913
21984
21915
21996
21914
29779
21914
21915
29781
21917
29783
21917
32473
21917
22516
32474
32476
21922
21923
21924
21932
21922
21923
21922
21924
21923
21924
21933
21936
21937
21929
21930
21931
21932
21929
21930
32466
21929
21931
21934
21930
21931
32468
21936
32470
21938
21936
21937
21938
21936
21937
21947
21936
21938
22523
21937
21938
21949
22524
21951
22526
21943
21944
21945
21953
21943
21944
21943
21945
21944
21945
21954
21957
21958
21950
21951
21952
21953
21950
21951
21950
21952
21955
21951
21952
21957
21959
21957
21958
21959
21957
21958
21968
21957
21959
22544
21958
21959
21970
22545
21972
22547
21964
21965
21966
21974
21964
21965
21964
21966
21965
21966
21975
21978
21979
21971
21972
21973
21974
21971
21972
21971
21973
21976
21972
21973
21978
21980
21978
21979
21980
21978
21979
21989
21978
21980
22565
21979
21980
21991
22566
21993
22568
21985
21986
21987
21995
21985
21986
21985
21987
29780
21986
21987
21996
29781
21999
22000
29784
21992
21993
21994
21995
21992
21993
21992
21994
21997
21993
21994
21999
22001
21999
22000
22001
21999
22000
32473
21999
22001
22586
22000
22001
22587
32475
32477
22589
22006
22007
22008
22009
32479
22006
22007
22017
22006
22008
22123
32481
22007
22008
22010
22019
22124
32483
22013
22021
22014
22125
32485
22013
22014
22015
32486
22013
22014
22031
22129
22013
22015
22032
22607
22014
22015
22130
22608
32489
22034
22131
32491
22610
32492
22020
22021
22022
22023
22030
22020
22021
22020
22022
22025
22021
22022
22031
22027
22034
22029
22035
22027
22028
22029
22037
22027
22028
22045
22027
22029
22028
22029
22038
22047
22041
22049
22042
22034
22035
22036
22037
22034
22035
22132
22034
22036
22621
22035
22036
22040
22622
22042
22043
22624
22041
22042
22043
22041
22042
22059
22041
22043
22060
22628
22042
22043
22629
22062
22631
22048
22049
22050
22051
22058
22048
22049
22048
22050
22053
22049
22050
22059
22055
22062
22057
22063
22055
22056
22057
22065
22055
22056
22055
22057
22056
22057
22066
22069
22070
22062
22063
22064
22065
22062
22063
22062
22064
22649
22063
22064
22068
22650
22070
22071
22652
22069
22070
22071
22069
22070
22069
22071
22656
22070
22071
22657
22659
22076
22077
22078
22079
22085
22076
22077
33784
22076
22078
22081
22077
22078
22086
33786
22082
22089
33787
22084
22090
22082
22083
22084
22092
32493
22082
22083
22105
32495
22082
22084
32497
22095
22106
32499
22096
22089
22090
22091
22092
22089
22090
22153
33791
22089
22091
22677
33792
22090
22091
22094
22678
33794
22096
22097
22680
22095
22096
22097
32500
22095
22097
22121
22684
32503
22096
22097
22685
22122
32505
22686
32506
22102
22103
22104
22114
22102
22103
22102
22104
22103
22104
22115
22118
22119
22106
22122
22111
22112
22113
22114
22111
22112
32501
22111
22113
22116
22112
22113
22121
32503
22118
22122
32505
22120
22118
22119
22120
22118
22119
22126
22118
22120
22703
22119
22120
22704
22706
22122
22709
22125
22125
22129
22131
22128
32487
22128
22130
32489
22131
32491
22131
22132
22131
22727
22136
22137
22143
29841
22136
22137
29842
33785
22137
22144
33786
29845
22146
29846
33788
22141
22142
22148
29841
22141
22142
29843
33798
22142
22149
33800
29845
22151
29847
33801
22146
22147
32507
22146
22153
33791
22146
22147
22738
32509
33793
32511
33795
22740
32513
22151
22152
32507
22151
33805
22151
22152
22743
32510
33806
32512
33808
22745
32513
22157
22158
22164
29848
22157
22158
29849
33799
22158
22165
33800
29852
22167
29853
33802
22162
22163
22169
29848
22162
22163
29850
33812
22163
22170
33814
29852
22172
29854
33815
22167
22168
32514
22167
33805
22167
22168
22759
32516
33807
32518
33809
22761
32520
22172
22173
32514
22172
33819
22172
22173
22764
32517
33820
32519
33822
22766
32520
22177
22178
22186
22188
29855
22177
22178
29856
33813
22178
22189
33814
22187
29859
22191
29860
33816
22183
22184
22185
22186
22193
29855
22183
22184
29857
22183
22185
22184
22185
22194
22187
29859
22197
29861
22198
22187
22200
22191
22192
22200
32521
22191
33819
22191
22192
22779
32523
33821
32525
33823
22201
22781
32527
22197
22198
22199
22200
32521
22197
22198
22218
22197
22199
22784
32524
22198
22199
22219
22785
32526
22221
22201
22787
32527
22201
22791
22206
22207
22208
22209
32528
22206
22207
22216
32530
22206
22208
22226
22207
22208
22210
22228
32532
22213
22217
32534
22214
22230
22213
22214
22215
32535
22213
22214
22237
22213
22215
22223
22807
32538
22214
22215
22238
22808
22224
32540
22240
22810
32541
22217
22224
22221
22222
32536
22221
22222
22223
32538
22224
32540
22224
22820
22229
22230
22231
22232
22236
22229
22230
22229
22231
22230
22231
22237
22234
22240
22241
22234
22235
22243
32542
22234
22235
22248
32544
32546
22245
22250
32548
22240
22241
22242
22243
22240
22241
22240
22242
22830
22241
22242
22831
22246
22833
22245
22246
32549
22245
22246
22268
22837
32552
22269
32554
22838
32555
22249
22250
22258
22267
22249
22250
22259
22269
22255
22256
22257
22258
22271
22255
22256
22255
22257
22256
22257
22272
22259
22275
22276
22259
22278
22264
22265
22266
22267
22271
22264
22265
32550
22264
22266
22268
32552
22265
22266
22273
22269
32554
22275
22270
22277
22269
22270
22278
22269
22270
22852
22279
22853
22275
22276
22277
22278
22275
22276
22288
22275
22277
22856
22276
22277
22289
22857
22291
22279
22859
22279
22863
22284
22285
22286
22294
22284
22285
22284
22286
22285
22286
22295
22298
22299
22291
22292
22293
22294
22291
22292
22291
22293
22292
22293
22296
22298
22300
22298
22299
22300
22298
22299
22313
22298
22300
22885
22299
22300
22314
22886
22316
22888
22305
22306
22307
22308
22319
22305
22306
22305
22307
22309
29884
22306
22307
22320
29886
22310
22323
22311
22324
29888
22310
22311
22326
22310
22311
22331
22328
22333
22316
22317
22318
22319
22316
22317
22316
22318
22317
22318
22321
22323
22325
22323
22324
22325
22326
22323
22324
32564
22323
22325
22906
22324
22325
22327
22907
32565
22328
32567
22329
22909
22328
22329
22328
22329
22340
22913
22341
22914
22332
22333
22334
22339
29883
22332
22333
29884
22337
29887
22341
29888
22337
22338
22343
32556
22337
22338
22349
32558
22338
22344
22351
32560
22346
22353
32562
22341
22342
22343
32563
22341
22342
22935
32565
32567
22347
22936
32569
22346
22347
32570
22346
22356
22346
22347
22357
22939
32573
22359
32575
22941
32576
22352
22353
22354
22355
32577
22352
22353
22352
22354
32578
22353
22354
22356
32581
22359
22360
32582
22359
22360
22361
32584
22359
22360
22359
22361
22953
22360
22361
22954
32586
32588
22956
32590
22364
32578
22364
22365
32580
22367
32582
22367
22374
32585
22367
22966
32586
32588
22371
22372
22380
32591
22371
22372
22386
32593
22372
22381
22388
32595
22383
22390
32597
22377
22378
22379
32598
22377
22378
22377
22379
22378
22379
32600
32602
32604
22383
22384
32598
22383
22393
22383
22384
22394
22973
32601
22396
32603
22975
32604
22389
22390
22391
22392
22389
22390
22389
22391
22390
22391
22393
22396
22397
22396
22397
22398
22396
22397
22396
22398
22990
22397
22398
22408
22991
22409
22993
22403
22404
22405
22410
22403
22404
22403
22405
22406
22404
22405
22411
22414
22407
22415
22407
22420
22418
22424
22409
22412
22414
22414
22415
22416
22414
22415
22414
22416
23004
22415
22416
22417
23005
22418
23007
22418
22428
23010
22430
22423
22424
22425
22426
22423
22424
22423
22425
22424
22425
22427
22430
22431
22430
22431
22432
22430
22431
22430
22432
23024
22431
22432
22445
23025
22446
23027
22437
22438
22439
22440
22447
22437
22438
22437
22439
22441
22438
22439
22448
22443
22451
22444
22452
22443
22444
22454
22443
22444
32606
22444
22455
32608
22457
32610
22446
22449
22451
22451
22452
22453
22454
22451
22452
22451
22453
23038
22452
22453
22456
23039
22457
22458
23041
22457
22458
22457
32613
22457
22458
23045
32614
32616
23047
22461
22462
22463
22477
22461
22462
22464
22467
22468
22479
22467
22468
22469
22481
22467
22468
22489
22467
22469
22468
22469
22482
22491
22485
22493
22486
22474
22475
22476
22477
22474
22475
32613
22474
22476
22475
22476
32615
32617
22480
22479
22480
22481
22479
22480
22483
23064
22485
22487
23065
22485
22486
22487
22485
22486
22499
22485
22487
22500
23068
22486
22487
23069
22502
23071
22492
22493
22494
22498
22492
22493
22492
22494
22495
22493
22494
22499
22502
22497
22503
22497
32620
22497
22505
22509
32622
22507
32624
22502
22503
22504
22502
22503
22502
22504
23093
22503
22504
22506
23094
22507
23096
22507
22511
32627
22507
23099
32628
32630
22510
22510
22511
22513
22513
22530
22513
22531
23112
22533
22515
22517
22588
22519
22600
22518
29919
22518
22519
29921
22521
29923
22521
32634
22521
23120
32635
32637
22526
22527
22528
22536
22526
22527
22526
22528
22527
22528
22537
22540
22541
22533
22534
22535
22536
22533
22534
32627
22533
22535
22538
22534
22535
32629
22540
32631
22542
22540
22541
22542
22540
22541
22551
22540
22542
23127
22541
22542
22553
23128
22555
23130
22547
22548
22549
22557
22547
22548
22547
22549
22548
22549
22558
22561
22562
22554
22555
22556
22557
22554
22555
22554
22556
22559
22555
22556
22561
22563
22561
22562
22563
22561
22562
22572
22561
22563
23148
22562
22563
22574
23149
22576
23151
22568
22569
22570
22578
22568
22569
22568
22570
22569
22570
22579
22582
22583
22575
22576
22577
22578
22575
22576
22575
22577
22580
22576
22577
22582
22584
22582
22583
22584
22582
22583
22593
22582
22584
23169
22583
22584
22595
23170
22597
23172
22589
22590
22591
22599
22589
22590
22589
22591
29920
22590
22591
22600
29921
22603
22604
29924
22596
22597
22598
22599
22596
22597
22596
22598
22601
22597
22598
22603
22605
22603
22604
22605
22603
22604
32634
22603
22605
23190
22604
22605
23191
32636
32638
23193
22610
22611
22612
22613
32640
22610
22611
22621
22610
22612
22727
32642
22611
22612
22614
22623
22728
32644
22617
22625
22618
22729
32646
22617
22618
22619
32647
22617
22618
22635
22733
22617
22619
22636
23211
22618
22619
22734
23212
32650
22638
22735
32652
23214
32653
22624
22625
22626
22627
22634
22624
22625
22624
22626
22629
22625
22626
22635
22631
22638
22633
22639
22631
22632
22633
22641
22631
22632
22649
22631
22633
22632
22633
22642
22651
22645
22653
22646
22638
22639
22640
22641
22638
22639
22736
22638
22640
23225
22639
22640
22644
23226
22646
22647
23228
22645
22646
22647
22645
22646
22663
22645
22647
22664
23232
22646
22647
23233
22666
23235
22652
22653
22654
22655
22662
22652
22653
22652
22654
22657
22653
22654
22663
22659
22666
22661
22667
22659
22660
22661
22669
22659
22660
22659
22661
22660
22661
22670
22673
22674
22666
22667
22668
22669
22666
22667
22666
22668
23253
22667
22668
22672
23254
22674
22675
23256
22673
22674
22675
22673
22674
22673
22675
23260
22674
22675
23261
23263
22680
22681
22682
22683
22689
22680
22681
33826
22680
22682
22685
22681
22682
22690
33828
22686
22693
33829
22688
22694
22686
22687
22688
22696
32654
22686
22687
22709
32656
22686
22688
32658
22699
22710
32660
22700
22693
22694
22695
22696
22693
22694
22757
33833
22693
22695
23295
33834
22694
22695
22698
23296
33836
22700
22701
23298
22699
22700
22701
32661
22699
22701
22725
23302
32664
22700
22701
23303
22726
32666
23304
32667
22706
22707
22708
22718
22706
22707
22706
22708
22707
22708
22719
22722
22723
22710
22726
22715
22716
22717
22718
22715
22716
32662
22715
22717
22720
22716
22717
22725
32664
22722
22726
32666
22724
22722
22723
22724
22722
22723
22730
22722
22724
23321
22723
22724
23322
23324
22726
23327
22729
22729
22733
22735
22732
32648
22732
22734
32650
22735
32652
22735
22736
22735
23345
22740
22741
22747
29981
22740
22741
29982
33827
22741
22748
33828
29985
22750
29986
33830
22745
22746
22752
29981
22745
22746
29983
33840
22746
22753
33842
29985
22755
29987
33843
22750
22751
32668
22750
22757
33833
22750
22751
23362
32670
33835
32672
33837
23364
32674
22755
22756
32668
22755
33847
22755
22756
23367
32671
33848
32673
33850
23369
32674
22761
22762
22768
29988
22761
22762
29989
33841
22762
22769
33842
29992
22771
29993
33844
22766
22767
22773
29988
22766
22767
29990
33854
22767
22774
33856
29992
22776
29994
33857
22771
22772
32675
22771
33847
22771
22772
23383
32677
33849
32679
33851
23385
32681
22776
22777
32675
22776
33861
22776
22777
23388
32678
33862
32680
33864
23390
32681
22781
22782
22790
22792
29995
22781
22782
29996
33855
22782
22793
33856
22791
29999
22795
30000
33858
22787
22788
22789
22790
22797
29995
22787
22788
29997
22787
22789
22788
22789
22798
22791
29999
22801
30001
22802
22791
22804
22795
22796
22804
32682
22795
33861
22795
22796
23403
32684
33863
32686
33865
22805
23405
32688
22801
22802
22803
22804
32682
22801
22802
22822
22801
22803
23408
32685
22802
22803
22823
23409
32687
22825
22805
23411
32688
22805
23415
22810
22811
22812
22813
32689
22810
22811
22820
32691
22810
22812
22830
22811
22812
22814
22832
32693
22817
22821
32695
22818
22834
22817
22818
22819
32696
22817
22818
22841
22817
22819
22827
23431
32699
22818
22819
22842
23432
22828
32701
22844
23434
32702
22821
22828
22825
22826
32697
22825
22826
22827
32699
22828
32701
22828
23444
22833
22834
22835
22836
22840
22833
22834
22833
22835
22834
22835
22841
22838
22844
22845
22838
22839
22847
32703
22838
22839
22852
32705
32707
22849
22854
32709
22844
22845
22846
22847
22844
22845
22844
22846
23454
22845
22846
23455
22850
23457
22849
22850
32710
22849
22850
22872
23461
32713
22873
32715
23462
32716
22853
22854
22862
22871
22853
22854
22863
22873
22859
22860
22861
22862
22875
22859
22860
22859
22861
22860
22861
22876
22863
22879
22880
22863
22882
22868
22869
22870
22871
22875
22868
22869
32711
22868
22870
22872
32713
22869
22870
22877
22873
32715
22879
22874
22881
22873
22874
22882
22873
22874
23476
22883
23477
22879
22880
22881
22882
22879
22880
22892
22879
22881
23480
22880
22881
22893
23481
22895
22883
23483
22883
23487
22888
22889
22890
22898
22888
22889
22888
22890
22889
22890
22899
22902
22903
22895
22896
22897
22898
22895
22896
22895
22897
22896
22897
22900
22902
22904
22902
22903
22904
22902
22903
22917
22902
22904
23509
22903
22904
22918
23510
22920
23512
22909
22910
22911
22912
22923
22909
22910
22909
22911
22913
30024
22910
22911
22924
30026
22914
22927
22915
22928
30028
22914
22915
22930
22914
22915
22935
22932
22937
22920
22921
22922
22923
22920
22921
22920
22922
22921
22922
22925
22927
22929
22927
22928
22929
22930
22927
22928
32725
22927
22929
23530
22928
22929
22931
23531
32726
22932
32728
22933
23533
22932
22933
22932
22933
22944
23537
22945
23538
22936
22937
22938
22943
30023
22936
22937
30024
22941
30027
22945
30028
22941
22942
22947
32717
22941
22942
22953
32719
22942
22948
22955
32721
22950
22957
32723
22945
22946
22947
32724
22945
22946
23559
32726
32728
22951
23560
32730
22950
22951
32731
22950
22960
22950
22951
22961
23563
32734
22963
32736
23565
32737
22956
22957
22958
22959
32738
22956
22957
22956
22958
32739
22957
22958
22960
32742
22963
22964
32743
22963
22964
22965
32745
22963
22964
22963
22965
23577
22964
22965
23578
32747
32749
23580
32751
22968
32739
22968
22969
32741
22971
32743
22971
22978
32746
22971
23590
32747
32749
22975
22976
22984
32752
22975
22976
22990
32754
22976
22985
22992
32756
22987
22994
32758
22981
22982
22983
32759
22981
22982
22981
22983
22982
22983
32761
32763
32765
22987
22988
32759
22987
22997
22987
22988
22998
23597
32762
23000
32764
23599
32765
22993
22994
22995
22996
22993
22994
22993
22995
22994
22995
22997
23000
23001
23000
23001
23002
23000
23001
23000
23002
23614
23001
23002
23012
23615
23013
23617
23007
23008
23009
23014
23007
23008
23007
23009
23010
23008
23009
23015
23018
23011
23019
23011
23024
23022
23028
23013
23016
23018
23018
23019
23020
23018
23019
23018
23020
23628
23019
23020
23021
23629
23022
23631
23022
23032
23634
23034
23027
23028
23029
23030
23027
23028
23027
23029
23028
23029
23031
23034
23035
23034
23035
23036
23034
23035
23034
23036
23648
23035
23036
23049
23649
23050
23651
23041
23042
23043
23044
23051
23041
23042
23041
23043
23045
23042
23043
23052
23047
23055
23048
23056
23047
23048
23058
23047
23048
32767
23048
23059
32769
23061
32771
23050
23053
23055
23055
23056
23057
23058
23055
23056
23055
23057
23662
23056
23057
23060
23663
23061
23062
23665
23061
23062
23061
32774
23061
23062
23669
32775
32777
23671
23065
23066
23067
23081
23065
23066
23068
23071
23072
23083
23071
23072
23073
23085
23071
23072
23093
23071
23073
23072
23073
23086
23095
23089
23097
23090
23078
23079
23080
23081
23078
23079
32774
23078
23080
23079
23080
32776
32778
23084
23083
23084
23085
23083
23084
23087
23688
23089
23091
23689
23089
23090
23091
23089
23090
23103
23089
23091
23104
23692
23090
23091
23693
23106
23695
23096
23097
23098
23102
23096
23097
23096
23098
23099
23097
23098
23103
23106
23101
23107
23101
32781
23101
23109
23113
32783
23111
32785
23106
23107
23108
23106
23107
23106
23108
23717
23107
23108
23110
23718
23111
23720
23111
23115
32788
23111
23723
32789
32791
23114
23114
23115
23117
23117
23134
23117
23135
23736
23137
23119
23121
23192
23123
23204
23122
30059
23122
23123
30061
23125
30063
23125
32795
23125
23744
32796
32798
23130
23131
23132
23140
23130
23131
23130
23132
23131
23132
23141
23144
23145
23137
23138
23139
23140
23137
23138
32788
23137
23139
23142
23138
23139
32790
23144
32792
23146
23144
23145
23146
23144
23145
23155
23144
23146
23751
23145
23146
23157
23752
23159
23754
23151
23152
23153
23161
23151
23152
23151
23153
23152
23153
23162
23165
23166
23158
23159
23160
23161
23158
23159
23158
23160
23163
23159
23160
23165
23167
23165
23166
23167
23165
23166
23176
23165
23167
23772
23166
23167
23178
23773
23180
23775
23172
23173
23174
23182
23172
23173
23172
23174
23173
23174
23183
23186
23187
23179
23180
23181
23182
23179
23180
23179
23181
23184
23180
23181
23186
23188
23186
23187
23188
23186
23187
23197
23186
23188
23793
23187
23188
23199
23794
23201
23796
23193
23194
23195
23203
23193
23194
23193
23195
30060
23194
23195
23204
30061
23207
23208
30064
23200
23201
23202
23203
23200
23201
23200
23202
23205
23201
23202
23207
23209
23207
23208
23209
23207
23208
32795
23207
23209
23814
23208
23209
23815
32797
32799
23817
23214
23215
23216
23217
32801
23214
23215
23225
23214
23216
23345
32803
23215
23216
23218
23227
23346
32805
23221
23229
23222
23347
32807
23221
23222
23223
32808
23221
23222
23239
23351
23221
23223
23240
23835
23222
23223
23352
23836
32811
23242
23353
32813
23838
32814
23228
23229
23230
23231
23238
23228
23229
23228
23230
23233
23229
23230
23239
23235
23242
23237
23243
23235
23236
23237
23245
23235
23236
23253
23235
23237
23236
23237
23246
23255
23249
23257
23250
23242
23243
23244
23245
23242
23243
23354
23242
23244
23849
23243
23244
23248
23850
23250
23251
23852
23249
23250
23251
23249
23250
23267
23249
23251
23268
23856
23250
23251
23857
23270
23859
23256
23257
23258
23259
23266
23256
23257
23256
23258
23261
23257
23258
23267
23263
23270
23265
23271
23263
23264
23265
23273
23263
23264
23281
23263
23265
23264
23265
23274
23283
23277
23285
23278
23270
23271
23272
23273
23270
23271
23270
23272
23877
23271
23272
23276
23878
23278
23279
23880
23277
23278
23279
23277
23278
23288
23277
23279
23289
23884
23278
23279
23885
23291
23887
23284
23285
23286
23287
23284
23285
23284
23286
23285
23286
23288
23291
23292
23291
23292
23293
32815
23291
23292
23355
23291
23293
23905
23292
23293
23356
23906
32818
23357
32820
23908
32821
23298
23299
23300
23301
23307
23298
23299
33868
23298
23300
23303
23299
23300
23308
33870
23304
23311
33871
23306
23312
23304
23305
23306
23314
32822
23304
23305
23327
32824
23304
23306
32826
23317
23328
32828
23318
23311
23312
23313
23314
23311
23312
23381
33875
23311
23313
23919
33876
23312
23313
23316
23920
33878
23318
23319
23922
23317
23318
23319
32829
23317
23319
23343
23926
32832
23318
23319
23927
23344
32834
23928
32835
23324
23325
23326
23336
23324
23325
23324
23326
23325
23326
23337
23340
23341
23328
23344
23333
23334
23335
23336
23333
23334
32830
23333
23335
23338
23334
23335
23343
32832
23340
23344
32834
23342
23340
23341
23342
23340
23341
23348
23340
23342
23945
23341
23342
23946
23948
23344
23951
23347
23347
23351
23353
23350
32809
23350
23352
32811
23353
32813
23353
23354
23353
23969
23357
23357
23359
23360
23360
32816
23360
23979
32818
32820
23364
23365
23371
30128
23364
23365
30129
33869
23365
23372
33870
30132
23374
30133
33872
23369
23370
23376
30128
23369
23370
30130
33882
23370
23377
33884
30132
23379
30134
33885
23374
23375
32836
23374
23381
33875
23374
23375
23989
32838
33877
32840
33879
23991
32842
23379
23380
32836
23379
33889
23379
23380
23994
32839
33890
32841
33892
23996
32842
23385
23386
23392
30135
23385
23386
30136
33883
23386
23393
33884
30139
23395
30140
33886
23390
23391
23397
30135
23390
23391
30137
33896
23391
23398
33898
30139
23400
30141
33899
23395
23396
32843
23395
33889
23395
23396
24010
32845
33891
32847
33893
24012
32849
23400
23401
32843
23400
33903
23400
23401
24015
32846
33904
32848
33906
24017
32849
23405
23406
23414
23416
30142
23405
23406
30143
33897
23406
23417
33898
23415
30146
23419
30147
33900
23411
23412
23413
23414
23421
30142
23411
23412
30144
23411
23413
23412
23413
23422
23415
30146
23425
30148
23426
23415
23428
23419
23420
23428
32850
23419
33903
23419
23420
24030
32852
33905
32854
33907
23429
24032
32856
23425
23426
23427
23428
32850
23425
23426
23446
23425
23427
24035
32853
23426
23427
23447
24036
32855
23449
23429
24038
32856
23429
24042
23434
23435
23436
23437
32857
23434
23435
23444
32859
23434
23436
23454
23435
23436
23438
23456
32861
23441
23445
32863
23442
23458
23441
23442
23443
32864
23441
23442
23465
23441
23443
23451
24058
32867
23442
23443
23466
24059
23452
32869
23468
24061
32870
23445
23452
23449
23450
32865
23449
23450
23451
32867
23452
32869
23452
24071
23457
23458
23459
23460
23464
23457
23458
23457
23459
23458
23459
23465
23462
23468
23469
23462
23463
23471
32871
23462
23463
23476
32873
32875
23473
23478
32877
23468
23469
23470
23471
23468
23469
23468
23470
24081
23469
23470
24082
23474
24084
23473
23474
32878
23473
23474
23496
24088
32881
23497
32883
24089
32884
23477
23478
23486
23495
23477
23478
23487
23497
23483
23484
23485
23486
23499
23483
23484
23483
23485
23484
23485
23500
23487
23503
23504
23487
23506
23492
23493
23494
23495
23499
23492
23493
32879
23492
23494
23496
32881
23493
23494
23501
23497
32883
23503
23498
23505
23497
23498
23506
23497
23498
24103
23507
24104
23503
23504
23505
23506
23503
23504
23516
23503
23505
24107
23504
23505
23517
24108
23519
23507
24110
23507
24114
23512
23513
23514
23522
23512
23513
23512
23514
23513
23514
23523
23526
23527
23519
23520
23521
23522
23519
23520
23519
23521
23520
23521
23524
23526
23528
23526
23527
23528
23526
23527
23541
23526
23528
24136
23527
23528
23542
24137
23544
24139
23533
23534
23535
23536
23547
23533
23534
23533
23535
23537
30171
23534
23535
23548
30173
23538
23551
23539
23552
30175
23538
23539
23554
23538
23539
23559
23556
23561
23544
23545
23546
23547
23544
23545
23544
23546
23545
23546
23549
23551
23553
23551
23552
23553
23554
23551
23552
32893
23551
23553
24157
23552
23553
23555
24158
32894
23556
32896
23557
24160
23556
23557
23556
23557
23568
24164
23569
24165
23560
23561
23562
23567
30170
23560
23561
30171
23565
30174
23569
30175
23565
23566
23571
32885
23565
23566
23577
32887
23566
23572
23579
32889
23574
23581
32891
23569
23570
23571
32892
23569
23570
24186
32894
32896
23575
24187
32898
23574
23575
32899
23574
23584
23574
23575
23585
24190
32902
23587
32904
24192
32905
23580
23581
23582
23583
32906
23580
23581
23580
23582
32907
23581
23582
23584
32910
23587
23588
32911
23587
23588
23589
32913
23587
23588
23587
23589
24204
23588
23589
24205
32915
32917
24207
32919
23592
32907
23592
23593
32909
23595
32911
23595
23602
32914
23595
24217
32915
32917
23599
23600
23608
32920
23599
23600
23614
32922
23600
23609
23616
32924
23611
23618
32926
23605
23606
23607
32927
23605
23606
23605
23607
23606
23607
32929
32931
32933
23611
23612
32927
23611
23621
23611
23612
23622
24224
32930
23624
32932
24226
32933
23617
23618
23619
23620
23617
23618
23617
23619
23618
23619
23621
23624
23625
23624
23625
23626
23624
23625
23624
23626
24241
23625
23626
23636
24242
23637
24244
23631
23632
23633
23638
23631
23632
23631
23633
23634
23632
23633
23639
23642
23635
23643
23635
23648
23646
23652
23637
23640
23642
23642
23643
23644
23642
23643
23642
23644
24255
23643
23644
23645
24256
23646
24258
23646
23656
24261
23658
23651
23652
23653
23654
23651
23652
23651
23653
23652
23653
23655
23658
23659
23658
23659
23660
23658
23659
23658
23660
24275
23659
23660
23673
24276
23674
24278
23665
23666
23667
23668
23675
23665
23666
23665
23667
23669
23666
23667
23676
23671
23679
23672
23680
23671
23672
23682
23671
23672
32935
23672
23683
32937
23685
32939
23674
23677
23679
23679
23680
23681
23682
23679
23680
23679
23681
24289
23680
23681
23684
24290
23685
23686
24292
23685
23686
23685
32942
23685
23686
24296
32943
32945
24298
23689
23690
23691
23705
23689
23690
23692
23695
23696
23707
23695
23696
23697
23709
23695
23696
23717
23695
23697
23696
23697
23710
23719
23713
23721
23714
23702
23703
23704
23705
23702
23703
32942
23702
23704
23703
23704
32944
32946
23708
23707
23708
23709
23707
23708
23711
24315
23713
23715
24316
23713
23714
23715
23713
23714
23727
23713
23715
23728
24319
23714
23715
24320
23730
24322
23720
23721
23722
23726
23720
23721
23720
23722
23723
23721
23722
23727
23730
23725
23731
23725
32949
23725
23733
23737
32951
23735
32953
23730
23731
23732
23730
23731
23730
23732
24344
23731
23732
23734
24345
23735
24347
23735
23739
32956
23735
24350
32957
32959
23738
23738
23739
23741
23741
23758
23741
23759
24363
23761
23743
23745
23816
23747
23828
23746
30206
23746
23747
30208
23749
30210
23749
32963
23749
32964
32966
23754
23755
23756
23764
23754
23755
23754
23756
23755
23756
23765
23768
23769
23761
23762
23763
23764
23761
23762
32956
23761
23763
23766
23762
23763
32958
23768
32960
23770
23768
23769
23770
23768
23769
23779
23768
23770
24370
23769
23770
23781
24371
23783
24373
23775
23776
23777
23785
23775
23776
23775
23777
23776
23777
23786
23789
23790
23782
23783
23784
23785
23782
23783
23782
23784
23787
23783
23784
23789
23791
23789
23790
23791
23789
23790
23800
23789
23791
24391
23790
23791
23802
24392
23804
24394
23796
23797
23798
23806
23796
23797
23796
23798
23797
23798
23807
23810
23811
23803
23804
23805
23806
23803
23804
23803
23805
23808
23804
23805
23810
23812
23810
23811
23812
23810
23811
23821
23810
23812
24412
23811
23812
23823
24413
23825
24415
23817
23818
23819
23827
23817
23818
23817
23819
30207
23818
23819
23828
30208
23831
23832
30211
23824
23825
23826
23827
23824
23825
23824
23826
23829
23825
23826
23831
23833
23831
23832
23833
23831
23832
32963
23831
23833
23832
23833
32965
32967
23838
23839
23840
23841
32969
23838
23839
23849
23838
23840
23969
32971
23839
23840
23842
23851
23970
32973
23845
23853
23846
23971
32975
23845
23846
23847
32976
23845
23846
23863
23975
23845
23847
23864
24440
23846
23847
23976
24441
32979
23866
23977
32981
24443
32982
23852
23853
23854
23855
23862
23852
23853
23852
23854
23857
23853
23854
23863
23859
23866
23861
23867
23859
23860
23861
23869
23859
23860
23877
23859
23861
23860
23861
23870
23879
23873
23881
23874
23866
23867
23868
23869
23866
23867
23978
23866
23868
24454
23867
23868
23872
24455
23874
23875
24457
23873
23874
23875
23873
23874
23891
23873
23875
23892
24461
23874
23875
24462
23894
24464
23880
23881
23882
23883
23890
23880
23881
23880
23882
23885
23881
23882
23891
23887
23894
23889
23895
23887
23888
23889
23897
23887
23888
23905
23887
23889
23888
23889
23898
23907
23901
23909
23902
23894
23895
23896
23897
23894
23895
23894
23896
24482
23895
23896
23900
24483
23902
23903
24485
23901
23902
23903
23901
23902
23912
23901
23903
23913
24489
23902
23903
24490
23915
24492
23908
23909
23910
23911
32983
23908
23909
23908
23910
32985
23909
23910
23912
32987
23915
23916
32989
23915
23916
23917
32990
23915
23916
23982
23915
23917
24510
23916
23917
23983
24511
32993
23984
32995
24513
32996
23922
23923
23924
23925
23931
23922
23923
33910
23922
23924
23927
23923
23924
23932
33912
23928
23935
33913
23930
23936
23928
23929
23930
23938
32997
23928
23929
23951
32999
23928
23930
33001
23941
23952
33003
23942
23935
23936
23937
23938
23935
23936
24008
33917
23935
23937
24524
33918
23936
23937
23940
24525
33920
23942
23943
24527
23941
23942
23943
33004
23941
23943
23967
24531
33007
23942
23943
24532
23968
33009
24533
33010
23948
23949
23950
23960
23948
23949
23948
23950
23949
23950
23961
23964
23965
23952
23968
23957
23958
23959
23960
23957
23958
33005
23957
23959
23962
23958
23959
23967
33007
23964
23968
33009
23966
23964
23965
23966
23964
23965
23972
23964
23966
24550
23965
23966
24551
24553
23968
24556
23971
23971
23975
23977
23974
32977
23974
23976
32979
23977
32981
23977
23978
23977
24574
23981
32985
23981
23985
32986
23987
32989
23984
23984
23986
23987
23987
32991
23987
24584
32993
32995
23991
23992
23998
30275
23991
23992
30276
33911
23992
23999
33912
30279
24001
30280
33914
23996
23997
24003
30275
23996
23997
30277
33924
23997
24004
33926
30279
24006
30281
33927
24001
24002
33011
24001
24008
33917
24001
24002
24595
33013
33919
33015
33921
24597
33017
24006
24007
33011
24006
33931
24006
24007
24600
33014
33932
33016
33934
24602
33017
24012
24013
24019
30282
24012
24013
30283
33925
24013
24020
33926
30286
24022
30287
33928
24017
24018
24024
30282
24017
24018
30284
33938
24018
24025
33940
30286
24027
30288
33941
24022
24023
33018
24022
33931
24022
24023
24616
33020
33933
33022
33935
24618
33024
24027
24028
33018
24027
33945
24027
24028
24621
33021
33946
33023
33948
24623
33024
24032
24033
24041
24043
30289
24032
24033
30290
33939
24033
24044
33940
24042
30293
24046
30294
33942
24038
24039
24040
24041
24048
30289
24038
24039
30291
24038
24040
24039
24040
24049
24042
30293
24052
30295
24053
24042
24055
24046
24047
24055
33025
24046
33945
24046
24047
24636
33027
33947
33029
33949
24056
24638
33031
24052
24053
24054
24055
33025
24052
24053
24073
24052
24054
24641
33028
24053
24054
24074
24642
33030
24076
24056
24644
33031
24056
24648
24061
24062
24063
24064
33032
24061
24062
24071
33034
24061
24063
24081
24062
24063
24065
24083
33036
24068
24072
33038
24069
24085
24068
24069
24070
33039
24068
24069
24092
24068
24070
24078
24664
33042
24069
24070
24093
24665
24079
33044
24095
24667
33045
24072
24079
24076
24077
33040
24076
24077
24078
33042
24079
33044
24079
24677
24084
24085
24086
24087
24091
24084
24085
24084
24086
24085
24086
24092
24089
24095
24096
24089
24090
24098
33046
24089
24090
24103
33048
33050
24100
24105
33052
24095
24096
24097
24098
24095
24096
24095
24097
24687
24096
24097
24688
24101
24690
24100
24101
33053
24100
24101
24123
24694
33056
24124
33058
24695
33059
24104
24105
24113
24122
24104
24105
24114
24124
24110
24111
24112
24113
24126
24110
24111
24110
24112
24111
24112
24127
24114
24130
24131
24114
24133
24119
24120
24121
24122
24126
24119
24120
33054
24119
24121
24123
33056
24120
24121
24128
24124
33058
24130
24125
24132
24124
24125
24133
24124
24125
24709
24134
24710
24130
24131
24132
24133
24130
24131
24143
24130
24132
24713
24131
24132
24144
24714
24146
24134
24716
24134
24720
24139
24140
24141
24149
24139
24140
24139
24141
24140
24141
24150
24153
24154
24146
24147
24148
24149
24146
24147
24146
24148
24147
24148
24151
24153
24155
24153
24154
24155
24153
24154
24168
24153
24155
24742
24154
24155
24169
24743
24171
24745
24160
24161
24162
24163
24174
24160
24161
24160
24162
24164
30318
24161
24162
24175
30320
24165
24178
24166
24179
30322
24165
24166
24181
24165
24166
24186
24183
24188
24171
24172
24173
24174
24171
24172
24171
24173
24172
24173
24176
24178
24180
24178
24179
24180
24181
24178
24179
33068
24178
24180
24763
24179
24180
24182
24764
33069
24183
33071
24184
24766
24183
24184
24183
24184
24195
24770
24196
24771
24187
24188
24189
24194
30317
24187
24188
30318
24192
30321
24196
30322
24192
24193
24198
33060
24192
24193
24204
33062
24193
24199
24206
33064
24201
24208
33066
24196
24197
24198
33067
24196
24197
24792
33069
33071
24202
24793
33073
24201
24202
33074
24201
24211
24201
24202
24212
24796
33077
24214
33079
24798
33080
24207
24208
24209
24210
33081
24207
24208
24207
24209
33082
24208
24209
24211
33085
24214
24215
33086
24214
24215
24216
33088
24214
24215
24214
24216
24810
24215
24216
24811
33090
33092
24813
33094
24219
33082
24219
24220
33084
24222
33086
24222
24229
33089
24222
24823
33090
33092
24226
24227
24235
33095
24226
24227
24241
33097
24227
24236
24243
33099
24238
24245
33101
24232
24233
24234
33102
24232
24233
24232
24234
24233
24234
33104
33106
33108
24238
24239
33102
24238
24248
24238
24239
24249
24830
33105
24251
33107
24832
33108
24244
24245
24246
24247
24244
24245
24244
24246
24245
24246
24248
24251
24252
24251
24252
24253
24251
24252
24251
24253
24847
24252
24253
24263
24848
24264
24850
24258
24259
24260
24265
24258
24259
24258
24260
24261
24259
24260
24266
24269
24262
24270
24262
24275
24273
24279
24264
24267
24269
24269
24270
24271
24269
24270
24269
24271
24861
24270
24271
24272
24862
24273
24864
24273
24283
24867
24285
24278
24279
24280
24281
24278
24279
24278
24280
24279
24280
24282
24285
24286
24285
24286
24287
24285
24286
24285
24287
24881
24286
24287
24300
24882
24301
24884
24292
24293
24294
24295
24302
24292
24293
24292
24294
24296
24293
24294
24303
24298
24306
24299
24307
24298
24299
24309
24298
24299
33110
24299
24310
33112
24312
33114
24301
24304
24306
24306
24307
24308
24309
24306
24307
24306
24308
24895
24307
24308
24311
24896
24312
24313
24898
24312
24313
24312
33117
24312
24313
24902
33118
33120
24904
24316
24317
24318
24332
24316
24317
24319
24322
24323
24334
24322
24323
24324
24336
24322
24323
24344
24322
24324
24323
24324
24337
24346
24340
24348
24341
24329
24330
24331
24332
24329
24330
33117
24329
24331
24330
24331
33119
33121
24335
24334
24335
24336
24334
24335
24338
24921
24340
24342
24922
24340
24341
24342
24340
24341
24354
24340
24342
24355
24925
24341
24342
24926
24357
24928
24347
24348
24349
24353
24347
24348
24347
24349
24350
24348
24349
24354
24357
24352
24358
24352
33124
24352
24360
24364
33126
24362
33128
24357
24358
24359
24357
24358
24357
24359
24950
24358
24359
24361
24951
24362
24953
24362
24366
33131
24362
24956
33132
33134
24365
24365
24366
24368
24368
24377
24368
24378
24969
24380
24373
24374
24375
24383
24373
24374
24373
24375
24374
24375
24384
24387
24388
24380
24381
24382
24383
24380
24381
33131
24380
24382
24385
24381
24382
33133
24387
33135
24389
24387
24388
24389
24387
24388
24398
24387
24389
24976
24388
24389
24400
24977
24402
24979
24394
24395
24396
24404
24394
24395
24394
24396
24395
24396
24405
24408
24409
24401
24402
24403
24404
24401
24402
24401
24403
24406
24402
24403
24408
24410
24408
24409
24410
24408
24409
24419
24408
24410
24997
24409
24410
24421
24998
24423
25000
24415
24416
24417
24425
24415
24416
24415
24417
24416
24417
24426
24429
24430
24422
24423
24424
24425
24422
24423
24422
24424
24427
24423
24424
24429
24431
24429
24430
24431
24429
24430
24433
24429
24431
25018
24430
24431
24435
25019
24437
25021
24436
24437
24438
24436
24437
24436
24438
24437
24438
24443
24444
24445
24446
33137
24443
24444
24454
24443
24445
24574
33139
24444
24445
24447
24456
24575
33141
24450
24458
24451
24576
33143
24450
24451
24452
33144
24450
24451
24468
24580
24450
24452
24469
25046
24451
24452
24581
25047
33147
24471
24582
33149
25049
33150
24457
24458
24459
24460
24467
24457
24458
24457
24459
24462
24458
24459
24468
24464
24471
24466
24472
24464
24465
24466
24474
24464
24465
24482
24464
24466
24465
24466
24475
24484
24478
24486
24479
24471
24472
24473
24474
24471
24472
24583
24471
24473
25060
24472
24473
24477
25061
24479
24480
25063
24478
24479
24480
24478
24479
24496
24478
24480
24497
25067
24479
24480
25068
24499
25070
24485
24486
24487
24488
24495
24485
24486
24485
24487
24490
24486
24487
24496
24492
24499
24494
24500
24492
24493
24494
24502
24492
24493
24510
24492
24494
24493
24494
24503
24512
24506
24514
24507
24499
24500
24501
24502
24499
24500
24499
24501
25088
24500
24501
24505
25089
24507
24508
25091
24506
24507
24508
24506
24507
24517
24506
24508
24518
25095
24507
24508
25096
24520
25098
24513
24514
24515
24516
33151
24513
24514
24513
24515
33153
24514
24515
24517
33155
24520
24521
33157
24520
24521
24522
33158
24520
24521
24587
24520
24522
25116
24521
24522
24588
25117
33161
24589
33163
25119
33164
24527
24528
24529
24530
24536
24527
24528
33952
24527
24529
24532
24528
24529
24537
33954
24533
24540
33955
24535
24541
24533
24534
24535
24543
33168
24533
24534
24556
33170
24533
24535
33172
24546
24557
33174
24547
24540
24541
24542
24543
24540
24541
24614
33959
24540
24542
25130
33960
24541
24542
24545
25131
33962
24547
24548
25133
24546
24547
24548
33175
24546
24548
24572
25137
33178
24547
24548
25138
24573
33180
25139
33181
24553
24554
24555
24565
24553
24554
24553
24555
24554
24555
24566
24569
24570
24557
24573
24562
24563
24564
24565
24562
24563
33176
24562
24564
24567
24563
24564
24572
33178
24569
24573
33180
24571
24569
24570
24571
24569
24570
24577
24569
24571
25156
24570
24571
25157
25159
24573
25162
24576
24576
24580
24582
24579
33145
24579
24581
33147
24582
33149
24582
24583
24582
25180
24586
33153
24586
24590
33154
24592
33157
24589
24589
24591
24592
24592
24593
33159
24592
25190
33161
33163
33165
24597
24598
24604
30415
24597
24598
30416
33953
24598
24605
33954
30419
24607
30420
33956
24602
24603
24609
30415
24602
24603
30417
33966
24603
24610
33968
30419
24612
30421
33969
24607
24608
33182
24607
24614
33959
24607
24608
25219
33184
33961
33186
33963
25221
33188
24612
24613
33182
24612
33973
24612
24613
25224
33185
33974
33187
33976
25226
33188
24618
24619
24625
30422
24618
24619
30423
33967
24619
24626
33968
30426
24628
30427
33970
24623
24624
24630
30422
24623
24624
30424
33980
24624
24631
33982
30426
24633
30428
33983
24628
24629
33189
24628
33973
24628
24629
25240
33191
33975
33193
33977
25242
33195
24633
24634
33189
24633
33987
24633
24634
25245
33192
33988
33194
33990
25247
33195
24638
24639
24647
24649
30429
24638
24639
30430
33981
24639
24650
33982
24648
30433
24652
30434
33984
24644
24645
24646
24647
24654
30429
24644
24645
30431
24644
24646
24645
24646
24655
24648
30433
24658
30435
24659
24648
24661
24652
24653
24661
33196
24652
33987
24652
24653
25260
33198
33989
33200
33991
24662
25262
33202
24658
24659
24660
24661
33196
24658
24659
24679
24658
24660
25265
33199
24659
24660
24680
25266
33201
24682
24662
25268
33202
24662
25272
24667
24668
24669
24670
33203
24667
24668
24677
33205
24667
24669
24687
24668
24669
24671
24689
33207
24674
24678
33209
24675
24691
24674
24675
24676
33210
24674
24675
24698
24674
24676
24684
25288
33213
24675
24676
24699
25289
24685
33215
24701
25291
33216
24678
24685
24682
24683
33211
24682
24683
24684
33213
24685
33215
24685
25301
24690
24691
24692
24693
24697
24690
24691
24690
24692
24691
24692
24698
24695
24701
24702
24695
24696
24704
33217
24695
24696
24709
33219
33221
24706
24711
33223
24701
24702
24703
24704
24701
24702
24701
24703
25311
24702
24703
25312
24707
25314
24706
24707
33224
24706
24707
24729
25318
33227
24730
33229
25319
33230
24710
24711
24719
24728
24710
24711
24720
24730
24716
24717
24718
24719
24732
24716
24717
24716
24718
24717
24718
24733
24720
24736
24737
24720
24739
24725
24726
24727
24728
24732
24725
24726
33225
24725
24727
24729
33227
24726
24727
24734
24730
33229
24736
24731
24738
24730
24731
24739
24730
24731
25333
24740
25334
24736
24737
24738
24739
24736
24737
24749
24736
24738
25337
24737
24738
24750
25338
24752
24740
25340
24740
25344
24745
24746
24747
24755
24745
24746
24745
24747
24746
24747
24756
24759
24760
24752
24753
24754
24755
24752
24753
24752
24754
24753
24754
24757
24759
24761
24759
24760
24761
24759
24760
24774
24759
24761
25366
24760
24761
24775
25367
24777
25369
24766
24767
24768
24769
24780
24766
24767
24766
24768
24770
30458
24767
24768
24781
30460
24771
24784
24772
24785
30462
24771
24772
24787
24771
24772
24792
24789
24794
24777
24778
24779
24780
24777
24778
24777
24779
24778
24779
24782
24784
24786
24784
24785
24786
24787
24784
24785
33239
24784
24786
25387
24785
24786
24788
25388
33240
24789
33242
24790
25390
24789
24790
24789
24790
24801
25394
24802
25395
24793
24794
24795
24800
30457
24793
24794
30458
24798
30461
24802
30462
24798
24799
24804
33231
24798
24799
24810
33233
24799
24805
24812
33235
24807
24814
33237
24802
24803
24804
33238
24802
24803
25416
33240
33242
24808
25417
33244
24807
24808
33245
24807
24817
24807
24808
24818
25420
33248
24820
33250
25422
33251
24813
24814
24815
24816
33252
24813
24814
24813
24815
33253
24814
24815
24817
33256
24820
24821
33257
24820
24821
24822
33259
24820
24821
24820
24822
25434
24821
24822
25435
33261
33263
25437
33265
24825
33253
24825
24826
33255
24828
33257
24828
24835
33260
24828
25447
33261
33263
24832
24833
24841
33266
24832
24833
24847
33268
24833
24842
24849
33270
24844
24851
33272
24838
24839
24840
33273
24838
24839
24838
24840
24839
24840
33275
33277
33279
24844
24845
33273
24844
24854
24844
24845
24855
25454
33276
24857
33278
25456
33279
24850
24851
24852
24853
24850
24851
24850
24852
24851
24852
24854
24857
24858
24857
24858
24859
24857
24858
24857
24859
25471
24858
24859
24869
25472
24870
25474
24864
24865
24866
24871
24864
24865
24864
24866
24867
24865
24866
24872
24875
24868
24876
24868
24881
24879
24885
24870
24873
24875
24875
24876
24877
24875
24876
24875
24877
25485
24876
24877
24878
25486
24879
25488
24879
24889
25491
24891
24884
24885
24886
24887
24884
24885
24884
24886
24885
24886
24888
24891
24892
24891
24892
24893
24891
24892
24891
24893
25505
24892
24893
24906
25506
24907
25508
24898
24899
24900
24901
24908
24898
24899
24898
24900
24902
24899
24900
24909
24904
24912
24905
24913
24904
24905
24915
24904
24905
33281
24905
24916
33283
24918
33285
24907
24910
24912
24912
24913
24914
24915
24912
24913
24912
24914
25519
24913
24914
24917
25520
24918
24919
25522
24918
24919
24918
33288
24918
24919
25526
33289
33291
25528
24922
24923
24924
24938
24922
24923
24925
24928
24929
24940
24928
24929
24930
24942
24928
24929
24950
24928
24930
24929
24930
24943
24952
24946
24954
24947
24935
24936
24937
24938
24935
24936
33288
24935
24937
24936
24937
33290
33292
24941
24940
24941
24942
24940
24941
24944
25545
24946
24948
25546
24946
24947
24948
24946
24947
24960
24946
24948
24961
25549
24947
24948
25550
24963
25552
24953
24954
24955
24959
24953
24954
24953
24955
24956
24954
24955
24960
24963
24958
24964
24958
33295
24958
24966
24970
33297
24968
33299
24963
24964
24965
24963
24964
24963
24965
25574
24964
24965
24967
25575
24968
25577
24968
24972
33302
24968
25580
33303
33305
24971
24971
24972
24974
24974
24983
24974
24984
25593
24986
24979
24980
24981
24989
24979
24980
24979
24981
24980
24981
24990
24993
24994
24986
24987
24988
24989
24986
24987
33302
24986
24988
24991
24987
24988
33304
24993
33306
24995
24993
24994
24995
24993
24994
25004
24993
24995
25600
24994
24995
25006
25601
25008
25603
25000
25001
25002
25010
25000
25001
25000
25002
25001
25002
25011
25014
25015
25007
25008
25009
25010
25007
25008
25007
25009
25012
25008
25009
25014
25016
25014
25015
25016
25014
25015
25025
25014
25016
25621
25015
25016
25027
25622
25029
25624
25021
25022
25023
25031
25021
25022
25021
25023
25022
25023
25032
25035
25036
25028
25029
25030
25031
25028
25029
25028
25030
25033
25029
25030
25035
25037
25035
25036
25037
25035
25036
25039
25035
25037
25642
25036
25037
25041
25643
25043
25645
25042
25043
25044
25042
25043
25042
25044
25043
25044
25049
25050
25051
25055
33308
25049
25050
25060
25049
25051
25180
33310
25050
25051
25056
25062
25181
33312
25057
25064
25058
25182
33314
25054
25058
25186
33315
25054
25057
25074
25055
33317
25057
25058
33318
25057
25058
25077
25187
25078
25188
33321
25063
25064
25065
25066
25076
25063
25064
25063
25065
25068
25064
25065
25077
25070
25078
25072
25079
25070
25071
25072
25083
25070
25071
25088
25070
25072
25071
25072
25084
25090
25085
25092
25086
25075
25079
25080
25075
25078
25076
25082
25078
25079
25083
25078
25079
25189
25086
25082
25086
25082
25085
25102
25083
25085
25086
25085
25086
25105
25106
25091
25092
25093
25094
25104
25091
25092
25091
25093
25096
25092
25093
25105
25098
25106
25100
25107
25098
25099
25100
25111
25098
25099
25116
25098
25100
25099
25100
25112
25118
25113
25120
25114
25103
25107
25108
25103
25106
25104
25110
25106
25107
25111
25106
25107
25114
25110
25114
25110
25113
25123
25111
25113
25114
25113
25114
25126
25127
25119
25120
25121
25125
33322
25119
25120
25119
25121
33324
25120
25121
25126
33326
25127
25128
33328
25124
25128
25193
33329
25124
25127
25125
33331
25127
25128
33332
25127
25128
25194
25195
33335
25133
25134
25135
25136
25145
25133
25134
33994
25133
25135
25138
25134
25135
25146
33996
25139
25147
33997
25141
25148
25139
25140
25141
25152
33350
25139
25140
25162
33352
25139
25141
33354
25153
25163
33356
25154
25144
25147
34001
25144
25148
25150
25145
25151
25147
25148
25152
25147
25148
25238
34004
34005
25154
25151
25153
25178
33358
25151
25154
25152
33359
25153
25154
33360
25179
33363
25159
25160
25161
25174
25159
25160
25159
25161
25160
25161
25175
25176
25177
25163
25179
25166
25169
25171
25166
25170
25178
33358
25167
25173
25169
25170
25174
25169
25170
33361
25176
25179
33363
25173
25176
25173
25177
25174
25176
25177
25176
25177
25184
25179
25182
25182
25187
25188
25185
25186
33315
25185
33319
25188
33321
25188
25188
25189
25192
33324
25192
25197
33325
25198
33328
25195
25196
25195
25198
25198
33329
25198
25209
33333
33335
25203
25204
25205
25214
25203
25204
25203
25205
25204
25205
25215
25216
25217
25207
25210
25211
33343
25208
25213
25210
25214
25210
33347
25216
33349
25213
25216
25213
25217
25214
25216
25217
25216
25217
25221
25222
25230
30555
25221
25222
30556
33995
25222
25231
33996
30559
25232
30560
33998
25226
25227
25235
30555
25226
25227
30557
34008
25227
25236
34010
30559
25237
30561
34011
25229
25232
33364
34002
25230
33366
25232
33367
25232
25238
34004
33369
34006
25234
25237
33365
34015
25235
33366
25237
33367
25237
34018
33370
34019
25242
25243
25251
30562
25242
25243
30563
34009
25243
25252
34010
30566
25253
30567
34012
25247
25248
25256
30562
25247
25248
30564
34022
25248
25257
34024
30566
25258
30568
34025
25250
25253
33371
34016
25251
33373
25253
33374
25253
34018
33376
34020
25255
25258
33372
34029
25256
33373
25258
33374
25258
34032
33377
34033
25262
25263
25271
25275
30569
25262
25263
30570
34023
25263
25276
34024
25272
30573
25277
30574
34026
25268
25269
25270
25271
25281
30569
25268
25269
30571
25268
25270
25269
25270
25282
25272
30573
25283
30575
25284
25272
25286
25274
25277
33378
34030
25275
25285
33380
25277
25286
33381
25277
34032
33383
34034
25280
25283
33379
25280
25284
25303
25281
25285
33380
25283
25284
25286
33381
25283
25284
25305
33384
25306
25286
25291
25292
25293
25297
33385
25291
25292
25301
33387
25291
25293
25311
25292
25293
25298
25313
33389
25299
25302
33391
25300
25315
25296
25299
25308
33392
25296
25300
25321
25297
33394
25299
25300
33395
25299
25300
25325
25309
33398
25326
25302
25309
25306
25307
25308
33392
25306
25307
33396
25309
33398
25309
25314
25315
25316
25317
25324
25314
25315
25314
25316
25315
25316
25325
25319
25326
25327
25319
25320
25330
33399
25319
25320
25333
33401
33403
25331
25335
33405
25323
25326
25323
25327
25324
25329
25326
25327
25330
25326
25327
25329
25331
25352
33407
25330
33408
25331
33409
25355
33412
25334
25335
25343
25354
25334
25335
25344
25355
25340
25341
25342
25343
25359
25340
25341
25340
25342
25341
25342
25360
25344
25361
25362
25344
25364
25347
25350
25352
33407
25347
25351
25356
25348
25353
25358
25350
25351
25354
25359
25350
25351
33410
25355
33412
25361
25353
25355
25354
25363
25355
25364
25358
25361
25358
25362
25372
25359
25363
25361
25362
25364
25361
25362
25376
25377
25364
25369
25370
25371
25382
25369
25370
25369
25371
25370
25371
25383
25384
25385
25374
25377
25374
25378
25379
25375
25381
25377
25378
25382
25377
25378
25384
25381
25384
25381
25385
25397
25382
25384
25385
25384
25385
25401
25402
25390
25391
25392
25393
25407
25390
25391
25390
25392
25394
30598
25391
25392
25408
30600
25395
25409
25396
25410
30602
25395
25396
25413
25395
25396
25416
25414
25418
25399
25402
25399
25403
25404
25400
25406
25402
25403
25407
25402
25403
25409
25406
25409
25406
25410
25411
33420
25407
25412
25409
25410
25413
25409
25410
33424
25414
33425
25412
25414
25424
25413
25414
25427
25417
25418
25419
25426
30597
25417
25418
30598
25422
30601
25427
30602
25422
25423
25430
33413
25422
25423
25434
33415
25423
25431
25436
33417
25432
25438
33419
25425
25427
33420
25426
25429
33422
25427
25430
33423
33425
25429
25432
25440
33428
25430
33429
25432
33430
25432
25444
25445
33433
25437
25438
25439
25443
33434
25437
25438
25437
25439
33435
25438
25439
25444
33438
25445
25446
33439
25442
25445
25442
25446
33441
25443
33443
25445
25446
33444
25445
25446
33446
25449
33435
25449
25451
33437
25452
33439
25452
33441
25452
25462
33445
33446
25456
25457
25467
33448
25456
25457
25471
33450
25457
25468
25473
33452
25469
25475
33454
25460
25463
25460
25464
33455
25461
33457
25463
25464
33458
25463
25464
33460
25466
25469
25477
33456
25467
33457
25469
33458
25469
25481
25482
33461
25474
25475
25476
25480
25474
25475
25474
25476
25475
25476
25481
25482
25483
25479
25482
25479
25483
25493
25480
25482
25483
25482
25483
25494
25488
25489
25490
25498
25488
25489
25488
25490
25491
25489
25490
25499
25500
25492
25501
25492
25505
25503
25509
25494
25495
25500
25497
25500
25497
25501
25502
25498
25500
25501
25500
25501
25503
25503
25511
25516
25508
25509
25510
25514
25508
25509
25508
25510
25509
25510
25515
25516
25517
25513
25516
25513
25517
25530
25514
25516
25517
25516
25517
25531
25522
25523
25524
25525
25535
25522
25523
25522
25524
25526
25523
25524
25536
25528
25537
25529
25538
25528
25529
25541
25528
25529
33463
25529
25542
33465
25543
33467
25531
25532
25537
25534
25537
25534
25538
25539
25535
25540
25537
25538
25541
25537
25538
25543
25540
25543
33469
25541
25543
25543
33473
33474
25546
25547
25548
25564
25546
25547
25549
25552
25553
25565
25552
25553
25554
25569
25552
25553
25574
25552
25554
25553
25554
25570
25576
25571
25578
25572
25557
25560
25557
25561
33470
25558
25563
25560
25561
25564
25560
25561
33473
33475
25563
25565
25566
25564
25568
25565
25569
25571
25568
25571
25583
25568
25572
25569
25571
25572
25571
25572
25587
25588
25577
25578
25579
25586
25577
25578
25577
25579
25580
25578
25579
25587
25588
25582
25589
25582
33477
25582
25591
25594
33479
25592
33481
25585
25588
25585
25589
25590
25586
25588
25589
25588
25589
25592
25592
33483
25592
25597
33487
33488
25595
25595
25597
25598
25598
25606
25598
25610
25611
25603
25604
25605
25616
25603
25604
25603
25605
25604
25605
25617
25618
25619
25608
25611
25613
25608
25612
33484
25609
25615
25611
25612
25616
25611
25612
33487
25618
33489
25615
25618
25615
25619
25628
25616
25618
25619
25618
25619
25631
25633
25624
25625
25626
25637
25624
25625
25624
25626
25625
25626
25638
25639
25640
25629
25632
25634
25629
25633
25630
25636
25632
25633
25637
25632
25633
25639
25636
25639
25636
25640
25649
25637
25639
25640
25639
25640
25652
25654
25645
25646
25647
25658
25645
25646
25645
25647
25646
25647
25659
25660
25661
25650
25653
25655
25650
25654
25651
25657
25653
25654
25658
25653
25654
25660
25657
25660
25657
25661
25663
25658
25660
25661
25660
25661
25666
25668
25664
25667
25664
25668
25665
25667
25668
25667
25668
25671
25673
25671
25675
25677
25674
25678
25673
25675
25684
25674
25685
25675
25679
25686
25682
25689
25678
25681
25697
25678
25682
25679
25681
25682
25690
25681
25682
25692
25701
25694
25702
25696
25685
25688
25837
25685
25689
25686
25688
25689
25690
25688
25689
25693
25839
25695
25841
25696
25694
25695
25696
25694
25695
25712
25845
25694
25696
25713
25695
25696
25846
25715
25848
25699
25702
25699
25703
25705
25700
25706
25702
25703
25707
25711
25702
25703
25713
25715
25710
25717
25706
25709
25725
25706
25710
25707
25709
25710
25718
25709
25710
25720
25729
25722
25730
25724
25715
25716
25717
25718
25715
25716
25866
25715
25717
25716
25717
25721
25867
25723
25869
25724
25722
25723
25724
25722
25723
25740
25873
25722
25724
25741
25723
25724
25874
25743
25876
25727
25730
25727
25731
25733
25728
25734
25730
25731
25735
25739
25730
25731
25741
25743
25738
25745
25734
25737
25753
25734
25738
25735
25737
25738
25746
25737
25738
25748
25757
25750
25758
25752
25743
25744
25745
25746
25743
25744
25894
25743
25745
25744
25745
25749
25895
25751
25897
25752
25750
25751
25752
25750
25751
25768
25901
25750
25752
25769
25751
25752
25902
25771
25904
25755
25758
25755
25759
25761
25756
25762
25758
25759
25765
25767
25758
25759
25769
25771
25766
25773
25762
25764
25762
25766
25765
25764
25766
25775
25765
25776
25766
25777
25780
25771
25772
25773
25777
25771
25772
25922
25771
25773
25772
25773
25778
25923
25779
25925
25780
25776
25779
25928
25776
25780
25777
25779
25780
25779
25780
25930
25932
25784
25785
25784
25787
25789
25785
25787
25796
25786
25790
25786
25797
25787
25791
25798
25794
25801
25790
25793
25809
25790
25794
25791
25793
25794
25802
25793
25794
25804
25813
25806
25814
25808
25797
25800
26033
25797
25801
25798
25800
25801
25802
25800
25801
25805
26035
25807
26037
25808
25806
25807
25808
25806
25807
25824
26041
25806
25808
25825
25807
25808
26042
25827
26044
25811
25814
25811
25815
25817
25812
25818
25814
25815
25819
25823
25814
25815
25825
25827
25822
25829
25818
25821
25837
25818
25822
25819
25821
25822
25830
25821
25822
25832
25840
25834
25842
25836
25827
25828
25829
25830
25827
25828
26062
25827
25829
25828
25829
25833
26063
25835
26065
25836
25834
25835
25836
25834
25835
25852
26069
25834
25836
25853
25835
25836
26070
25855
26072
25841
25842
25841
25842
25843
25844
25851
25841
25843
25846
25842
25843
25853
25848
25855
25850
25857
25848
25849
25850
25858
25848
25849
25866
25848
25850
25849
25850
25860
25868
25862
25870
25864
25855
25856
25857
25858
25855
25856
26090
25855
25857
25856
25857
25861
26091
25863
26093
25864
25862
25863
25864
25862
25863
25880
26097
25862
25864
25881
25863
25864
26098
25883
26100
25869
25870
25871
25872
25879
25869
25870
25869
25871
25874
25870
25871
25881
25876
25883
25878
25885
25876
25877
25878
25886
25876
25877
25894
25876
25878
25877
25878
25888
25896
25890
25898
25892
25883
25884
25885
25886
25883
25884
26118
25883
25885
25884
25885
25889
26119
25891
26121
25892
25890
25891
25892
25890
25891
25908
26125
25890
25892
25909
25891
25892
26126
25911
26128
25897
25898
25899
25900
25907
25897
25898
25897
25899
25902
25898
25899
25909
25904
25911
25906
25913
25904
25905
25906
25914
25904
25905
25922
25904
25906
25905
25906
25916
25924
25918
25926
25920
25911
25912
25913
25914
25911
25912
26146
25911
25913
25912
25913
25917
26147
25919
26149
25920
25918
25919
25920
25918
25919
25936
26153
25918
25920
25937
25919
25920
26154
25939
26156
25925
25926
25927
25929
25935
25925
25926
25925
25927
25930
25926
25927
25937
25932
25939
25934
25941
25932
25933
25949
25932
25933
25934
25942
25932
25934
25933
25934
25944
25953
25946
25954
25948
25939
25940
25941
25942
25939
25940
26174
25939
25941
25940
25941
25945
26175
25947
26177
25948
25946
25947
25948
25946
25947
25964
26181
25946
25948
25965
25947
25948
26182
25967
26184
25951
25954
25951
25955
25957
25952
25958
25954
25955
25959
25963
25954
25955
25965
25967
25962
25969
25958
25961
25977
25958
25962
25959
25961
25962
25970
25961
25962
25972
25981
25974
25982
25976
25967
25968
25969
25970
25967
25968
26202
25967
25969
25968
25969
25973
26203
25975
26205
25976
25974
25975
25976
25974
25975
25992
26209
25974
25976
25993
25975
25976
26210
25995
26212
25979
25982
25979
25983
25985
25980
25986
25982
25983
25989
25991
25982
25983
25993
25995
25990
25997
25986
25988
25986
25990
25989
25988
25990
25999
25989
26000
25990
26001
26004
25995
25996
25997
26001
25995
25996
26230
25995
25997
25996
25997
26002
26231
26003
26233
26004
26000
26003
26236
26000
26004
26001
26003
26004
26003
26004
26238
26240
26008
26009
26008
26011
26013
26009
26011
26020
26010
26014
26010
26021
26011
26015
26022
26018
26025
26014
26017
26033
26014
26018
26015
26017
26018
26026
26017
26018
26028
26036
26030
26038
26032
26021
26024
26285
26021
26025
26022
26024
26025
26026
26024
26025
26029
26287
26031
26289
26032
26030
26031
26032
26030
26031
26048
26293
26030
26032
26049
26031
26032
26294
26051
26296
26037
26038
26037
26038
26039
26040
26047
26037
26039
26042
26038
26039
26049
26044
26051
26046
26053
26044
26045
26046
26054
26044
26045
26062
26044
26046
26045
26046
26056
26064
26058
26066
26060
26051
26052
26053
26054
26051
26052
26314
26051
26053
26052
26053
26057
26315
26059
26317
26060
26058
26059
26060
26058
26059
26076
26321
26058
26060
26077
26059
26060
26322
26079
26324
26065
26066
26067
26068
26075
26065
26066
26065
26067
26070
26066
26067
26077
26072
26079
26074
26081
26072
26073
26074
26082
26072
26073
26090
26072
26074
26073
26074
26084
26092
26086
26094
26088
26079
26080
26081
26082
26079
26080
26342
26079
26081
26080
26081
26085
26343
26087
26345
26088
26086
26087
26088
26086
26087
26104
26349
26086
26088
26105
26087
26088
26350
26107
26352
26093
26094
26095
26096
26103
26093
26094
26093
26095
26098
26094
26095
26105
26100
26107
26102
26109
26100
26101
26102
26110
26100
26101
26118
26100
26102
26101
26102
26112
26120
26114
26122
26116
26107
26108
26109
26110
26107
26108
26370
26107
26109
26108
26109
26113
26371
26115
26373
26116
26114
26115
26116
26114
26115
26132
26377
26114
26116
26133
26115
26116
26378
26135
26380
26121
26122
26123
26124
26131
26121
26122
26121
26123
26126
26122
26123
26133
26128
26135
26130
26137
26128
26129
26130
26138
26128
26129
26146
26128
26130
26129
26130
26140
26148
26142
26150
26144
26135
26136
26137
26138
26135
26136
26398
26135
26137
26136
26137
26141
26399
26143
26401
26144
26142
26143
26144
26142
26143
26160
26405
26142
26144
26161
26143
26144
26406
26163
26408
26149
26150
26151
26152
26159
26149
26150
26149
26151
26154
26150
26151
26161
26156
26163
26158
26165
26156
26157
26158
26166
26156
26157
26174
26156
26158
26157
26158
26168
26176
26170
26178
26172
26163
26164
26165
26166
26163
26164
26426
26163
26165
26164
26165
26169
26427
26171
26429
26172
26170
26171
26172
26170
26171
26188
26433
26170
26172
26189
26171
26172
26434
26191
26436
26177
26178
26179
26180
26187
26177
26178
26177
26179
26182
26178
26179
26189
26184
26191
26186
26193
26184
26185
26186
26194
26184
26185
26202
26184
26186
26185
26186
26196
26204
26198
26206
26200
26191
26192
26193
26194
26191
26192
26454
26191
26193
26192
26193
26197
26455
26199
26457
26200
26198
26199
26200
26198
26199
26216
26461
26198
26200
26217
26199
26200
26462
26219
26464
26205
26206
26207
26208
26215
26205
26206
26205
26207
26210
26206
26207
26217
26212
26219
26214
26221
26212
26213
26214
26222
26212
26213
26230
26212
26214
26213
26214
26224
26232
26226
26234
26228
26219
26220
26221
26222
26219
26220
26482
26219
26221
26220
26221
26225
26483
26227
26485
26228
26226
26227
26228
26226
26227
26244
26489
26226
26228
26245
26227
26228
26490
26247
26492
26233
26234
26235
26237
26243
26233
26234
26233
26235
26238
26234
26235
26245
26240
26247
26242
26249
26240
26241
26240
26241
26242
26250
26240
26242
26241
26242
26252
26254
26256
26247
26248
26249
26250
26247
26248
26510
26247
26249
26248
26249
26253
26511
26255
26513
26256
26254
26255
26256
26254
26255
26517
26254
26256
26255
26256
26518
26520
26260
26261
26260
26263
26265
26261
26263
26272
26262
26266
26262
26273
26263
26267
26274
26270
26277
26266
26269
26285
26266
26270
26267
26269
26270
26278
26269
26270
26280
26288
26282
26290
26284
26273
26276
26537
26273
26277
26274
26276
26277
26278
26276
26277
26281
26541
26283
26542
26284
26282
26283
26284
26282
26283
26300
26545
26282
26284
26301
26283
26284
26546
26303
26548
26289
26290
26289
26290
26291
26292
26299
26289
26291
26294
26290
26291
26301
26296
26303
26298
26305
26296
26297
26298
26306
26296
26297
26314
26296
26298
26297
26298
26308
26316
26310
26318
26312
26303
26304
26305
26306
26303
26304
26566
26303
26305
26304
26305
26309
26567
26311
26569
26312
26310
26311
26312
26310
26311
26328
26573
26310
26312
26329
26311
26312
26574
26331
26576
26317
26318
26319
26320
26327
26317
26318
26317
26319
26322
26318
26319
26329
26324
26331
26326
26333
26324
26325
26326
26334
26324
26325
26342
26324
26326
26325
26326
26336
26344
26338
26346
26340
26331
26332
26333
26334
26331
26332
26594
26331
26333
26332
26333
26337
26595
26339
26597
26340
26338
26339
26340
26338
26339
26356
26601
26338
26340
26357
26339
26340
26602
26359
26604
26345
26346
26347
26348
26355
26345
26346
26345
26347
26350
26346
26347
26357
26352
26359
26354
26361
26352
26353
26354
26362
26352
26353
26370
26352
26354
26353
26354
26364
26372
26366
26374
26368
26359
26360
26361
26362
26359
26360
26622
26359
26361
26360
26361
26365
26623
26367
26625
26368
26366
26367
26368
26366
26367
26384
26629
26366
26368
26385
26367
26368
26630
26387
26632
26373
26374
26375
26376
26383
26373
26374
26373
26375
26378
26374
26375
26385
26380
26387
26382
26389
26380
26381
26382
26390
26380
26381
26398
26380
26382
26381
26382
26392
26400
26394
26402
26396
26387
26388
26389
26390
26387
26388
26650
26387
26389
26388
26389
26393
26651
26395
26653
26396
26394
26395
26396
26394
26395
26412
26657
26394
26396
26413
26395
26396
26658
26415
26660
26401
26402
26403
26404
26411
26401
26402
26401
26403
26406
26402
26403
26413
26408
26415
26410
26417
26408
26409
26410
26418
26408
26409
26426
26408
26410
26409
26410
26420
26428
26422
26430
26424
26415
26416
26417
26418
26415
26416
26678
26415
26417
26416
26417
26421
26679
26423
26681
26424
26422
26423
26424
26422
26423
26440
26685
26422
26424
26441
26423
26424
26686
26443
26688
26429
26430
26431
26432
26439
26429
26430
26429
26431
26434
26430
26431
26441
26436
26443
26438
26445
26436
26437
26438
26446
26436
26437
26454
26436
26438
26437
26438
26448
26456
26450
26458
26452
26443
26444
26445
26446
26443
26444
26706
26443
26445
26444
26445
26449
26707
26451
26709
26452
26450
26451
26452
26450
26451
26468
26713
26450
26452
26469
26451
26452
26714
26471
26716
26457
26458
26459
26460
26467
26457
26458
26457
26459
26462
26458
26459
26469
26464
26471
26466
26473
26464
26465
26466
26474
26464
26465
26482
26464
26466
26465
26466
26476
26484
26478
26486
26480
26471
26472
26473
26474
26471
26472
26734
26471
26473
26472
26473
26477
26735
26479
26737
26480
26478
26479
26480
26478
26479
26496
26741
26478
26480
26497
26479
26480
26742
26499
26744
26485
26486
26487
26488
26495
26485
26486
26485
26487
26490
26486
26487
26497
26492
26499
26494
26501
26492
26493
26494
26502
26492
26493
26510
26492
26494
26493
26494
26504
26512
26506
26514
26508
26499
26500
26501
26502
26499
26500
26762
26499
26501
26500
26501
26505
26763
26507
26765
26508
26506
26507
26508
26506
26507
26524
26769
26506
26508
26525
26507
26508
26770
26527
26772
26513
26514
26515
26516
26523
26513
26514
26513
26515
26518
26514
26515
26525
26520
26527
26522
26529
26520
26521
26522
26530
26520
26521
26520
26522
26521
26522
26532
26534
26536
26527
26528
26529
26530
26527
26528
26790
26527
26529
26528
26529
26533
26791
26535
26793
26536
26534
26535
26536
26534
26535
26797
26534
26536
26535
26536
26798
26800
26539
26542
26539
26543
26552
26540
26553
26542
26543
26544
26554
26542
26543
26546
26548
26550
26557
26548
26549
26550
26558
26548
26549
26566
26548
26550
26549
26550
26560
26568
26562
26570
26564
26553
26556
26817
26553
26557
26554
26556
26557
26558
26556
26557
26561
26821
26563
26822
26564
26562
26563
26564
26562
26563
26580
26825
26562
26564
26581
26563
26564
26826
26583
26828
26569
26570
26571
26572
26579
26569
26570
26569
26571
26574
26570
26571
26581
26576
26583
26578
26585
26576
26577
26578
26586
26576
26577
26594
26576
26578
26577
26578
26588
26596
26590
26598
26592
26583
26584
26585
26586
26583
26584
26846
26583
26585
26584
26585
26589
26847
26591
26849
26592
26590
26591
26592
26590
26591
26608
26853
26590
26592
26609
26591
26592
26854
26611
26856
26597
26598
26599
26600
26607
26597
26598
26597
26599
26602
26598
26599
26609
26604
26611
26606
26613
26604
26605
26606
26614
26604
26605
26622
26604
26606
26605
26606
26616
26624
26618
26626
26620
26611
26612
26613
26614
26611
26612
26874
26611
26613
26612
26613
26617
26875
26619
26877
26620
26618
26619
26620
26618
26619
26636
26881
26618
26620
26637
26619
26620
26882
26639
26884
26625
26626
26627
26628
26635
26625
26626
26625
26627
26630
26626
26627
26637
26632
26639
26634
26641
26632
26633
26634
26642
26632
26633
26650
26632
26634
26633
26634
26644
26652
26646
26654
26648
26639
26640
26641
26642
26639
26640
26902
26639
26641
26640
26641
26645
26903
26647
26905
26648
26646
26647
26648
26646
26647
26664
26909
26646
26648
26665
26647
26648
26910
26667
26912
26653
26654
26655
26656
26663
26653
26654
26653
26655
26658
26654
26655
26665
26660
26667
26662
26669
26660
26661
26662
26670
26660
26661
26678
26660
26662
26661
26662
26672
26680
26674
26682
26676
26667
26668
26669
26670
26667
26668
26930
26667
26669
26668
26669
26673
26931
26675
26933
26676
26674
26675
26676
26674
26675
26692
26937
26674
26676
26693
26675
26676
26938
26695
26940
26681
26682
26683
26684
26691
26681
26682
26681
26683
26686
26682
26683
26693
26688
26695
26690
26697
26688
26689
26690
26698
26688
26689
26706
26688
26690
26689
26690
26700
26708
26702
26710
26704
26695
26696
26697
26698
26695
26696
26958
26695
26697
26696
26697
26701
26959
26703
26961
26704
26702
26703
26704
26702
26703
26720
26965
26702
26704
26721
26703
26704
26966
26723
26968
26709
26710
26711
26712
26719
26709
26710
26709
26711
26714
26710
26711
26721
26716
26723
26718
26725
26716
26717
26718
26726
26716
26717
26734
26716
26718
26717
26718
26728
26736
26730
26738
26732
26723
26724
26725
26726
26723
26724
26986
26723
26725
26724
26725
26729
26987
26731
26989
26732
26730
26731
26732
26730
26731
26748
26993
26730
26732
26749
26731
26732
26994
26751
26996
26737
26738
26739
26740
26747
26737
26738
26737
26739
26742
26738
26739
26749
26744
26751
26746
26753
26744
26745
26746
26754
26744
26745
26762
26744
26746
26745
26746
26756
26764
26758
26766
26760
26751
26752
26753
26754
26751
26752
27014
26751
26753
26752
26753
26757
27015
26759
27017
26760
26758
26759
26760
26758
26759
26776
27021
26758
26760
26777
26759
26760
27022
26779
27024
26765
26766
26767
26768
26775
26765
26766
26765
26767
26770
26766
26767
26777
26772
26779
26774
26781
26772
26773
26774
26782
26772
26773
26790
26772
26774
26773
26774
26784
26792
26786
26794
26788
26779
26780
26781
26782
26779
26780
27042
26779
26781
26780
26781
26785
27043
26787
27045
26788
26786
26787
26788
26786
26787
26804
27049
26786
26788
26805
26787
26788
27050
26807
27052
26793
26794
26795
26796
26803
26793
26794
26793
26795
26798
26794
26795
26805
26800
26807
26802
26809
26800
26801
26802
26810
26800
26801
26800
26802
26801
26802
26812
26814
26816
26807
26808
26809
26810
26807
26808
27070
26807
26809
26808
26809
26813
27071
26815
27073
26816
26814
26815
26816
26814
26815
27077
26814
26816
26815
26816
27078
27080
26819
26822
26819
26823
26832
26820
26833
26822
26823
26824
26834
26822
26823
26826
26828
26830
26837
26828
26829
26830
26838
26828
26829
26846
26828
26830
26829
26830
26840
26848
26842
26850
26844
26833
26836
27097
26833
26837
26834
26836
26837
26838
26836
26837
26841
27101
26843
27102
26844
26842
26843
26844
26842
26843
26860
27105
26842
26844
26861
26843
26844
27106
26863
27108
26849
26850
26851
26852
26859
26849
26850
26849
26851
26854
26850
26851
26861
26856
26863
26858
26865
26856
26857
26858
26866
26856
26857
26874
26856
26858
26857
26858
26868
26876
26870
26878
26872
26863
26864
26865
26866
26863
26864
27126
26863
26865
26864
26865
26869
27127
26871
27129
26872
26870
26871
26872
26870
26871
26888
27133
26870
26872
26889
26871
26872
27134
26891
27136
26877
26878
26879
26880
26887
26877
26878
26877
26879
26882
26878
26879
26889
26884
26891
26886
26893
26884
26885
26886
26894
26884
26885
26902
26884
26886
26885
26886
26896
26904
26898
26906
26900
26891
26892
26893
26894
26891
26892
27154
26891
26893
26892
26893
26897
27155
26899
27157
26900
26898
26899
26900
26898
26899
26916
27161
26898
26900
26917
26899
26900
27162
26919
27164
26905
26906
26907
26908
26915
26905
26906
26905
26907
26910
26906
26907
26917
26912
26919
26914
26921
26912
26913
26914
26922
26912
26913
26930
26912
26914
26913
26914
26924
26932
26926
26934
26928
26919
26920
26921
26922
26919
26920
27182
26919
26921
26920
26921
26925
27183
26927
27185
26928
26926
26927
26928
26926
26927
26944
27189
26926
26928
26945
26927
26928
27190
26947
27192
26933
26934
26935
26936
26943
26933
26934
26933
26935
26938
26934
26935
26945
26940
26947
26942
26949
26940
26941
26942
26950
26940
26941
26958
26940
26942
26941
26942
26952
26960
26954
26962
26956
26947
26948
26949
26950
26947
26948
27210
26947
26949
26948
26949
26953
27211
26955
27213
26956
26954
26955
26956
26954
26955
26972
27217
26954
26956
26973
26955
26956
27218
26975
27220
26961
26962
26963
26964
26971
26961
26962
26961
26963
26966
26962
26963
26973
26968
26975
26970
26977
26968
26969
26970
26978
26968
26969
26986
26968
26970
26969
26970
26980
26988
26982
26990
26984
26975
26976
26977
26978
26975
26976
27238
26975
26977
26976
26977
26981
27239
26983
27241
26984
26982
26983
26984
26982
26983
27000
27245
26982
26984
27001
26983
26984
27246
27003
27248
26989
26990
26991
26992
26999
26989
26990
26989
26991
26994
26990
26991
27001
26996
27003
26998
27005
26996
26997
26998
27006
26996
26997
27014
26996
26998
26997
26998
27008
27016
27010
27018
27012
27003
27004
27005
27006
27003
27004
27266
27003
27005
27004
27005
27009
27267
27011
27269
27012
27010
27011
27012
27010
27011
27028
27273
27010
27012
27029
27011
27012
27274
27031
27276
27017
27018
27019
27020
27027
27017
27018
27017
27019
27022
27018
27019
27029
27024
27031
27026
27033
27024
27025
27026
27034
27024
27025
27042
27024
27026
27025
27026
27036
27044
27038
27046
27040
27031
27032
27033
27034
27031
27032
27294
27031
27033
27032
27033
27037
27295
27039
27297
27040
27038
27039
27040
27038
27039
27056
27301
27038
27040
27057
27039
27040
27302
27059
27304
27045
27046
27047
27048
27055
27045
27046
27045
27047
27050
27046
27047
27057
27052
27059
27054
27061
27052
27053
27054
27062
27052
27053
27070
27052
27054
27053
27054
27064
27072
27066
27074
27068
27059
27060
27061
27062
27059
27060
27322
27059
27061
27060
27061
27065
27323
27067
27325
27068
27066
27067
27068
27066
27067
27084
27329
27066
27068
27085
27067
27068
27330
27087
27332
27073
27074
27075
27076
27083
27073
27074
27073
27075
27078
27074
27075
27085
27080
27087
27082
27089
27080
27081
27082
27090
27080
27081
27080
27082
27081
27082
27092
27094
27096
27087
27088
27089
27090
27087
27088
27350
27087
27089
27088
27089
27093
27351
27095
27353
27096
27094
27095
27096
27094
27095
27094
27096
27095
27096
27099
27102
27099
27103
27112
27100
27113
27102
27103
27104
27114
27102
27103
27106
27108
27110
27117
27108
27109
27110
27118
27108
27109
27126
27108
27110
27109
27110
27120
27128
27122
27130
27124
27113
27116
27363
27113
27117
27114
27116
27117
27118
27116
27117
27121
27367
27123
27368
27124
27122
27123
27124
27122
27123
27140
27371
27122
27124
27141
27123
27124
27372
27143
27374
27129
27130
27131
27132
27139
27129
27130
27129
27131
27134
27130
27131
27141
27136
27143
27138
27145
27136
27137
27138
27146
27136
27137
27154
27136
27138
27137
27138
27148
27156
27150
27158
27152
27143
27144
27145
27146
27143
27144
27392
27143
27145
27144
27145
27149
27393
27151
27395
27152
27150
27151
27152
27150
27151
27168
27399
27150
27152
27169
27151
27152
27400
27171
27402
27157
27158
27159
27160
27167
27157
27158
27157
27159
27162
27158
27159
27169
27164
27171
27166
27173
27164
27165
27166
27174
27164
27165
27182
27164
27166
27165
27166
27176
27184
27178
27186
27180
27171
27172
27173
27174
27171
27172
27420
27171
27173
27172
27173
27177
27421
27179
27423
27180
27178
27179
27180
27178
27179
27196
27427
27178
27180
27197
27179
27180
27428
27199
27430
27185
27186
27187
27188
27195
27185
27186
27185
27187
27190
27186
27187
27197
27192
27199
27194
27201
27192
27193
27194
27202
27192
27193
27210
27192
27194
27193
27194
27204
27212
27206
27214
27208
27199
27200
27201
27202
27199
27200
27448
27199
27201
27200
27201
27205
27449
27207
27451
27208
27206
27207
27208
27206
27207
27224
27455
27206
27208
27225
27207
27208
27456
27227
27458
27213
27214
27215
27216
27223
27213
27214
27213
27215
27218
27214
27215
27225
27220
27227
27222
27229
27220
27221
27222
27230
27220
27221
27238
27220
27222
27221
27222
27232
27240
27234
27242
27236
27227
27228
27229
27230
27227
27228
27476
27227
27229
27228
27229
27233
27477
27235
27479
27236
27234
27235
27236
27234
27235
27252
27483
27234
27236
27253
27235
27236
27484
27255
27486
27241
27242
27243
27244
27251
27241
27242
27241
27243
27246
27242
27243
27253
27248
27255
27250
27257
27248
27249
27250
27258
27248
27249
27266
27248
27250
27249
27250
27260
27268
27262
27270
27264
27255
27256
27257
27258
27255
27256
27504
27255
27257
27256
27257
27261
27505
27263
27507
27264
27262
27263
27264
27262
27263
27280
27511
27262
27264
27281
27263
27264
27512
27283
27514
27269
27270
27271
27272
27279
27269
27270
27269
27271
27274
27270
27271
27281
27276
27283
27278
27285
27276
27277
27278
27286
27276
27277
27294
27276
27278
27277
27278
27288
27296
27290
27298
27292
27283
27284
27285
27286
27283
27284
27532
27283
27285
27284
27285
27289
27533
27291
27535
27292
27290
27291
27292
27290
27291
27308
27539
27290
27292
27309
27291
27292
27540
27311
27542
27297
27298
27299
27300
27307
27297
27298
27297
27299
27302
27298
27299
27309
27304
27311
27306
27313
27304
27305
27306
27314
27304
27305
27322
27304
27306
27305
27306
27316
27324
27318
27326
27320
27311
27312
27313
27314
27311
27312
27560
27311
27313
27312
27313
27317
27561
27319
27563
27320
27318
27319
27320
27318
27319
27336
27567
27318
27320
27337
27319
27320
27568
27339
27570
27325
27326
27327
27328
27335
27325
27326
27325
27327
27330
27326
27327
27337
27332
27339
27334
27341
27332
27333
27334
27342
27332
27333
27350
27332
27334
27333
27334
27344
27352
27346
27354
27348
27339
27340
27341
27342
27339
27340
27588
27339
27341
27340
27341
27345
27589
27347
27591
27348
27346
27347
27348
27346
27347
27357
27595
27346
27348
27358
27347
27348
27596
27360
27598
27353
27354
27355
27356
27353
27354
27353
27355
27354
27355
27358
27360
27362
27360
27361
27362
27360
27361
27360
27362
27361
27362
27365
27368
27365
27369
27378
27366
27379
27368
27369
27370
27380
27368
27369
27372
27374
27376
27383
27374
27375
27376
27384
27374
27375
27392
27374
27376
27375
27376
27386
27394
27388
27396
27390
27379
27382
27615
27379
27383
27380
27382
27383
27384
27382
27383
27387
27619
27389
27620
27390
27388
27389
27390
27388
27389
27406
27623
27388
27390
27407
27389
27390
27624
27409
27626
27395
27396
27397
27398
27405
27395
27396
27395
27397
27400
27396
27397
27407
27402
27409
27404
27411
27402
27403
27404
27412
27402
27403
27420
27402
27404
27403
27404
27414
27422
27416
27424
27418
27409
27410
27411
27412
27409
27410
27644
27409
27411
27410
27411
27415
27645
27417
27647
27418
27416
27417
27418
27416
27417
27434
27651
27416
27418
27435
27417
27418
27652
27437
27654
27423
27424
27425
27426
27433
27423
27424
27423
27425
27428
27424
27425
27435
27430
27437
27432
27439
27430
27431
27432
27440
27430
27431
27448
27430
27432
27431
27432
27442
27450
27444
27452
27446
27437
27438
27439
27440
27437
27438
27672
27437
27439
27438
27439
27443
27673
27445
27675
27446
27444
27445
27446
27444
27445
27462
27679
27444
27446
27463
27445
27446
27680
27465
27682
27451
27452
27453
27454
27461
27451
27452
27451
27453
27456
27452
27453
27463
27458
27465
27460
27467
27458
27459
27460
27468
27458
27459
27476
27458
27460
27459
27460
27470
27478
27472
27480
27474
27465
27466
27467
27468
27465
27466
27700
27465
27467
27466
27467
27471
27701
27473
27703
27474
27472
27473
27474
27472
27473
27490
27707
27472
27474
27491
27473
27474
27708
27493
27710
27479
27480
27481
27482
27489
27479
27480
27479
27481
27484
27480
27481
27491
27486
27493
27488
27495
27486
27487
27488
27496
27486
27487
27504
27486
27488
27487
27488
27498
27506
27500
27508
27502
27493
27494
27495
27496
27493
27494
27728
27493
27495
27494
27495
27499
27729
27501
27731
27502
27500
27501
27502
27500
27501
27518
27735
27500
27502
27519
27501
27502
27736
27521
27738
27507
27508
27509
27510
27517
27507
27508
27507
27509
27512
27508
27509
27519
27514
27521
27516
27523
27514
27515
27516
27524
27514
27515
27532
27514
27516
27515
27516
27526
27534
27528
27536
27530
27521
27522
27523
27524
27521
27522
27756
27521
27523
27522
27523
27527
27757
27529
27759
27530
27528
27529
27530
27528
27529
27546
27763
27528
27530
27547
27529
27530
27764
27549
27766
27535
27536
27537
27538
27545
27535
27536
27535
27537
27540
27536
27537
27547
27542
27549
27544
27551
27542
27543
27544
27552
27542
27543
27560
27542
27544
27543
27544
27554
27562
27556
27564
27558
27549
27550
27551
27552
27549
27550
27784
27549
27551
27550
27551
27555
27785
27557
27787
27558
27556
27557
27558
27556
27557
27574
27791
27556
27558
27575
27557
27558
27792
27577
27794
27563
27564
27565
27566
27573
27563
27564
27563
27565
27568
27564
27565
27575
27570
27577
27572
27579
27570
27571
27572
27580
27570
27571
27588
27570
27572
27571
27572
27582
27590
27584
27592
27586
27577
27578
27579
27580
27577
27578
27812
27577
27579
27578
27579
27583
27813
27585
27815
27586
27584
27585
27586
27584
27585
27602
27819
27584
27586
27603
27585
27586
27820
27605
27822
27591
27592
27593
27594
27601
27591
27592
27591
27593
27596
27592
27593
27603
27598
27605
27600
27607
27598
27599
27600
27608
27598
27599
27598
27600
27599
27600
27610
27612
27614
27605
27606
27607
27608
27605
27606
27840
27605
27607
27606
27607
27611
27841
27613
27843
27614
27612
27613
27614
27612
27613
27847
27612
27614
27613
27614
27848
27850
27617
27620
27617
27621
27630
27618
27631
27620
27621
27622
27632
27620
27621
27624
27626
27628
27635
27626
27627
27628
27636
27626
27627
27644
27626
27628
27627
27628
27638
27646
27640
27648
27642
27631
27634
27867
27631
27635
27632
27634
27635
27636
27634
27635
27639
27871
27641
27872
27642
27640
27641
27642
27640
27641
27658
27875
27640
27642
27659
27641
27642
27876
27661
27878
27647
27648
27649
27650
27657
27647
27648
27647
27649
27652
27648
27649
27659
27654
27661
27656
27663
27654
27655
27656
27664
27654
27655
27672
27654
27656
27655
27656
27666
27674
27668
27676
27670
27661
27662
27663
27664
27661
27662
27896
27661
27663
27662
27663
27667
27897
27669
27899
27670
27668
27669
27670
27668
27669
27686
27903
27668
27670
27687
27669
27670
27904
27689
27906
27675
27676
27677
27678
27685
27675
27676
27675
27677
27680
27676
27677
27687
27682
27689
27684
27691
27682
27683
27684
27692
27682
27683
27700
27682
27684
27683
27684
27694
27702
27696
27704
27698
27689
27690
27691
27692
27689
27690
27924
27689
27691
27690
27691
27695
27925
27697
27927
27698
27696
27697
27698
27696
27697
27714
27931
27696
27698
27715
27697
27698
27932
27717
27934
27703
27704
27705
27706
27713
27703
27704
27703
27705
27708
27704
27705
27715
27710
27717
27712
27719
27710
27711
27712
27720
27710
27711
27728
27710
27712
27711
27712
27722
27730
27724
27732
27726
27717
27718
27719
27720
27717
27718
27952
27717
27719
27718
27719
27723
27953
27725
27955
27726
27724
27725
27726
27724
27725
27742
27959
27724
27726
27743
27725
27726
27960
27745
27962
27731
27732
27733
27734
27741
27731
27732
27731
27733
27736
27732
27733
27743
27738
27745
27740
27747
27738
27739
27740
27748
27738
27739
27756
27738
27740
27739
27740
27750
27758
27752
27760
27754
27745
27746
27747
27748
27745
27746
27980
27745
27747
27746
27747
27751
27981
27753
27983
27754
27752
27753
27754
27752
27753
27770
27987
27752
27754
27771
27753
27754
27988
27773
27990
27759
27760
27761
27762
27769
27759
27760
27759
27761
27764
27760
27761
27771
27766
27773
27768
27775
27766
27767
27768
27776
27766
27767
27784
27766
27768
27767
27768
27778
27786
27780
27788
27782
27773
27774
27775
27776
27773
27774
28008
27773
27775
27774
27775
27779
28009
27781
28011
27782
27780
27781
27782
27780
27781
27798
28015
27780
27782
27799
27781
27782
28016
27801
28018
27787
27788
27789
27790
27797
27787
27788
27787
27789
27792
27788
27789
27799
27794
27801
27796
27803
27794
27795
27796
27804
27794
27795
27812
27794
27796
27795
27796
27806
27814
27808
27816
27810
27801
27802
27803
27804
27801
27802
28036
27801
27803
27802
27803
27807
28037
27809
28039
27810
27808
27809
27810
27808
27809
27826
28043
27808
27810
27827
27809
27810
28044
27829
28046
27815
27816
27817
27818
27825
27815
27816
27815
27817
27820
27816
27817
27827
27822
27829
27824
27831
27822
27823
27824
27832
27822
27823
27840
27822
27824
27823
27824
27834
27842
27836
27844
27838
27829
27830
27831
27832
27829
27830
28064
27829
27831
27830
27831
27835
28065
27837
28067
27838
27836
27837
27838
27836
27837
27854
28071
27836
27838
27855
27837
27838
28072
27857
28074
27843
27844
27845
27846
27853
27843
27844
27843
27845
27848
27844
27845
27855
27850
27857
27852
27859
27850
27851
27852
27860
27850
27851
27850
27852
27851
27852
27862
27864
27866
27857
27858
27859
27860
27857
27858
28092
27857
27859
27858
27859
27863
28093
27865
28095
27866
27864
27865
27866
27864
27865
28099
27864
27866
27865
27866
28100
28102
27869
27872
27869
27873
27882
27870
27884
27872
27873
27874
27886
27872
27873
27876
27878
27880
27887
27878
27879
27880
27891
27878
27879
27896
27878
27880
27879
27880
27892
27898
27893
27900
27894
27884
27885
27884
27887
27885
27887
27889
27886
27886
27890
27887
27891
27894
27890
27893
27909
27890
27894
27891
27893
27894
27893
27894
27911
27913
27899
27900
27901
27902
27910
27899
27900
27899
27901
27904
27900
27901
27911
27906
27913
27908
27915
27906
27907
27908
27916
27906
27907
27924
27906
27908
27907
27908
27918
27926
27920
27928
27922
27913
27914
28119
27913
27914
27915
27916
27913
27915
27914
27915
27919
28123
27921
28124
27922
27920
27921
27922
27920
27921
27938
28127
27920
27922
27939
27921
27922
28128
27941
28130
27927
27928
27929
27930
27937
27927
27928
27927
27929
27932
27928
27929
27939
27934
27941
27936
27943
27934
27935
27936
27944
27934
27935
27952
27934
27936
27935
27936
27946
27954
27948
27956
27950
27941
27942
27943
27944
27941
27942
28148
27941
27943
27942
27943
27947
28149
27949
28151
27950
27948
27949
27950
27948
27949
27966
28155
27948
27950
27967
27949
27950
28156
27969
28158
27955
27956
27957
27958
27965
27955
27956
27955
27957
27960
27956
27957
27967
27962
27969
27964
27971
27962
27963
27964
27972
27962
27963
27980
27962
27964
27963
27964
27974
27982
27976
27984
27978
27969
27970
27971
27972
27969
27970
28176
27969
27971
27970
27971
27975
28177
27977
28179
27978
27976
27977
27978
27976
27977
27994
28183
27976
27978
27995
27977
27978
28184
27997
28186
27983
27984
27985
27986
27993
27983
27984
27983
27985
27988
27984
27985
27995
27990
27997
27992
27999
27990
27991
27992
28000
27990
27991
28008
27990
27992
27991
27992
28002
28010
28004
28012
28006
27997
27998
27999
28000
27997
27998
28204
27997
27999
27998
27999
28003
28205
28005
28207
28006
28004
28005
28006
28004
28005
28022
28211
28004
28006
28023
28005
28006
28212
28025
28214
28011
28012
28013
28014
28021
28011
28012
28011
28013
28016
28012
28013
28023
28018
28025
28020
28027
28018
28019
28020
28028
28018
28019
28036
28018
28020
28019
28020
28030
28038
28032
28040
28034
28025
28026
28027
28028
28025
28026
28232
28025
28027
28026
28027
28031
28233
28033
28235
28034
28032
28033
28034
28032
28033
28050
28239
28032
28034
28051
28033
28034
28240
28053
28242
28039
28040
28041
28042
28049
28039
28040
28039
28041
28044
28040
28041
28051
28046
28053
28048
28055
28046
28047
28048
28056
28046
28047
28064
28046
28048
28047
28048
28058
28066
28060
28068
28062
28053
28054
28055
28056
28053
28054
28260
28053
28055
28054
28055
28059
28261
28061
28263
28062
28060
28061
28062
28060
28061
28078
28267
28060
28062
28079
28061
28062
28268
28081
28270
28067
28068
28069
28070
28077
28067
28068
28067
28069
28072
28068
28069
28079
28074
28081
28076
28083
28074
28075
28076
28084
28074
28075
28092
28074
28076
28075
28076
28086
28094
28088
28096
28090
28081
28082
28083
28084
28081
28082
28288
28081
28083
28082
28083
28087
28289
28089
28291
28090
28088
28089
28090
28088
28089
28106
28295
28088
28090
28107
28089
28090
28296
28109
28298
28095
28096
28097
28098
28105
28095
28096
28095
28097
28100
28096
28097
28107
28102
28109
28104
28111
28102
28103
28104
28112
28102
28103
28102
28104
28103
28104
28114
28116
28118
28109
28110
28111
28112
28109
28110
28316
28109
28111
28110
28111
28115
28317
28117
28319
28118
28116
28117
28118
28116
28117
28323
28116
28118
28117
28118
28324
28326
28121
28124
28121
28125
28134
28122
28135
28124
28125
28126
28138
28124
28125
28128
28130
28132
28139
28130
28131
28132
28143
28130
28131
28148
28130
28132
28131
28132
28144
28150
28145
28152
28146
28135
28137
28135
28139
28138
28137
28139
28141
28138
28142
28139
28143
28146
28142
28145
28161
28142
28146
28143
28145
28146
28145
28146
28163
28165
28151
28152
28153
28154
28162
28151
28152
28151
28153
28156
28152
28153
28163
28158
28165
28160
28167
28158
28159
28160
28168
28158
28159
28176
28158
28160
28159
28160
28170
28178
28172
28180
28174
28165
28166
28343
28165
28166
28167
28168
28165
28167
28166
28167
28171
28347
28173
28348
28174
28172
28173
28174
28172
28173
28190
28351
28172
28174
28191
28173
28174
28352
28193
28354
28179
28180
28181
28182
28189
28179
28180
28179
28181
28184
28180
28181
28191
28186
28193
28188
28195
28186
28187
28188
28196
28186
28187
28204
28186
28188
28187
28188
28198
28206
28200
28208
28202
28193
28194
28195
28196
28193
28194
28372
28193
28195
28194
28195
28199
28373
28201
28375
28202
28200
28201
28202
28200
28201
28218
28379
28200
28202
28219
28201
28202
28380
28221
28382
28207
28208
28209
28210
28217
28207
28208
28207
28209
28212
28208
28209
28219
28214
28221
28216
28223
28214
28215
28216
28224
28214
28215
28232
28214
28216
28215
28216
28226
28234
28228
28236
28230
28221
28222
28223
28224
28221
28222
28400
28221
28223
28222
28223
28227
28401
28229
28403
28230
28228
28229
28230
28228
28229
28246
28407
28228
28230
28247
28229
28230
28408
28249
28410
28235
28236
28237
28238
28245
28235
28236
28235
28237
28240
28236
28237
28247
28242
28249
28244
28251
28242
28243
28244
28252
28242
28243
28260
28242
28244
28243
28244
28254
28262
28256
28264
28258
28249
28250
28251
28252
28249
28250
28428
28249
28251
28250
28251
28255
28429
28257
28431
28258
28256
28257
28258
28256
28257
28274
28435
28256
28258
28275
28257
28258
28436
28277
28438
28263
28264
28265
28266
28273
28263
28264
28263
28265
28268
28264
28265
28275
28270
28277
28272
28279
28270
28271
28272
28280
28270
28271
28288
28270
28272
28271
28272
28282
28290
28284
28292
28286
28277
28278
28279
28280
28277
28278
28456
28277
28279
28278
28279
28283
28457
28285
28459
28286
28284
28285
28286
28284
28285
28302
28463
28284
28286
28303
28285
28286
28464
28305
28466
28291
28292
28293
28294
28301
28291
28292
28291
28293
28296
28292
28293
28303
28298
28305
28300
28307
28298
28299
28300
28308
28298
28299
28316
28298
28300
28299
28300
28310
28318
28312
28320
28314
28305
28306
28307
28308
28305
28306
28484
28305
28307
28306
28307
28311
28485
28313
28487
28314
28312
28313
28314
28312
28313
28330
28491
28312
28314
28331
28313
28314
28492
28333
28494
28319
28320
28321
28322
28329
28319
28320
28319
28321
28324
28320
28321
28331
28326
28333
28328
28335
28326
28327
28328
28336
28326
28327
28326
28328
28327
28328
28338
28340
28342
28333
28334
28335
28336
28333
28334
28512
28333
28335
28334
28335
28339
28513
28341
28515
28342
28340
28341
28342
28340
28341
28519
28340
28342
28341
28342
28520
28522
28345
28348
28345
28349
28360
28346
28361
28348
28349
28350
28362
28348
28349
28352
28354
28356
28363
28354
28355
28356
28367
28354
28355
28372
28354
28356
28355
28356
28368
28374
28369
28376
28370
28359
28361
28359
28363
28365
28362
28366
28361
28363
28362
28363
28367
28370
28366
28369
28385
28366
28370
28367
28369
28370
28369
28370
28389
28390
28375
28376
28377
28378
28388
28375
28376
28375
28377
28380
28376
28377
28389
28382
28390
28384
28391
28382
28383
28384
28395
28382
28383
28400
28382
28384
28383
28384
28396
28402
28397
28404
28398
28387
28390
28387
28391
28393
28388
28394
28390
28391
28395
28390
28391
28398
28394
28397
28413
28394
28398
28395
28397
28398
28397
28398
28415
28417
28403
28404
28405
28406
28414
28403
28404
28403
28405
28408
28404
28405
28415
28410
28417
28412
28419
28410
28411
28412
28420
28410
28411
28428
28410
28412
28411
28412
28422
28430
28424
28432
28426
28417
28418
28539
28417
28418
28419
28420
28417
28419
28418
28419
28423
28543
28425
28544
28426
28424
28425
28426
28424
28425
28442
28547
28424
28426
28443
28425
28426
28548
28445
28550
28431
28432
28433
28434
28441
28431
28432
28431
28433
28436
28432
28433
28443
28438
28445
28440
28447
28438
28439
28440
28448
28438
28439
28456
28438
28440
28439
28440
28450
28458
28452
28460
28454
28445
28446
28447
28448
28445
28446
28568
28445
28447
28446
28447
28451
28569
28453
28571
28454
28452
28453
28454
28452
28453
28470
28575
28452
28454
28471
28453
28454
28576
28473
28578
28459
28460
28461
28462
28469
28459
28460
28459
28461
28464
28460
28461
28471
28466
28473
28468
28475
28466
28467
28468
28476
28466
28467
28484
28466
28468
28467
28468
28478
28486
28480
28488
28482
28473
28474
28475
28476
28473
28474
28596
28473
28475
28474
28475
28479
28597
28481
28599
28482
28480
28481
28482
28480
28481
28498
28603
28480
28482
28499
28481
28482
28604
28501
28606
28487
28488
28489
28490
28497
28487
28488
28487
28489
28492
28488
28489
28499
28494
28501
28496
28503
28494
28495
28496
28505
28494
28495
28512
28494
28496
28495
28496
28506
28514
28508
28516
28510
28501
28502
28503
28505
28501
28502
28624
28501
28503
28502
28503
28507
28625
28509
28627
28510
28508
28509
28525
28630
28508
28509
28510
28508
28510
28529
28509
28510
28634
28530
28635
28515
28516
28517
28518
28528
28515
28516
28515
28517
28520
28516
28517
28529
28522
28530
28524
28531
28522
28523
28524
28535
28522
28523
28522
28524
28523
28524
28536
28537
28538
28527
28530
28527
28531
28533
28528
28534
28530
28531
28535
28530
28531
28538
28534
28537
28534
28538
28535
28537
28538
28537
28538
28541
28544
28541
28545
28556
28542
28557
28544
28545
28546
28558
28544
28545
28548
28550
28552
28559
28550
28551
28552
28563
28550
28551
28568
28550
28552
28551
28552
28564
28570
28565
28572
28566
28555
28557
28555
28559
28561
28558
28562
28557
28559
28558
28559
28563
28566
28562
28565
28581
28562
28566
28563
28565
28566
28565
28566
28585
28586
28571
28572
28573
28574
28584
28571
28572
28571
28573
28576
28572
28573
28585
28578
28586
28580
28587
28578
28579
28580
28591
28578
28579
28596
28578
28580
28579
28580
28592
28598
28593
28600
28594
28583
28586
28583
28587
28589
28584
28590
28586
28587
28591
28586
28587
28594
28590
28593
28609
28590
28594
28591
28593
28594
28593
28594
28613
28614
28599
28600
28601
28602
28612
28599
28600
28599
28601
28604
28600
28601
28613
28606
28614
28608
28615
28606
28607
28608
28619
28606
28607
28624
28606
28608
28607
28608
28620
28626
28621
28628
28622
28611
28614
28611
28615
28617
28612
28618
28614
28615
28619
28614
28615
28622
28618
28621
28637
28618
28622
28619
28621
28622
28621
28622
28641
28642
28627
28628
28629
28633
28640
28627
28628
28627
28629
28634
28628
28629
28641
28635
28642
28636
28643
28632
28635
28632
28636
28647
28633
28648
28635
28636
28649
28635
28636
28650
28639
28642
28639
28643
28645
28640
28646
28642
28643
28649
28642
28643
28650
28646
28648
28646
28650
28649
28648
28650
28649
28650
28655
28656
28657
31117
31124
28655
28656
31118
28655
28657
28656
28657
31125
31121
31122
31128
31129
28659
28660
28661
28664
28689
28661
28690
28666
28691
28663
28665
28667
28669
28665
28666
28667
28671
28696
28667
28697
28673
28698
28670
28672
28670
28673
28674
28676
28672
28673
28674
28678
28703
28674
28704
28680
28705
28677
28679
28677
28680
28681
34037
28679
28680
28681
28710
34039
28681
28711
28712
34041
28686
28687
28688
31152
31159
28686
28687
31126
31153
28686
28688
31127
28687
28688
31160
31130
31156
31157
31163
31164
28691
28693
28691
28694
34045
28695
28697
28693
28694
34047
28695
28699
28742
28695
28743
34049
28701
28744
28698
28700
28698
28701
28702
28704
28700
28701
28702
28706
28749
28702
28750
28708
28751
28705
28707
28705
28708
28709
28711
28707
28708
28709
28713
28756
28709
28757
28715
28758
28712
28714
28712
28715
28716
34051
28714
28715
28716
28763
34053
28716
28764
28765
34055
28718
28777
28779
31174
31175
31177
28720
28784
31181
31183
31185
28786
31188
31189
31191
28723
28725
28723
28726
28727
28725
28726
28727
28812
28727
28813
28814
28730
28732
28730
28733
28734
28732
28733
28734
28819
28734
28820
28821
28739
28740
28741
31229
31236
28739
28740
31161
31230
28739
28741
31162
28740
28741
31237
31165
31233
31234
31240
31241
28744
28746
28744
28747
34066
28748
28750
28746
28747
34068
28748
28752
28833
28748
28834
34070
28754
28835
28751
28753
28751
28754
28755
28757
28753
28754
28755
28759
28840
28755
28841
28761
28842
28758
28760
28758
28761
28762
28764
28760
28761
28762
28766
28847
28762
28848
28768
28849
28765
28767
28765
28768
28769
34072
28767
28768
28769
28854
34074
28769
28855
28856
34076
28772
28774
28772
28775
28776
28777
28774
28775
28776
28882
28776
28780
28883
28781
28884
28779
28781
28779
28782
28783
31262
31264
31266
28781
28782
28783
28889
28783
28890
28891
31269
31270
31272
28786
28788
28793
28794
28797
28786
28789
28790
28798
31276
31278
31280
28788
28789
28790
28896
31283
31285
31287
28790
28801
28897
28802
28898
31290
31291
31293
28795
28796
28797
31275
31282
28795
28796
31182
28795
28797
31183
31276
28796
28797
31283
31186
31279
31286
31280
31287
28800
28802
28800
28803
28804
28802
28803
28804
28910
28804
28911
28912
28807
28809
28807
28810
28811
28809
28810
28811
28917
28811
28918
28919
28814
28816
28814
28817
28818
28816
28817
28818
28924
28818
28925
28926
28821
28823
28821
28824
28825
28823
28824
28825
28931
28825
28932
28933
28830
28831
28832
31352
31359
28830
28831
31238
31353
28830
28832
31239
28831
28832
31360
31242
31356
31357
31363
31364
28835
28837
28835
28838
34087
28839
28841
28837
28838
34089
28839
28843
28945
28839
28946
34091
28845
28947
28842
28844
28842
28845
28846
28848
28844
28845
28846
28850
28952
28846
28953
28852
28954
28849
28851
28849
28852
28853
28855
28851
28852
28853
28857
28959
28853
28960
28859
28961
28856
28858
28856
28859
28860
34093
28858
28859
28860
28966
34095
28860
28967
28968
34097
28865
28866
28867
31373
28865
28866
28865
28867
28866
28867
31374
31377
31378
28872
28873
28874
31380
28872
28873
28872
28874
28873
28874
31381
31384
31385
28879
28880
28881
31387
28879
28880
28879
28881
31251
28880
28881
31388
31253
31391
31392
28884
28886
28884
28887
28888
28889
28886
28887
28888
29022
28888
28892
29023
28893
29024
28891
28893
28891
28894
28895
31409
31411
31413
28893
28894
28895
29029
28895
29030
29031
31416
31417
31419
28898
28900
28905
28906
28909
28898
28901
28902
28910
31423
31425
31427
28900
28901
28902
29036
31430
31432
31434
28902
28913
29037
28914
29038
31437
31438
31440
28907
28908
28909
31422
31429
28907
28908
31284
28907
28909
31285
31423
28908
28909
31430
31288
31426
31433
31427
31434
28912
28914
28912
28915
28916
28914
28915
28916
29050
28916
29051
29052
28919
28921
28919
28922
28923
28921
28922
28923
29057
28923
29058
29059
28926
28928
28926
28929
28930
28928
28929
28930
29064
28930
29065
29066
28933
28935
28933
28936
28937
28935
28936
28937
29071
28937
29072
29073
28942
28943
28944
31499
31506
28942
28943
31361
31500
28942
28944
31362
28943
28944
31507
31365
31503
31504
31510
31511
28947
28949
28947
28950
34136
28951
28953
28949
28950
34138
28951
28955
29085
28951
29086
34140
28957
29087
28954
28956
28954
28957
28958
28960
28956
28957
28958
28962
29092
28958
29093
28964
29094
28961
28963
28961
28964
28965
28967
28963
28964
28965
28969
29099
28965
29100
28971
29101
28968
28970
28968
28971
28972
34142
28970
28971
28972
29106
34144
28972
29107
29108
34146
28975
28977
28975
28978
28979
28981
28977
28978
28979
28983
29113
28979
29114
28985
29115
28982
28984
28982
28985
28986
28988
28984
28985
28986
28990
29120
28986
29121
28992
29122
28989
28991
28989
28992
28993
28991
28992
28993
29127
28993
29128
29129
28996
28998
28996
28999
34150
29000
31528
31530
31532
28998
28999
34152
29000
29134
29000
29135
34154
29136
31535
31536
31538
29005
29006
29007
31541
29005
29006
31375
29005
29007
31376
29006
29007
31542
31379
31545
31546
29012
29013
29014
31548
29012
29013
31382
29012
29014
31383
29013
29014
31549
31386
31552
31553
29019
29020
29021
31555
29019
29020
31389
29019
29021
31390
29020
29021
31556
31393
31559
31560
29024
29026
29024
29027
29028
29029
29026
29027
29028
29162
29028
29032
29163
29033
29164
29031
29033
29031
29034
29035
31577
31579
31581
29033
29034
29035
29169
29035
29170
29171
31584
31585
31587
29038
29040
29045
29046
29049
29038
29041
29042
29050
31591
31593
31595
29040
29041
29042
29176
31598
31600
31602
29042
29053
29177
29054
29178
31605
31606
31608
29047
29048
29049
31590
31597
29047
29048
31431
29047
29049
31432
31591
29048
29049
31598
31435
31594
31601
31595
31602
29052
29054
29052
29055
29056
29054
29055
29056
29190
29056
29191
29192
29059
29061
29059
29062
29063
29061
29062
29063
29197
29063
29198
29199
29066
29068
29066
29069
29070
29068
29069
29070
29204
29070
29205
29206
29073
29075
29073
29076
29077
29075
29076
29077
29211
29077
29212
29213
29082
29083
29084
31667
29082
29083
31508
29082
29084
31509
29083
29084
31668
31512
31671
31672
29087
29089
29087
29090
34185
29091
29093
29089
29090
34187
29091
29095
29225
29091
29226
34189
29097
29227
29094
29096
29094
29097
29098
29100
29096
29097
29098
29102
29232
29098
29233
29104
29234
29101
29103
29101
29104
29105
29107
29103
29104
29105
29109
29239
29105
29240
29111
29241
29108
29110
29108
29111
29112
34191
29110
29111
29112
29246
34193
29112
29247
29248
34195
29115
29117
29115
29118
29119
29121
29117
29118
29119
29123
29253
29119
29254
29125
29255
29122
29124
29122
29125
29126
29128
29124
29125
29126
29130
29260
29126
29261
29132
29262
29129
29131
29129
29132
29133
29131
29132
29133
29267
29133
29268
29269
29136
29138
29136
29139
34199
29140
31689
31691
31693
29138
29139
34201
29140
29274
29140
29275
34203
29276
31696
31697
31699
29145
29146
29147
31702
29145
29146
31543
29145
29147
31544
29146
29147
31703
31547
31706
31707
29152
29153
29154
31709
29152
29153
31550
29152
29154
31551
29153
29154
31710
31554
31713
31714
29159
29160
29161
31716
29159
29160
31557
29159
29161
31558
29160
29161
31717
31561
31720
31721
29164
29166
29164
29167
29168
29169
29166
29167
29168
29302
29168
29172
29303
29173
29304
29171
29173
29171
29174
29175
31738
31740
31742
29173
29174
29175
29309
29175
29310
29311
31745
31746
31748
29178
29180
29185
29186
29189
29178
29181
29182
29190
31752
31754
31756
29180
29181
29182
29316
31759
31761
31763
29182
29193
29317
29194
29318
31766
31767
31769
29187
29188
29189
31751
31758
29187
29188
31599
29187
29189
31600
31752
29188
29189
31759
31603
31755
31762
31756
31763
29192
29194
29192
29195
29196
29194
29195
29196
29330
29196
29331
29332
29199
29201
29199
29202
29203
29201
29202
29203
29337
29203
29338
29339
29206
29208
29206
29209
29210
29208
29209
29210
29344
29210
29345
29346
29213
29215
29213
29216
29217
29215
29216
29217
29351
29217
29352
29353
29222
29223
29224
31828
29222
29223
31669
29222
29224
31670
29223
29224
31829
31673
31832
31833
29227
29229
29227
29230
34234
29231
29233
29229
29230
34236
29231
29235
29365
29231
29366
34238
29237
29367
29234
29236
29234
29237
29238
29240
29236
29237
29238
29242
29372
29238
29373
29244
29374
29241
29243
29241
29244
29245
29247
29243
29244
29245
29249
29379
29245
29380
29251
29381
29248
29250
29248
29251
29252
34240
29250
29251
29252
29386
34242
29252
29387
29388
34244
29255
29257
29255
29258
29259
29261
29257
29258
29259
29263
29393
29259
29394
29265
29395
29262
29264
29262
29265
29266
29268
29264
29265
29266
29270
29400
29266
29401
29272
29402
29269
29271
29269
29272
29273
29271
29272
29273
29407
29273
29408
29409
29276
29278
29276
29279
34248
29280
31850
31852
31854
29278
29279
34250
29280
29414
29280
29415
34252
29416
31857
31858
31860
29285
29286
29287
31863
29285
29286
31704
29285
29287
31705
29286
29287
31864
31708
31867
31868
29292
29293
29294
31870
29292
29293
31711
29292
29294
31712
29293
29294
31871
31715
31874
31875
29299
29300
29301
31877
29299
29300
31718
29299
29301
31719
29300
29301
31878
31722
31881
31882
29304
29306
29304
29307
29308
29309
29306
29307
29308
29442
29308
29312
29443
29313
29444
29311
29313
29311
29314
29315
31899
31901
31903
29313
29314
29315
29449
29315
29450
29451
31906
31907
31909
29318
29320
29325
29326
29329
29318
29321
29322
29330
31913
31915
31917
29320
29321
29322
29456
31920
31922
31924
29322
29333
29457
29334
29458
31927
31928
31930
29327
29328
29329
31912
31919
29327
29328
31760
29327
29329
31761
31913
29328
29329
31920
31764
31916
31923
31917
31924
29332
29334
29332
29335
29336
29334
29335
29336
29470
29336
29471
29472
29339
29341
29339
29342
29343
29341
29342
29343
29477
29343
29478
29479
29346
29348
29346
29349
29350
29348
29349
29350
29484
29350
29485
29486
29353
29355
29353
29356
29357
29355
29356
29357
29491
29357
29492
29493
29362
29363
29364
31989
29362
29363
31830
29362
29364
31831
29363
29364
31990
31834
31993
31994
29367
29369
29367
29370
34283
29371
29373
29369
29370
34285
29371
29375
29505
29371
29506
34287
29377
29507
29374
29376
29374
29377
29378
29380
29376
29377
29378
29382
29512
29378
29513
29384
29514
29381
29383
29381
29384
29385
29387
29383
29384
29385
29389
29519
29385
29520
29391
29521
29388
29390
29388
29391
29392
34289
29390
29391
29392
29526
34291
29392
29527
29528
34293
29395
29397
29395
29398
29399
29401
29397
29398
29399
29403
29533
29399
29534
29405
29535
29402
29404
29402
29405
29406
29408
29404
29405
29406
29410
29540
29406
29541
29412
29542
29409
29411
29409
29412
29413
29411
29412
29413
29547
29413
29548
29549
29416
29418
29416
29419
34297
29420
32011
32013
32015
29418
29419
34299
29420
29554
29420
29555
34301
29556
32018
32019
32021
29425
29426
29427
32024
29425
29426
31865
29425
29427
31866
29426
29427
32025
31869
32028
32029
29432
29433
29434
32031
29432
29433
31872
29432
29434
31873
29433
29434
32032
31876
32035
32036
29439
29440
29441
32038
29439
29440
31879
29439
29441
31880
29440
29441
32039
31883
32042
32043
29444
29446
29444
29447
29448
29449
29446
29447
29448
29582
29448
29452
29583
29453
29584
29451
29453
29451
29454
29455
32060
32062
32064
29453
29454
29455
29589
29455
29590
29591
32067
32068
32070
29458
29460
29465
29466
29469
29458
29461
29462
29470
32074
32076
32078
29460
29461
29462
29596
32081
32083
32085
29462
29473
29597
29474
29598
32088
32089
32091
29467
29468
29469
32073
32080
29467
29468
31921
29467
29469
31922
32074
29468
29469
32081
31925
32077
32084
32078
32085
29472
29474
29472
29475
29476
29474
29475
29476
29610
29476
29611
29612
29479
29481
29479
29482
29483
29481
29482
29483
29617
29483
29618
29619
29486
29488
29486
29489
29490
29488
29489
29490
29624
29490
29625
29626
29493
29495
29493
29496
29497
29495
29496
29497
29631
29497
29632
29633
29502
29503
29504
32150
29502
29503
31991
29502
29504
31992
29503
29504
32151
31995
32154
32155
29507
29509
29507
29510
34332
29511
29513
29509
29510
34334
29511
29515
29645
29511
29646
34336
29517
29647
29514
29516
29514
29517
29518
29520
29516
29517
29518
29522
29652
29518
29653
29524
29654
29521
29523
29521
29524
29525
29527
29523
29524
29525
29529
29659
29525
29660
29531
29661
29528
29530
29528
29531
29532
34338
29530
29531
29532
29666
34340
29532
29667
29668
34342
29535
29537
29535
29538
29539
29541
29537
29538
29539
29543
29673
29539
29674
29545
29675
29542
29544
29542
29545
29546
29548
29544
29545
29546
29550
29680
29546
29681
29552
29682
29549
29551
29549
29552
29553
29551
29552
29553
29687
29553
29688
29689
29556
29558
29556
29559
34346
29560
32172
32174
32176
29558
29559
34348
29560
29694
29560
29695
34350
29696
32179
32180
32182
29565
29566
29567
32185
29565
29566
32026
29565
29567
32027
29566
29567
32186
32030
32189
32190
29572
29573
29574
32192
29572
29573
32033
29572
29574
32034
29573
29574
32193
32037
32196
32197
29579
29580
29581
32199
29579
29580
32040
29579
29581
32041
29580
29581
32200
32044
32203
32204
29584
29586
29584
29587
29588
29589
29586
29587
29588
29722
29588
29592
29723
29593
29724
29591
29593
29591
29594
29595
32221
32223
32225
29593
29594
29595
29729
29595
29730
29731
32228
32229
32231
29598
29600
29605
29606
29609
29598
29601
29602
29610
32235
32237
32239
29600
29601
29602
29736
32242
32244
32246
29602
29613
29737
29614
29738
32249
32250
32252
29607
29608
29609
32234
32241
29607
29608
32082
29607
29609
32083
32235
29608
29609
32242
32086
32238
32245
32239
32246
29612
29614
29612
29615
29616
29614
29615
29616
29750
29616
29751
29752
29619
29621
29619
29622
29623
29621
29622
29623
29757
29623
29758
29759
29626
29628
29626
29629
29630
29628
29629
29630
29764
29630
29765
29766
29633
29635
29633
29636
29637
29635
29636
29637
29771
29637
29772
29773
29642
29643
29644
32311
29642
29643
32152
29642
29644
32153
29643
29644
32312
32156
32315
32316
29647
29649
29647
29650
34381
29651
29653
29649
29650
34383
29651
29655
29785
29651
29786
34385
29657
29787
29654
29656
29654
29657
29658
29660
29656
29657
29658
29662
29792
29658
29793
29664
29794
29661
29663
29661
29664
29665
29667
29663
29664
29665
29669
29799
29665
29800
29671
29801
29668
29670
29668
29671
29672
34386
29670
29671
29672
29806
34387
29672
29807
29808
34388
29675
29677
29675
29678
29679
29681
29677
29678
29679
29683
29813
29679
29814
29685
29815
29682
29684
29682
29685
29686
29688
29684
29685
29686
29690
29820
29686
29821
29692
29822
29689
29691
29689
29692
29693
29691
29692
29693
29827
29693
29828
29829
29696
29698
29696
29699
34391
29700
32333
32335
32337
29698
29699
34393
29700
29834
29700
29835
34395
29836
32340
32341
32343
29705
29706
29707
32346
29705
29706
32187
29705
29707
32188
29706
29707
32347
32191
32350
32351
29712
29713
29714
32353
29712
29713
32194
29712
29714
32195
29713
29714
32354
32198
32357
32358
29719
29720
29721
32360
29719
29720
32201
29719
29721
32202
29720
29721
32361
32205
32364
32365
29724
29726
29724
29727
29728
29729
29726
29727
29728
29862
29728
29732
29863
29733
29864
29731
29733
29731
29734
29735
32382
32384
32386
29733
29734
29735
29869
29735
29870
29871
32389
32390
32392
29738
29740
29745
29746
29749
29738
29741
29742
29750
32396
32398
32400
29740
29741
29742
29876
32403
32405
32407
29742
29753
29877
29754
29878
32410
32411
32413
29747
29748
29749
32395
32402
29747
29748
32243
29747
29749
32244
32396
29748
29749
32403
32247
32399
32406
32400
32407
29752
29754
29752
29755
29756
29754
29755
29756
29890
29756
29891
29892
29759
29761
29759
29762
29763
29761
29762
29763
29897
29763
29898
29899
29766
29768
29766
29769
29770
29768
29769
29770
29904
29770
29905
29906
29773
29775
29773
29776
29777
29775
29776
29777
29911
29777
29912
29913
29782
29783
29784
32472
29782
29783
32313
29782
29784
32314
29783
29784
32473
32317
32476
32477
29787
29789
29787
29790
34426
29791
29793
29789
29790
34428
29791
29795
29925
29791
29926
34430
29797
29927
29794
29796
29794
29797
29798
29800
29796
29797
29798
29802
29932
29798
29933
29804
29934
29801
29803
29801
29804
29805
29807
29803
29804
29805
29809
29939
29805
29940
29811
29941
29808
29810
29808
29811
29812
34431
29810
29811
29812
29946
34432
29812
29947
29948
34433
29815
29817
29815
29818
29819
29821
29817
29818
29819
29823
29953
29819
29954
29825
29955
29822
29824
29822
29825
29826
29828
29824
29825
29826
29830
29960
29826
29961
29832
29962
29829
29831
29829
29832
29833
29831
29832
29833
29967
29833
29968
29969
29836
29838
29836
29839
34436
29840
32494
32496
32498
29838
29839
34438
29840
29974
29840
29975
34440
29976
32501
32502
32504
29845
29846
29847
32507
29845
29846
32348
29845
29847
32349
29846
29847
32508
32352
32511
32512
29852
29853
29854
32514
29852
29853
32355
29852
29854
32356
29853
29854
32515
32359
32518
32519
29859
29860
29861
32521
29859
29860
32362
29859
29861
32363
29860
29861
32522
32366
32525
32526
29864
29866
29864
29867
29868
29869
29866
29867
29868
30002
29868
29872
30003
29873
30004
29871
29873
29871
29874
29875
32543
32545
32547
29873
29874
29875
30009
29875
30010
30011
32550
32551
32553
29878
29880
29885
29886
29889
29878
29881
29882
29890
32557
32559
32561
29880
29881
29882
30016
32564
32566
32568
29882
29893
30017
29894
30018
32571
32572
32574
29887
29888
29889
32556
32563
29887
29888
32404
29887
29889
32405
32557
29888
29889
32564
32408
32560
32567
32561
32568
29892
29894
29892
29895
29896
29894
29895
29896
30030
29896
30031
30032
29899
29901
29899
29902
29903
29901
29902
29903
30037
29903
30038
30039
29906
29908
29906
29909
29910
29908
29909
29910
30044
29910
30045
30046
29913
29915
29913
29916
29917
29915
29916
29917
30051
29917
30052
30053
29922
29923
29924
32633
29922
29923
32474
29922
29924
32475
29923
29924
32634
32478
32637
32638
29927
29929
29927
29930
34471
29931
29933
29929
29930
34473
29931
29935
30065
29931
30066
34475
29937
30067
29934
29936
29934
29937
29938
29940
29936
29937
29938
29942
30072
29938
30073
29944
30074
29941
29943
29941
29944
29945
29947
29943
29944
29945
29949
30079
29945
30080
29951
30081
29948
29950
29948
29951
29952
34476
29950
29951
29952
30086
34477
29952
30087
30088
34478
29955
29957
29955
29958
29959
29961
29957
29958
29959
29963
30093
29959
30094
29965
30095
29962
29964
29962
29965
29966
29968
29964
29965
29966
29970
30100
29966
30101
29972
30102
29969
29971
29969
29972
29973
29971
29972
29973
30107
29973
30108
30109
29976
29978
29976
29979
34481
29980
32655
32657
32659
29978
29979
34483
29980
30121
29980
30122
34485
30123
32662
32663
32665
29985
29986
29987
32668
29985
29986
32509
29985
29987
32510
29986
29987
32669
32513
32672
32673
29992
29993
29994
32675
29992
29993
32516
29992
29994
32517
29993
29994
32676
32520
32679
32680
29999
30000
30001
32682
29999
30000
32523
29999
30001
32524
30000
30001
32683
32527
32686
32687
30004
30006
30004
30007
30008
30009
30006
30007
30008
30149
30008
30012
30150
30013
30151
30011
30013
30011
30014
30015
32704
32706
32708
30013
30014
30015
30156
30015
30157
30158
32711
32712
32714
30018
30020
30025
30026
30029
30018
30021
30022
30030
32718
32720
32722
30020
30021
30022
30163
32725
32727
32729
30022
30033
30164
30034
30165
32732
32733
32735
30027
30028
30029
32717
32724
30027
30028
32565
30027
30029
32566
32718
30028
30029
32725
32569
32721
32728
32722
32729
30032
30034
30032
30035
30036
30034
30035
30036
30177
30036
30178
30179
30039
30041
30039
30042
30043
30041
30042
30043
30184
30043
30185
30186
30046
30048
30046
30049
30050
30048
30049
30050
30191
30050
30192
30193
30053
30055
30053
30056
30057
30055
30056
30057
30198
30057
30199
30200
30062
30063
30064
32794
30062
30063
32635
30062
30064
32636
30063
30064
32795
32639
32798
32799
30067
30069
30067
30070
34516
30071
30073
30069
30070
34518
30071
30075
30212
30071
30213
34520
30077
30214
30074
30076
30074
30077
30078
30080
30076
30077
30078
30082
30219
30078
30220
30084
30221
30081
30083
30081
30084
30085
30087
30083
30084
30085
30089
30226
30085
30227
30091
30228
30088
30090
30088
30091
30092
34521
30090
30091
30092
30233
34522
30092
30234
30235
34523
30095
30097
30095
30098
30099
30101
30097
30098
30099
30103
30240
30099
30241
30105
30242
30102
30104
30102
30105
30106
30108
30104
30105
30106
30110
30247
30106
30248
30112
30249
30109
30111
30109
30112
30113
30115
30111
30112
30113
30117
30254
30113
30255
30119
30256
30116
30118
30116
30119
30120
30118
30119
30120
30261
30120
30262
30263
30123
30125
30123
30126
34526
30127
32823
32825
32827
30125
30126
34528
30127
30268
30127
30269
34530
30270
32830
32831
32833
30132
30133
30134
32836
30132
30133
32670
30132
30134
32671
30133
30134
32837
32674
32840
32841
30139
30140
30141
32843
30139
30140
32677
30139
30141
32678
30140
30141
32844
32681
32847
32848
30146
30147
30148
32850
30146
30147
32684
30146
30148
32685
30147
30148
32851
32688
32854
32855
30151
30153
30151
30154
30155
30156
30153
30154
30155
30296
30155
30159
30297
30160
30298
30158
30160
30158
30161
30162
32872
32874
32876
30160
30161
30162
30303
30162
30304
30305
32879
32880
32882
30165
30167
30172
30173
30176
30165
30168
30169
30177
32886
32888
32890
30167
30168
30169
30310
32893
32895
32897
30169
30180
30311
30181
30312
32900
32901
32903
30174
30175
30176
32885
32892
30174
30175
32726
30174
30176
32727
32886
30175
30176
32893
32730
32889
32896
32890
32897
30179
30181
30179
30182
30183
30181
30182
30183
30324
30183
30325
30326
30186
30188
30186
30189
30190
30188
30189
30190
30331
30190
30332
30333
30193
30195
30193
30196
30197
30195
30196
30197
30338
30197
30339
30340
30200
30202
30200
30203
30204
30202
30203
30204
30345
30204
30346
30347
30209
30210
30211
32962
30209
30210
32796
30209
30211
32797
30210
30211
32963
32800
32966
32967
30214
30216
30214
30217
34561
30218
30220
30216
30217
34563
30218
30222
30352
30218
30353
34565
30224
30354
30221
30223
30221
30224
30225
30227
30223
30224
30225
30229
30359
30225
30360
30231
30361
30228
30230
30228
30231
30232
30234
30230
30231
30232
30236
30366
30232
30367
30238
30368
30235
30237
30235
30238
30239
34566
30237
30238
30239
30373
34567
30239
30374
30375
34568
30242
30244
30242
30245
30246
30248
30244
30245
30246
30250
30380
30246
30381
30252
30382
30249
30251
30249
30252
30253
30255
30251
30252
30253
30257
30387
30253
30388
30259
30389
30256
30258
30256
30259
30260
30262
30258
30259
30260
30264
30394
30260
30395
30266
30396
30263
30265
30263
30266
30267
30265
30266
30267
30401
30267
30402
30403
30270
30272
30270
30273
34571
30274
32998
33000
33002
30272
30273
34573
30274
30408
30274
30409
34575
30410
33005
33006
33008
30279
30280
30281
33011
30279
30280
32838
30279
30281
32839
30280
30281
33012
32842
33015
33016
30286
30287
30288
33018
30286
30287
32845
30286
30288
32846
30287
30288
33019
32849
33022
33023
30293
30294
30295
33025
30293
30294
32852
30293
30295
32853
30294
30295
33026
32856
33029
33030
30298
30300
30298
30301
30302
30303
30300
30301
30302
30436
30302
30306
30437
30307
30438
30305
30307
30305
30308
30309
33047
33049
33051
30307
30308
30309
30443
30309
30444
30445
33054
33055
33057
30312
30314
30319
30320
30323
30312
30315
30316
30324
33061
33063
33065
30314
30315
30316
30450
33068
33070
33072
30316
30327
30451
30328
30452
33075
33076
33078
30321
30322
30323
33060
33067
30321
30322
32894
30321
30323
32895
33061
30322
30323
33068
32898
33064
33071
33065
33072
30326
30328
30326
30329
30330
30328
30329
30330
30464
30330
30465
30466
30333
30335
30333
30336
30337
30335
30336
30337
30471
30337
30472
30473
30340
30342
30340
30343
30344
30342
30343
30344
30478
30344
30479
30480
30347
30349
30347
30350
30351
30349
30350
30351
30485
30351
30486
30487
30354
30356
30354
30357
34606
30358
30360
30356
30357
34608
30358
30362
30492
30358
30493
34610
30364
30494
30361
30363
30361
30364
30365
30367
30363
30364
30365
30369
30499
30365
30500
30371
30501
30368
30370
30368
30371
30372
30374
30370
30371
30372
30376
30506
30372
30507
30378
30508
30375
30377
30375
30378
30379
30377
30378
30379
30513
30379
30514
30515
30382
30384
30382
30385
30386
30388
30384
30385
30386
30390
30520
30386
30521
30392
30522
30389
30391
30389
30392
30393
30395
30391
30392
30393
30397
30527
30393
30528
30399
30529
30396
30398
30396
30399
30400
30402
30398
30399
30400
30404
30534
30400
30535
30406
30536
30403
30405
30403
30406
30407
30405
30406
30407
30541
34611
30407
30542
30543
34612
30410
30412
30410
30413
34615
30414
33169
33171
33173
30412
30413
34617
30414
30548
30414
30549
34619
30550
33176
33177
33179
30419
30420
30421
33182
30419
30420
33013
30419
30421
33014
30420
30421
33183
33017
33186
33187
30426
30427
30428
33189
30426
30427
33020
30426
30428
33021
30427
30428
33190
33024
33193
33194
30433
30434
30435
33196
30433
30434
33027
30433
30435
33028
30434
30435
33197
33031
33200
33201
30438
30440
30438
30441
30442
30443
30440
30441
30442
30576
30442
30446
30577
30447
30578
30445
30447
30445
30448
30449
33218
33220
33222
30447
30448
30449
30583
30449
30584
30585
33225
33226
33228
30452
30454
30459
30460
30463
30452
30455
30456
30464
33232
33234
33236
30454
30455
30456
30590
33239
33241
33243
30456
30467
30591
30468
30592
33246
33247
33249
30461
30462
30463
33231
33238
30461
30462
33069
30461
30463
33070
33232
30462
30463
33239
33073
33235
33242
33236
33243
30466
30468
30466
30469
30470
30468
30469
30470
30604
30470
30605
30606
30473
30475
30473
30476
30477
30475
30476
30477
30611
30477
30612
30613
30480
30482
30480
30483
30484
30482
30483
30484
30618
30484
30619
30620
30487
30489
30487
30490
30491
30489
30490
30491
30625
30491
30626
30627
30494
30496
30494
30497
34650
30498
30500
30496
30497
34652
30498
30502
30632
30498
30633
34654
30504
30634
30501
30503
30501
30504
30505
30507
30503
30504
30505
30509
30639
30505
30640
30511
30641
30508
30510
30508
30511
30512
30514
30510
30511
30512
30516
30646
30512
30647
30518
30648
30515
30517
30515
30518
30519
30517
30518
30519
30653
30519
30654
30655
30522
30524
30522
30525
30526
30528
30524
30525
30526
30530
30660
30526
30661
30532
30662
30529
30531
30529
30532
30533
30535
30531
30532
30533
30537
30667
30533
30668
30539
30669
30536
30538
30536
30539
30540
30542
30538
30539
30540
30544
30674
30540
30675
30546
30676
30543
30545
30543
30546
30547
34656
30545
30546
30547
30681
34658
30547
30682
30683
34660
30550
30552
30550
30553
34664
30554
33351
33353
33355
30552
30553
34666
30554
30688
30554
30689
34668
30690
33357
33361
33362
30559
30560
30561
33367
30559
30560
33184
30559
30561
33185
30560
30561
33368
33188
33369
33370
30566
30567
30568
33374
30566
30567
33191
30566
30568
33192
30567
30568
33375
33195
33376
33377
30573
30574
30575
33381
30573
30574
33198
30573
30575
33199
30574
30575
33382
33202
33383
33384
30578
30580
30578
30581
30582
30583
30580
30581
30582
30721
30582
30586
30722
30587
30723
30585
30587
30585
30588
30589
33400
33402
33404
30587
30588
30589
30728
30589
30729
30730
33406
33410
33411
30592
30594
30599
30600
30603
30592
30595
30596
30604
33414
33416
33418
30594
30595
30596
30735
33421
33424
33426
30596
30607
30736
30608
30737
33427
33431
33432
30601
30602
30603
33413
33423
30601
30602
33240
30601
30603
33241
33414
30602
30603
33424
33244
33417
33425
33418
33426
30606
30608
30606
30609
30610
30608
30609
30610
30749
30610
30750
30751
30613
30615
30613
30616
30617
30615
30616
30617
30756
30617
30757
30758
30620
30622
30620
30623
30624
30622
30623
30624
30763
30624
30764
30765
30627
30629
30627
30630
30631
30629
30630
30631
30770
30631
30771
30772
30634
30636
30634
30637
34699
30638
30640
30636
30637
34701
30638
30642
30777
30638
30778
34703
30644
30779
30641
30643
30641
30644
30645
30647
30643
30644
30645
30649
30784
30645
30785
30651
30786
30648
30650
30648
30651
30652
30654
30650
30651
30652
30656
30791
30652
30792
30658
30793
30655
30657
30655
30658
30659
30657
30658
30659
30798
30659
30799
30800
30662
30664
30662
30665
30666
30668
30664
30665
30666
30670
30666
30672
30669
30671
30669
30672
30673
30675
30671
30672
30673
30677
30673
30679
30676
30678
30676
30679
30680
30682
30678
30679
30680
30684
30680
30686
30683
30685
30683
30686
30687
34705
30685
30686
30687
34707
30687
34709
30690
30692
30690
30693
34713
30694
30922
30924
30926
30692
30693
34715
30694
30694
34717
30697
30697
30698
30699
30699
30704
30705
30706
30704
30705
33364
30704
30706
33365
30705
30706
33366
30711
30712
30713
30711
30712
33371
30711
30713
33372
30712
30713
33373
30718
30719
30720
30718
30719
33378
30718
30720
33379
30719
30720
33380
30723
30725
30723
30726
30727
30728
30725
30726
30727
30727
30731
30732
30730
30732
30730
30733
30734
30936
30938
30940
30732
30733
30734
30734
30737
30739
30744
30745
30748
30737
30740
30741
30749
30971
30973
30975
30739
30740
30741
30741
30752
30753
30746
30747
30748
30970
30746
30747
33420
30746
30748
30971
33421
30747
30748
30974
33422
30975
30751
30753
30751
30754
30755
30753
30754
30755
30755
30758
30760
30758
30761
30762
30760
30761
30762
30762
30765
30767
30765
30768
30769
30767
30768
30769
30769
30772
30774
30772
30775
30776
30774
30775
30776
30776
30779
30781
30779
30782
34748
30783
30785
30781
30782
34750
30783
30787
30783
34752
30789
30786
30788
30786
30789
30790
30792
30788
30789
30790
30794
30790
30796
30793
30795
30793
30796
30797
30799
30795
30796
30797
30801
30797
30803
30800
30802
30800
30803
30804
30802
30803
30804
30804
30807
30809
30807
30810
30811
30813
30809
30810
30811
30815
30811
30817
30814
30816
30814
30817
30818
30820
30816
30817
30818
30822
30818
30824
30821
30823
30821
30824
31006
31009
31011
30825
30827
31013
31016
31018
30823
30824
30825
30829
30825
30831
30828
30830
30828
30831
31020
31023
31025
30832
30834
31027
31030
31032
30830
30831
30832
30836
30832
30838
30835
30837
30835
30838
30839
30841
30837
30838
30839
30843
30839
30845
30842
30844
30842
30845
30846
30844
30845
30846
30846
30849
30851
30849
30852
30853
30851
30852
30853
30853
30856
30858
30856
30859
30860
30858
30859
30860
30860
30863
30865
30863
30866
30867
30865
30866
30867
30867
30870
30872
30870
30873
30874
30875
30872
30873
30874
30874
30878
30879
30877
30879
30877
30880
30881
31076
31077
31081
30879
30880
30881
30881
30884
30886
30884
30887
30888
30886
30887
30888
30888
30891
30893
31083
31084
31088
30891
30894
30895
30893
30894
30895
30895
30898
30900
30898
30901
30902
30900
30901
30902
30902
30905
30907
30905
30908
30909
30911
30907
30908
30909
30913
30909
30915
30912
30914
31104
31105
31109
30912
30915
30916
30914
30915
30916
30916
30918
30919
30920
30920
30925
30926
30927
30925
30926
33357
30925
30927
33358
30926
30927
33359
30932
30933
30934
30932
30933
30932
30934
30933
30934
30939
30940
30941
30939
30940
33406
30939
30941
33407
30940
30941
33408
30946
30947
30948
30946
30947
30950
30946
30948
30947
30948
30951
30953
30953
30954
30955
30956
30953
30954
30953
30955
30954
30955
30958
30960
30962
30960
30961
30962
30960
30961
30964
30960
30962
30961
30962
30965
30967
30967
30968
30969
30967
30968
30967
30969
30968
30969
30974
30975
30976
30974
30975
33427
30974
30976
33428
30975
30976
33429
30981
30982
30983
30981
30982
33441
30981
30983
33442
30982
30983
33443
30988
30989
30990
30988
30989
33455
30988
30990
33456
30989
30990
33457
30995
30996
30997
30995
30996
30995
30997
30996
30997
31000
31003
33315
31000
31004
31001
31003
31004
31003
31004
33316
33317
31007
31010
31007
31011
31013
31008
31014
31010
31011
31015
31010
31011
31018
31014
31017
31019
31014
31018
31015
31017
31018
31017
31018
31023
31024
31021
31024
31021
31025
31027
31022
31028
31024
31025
31029
31024
31025
31032
31028
31031
31028
31032
31029
31031
31032
31031
31032
31035
31038
33329
31035
31039
31041
31036
31038
31039
31038
31039
31044
33330
33331
31046
31042
31045
33343
31042
31046
31043
31045
31046
31045
31046
33344
33345
31050
31053
34001
31051
31053
34002
31050
31051
31052
31052
31053
34003
31057
31060
34015
31058
31060
34016
31057
31058
31059
31059
31060
34017
31064
31067
34029
31065
31067
34030
31064
31065
31066
31066
31067
34031
31070
31073
33392
31070
31074
31071
31073
31074
31073
31074
33393
33394
31078
31079
31078
31081
31079
31081
31080
31080
31081
31085
31086
31085
31088
31086
31088
31087
31087
31088
31092
31095
33469
31093
31095
33470
31092
31093
31094
31094
31095
33471
31098
31101
33483
31098
31102
31099
31101
31102
31101
31102
33484
33485
31106
31107
31106
31109
31107
31109
31108
31108
31109
31114
31115
31116
31114
31115
31114
31116
31139
31115
31116
31140
31142
31121
31122
31123
31131
31121
31122
31121
31123
31122
31123
31132
31135
31136
31128
31129
31130
31131
31128
31129
31128
31130
31133
31129
31130
31135
31137
31135
31136
31137
31135
31136
31135
31137
31153
31136
31137
31154
31156
31142
31143
31144
31145
31142
31143
31142
31144
31143
31144
31146
31149
31150
31149
31150
31151
31149
31150
31149
31151
31216
31150
31151
31217
31219
31156
31157
31158
31166
31156
31157
31156
31158
31157
31158
31167
31170
31171
31163
31164
31165
31166
31163
31164
31163
31165
31168
31164
31165
31170
31172
31170
31171
31172
31170
31171
31170
31172
31230
31171
31172
31231
31233
31177
31178
31179
31177
31178
31177
31179
31262
31178
31179
31263
31265
31184
31185
31186
31187
31184
31185
31184
31186
31185
31186
31189
31191
31193
31191
31192
31193
31191
31192
31191
31193
31276
31192
31193
31277
31279
31198
31199
31200
31198
31199
31198
31200
31297
31199
31200
31298
31300
31205
31206
31207
31208
31205
31206
31205
31207
31206
31207
31209
31212
31213
31212
31213
31214
31212
31213
31212
31214
31325
31213
31214
31326
31328
31219
31220
31221
31222
31219
31220
31219
31221
31220
31221
31223
31226
31227
31226
31227
31228
31226
31227
31226
31228
31339
31227
31228
31340
31342
31233
31234
31235
31243
31233
31234
31233
31235
31234
31235
31244
31247
31248
31240
31241
31242
31243
31240
31241
31240
31242
31245
31241
31242
31247
31249
31247
31248
31249
31247
31248
31247
31249
31353
31248
31249
31354
31356
31252
31253
31252
31253
31258
31259
31260
31258
31259
31258
31260
31395
31259
31260
31396
31398
31265
31266
31267
31268
31265
31266
31265
31267
31266
31267
31269
31272
31273
31272
31273
31274
31272
31273
31272
31274
31409
31273
31274
31410
31412
31279
31280
31281
31289
31279
31280
31279
31281
31280
31281
31290
31293
31294
31286
31287
31288
31289
31286
31287
31286
31288
31287
31288
31291
31293
31295
31293
31294
31295
31293
31294
31293
31295
31423
31294
31295
31424
31426
31300
31301
31302
31303
31300
31301
31300
31302
31301
31302
31304
31307
31308
31307
31308
31309
31307
31308
31307
31309
31444
31308
31309
31445
31447
31314
31315
31316
31317
31314
31315
31314
31316
31315
31316
31318
31321
31322
31321
31322
31323
31321
31322
31321
31323
31458
31322
31323
31459
31461
31328
31329
31330
31331
31328
31329
31328
31330
31329
31330
31332
31335
31336
31335
31336
31337
31335
31336
31335
31337
31472
31336
31337
31473
31475
31342
31343
31344
31345
31342
31343
31342
31344
31343
31344
31346
31349
31350
31349
31350
31351
31349
31350
31349
31351
31486
31350
31351
31487
31489
31356
31357
31358
31366
31356
31357
31356
31358
31357
31358
31367
31370
31371
31363
31364
31365
31366
31363
31364
31363
31365
31368
31364
31365
31370
31372
31370
31371
31372
31370
31371
31370
31372
31500
31371
31372
31501
31503
31377
31378
31379
31377
31378
31377
31379
31378
31379
31384
31385
31386
31384
31385
31384
31386
31385
31386
31391
31392
31393
31391
31392
31391
31393
31392
31393
31398
31399
31400
31401
31398
31399
31398
31400
31399
31400
31402
31405
31406
31405
31406
31407
31405
31406
31405
31407
31563
31406
31407
31564
31566
31412
31413
31414
31415
31412
31413
31412
31414
31413
31414
31416
31419
31420
31419
31420
31421
31419
31420
31419
31421
31577
31420
31421
31578
31580
31426
31427
31428
31436
31426
31427
31426
31428
31427
31428
31437
31440
31441
31433
31434
31435
31436
31433
31434
31433
31435
31434
31435
31438
31440
31442
31440
31441
31442
31440
31441
31440
31442
31591
31441
31442
31592
31594
31447
31448
31449
31450
31447
31448
31447
31449
31448
31449
31451
31454
31455
31454
31455
31456
31454
31455
31454
31456
31612
31455
31456
31613
31615
31461
31462
31463
31464
31461
31462
31461
31463
31462
31463
31465
31468
31469
31468
31469
31470
31468
31469
31468
31470
31626
31469
31470
31627
31629
31475
31476
31477
31478
31475
31476
31475
31477
31476
31477
31479
31482
31483
31482
31483
31484
31482
31483
31482
31484
31640
31483
31484
31641
31643
31489
31490
31491
31492
31489
31490
31489
31491
31490
31491
31493
31496
31497
31496
31497
31498
31496
31497
31496
31498
31654
31497
31498
31655
31657
31503
31504
31505
31503
31504
31503
31505
31504
31505
31510
31511
31512
31510
31511
31510
31512
31511
31512
31517
31518
31519
31520
31517
31518
31517
31519
31518
31519
31521
31524
31525
31524
31525
31526
31524
31525
31524
31526
31675
31525
31526
31676
31678
31531
31532
31533
31534
31531
31532
31531
31533
31532
31533
31535
31538
31539
31538
31539
31540
31538
31539
31538
31540
31689
31539
31540
31690
31692
31545
31546
31547
31545
31546
31545
31547
31546
31547
31552
31553
31554
31552
31553
31552
31554
31553
31554
31559
31560
31561
31559
31560
31559
31561
31560
31561
31566
31567
31568
31569
31566
31567
31566
31568
31567
31568
31570
31573
31574
31573
31574
31575
31573
31574
31573
31575
31724
31574
31575
31725
31727
31580
31581
31582
31583
31580
31581
31580
31582
31581
31582
31584
31587
31588
31587
31588
31589
31587
31588
31587
31589
31738
31588
31589
31739
31741
31594
31595
31596
31604
31594
31595
31594
31596
31595
31596
31605
31608
31609
31601
31602
31603
31604
31601
31602
31601
31603
31602
31603
31606
31608
31610
31608
31609
31610
31608
31609
31608
31610
31752
31609
31610
31753
31755
31615
31616
31617
31618
31615
31616
31615
31617
31616
31617
31619
31622
31623
31622
31623
31624
31622
31623
31622
31624
31773
31623
31624
31774
31776
31629
31630
31631
31632
31629
31630
31629
31631
31630
31631
31633
31636
31637
31636
31637
31638
31636
31637
31636
31638
31787
31637
31638
31788
31790
31643
31644
31645
31646
31643
31644
31643
31645
31644
31645
31647
31650
31651
31650
31651
31652
31650
31651
31650
31652
31801
31651
31652
31802
31804
31657
31658
31659
31660
31657
31658
31657
31659
31658
31659
31661
31664
31665
31664
31665
31666
31664
31665
31664
31666
31815
31665
31666
31816
31818
31671
31672
31673
31671
31672
31671
31673
31672
31673
31678
31679
31680
31681
31678
31679
31678
31680
31679
31680
31682
31685
31686
31685
31686
31687
31685
31686
31685
31687
31836
31686
31687
31837
31839
31692
31693
31694
31695
31692
31693
31692
31694
31693
31694
31696
31699
31700
31699
31700
31701
31699
31700
31699
31701
31850
31700
31701
31851
31853
31706
31707
31708
31706
31707
31706
31708
31707
31708
31713
31714
31715
31713
31714
31713
31715
31714
31715
31720
31721
31722
31720
31721
31720
31722
31721
31722
31727
31728
31729
31730
31727
31728
31727
31729
31728
31729
31731
31734
31735
31734
31735
31736
31734
31735
31734
31736
31885
31735
31736
31886
31888
31741
31742
31743
31744
31741
31742
31741
31743
31742
31743
31745
31748
31749
31748
31749
31750
31748
31749
31748
31750
31899
31749
31750
31900
31902
31755
31756
31757
31765
31755
31756
31755
31757
31756
31757
31766
31769
31770
31762
31763
31764
31765
31762
31763
31762
31764
31763
31764
31767
31769
31771
31769
31770
31771
31769
31770
31769
31771
31913
31770
31771
31914
31916
31776
31777
31778
31779
31776
31777
31776
31778
31777
31778
31780
31783
31784
31783
31784
31785
31783
31784
31783
31785
31934
31784
31785
31935
31937
31790
31791
31792
31793
31790
31791
31790
31792
31791
31792
31794
31797
31798
31797
31798
31799
31797
31798
31797
31799
31948
31798
31799
31949
31951
31804
31805
31806
31807
31804
31805
31804
31806
31805
31806
31808
31811
31812
31811
31812
31813
31811
31812
31811
31813
31962
31812
31813
31963
31965
31818
31819
31820
31821
31818
31819
31818
31820
31819
31820
31822
31825
31826
31825
31826
31827
31825
31826
31825
31827
31976
31826
31827
31977
31979
31832
31833
31834
31832
31833
31832
31834
31833
31834
31839
31840
31841
31842
31839
31840
31839
31841
31840
31841
31843
31846
31847
31846
31847
31848
31846
31847
31846
31848
31997
31847
31848
31998
32000
31853
31854
31855
31856
31853
31854
31853
31855
31854
31855
31857
31860
31861
31860
31861
31862
31860
31861
31860
31862
32011
31861
31862
32012
32014
31867
31868
31869
31867
31868
31867
31869
31868
31869
31874
31875
31876
31874
31875
31874
31876
31875
31876
31881
31882
31883
31881
31882
31881
31883
31882
31883
31888
31889
31890
31891
31888
31889
31888
31890
31889
31890
31892
31895
31896
31895
31896
31897
31895
31896
31895
31897
32046
31896
31897
32047
32049
31902
31903
31904
31905
31902
31903
31902
31904
31903
31904
31906
31909
31910
31909
31910
31911
31909
31910
31909
31911
32060
31910
31911
32061
32063
31916
31917
31918
31926
31916
31917
31916
31918
31917
31918
31927
31930
31931
31923
31924
31925
31926
31923
31924
31923
31925
31924
31925
31928
31930
31932
31930
31931
31932
31930
31931
31930
31932
32074
31931
31932
32075
32077
31937
31938
31939
31940
31937
31938
31937
31939
31938
31939
31941
31944
31945
31944
31945
31946
31944
31945
31944
31946
32095
31945
31946
32096
32098
31951
31952
31953
31954
31951
31952
31951
31953
31952
31953
31955
31958
31959
31958
31959
31960
31958
31959
31958
31960
32109
31959
31960
32110
32112
31965
31966
31967
31968
31965
31966
31965
31967
31966
31967
31969
31972
31973
31972
31973
31974
31972
31973
31972
31974
32123
31973
31974
32124
32126
31979
31980
31981
31982
31979
31980
31979
31981
31980
31981
31983
31986
31987
31986
31987
31988
31986
31987
31986
31988
32137
31987
31988
32138
32140
31993
31994
31995
31993
31994
31993
31995
31994
31995
32000
32001
32002
32003
32000
32001
32000
32002
32001
32002
32004
32007
32008
32007
32008
32009
32007
32008
32007
32009
32158
32008
32009
32159
32161
32014
32015
32016
32017
32014
32015
32014
32016
32015
32016
32018
32021
32022
32021
32022
32023
32021
32022
32021
32023
32172
32022
32023
32173
32175
32028
32029
32030
32028
32029
32028
32030
32029
32030
32035
32036
32037
32035
32036
32035
32037
32036
32037
32042
32043
32044
32042
32043
32042
32044
32043
32044
32049
32050
32051
32052
32049
32050
32049
32051
32050
32051
32053
32056
32057
32056
32057
32058
32056
32057
32056
32058
32207
32057
32058
32208
32210
32063
32064
32065
32066
32063
32064
32063
32065
32064
32065
32067
32070
32071
32070
32071
32072
32070
32071
32070
32072
32221
32071
32072
32222
32224
32077
32078
32079
32087
32077
32078
32077
32079
32078
32079
32088
32091
32092
32084
32085
32086
32087
32084
32085
32084
32086
32085
32086
32089
32091
32093
32091
32092
32093
32091
32092
32091
32093
32235
32092
32093
32236
32238
32098
32099
32100
32101
32098
32099
32098
32100
32099
32100
32102
32105
32106
32105
32106
32107
32105
32106
32105
32107
32256
32106
32107
32257
32259
32112
32113
32114
32115
32112
32113
32112
32114
32113
32114
32116
32119
32120
32119
32120
32121
32119
32120
32119
32121
32270
32120
32121
32271
32273
32126
32127
32128
32129
32126
32127
32126
32128
32127
32128
32130
32133
32134
32133
32134
32135
32133
32134
32133
32135
32284
32134
32135
32285
32287
32140
32141
32142
32143
32140
32141
32140
32142
32141
32142
32144
32147
32148
32147
32148
32149
32147
32148
32147
32149
32298
32148
32149
32299
32301
32154
32155
32156
32154
32155
32154
32156
32155
32156
32161
32162
32163
32164
32161
32162
32161
32163
32162
32163
32165
32168
32169
32168
32169
32170
32168
32169
32168
32170
32319
32169
32170
32320
32322
32175
32176
32177
32178
32175
32176
32175
32177
32176
32177
32179
32182
32183
32182
32183
32184
32182
32183
32182
32184
32333
32183
32184
32334
32336
32189
32190
32191
32189
32190
32189
32191
32190
32191
32196
32197
32198
32196
32197
32196
32198
32197
32198
32203
32204
32205
32203
32204
32203
32205
32204
32205
32210
32211
32212
32213
32210
32211
32210
32212
32211
32212
32214
32217
32218
32217
32218
32219
32217
32218
32217
32219
32368
32218
32219
32369
32371
32224
32225
32226
32227
32224
32225
32224
32226
32225
32226
32228
32231
32232
32231
32232
32233
32231
32232
32231
32233
32382
32232
32233
32383
32385
32238
32239
32240
32248
32238
32239
32238
32240
32239
32240
32249
32252
32253
32245
32246
32247
32248
32245
32246
32245
32247
32246
32247
32250
32252
32254
32252
32253
32254
32252
32253
32252
32254
32396
32253
32254
32397
32399
32259
32260
32261
32262
32259
32260
32259
32261
32260
32261
32263
32266
32267
32266
32267
32268
32266
32267
32266
32268
32417
32267
32268
32418
32420
32273
32274
32275
32276
32273
32274
32273
32275
32274
32275
32277
32280
32281
32280
32281
32282
32280
32281
32280
32282
32431
32281
32282
32432
32434
32287
32288
32289
32290
32287
32288
32287
32289
32288
32289
32291
32294
32295
32294
32295
32296
32294
32295
32294
32296
32445
32295
32296
32446
32448
32301
32302
32303
32304
32301
32302
32301
32303
32302
32303
32305
32308
32309
32308
32309
32310
32308
32309
32308
32310
32459
32309
32310
32460
32462
32315
32316
32317
32315
32316
32315
32317
32316
32317
32322
32323
32324
32325
32322
32323
32322
32324
32323
32324
32326
32329
32330
32329
32330
32331
32329
32330
32329
32331
32480
32330
32331
32481
32483
32336
32337
32338
32339
32336
32337
32336
32338
32337
32338
32340
32343
32344
32343
32344
32345
32343
32344
32343
32345
32494
32344
32345
32495
32497
32350
32351
32352
32350
32351
32350
32352
32351
32352
32357
32358
32359
32357
32358
32357
32359
32358
32359
32364
32365
32366
32364
32365
32364
32366
32365
32366
32371
32372
32373
32374
32371
32372
32371
32373
32372
32373
32375
32378
32379
32378
32379
32380
32378
32379
32378
32380
32529
32379
32380
32530
32532
32385
32386
32387
32388
32385
32386
32385
32387
32386
32387
32389
32392
32393
32392
32393
32394
32392
32393
32392
32394
32543
32393
32394
32544
32546
32399
32400
32401
32409
32399
32400
32399
32401
32400
32401
32410
32413
32414
32406
32407
32408
32409
32406
32407
32406
32408
32407
32408
32411
32413
32415
32413
32414
32415
32413
32414
32413
32415
32557
32414
32415
32558
32560
32420
32421
32422
32423
32420
32421
32420
32422
32421
32422
32424
32427
32428
32427
32428
32429
32427
32428
32427
32429
32578
32428
32429
32579
32581
32434
32435
32436
32437
32434
32435
32434
32436
32435
32436
32438
32441
32442
32441
32442
32443
32441
32442
32441
32443
32592
32442
32443
32593
32595
32448
32449
32450
32451
32448
32449
32448
32450
32449
32450
32452
32455
32456
32455
32456
32457
32455
32456
32455
32457
32606
32456
32457
32607
32609
32462
32463
32464
32465
32462
32463
32462
32464
32463
32464
32466
32469
32470
32469
32470
32471
32469
32470
32469
32471
32620
32470
32471
32621
32623
32476
32477
32478
32476
32477
32476
32478
32477
32478
32483
32484
32485
32486
32483
32484
32483
32485
32484
32485
32487
32490
32491
32490
32491
32492
32490
32491
32490
32492
32641
32491
32492
32642
32644
32497
32498
32499
32500
32497
32498
32497
32499
32498
32499
32501
32504
32505
32504
32505
32506
32504
32505
32504
32506
32655
32505
32506
32656
32658
32511
32512
32513
32511
32512
32511
32513
32512
32513
32518
32519
32520
32518
32519
32518
32520
32519
32520
32525
32526
32527
32525
32526
32525
32527
32526
32527
32532
32533
32534
32535
32532
32533
32532
32534
32533
32534
32536
32539
32540
32539
32540
32541
32539
32540
32539
32541
32690
32540
32541
32691
32693
32546
32547
32548
32549
32546
32547
32546
32548
32547
32548
32550
32553
32554
32553
32554
32555
32553
32554
32553
32555
32704
32554
32555
32705
32707
32560
32561
32562
32570
32560
32561
32560
32562
32561
32562
32571
32574
32575
32567
32568
32569
32570
32567
32568
32567
32569
32568
32569
32572
32574
32576
32574
32575
32576
32574
32575
32574
32576
32718
32575
32576
32719
32721
32581
32582
32583
32584
32581
32582
32581
32583
32582
32583
32585
32588
32589
32588
32589
32590
32588
32589
32588
32590
32739
32589
32590
32740
32742
32595
32596
32597
32598
32595
32596
32595
32597
32596
32597
32599
32602
32603
32602
32603
32604
32602
32603
32602
32604
32753
32603
32604
32754
32756
32609
32610
32611
32612
32609
32610
32609
32611
32610
32611
32613
32616
32617
32616
32617
32618
32616
32617
32616
32618
32767
32617
32618
32768
32770
32623
32624
32625
32626
32623
32624
32623
32625
32624
32625
32627
32630
32631
32630
32631
32632
32630
32631
32630
32632
32781
32631
32632
32782
32784
32637
32638
32639
32637
32638
32637
32639
32638
32639
32644
32645
32646
32647
32644
32645
32644
32646
32645
32646
32648
32651
32652
32651
32652
32653
32651
32652
32651
32653
32802
32652
32653
32803
32805
32658
32659
32660
32661
32658
32659
32658
32660
32659
32660
32662
32665
32666
32665
32666
32667
32665
32666
32665
32667
32823
32666
32667
32824
32826
32672
32673
32674
32672
32673
32672
32674
32673
32674
32679
32680
32681
32679
32680
32679
32681
32680
32681
32686
32687
32688
32686
32687
32686
32688
32687
32688
32693
32694
32695
32696
32693
32694
32693
32695
32694
32695
32697
32700
32701
32700
32701
32702
32700
32701
32700
32702
32858
32701
32702
32859
32861
32707
32708
32709
32710
32707
32708
32707
32709
32708
32709
32711
32714
32715
32714
32715
32716
32714
32715
32714
32716
32872
32715
32716
32873
32875
32721
32722
32723
32731
32721
32722
32721
32723
32722
32723
32732
32735
32736
32728
32729
32730
32731
32728
32729
32728
32730
32729
32730
32733
32735
32737
32735
32736
32737
32735
32736
32735
32737
32886
32736
32737
32887
32889
32742
32743
32744
32745
32742
32743
32742
32744
32743
32744
32746
32749
32750
32749
32750
32751
32749
32750
32749
32751
32907
32750
32751
32908
32910
32756
32757
32758
32759
32756
32757
32756
32758
32757
32758
32760
32763
32764
32763
32764
32765
32763
32764
32763
32765
32921
32764
32765
32922
32924
32770
32771
32772
32773
32770
32771
32770
32772
32771
32772
32774
32777
32778
32777
32778
32779
32777
32778
32777
32779
32935
32778
32779
32936
32938
32784
32785
32786
32787
32784
32785
32784
32786
32785
32786
32788
32791
32792
32791
32792
32793
32791
32792
32791
32793
32949
32792
32793
32950
32952
32798
32799
32800
32798
32799
32798
32800
32799
32800
32805
32806
32807
32808
32805
32806
32805
32807
32806
32807
32809
32812
32813
32812
32813
32814
32812
32813
32812
32814
32970
32813
32814
32971
32973
32819
32820
32821
32819
32820
32819
32821
32984
32820
32821
32985
32987
32826
32827
32828
32829
32826
32827
32826
32828
32827
32828
32830
32833
32834
32833
32834
32835
32833
32834
32833
32835
32998
32834
32835
32999
33001
32840
32841
32842
32840
32841
32840
32842
32841
32842
32847
32848
32849
32847
32848
32847
32849
32848
32849
32854
32855
32856
32854
32855
32854
32856
32855
32856
32861
32862
32863
32864
32861
32862
32861
32863
32862
32863
32865
32868
32869
32868
32869
32870
32868
32869
32868
32870
33033
32869
32870
33034
33036
32875
32876
32877
32878
32875
32876
32875
32877
32876
32877
32879
32882
32883
32882
32883
32884
32882
32883
32882
32884
33047
32883
32884
33048
33050
32889
32890
32891
32899
32889
32890
32889
32891
32890
32891
32900
32903
32904
32896
32897
32898
32899
32896
32897
32896
32898
32897
32898
32901
32903
32905
32903
32904
32905
32903
32904
32903
32905
33061
32904
32905
33062
33064
32910
32911
32912
32913
32910
32911
32910
32912
32911
32912
32914
32917
32918
32917
32918
32919
32917
32918
32917
32919
33082
32918
32919
33083
33085
32924
32925
32926
32927
32924
32925
32924
32926
32925
32926
32928
32931
32932
32931
32932
32933
32931
32932
32931
32933
33096
32932
32933
33097
33099
32938
32939
32940
32941
32938
32939
32938
32940
32939
32940
32942
32945
32946
32945
32946
32947
32945
32946
32945
32947
33110
32946
32947
33111
33113
32952
32953
32954
32955
32952
32953
32952
32954
32953
32954
32956
32959
32960
32959
32960
32961
32959
32960
32959
32961
33124
32960
32961
33125
33127
32966
32967
32968
32966
32967
32966
32968
32967
32968
32973
32974
32975
32976
32973
32974
32973
32975
32974
32975
32977
32980
32981
32980
32981
32982
32980
32981
32980
32982
33138
32981
32982
33139
33141
32987
32988
32989
32990
32987
32988
32987
32989
32988
32989
32991
32994
32995
32994
32995
32996
32994
32995
32994
32996
33152
32995
32996
33153
33155
33001
33002
33003
33004
33001
33002
33001
33003
33002
33003
33005
33008
33009
33008
33009
33010
33008
33009
33008
33010
33169
33009
33010
33170
33172
33015
33016
33017
33015
33016
33015
33017
33016
33017
33022
33023
33024
33022
33023
33022
33024
33023
33024
33029
33030
33031
33029
33030
33029
33031
33030
33031
33036
33037
33038
33039
33036
33037
33036
33038
33037
33038
33040
33043
33044
33043
33044
33045
33043
33044
33043
33045
33204
33044
33045
33205
33207
33050
33051
33052
33053
33050
33051
33050
33052
33051
33052
33054
33057
33058
33057
33058
33059
33057
33058
33057
33059
33218
33058
33059
33219
33221
33064
33065
33066
33074
33064
33065
33064
33066
33065
33066
33075
33078
33079
33071
33072
33073
33074
33071
33072
33071
33073
33072
33073
33076
33078
33080
33078
33079
33080
33078
33079
33078
33080
33232
33079
33080
33233
33235
33085
33086
33087
33088
33085
33086
33085
33087
33086
33087
33089
33092
33093
33092
33093
33094
33092
33093
33092
33094
33253
33093
33094
33254
33256
33099
33100
33101
33102
33099
33100
33099
33101
33100
33101
33103
33106
33107
33106
33107
33108
33106
33107
33106
33108
33267
33107
33108
33268
33270
33113
33114
33115
33116
33113
33114
33113
33115
33114
33115
33117
33120
33121
33120
33121
33122
33120
33121
33120
33122
33281
33121
33122
33282
33284
33127
33128
33129
33130
33127
33128
33127
33129
33128
33129
33131
33134
33135
33134
33135
33136
33134
33135
33134
33136
33295
33135
33136
33296
33298
33141
33142
33143
33144
33141
33142
33141
33143
33142
33143
33145
33148
33149
33148
33149
33150
33148
33149
33148
33150
33309
33149
33150
33310
33312
33155
33156
33157
33158
33155
33156
33155
33157
33156
33157
33159
33162
33163
33162
33163
33164
33162
33163
33165
33162
33164
33166
33323
33163
33164
33324
33167
33326
33167
33167
33337
33172
33173
33174
33175
33172
33173
33172
33174
33173
33174
33176
33179
33180
33179
33180
33181
33179
33180
33179
33181
33351
33180
33181
33352
33354
33186
33187
33188
33186
33187
33186
33188
33187
33188
33193
33194
33195
33193
33194
33193
33195
33194
33195
33200
33201
33202
33200
33201
33200
33202
33201
33202
33207
33208
33209
33210
33207
33208
33207
33209
33208
33209
33211
33214
33215
33214
33215
33216
33214
33215
33214
33216
33386
33215
33216
33387
33389
33221
33222
33223
33224
33221
33222
33221
33223
33222
33223
33225
33228
33229
33228
33229
33230
33228
33229
33228
33230
33400
33229
33230
33401
33403
33235
33236
33237
33245
33235
33236
33235
33237
33236
33237
33246
33249
33250
33242
33243
33244
33245
33242
33243
33242
33244
33243
33244
33247
33249
33251
33249
33250
33251
33249
33250
33249
33251
33414
33250
33251
33415
33417
33256
33257
33258
33259
33256
33257
33256
33258
33257
33258
33260
33263
33264
33263
33264
33265
33263
33264
33263
33265
33435
33264
33265
33436
33438
33270
33271
33272
33273
33270
33271
33270
33272
33271
33272
33274
33277
33278
33277
33278
33279
33277
33278
33277
33279
33449
33278
33279
33450
33452
33284
33285
33286
33287
33284
33285
33284
33286
33285
33286
33288
33291
33292
33291
33292
33293
33291
33292
33291
33293
33463
33292
33293
33464
33466
33298
33299
33300
33301
33298
33299
33298
33300
33299
33300
33302
33305
33306
33305
33306
33307
33305
33306
33305
33307
33477
33306
33307
33478
33480
33312
33313
33314
33318
33312
33313
33312
33314
33313
33314
33319
33320
33321
33317
33321
33317
33320
33318
33320
33321
33320
33321
33326
33327
33328
33332
33326
33327
33337
33326
33328
33327
33328
33333
33339
33334
33341
33335
33331
33335
33331
33334
33344
33332
33334
33335
33334
33335
33347
33348
33340
33341
33342
33346
33340
33341
33340
33342
33341
33342
33347
33348
33349
33345
33349
33345
33348
33346
33348
33349
33348
33349
33354
33355
33356
33360
33354
33355
33354
33356
33355
33356
33361
33362
33363
33359
33362
33359
33363
33360
33362
33363
33362
33363
33366
33369
33366
33370
33367
33369
33370
33369
33370
33373
33376
33373
33377
33374
33376
33377
33376
33377
33380
33383
33380
33384
33381
33383
33384
33383
33384
33389
33390
33391
33395
33389
33390
33389
33391
33390
33391
33396
33397
33398
33394
33398
33394
33397
33395
33397
33398
33397
33398
33403
33404
33405
33409
33403
33404
33403
33405
33404
33405
33410
33411
33412
33408
33411
33408
33412
33409
33411
33412
33411
33412
33417
33418
33419
33430
33417
33418
33417
33419
33418
33419
33431
33432
33433
33422
33425
33422
33426
33427
33423
33429
33425
33426
33430
33425
33426
33432
33429
33432
33429
33433
33430
33432
33433
33432
33433
33438
33439
33440
33444
33438
33439
33438
33440
33439
33440
33445
33446
33447
33443
33446
33443
33447
33444
33446
33447
33446
33447
33452
33453
33454
33458
33452
33453
33452
33454
33453
33454
33459
33460
33461
33457
33460
33457
33461
33458
33460
33461
33460
33461
33466
33467
33468
33472
33466
33467
33466
33468
33467
33468
33473
33474
33475
33471
33474
33471
33475
33472
33474
33475
33474
33475
33480
33481
33482
33486
33480
33481
33480
33482
33481
33482
33487
33488
33489
33485
33488
33485
33489
33486
33488
33489
33488
33489
33493
33496
33494
33496
33493
33494
33497
33495
33500
33495
33501
33496
33502
33500
33501
33500
33503
33532
33501
33503
33533
33502
33502
33503
33538
33507
33510
33508
33510
33507
33508
33511
33509
33514
33509
33515
33510
33516
33514
33515
33514
33517
33546
33515
33517
33547
33516
33516
33517
33552
33521
33524
33522
33524
33521
33522
33525
33523
33528
33523
33529
33524
33530
33528
33529
33528
33531
33560
33529
33531
33561
33530
33530
33531
33566
33535
33538
33536
33538
33535
33536
33539
33537
33542
33537
33543
33538
33544
33542
33543
33542
33545
33574
33543
33545
33575
33544
33544
33545
33580
33549
33552
33550
33552
33549
33550
33553
33551
33556
33551
33557
33552
33558
33556
33557
33556
33559
33588
33557
33559
33589
33558
33558
33559
33594
33563
33566
33564
33566
33563
33564
33567
33565
33570
33565
33571
33566
33572
33570
33571
33570
33573
33602
33571
33573
33603
33572
33572
33573
33608
33577
33580
33578
33580
33577
33578
33581
33579
33584
33579
33585
33580
33586
33584
33585
33584
33587
33616
33585
33587
33617
33586
33586
33587
33622
33591
33594
33592
33594
33591
33592
33595
33593
33598
33593
33599
33594
33600
33598
33599
33598
33601
33630
33599
33601
33631
33600
33600
33601
33636
33605
33608
33606
33608
33605
33606
33609
33607
33612
33607
33613
33608
33614
33612
33613
33612
33615
33644
33613
33615
33645
33614
33614
33615
33650
33619
33622
33620
33622
33619
33620
33623
33621
33626
33621
33627
33622
33628
33626
33627
33626
33629
33658
33627
33629
33659
33628
33628
33629
33664
33633
33636
33634
33636
33633
33634
33637
33635
33640
33635
33641
33636
33642
33640
33641
33640
33643
33672
33641
33643
33673
33642
33642
33643
33678
33647
33650
33648
33650
33647
33648
33651
33649
33654
33649
33655
33650
33656
33654
33655
33654
33657
33686
33655
33657
33687
33656
33656
33657
33692
33661
33664
33662
33664
33661
33662
33665
33663
33668
33663
33669
33664
33670
33668
33669
33668
33671
33700
33669
33671
33701
33670
33670
33671
33706
33675
33678
33676
33678
33675
33676
33679
33677
33682
33677
33683
33678
33684
33682
33683
33682
33685
33714
33683
33685
33715
33684
33684
33685
33720
33689
33692
33690
33692
33689
33690
33693
33691
33696
33691
33697
33692
33698
33696
33697
33696
33699
33728
33697
33699
33729
33698
33698
33699
33734
33703
33706
33704
33706
33703
33704
33707
33705
33710
33705
33711
33706
33712
33710
33711
33710
33713
33742
33711
33713
33743
33712
33712
33713
33748
33717
33720
33718
33720
33717
33718
33721
33719
33724
33719
33725
33720
33726
33724
33725
33724
33727
33756
33725
33727
33757
33726
33726
33727
33762
33731
33734
33732
33734
33731
33732
33735
33733
33738
33733
33739
33734
33740
33738
33739
33738
33741
33770
33739
33741
33771
33740
33740
33741
33776
33745
33748
33746
33748
33745
33746
33749
33747
33752
33747
33753
33748
33754
33752
33753
33752
33755
33784
33753
33755
33785
33754
33754
33755
33790
33759
33762
33760
33762
33759
33760
33763
33761
33766
33761
33767
33762
33768
33766
33767
33766
33769
33798
33767
33769
33799
33768
33768
33769
33804
33773
33776
33774
33776
33773
33774
33777
33775
33780
33775
33781
33776
33782
33780
33781
33780
33783
33812
33781
33783
33813
33782
33782
33783
33818
33787
33790
33788
33790
33787
33788
33791
33789
33794
33789
33795
33790
33796
33794
33795
33794
33797
33826
33795
33797
33827
33796
33796
33797
33832
33801
33804
33802
33804
33801
33802
33805
33803
33808
33803
33809
33804
33810
33808
33809
33808
33811
33840
33809
33811
33841
33810
33810
33811
33846
33815
33818
33816
33818
33815
33816
33819
33817
33822
33817
33823
33818
33824
33822
33823
33822
33825
33854
33823
33825
33855
33824
33824
33825
33860
33829
33832
33830
33832
33829
33830
33833
33831
33836
33831
33837
33832
33838
33836
33837
33836
33839
33868
33837
33839
33869
33838
33838
33839
33874
33843
33846
33844
33846
33843
33844
33847
33845
33850
33845
33851
33846
33852
33850
33851
33850
33853
33882
33851
33853
33883
33852
33852
33853
33888
33857
33860
33858
33860
33857
33858
33861
33859
33864
33859
33865
33860
33866
33864
33865
33864
33867
33896
33865
33867
33897
33866
33866
33867
33902
33871
33874
33872
33874
33871
33872
33875
33873
33878
33873
33879
33874
33880
33878
33879
33878
33881
33910
33879
33881
33911
33880
33880
33881
33916
33885
33888
33886
33888
33885
33886
33889
33887
33892
33887
33893
33888
33894
33892
33893
33892
33895
33924
33893
33895
33925
33894
33894
33895
33930
33899
33902
33900
33902
33899
33900
33903
33901
33906
33901
33907
33902
33908
33906
33907
33906
33909
33938
33907
33909
33939
33908
33908
33909
33944
33913
33916
33914
33916
33913
33914
33917
33915
33920
33915
33921
33916
33922
33920
33921
33920
33923
33952
33921
33923
33953
33922
33922
33923
33958
33927
33930
33928
33930
33927
33928
33931
33929
33934
33929
33935
33930
33936
33934
33935
33934
33937
33966
33935
33937
33967
33936
33936
33937
33972
33941
33944
33942
33944
33941
33942
33945
33943
33948
33943
33949
33944
33950
33948
33949
33948
33951
33980
33949
33951
33981
33950
33950
33951
33986
33955
33958
33956
33958
33955
33956
33959
33957
33962
33957
33963
33958
33964
33962
33963
33962
33965
33994
33963
33965
33995
33964
33964
33965
34000
33969
33972
33970
33972
33969
33970
33973
33971
33976
33971
33977
33972
33978
33976
33977
33976
33979
34008
33977
33979
34009
33978
33978
33979
34014
33983
33986
33984
33986
33983
33984
33987
33985
33990
33985
33991
33986
33992
33990
33991
33990
33993
34022
33991
33993
34023
33992
33992
33993
34028
33997
34000
33998
34000
33997
33998
34004
33999
34005
33999
34006
34000
34007
34003
34005
34003
34006
34007
34005
34006
34007
34007
34011
34014
34012
34014
34011
34012
34018
34013
34019
34013
34020
34014
34021
34017
34019
34017
34020
34021
34019
34020
34021
34021
34025
34028
34026
34028
34025
34026
34032
34027
34033
34027
34034
34028
34035
34031
34033
34031
34034
34035
34033
34034
34035
34035
34038
34040
34038
34041
34042
34040
34041
34042
34050
34042
34051
34052
34045
34047
34045
34048
34049
34047
34048
34049
34064
34049
34065
34066
34052
34054
34052
34055
34056
34054
34055
34056
34071
34056
34072
34073
34059
34061
34059
34062
34063
34061
34062
34063
34078
34063
34079
34080
34066
34068
34066
34069
34070
34068
34069
34070
34085
34070
34086
34087
34073
34075
34073
34076
34077
34075
34076
34077
34092
34077
34093
34094
34080
34082
34080
34083
34084
34082
34083
34084
34127
34084
34128
34129
34087
34089
34087
34090
34091
34089
34090
34091
34134
34091
34135
34136
34094
34096
34094
34097
34098
34096
34097
34098
34141
34098
34142
34143
34101
34103
34101
34104
34105
34103
34104
34105
34148
34105
34149
34150
34108
34110
34108
34111
34112
34110
34111
34112
34155
34112
34156
34157
34115
34117
34115
34118
34119
34117
34118
34119
34162
34119
34163
34164
34122
34124
34122
34125
34126
34124
34125
34126
34169
34126
34170
34171
34129
34131
34129
34132
34133
34131
34132
34133
34176
34133
34177
34178
34136
34138
34136
34139
34140
34138
34139
34140
34183
34140
34184
34185
34143
34145
34143
34146
34147
34145
34146
34147
34190
34147
34191
34192
34150
34152
34150
34153
34154
34152
34153
34154
34197
34154
34198
34199
34157
34159
34157
34160
34161
34159
34160
34161
34204
34161
34205
34206
34164
34166
34164
34167
34168
34166
34167
34168
34211
34168
34212
34213
34171
34173
34171
34174
34175
34173
34174
34175
34218
34175
34219
34220
34178
34180
34178
34181
34182
34180
34181
34182
34225
34182
34226
34227
34185
34187
34185
34188
34189
34187
34188
34189
34232
34189
34233
34234
34192
34194
34192
34195
34196
34194
34195
34196
34239
34196
34240
34241
34199
34201
34199
34202
34203
34201
34202
34203
34246
34203
34247
34248
34206
34208
34206
34209
34210
34208
34209
34210
34253
34210
34254
34255
34213
34215
34213
34216
34217
34215
34216
34217
34260
34217
34261
34262
34220
34222
34220
34223
34224
34222
34223
34224
34267
34224
34268
34269
34227
34229
34227
34230
34231
34229
34230
34231
34274
34231
34275
34276
34234
34236
34234
34237
34238
34236
34237
34238
34281
34238
34282
34283
34241
34243
34241
34244
34245
34243
34244
34245
34288
34245
34289
34290
34248
34250
34248
34251
34252
34250
34251
34252
34295
34252
34296
34297
34255
34257
34255
34258
34259
34257
34258
34259
34302
34259
34303
34304
34262
34264
34262
34265
34266
34264
34265
34266
34309
34266
34310
34311
34269
34271
34269
34272
34273
34271
34272
34273
34316
34273
34317
34318
34276
34278
34276
34279
34280
34278
34279
34280
34323
34280
34324
34325
34283
34285
34283
34286
34287
34285
34286
34287
34330
34287
34331
34332
34290
34292
34290
34293
34294
34292
34293
34294
34337
34294
34338
34339
34297
34299
34297
34300
34301
34299
34300
34301
34344
34301
34345
34346
34304
34306
34304
34307
34308
34306
34307
34308
34351
34308
34352
34353
34311
34313
34311
34314
34315
34313
34314
34315
34358
34315
34359
34360
34318
34320
34318
34321
34322
34320
34321
34322
34365
34322
34366
34367
34325
34327
34325
34328
34329
34327
34328
34329
34372
34329
34373
34374
34332
34334
34332
34335
34336
34334
34335
34336
34379
34336
34380
34381
34339
34341
34339
34342
34343
34341
34342
34343
34343
34386
34346
34348
34346
34349
34350
34348
34349
34350
34389
34350
34390
34391
34353
34355
34353
34356
34357
34355
34356
34357
34396
34357
34397
34398
34360
34362
34360
34363
34364
34362
34363
34364
34403
34364
34404
34405
34367
34369
34367
34370
34371
34369
34370
34371
34410
34371
34411
34412
34374
34376
34374
34377
34378
34376
34377
34378
34417
34378
34418
34419
34381
34383
34381
34384
34385
34383
34384
34385
34424
34385
34425
34426
34388
34388
34431
34391
34393
34391
34394
34395
34393
34394
34395
34434
34395
34435
34436
34398
34400
34398
34401
34402
34400
34401
34402
34441
34402
34442
34443
34405
34407
34405
34408
34409
34407
34408
34409
34448
34409
34449
34450
34412
34414
34412
34415
34416
34414
34415
34416
34455
34416
34456
34457
34419
34421
34419
34422
34423
34421
34422
34423
34462
34423
34463
34464
34426
34428
34426
34429
34430
34428
34429
34430
34469
34430
34470
34471
34433
34433
34476
34436
34438
34436
34439
34440
34438
34439
34440
34479
34440
34480
34481
34443
34445
34443
34446
34447
34445
34446
34447
34486
34447
34487
34488
34450
34452
34450
34453
34454
34452
34453
34454
34493
34454
34494
34495
34457
34459
34457
34460
34461
34459
34460
34461
34500
34461
34501
34502
34464
34466
34464
34467
34468
34466
34467
34468
34507
34468
34508
34509
34471
34473
34471
34474
34475
34473
34474
34475
34514
34475
34515
34516
34478
34478
34521
34481
34483
34481
34484
34485
34483
34484
34485
34524
34485
34525
34526
34488
34490
34488
34491
34492
34490
34491
34492
34531
34492
34532
34533
34495
34497
34495
34498
34499
34497
34498
34499
34538
34499
34539
34540
34502
34504
34502
34505
34506
34504
34505
34506
34545
34506
34546
34547
34509
34511
34509
34512
34513
34511
34512
34513
34552
34513
34553
34554
34516
34518
34516
34519
34520
34518
34519
34520
34559
34520
34560
34561
34523
34523
34566
34526
34528
34526
34529
34530
34528
34529
34530
34569
34530
34570
34571
34533
34535
34533
34536
34537
34535
34536
34537
34576
34537
34577
34578
34540
34542
34540
34543
34544
34542
34543
34544
34583
34544
34584
34585
34547
34549
34547
34550
34551
34549
34550
34551
34590
34551
34591
34592
34554
34556
34554
34557
34558
34556
34557
34558
34597
34558
34598
34599
34561
34563
34561
34564
34565
34563
34564
34565
34604
34565
34605
34606
34568
34568
34571
34573
34571
34574
34575
34573
34574
34575
34613
34575
34614
34615
34578
34580
34578
34581
34582
34580
34581
34582
34620
34582
34621
34622
34585
34587
34585
34588
34589
34587
34588
34589
34627
34589
34628
34629
34592
34594
34592
34595
34596
34594
34595
34596
34634
34596
34635
34636
34599
34601
34599
34602
34603
34601
34602
34603
34641
34603
34642
34643
34606
34608
34606
34609
34610
34608
34609
34610
34648
34610
34649
34650
34612
34656
34615
34617
34615
34618
34619
34617
34618
34619
34662
34619
34663
34664
34622
34624
34622
34625
34626
34624
34625
34626
34669
34626
34670
34671
34629
34631
34629
34632
34633
34631
34632
34633
34676
34633
34677
34678
34636
34638
34636
34639
34640
34638
34639
34640
34683
34640
34684
34685
34643
34645
34643
34646
34647
34645
34646
34647
34690
34647
34691
34692
34650
34652
34650
34653
34654
34652
34653
34654
34697
34654
34698
34699
34657
34659
34657
34660
34661
34659
34660
34661
34704
34661
34705
34706
34664
34666
34664
34667
34668
34666
34667
34668
34711
34668
34712
34713
34671
34673
34671
34674
34675
34673
34674
34675
34718
34675
34719
34720
34678
34680
34678
34681
34682
34680
34681
34682
34725
34682
34726
34727
34685
34687
34685
34688
34689
34687
34688
34689
34732
34689
34733
34734
34692
34694
34692
34695
34696
34694
34695
34696
34739
34696
34740
34741
34699
34701
34699
34702
34703
34701
34702
34703
34746
34703
34747
34748
34706
34708
34706
34709
34710
34708
34709
34710
34710
34713
34715
34713
34716
34717
34715
34716
34717
34717
34720
34722
34720
34723
34724
34722
34723
34724
34724
34727
34729
34727
34730
34731
34729
34730
34731
34731
34734
34736
34734
34737
34738
34736
34737
34738
34738
34741
34743
34741
34744
34745
34743
34744
34745
34745
34748
34750
34748
34751
34752
34750
34751
34752
34752
34755
34757
34755
34758
34759
34760
34757
34758
34759
34759
34763
34764
34762
34764
34762
34765
34766
34767
34764
34765
34766
34766
34770
34771
34769
34771
34769
34772
34773
34771
34772
34773
34773
)


// ************************************************************************* //
