/*--------------------------------*- C++ -*----------------------------------*\
| =========                 |                                                 |
| \\      /  F ield         | OpenFOAM: The Open Source CFD Toolbox           |
|  \\    /   O peration     | Version:  2512                                  |
|   \\  /    A nd           | Website:  www.openfoam.com                      |
|    \\/     M anipulation  |                                                 |
\*---------------------------------------------------------------------------*/
FoamFile
{
    version     2.0;
    format      ascii;
    arch        "LSB;label=32;scalar=64";
    note        "nPoints:43444  nCells:34882  nFaces:112987  nInternalFaces:102380";
    class       labelList;
    location    "constant/polyMesh";
    object      neighbour;
}
// * * * * * * * * * * * * * * * * * * * * * * * * * * * * * * * * * * * * * //


102380
(
1
26
682
2
27
683
3
28
684
4
29
685
5
30
686
6
31
687
7
32
688
8
33
689
9
34
690
10
35
691
11
36
692
12
37
693
13
38
694
14
39
695
15
40
696
16
41
697
17
42
698
18
43
699
19
44
700
20
45
701
21
46
702
22
47
703
23
48
704
24
49
705
25
50
706
51
707
27
52
708
28
53
709
29
54
710
30
55
711
31
56
712
32
57
713
33
58
714
34
59
715
35
60
716
36
61
717
37
62
718
38
63
719
39
64
720
40
65
721
41
66
722
42
67
723
43
68
724
44
69
725
45
70
726
46
71
727
47
72
728
48
73
729
49
74
730
50
75
731
51
76
732
77
733
53
78
734
54
79
735
55
80
736
56
81
737
57
82
738
58
83
739
59
84
740
60
85
741
61
86
742
62
87
743
63
88
744
64
89
745
65
90
746
66
91
747
67
92
748
68
93
749
69
94
750
70
95
751
71
96
752
72
97
753
73
98
754
74
99
755
75
100
756
76
101
757
77
102
758
103
759
79
104
760
80
105
761
81
106
762
82
107
763
83
108
764
84
109
765
85
110
766
86
111
767
87
112
768
88
113
769
89
114
770
90
115
771
91
116
772
92
117
773
93
118
774
94
119
775
95
120
776
96
121
777
97
122
778
98
123
779
99
124
780
100
125
781
101
126
782
102
127
783
103
128
784
129
785
105
130
786
34399
34402
34403
106
131
787
107
132
788
108
133
789
109
134
790
110
135
791
111
136
792
112
137
793
113
138
794
114
139
795
115
140
796
116
141
797
117
142
798
118
143
799
119
144
800
120
145
801
121
146
802
122
147
803
123
148
804
124
149
805
125
150
806
126
151
807
127
152
808
128
153
809
129
154
810
155
811
34399
34400
34402
132
157
813
29680
29683
29684
34399
34401
34403
34405
133
158
814
134
159
815
135
160
816
136
161
817
137
162
818
138
163
819
139
164
820
140
165
821
141
166
822
142
167
823
143
168
824
144
169
825
145
170
826
146
171
827
147
172
828
148
173
829
149
174
830
150
175
831
151
176
832
152
177
833
153
178
834
154
179
835
155
180
836
181
837
15889
15892
31662
31665
31667
31668
34400
15889
29680
29681
29683
159
184
840
29680
29682
29684
29686
29687
29690
29691
160
185
841
161
186
842
162
187
843
163
188
844
164
189
845
165
190
846
166
191
847
167
192
848
168
193
849
169
194
850
170
195
851
171
196
852
172
197
853
173
198
854
174
199
855
175
200
856
176
201
857
177
202
858
178
203
859
179
204
860
180
205
861
181
206
862
207
863
15890
15897
15898
15790
15793
15796
15987
15988
15991
15993
18790
18791
18793
29681
15793
29687
29688
29690
186
209
867
29687
29689
29691
29693
29694
29697
29698
187
210
868
188
211
869
189
212
870
190
213
871
191
214
872
192
215
873
193
216
874
194
217
875
195
218
876
196
219
877
197
220
878
198
221
879
199
222
880
200
223
881
201
224
882
202
225
883
203
226
884
204
227
885
205
228
886
206
229
887
207
230
888
231
889
15800
15802
15805
15996
15997
15999
16003
16004
16007
16009
29688
15802
29694
29695
29697
211
234
892
29694
29696
29698
29700
212
235
893
213
236
894
214
237
895
215
238
896
216
239
897
217
240
898
218
241
899
219
242
900
220
243
901
221
244
902
222
245
903
223
246
904
224
247
905
225
248
906
226
249
907
227
250
908
228
251
909
229
252
910
230
253
911
231
254
912
255
913
15803
15904
15905
15809
15908
15909
15911
29695
31573
31574
31576
235
257
916
15908
15910
15912
15914
29708
29711
29712
236
258
917
237
259
918
238
260
919
239
261
920
240
262
921
241
263
922
242
264
923
243
265
924
244
266
925
245
267
926
246
268
927
247
269
928
248
270
929
249
271
930
250
272
931
251
273
932
252
274
933
253
275
934
254
276
935
255
277
936
278
937
15814
15909
29702
29703
29704
15816
29708
29709
29711
259
280
940
29708
29710
29712
29714
260
281
941
261
282
942
262
283
943
263
284
944
264
285
945
265
286
946
266
287
947
267
288
948
268
289
949
269
290
950
270
291
951
271
292
952
272
293
953
273
294
954
274
295
955
275
296
956
276
297
957
277
298
958
278
299
959
300
960
15823
16112
16113
16115
29709
31587
31588
31590
281
302
962
16112
16114
16116
16118
282
303
963
283
304
964
284
305
965
285
306
966
286
307
967
287
308
968
288
309
969
289
310
970
290
311
971
291
312
972
292
313
973
293
314
974
294
315
975
295
316
976
296
317
977
297
318
978
298
319
979
299
320
980
300
321
981
322
982
15827
15919
15920
15922
16113
18880
18881
18883
303
324
984
15919
15921
15923
15925
304
325
985
305
326
986
306
327
987
307
328
988
308
329
989
309
330
990
310
331
991
311
332
992
312
333
993
313
334
994
314
335
995
315
336
996
316
337
997
317
338
998
318
339
999
319
340
1000
320
341
1001
321
342
1002
322
343
1003
344
1004
15831
15920
15926
15927
15929
16040
16041
16043
325
346
1006
15926
15928
15930
15932
326
347
1007
327
348
1008
328
349
1009
329
350
1010
330
351
1011
331
352
1012
332
353
1013
333
354
1014
334
355
1015
335
356
1016
336
357
1017
337
358
1018
338
359
1019
339
360
1020
340
361
1021
341
362
1022
342
363
1023
343
364
1024
344
365
1025
366
1026
15835
15927
15933
15934
15936
16054
16055
16057
347
368
1028
15933
15935
15937
15939
348
369
1029
349
370
1030
350
371
1031
351
372
1032
352
373
1033
353
374
1034
354
375
1035
355
376
1036
356
377
1037
357
378
1038
358
379
1039
359
380
1040
360
381
1041
361
382
1042
362
383
1043
363
384
1044
364
385
1045
365
386
1046
366
387
1047
388
1048
15839
15934
16119
16120
16122
18929
18930
18932
369
390
1050
16119
16121
16123
16125
370
391
1051
371
392
1052
372
393
1053
373
394
1054
374
395
1055
375
396
1056
376
397
1057
377
398
1058
378
399
1059
379
400
1060
380
401
1061
381
402
1062
382
403
1063
383
404
1064
384
405
1065
385
406
1066
386
407
1067
387
408
1068
388
409
1069
410
1070
15845
16120
29715
29716
29718
31622
31623
31625
391
413
1072
29715
29717
29719
29721
392
414
1073
393
415
1074
394
416
1075
395
417
1076
396
418
1077
397
419
1078
398
420
1079
399
421
1080
400
422
1081
401
423
1082
402
424
1083
403
425
1084
404
426
1085
405
427
1086
406
428
1087
407
429
1088
408
430
1089
409
431
1090
410
432
1091
433
1092
15846
15851
29722
29723
29724
15948
29716
34406
34407
34409
414
437
1095
34406
34408
34410
34412
415
438
1096
416
439
1097
417
440
1098
418
441
1099
419
442
1100
420
443
1101
421
444
1102
422
445
1103
423
446
1104
424
447
1105
425
448
1106
426
449
1107
427
450
1108
428
451
1109
429
452
1110
430
453
1111
431
454
1112
432
455
1113
433
456
1114
457
1115
15956
15957
15958
15857
15949
29729
29730
29732
437
461
1118
29729
29731
29733
29735
34407
34408
34411
34412
438
462
1119
439
463
1120
440
464
1121
441
465
1122
442
466
1123
443
467
1124
444
468
1125
445
469
1126
446
470
1127
447
471
1128
448
472
1129
449
473
1130
450
474
1131
451
475
1132
452
476
1133
453
477
1134
454
478
1135
455
479
1136
456
480
1137
457
481
1138
482
1139
15963
15964
15965
15858
15866
29736
29737
29739
31636
31637
31639
461
486
1142
29730
29731
29734
29735
29736
29738
29740
29742
462
487
1143
463
488
1144
464
489
1145
465
490
1146
466
491
1147
467
492
1148
468
493
1149
469
494
1150
470
495
1151
471
496
1152
472
497
1153
473
498
1154
474
499
1155
475
500
1156
476
501
1157
477
502
1158
478
503
1159
479
504
1160
480
505
1161
481
506
1162
482
507
1163
508
1164
15879
16126
16127
16128
15867
15971
29743
29744
29746
486
513
1167
29737
29738
29741
29742
29743
29745
29747
29749
487
514
1168
488
515
1169
489
516
1170
490
517
1171
491
518
1172
492
519
1173
493
520
1174
494
521
1175
495
522
1176
496
523
1177
497
524
1178
498
525
1179
499
526
1180
500
527
1181
501
528
1182
502
529
1183
503
530
1184
504
531
1185
505
532
1186
506
533
1187
507
534
1188
508
535
1189
536
1190
15875
15885
29750
29751
29752
15880
15978
16133
16134
16136
19034
19035
19037
31684
31687
31688
15972
16133
29757
29758
29760
513
541
1194
29744
29745
29748
29749
29757
29759
29761
29763
514
542
1195
515
543
1196
516
544
1197
517
545
1198
518
546
1199
519
547
1200
520
548
1201
521
549
1202
522
550
1203
523
551
1204
524
552
1205
525
553
1206
526
554
1207
527
555
1208
528
556
1209
529
557
1210
530
558
1211
531
559
1212
532
560
1213
533
561
1214
534
562
1215
535
563
1216
536
564
1217
565
1218
29764
29765
29767
15979
29764
34413
34414
34416
540
568
1221
16134
16135
16138
16139
34413
34415
34417
34419
541
569
1222
29758
29759
29762
29763
542
570
1223
543
571
1224
544
572
1225
545
573
1226
546
574
1227
547
575
1228
548
576
1229
549
577
1230
550
578
1231
551
579
1232
552
580
1233
553
581
1234
554
582
1235
555
583
1236
556
584
1237
557
585
1238
558
586
1239
559
587
1240
560
588
1241
561
589
1242
562
590
1243
563
591
1244
564
592
1245
565
593
1246
594
1247
567
595
1248
29765
29766
29769
29770
568
596
1249
34414
34415
34418
34419
569
597
1250
570
598
1251
571
599
1252
572
600
1253
573
601
1254
574
602
1255
575
603
1256
576
604
1257
577
605
1258
578
606
1259
579
607
1260
580
608
1261
581
609
1262
582
610
1263
583
611
1264
584
612
1265
585
613
1266
586
614
1267
587
615
1268
588
616
1269
589
617
1270
590
618
1271
591
619
1272
592
620
1273
593
621
1274
594
622
1275
623
1276
596
624
1277
597
625
1278
598
626
1279
599
627
1280
600
628
1281
601
629
1282
602
630
1283
603
631
1284
604
632
1285
605
633
1286
606
634
1287
607
635
1288
608
636
1289
609
637
1290
610
638
1291
611
639
1292
612
640
1293
613
641
1294
614
642
1295
615
643
1296
616
644
1297
617
645
1298
618
646
1299
619
647
1300
620
648
1301
621
649
1302
622
650
1303
623
651
1304
652
1305
625
653
1306
626
654
1307
627
655
1308
628
656
1309
629
657
1310
630
658
1311
631
659
1312
632
660
1313
633
661
1314
634
662
1315
635
663
1316
636
664
1317
637
665
1318
638
666
1319
639
667
1320
640
668
1321
641
669
1322
642
670
1323
643
671
1324
644
672
1325
645
673
1326
646
674
1327
647
675
1328
648
676
1329
649
677
1330
650
678
1331
651
679
1332
652
680
1333
681
1334
654
1335
655
1336
656
1337
657
1338
658
1339
659
1340
660
1341
661
1342
662
1343
663
1344
664
1345
665
1346
666
1347
667
1348
668
1349
669
1350
670
1351
671
1352
672
1353
673
1354
674
1355
675
1356
676
1357
677
1358
678
1359
679
1360
680
1361
681
1362
1363
683
708
1364
684
709
1365
685
710
1366
686
711
1367
687
712
1368
688
713
1369
689
714
1370
690
715
1371
691
716
1372
692
717
1373
693
718
1374
694
719
1375
695
720
1376
696
721
1377
697
722
1378
698
723
1379
699
724
1380
700
725
1381
701
726
1382
702
727
1383
703
728
1384
704
729
1385
705
730
1386
706
731
1387
707
732
1388
733
1389
709
734
1390
710
735
1391
711
736
1392
712
737
1393
713
738
1394
714
739
1395
715
740
1396
716
741
1397
717
742
1398
718
743
1399
719
744
1400
720
745
1401
721
746
1402
722
747
1403
723
748
1404
724
749
1405
725
750
1406
726
751
1407
727
752
1408
728
753
1409
729
754
1410
730
755
1411
731
756
1412
732
757
1413
733
758
1414
759
1415
735
760
1416
736
761
1417
737
762
1418
738
763
1419
739
764
1420
740
765
1421
741
766
1422
742
767
1423
743
768
1424
744
769
1425
745
770
1426
746
771
1427
747
772
1428
748
773
1429
749
774
1430
750
775
1431
751
776
1432
752
777
1433
753
778
1434
754
779
1435
755
780
1436
756
781
1437
757
782
1438
758
783
1439
759
784
1440
785
1441
761
786
1442
762
787
1443
763
788
1444
764
789
1445
765
790
1446
766
791
1447
767
792
1448
768
793
1449
769
794
1450
770
795
1451
771
796
1452
772
797
1453
773
798
1454
774
799
1455
775
800
1456
776
801
1457
777
802
1458
778
803
1459
779
804
1460
780
805
1461
781
806
1462
782
807
1463
783
808
1464
784
809
1465
785
810
1466
811
1467
787
812
1468
34420
34423
34424
788
813
1469
789
814
1470
790
815
1471
791
816
1472
792
817
1473
793
818
1474
794
819
1475
795
820
1476
796
821
1477
797
822
1478
798
823
1479
799
824
1480
800
825
1481
801
826
1482
802
827
1483
803
828
1484
804
829
1485
805
830
1486
806
831
1487
807
832
1488
808
833
1489
809
834
1490
810
835
1491
811
836
1492
837
1493
34402
34420
34421
34423
814
839
1495
29771
29774
29775
34420
34422
34424
34426
815
840
1496
816
841
1497
817
842
1498
818
843
1499
819
844
1500
820
845
1501
821
846
1502
822
847
1503
823
848
1504
824
849
1505
825
850
1506
826
851
1507
827
852
1508
828
853
1509
829
854
1510
830
855
1511
831
856
1512
832
857
1513
833
858
1514
834
859
1515
835
860
1516
836
861
1517
837
862
1518
863
1519
15892
19074
19077
34021
34023
34025
34027
34421
19074
29683
29771
29772
29774
841
866
1522
29771
29773
29775
29777
29778
29781
29782
842
867
1523
843
868
1524
844
869
1525
845
870
1526
846
871
1527
847
872
1528
848
873
1529
849
874
1530
850
875
1531
851
876
1532
852
877
1533
853
878
1534
854
879
1535
855
880
1536
856
881
1537
857
882
1538
858
883
1539
859
884
1540
860
885
1541
861
886
1542
862
887
1543
863
888
1544
889
1545
15791
19075
19081
19084
15796
16140
16143
16146
21118
21121
21123
21140
21142
21143
21145
29772
16143
29690
29778
29779
29781
868
891
1549
29778
29780
29782
29784
29785
29788
29789
869
892
1550
870
893
1551
871
894
1552
872
895
1553
873
896
1554
874
897
1555
875
898
1556
876
899
1557
877
900
1558
878
901
1559
879
902
1560
880
903
1561
881
904
1562
882
905
1563
883
906
1564
884
907
1565
885
908
1566
886
909
1567
887
910
1568
888
911
1569
889
912
1570
913
1571
15805
16150
16152
16155
21155
21158
21160
21174
21176
21177
21179
29779
16152
29697
29785
29786
29788
893
916
1574
29785
29787
29789
29791
894
917
1575
895
918
1576
896
919
1577
897
920
1578
898
921
1579
899
922
1580
900
923
1581
901
924
1582
902
925
1583
903
926
1584
904
927
1585
905
928
1586
906
929
1587
907
930
1588
908
931
1589
909
932
1590
910
933
1591
911
934
1592
912
935
1593
913
936
1594
937
1595
15811
16153
19088
19091
15911
16159
19093
19094
19096
29786
31705
31708
31710
917
939
1598
19093
19095
19097
19099
29792
29795
29796
918
940
1599
919
941
1600
920
942
1601
921
943
1602
922
944
1603
923
945
1604
924
946
1605
925
947
1606
926
948
1607
927
949
1608
928
950
1609
929
951
1610
930
952
1611
931
953
1612
932
954
1613
933
955
1614
934
956
1615
935
957
1616
936
958
1617
937
959
1618
960
1619
15819
16164
19094
19100
19101
19104
16166
29711
29792
29793
29795
941
962
1622
29792
29794
29796
29798
942
963
1623
943
964
1624
944
965
1625
945
966
1626
946
967
1627
947
968
1628
948
969
1629
949
970
1630
950
971
1631
951
972
1632
952
973
1633
953
974
1634
954
975
1635
955
976
1636
956
977
1637
957
978
1638
958
979
1639
959
980
1640
960
981
1641
982
1642
16115
16173
19111
19112
19114
29793
31719
31722
31724
963
984
1644
19111
19113
19115
19117
964
985
1645
965
986
1646
966
987
1647
967
988
1648
968
989
1649
969
990
1650
970
991
1651
971
992
1652
972
993
1653
973
994
1654
974
995
1655
975
996
1656
976
997
1657
977
998
1658
978
999
1659
979
1000
1660
980
1001
1661
981
1002
1662
982
1003
1663
1004
1664
15922
16177
19112
19118
19119
19121
21261
21264
21266
985
1006
1666
19118
19120
19122
19124
986
1007
1667
987
1008
1668
988
1009
1669
989
1010
1670
990
1011
1671
991
1012
1672
992
1013
1673
993
1014
1674
994
1015
1675
995
1016
1676
996
1017
1677
997
1018
1678
998
1019
1679
999
1020
1680
1000
1021
1681
1001
1022
1682
1002
1023
1683
1003
1024
1684
1004
1025
1685
1026
1686
15929
16181
16185
16186
16188
19119
21289
21292
21294
1007
1028
1688
16185
16187
16189
16191
1008
1029
1689
1009
1030
1690
1010
1031
1691
1011
1032
1692
1012
1033
1693
1013
1034
1694
1014
1035
1695
1015
1036
1696
1016
1037
1697
1017
1038
1698
1018
1039
1699
1019
1040
1700
1020
1041
1701
1021
1042
1702
1022
1043
1703
1023
1044
1704
1024
1045
1705
1025
1046
1706
1026
1047
1707
1048
1708
15936
16186
16192
16196
16197
16199
21317
21320
21322
1029
1050
1710
16196
16198
16200
16202
1030
1051
1711
1031
1052
1712
1032
1053
1713
1033
1054
1714
1034
1055
1715
1035
1056
1716
1036
1057
1717
1037
1058
1718
1038
1059
1719
1039
1060
1720
1040
1061
1721
1041
1062
1722
1042
1063
1723
1043
1064
1724
1044
1065
1725
1045
1066
1726
1046
1067
1727
1047
1068
1728
1048
1069
1729
1070
1730
16122
16197
16203
19127
19128
19130
21345
21348
21350
1051
1072
1732
19127
19129
19131
19133
1052
1073
1733
1053
1074
1734
1054
1075
1735
1055
1076
1736
1056
1077
1737
1057
1078
1738
1058
1079
1739
1059
1080
1740
1060
1081
1741
1061
1082
1742
1062
1083
1743
1063
1084
1744
1064
1085
1745
1065
1086
1746
1066
1087
1747
1067
1088
1748
1068
1089
1749
1069
1090
1750
1070
1091
1751
1092
1752
16209
19128
29718
29799
29800
29802
31747
31750
31752
1073
1095
1754
29799
29801
29803
29805
1074
1096
1755
1075
1097
1756
1076
1098
1757
1077
1099
1758
1078
1100
1759
1079
1101
1760
1080
1102
1761
1081
1103
1762
1082
1104
1763
1083
1105
1764
1084
1106
1765
1085
1107
1766
1086
1108
1767
1087
1109
1768
1088
1110
1769
1089
1111
1770
1090
1112
1771
1091
1113
1772
1092
1114
1773
1115
1774
15951
16210
16215
29806
29807
29809
19140
29800
34409
34427
34428
34430
1096
1119
1777
34427
34429
34431
34433
1097
1120
1778
1098
1121
1779
1099
1122
1780
1100
1123
1781
1101
1124
1782
1102
1125
1783
1103
1126
1784
1104
1127
1785
1105
1128
1786
1106
1129
1787
1107
1130
1788
1108
1131
1789
1109
1132
1790
1110
1133
1791
1111
1134
1792
1112
1135
1793
1113
1136
1794
1114
1137
1795
1115
1138
1796
1139
1797
15860
19147
19148
19151
16221
19141
29732
29813
29814
29816
1119
1143
1800
29813
29815
29817
29819
34428
34429
34432
34433
1120
1144
1801
1121
1145
1802
1122
1146
1803
1123
1147
1804
1124
1148
1805
1125
1149
1806
1126
1150
1807
1127
1151
1808
1128
1152
1809
1129
1153
1810
1130
1154
1811
1131
1155
1812
1132
1156
1813
1133
1157
1814
1134
1158
1815
1135
1159
1816
1136
1160
1817
1137
1161
1818
1138
1162
1819
1139
1163
1820
1164
1821
15869
19154
19155
19158
16222
16230
29739
29820
29821
29823
31761
31764
31766
1143
1168
1824
29814
29815
29818
29819
29820
29822
29824
29826
1144
1169
1825
1145
1170
1826
1146
1171
1827
1147
1172
1828
1148
1173
1829
1149
1174
1830
1150
1175
1831
1151
1176
1832
1152
1177
1833
1153
1178
1834
1154
1179
1835
1155
1180
1836
1156
1181
1837
1157
1182
1838
1158
1183
1839
1159
1184
1840
1160
1185
1841
1161
1186
1842
1162
1187
1843
1163
1188
1844
1164
1189
1845
1190
1846
15974
16243
19163
19164
19167
16231
16249
29746
29827
29828
29830
1168
1195
1849
29821
29822
29825
29826
29827
29829
29831
29833
1169
1196
1850
1170
1197
1851
1171
1198
1852
1172
1199
1853
1173
1200
1854
1174
1201
1855
1175
1202
1856
1176
1203
1857
1177
1204
1858
1178
1205
1859
1179
1206
1860
1180
1207
1861
1181
1208
1862
1182
1209
1863
1183
1210
1864
1184
1211
1865
1185
1212
1866
1186
1213
1867
1187
1214
1868
1188
1215
1869
1189
1216
1870
1190
1217
1871
1218
1872
15981
16239
16256
29834
29835
29838
16136
16244
16260
19170
19171
19173
21496
21499
21501
31789
31792
31794
16250
19170
29760
29841
29842
29844
1195
1223
1876
29828
29829
29832
29833
29841
29843
29845
29847
1196
1224
1877
1197
1225
1878
1198
1226
1879
1199
1227
1880
1200
1228
1881
1201
1229
1882
1202
1230
1883
1203
1231
1884
1204
1232
1885
1205
1233
1886
1206
1234
1887
1207
1235
1888
1208
1236
1889
1209
1237
1890
1210
1238
1891
1211
1239
1892
1212
1240
1893
1213
1241
1894
1214
1242
1895
1215
1243
1896
1216
1244
1897
1217
1245
1898
1218
1246
1899
1247
1900
29767
29848
29849
29851
16261
29848
34416
34434
34435
34437
1222
1250
1903
19171
19172
19175
19176
34434
34436
34438
34440
1223
1251
1904
29842
29843
29846
29847
1224
1252
1905
1225
1253
1906
1226
1254
1907
1227
1255
1908
1228
1256
1909
1229
1257
1910
1230
1258
1911
1231
1259
1912
1232
1260
1913
1233
1261
1914
1234
1262
1915
1235
1263
1916
1236
1264
1917
1237
1265
1918
1238
1266
1919
1239
1267
1920
1240
1268
1921
1241
1269
1922
1242
1270
1923
1243
1271
1924
1244
1272
1925
1245
1273
1926
1246
1274
1927
1247
1275
1928
1276
1929
1249
1277
1930
29849
29850
29853
29854
1250
1278
1931
34435
34436
34439
34440
1251
1279
1932
1252
1280
1933
1253
1281
1934
1254
1282
1935
1255
1283
1936
1256
1284
1937
1257
1285
1938
1258
1286
1939
1259
1287
1940
1260
1288
1941
1261
1289
1942
1262
1290
1943
1263
1291
1944
1264
1292
1945
1265
1293
1946
1266
1294
1947
1267
1295
1948
1268
1296
1949
1269
1297
1950
1270
1298
1951
1271
1299
1952
1272
1300
1953
1273
1301
1954
1274
1302
1955
1275
1303
1956
1276
1304
1957
1305
1958
1278
1306
1959
1279
1307
1960
1280
1308
1961
1281
1309
1962
1282
1310
1963
1283
1311
1964
1284
1312
1965
1285
1313
1966
1286
1314
1967
1287
1315
1968
1288
1316
1969
1289
1317
1970
1290
1318
1971
1291
1319
1972
1292
1320
1973
1293
1321
1974
1294
1322
1975
1295
1323
1976
1296
1324
1977
1297
1325
1978
1298
1326
1979
1299
1327
1980
1300
1328
1981
1301
1329
1982
1302
1330
1983
1303
1331
1984
1304
1332
1985
1305
1333
1986
1334
1987
1307
1335
1988
1308
1336
1989
1309
1337
1990
1310
1338
1991
1311
1339
1992
1312
1340
1993
1313
1341
1994
1314
1342
1995
1315
1343
1996
1316
1344
1997
1317
1345
1998
1318
1346
1999
1319
1347
2000
1320
1348
2001
1321
1349
2002
1322
1350
2003
1323
1351
2004
1324
1352
2005
1325
1353
2006
1326
1354
2007
1327
1355
2008
1328
1356
2009
1329
1357
2010
1330
1358
2011
1331
1359
2012
1332
1360
2013
1333
1361
2014
1334
1362
2015
1363
2016
1336
2017
1337
2018
1338
2019
1339
2020
1340
2021
1341
2022
1342
2023
1343
2024
1344
2025
1345
2026
1346
2027
1347
2028
1348
2029
1349
2030
1350
2031
1351
2032
1352
2033
1353
2034
1354
2035
1355
2036
1356
2037
1357
2038
1358
2039
1359
2040
1360
2041
1361
2042
1362
2043
1363
2044
2045
1365
1390
2046
1366
1391
2047
1367
1392
2048
1368
1393
2049
1369
1394
2050
1370
1395
2051
1371
1396
2052
1372
1397
2053
1373
1398
2054
1374
1399
2055
1375
1400
2056
1376
1401
2057
1377
1402
2058
1378
1403
2059
1379
1404
2060
1380
1405
2061
1381
1406
2062
1382
1407
2063
1383
1408
2064
1384
1409
2065
1385
1410
2066
1386
1411
2067
1387
1412
2068
1388
1413
2069
1389
1414
2070
1415
2071
1391
1416
2072
1392
1417
2073
1393
1418
2074
1394
1419
2075
1395
1420
2076
1396
1421
2077
1397
1422
2078
1398
1423
2079
1399
1424
2080
1400
1425
2081
1401
1426
2082
1402
1427
2083
1403
1428
2084
1404
1429
2085
1405
1430
2086
1406
1431
2087
1407
1432
2088
1408
1433
2089
1409
1434
2090
1410
1435
2091
1411
1436
2092
1412
1437
2093
1413
1438
2094
1414
1439
2095
1415
1440
2096
1441
2097
1417
1442
2098
1418
1443
2099
1419
1444
2100
1420
1445
2101
1421
1446
2102
1422
1447
2103
1423
1448
2104
1424
1449
2105
1425
1450
2106
1426
1451
2107
1427
1452
2108
1428
1453
2109
1429
1454
2110
1430
1455
2111
1431
1456
2112
1432
1457
2113
1433
1458
2114
1434
1459
2115
1435
1460
2116
1436
1461
2117
1437
1462
2118
1438
1463
2119
1439
1464
2120
1440
1465
2121
1441
1466
2122
1467
2123
1443
1468
2124
1444
1469
2125
1445
1470
2126
1446
1471
2127
1447
1472
2128
1448
1473
2129
1449
1474
2130
1450
1475
2131
1451
1476
2132
1452
1477
2133
1453
1478
2134
1454
1479
2135
1455
1480
2136
1456
1481
2137
1457
1482
2138
1458
1483
2139
1459
1484
2140
1460
1485
2141
1461
1486
2142
1462
1487
2143
1463
1488
2144
1464
1489
2145
1465
1490
2146
1466
1491
2147
1467
1492
2148
1493
2149
1469
1494
2150
34441
34444
34445
1470
1495
2151
1471
1496
2152
1472
1497
2153
1473
1498
2154
1474
1499
2155
1475
1500
2156
1476
1501
2157
1477
1502
2158
1478
1503
2159
1479
1504
2160
1480
1505
2161
1481
1506
2162
1482
1507
2163
1483
1508
2164
1484
1509
2165
1485
1510
2166
1486
1511
2167
1487
1512
2168
1488
1513
2169
1489
1514
2170
1490
1515
2171
1491
1516
2172
1492
1517
2173
1493
1518
2174
1519
2175
34423
34441
34442
34444
1496
1521
2177
29855
29858
29859
34441
34443
34445
34447
1497
1522
2178
1498
1523
2179
1499
1524
2180
1500
1525
2181
1501
1526
2182
1502
1527
2183
1503
1528
2184
1504
1529
2185
1505
1530
2186
1506
1531
2187
1507
1532
2188
1508
1533
2189
1509
1534
2190
1510
1535
2191
1511
1536
2192
1512
1537
2193
1513
1538
2194
1514
1539
2195
1515
1540
2196
1516
1541
2197
1517
1542
2198
1518
1543
2199
1519
1544
2200
1545
2201
19077
19177
19180
34042
34045
34047
34048
34442
19177
29774
29855
29856
29858
1523
1548
2204
29855
29857
29859
29861
29862
29865
29866
1524
1549
2205
1525
1550
2206
1526
1551
2207
1527
1552
2208
1528
1553
2209
1529
1554
2210
1530
1555
2211
1531
1556
2212
1532
1557
2213
1533
1558
2214
1534
1559
2215
1535
1560
2216
1536
1561
2217
1537
1562
2218
1538
1563
2219
1539
1564
2220
1540
1565
2221
1541
1566
2222
1542
1567
2223
1543
1568
2224
1544
1569
2225
1545
1570
2226
1571
2227
16141
19178
19185
19186
16146
16267
16270
16273
21539
21540
21543
21560
21561
21564
21565
29856
16270
29781
29862
29863
29865
1550
1573
2231
29862
29864
29866
29868
29869
29872
29873
1551
1574
2232
1552
1575
2233
1553
1576
2234
1554
1577
2235
1555
1578
2236
1556
1579
2237
1557
1580
2238
1558
1581
2239
1559
1582
2240
1560
1583
2241
1561
1584
2242
1562
1585
2243
1563
1586
2244
1564
1587
2245
1565
1588
2246
1566
1589
2247
1567
1590
2248
1568
1591
2249
1569
1592
2250
1570
1593
2251
1571
1594
2252
1595
2253
16155
16277
16279
16282
21576
21577
21580
21594
21595
21598
21599
29863
16279
29788
29869
29870
29872
1575
1598
2256
29869
29871
29873
29875
1576
1599
2257
1577
1600
2258
1578
1601
2259
1579
1602
2260
1580
1603
2261
1581
1604
2262
1582
1605
2263
1583
1606
2264
1584
1607
2265
1585
1608
2266
1586
1609
2267
1587
1610
2268
1588
1611
2269
1589
1612
2270
1590
1613
2271
1591
1614
2272
1592
1615
2273
1593
1616
2274
1594
1617
2275
1595
1618
2276
1619
2277
16161
16280
19192
19193
16286
19096
19196
19197
19199
29870
31811
31812
31815
1599
1621
2280
19196
19198
19200
19202
29876
29879
29880
1600
1622
2281
1601
1623
2282
1602
1624
2283
1603
1625
2284
1604
1626
2285
1605
1627
2286
1606
1628
2287
1607
1629
2288
1608
1630
2289
1609
1631
2290
1610
1632
2291
1611
1633
2292
1612
1634
2293
1613
1635
2294
1614
1636
2295
1615
1637
2296
1616
1638
2297
1617
1639
2298
1618
1640
2299
1619
1641
2300
1642
2301
16169
16291
19197
19204
19205
19206
16293
29795
29876
29877
29879
1623
1644
2304
29876
29878
29880
29882
1624
1645
2305
1625
1646
2306
1626
1647
2307
1627
1648
2308
1628
1649
2309
1629
1650
2310
1630
1651
2311
1631
1652
2312
1632
1653
2313
1633
1654
2314
1634
1655
2315
1635
1656
2316
1636
1657
2317
1637
1658
2318
1638
1659
2319
1639
1660
2320
1640
1661
2321
1641
1662
2322
1642
1663
2323
1664
2324
16300
19114
19214
19215
19217
29877
31825
31826
31829
1645
1666
2326
19214
19216
19218
19220
1646
1667
2327
1647
1668
2328
1648
1669
2329
1649
1670
2330
1650
1671
2331
1651
1672
2332
1652
1673
2333
1653
1674
2334
1654
1675
2335
1655
1676
2336
1656
1677
2337
1657
1678
2338
1658
1679
2339
1659
1680
2340
1660
1681
2341
1661
1682
2342
1662
1683
2343
1663
1684
2344
1664
1685
2345
1686
2346
16304
19121
19215
19221
19222
19224
21682
21683
21686
1667
1688
2348
19221
19223
19225
19227
1668
1689
2349
1669
1690
2350
1670
1691
2351
1671
1692
2352
1672
1693
2353
1673
1694
2354
1674
1695
2355
1675
1696
2356
1676
1697
2357
1677
1698
2358
1678
1699
2359
1679
1700
2360
1680
1701
2361
1681
1702
2362
1682
1703
2363
1683
1704
2364
1684
1705
2365
1685
1706
2366
1686
1707
2367
1708
2368
16188
16308
16312
16313
16315
19222
21710
21711
21714
1689
1710
2370
16312
16314
16316
16318
1690
1711
2371
1691
1712
2372
1692
1713
2373
1693
1714
2374
1694
1715
2375
1695
1716
2376
1696
1717
2377
1697
1718
2378
1698
1719
2379
1699
1720
2380
1700
1721
2381
1701
1722
2382
1702
1723
2383
1703
1724
2384
1704
1725
2385
1705
1726
2386
1706
1727
2387
1707
1728
2388
1708
1729
2389
1730
2390
16199
16313
16319
16323
16324
16326
21738
21739
21742
1711
1732
2392
16323
16325
16327
16329
1712
1733
2393
1713
1734
2394
1714
1735
2395
1715
1736
2396
1716
1737
2397
1717
1738
2398
1718
1739
2399
1719
1740
2400
1720
1741
2401
1721
1742
2402
1722
1743
2403
1723
1744
2404
1724
1745
2405
1725
1746
2406
1726
1747
2407
1727
1748
2408
1728
1749
2409
1729
1750
2410
1730
1751
2411
1752
2412
16324
16330
19130
19230
19231
19233
21766
21767
21770
1733
1754
2414
19230
19232
19234
19236
1734
1755
2415
1735
1756
2416
1736
1757
2417
1737
1758
2418
1738
1759
2419
1739
1760
2420
1740
1761
2421
1741
1762
2422
1742
1763
2423
1743
1764
2424
1744
1765
2425
1745
1766
2426
1746
1767
2427
1747
1768
2428
1748
1769
2429
1749
1770
2430
1750
1771
2431
1751
1772
2432
1752
1773
2433
1774
2434
16336
19231
29802
29883
29884
29886
31853
31854
31857
1755
1777
2436
29883
29885
29887
29889
1756
1778
2437
1757
1779
2438
1758
1780
2439
1759
1781
2440
1760
1782
2441
1761
1783
2442
1762
1784
2443
1763
1785
2444
1764
1786
2445
1765
1787
2446
1766
1788
2447
1767
1789
2448
1768
1790
2449
1769
1791
2450
1770
1792
2451
1771
1793
2452
1772
1794
2453
1773
1795
2454
1774
1796
2455
1797
2456
16337
16342
19143
29890
29891
29892
19243
29884
34430
34448
34449
34451
1778
1801
2459
34448
34450
34452
34454
1779
1802
2460
1780
1803
2461
1781
1804
2462
1782
1805
2463
1783
1806
2464
1784
1807
2465
1785
1808
2466
1786
1809
2467
1787
1810
2468
1788
1811
2469
1789
1812
2470
1790
1813
2471
1791
1814
2472
1792
1815
2473
1793
1816
2474
1794
1817
2475
1795
1818
2476
1796
1819
2477
1797
1820
2478
1821
2479
16224
19251
19252
19253
16348
19244
29816
29897
29898
29900
1801
1825
2482
29897
29899
29901
29903
34449
34450
34453
34454
1802
1826
2483
1803
1827
2484
1804
1828
2485
1805
1829
2486
1806
1830
2487
1807
1831
2488
1808
1832
2489
1809
1833
2490
1810
1834
2491
1811
1835
2492
1812
1836
2493
1813
1837
2494
1814
1838
2495
1815
1839
2496
1816
1840
2497
1817
1841
2498
1818
1842
2499
1819
1843
2500
1820
1844
2501
1821
1845
2502
1846
2503
16233
19258
19259
19260
16349
16357
29823
29904
29905
29907
31867
31868
31871
1825
1850
2506
29898
29899
29902
29903
29904
29906
29908
29910
1826
1851
2507
1827
1852
2508
1828
1853
2509
1829
1854
2510
1830
1855
2511
1831
1856
2512
1832
1857
2513
1833
1858
2514
1834
1859
2515
1835
1860
2516
1836
1861
2517
1837
1862
2518
1838
1863
2519
1839
1864
2520
1840
1865
2521
1841
1866
2522
1842
1867
2523
1843
1868
2524
1844
1869
2525
1845
1870
2526
1846
1871
2527
1872
2528
16252
16370
19267
19268
19269
16358
16376
29830
29911
29912
29914
1850
1877
2531
29905
29906
29909
29910
29911
29913
29915
29917
1851
1878
2532
1852
1879
2533
1853
1880
2534
1854
1881
2535
1855
1882
2536
1856
1883
2537
1857
1884
2538
1858
1885
2539
1859
1886
2540
1860
1887
2541
1861
1888
2542
1862
1889
2543
1863
1890
2544
1864
1891
2545
1865
1892
2546
1866
1893
2547
1867
1894
2548
1868
1895
2549
1869
1896
2550
1870
1897
2551
1871
1898
2552
1872
1899
2553
1900
2554
16263
16366
16383
29919
29920
29921
16371
16387
19173
19273
19274
19276
21917
21918
21921
31895
31896
31899
16377
19273
29844
29925
29926
29928
1877
1905
2558
29912
29913
29916
29917
29925
29927
29929
29931
1878
1906
2559
1879
1907
2560
1880
1908
2561
1881
1909
2562
1882
1910
2563
1883
1911
2564
1884
1912
2565
1885
1913
2566
1886
1914
2567
1887
1915
2568
1888
1916
2569
1889
1917
2570
1890
1918
2571
1891
1919
2572
1892
1920
2573
1893
1921
2574
1894
1922
2575
1895
1923
2576
1896
1924
2577
1897
1925
2578
1898
1926
2579
1899
1927
2580
1900
1928
2581
1929
2582
29851
29932
29933
29935
16388
29932
34437
34455
34456
34458
1904
1932
2585
19274
19275
19278
19279
34455
34457
34459
34461
1905
1933
2586
29926
29927
29930
29931
1906
1934
2587
1907
1935
2588
1908
1936
2589
1909
1937
2590
1910
1938
2591
1911
1939
2592
1912
1940
2593
1913
1941
2594
1914
1942
2595
1915
1943
2596
1916
1944
2597
1917
1945
2598
1918
1946
2599
1919
1947
2600
1920
1948
2601
1921
1949
2602
1922
1950
2603
1923
1951
2604
1924
1952
2605
1925
1953
2606
1926
1954
2607
1927
1955
2608
1928
1956
2609
1929
1957
2610
1958
2611
1931
1959
2612
29933
29934
29937
29938
1932
1960
2613
34456
34457
34460
34461
1933
1961
2614
1934
1962
2615
1935
1963
2616
1936
1964
2617
1937
1965
2618
1938
1966
2619
1939
1967
2620
1940
1968
2621
1941
1969
2622
1942
1970
2623
1943
1971
2624
1944
1972
2625
1945
1973
2626
1946
1974
2627
1947
1975
2628
1948
1976
2629
1949
1977
2630
1950
1978
2631
1951
1979
2632
1952
1980
2633
1953
1981
2634
1954
1982
2635
1955
1983
2636
1956
1984
2637
1957
1985
2638
1958
1986
2639
1987
2640
1960
1988
2641
1961
1989
2642
1962
1990
2643
1963
1991
2644
1964
1992
2645
1965
1993
2646
1966
1994
2647
1967
1995
2648
1968
1996
2649
1969
1997
2650
1970
1998
2651
1971
1999
2652
1972
2000
2653
1973
2001
2654
1974
2002
2655
1975
2003
2656
1976
2004
2657
1977
2005
2658
1978
2006
2659
1979
2007
2660
1980
2008
2661
1981
2009
2662
1982
2010
2663
1983
2011
2664
1984
2012
2665
1985
2013
2666
1986
2014
2667
1987
2015
2668
2016
2669
1989
2017
2670
1990
2018
2671
1991
2019
2672
1992
2020
2673
1993
2021
2674
1994
2022
2675
1995
2023
2676
1996
2024
2677
1997
2025
2678
1998
2026
2679
1999
2027
2680
2000
2028
2681
2001
2029
2682
2002
2030
2683
2003
2031
2684
2004
2032
2685
2005
2033
2686
2006
2034
2687
2007
2035
2688
2008
2036
2689
2009
2037
2690
2010
2038
2691
2011
2039
2692
2012
2040
2693
2013
2041
2694
2014
2042
2695
2015
2043
2696
2016
2044
2697
2045
2698
2018
2699
2019
2700
2020
2701
2021
2702
2022
2703
2023
2704
2024
2705
2025
2706
2026
2707
2027
2708
2028
2709
2029
2710
2030
2711
2031
2712
2032
2713
2033
2714
2034
2715
2035
2716
2036
2717
2037
2718
2038
2719
2039
2720
2040
2721
2041
2722
2042
2723
2043
2724
2044
2725
2045
2726
2727
2047
2072
2728
2048
2073
2729
2049
2074
2730
2050
2075
2731
2051
2076
2732
2052
2077
2733
2053
2078
2734
2054
2079
2735
2055
2080
2736
2056
2081
2737
2057
2082
2738
2058
2083
2739
2059
2084
2740
2060
2085
2741
2061
2086
2742
2062
2087
2743
2063
2088
2744
2064
2089
2745
2065
2090
2746
2066
2091
2747
2067
2092
2748
2068
2093
2749
2069
2094
2750
2070
2095
2751
2071
2096
2752
2097
2753
2073
2098
2754
2074
2099
2755
2075
2100
2756
2076
2101
2757
2077
2102
2758
2078
2103
2759
2079
2104
2760
2080
2105
2761
2081
2106
2762
2082
2107
2763
2083
2108
2764
2084
2109
2765
2085
2110
2766
2086
2111
2767
2087
2112
2768
2088
2113
2769
2089
2114
2770
2090
2115
2771
2091
2116
2772
2092
2117
2773
2093
2118
2774
2094
2119
2775
2095
2120
2776
2096
2121
2777
2097
2122
2778
2123
2779
2099
2124
2780
2100
2125
2781
2101
2126
2782
2102
2127
2783
2103
2128
2784
2104
2129
2785
2105
2130
2786
2106
2131
2787
2107
2132
2788
2108
2133
2789
2109
2134
2790
2110
2135
2791
2111
2136
2792
2112
2137
2793
2113
2138
2794
2114
2139
2795
2115
2140
2796
2116
2141
2797
2117
2142
2798
2118
2143
2799
2119
2144
2800
2120
2145
2801
2121
2146
2802
2122
2147
2803
2123
2148
2804
2149
2805
2125
2150
2806
2126
2151
2807
2127
2152
2808
2128
2153
2809
2129
2154
2810
2130
2155
2811
2131
2156
2812
2132
2157
2813
2133
2158
2814
2134
2159
2815
2135
2160
2816
2136
2161
2817
2137
2162
2818
2138
2163
2819
2139
2164
2820
2140
2165
2821
2141
2166
2822
2142
2167
2823
2143
2168
2824
2144
2169
2825
2145
2170
2826
2146
2171
2827
2147
2172
2828
2148
2173
2829
2149
2174
2830
2175
2831
2151
2176
2832
34462
34465
34466
2152
2177
2833
2153
2178
2834
2154
2179
2835
2155
2180
2836
2156
2181
2837
2157
2182
2838
2158
2183
2839
2159
2184
2840
2160
2185
2841
2161
2186
2842
2162
2187
2843
2163
2188
2844
2164
2189
2845
2165
2190
2846
2166
2191
2847
2167
2192
2848
2168
2193
2849
2169
2194
2850
2170
2195
2851
2171
2196
2852
2172
2197
2853
2173
2198
2854
2174
2199
2855
2175
2200
2856
2201
2857
34444
34462
34463
34465
2178
2203
2859
29939
29942
29943
34462
34464
34466
34468
2179
2204
2860
2180
2205
2861
2181
2206
2862
2182
2207
2863
2183
2208
2864
2184
2209
2865
2185
2210
2866
2186
2211
2867
2187
2212
2868
2188
2213
2869
2189
2214
2870
2190
2215
2871
2191
2216
2872
2192
2217
2873
2193
2218
2874
2194
2219
2875
2195
2220
2876
2196
2221
2877
2197
2222
2878
2198
2223
2879
2199
2224
2880
2200
2225
2881
2201
2226
2882
2227
2883
19180
19280
19283
34063
34066
34068
34069
34463
19280
29858
29939
29940
29942
2205
2230
2886
29939
29941
29943
29945
29946
29949
29950
2206
2231
2887
2207
2232
2888
2208
2233
2889
2209
2234
2890
2210
2235
2891
2211
2236
2892
2212
2237
2893
2213
2238
2894
2214
2239
2895
2215
2240
2896
2216
2241
2897
2217
2242
2898
2218
2243
2899
2219
2244
2900
2220
2245
2901
2221
2246
2902
2222
2247
2903
2223
2248
2904
2224
2249
2905
2225
2250
2906
2226
2251
2907
2227
2252
2908
2253
2909
16268
19281
19288
19289
16273
16394
16397
16400
21959
21960
21963
21980
21981
21984
21985
29940
16397
29865
29946
29947
29949
2232
2255
2913
29946
29948
29950
29952
29953
29956
29957
2233
2256
2914
2234
2257
2915
2235
2258
2916
2236
2259
2917
2237
2260
2918
2238
2261
2919
2239
2262
2920
2240
2263
2921
2241
2264
2922
2242
2265
2923
2243
2266
2924
2244
2267
2925
2245
2268
2926
2246
2269
2927
2247
2270
2928
2248
2271
2929
2249
2272
2930
2250
2273
2931
2251
2274
2932
2252
2275
2933
2253
2276
2934
2277
2935
16282
16404
16406
16409
21996
21997
22000
22014
22015
22018
22019
29947
16406
29872
29953
29954
29956
2257
2280
2938
29953
29955
29957
29959
2258
2281
2939
2259
2282
2940
2260
2283
2941
2261
2284
2942
2262
2285
2943
2263
2286
2944
2264
2287
2945
2265
2288
2946
2266
2289
2947
2267
2290
2948
2268
2291
2949
2269
2292
2950
2270
2293
2951
2271
2294
2952
2272
2295
2953
2273
2296
2954
2274
2297
2955
2275
2298
2956
2276
2299
2957
2277
2300
2958
2301
2959
16288
16407
19295
19296
16413
19199
19299
19300
19302
29954
31916
31917
31920
2281
2303
2962
19299
19301
19303
19305
29960
29963
29964
2282
2304
2963
2283
2305
2964
2284
2306
2965
2285
2307
2966
2286
2308
2967
2287
2309
2968
2288
2310
2969
2289
2311
2970
2290
2312
2971
2291
2313
2972
2292
2314
2973
2293
2315
2974
2294
2316
2975
2295
2317
2976
2296
2318
2977
2297
2319
2978
2298
2320
2979
2299
2321
2980
2300
2322
2981
2301
2323
2982
2324
2983
16296
16418
19300
19307
19308
19309
16420
29879
29960
29961
29963
2305
2326
2986
29960
29962
29964
29966
2306
2327
2987
2307
2328
2988
2308
2329
2989
2309
2330
2990
2310
2331
2991
2311
2332
2992
2312
2333
2993
2313
2334
2994
2314
2335
2995
2315
2336
2996
2316
2337
2997
2317
2338
2998
2318
2339
2999
2319
2340
3000
2320
2341
3001
2321
2342
3002
2322
2343
3003
2323
2344
3004
2324
2345
3005
2346
3006
16427
19217
19317
19318
19320
29961
31930
31931
31934
2327
2348
3008
19317
19319
19321
19323
2328
2349
3009
2329
2350
3010
2330
2351
3011
2331
2352
3012
2332
2353
3013
2333
2354
3014
2334
2355
3015
2335
2356
3016
2336
2357
3017
2337
2358
3018
2338
2359
3019
2339
2360
3020
2340
2361
3021
2341
2362
3022
2342
2363
3023
2343
2364
3024
2344
2365
3025
2345
2366
3026
2346
2367
3027
2368
3028
16431
19224
19318
19324
19325
19327
22102
22103
22106
2349
2370
3030
19324
19326
19328
19330
2350
2371
3031
2351
2372
3032
2352
2373
3033
2353
2374
3034
2354
2375
3035
2355
2376
3036
2356
2377
3037
2357
2378
3038
2358
2379
3039
2359
2380
3040
2360
2381
3041
2361
2382
3042
2362
2383
3043
2363
2384
3044
2364
2385
3045
2365
2386
3046
2366
2387
3047
2367
2388
3048
2368
2389
3049
2390
3050
16315
16435
16439
16440
16442
19325
22130
22131
22134
2371
2392
3052
16439
16441
16443
16445
2372
2393
3053
2373
2394
3054
2374
2395
3055
2375
2396
3056
2376
2397
3057
2377
2398
3058
2378
2399
3059
2379
2400
3060
2380
2401
3061
2381
2402
3062
2382
2403
3063
2383
2404
3064
2384
2405
3065
2385
2406
3066
2386
2407
3067
2387
2408
3068
2388
2409
3069
2389
2410
3070
2390
2411
3071
2412
3072
16326
16440
16446
16450
16451
16453
22158
22159
22162
2393
2414
3074
16450
16452
16454
16456
2394
2415
3075
2395
2416
3076
2396
2417
3077
2397
2418
3078
2398
2419
3079
2399
2420
3080
2400
2421
3081
2401
2422
3082
2402
2423
3083
2403
2424
3084
2404
2425
3085
2405
2426
3086
2406
2427
3087
2407
2428
3088
2408
2429
3089
2409
2430
3090
2410
2431
3091
2411
2432
3092
2412
2433
3093
2434
3094
16451
16457
19233
19333
19334
19336
22186
22187
22190
2415
2436
3096
19333
19335
19337
19339
2416
2437
3097
2417
2438
3098
2418
2439
3099
2419
2440
3100
2420
2441
3101
2421
2442
3102
2422
2443
3103
2423
2444
3104
2424
2445
3105
2425
2446
3106
2426
2447
3107
2427
2448
3108
2428
2449
3109
2429
2450
3110
2430
2451
3111
2431
2452
3112
2432
2453
3113
2433
2454
3114
2434
2455
3115
2456
3116
16463
19334
29886
29967
29968
29970
31958
31959
31962
2437
2459
3118
29967
29969
29971
29973
2438
2460
3119
2439
2461
3120
2440
2462
3121
2441
2463
3122
2442
2464
3123
2443
2465
3124
2444
2466
3125
2445
2467
3126
2446
2468
3127
2447
2469
3128
2448
2470
3129
2449
2471
3130
2450
2472
3131
2451
2473
3132
2452
2474
3133
2453
2475
3134
2454
2476
3135
2455
2477
3136
2456
2478
3137
2479
3138
16464
16469
19246
29974
29975
29976
19346
29968
34451
34469
34470
34472
2460
2483
3141
34469
34471
34473
34475
2461
2484
3142
2462
2485
3143
2463
2486
3144
2464
2487
3145
2465
2488
3146
2466
2489
3147
2467
2490
3148
2468
2491
3149
2469
2492
3150
2470
2493
3151
2471
2494
3152
2472
2495
3153
2473
2496
3154
2474
2497
3155
2475
2498
3156
2476
2499
3157
2477
2500
3158
2478
2501
3159
2479
2502
3160
2503
3161
16351
19354
19355
19356
16475
19347
29900
29981
29982
29984
2483
2507
3164
29981
29983
29985
29987
34470
34471
34474
34475
2484
2508
3165
2485
2509
3166
2486
2510
3167
2487
2511
3168
2488
2512
3169
2489
2513
3170
2490
2514
3171
2491
2515
3172
2492
2516
3173
2493
2517
3174
2494
2518
3175
2495
2519
3176
2496
2520
3177
2497
2521
3178
2498
2522
3179
2499
2523
3180
2500
2524
3181
2501
2525
3182
2502
2526
3183
2503
2527
3184
2528
3185
16360
19361
19362
19363
16476
16484
29907
29988
29989
29991
31972
31973
31976
2507
2532
3188
29982
29983
29986
29987
29988
29990
29992
29994
2508
2533
3189
2509
2534
3190
2510
2535
3191
2511
2536
3192
2512
2537
3193
2513
2538
3194
2514
2539
3195
2515
2540
3196
2516
2541
3197
2517
2542
3198
2518
2543
3199
2519
2544
3200
2520
2545
3201
2521
2546
3202
2522
2547
3203
2523
2548
3204
2524
2549
3205
2525
2550
3206
2526
2551
3207
2527
2552
3208
2528
2553
3209
2554
3210
16379
16497
19370
19371
19372
16485
16503
29914
29995
29996
29998
2532
2559
3213
29989
29990
29993
29994
29995
29997
29999
30001
2533
2560
3214
2534
2561
3215
2535
2562
3216
2536
2563
3217
2537
2564
3218
2538
2565
3219
2539
2566
3220
2540
2567
3221
2541
2568
3222
2542
2569
3223
2543
2570
3224
2544
2571
3225
2545
2572
3226
2546
2573
3227
2547
2574
3228
2548
2575
3229
2549
2576
3230
2550
2577
3231
2551
2578
3232
2552
2579
3233
2553
2580
3234
2554
2581
3235
2582
3236
16390
16493
16510
30003
30004
30005
16498
16514
19276
19376
19377
19379
22337
22338
22341
32000
32001
32004
16504
19376
29928
30009
30010
30012
2559
2587
3240
29996
29997
30000
30001
30009
30011
30013
30015
2560
2588
3241
2561
2589
3242
2562
2590
3243
2563
2591
3244
2564
2592
3245
2565
2593
3246
2566
2594
3247
2567
2595
3248
2568
2596
3249
2569
2597
3250
2570
2598
3251
2571
2599
3252
2572
2600
3253
2573
2601
3254
2574
2602
3255
2575
2603
3256
2576
2604
3257
2577
2605
3258
2578
2606
3259
2579
2607
3260
2580
2608
3261
2581
2609
3262
2582
2610
3263
2611
3264
29935
30016
30017
30019
16515
30016
34458
34476
34477
34479
2586
2614
3267
19377
19378
19381
19382
34476
34478
34480
34482
2587
2615
3268
30010
30011
30014
30015
2588
2616
3269
2589
2617
3270
2590
2618
3271
2591
2619
3272
2592
2620
3273
2593
2621
3274
2594
2622
3275
2595
2623
3276
2596
2624
3277
2597
2625
3278
2598
2626
3279
2599
2627
3280
2600
2628
3281
2601
2629
3282
2602
2630
3283
2603
2631
3284
2604
2632
3285
2605
2633
3286
2606
2634
3287
2607
2635
3288
2608
2636
3289
2609
2637
3290
2610
2638
3291
2611
2639
3292
2640
3293
2613
2641
3294
30017
30018
30021
30022
2614
2642
3295
34477
34478
34481
34482
2615
2643
3296
2616
2644
3297
2617
2645
3298
2618
2646
3299
2619
2647
3300
2620
2648
3301
2621
2649
3302
2622
2650
3303
2623
2651
3304
2624
2652
3305
2625
2653
3306
2626
2654
3307
2627
2655
3308
2628
2656
3309
2629
2657
3310
2630
2658
3311
2631
2659
3312
2632
2660
3313
2633
2661
3314
2634
2662
3315
2635
2663
3316
2636
2664
3317
2637
2665
3318
2638
2666
3319
2639
2667
3320
2640
2668
3321
2669
3322
2642
2670
3323
2643
2671
3324
2644
2672
3325
2645
2673
3326
2646
2674
3327
2647
2675
3328
2648
2676
3329
2649
2677
3330
2650
2678
3331
2651
2679
3332
2652
2680
3333
2653
2681
3334
2654
2682
3335
2655
2683
3336
2656
2684
3337
2657
2685
3338
2658
2686
3339
2659
2687
3340
2660
2688
3341
2661
2689
3342
2662
2690
3343
2663
2691
3344
2664
2692
3345
2665
2693
3346
2666
2694
3347
2667
2695
3348
2668
2696
3349
2669
2697
3350
2698
3351
2671
2699
3352
2672
2700
3353
2673
2701
3354
2674
2702
3355
2675
2703
3356
2676
2704
3357
2677
2705
3358
2678
2706
3359
2679
2707
3360
2680
2708
3361
2681
2709
3362
2682
2710
3363
2683
2711
3364
2684
2712
3365
2685
2713
3366
2686
2714
3367
2687
2715
3368
2688
2716
3369
2689
2717
3370
2690
2718
3371
2691
2719
3372
2692
2720
3373
2693
2721
3374
2694
2722
3375
2695
2723
3376
2696
2724
3377
2697
2725
3378
2698
2726
3379
2727
3380
2700
3381
2701
3382
2702
3383
2703
3384
2704
3385
2705
3386
2706
3387
2707
3388
2708
3389
2709
3390
2710
3391
2711
3392
2712
3393
2713
3394
2714
3395
2715
3396
2716
3397
2717
3398
2718
3399
2719
3400
2720
3401
2721
3402
2722
3403
2723
3404
2724
3405
2725
3406
2726
3407
2727
3408
3409
2729
2754
3410
2730
2755
3411
2731
2756
3412
2732
2757
3413
2733
2758
3414
2734
2759
3415
2735
2760
3416
2736
2761
3417
2737
2762
3418
2738
2763
3419
2739
2764
3420
2740
2765
3421
2741
2766
3422
2742
2767
3423
2743
2768
3424
2744
2769
3425
2745
2770
3426
2746
2771
3427
2747
2772
3428
2748
2773
3429
2749
2774
3430
2750
2775
3431
2751
2776
3432
2752
2777
3433
2753
2778
3434
2779
3435
2755
2780
3436
2756
2781
3437
2757
2782
3438
2758
2783
3439
2759
2784
3440
2760
2785
3441
2761
2786
3442
2762
2787
3443
2763
2788
3444
2764
2789
3445
2765
2790
3446
2766
2791
3447
2767
2792
3448
2768
2793
3449
2769
2794
3450
2770
2795
3451
2771
2796
3452
2772
2797
3453
2773
2798
3454
2774
2799
3455
2775
2800
3456
2776
2801
3457
2777
2802
3458
2778
2803
3459
2779
2804
3460
2805
3461
2781
2806
3462
2782
2807
3463
2783
2808
3464
2784
2809
3465
2785
2810
3466
2786
2811
3467
2787
2812
3468
2788
2813
3469
2789
2814
3470
2790
2815
3471
2791
2816
3472
2792
2817
3473
2793
2818
3474
2794
2819
3475
2795
2820
3476
2796
2821
3477
2797
2822
3478
2798
2823
3479
2799
2824
3480
2800
2825
3481
2801
2826
3482
2802
2827
3483
2803
2828
3484
2804
2829
3485
2805
2830
3486
2831
3487
2807
2832
3488
2808
2833
3489
2809
2834
3490
2810
2835
3491
2811
2836
3492
2812
2837
3493
2813
2838
3494
2814
2839
3495
2815
2840
3496
2816
2841
3497
2817
2842
3498
2818
2843
3499
2819
2844
3500
2820
2845
3501
2821
2846
3502
2822
2847
3503
2823
2848
3504
2824
2849
3505
2825
2850
3506
2826
2851
3507
2827
2852
3508
2828
2853
3509
2829
2854
3510
2830
2855
3511
2831
2856
3512
2857
3513
2833
2858
3514
34483
34486
34487
2834
2859
3515
2835
2860
3516
2836
2861
3517
2837
2862
3518
2838
2863
3519
2839
2864
3520
2840
2865
3521
2841
2866
3522
2842
2867
3523
2843
2868
3524
2844
2869
3525
2845
2870
3526
2846
2871
3527
2847
2872
3528
2848
2873
3529
2849
2874
3530
2850
2875
3531
2851
2876
3532
2852
2877
3533
2853
2878
3534
2854
2879
3535
2855
2880
3536
2856
2881
3537
2857
2882
3538
2883
3539
34465
34483
34484
34486
2860
2885
3541
30023
30026
30027
34483
34485
34487
34489
2861
2886
3542
2862
2887
3543
2863
2888
3544
2864
2889
3545
2865
2890
3546
2866
2891
3547
2867
2892
3548
2868
2893
3549
2869
2894
3550
2870
2895
3551
2871
2896
3552
2872
2897
3553
2873
2898
3554
2874
2899
3555
2875
2900
3556
2876
2901
3557
2877
2902
3558
2878
2903
3559
2879
2904
3560
2880
2905
3561
2881
2906
3562
2882
2907
3563
2883
2908
3564
2909
3565
19283
19383
19386
34084
34087
34089
34090
34484
19383
29942
30023
30024
30026
2887
2912
3568
30023
30025
30027
30029
30030
30033
30034
2888
2913
3569
2889
2914
3570
2890
2915
3571
2891
2916
3572
2892
2917
3573
2893
2918
3574
2894
2919
3575
2895
2920
3576
2896
2921
3577
2897
2922
3578
2898
2923
3579
2899
2924
3580
2900
2925
3581
2901
2926
3582
2902
2927
3583
2903
2928
3584
2904
2929
3585
2905
2930
3586
2906
2931
3587
2907
2932
3588
2908
2933
3589
2909
2934
3590
2935
3591
16395
19384
19391
19392
16400
16521
16524
16527
22379
22380
22383
22400
22401
22404
22405
30024
16524
29949
30030
30031
30033
2914
2937
3595
30030
30032
30034
30036
30037
30040
30041
2915
2938
3596
2916
2939
3597
2917
2940
3598
2918
2941
3599
2919
2942
3600
2920
2943
3601
2921
2944
3602
2922
2945
3603
2923
2946
3604
2924
2947
3605
2925
2948
3606
2926
2949
3607
2927
2950
3608
2928
2951
3609
2929
2952
3610
2930
2953
3611
2931
2954
3612
2932
2955
3613
2933
2956
3614
2934
2957
3615
2935
2958
3616
2959
3617
16409
16531
16533
16536
22416
22417
22420
22434
22435
22438
22439
30031
16533
29956
30037
30038
30040
2939
2962
3620
30037
30039
30041
30043
2940
2963
3621
2941
2964
3622
2942
2965
3623
2943
2966
3624
2944
2967
3625
2945
2968
3626
2946
2969
3627
2947
2970
3628
2948
2971
3629
2949
2972
3630
2950
2973
3631
2951
2974
3632
2952
2975
3633
2953
2976
3634
2954
2977
3635
2955
2978
3636
2956
2979
3637
2957
2980
3638
2958
2981
3639
2959
2982
3640
2983
3641
16415
16534
19398
19399
16540
19302
19402
19403
19405
30038
32021
32022
32025
2963
2985
3644
19402
19404
19406
19408
30044
30047
30048
2964
2986
3645
2965
2987
3646
2966
2988
3647
2967
2989
3648
2968
2990
3649
2969
2991
3650
2970
2992
3651
2971
2993
3652
2972
2994
3653
2973
2995
3654
2974
2996
3655
2975
2997
3656
2976
2998
3657
2977
2999
3658
2978
3000
3659
2979
3001
3660
2980
3002
3661
2981
3003
3662
2982
3004
3663
2983
3005
3664
3006
3665
16423
16545
19403
19410
19411
19412
16547
29963
30044
30045
30047
2987
3008
3668
30044
30046
30048
30050
2988
3009
3669
2989
3010
3670
2990
3011
3671
2991
3012
3672
2992
3013
3673
2993
3014
3674
2994
3015
3675
2995
3016
3676
2996
3017
3677
2997
3018
3678
2998
3019
3679
2999
3020
3680
3000
3021
3681
3001
3022
3682
3002
3023
3683
3003
3024
3684
3004
3025
3685
3005
3026
3686
3006
3027
3687
3028
3688
16554
19320
19420
19421
19423
30045
32035
32036
32039
3009
3030
3690
19420
19422
19424
19426
3010
3031
3691
3011
3032
3692
3012
3033
3693
3013
3034
3694
3014
3035
3695
3015
3036
3696
3016
3037
3697
3017
3038
3698
3018
3039
3699
3019
3040
3700
3020
3041
3701
3021
3042
3702
3022
3043
3703
3023
3044
3704
3024
3045
3705
3025
3046
3706
3026
3047
3707
3027
3048
3708
3028
3049
3709
3050
3710
16558
19327
19421
19427
19428
19430
22522
22523
22526
3031
3052
3712
19427
19429
19431
19433
3032
3053
3713
3033
3054
3714
3034
3055
3715
3035
3056
3716
3036
3057
3717
3037
3058
3718
3038
3059
3719
3039
3060
3720
3040
3061
3721
3041
3062
3722
3042
3063
3723
3043
3064
3724
3044
3065
3725
3045
3066
3726
3046
3067
3727
3047
3068
3728
3048
3069
3729
3049
3070
3730
3050
3071
3731
3072
3732
16442
16562
16566
16567
16569
19428
22550
22551
22554
3053
3074
3734
16566
16568
16570
16572
3054
3075
3735
3055
3076
3736
3056
3077
3737
3057
3078
3738
3058
3079
3739
3059
3080
3740
3060
3081
3741
3061
3082
3742
3062
3083
3743
3063
3084
3744
3064
3085
3745
3065
3086
3746
3066
3087
3747
3067
3088
3748
3068
3089
3749
3069
3090
3750
3070
3091
3751
3071
3092
3752
3072
3093
3753
3094
3754
16453
16567
16573
16577
16578
16580
22578
22579
22582
3075
3096
3756
16577
16579
16581
16583
3076
3097
3757
3077
3098
3758
3078
3099
3759
3079
3100
3760
3080
3101
3761
3081
3102
3762
3082
3103
3763
3083
3104
3764
3084
3105
3765
3085
3106
3766
3086
3107
3767
3087
3108
3768
3088
3109
3769
3089
3110
3770
3090
3111
3771
3091
3112
3772
3092
3113
3773
3093
3114
3774
3094
3115
3775
3116
3776
16578
16584
19336
19436
19437
19439
22606
22607
22610
3097
3118
3778
19436
19438
19440
19442
3098
3119
3779
3099
3120
3780
3100
3121
3781
3101
3122
3782
3102
3123
3783
3103
3124
3784
3104
3125
3785
3105
3126
3786
3106
3127
3787
3107
3128
3788
3108
3129
3789
3109
3130
3790
3110
3131
3791
3111
3132
3792
3112
3133
3793
3113
3134
3794
3114
3135
3795
3115
3136
3796
3116
3137
3797
3138
3798
16590
19437
29970
30051
30052
30054
32063
32064
32067
3119
3141
3800
30051
30053
30055
30057
3120
3142
3801
3121
3143
3802
3122
3144
3803
3123
3145
3804
3124
3146
3805
3125
3147
3806
3126
3148
3807
3127
3149
3808
3128
3150
3809
3129
3151
3810
3130
3152
3811
3131
3153
3812
3132
3154
3813
3133
3155
3814
3134
3156
3815
3135
3157
3816
3136
3158
3817
3137
3159
3818
3138
3160
3819
3161
3820
16591
16596
19349
30058
30059
30060
19449
30052
34472
34490
34491
34493
3142
3165
3823
34490
34492
34494
34496
3143
3166
3824
3144
3167
3825
3145
3168
3826
3146
3169
3827
3147
3170
3828
3148
3171
3829
3149
3172
3830
3150
3173
3831
3151
3174
3832
3152
3175
3833
3153
3176
3834
3154
3177
3835
3155
3178
3836
3156
3179
3837
3157
3180
3838
3158
3181
3839
3159
3182
3840
3160
3183
3841
3161
3184
3842
3185
3843
16478
19457
19458
19459
16602
19450
29984
30065
30066
30068
3165
3189
3846
30065
30067
30069
30071
34491
34492
34495
34496
3166
3190
3847
3167
3191
3848
3168
3192
3849
3169
3193
3850
3170
3194
3851
3171
3195
3852
3172
3196
3853
3173
3197
3854
3174
3198
3855
3175
3199
3856
3176
3200
3857
3177
3201
3858
3178
3202
3859
3179
3203
3860
3180
3204
3861
3181
3205
3862
3182
3206
3863
3183
3207
3864
3184
3208
3865
3185
3209
3866
3210
3867
16487
19464
19465
19466
16603
16611
29991
30072
30073
30075
32077
32078
32081
3189
3214
3870
30066
30067
30070
30071
30072
30074
30076
30078
3190
3215
3871
3191
3216
3872
3192
3217
3873
3193
3218
3874
3194
3219
3875
3195
3220
3876
3196
3221
3877
3197
3222
3878
3198
3223
3879
3199
3224
3880
3200
3225
3881
3201
3226
3882
3202
3227
3883
3203
3228
3884
3204
3229
3885
3205
3230
3886
3206
3231
3887
3207
3232
3888
3208
3233
3889
3209
3234
3890
3210
3235
3891
3236
3892
16506
16624
19473
19474
19475
16612
16630
29998
30079
30080
30082
3214
3241
3895
30073
30074
30077
30078
30079
30081
30083
30085
3215
3242
3896
3216
3243
3897
3217
3244
3898
3218
3245
3899
3219
3246
3900
3220
3247
3901
3221
3248
3902
3222
3249
3903
3223
3250
3904
3224
3251
3905
3225
3252
3906
3226
3253
3907
3227
3254
3908
3228
3255
3909
3229
3256
3910
3230
3257
3911
3231
3258
3912
3232
3259
3913
3233
3260
3914
3234
3261
3915
3235
3262
3916
3236
3263
3917
3264
3918
16517
16620
16637
30087
30088
30089
16625
16641
19379
19479
19480
19482
22757
22758
22761
32105
32106
32109
16631
19479
30012
30093
30094
30096
3241
3269
3922
30080
30081
30084
30085
30093
30095
30097
30099
3242
3270
3923
3243
3271
3924
3244
3272
3925
3245
3273
3926
3246
3274
3927
3247
3275
3928
3248
3276
3929
3249
3277
3930
3250
3278
3931
3251
3279
3932
3252
3280
3933
3253
3281
3934
3254
3282
3935
3255
3283
3936
3256
3284
3937
3257
3285
3938
3258
3286
3939
3259
3287
3940
3260
3288
3941
3261
3289
3942
3262
3290
3943
3263
3291
3944
3264
3292
3945
3293
3946
30019
30100
30101
30103
16642
30100
34479
34497
34498
34500
3268
3296
3949
19480
19481
19484
19485
34497
34499
34501
34503
3269
3297
3950
30094
30095
30098
30099
3270
3298
3951
3271
3299
3952
3272
3300
3953
3273
3301
3954
3274
3302
3955
3275
3303
3956
3276
3304
3957
3277
3305
3958
3278
3306
3959
3279
3307
3960
3280
3308
3961
3281
3309
3962
3282
3310
3963
3283
3311
3964
3284
3312
3965
3285
3313
3966
3286
3314
3967
3287
3315
3968
3288
3316
3969
3289
3317
3970
3290
3318
3971
3291
3319
3972
3292
3320
3973
3293
3321
3974
3322
3975
3295
3323
3976
30101
30102
30105
30106
3296
3324
3977
34498
34499
34502
34503
3297
3325
3978
3298
3326
3979
3299
3327
3980
3300
3328
3981
3301
3329
3982
3302
3330
3983
3303
3331
3984
3304
3332
3985
3305
3333
3986
3306
3334
3987
3307
3335
3988
3308
3336
3989
3309
3337
3990
3310
3338
3991
3311
3339
3992
3312
3340
3993
3313
3341
3994
3314
3342
3995
3315
3343
3996
3316
3344
3997
3317
3345
3998
3318
3346
3999
3319
3347
4000
3320
3348
4001
3321
3349
4002
3322
3350
4003
3351
4004
3324
3352
4005
3325
3353
4006
3326
3354
4007
3327
3355
4008
3328
3356
4009
3329
3357
4010
3330
3358
4011
3331
3359
4012
3332
3360
4013
3333
3361
4014
3334
3362
4015
3335
3363
4016
3336
3364
4017
3337
3365
4018
3338
3366
4019
3339
3367
4020
3340
3368
4021
3341
3369
4022
3342
3370
4023
3343
3371
4024
3344
3372
4025
3345
3373
4026
3346
3374
4027
3347
3375
4028
3348
3376
4029
3349
3377
4030
3350
3378
4031
3351
3379
4032
3380
4033
3353
3381
4034
3354
3382
4035
3355
3383
4036
3356
3384
4037
3357
3385
4038
3358
3386
4039
3359
3387
4040
3360
3388
4041
3361
3389
4042
3362
3390
4043
3363
3391
4044
3364
3392
4045
3365
3393
4046
3366
3394
4047
3367
3395
4048
3368
3396
4049
3369
3397
4050
3370
3398
4051
3371
3399
4052
3372
3400
4053
3373
3401
4054
3374
3402
4055
3375
3403
4056
3376
3404
4057
3377
3405
4058
3378
3406
4059
3379
3407
4060
3380
3408
4061
3409
4062
3382
4063
3383
4064
3384
4065
3385
4066
3386
4067
3387
4068
3388
4069
3389
4070
3390
4071
3391
4072
3392
4073
3393
4074
3394
4075
3395
4076
3396
4077
3397
4078
3398
4079
3399
4080
3400
4081
3401
4082
3402
4083
3403
4084
3404
4085
3405
4086
3406
4087
3407
4088
3408
4089
3409
4090
4091
3411
3436
4092
3412
3437
4093
3413
3438
4094
3414
3439
4095
3415
3440
4096
3416
3441
4097
3417
3442
4098
3418
3443
4099
3419
3444
4100
3420
3445
4101
3421
3446
4102
3422
3447
4103
3423
3448
4104
3424
3449
4105
3425
3450
4106
3426
3451
4107
3427
3452
4108
3428
3453
4109
3429
3454
4110
3430
3455
4111
3431
3456
4112
3432
3457
4113
3433
3458
4114
3434
3459
4115
3435
3460
4116
3461
4117
3437
3462
4118
3438
3463
4119
3439
3464
4120
3440
3465
4121
3441
3466
4122
3442
3467
4123
3443
3468
4124
3444
3469
4125
3445
3470
4126
3446
3471
4127
3447
3472
4128
3448
3473
4129
3449
3474
4130
3450
3475
4131
3451
3476
4132
3452
3477
4133
3453
3478
4134
3454
3479
4135
3455
3480
4136
3456
3481
4137
3457
3482
4138
3458
3483
4139
3459
3484
4140
3460
3485
4141
3461
3486
4142
3487
4143
3463
3488
4144
3464
3489
4145
3465
3490
4146
3466
3491
4147
3467
3492
4148
3468
3493
4149
3469
3494
4150
3470
3495
4151
3471
3496
4152
3472
3497
4153
3473
3498
4154
3474
3499
4155
3475
3500
4156
3476
3501
4157
3477
3502
4158
3478
3503
4159
3479
3504
4160
3480
3505
4161
3481
3506
4162
3482
3507
4163
3483
3508
4164
3484
3509
4165
3485
3510
4166
3486
3511
4167
3487
3512
4168
3513
4169
3489
3514
4170
3490
3515
4171
3491
3516
4172
3492
3517
4173
3493
3518
4174
3494
3519
4175
3495
3520
4176
3496
3521
4177
3497
3522
4178
3498
3523
4179
3499
3524
4180
3500
3525
4181
3501
3526
4182
3502
3527
4183
3503
3528
4184
3504
3529
4185
3505
3530
4186
3506
3531
4187
3507
3532
4188
3508
3533
4189
3509
3534
4190
3510
3535
4191
3511
3536
4192
3512
3537
4193
3513
3538
4194
3539
4195
3515
3540
4196
34504
34507
34508
3516
3541
4197
3517
3542
4198
3518
3543
4199
3519
3544
4200
3520
3545
4201
3521
3546
4202
3522
3547
4203
3523
3548
4204
3524
3549
4205
3525
3550
4206
3526
3551
4207
3527
3552
4208
3528
3553
4209
3529
3554
4210
3530
3555
4211
3531
3556
4212
3532
3557
4213
3533
3558
4214
3534
3559
4215
3535
3560
4216
3536
3561
4217
3537
3562
4218
3538
3563
4219
3539
3564
4220
3565
4221
34486
34504
34505
34507
3542
3567
4223
30107
30110
30111
34504
34506
34508
34510
3543
3568
4224
3544
3569
4225
3545
3570
4226
3546
3571
4227
3547
3572
4228
3548
3573
4229
3549
3574
4230
3550
3575
4231
3551
3576
4232
3552
3577
4233
3553
3578
4234
3554
3579
4235
3555
3580
4236
3556
3581
4237
3557
3582
4238
3558
3583
4239
3559
3584
4240
3560
3585
4241
3561
3586
4242
3562
3587
4243
3563
3588
4244
3564
3589
4245
3565
3590
4246
3591
4247
19386
19486
19489
34105
34108
34110
34111
34505
19486
30026
30107
30108
30110
3569
3594
4250
30107
30109
30111
30113
30114
30117
30118
3570
3595
4251
3571
3596
4252
3572
3597
4253
3573
3598
4254
3574
3599
4255
3575
3600
4256
3576
3601
4257
3577
3602
4258
3578
3603
4259
3579
3604
4260
3580
3605
4261
3581
3606
4262
3582
3607
4263
3583
3608
4264
3584
3609
4265
3585
3610
4266
3586
3611
4267
3587
3612
4268
3588
3613
4269
3589
3614
4270
3590
3615
4271
3591
3616
4272
3617
4273
16522
19487
19494
19495
16527
16648
16651
16654
22799
22800
22803
22820
22821
22824
22825
30108
16651
30033
30114
30115
30117
3596
3619
4277
30114
30116
30118
30120
30121
30124
30125
3597
3620
4278
3598
3621
4279
3599
3622
4280
3600
3623
4281
3601
3624
4282
3602
3625
4283
3603
3626
4284
3604
3627
4285
3605
3628
4286
3606
3629
4287
3607
3630
4288
3608
3631
4289
3609
3632
4290
3610
3633
4291
3611
3634
4292
3612
3635
4293
3613
3636
4294
3614
3637
4295
3615
3638
4296
3616
3639
4297
3617
3640
4298
3641
4299
16536
16658
16660
16663
22836
22837
22840
22854
22855
22858
22859
30115
16660
30040
30121
30122
30124
3621
3644
4302
30121
30123
30125
30127
3622
3645
4303
3623
3646
4304
3624
3647
4305
3625
3648
4306
3626
3649
4307
3627
3650
4308
3628
3651
4309
3629
3652
4310
3630
3653
4311
3631
3654
4312
3632
3655
4313
3633
3656
4314
3634
3657
4315
3635
3658
4316
3636
3659
4317
3637
3660
4318
3638
3661
4319
3639
3662
4320
3640
3663
4321
3641
3664
4322
3665
4323
16542
16661
19501
19502
16667
19405
19505
19506
19508
30122
32126
32127
32130
3645
3667
4326
19505
19507
19509
19511
30128
30131
30132
3646
3668
4327
3647
3669
4328
3648
3670
4329
3649
3671
4330
3650
3672
4331
3651
3673
4332
3652
3674
4333
3653
3675
4334
3654
3676
4335
3655
3677
4336
3656
3678
4337
3657
3679
4338
3658
3680
4339
3659
3681
4340
3660
3682
4341
3661
3683
4342
3662
3684
4343
3663
3685
4344
3664
3686
4345
3665
3687
4346
3688
4347
16550
16672
19506
19513
19514
19515
16674
30047
30128
30129
30131
3669
3690
4350
30128
30130
30132
30134
3670
3691
4351
3671
3692
4352
3672
3693
4353
3673
3694
4354
3674
3695
4355
3675
3696
4356
3676
3697
4357
3677
3698
4358
3678
3699
4359
3679
3700
4360
3680
3701
4361
3681
3702
4362
3682
3703
4363
3683
3704
4364
3684
3705
4365
3685
3706
4366
3686
3707
4367
3687
3708
4368
3688
3709
4369
3710
4370
16681
19423
19523
19524
19526
30129
32140
32141
32144
3691
3712
4372
19523
19525
19527
19529
3692
3713
4373
3693
3714
4374
3694
3715
4375
3695
3716
4376
3696
3717
4377
3697
3718
4378
3698
3719
4379
3699
3720
4380
3700
3721
4381
3701
3722
4382
3702
3723
4383
3703
3724
4384
3704
3725
4385
3705
3726
4386
3706
3727
4387
3707
3728
4388
3708
3729
4389
3709
3730
4390
3710
3731
4391
3732
4392
16685
19430
19524
19530
19531
19533
22942
22943
22946
3713
3734
4394
19530
19532
19534
19536
3714
3735
4395
3715
3736
4396
3716
3737
4397
3717
3738
4398
3718
3739
4399
3719
3740
4400
3720
3741
4401
3721
3742
4402
3722
3743
4403
3723
3744
4404
3724
3745
4405
3725
3746
4406
3726
3747
4407
3727
3748
4408
3728
3749
4409
3729
3750
4410
3730
3751
4411
3731
3752
4412
3732
3753
4413
3754
4414
16569
16689
16693
16694
16696
19531
22970
22971
22974
3735
3756
4416
16693
16695
16697
16699
3736
3757
4417
3737
3758
4418
3738
3759
4419
3739
3760
4420
3740
3761
4421
3741
3762
4422
3742
3763
4423
3743
3764
4424
3744
3765
4425
3745
3766
4426
3746
3767
4427
3747
3768
4428
3748
3769
4429
3749
3770
4430
3750
3771
4431
3751
3772
4432
3752
3773
4433
3753
3774
4434
3754
3775
4435
3776
4436
16580
16694
16700
16704
16705
16707
22998
22999
23002
3757
3778
4438
16704
16706
16708
16710
3758
3779
4439
3759
3780
4440
3760
3781
4441
3761
3782
4442
3762
3783
4443
3763
3784
4444
3764
3785
4445
3765
3786
4446
3766
3787
4447
3767
3788
4448
3768
3789
4449
3769
3790
4450
3770
3791
4451
3771
3792
4452
3772
3793
4453
3773
3794
4454
3774
3795
4455
3775
3796
4456
3776
3797
4457
3798
4458
16705
16711
19439
19539
19540
19542
23026
23027
23030
3779
3800
4460
19539
19541
19543
19545
3780
3801
4461
3781
3802
4462
3782
3803
4463
3783
3804
4464
3784
3805
4465
3785
3806
4466
3786
3807
4467
3787
3808
4468
3788
3809
4469
3789
3810
4470
3790
3811
4471
3791
3812
4472
3792
3813
4473
3793
3814
4474
3794
3815
4475
3795
3816
4476
3796
3817
4477
3797
3818
4478
3798
3819
4479
3820
4480
16717
19540
30054
30135
30136
30138
32168
32169
32172
3801
3823
4482
30135
30137
30139
30141
3802
3824
4483
3803
3825
4484
3804
3826
4485
3805
3827
4486
3806
3828
4487
3807
3829
4488
3808
3830
4489
3809
3831
4490
3810
3832
4491
3811
3833
4492
3812
3834
4493
3813
3835
4494
3814
3836
4495
3815
3837
4496
3816
3838
4497
3817
3839
4498
3818
3840
4499
3819
3841
4500
3820
3842
4501
3843
4502
16718
16723
19452
30142
30143
30144
19552
30136
34493
34511
34512
34514
3824
3847
4505
34511
34513
34515
34517
3825
3848
4506
3826
3849
4507
3827
3850
4508
3828
3851
4509
3829
3852
4510
3830
3853
4511
3831
3854
4512
3832
3855
4513
3833
3856
4514
3834
3857
4515
3835
3858
4516
3836
3859
4517
3837
3860
4518
3838
3861
4519
3839
3862
4520
3840
3863
4521
3841
3864
4522
3842
3865
4523
3843
3866
4524
3867
4525
16605
19560
19561
19562
16729
19553
30068
30149
30150
30152
3847
3871
4528
30149
30151
30153
30155
34512
34513
34516
34517
3848
3872
4529
3849
3873
4530
3850
3874
4531
3851
3875
4532
3852
3876
4533
3853
3877
4534
3854
3878
4535
3855
3879
4536
3856
3880
4537
3857
3881
4538
3858
3882
4539
3859
3883
4540
3860
3884
4541
3861
3885
4542
3862
3886
4543
3863
3887
4544
3864
3888
4545
3865
3889
4546
3866
3890
4547
3867
3891
4548
3892
4549
16614
19567
19568
19569
16730
16738
30075
30156
30157
30159
32182
32183
32186
3871
3896
4552
30150
30151
30154
30155
30156
30158
30160
30162
3872
3897
4553
3873
3898
4554
3874
3899
4555
3875
3900
4556
3876
3901
4557
3877
3902
4558
3878
3903
4559
3879
3904
4560
3880
3905
4561
3881
3906
4562
3882
3907
4563
3883
3908
4564
3884
3909
4565
3885
3910
4566
3886
3911
4567
3887
3912
4568
3888
3913
4569
3889
3914
4570
3890
3915
4571
3891
3916
4572
3892
3917
4573
3918
4574
16633
16751
19576
19577
19578
16739
16757
30082
30163
30164
30166
3896
3923
4577
30157
30158
30161
30162
30163
30165
30167
30169
3897
3924
4578
3898
3925
4579
3899
3926
4580
3900
3927
4581
3901
3928
4582
3902
3929
4583
3903
3930
4584
3904
3931
4585
3905
3932
4586
3906
3933
4587
3907
3934
4588
3908
3935
4589
3909
3936
4590
3910
3937
4591
3911
3938
4592
3912
3939
4593
3913
3940
4594
3914
3941
4595
3915
3942
4596
3916
3943
4597
3917
3944
4598
3918
3945
4599
3946
4600
16644
16747
16764
30171
30172
30173
16752
16768
19482
19582
19583
19585
23177
23178
23181
32210
32211
32214
16758
19582
30096
30177
30178
30180
3923
3951
4604
30164
30165
30168
30169
30177
30179
30181
30183
3924
3952
4605
3925
3953
4606
3926
3954
4607
3927
3955
4608
3928
3956
4609
3929
3957
4610
3930
3958
4611
3931
3959
4612
3932
3960
4613
3933
3961
4614
3934
3962
4615
3935
3963
4616
3936
3964
4617
3937
3965
4618
3938
3966
4619
3939
3967
4620
3940
3968
4621
3941
3969
4622
3942
3970
4623
3943
3971
4624
3944
3972
4625
3945
3973
4626
3946
3974
4627
3975
4628
30103
30184
30185
30187
16769
30184
34500
34518
34519
34521
3950
3978
4631
19583
19584
19587
19588
34518
34520
34522
34524
3951
3979
4632
30178
30179
30182
30183
3952
3980
4633
3953
3981
4634
3954
3982
4635
3955
3983
4636
3956
3984
4637
3957
3985
4638
3958
3986
4639
3959
3987
4640
3960
3988
4641
3961
3989
4642
3962
3990
4643
3963
3991
4644
3964
3992
4645
3965
3993
4646
3966
3994
4647
3967
3995
4648
3968
3996
4649
3969
3997
4650
3970
3998
4651
3971
3999
4652
3972
4000
4653
3973
4001
4654
3974
4002
4655
3975
4003
4656
4004
4657
3977
4005
4658
30185
30186
30189
30190
3978
4006
4659
34519
34520
34523
34524
3979
4007
4660
3980
4008
4661
3981
4009
4662
3982
4010
4663
3983
4011
4664
3984
4012
4665
3985
4013
4666
3986
4014
4667
3987
4015
4668
3988
4016
4669
3989
4017
4670
3990
4018
4671
3991
4019
4672
3992
4020
4673
3993
4021
4674
3994
4022
4675
3995
4023
4676
3996
4024
4677
3997
4025
4678
3998
4026
4679
3999
4027
4680
4000
4028
4681
4001
4029
4682
4002
4030
4683
4003
4031
4684
4004
4032
4685
4033
4686
4006
4034
4687
4007
4035
4688
4008
4036
4689
4009
4037
4690
4010
4038
4691
4011
4039
4692
4012
4040
4693
4013
4041
4694
4014
4042
4695
4015
4043
4696
4016
4044
4697
4017
4045
4698
4018
4046
4699
4019
4047
4700
4020
4048
4701
4021
4049
4702
4022
4050
4703
4023
4051
4704
4024
4052
4705
4025
4053
4706
4026
4054
4707
4027
4055
4708
4028
4056
4709
4029
4057
4710
4030
4058
4711
4031
4059
4712
4032
4060
4713
4033
4061
4714
4062
4715
4035
4063
4716
4036
4064
4717
4037
4065
4718
4038
4066
4719
4039
4067
4720
4040
4068
4721
4041
4069
4722
4042
4070
4723
4043
4071
4724
4044
4072
4725
4045
4073
4726
4046
4074
4727
4047
4075
4728
4048
4076
4729
4049
4077
4730
4050
4078
4731
4051
4079
4732
4052
4080
4733
4053
4081
4734
4054
4082
4735
4055
4083
4736
4056
4084
4737
4057
4085
4738
4058
4086
4739
4059
4087
4740
4060
4088
4741
4061
4089
4742
4062
4090
4743
4091
4744
4064
4745
4065
4746
4066
4747
4067
4748
4068
4749
4069
4750
4070
4751
4071
4752
4072
4753
4073
4754
4074
4755
4075
4756
4076
4757
4077
4758
4078
4759
4079
4760
4080
4761
4081
4762
4082
4763
4083
4764
4084
4765
4085
4766
4086
4767
4087
4768
4088
4769
4089
4770
4090
4771
4091
4772
4773
4093
4118
4774
4094
4119
4775
4095
4120
4776
4096
4121
4777
4097
4122
4778
4098
4123
4779
4099
4124
4780
4100
4125
4781
4101
4126
4782
4102
4127
4783
4103
4128
4784
4104
4129
4785
4105
4130
4786
4106
4131
4787
4107
4132
4788
4108
4133
4789
4109
4134
4790
4110
4135
4791
4111
4136
4792
4112
4137
4793
4113
4138
4794
4114
4139
4795
4115
4140
4796
4116
4141
4797
4117
4142
4798
4143
4799
4119
4144
4800
4120
4145
4801
4121
4146
4802
4122
4147
4803
4123
4148
4804
4124
4149
4805
4125
4150
4806
4126
4151
4807
4127
4152
4808
4128
4153
4809
4129
4154
4810
4130
4155
4811
4131
4156
4812
4132
4157
4813
4133
4158
4814
4134
4159
4815
4135
4160
4816
4136
4161
4817
4137
4162
4818
4138
4163
4819
4139
4164
4820
4140
4165
4821
4141
4166
4822
4142
4167
4823
4143
4168
4824
4169
4825
4145
4170
4826
4146
4171
4827
4147
4172
4828
4148
4173
4829
4149
4174
4830
4150
4175
4831
4151
4176
4832
4152
4177
4833
4153
4178
4834
4154
4179
4835
4155
4180
4836
4156
4181
4837
4157
4182
4838
4158
4183
4839
4159
4184
4840
4160
4185
4841
4161
4186
4842
4162
4187
4843
4163
4188
4844
4164
4189
4845
4165
4190
4846
4166
4191
4847
4167
4192
4848
4168
4193
4849
4169
4194
4850
4195
4851
4171
4196
4852
4172
4197
4853
4173
4198
4854
4174
4199
4855
4175
4200
4856
4176
4201
4857
4177
4202
4858
4178
4203
4859
4179
4204
4860
4180
4205
4861
4181
4206
4862
4182
4207
4863
4183
4208
4864
4184
4209
4865
4185
4210
4866
4186
4211
4867
4187
4212
4868
4188
4213
4869
4189
4214
4870
4190
4215
4871
4191
4216
4872
4192
4217
4873
4193
4218
4874
4194
4219
4875
4195
4220
4876
4221
4877
4197
4222
4878
34525
34528
34529
4198
4223
4879
4199
4224
4880
4200
4225
4881
4201
4226
4882
4202
4227
4883
4203
4228
4884
4204
4229
4885
4205
4230
4886
4206
4231
4887
4207
4232
4888
4208
4233
4889
4209
4234
4890
4210
4235
4891
4211
4236
4892
4212
4237
4893
4213
4238
4894
4214
4239
4895
4215
4240
4896
4216
4241
4897
4217
4242
4898
4218
4243
4899
4219
4244
4900
4220
4245
4901
4221
4246
4902
4247
4903
34507
34525
34526
34528
4224
4249
4905
30191
30194
30195
34525
34527
34529
34531
4225
4250
4906
4226
4251
4907
4227
4252
4908
4228
4253
4909
4229
4254
4910
4230
4255
4911
4231
4256
4912
4232
4257
4913
4233
4258
4914
4234
4259
4915
4235
4260
4916
4236
4261
4917
4237
4262
4918
4238
4263
4919
4239
4264
4920
4240
4265
4921
4241
4266
4922
4242
4267
4923
4243
4268
4924
4244
4269
4925
4245
4270
4926
4246
4271
4927
4247
4272
4928
4273
4929
19489
19589
19592
34126
34129
34131
34132
34526
19589
30110
30191
30192
30194
4251
4276
4932
30191
30193
30195
30197
30198
30201
30202
4252
4277
4933
4253
4278
4934
4254
4279
4935
4255
4280
4936
4256
4281
4937
4257
4282
4938
4258
4283
4939
4259
4284
4940
4260
4285
4941
4261
4286
4942
4262
4287
4943
4263
4288
4944
4264
4289
4945
4265
4290
4946
4266
4291
4947
4267
4292
4948
4268
4293
4949
4269
4294
4950
4270
4295
4951
4271
4296
4952
4272
4297
4953
4273
4298
4954
4299
4955
16649
19590
19597
19598
16654
16775
16778
16781
23219
23220
23223
23240
23241
23244
23245
30192
16778
30117
30198
30199
30201
4278
4301
4959
30198
30200
30202
30204
30205
30208
30209
4279
4302
4960
4280
4303
4961
4281
4304
4962
4282
4305
4963
4283
4306
4964
4284
4307
4965
4285
4308
4966
4286
4309
4967
4287
4310
4968
4288
4311
4969
4289
4312
4970
4290
4313
4971
4291
4314
4972
4292
4315
4973
4293
4316
4974
4294
4317
4975
4295
4318
4976
4296
4319
4977
4297
4320
4978
4298
4321
4979
4299
4322
4980
4323
4981
16663
16785
16787
16790
23256
23257
23260
23274
23275
23278
23279
30199
16787
30124
30205
30206
30208
4303
4326
4984
30205
30207
30209
30211
4304
4327
4985
4305
4328
4986
4306
4329
4987
4307
4330
4988
4308
4331
4989
4309
4332
4990
4310
4333
4991
4311
4334
4992
4312
4335
4993
4313
4336
4994
4314
4337
4995
4315
4338
4996
4316
4339
4997
4317
4340
4998
4318
4341
4999
4319
4342
5000
4320
4343
5001
4321
4344
5002
4322
4345
5003
4323
4346
5004
4347
5005
16669
16788
19604
19605
16794
19508
19608
19609
19611
30206
32231
32232
32235
4327
4349
5008
19608
19610
19612
19614
30212
30215
30216
4328
4350
5009
4329
4351
5010
4330
4352
5011
4331
4353
5012
4332
4354
5013
4333
4355
5014
4334
4356
5015
4335
4357
5016
4336
4358
5017
4337
4359
5018
4338
4360
5019
4339
4361
5020
4340
4362
5021
4341
4363
5022
4342
4364
5023
4343
4365
5024
4344
4366
5025
4345
4367
5026
4346
4368
5027
4347
4369
5028
4370
5029
16677
16799
19609
19616
19617
19618
16801
30131
30212
30213
30215
4351
4372
5032
30212
30214
30216
30218
4352
4373
5033
4353
4374
5034
4354
4375
5035
4355
4376
5036
4356
4377
5037
4357
4378
5038
4358
4379
5039
4359
4380
5040
4360
4381
5041
4361
4382
5042
4362
4383
5043
4363
4384
5044
4364
4385
5045
4365
4386
5046
4366
4387
5047
4367
4388
5048
4368
4389
5049
4369
4390
5050
4370
4391
5051
4392
5052
16808
19526
19626
19627
19629
30213
32245
32246
32249
4373
4394
5054
19626
19628
19630
19632
4374
4395
5055
4375
4396
5056
4376
4397
5057
4377
4398
5058
4378
4399
5059
4379
4400
5060
4380
4401
5061
4381
4402
5062
4382
4403
5063
4383
4404
5064
4384
4405
5065
4385
4406
5066
4386
4407
5067
4387
4408
5068
4388
4409
5069
4389
4410
5070
4390
4411
5071
4391
4412
5072
4392
4413
5073
4414
5074
16812
19533
19627
19633
19634
19636
23362
23363
23366
4395
4416
5076
19633
19635
19637
19639
4396
4417
5077
4397
4418
5078
4398
4419
5079
4399
4420
5080
4400
4421
5081
4401
4422
5082
4402
4423
5083
4403
4424
5084
4404
4425
5085
4405
4426
5086
4406
4427
5087
4407
4428
5088
4408
4429
5089
4409
4430
5090
4410
4431
5091
4411
4432
5092
4412
4433
5093
4413
4434
5094
4414
4435
5095
4436
5096
16696
16816
16820
16821
16823
19634
23390
23391
23394
4417
4438
5098
16820
16822
16824
16826
4418
4439
5099
4419
4440
5100
4420
4441
5101
4421
4442
5102
4422
4443
5103
4423
4444
5104
4424
4445
5105
4425
4446
5106
4426
4447
5107
4427
4448
5108
4428
4449
5109
4429
4450
5110
4430
4451
5111
4431
4452
5112
4432
4453
5113
4433
4454
5114
4434
4455
5115
4435
4456
5116
4436
4457
5117
4458
5118
16707
16821
16827
16831
16832
16834
23418
23419
23422
4439
4460
5120
16831
16833
16835
16837
4440
4461
5121
4441
4462
5122
4442
4463
5123
4443
4464
5124
4444
4465
5125
4445
4466
5126
4446
4467
5127
4447
4468
5128
4448
4469
5129
4449
4470
5130
4450
4471
5131
4451
4472
5132
4452
4473
5133
4453
4474
5134
4454
4475
5135
4455
4476
5136
4456
4477
5137
4457
4478
5138
4458
4479
5139
4480
5140
16832
16838
19542
19642
19643
19645
23446
23447
23450
4461
4482
5142
19642
19644
19646
19648
4462
4483
5143
4463
4484
5144
4464
4485
5145
4465
4486
5146
4466
4487
5147
4467
4488
5148
4468
4489
5149
4469
4490
5150
4470
4491
5151
4471
4492
5152
4472
4493
5153
4473
4494
5154
4474
4495
5155
4475
4496
5156
4476
4497
5157
4477
4498
5158
4478
4499
5159
4479
4500
5160
4480
4501
5161
4502
5162
16844
19643
30138
30219
30220
30222
32273
32274
32277
4483
4505
5164
30219
30221
30223
30225
4484
4506
5165
4485
4507
5166
4486
4508
5167
4487
4509
5168
4488
4510
5169
4489
4511
5170
4490
4512
5171
4491
4513
5172
4492
4514
5173
4493
4515
5174
4494
4516
5175
4495
4517
5176
4496
4518
5177
4497
4519
5178
4498
4520
5179
4499
4521
5180
4500
4522
5181
4501
4523
5182
4502
4524
5183
4525
5184
16845
16850
19555
30226
30227
30228
19655
30220
34514
34532
34533
34535
4506
4529
5187
34532
34534
34536
34538
4507
4530
5188
4508
4531
5189
4509
4532
5190
4510
4533
5191
4511
4534
5192
4512
4535
5193
4513
4536
5194
4514
4537
5195
4515
4538
5196
4516
4539
5197
4517
4540
5198
4518
4541
5199
4519
4542
5200
4520
4543
5201
4521
4544
5202
4522
4545
5203
4523
4546
5204
4524
4547
5205
4525
4548
5206
4549
5207
16732
19663
19664
19665
16856
19656
30152
30233
30234
30236
4529
4553
5210
30233
30235
30237
30239
34533
34534
34537
34538
4530
4554
5211
4531
4555
5212
4532
4556
5213
4533
4557
5214
4534
4558
5215
4535
4559
5216
4536
4560
5217
4537
4561
5218
4538
4562
5219
4539
4563
5220
4540
4564
5221
4541
4565
5222
4542
4566
5223
4543
4567
5224
4544
4568
5225
4545
4569
5226
4546
4570
5227
4547
4571
5228
4548
4572
5229
4549
4573
5230
4574
5231
16741
19670
19671
19672
16857
16865
30159
30240
30241
30243
32287
32288
32291
4553
4578
5234
30234
30235
30238
30239
30240
30242
30244
30246
4554
4579
5235
4555
4580
5236
4556
4581
5237
4557
4582
5238
4558
4583
5239
4559
4584
5240
4560
4585
5241
4561
4586
5242
4562
4587
5243
4563
4588
5244
4564
4589
5245
4565
4590
5246
4566
4591
5247
4567
4592
5248
4568
4593
5249
4569
4594
5250
4570
4595
5251
4571
4596
5252
4572
4597
5253
4573
4598
5254
4574
4599
5255
4600
5256
16760
16878
19679
19680
19681
16866
16884
30166
30247
30248
30250
4578
4605
5259
30241
30242
30245
30246
30247
30249
30251
30253
4579
4606
5260
4580
4607
5261
4581
4608
5262
4582
4609
5263
4583
4610
5264
4584
4611
5265
4585
4612
5266
4586
4613
5267
4587
4614
5268
4588
4615
5269
4589
4616
5270
4590
4617
5271
4591
4618
5272
4592
4619
5273
4593
4620
5274
4594
4621
5275
4595
4622
5276
4596
4623
5277
4597
4624
5278
4598
4625
5279
4599
4626
5280
4600
4627
5281
4628
5282
16771
16874
16891
30255
30256
30257
16879
16895
19585
19685
19686
19688
23597
23598
23601
32315
32316
32319
16885
19685
30180
30261
30262
30264
4605
4633
5286
30248
30249
30252
30253
30261
30263
30265
30267
4606
4634
5287
4607
4635
5288
4608
4636
5289
4609
4637
5290
4610
4638
5291
4611
4639
5292
4612
4640
5293
4613
4641
5294
4614
4642
5295
4615
4643
5296
4616
4644
5297
4617
4645
5298
4618
4646
5299
4619
4647
5300
4620
4648
5301
4621
4649
5302
4622
4650
5303
4623
4651
5304
4624
4652
5305
4625
4653
5306
4626
4654
5307
4627
4655
5308
4628
4656
5309
4657
5310
30187
30268
30269
30271
16896
30268
34521
34539
34540
34542
4632
4660
5313
19686
19687
19690
19691
34539
34541
34543
34545
4633
4661
5314
30262
30263
30266
30267
4634
4662
5315
4635
4663
5316
4636
4664
5317
4637
4665
5318
4638
4666
5319
4639
4667
5320
4640
4668
5321
4641
4669
5322
4642
4670
5323
4643
4671
5324
4644
4672
5325
4645
4673
5326
4646
4674
5327
4647
4675
5328
4648
4676
5329
4649
4677
5330
4650
4678
5331
4651
4679
5332
4652
4680
5333
4653
4681
5334
4654
4682
5335
4655
4683
5336
4656
4684
5337
4657
4685
5338
4686
5339
4659
4687
5340
30269
30270
30273
30274
4660
4688
5341
34540
34541
34544
34545
4661
4689
5342
4662
4690
5343
4663
4691
5344
4664
4692
5345
4665
4693
5346
4666
4694
5347
4667
4695
5348
4668
4696
5349
4669
4697
5350
4670
4698
5351
4671
4699
5352
4672
4700
5353
4673
4701
5354
4674
4702
5355
4675
4703
5356
4676
4704
5357
4677
4705
5358
4678
4706
5359
4679
4707
5360
4680
4708
5361
4681
4709
5362
4682
4710
5363
4683
4711
5364
4684
4712
5365
4685
4713
5366
4686
4714
5367
4715
5368
4688
4716
5369
4689
4717
5370
4690
4718
5371
4691
4719
5372
4692
4720
5373
4693
4721
5374
4694
4722
5375
4695
4723
5376
4696
4724
5377
4697
4725
5378
4698
4726
5379
4699
4727
5380
4700
4728
5381
4701
4729
5382
4702
4730
5383
4703
4731
5384
4704
4732
5385
4705
4733
5386
4706
4734
5387
4707
4735
5388
4708
4736
5389
4709
4737
5390
4710
4738
5391
4711
4739
5392
4712
4740
5393
4713
4741
5394
4714
4742
5395
4715
4743
5396
4744
5397
4717
4745
5398
4718
4746
5399
4719
4747
5400
4720
4748
5401
4721
4749
5402
4722
4750
5403
4723
4751
5404
4724
4752
5405
4725
4753
5406
4726
4754
5407
4727
4755
5408
4728
4756
5409
4729
4757
5410
4730
4758
5411
4731
4759
5412
4732
4760
5413
4733
4761
5414
4734
4762
5415
4735
4763
5416
4736
4764
5417
4737
4765
5418
4738
4766
5419
4739
4767
5420
4740
4768
5421
4741
4769
5422
4742
4770
5423
4743
4771
5424
4744
4772
5425
4773
5426
4746
5427
4747
5428
4748
5429
4749
5430
4750
5431
4751
5432
4752
5433
4753
5434
4754
5435
4755
5436
4756
5437
4757
5438
4758
5439
4759
5440
4760
5441
4761
5442
4762
5443
4763
5444
4764
5445
4765
5446
4766
5447
4767
5448
4768
5449
4769
5450
4770
5451
4771
5452
4772
5453
4773
5454
5455
4775
4800
5459
4776
4801
5460
4777
4802
5461
4778
4803
5462
4779
4804
5463
4780
4805
5464
4781
4806
5465
4782
4807
5466
4783
4808
5467
4784
4809
5468
4785
4810
5469
4786
4811
5470
4787
4812
5471
4788
4813
5472
4789
4814
5473
4790
4815
5474
4791
4816
5475
4792
4817
5476
4793
4818
5477
4794
4819
5478
4795
4820
5479
4796
4821
5480
4797
4822
5481
4798
4823
5482
4799
4824
5483
4825
5484
4801
4826
5488
4802
4827
5489
4803
4828
5490
4804
4829
5491
4805
4830
5492
4806
4831
5493
4807
4832
5494
4808
4833
5495
4809
4834
5496
4810
4835
5497
4811
4836
5498
4812
4837
5499
4813
4838
5500
4814
4839
5501
4815
4840
5502
4816
4841
5503
4817
4842
5504
4818
4843
5505
4819
4844
5506
4820
4845
5507
4821
4846
5508
4822
4847
5509
4823
4848
5510
4824
4849
5511
4825
4850
5512
4851
5513
4827
4852
5517
4828
4853
5518
4829
4854
5519
4830
4855
5520
4831
4856
5521
4832
4857
5522
4833
4858
5523
4834
4859
5524
4835
4860
5525
4836
4861
5526
4837
4862
5527
4838
4863
5528
4839
4864
5529
4840
4865
5530
4841
4866
5531
4842
4867
5532
4843
4868
5533
4844
4869
5534
4845
4870
5535
4846
4871
5536
4847
4872
5537
4848
4873
5538
4849
4874
5539
4850
4875
5540
4851
4876
5541
4877
5542
4853
4878
5544
4854
4879
5545
4855
4880
5546
4856
4881
5547
4857
4882
5548
4858
4883
5549
4859
4884
5550
4860
4885
5551
4861
4886
5552
4862
4887
5553
4863
4888
5554
4864
4889
5555
4865
4890
5556
4866
4891
5557
4867
4892
5558
4868
4893
5559
4869
4894
5560
4870
4895
5561
4871
4896
5562
4872
4897
5563
4873
4898
5564
4874
4899
5565
4875
4900
5566
4876
4901
5567
4877
4902
5568
4903
5569
4879
4904
5571
34546
34549
34550
4880
4905
5572
4881
4906
5573
4882
4907
5574
4883
4908
5575
4884
4909
5576
4885
4910
5577
4886
4911
5578
4887
4912
5579
4888
4913
5580
4889
4914
5581
4890
4915
5582
4891
4916
5583
4892
4917
5584
4893
4918
5585
4894
4919
5586
4895
4920
5587
4896
4921
5588
4897
4922
5589
4898
4923
5590
4899
4924
5591
4900
4925
5592
4901
4926
5593
4902
4927
5594
4903
4928
5595
4929
5596
34528
34546
34547
34549
4906
4931
5599
30277
30280
30281
34546
34548
34550
34552
4907
4932
5600
4908
4933
5601
4909
4934
5602
4910
4935
5603
4911
4936
5604
4912
4937
5605
4913
4938
5606
4914
4939
5607
4915
4940
5608
4916
4941
5609
4917
4942
5610
4918
4943
5611
4919
4944
5612
4920
4945
5613
4921
4946
5614
4922
4947
5615
4923
4948
5616
4924
4949
5617
4925
4950
5618
4926
4951
5619
4927
4952
5620
4928
4953
5621
4929
4954
5622
4955
5623
19592
19692
19695
34147
34150
34152
34153
34547
19692
30194
30277
30278
30280
4933
4958
5627
30277
30279
30281
30283
30284
30287
30288
4934
4959
5628
4935
4960
5629
4936
4961
5630
4937
4962
5631
4938
4963
5632
4939
4964
5633
4940
4965
5634
4941
4966
5635
4942
4967
5636
4943
4968
5637
4944
4969
5638
4945
4970
5639
4946
4971
5640
4947
4972
5641
4948
4973
5642
4949
4974
5643
4950
4975
5644
4951
4976
5645
4952
4977
5646
4953
4978
5647
4954
4979
5648
4955
4980
5649
4981
5650
16776
19693
19700
19701
16781
16905
16908
16911
23650
23651
23654
23671
23672
23675
23676
30278
16908
30201
30284
30285
30287
4960
4983
5654
30284
30286
30288
30290
30291
30294
30295
4961
4984
5655
4962
4985
5656
4963
4986
5657
4964
4987
5658
4965
4988
5659
4966
4989
5660
4967
4990
5661
4968
4991
5662
4969
4992
5663
4970
4993
5664
4971
4994
5665
4972
4995
5666
4973
4996
5667
4974
4997
5668
4975
4998
5669
4976
4999
5670
4977
5000
5671
4978
5001
5672
4979
5002
5673
4980
5003
5674
4981
5004
5675
5005
5676
16790
16915
16917
16920
23687
23688
23691
23705
23706
23709
23710
30285
16917
30208
30291
30292
30294
4985
5008
5679
30291
30293
30295
30297
4986
5009
5680
4987
5010
5681
4988
5011
5682
4989
5012
5683
4990
5013
5684
4991
5014
5685
4992
5015
5686
4993
5016
5687
4994
5017
5688
4995
5018
5689
4996
5019
5690
4997
5020
5691
4998
5021
5692
4999
5022
5693
5000
5023
5694
5001
5024
5695
5002
5025
5696
5003
5026
5697
5004
5027
5698
5005
5028
5699
5029
5700
16796
16918
19707
19708
16924
19611
19711
19712
19714
30292
32343
32344
32347
5009
5031
5703
19711
19713
19715
19717
30298
30301
30302
5010
5032
5704
5011
5033
5705
5012
5034
5706
5013
5035
5707
5014
5036
5708
5015
5037
5709
5016
5038
5710
5017
5039
5711
5018
5040
5712
5019
5041
5713
5020
5042
5714
5021
5043
5715
5022
5044
5716
5023
5045
5717
5024
5046
5718
5025
5047
5719
5026
5048
5720
5027
5049
5721
5028
5050
5722
5029
5051
5723
5052
5724
16804
16929
19712
19719
19720
19721
16931
30215
30298
30299
30301
5033
5054
5727
30298
30300
30302
30304
5034
5055
5728
5035
5056
5729
5036
5057
5730
5037
5058
5731
5038
5059
5732
5039
5060
5733
5040
5061
5734
5041
5062
5735
5042
5063
5736
5043
5064
5737
5044
5065
5738
5045
5066
5739
5046
5067
5740
5047
5068
5741
5048
5069
5742
5049
5070
5743
5050
5071
5744
5051
5072
5745
5052
5073
5746
5074
5747
16938
19629
19729
19730
19732
30299
32357
32358
32361
5055
5076
5749
19729
19731
19733
19735
5056
5077
5750
5057
5078
5751
5058
5079
5752
5059
5080
5753
5060
5081
5754
5061
5082
5755
5062
5083
5756
5063
5084
5757
5064
5085
5758
5065
5086
5759
5066
5087
5760
5067
5088
5761
5068
5089
5762
5069
5090
5763
5070
5091
5764
5071
5092
5765
5072
5093
5766
5073
5094
5767
5074
5095
5768
5096
5769
16942
19636
19730
19736
19737
19739
23793
23794
23797
5077
5098
5771
19736
19738
19740
19742
5078
5099
5772
5079
5100
5773
5080
5101
5774
5081
5102
5775
5082
5103
5776
5083
5104
5777
5084
5105
5778
5085
5106
5779
5086
5107
5780
5087
5108
5781
5088
5109
5782
5089
5110
5783
5090
5111
5784
5091
5112
5785
5092
5113
5786
5093
5114
5787
5094
5115
5788
5095
5116
5789
5096
5117
5790
5118
5791
16823
16946
16950
16951
16953
19737
23821
23822
23825
5099
5120
5793
16950
16952
16954
16956
5100
5121
5794
5101
5122
5795
5102
5123
5796
5103
5124
5797
5104
5125
5798
5105
5126
5799
5106
5127
5800
5107
5128
5801
5108
5129
5802
5109
5130
5803
5110
5131
5804
5111
5132
5805
5112
5133
5806
5113
5134
5807
5114
5135
5808
5115
5136
5809
5116
5137
5810
5117
5138
5811
5118
5139
5812
5140
5813
16834
16951
16957
16961
16962
16964
23849
23850
23853
5121
5142
5815
16961
16963
16965
16967
5122
5143
5816
5123
5144
5817
5124
5145
5818
5125
5146
5819
5126
5147
5820
5127
5148
5821
5128
5149
5822
5129
5150
5823
5130
5151
5824
5131
5152
5825
5132
5153
5826
5133
5154
5827
5134
5155
5828
5135
5156
5829
5136
5157
5830
5137
5158
5831
5138
5159
5832
5139
5160
5833
5140
5161
5834
5162
5835
16962
16968
19645
19745
19746
19748
23877
23878
23881
5143
5164
5837
19745
19747
19749
19751
5144
5165
5838
5145
5166
5839
5146
5167
5840
5147
5168
5841
5148
5169
5842
5149
5170
5843
5150
5171
5844
5151
5172
5845
5152
5173
5846
5153
5174
5847
5154
5175
5848
5155
5176
5849
5156
5177
5850
5157
5178
5851
5158
5179
5852
5159
5180
5853
5160
5181
5854
5161
5182
5855
5162
5183
5856
5184
5857
16974
19746
30222
30305
30306
30308
32385
32386
32389
5165
5187
5859
30305
30307
30309
30311
5166
5188
5860
5167
5189
5861
5168
5190
5862
5169
5191
5863
5170
5192
5864
5171
5193
5865
5172
5194
5866
5173
5195
5867
5174
5196
5868
5175
5197
5869
5176
5198
5870
5177
5199
5871
5178
5200
5872
5179
5201
5873
5180
5202
5874
5181
5203
5875
5182
5204
5876
5183
5205
5877
5184
5206
5878
5207
5879
16975
16980
19658
30312
30313
30314
19758
30306
34535
34553
34554
34556
5188
5211
5882
34553
34555
34557
34559
5189
5212
5883
5190
5213
5884
5191
5214
5885
5192
5215
5886
5193
5216
5887
5194
5217
5888
5195
5218
5889
5196
5219
5890
5197
5220
5891
5198
5221
5892
5199
5222
5893
5200
5223
5894
5201
5224
5895
5202
5225
5896
5203
5226
5897
5204
5227
5898
5205
5228
5899
5206
5229
5900
5207
5230
5901
5231
5902
16859
19766
19767
19768
16986
19759
30236
30319
30320
30322
5211
5235
5905
30319
30321
30323
30325
34554
34555
34558
34559
5212
5236
5906
5213
5237
5907
5214
5238
5908
5215
5239
5909
5216
5240
5910
5217
5241
5911
5218
5242
5912
5219
5243
5913
5220
5244
5914
5221
5245
5915
5222
5246
5916
5223
5247
5917
5224
5248
5918
5225
5249
5919
5226
5250
5920
5227
5251
5921
5228
5252
5922
5229
5253
5923
5230
5254
5924
5231
5255
5925
5256
5926
16868
19773
19774
19775
16987
16995
30243
30326
30327
30329
32399
32400
32403
5235
5260
5929
30320
30321
30324
30325
30326
30328
30330
30332
5236
5261
5930
5237
5262
5931
5238
5263
5932
5239
5264
5933
5240
5265
5934
5241
5266
5935
5242
5267
5936
5243
5268
5937
5244
5269
5938
5245
5270
5939
5246
5271
5940
5247
5272
5941
5248
5273
5942
5249
5274
5943
5250
5275
5944
5251
5276
5945
5252
5277
5946
5253
5278
5947
5254
5279
5948
5255
5280
5949
5256
5281
5950
5282
5951
16887
17008
19782
19783
19784
16996
17014
30250
30333
30334
30336
5260
5287
5954
30327
30328
30331
30332
30333
30335
30337
30339
5261
5288
5955
5262
5289
5956
5263
5290
5957
5264
5291
5958
5265
5292
5959
5266
5293
5960
5267
5294
5961
5268
5295
5962
5269
5296
5963
5270
5297
5964
5271
5298
5965
5272
5299
5966
5273
5300
5967
5274
5301
5968
5275
5302
5969
5276
5303
5970
5277
5304
5971
5278
5305
5972
5279
5306
5973
5280
5307
5974
5281
5308
5975
5282
5309
5976
5310
5977
16898
17004
17021
30341
30342
30343
17009
17025
19688
19788
19789
19791
24028
24029
24032
32427
32428
32431
17015
19788
30264
30347
30348
30350
5287
5315
5981
30334
30335
30338
30339
30347
30349
30351
30353
5288
5316
5982
5289
5317
5983
5290
5318
5984
5291
5319
5985
5292
5320
5986
5293
5321
5987
5294
5322
5988
5295
5323
5989
5296
5324
5990
5297
5325
5991
5298
5326
5992
5299
5327
5993
5300
5328
5994
5301
5329
5995
5302
5330
5996
5303
5331
5997
5304
5332
5998
5305
5333
5999
5306
5334
6000
5307
5335
6001
5308
5336
6002
5309
5337
6003
5310
5338
6004
5339
6005
30271
30354
30355
30357
17026
30354
34542
34560
34561
34563
5314
5342
6008
19789
19790
19793
19794
34560
34562
34564
34566
5315
5343
6009
30348
30349
30352
30353
5316
5344
6010
5317
5345
6011
5318
5346
6012
5319
5347
6013
5320
5348
6014
5321
5349
6015
5322
5350
6016
5323
5351
6017
5324
5352
6018
5325
5353
6019
5326
5354
6020
5327
5355
6021
5328
5356
6022
5329
5357
6023
5330
5358
6024
5331
5359
6025
5332
5360
6026
5333
5361
6027
5334
5362
6028
5335
5363
6029
5336
5364
6030
5337
5365
6031
5338
5366
6032
5339
5367
6033
5368
6034
5341
5369
6035
30355
30356
30359
30360
5342
5370
6036
34561
34562
34565
34566
5343
5371
6037
5344
5372
6038
5345
5373
6039
5346
5374
6040
5347
5375
6041
5348
5376
6042
5349
5377
6043
5350
5378
6044
5351
5379
6045
5352
5380
6046
5353
5381
6047
5354
5382
6048
5355
5383
6049
5356
5384
6050
5357
5385
6051
5358
5386
6052
5359
5387
6053
5360
5388
6054
5361
5389
6055
5362
5390
6056
5363
5391
6057
5364
5392
6058
5365
5393
6059
5366
5394
6060
5367
5395
6061
5368
5396
6062
5397
6063
5370
5398
6064
5371
5399
6065
5372
5400
6066
5373
5401
6067
5374
5402
6068
5375
5403
6069
5376
5404
6070
5377
5405
6071
5378
5406
6072
5379
5407
6073
5380
5408
6074
5381
5409
6075
5382
5410
6076
5383
5411
6077
5384
5412
6078
5385
5413
6079
5386
5414
6080
5387
5415
6081
5388
5416
6082
5389
5417
6083
5390
5418
6084
5391
5419
6085
5392
5420
6086
5393
5421
6087
5394
5422
6088
5395
5423
6089
5396
5424
6090
5397
5425
6091
5426
6092
5399
5427
6093
5400
5428
6094
5401
5429
6095
5402
5430
6096
5403
5431
6097
5404
5432
6098
5405
5433
6099
5406
5434
6100
5407
5435
6101
5408
5436
6102
5409
5437
6103
5410
5438
6104
5411
5439
6105
5412
5440
6106
5413
5441
6107
5414
5442
6108
5415
5443
6109
5416
5444
6110
5417
5445
6111
5418
5446
6112
5419
5447
6113
5420
5448
6114
5421
5449
6115
5422
5450
6116
5423
5451
6117
5424
5452
6118
5425
5453
6119
5426
5454
6120
5455
6121
5428
6122
5429
6123
5430
6124
5431
6125
5432
6126
5433
6127
5434
6128
5435
6129
5436
6130
5437
6131
5438
6132
5439
6133
5440
6134
5441
6135
5442
6136
5443
6137
5444
6138
5445
6139
5446
6140
5447
6141
5448
6142
5449
6143
5450
6144
5451
6145
5452
6146
5453
6147
5454
6148
5455
6149
6150
5457
5485
6151
5458
5486
6152
5459
5487
6153
5460
5488
6154
5461
5489
6155
5462
5490
6156
5463
5491
6157
5464
5492
6158
5465
5493
6159
5466
5494
6160
5467
5495
6161
5468
5496
6162
5469
5497
6163
5470
5498
6164
5471
5499
6165
5472
5500
6166
5473
5501
6167
5474
5502
6168
5475
5503
6169
5476
5504
6170
5477
5505
6171
5478
5506
6172
5479
5507
6173
5480
5508
6174
5481
5509
6175
5482
5510
6176
5483
5511
6177
5484
5512
6178
5513
6179
5486
5514
6180
5487
5515
6181
5488
5516
6182
5489
5517
6183
5490
5518
6184
5491
5519
6185
5492
5520
6186
5493
5521
6187
5494
5522
6188
5495
5523
6189
5496
5524
6190
5497
5525
6191
5498
5526
6192
5499
5527
6193
5500
5528
6194
5501
5529
6195
5502
5530
6196
5503
5531
6197
5504
5532
6198
5505
5533
6199
5506
5534
6200
5507
5535
6201
5508
5536
6202
5509
5537
6203
5510
5538
6204
5511
5539
6205
5512
5540
6206
5513
5541
6207
5542
6208
5515
6209
5516
6210
5517
5543
6211
5518
5544
6212
5519
5545
6213
5520
5546
6214
5521
5547
6215
5522
5548
6216
5523
5549
6217
5524
5550
6218
5525
5551
6219
5526
5552
6220
5527
5553
6221
5528
5554
6222
5529
5555
6223
5530
5556
6224
5531
5557
6225
5532
5558
6226
5533
5559
6227
5534
5560
6228
5535
5561
6229
5536
5562
6230
5537
5563
6231
5538
5564
6232
5539
5565
6233
5540
5566
6234
5541
5567
6235
5542
5568
6236
5569
6237
5544
5570
6240
5545
5571
6241
5546
5572
6242
5547
5573
6243
5548
5574
6244
5549
5575
6245
5550
5576
6246
5551
5577
6247
5552
5578
6248
5553
5579
6249
5554
5580
6250
5555
5581
6251
5556
5582
6252
5557
5583
6253
5558
5584
6254
5559
5585
6255
5560
5586
6256
5561
5587
6257
5562
5588
6258
5563
5589
6259
5564
5590
6260
5565
5591
6261
5566
5592
6262
5567
5593
6263
5568
5594
6264
5569
5595
6265
5596
6266
5571
5597
6269
30361
30364
30365
5572
5598
6270
34567
34570
34571
5573
5599
6271
5574
5600
6272
5575
5601
6273
5576
5602
6274
5577
5603
6275
5578
5604
6276
5579
5605
6277
5580
5606
6278
5581
5607
6279
5582
5608
6280
5583
5609
6281
5584
5610
6282
5585
5611
6283
5586
5612
6284
5587
5613
6285
5588
5614
6286
5589
5615
6287
5590
5616
6288
5591
5617
6289
5592
5618
6290
5593
5619
6291
5594
5620
6292
5595
5621
6293
5596
5622
6294
5623
6295
30361
30362
30364
30361
34549
34567
34568
34570
5600
5626
6299
30375
30378
30379
34567
34569
34571
34573
5601
5627
6300
5602
5628
6301
5603
5629
6302
5604
5630
6303
5605
5631
6304
5606
5632
6305
5607
5633
6306
5608
5634
6307
5609
5635
6308
5610
5636
6309
5611
5637
6310
5612
5638
6311
5613
5639
6312
5614
5640
6313
5615
5641
6314
5616
5642
6315
5617
5643
6316
5618
5644
6317
5619
5645
6318
5620
5646
6319
5621
5647
6320
5622
5648
6321
5623
5649
6322
5650
6323
16902
30362
30369
30370
30371
17032
19695
19795
19798
34168
34171
34173
34174
34568
19795
30280
30375
30376
30378
5628
5653
6328
30375
30377
30379
30381
30382
30385
30386
5629
5654
6329
5630
5655
6330
5631
5656
6331
5632
5657
6332
5633
5658
6333
5634
5659
6334
5635
5660
6335
5636
5661
6336
5637
5662
6337
5638
5663
6338
5639
5664
6339
5640
5665
6340
5641
5666
6341
5642
5667
6342
5643
5668
6343
5644
5669
6344
5645
5670
6345
5646
5671
6346
5647
5672
6347
5648
5673
6348
5649
5674
6349
5650
5675
6350
5676
6351
16906
19796
19803
19804
16911
17037
17040
17043
24092
24093
24096
24113
24114
24117
24118
30376
17040
30287
30382
30383
30385
5655
5678
6355
30382
30384
30386
30388
30389
30392
30393
5656
5679
6356
5657
5680
6357
5658
5681
6358
5659
5682
6359
5660
5683
6360
5661
5684
6361
5662
5685
6362
5663
5686
6363
5664
5687
6364
5665
5688
6365
5666
5689
6366
5667
5690
6367
5668
5691
6368
5669
5692
6369
5670
5693
6370
5671
5694
6371
5672
5695
6372
5673
5696
6373
5674
5697
6374
5675
5698
6375
5676
5699
6376
5700
6377
16920
17047
17049
17052
24129
24130
24133
24147
24148
24151
24152
30383
17049
30294
30389
30390
30392
5680
5703
6380
30389
30391
30393
30395
5681
5704
6381
5682
5705
6382
5683
5706
6383
5684
5707
6384
5685
5708
6385
5686
5709
6386
5687
5710
6387
5688
5711
6388
5689
5712
6389
5690
5713
6390
5691
5714
6391
5692
5715
6392
5693
5716
6393
5694
5717
6394
5695
5718
6395
5696
5719
6396
5697
5720
6397
5698
5721
6398
5699
5722
6399
5700
5723
6400
5724
6401
16926
17050
19810
19811
17056
19714
19814
19815
19817
30390
32455
32456
32459
5704
5726
6404
19814
19816
19818
19820
30396
30399
30400
5705
5727
6405
5706
5728
6406
5707
5729
6407
5708
5730
6408
5709
5731
6409
5710
5732
6410
5711
5733
6411
5712
5734
6412
5713
5735
6413
5714
5736
6414
5715
5737
6415
5716
5738
6416
5717
5739
6417
5718
5740
6418
5719
5741
6419
5720
5742
6420
5721
5743
6421
5722
5744
6422
5723
5745
6423
5724
5746
6424
5747
6425
16934
17061
19815
19822
19823
19824
17063
30301
30396
30397
30399
5728
5749
6428
30396
30398
30400
30402
5729
5750
6429
5730
5751
6430
5731
5752
6431
5732
5753
6432
5733
5754
6433
5734
5755
6434
5735
5756
6435
5736
5757
6436
5737
5758
6437
5738
5759
6438
5739
5760
6439
5740
5761
6440
5741
5762
6441
5742
5763
6442
5743
5764
6443
5744
5765
6444
5745
5766
6445
5746
5767
6446
5747
5768
6447
5769
6448
17070
19732
19832
19833
19835
30397
32469
32470
32473
5750
5771
6450
19832
19834
19836
19838
5751
5772
6451
5752
5773
6452
5753
5774
6453
5754
5775
6454
5755
5776
6455
5756
5777
6456
5757
5778
6457
5758
5779
6458
5759
5780
6459
5760
5781
6460
5761
5782
6461
5762
5783
6462
5763
5784
6463
5764
5785
6464
5765
5786
6465
5766
5787
6466
5767
5788
6467
5768
5789
6468
5769
5790
6469
5791
6470
17074
19739
19833
19839
19840
19842
24235
24236
24239
5772
5793
6472
19839
19841
19843
19845
5773
5794
6473
5774
5795
6474
5775
5796
6475
5776
5797
6476
5777
5798
6477
5778
5799
6478
5779
5800
6479
5780
5801
6480
5781
5802
6481
5782
5803
6482
5783
5804
6483
5784
5805
6484
5785
5806
6485
5786
5807
6486
5787
5808
6487
5788
5809
6488
5789
5810
6489
5790
5811
6490
5791
5812
6491
5813
6492
16953
17078
17082
17083
17085
19840
24263
24264
24267
5794
5815
6494
17082
17084
17086
17088
5795
5816
6495
5796
5817
6496
5797
5818
6497
5798
5819
6498
5799
5820
6499
5800
5821
6500
5801
5822
6501
5802
5823
6502
5803
5824
6503
5804
5825
6504
5805
5826
6505
5806
5827
6506
5807
5828
6507
5808
5829
6508
5809
5830
6509
5810
5831
6510
5811
5832
6511
5812
5833
6512
5813
5834
6513
5835
6514
16964
17083
17089
17093
17094
17096
24291
24292
24295
5816
5837
6516
17093
17095
17097
17099
5817
5838
6517
5818
5839
6518
5819
5840
6519
5820
5841
6520
5821
5842
6521
5822
5843
6522
5823
5844
6523
5824
5845
6524
5825
5846
6525
5826
5847
6526
5827
5848
6527
5828
5849
6528
5829
5850
6529
5830
5851
6530
5831
5852
6531
5832
5853
6532
5833
5854
6533
5834
5855
6534
5835
5856
6535
5857
6536
17094
17100
19748
19848
19849
19851
24319
24320
24323
5838
5859
6538
19848
19850
19852
19854
5839
5860
6539
5840
5861
6540
5841
5862
6541
5842
5863
6542
5843
5864
6543
5844
5865
6544
5845
5866
6545
5846
5867
6546
5847
5868
6547
5848
5869
6548
5849
5870
6549
5850
5871
6550
5851
5872
6551
5852
5873
6552
5853
5874
6553
5854
5875
6554
5855
5876
6555
5856
5877
6556
5857
5878
6557
5879
6558
17106
19849
30308
30403
30404
30406
32497
32498
32501
5860
5882
6560
30403
30405
30407
30409
5861
5883
6561
5862
5884
6562
5863
5885
6563
5864
5886
6564
5865
5887
6565
5866
5888
6566
5867
5889
6567
5868
5890
6568
5869
5891
6569
5870
5892
6570
5871
5893
6571
5872
5894
6572
5873
5895
6573
5874
5896
6574
5875
5897
6575
5876
5898
6576
5877
5899
6577
5878
5900
6578
5879
5901
6579
5902
6580
17107
17112
19761
30410
30411
30412
19861
30404
34556
34574
34575
34577
5883
5906
6583
34574
34576
34578
34580
5884
5907
6584
5885
5908
6585
5886
5909
6586
5887
5910
6587
5888
5911
6588
5889
5912
6589
5890
5913
6590
5891
5914
6591
5892
5915
6592
5893
5916
6593
5894
5917
6594
5895
5918
6595
5896
5919
6596
5897
5920
6597
5898
5921
6598
5899
5922
6599
5900
5923
6600
5901
5924
6601
5902
5925
6602
5926
6603
16989
19869
19870
19871
17118
19862
30322
30417
30418
30420
5906
5930
6606
30417
30419
30421
30423
34575
34576
34579
34580
5907
5931
6607
5908
5932
6608
5909
5933
6609
5910
5934
6610
5911
5935
6611
5912
5936
6612
5913
5937
6613
5914
5938
6614
5915
5939
6615
5916
5940
6616
5917
5941
6617
5918
5942
6618
5919
5943
6619
5920
5944
6620
5921
5945
6621
5922
5946
6622
5923
5947
6623
5924
5948
6624
5925
5949
6625
5926
5950
6626
5951
6627
16998
19876
19877
19878
17119
17127
30329
30424
30425
30427
32511
32512
32515
5930
5955
6630
30418
30419
30422
30423
30424
30426
30428
30430
5931
5956
6631
5932
5957
6632
5933
5958
6633
5934
5959
6634
5935
5960
6635
5936
5961
6636
5937
5962
6637
5938
5963
6638
5939
5964
6639
5940
5965
6640
5941
5966
6641
5942
5967
6642
5943
5968
6643
5944
5969
6644
5945
5970
6645
5946
5971
6646
5947
5972
6647
5948
5973
6648
5949
5974
6649
5950
5975
6650
5951
5976
6651
5977
6652
17017
17140
19885
19886
19887
17128
17146
30336
30431
30432
30434
5955
5982
6655
30425
30426
30429
30430
30431
30433
30435
30437
5956
5983
6656
5957
5984
6657
5958
5985
6658
5959
5986
6659
5960
5987
6660
5961
5988
6661
5962
5989
6662
5963
5990
6663
5964
5991
6664
5965
5992
6665
5966
5993
6666
5967
5994
6667
5968
5995
6668
5969
5996
6669
5970
5997
6670
5971
5998
6671
5972
5999
6672
5973
6000
6673
5974
6001
6674
5975
6002
6675
5976
6003
6676
5977
6004
6677
6005
6678
17028
17136
17153
30439
30440
30441
17141
17157
19791
19891
19892
19894
24470
24471
24474
32539
32540
32543
17147
19891
30350
30445
30446
30448
5982
6010
6682
30432
30433
30436
30437
30445
30447
30449
30451
5983
6011
6683
5984
6012
6684
5985
6013
6685
5986
6014
6686
5987
6015
6687
5988
6016
6688
5989
6017
6689
5990
6018
6690
5991
6019
6691
5992
6020
6692
5993
6021
6693
5994
6022
6694
5995
6023
6695
5996
6024
6696
5997
6025
6697
5998
6026
6698
5999
6027
6699
6000
6028
6700
6001
6029
6701
6002
6030
6702
6003
6031
6703
6004
6032
6704
6005
6033
6705
6034
6706
30357
30452
30453
30455
17158
30452
34563
34581
34582
34584
6009
6037
6709
19892
19893
19896
19897
34581
34583
34585
34587
6010
6038
6710
30446
30447
30450
30451
6011
6039
6711
6012
6040
6712
6013
6041
6713
6014
6042
6714
6015
6043
6715
6016
6044
6716
6017
6045
6717
6018
6046
6718
6019
6047
6719
6020
6048
6720
6021
6049
6721
6022
6050
6722
6023
6051
6723
6024
6052
6724
6025
6053
6725
6026
6054
6726
6027
6055
6727
6028
6056
6728
6029
6057
6729
6030
6058
6730
6031
6059
6731
6032
6060
6732
6033
6061
6733
6034
6062
6734
6063
6735
6036
6064
6736
30453
30454
30457
30458
6037
6065
6737
34582
34583
34586
34587
6038
6066
6738
6039
6067
6739
6040
6068
6740
6041
6069
6741
6042
6070
6742
6043
6071
6743
6044
6072
6744
6045
6073
6745
6046
6074
6746
6047
6075
6747
6048
6076
6748
6049
6077
6749
6050
6078
6750
6051
6079
6751
6052
6080
6752
6053
6081
6753
6054
6082
6754
6055
6083
6755
6056
6084
6756
6057
6085
6757
6058
6086
6758
6059
6087
6759
6060
6088
6760
6061
6089
6761
6062
6090
6762
6063
6091
6763
6092
6764
6065
6093
6765
6066
6094
6766
6067
6095
6767
6068
6096
6768
6069
6097
6769
6070
6098
6770
6071
6099
6771
6072
6100
6772
6073
6101
6773
6074
6102
6774
6075
6103
6775
6076
6104
6776
6077
6105
6777
6078
6106
6778
6079
6107
6779
6080
6108
6780
6081
6109
6781
6082
6110
6782
6083
6111
6783
6084
6112
6784
6085
6113
6785
6086
6114
6786
6087
6115
6787
6088
6116
6788
6089
6117
6789
6090
6118
6790
6091
6119
6791
6092
6120
6792
6121
6793
6094
6122
6794
6095
6123
6795
6096
6124
6796
6097
6125
6797
6098
6126
6798
6099
6127
6799
6100
6128
6800
6101
6129
6801
6102
6130
6802
6103
6131
6803
6104
6132
6804
6105
6133
6805
6106
6134
6806
6107
6135
6807
6108
6136
6808
6109
6137
6809
6110
6138
6810
6111
6139
6811
6112
6140
6812
6113
6141
6813
6114
6142
6814
6115
6143
6815
6116
6144
6816
6117
6145
6817
6118
6146
6818
6119
6147
6819
6120
6148
6820
6121
6149
6821
6150
6822
6123
6823
6124
6824
6125
6825
6126
6826
6127
6827
6128
6828
6129
6829
6130
6830
6131
6831
6132
6832
6133
6833
6134
6834
6135
6835
6136
6836
6137
6837
6138
6838
6139
6839
6140
6840
6141
6841
6142
6842
6143
6843
6144
6844
6145
6845
6146
6846
6147
6847
6148
6848
6149
6849
6150
6850
6851
6152
6180
6852
6153
6181
6853
6154
6182
6854
6155
6183
6855
6156
6184
6856
6157
6185
6857
6158
6186
6858
6159
6187
6859
6160
6188
6860
6161
6189
6861
6162
6190
6862
6163
6191
6863
6164
6192
6864
6165
6193
6865
6166
6194
6866
6167
6195
6867
6168
6196
6868
6169
6197
6869
6170
6198
6870
6171
6199
6871
6172
6200
6872
6173
6201
6873
6174
6202
6874
6175
6203
6875
6176
6204
6876
6177
6205
6877
6178
6206
6878
6179
6207
6879
6208
6880
6181
6209
6881
6182
6210
6882
6183
6211
6883
6184
6212
6884
6185
6213
6885
6186
6214
6886
6187
6215
6887
6188
6216
6888
6189
6217
6889
6190
6218
6890
6191
6219
6891
6192
6220
6892
6193
6221
6893
6194
6222
6894
6195
6223
6895
6196
6224
6896
6197
6225
6897
6198
6226
6898
6199
6227
6899
6200
6228
6900
6201
6229
6901
6202
6230
6902
6203
6231
6903
6204
6232
6904
6205
6233
6905
6206
6234
6906
6207
6235
6907
6208
6236
6908
6237
6909
6210
6238
6910
6211
6239
6911
6212
6240
6912
6213
6241
6913
6214
6242
6914
6215
6243
6915
6216
6244
6916
6217
6245
6917
6218
6246
6918
6219
6247
6919
6220
6248
6920
6221
6249
6921
6222
6250
6922
6223
6251
6923
6224
6252
6924
6225
6253
6925
6226
6254
6926
6227
6255
6927
6228
6256
6928
6229
6257
6929
6230
6258
6930
6231
6259
6931
6232
6260
6932
6233
6261
6933
6234
6262
6934
6235
6263
6935
6236
6264
6936
6237
6265
6937
6266
6938
6239
6267
6939
30459
30462
30463
6240
6268
6940
34588
34591
34592
6241
6269
6941
6242
6270
6942
6243
6271
6943
6244
6272
6944
6245
6273
6945
6246
6274
6946
6247
6275
6947
6248
6276
6948
6249
6277
6949
6250
6278
6950
6251
6279
6951
6252
6280
6952
6253
6281
6953
6254
6282
6954
6255
6283
6955
6256
6284
6956
6257
6285
6957
6258
6286
6958
6259
6287
6959
6260
6288
6960
6261
6289
6961
6262
6290
6962
6263
6291
6963
6264
6292
6964
6265
6293
6965
6266
6294
6966
6295
6967
30459
30460
30462
30459
34588
34589
34591
6270
6297
6970
30466
30469
30470
34588
34590
34592
34594
6271
6298
6971
34595
34598
34599
6272
6299
6972
6273
6300
6973
6274
6301
6974
6275
6302
6975
6276
6303
6976
6277
6304
6977
6278
6305
6978
6279
6306
6979
6280
6307
6980
6281
6308
6981
6282
6309
6982
6283
6310
6983
6284
6311
6984
6285
6312
6985
6286
6313
6986
6287
6314
6987
6288
6315
6988
6289
6316
6989
6290
6317
6990
6291
6318
6991
6292
6319
6992
6293
6320
6993
6294
6321
6994
6295
6322
6995
6323
6996
17168
17171
32565
32566
32569
32570
34589
17168
30364
30466
30467
30469
30466
34570
34595
34596
34598
6300
6327
7001
30480
30483
30484
34595
34597
34599
34601
6301
6328
7002
6302
6329
7003
6303
6330
7004
6304
6331
7005
6305
6332
7006
6306
6333
7007
6307
6334
7008
6308
6335
7009
6309
6336
7010
6310
6337
7011
6311
6338
7012
6312
6339
7013
6313
6340
7014
6314
6341
7015
6315
6342
7016
6316
6343
7017
6317
6344
7018
6318
6345
7019
6319
6346
7020
6320
6347
7021
6321
6348
7022
6322
6349
7023
6323
6350
7024
6351
7025
17169
19899
19900
17034
17177
30467
30474
30475
30476
17180
19798
19903
19906
34189
34192
34194
34195
34596
19903
30378
30480
30481
30483
6329
6354
7031
30480
30482
30484
30486
30487
30490
30491
6330
6355
7032
6331
6356
7033
6332
6357
7034
6333
6358
7035
6334
6359
7036
6335
6360
7037
6336
6361
7038
6337
6362
7039
6338
6363
7040
6339
6364
7041
6340
6365
7042
6341
6366
7043
6342
6367
7044
6343
6368
7045
6344
6369
7046
6345
6370
7047
6346
6371
7048
6347
6372
7049
6348
6373
7050
6349
6374
7051
6350
6375
7052
6351
6376
7053
6377
7054
17038
19904
19911
19912
17043
17185
17188
17191
24566
24567
24570
24587
24588
24591
24592
30481
17188
30385
30487
30488
30490
6356
6379
7058
30487
30489
30491
30493
30494
30497
30498
6357
6380
7059
6358
6381
7060
6359
6382
7061
6360
6383
7062
6361
6384
7063
6362
6385
7064
6363
6386
7065
6364
6387
7066
6365
6388
7067
6366
6389
7068
6367
6390
7069
6368
6391
7070
6369
6392
7071
6370
6393
7072
6371
6394
7073
6372
6395
7074
6373
6396
7075
6374
6397
7076
6375
6398
7077
6376
6399
7078
6377
6400
7079
6401
7080
17052
17195
17197
17200
24603
24604
24607
24621
24622
24625
24626
30488
17197
30392
30494
30495
30497
6381
6404
7083
30494
30496
30498
30500
6382
6405
7084
6383
6406
7085
6384
6407
7086
6385
6408
7087
6386
6409
7088
6387
6410
7089
6388
6411
7090
6389
6412
7091
6390
6413
7092
6391
6414
7093
6392
6415
7094
6393
6416
7095
6394
6417
7096
6395
6418
7097
6396
6419
7098
6397
6420
7099
6398
6421
7100
6399
6422
7101
6400
6423
7102
6401
6424
7103
6425
7104
17058
17198
19918
19919
17204
19817
19922
19923
19925
30495
32588
32589
32592
6405
6427
7107
19922
19924
19926
19928
30501
30504
30505
6406
6428
7108
6407
6429
7109
6408
6430
7110
6409
6431
7111
6410
6432
7112
6411
6433
7113
6412
6434
7114
6413
6435
7115
6414
6436
7116
6415
6437
7117
6416
6438
7118
6417
6439
7119
6418
6440
7120
6419
6441
7121
6420
6442
7122
6421
6443
7123
6422
6444
7124
6423
6445
7125
6424
6446
7126
6425
6447
7127
6448
7128
17066
17209
19923
19930
19931
19932
17211
30399
30501
30502
30504
6429
6450
7131
30501
30503
30505
30507
6430
6451
7132
6431
6452
7133
6432
6453
7134
6433
6454
7135
6434
6455
7136
6435
6456
7137
6436
6457
7138
6437
6458
7139
6438
6459
7140
6439
6460
7141
6440
6461
7142
6441
6462
7143
6442
6463
7144
6443
6464
7145
6444
6465
7146
6445
6466
7147
6446
6467
7148
6447
6468
7149
6448
6469
7150
6470
7151
17218
19835
19940
19941
19943
30502
32602
32603
32606
6451
6472
7153
19940
19942
19944
19946
6452
6473
7154
6453
6474
7155
6454
6475
7156
6455
6476
7157
6456
6477
7158
6457
6478
7159
6458
6479
7160
6459
6480
7161
6460
6481
7162
6461
6482
7163
6462
6483
7164
6463
6484
7165
6464
6485
7166
6465
6486
7167
6466
6487
7168
6467
6488
7169
6468
6489
7170
6469
6490
7171
6470
6491
7172
6492
7173
17222
19842
19941
19947
19948
19950
24709
24710
24713
6473
6494
7175
19947
19949
19951
19953
6474
6495
7176
6475
6496
7177
6476
6497
7178
6477
6498
7179
6478
6499
7180
6479
6500
7181
6480
6501
7182
6481
6502
7183
6482
6503
7184
6483
6504
7185
6484
6505
7186
6485
6506
7187
6486
6507
7188
6487
6508
7189
6488
6509
7190
6489
6510
7191
6490
6511
7192
6491
6512
7193
6492
6513
7194
6514
7195
17085
17226
17230
17231
17233
19948
24737
24738
24741
6495
6516
7197
17230
17232
17234
17236
6496
6517
7198
6497
6518
7199
6498
6519
7200
6499
6520
7201
6500
6521
7202
6501
6522
7203
6502
6523
7204
6503
6524
7205
6504
6525
7206
6505
6526
7207
6506
6527
7208
6507
6528
7209
6508
6529
7210
6509
6530
7211
6510
6531
7212
6511
6532
7213
6512
6533
7214
6513
6534
7215
6514
6535
7216
6536
7217
17096
17231
17237
17241
17242
17244
24765
24766
24769
6517
6538
7219
17241
17243
17245
17247
6518
6539
7220
6519
6540
7221
6520
6541
7222
6521
6542
7223
6522
6543
7224
6523
6544
7225
6524
6545
7226
6525
6546
7227
6526
6547
7228
6527
6548
7229
6528
6549
7230
6529
6550
7231
6530
6551
7232
6531
6552
7233
6532
6553
7234
6533
6554
7235
6534
6555
7236
6535
6556
7237
6536
6557
7238
6558
7239
17242
17248
19851
19956
19957
19959
24793
24794
24797
6539
6560
7241
19956
19958
19960
19962
6540
6561
7242
6541
6562
7243
6542
6563
7244
6543
6564
7245
6544
6565
7246
6545
6566
7247
6546
6567
7248
6547
6568
7249
6548
6569
7250
6549
6570
7251
6550
6571
7252
6551
6572
7253
6552
6573
7254
6553
6574
7255
6554
6575
7256
6555
6576
7257
6556
6577
7258
6557
6578
7259
6558
6579
7260
6580
7261
17254
19957
30406
30508
30509
30511
32630
32631
32634
6561
6583
7263
30508
30510
30512
30514
6562
6584
7264
6563
6585
7265
6564
6586
7266
6565
6587
7267
6566
6588
7268
6567
6589
7269
6568
6590
7270
6569
6591
7271
6570
6592
7272
6571
6593
7273
6572
6594
7274
6573
6595
7275
6574
6596
7276
6575
6597
7277
6576
6598
7278
6577
6599
7279
6578
6600
7280
6579
6601
7281
6580
6602
7282
6603
7283
17255
17260
19864
30515
30516
30517
19969
30509
34577
34602
34603
34605
6584
6607
7286
34602
34604
34606
34608
6585
6608
7287
6586
6609
7288
6587
6610
7289
6588
6611
7290
6589
6612
7291
6590
6613
7292
6591
6614
7293
6592
6615
7294
6593
6616
7295
6594
6617
7296
6595
6618
7297
6596
6619
7298
6597
6620
7299
6598
6621
7300
6599
6622
7301
6600
6623
7302
6601
6624
7303
6602
6625
7304
6603
6626
7305
6627
7306
17121
19977
19978
19979
17266
19970
30420
30522
30523
30525
6607
6631
7309
30522
30524
30526
30528
34603
34604
34607
34608
6608
6632
7310
6609
6633
7311
6610
6634
7312
6611
6635
7313
6612
6636
7314
6613
6637
7315
6614
6638
7316
6615
6639
7317
6616
6640
7318
6617
6641
7319
6618
6642
7320
6619
6643
7321
6620
6644
7322
6621
6645
7323
6622
6646
7324
6623
6647
7325
6624
6648
7326
6625
6649
7327
6626
6650
7328
6627
6651
7329
6652
7330
17130
19984
19985
19986
17267
17275
30427
30529
30530
30532
32644
32645
32648
6631
6656
7333
30523
30524
30527
30528
30529
30531
30533
30535
6632
6657
7334
6633
6658
7335
6634
6659
7336
6635
6660
7337
6636
6661
7338
6637
6662
7339
6638
6663
7340
6639
6664
7341
6640
6665
7342
6641
6666
7343
6642
6667
7344
6643
6668
7345
6644
6669
7346
6645
6670
7347
6646
6671
7348
6647
6672
7349
6648
6673
7350
6649
6674
7351
6650
6675
7352
6651
6676
7353
6652
6677
7354
6678
7355
17149
17288
19993
19994
19995
17276
17294
30434
30536
30537
30539
6656
6683
7358
30530
30531
30534
30535
30536
30538
30540
30542
6657
6684
7359
6658
6685
7360
6659
6686
7361
6660
6687
7362
6661
6688
7363
6662
6689
7364
6663
6690
7365
6664
6691
7366
6665
6692
7367
6666
6693
7368
6667
6694
7369
6668
6695
7370
6669
6696
7371
6670
6697
7372
6671
6698
7373
6672
6699
7374
6673
6700
7375
6674
6701
7376
6675
6702
7377
6676
6703
7378
6677
6704
7379
6678
6705
7380
6706
7381
17160
17284
17301
30544
30545
30546
17289
17305
19894
19999
20000
20002
24944
24945
24948
32672
32673
32676
17295
19999
30448
30550
30551
30553
6683
6711
7385
30537
30538
30541
30542
30550
30552
30554
30556
6684
6712
7386
6685
6713
7387
6686
6714
7388
6687
6715
7389
6688
6716
7390
6689
6717
7391
6690
6718
7392
6691
6719
7393
6692
6720
7394
6693
6721
7395
6694
6722
7396
6695
6723
7397
6696
6724
7398
6697
6725
7399
6698
6726
7400
6699
6727
7401
6700
6728
7402
6701
6729
7403
6702
6730
7404
6703
6731
7405
6704
6732
7406
6705
6733
7407
6706
6734
7408
6735
7409
30455
30557
30558
30560
17306
30557
34584
34609
34610
34612
6710
6738
7412
20000
20001
20004
20005
34609
34611
34613
34615
6711
6739
7413
30551
30552
30555
30556
6712
6740
7414
6713
6741
7415
6714
6742
7416
6715
6743
7417
6716
6744
7418
6717
6745
7419
6718
6746
7420
6719
6747
7421
6720
6748
7422
6721
6749
7423
6722
6750
7424
6723
6751
7425
6724
6752
7426
6725
6753
7427
6726
6754
7428
6727
6755
7429
6728
6756
7430
6729
6757
7431
6730
6758
7432
6731
6759
7433
6732
6760
7434
6733
6761
7435
6734
6762
7436
6735
6763
7437
6764
7438
6737
6765
7439
30558
30559
30562
30563
6738
6766
7440
34610
34611
34614
34615
6739
6767
7441
6740
6768
7442
6741
6769
7443
6742
6770
7444
6743
6771
7445
6744
6772
7446
6745
6773
7447
6746
6774
7448
6747
6775
7449
6748
6776
7450
6749
6777
7451
6750
6778
7452
6751
6779
7453
6752
6780
7454
6753
6781
7455
6754
6782
7456
6755
6783
7457
6756
6784
7458
6757
6785
7459
6758
6786
7460
6759
6787
7461
6760
6788
7462
6761
6789
7463
6762
6790
7464
6763
6791
7465
6764
6792
7466
6793
7467
6766
6794
7468
6767
6795
7469
6768
6796
7470
6769
6797
7471
6770
6798
7472
6771
6799
7473
6772
6800
7474
6773
6801
7475
6774
6802
7476
6775
6803
7477
6776
6804
7478
6777
6805
7479
6778
6806
7480
6779
6807
7481
6780
6808
7482
6781
6809
7483
6782
6810
7484
6783
6811
7485
6784
6812
7486
6785
6813
7487
6786
6814
7488
6787
6815
7489
6788
6816
7490
6789
6817
7491
6790
6818
7492
6791
6819
7493
6792
6820
7494
6793
6821
7495
6822
7496
6795
6823
7497
6796
6824
7498
6797
6825
7499
6798
6826
7500
6799
6827
7501
6800
6828
7502
6801
6829
7503
6802
6830
7504
6803
6831
7505
6804
6832
7506
6805
6833
7507
6806
6834
7508
6807
6835
7509
6808
6836
7510
6809
6837
7511
6810
6838
7512
6811
6839
7513
6812
6840
7514
6813
6841
7515
6814
6842
7516
6815
6843
7517
6816
6844
7518
6817
6845
7519
6818
6846
7520
6819
6847
7521
6820
6848
7522
6821
6849
7523
6822
6850
7524
6851
7525
6824
7526
6825
7527
6826
7528
6827
7529
6828
7530
6829
7531
6830
7532
6831
7533
6832
7534
6833
7535
6834
7536
6835
7537
6836
7538
6837
7539
6838
7540
6839
7541
6840
7542
6841
7543
6842
7544
6843
7545
6844
7546
6845
7547
6846
7548
6847
7549
6848
7550
6849
7551
6850
7552
6851
7553
7554
6853
6881
7555
6854
6882
7556
6855
6883
7557
6856
6884
7558
6857
6885
7559
6858
6886
7560
6859
6887
7561
6860
6888
7562
6861
6889
7563
6862
6890
7564
6863
6891
7565
6864
6892
7566
6865
6893
7567
6866
6894
7568
6867
6895
7569
6868
6896
7570
6869
6897
7571
6870
6898
7572
6871
6899
7573
6872
6900
7574
6873
6901
7575
6874
6902
7576
6875
6903
7577
6876
6904
7578
6877
6905
7579
6878
6906
7580
6879
6907
7581
6880
6908
7582
6909
7583
6882
6910
7584
6883
6911
7585
6884
6912
7586
6885
6913
7587
6886
6914
7588
6887
6915
7589
6888
6916
7590
6889
6917
7591
6890
6918
7592
6891
6919
7593
6892
6920
7594
6893
6921
7595
6894
6922
7596
6895
6923
7597
6896
6924
7598
6897
6925
7599
6898
6926
7600
6899
6927
7601
6900
6928
7602
6901
6929
7603
6902
6930
7604
6903
6931
7605
6904
6932
7606
6905
6933
7607
6906
6934
7608
6907
6935
7609
6908
6936
7610
6909
6937
7611
6938
7612
6911
6939
7613
6912
6940
7614
6913
6941
7615
6914
6942
7616
6915
6943
7617
6916
6944
7618
6917
6945
7619
6918
6946
7620
6919
6947
7621
6920
6948
7622
6921
6949
7623
6922
6950
7624
6923
6951
7625
6924
6952
7626
6925
6953
7627
6926
6954
7628
6927
6955
7629
6928
6956
7630
6929
6957
7631
6930
6958
7632
6931
6959
7633
6932
6960
7634
6933
6961
7635
6934
6962
7636
6935
6963
7637
6936
6964
7638
6937
6965
7639
6938
6966
7640
6967
7641
6940
6968
7642
30564
30567
30568
6941
6969
7643
34616
34619
34620
6942
6970
7644
6943
6971
7645
6944
6972
7646
6945
6973
7647
6946
6974
7648
6947
6975
7649
6948
6976
7650
6949
6977
7651
6950
6978
7652
6951
6979
7653
6952
6980
7654
6953
6981
7655
6954
6982
7656
6955
6983
7657
6956
6984
7658
6957
6985
7659
6958
6986
7660
6959
6987
7661
6960
6988
7662
6961
6989
7663
6962
6990
7664
6963
6991
7665
6964
6992
7666
6965
6993
7667
6966
6994
7668
6967
6995
7669
6996
7670
30462
30564
30565
30567
30564
34591
34616
34617
34619
6971
6999
7673
30571
30574
30575
34616
34618
34620
34622
6972
7000
7674
34623
34626
34627
6973
7001
7675
6974
7002
7676
6975
7003
7677
6976
7004
7678
6977
7005
7679
6978
7006
7680
6979
7007
7681
6980
7008
7682
6981
7009
7683
6982
7010
7684
6983
7011
7685
6984
7012
7686
6985
7013
7687
6986
7014
7688
6987
7015
7689
6988
7016
7690
6989
7017
7691
6990
7018
7692
6991
7019
7693
6992
7020
7694
6993
7021
7695
6994
7022
7696
6995
7023
7697
6996
7024
7698
7025
7699
17164
17312
17315
24984
24985
24988
24989
30565
17171
17312
17319
17322
32705
32706
32709
32710
34617
17319
30469
30571
30572
30574
30571
34598
34623
34624
34626
7002
7030
7704
30585
30588
30589
34623
34625
34627
34629
7003
7031
7705
7004
7032
7706
7005
7033
7707
7006
7034
7708
7007
7035
7709
7008
7036
7710
7009
7037
7711
7010
7038
7712
7011
7039
7713
7012
7040
7714
7013
7041
7715
7014
7042
7716
7015
7043
7717
7016
7044
7718
7017
7045
7719
7018
7046
7720
7019
7047
7721
7020
7048
7722
7021
7049
7723
7022
7050
7724
7023
7051
7725
7024
7052
7726
7025
7053
7727
7054
7728
17175
17313
20006
20007
17178
17320
17326
20010
20011
17182
17329
30572
30579
30580
30581
17332
19906
20014
20017
34210
34213
34215
34216
34624
20014
30483
30585
30586
30588
7032
7057
7734
30585
30587
30589
30591
30592
30595
30596
7033
7058
7735
7034
7059
7736
7035
7060
7737
7036
7061
7738
7037
7062
7739
7038
7063
7740
7039
7064
7741
7040
7065
7742
7041
7066
7743
7042
7067
7744
7043
7068
7745
7044
7069
7746
7045
7070
7747
7046
7071
7748
7047
7072
7749
7048
7073
7750
7049
7074
7751
7050
7075
7752
7051
7076
7753
7052
7077
7754
7053
7078
7755
7054
7079
7756
7080
7757
17186
20015
20022
20023
17191
17337
17340
17343
25050
25051
25054
25071
25072
25075
25076
30586
17340
30490
30592
30593
30595
7059
7082
7761
30592
30594
30596
30598
30599
30602
30603
7060
7083
7762
7061
7084
7763
7062
7085
7764
7063
7086
7765
7064
7087
7766
7065
7088
7767
7066
7089
7768
7067
7090
7769
7068
7091
7770
7069
7092
7771
7070
7093
7772
7071
7094
7773
7072
7095
7774
7073
7096
7775
7074
7097
7776
7075
7098
7777
7076
7099
7778
7077
7100
7779
7078
7101
7780
7079
7102
7781
7080
7103
7782
7104
7783
17200
17347
17349
17352
25087
25088
25091
25105
25106
25109
25110
30593
17349
30497
30599
30600
30602
7084
7107
7786
30599
30601
30603
30605
7085
7108
7787
7086
7109
7788
7087
7110
7789
7088
7111
7790
7089
7112
7791
7090
7113
7792
7091
7114
7793
7092
7115
7794
7093
7116
7795
7094
7117
7796
7095
7118
7797
7096
7119
7798
7097
7120
7799
7098
7121
7800
7099
7122
7801
7100
7123
7802
7101
7124
7803
7102
7125
7804
7103
7126
7805
7104
7127
7806
7128
7807
17206
17350
20029
20030
17356
19925
20033
20034
20036
30600
32728
32729
32732
7108
7130
7810
20033
20035
20037
20039
30606
30609
30610
7109
7131
7811
7110
7132
7812
7111
7133
7813
7112
7134
7814
7113
7135
7815
7114
7136
7816
7115
7137
7817
7116
7138
7818
7117
7139
7819
7118
7140
7820
7119
7141
7821
7120
7142
7822
7121
7143
7823
7122
7144
7824
7123
7145
7825
7124
7146
7826
7125
7147
7827
7126
7148
7828
7127
7149
7829
7128
7150
7830
7151
7831
17214
17361
20034
20041
20042
20043
17363
30504
30606
30607
30609
7132
7153
7834
30606
30608
30610
30612
7133
7154
7835
7134
7155
7836
7135
7156
7837
7136
7157
7838
7137
7158
7839
7138
7159
7840
7139
7160
7841
7140
7161
7842
7141
7162
7843
7142
7163
7844
7143
7164
7845
7144
7165
7846
7145
7166
7847
7146
7167
7848
7147
7168
7849
7148
7169
7850
7149
7170
7851
7150
7171
7852
7151
7172
7853
7173
7854
17370
19943
20051
20052
20054
30607
32742
32743
32746
7154
7175
7856
20051
20053
20055
20057
7155
7176
7857
7156
7177
7858
7157
7178
7859
7158
7179
7860
7159
7180
7861
7160
7181
7862
7161
7182
7863
7162
7183
7864
7163
7184
7865
7164
7185
7866
7165
7186
7867
7166
7187
7868
7167
7188
7869
7168
7189
7870
7169
7190
7871
7170
7191
7872
7171
7192
7873
7172
7193
7874
7173
7194
7875
7195
7876
17374
19950
20052
20058
20059
20061
25193
25194
25197
7176
7197
7878
20058
20060
20062
20064
7177
7198
7879
7178
7199
7880
7179
7200
7881
7180
7201
7882
7181
7202
7883
7182
7203
7884
7183
7204
7885
7184
7205
7886
7185
7206
7887
7186
7207
7888
7187
7208
7889
7188
7209
7890
7189
7210
7891
7190
7211
7892
7191
7212
7893
7192
7213
7894
7193
7214
7895
7194
7215
7896
7195
7216
7897
7217
7898
17233
17378
17382
17383
17385
20059
25221
25222
25225
7198
7219
7900
17382
17384
17386
17388
7199
7220
7901
7200
7221
7902
7201
7222
7903
7202
7223
7904
7203
7224
7905
7204
7225
7906
7205
7226
7907
7206
7227
7908
7207
7228
7909
7208
7229
7910
7209
7230
7911
7210
7231
7912
7211
7232
7913
7212
7233
7914
7213
7234
7915
7214
7235
7916
7215
7236
7917
7216
7237
7918
7217
7238
7919
7239
7920
17244
17383
17389
17393
17394
17396
25249
25250
25253
7220
7241
7922
17393
17395
17397
17399
7221
7242
7923
7222
7243
7924
7223
7244
7925
7224
7245
7926
7225
7246
7927
7226
7247
7928
7227
7248
7929
7228
7249
7930
7229
7250
7931
7230
7251
7932
7231
7252
7933
7232
7253
7934
7233
7254
7935
7234
7255
7936
7235
7256
7937
7236
7257
7938
7237
7258
7939
7238
7259
7940
7239
7260
7941
7261
7942
17394
17400
19959
20067
20068
20070
25277
25278
25281
7242
7263
7944
20067
20069
20071
20073
7243
7264
7945
7244
7265
7946
7245
7266
7947
7246
7267
7948
7247
7268
7949
7248
7269
7950
7249
7270
7951
7250
7271
7952
7251
7272
7953
7252
7273
7954
7253
7274
7955
7254
7275
7956
7255
7276
7957
7256
7277
7958
7257
7278
7959
7258
7279
7960
7259
7280
7961
7260
7281
7962
7261
7282
7963
7283
7964
17406
20068
30511
30613
30614
30616
32770
32771
32774
7264
7286
7966
30613
30615
30617
30619
7265
7287
7967
7266
7288
7968
7267
7289
7969
7268
7290
7970
7269
7291
7971
7270
7292
7972
7271
7293
7973
7272
7294
7974
7273
7295
7975
7274
7296
7976
7275
7297
7977
7276
7298
7978
7277
7299
7979
7278
7300
7980
7279
7301
7981
7280
7302
7982
7281
7303
7983
7282
7304
7984
7283
7305
7985
7306
7986
17407
17412
19972
30620
30621
30622
20080
30614
34605
34630
34631
34633
7287
7310
7989
34630
34632
34634
34636
7288
7311
7990
7289
7312
7991
7290
7313
7992
7291
7314
7993
7292
7315
7994
7293
7316
7995
7294
7317
7996
7295
7318
7997
7296
7319
7998
7297
7320
7999
7298
7321
8000
7299
7322
8001
7300
7323
8002
7301
7324
8003
7302
7325
8004
7303
7326
8005
7304
7327
8006
7305
7328
8007
7306
7329
8008
7330
8009
17269
20088
20089
20090
17418
20081
30525
30627
30628
30630
7310
7334
8012
30627
30629
30631
30633
34631
34632
34635
34636
7311
7335
8013
7312
7336
8014
7313
7337
8015
7314
7338
8016
7315
7339
8017
7316
7340
8018
7317
7341
8019
7318
7342
8020
7319
7343
8021
7320
7344
8022
7321
7345
8023
7322
7346
8024
7323
7347
8025
7324
7348
8026
7325
7349
8027
7326
7350
8028
7327
7351
8029
7328
7352
8030
7329
7353
8031
7330
7354
8032
7355
8033
17278
20095
20096
20097
17419
17427
30532
30634
30635
30637
32784
32785
32788
7334
7359
8036
30628
30629
30632
30633
30634
30636
30638
30640
7335
7360
8037
7336
7361
8038
7337
7362
8039
7338
7363
8040
7339
7364
8041
7340
7365
8042
7341
7366
8043
7342
7367
8044
7343
7368
8045
7344
7369
8046
7345
7370
8047
7346
7371
8048
7347
7372
8049
7348
7373
8050
7349
7374
8051
7350
7375
8052
7351
7376
8053
7352
7377
8054
7353
7378
8055
7354
7379
8056
7355
7380
8057
7381
8058
17297
17440
20104
20105
20106
17428
17446
30539
30641
30642
30644
7359
7386
8061
30635
30636
30639
30640
30641
30643
30645
30647
7360
7387
8062
7361
7388
8063
7362
7389
8064
7363
7390
8065
7364
7391
8066
7365
7392
8067
7366
7393
8068
7367
7394
8069
7368
7395
8070
7369
7396
8071
7370
7397
8072
7371
7398
8073
7372
7399
8074
7373
7400
8075
7374
7401
8076
7375
7402
8077
7376
7403
8078
7377
7404
8079
7378
7405
8080
7379
7406
8081
7380
7407
8082
7381
7408
8083
7409
8084
17308
17436
17453
30649
30650
30651
17441
17457
20002
20110
20111
20113
25428
25429
25432
32812
32813
32816
17447
20110
30553
30655
30656
30658
7386
7414
8088
30642
30643
30646
30647
30655
30657
30659
30661
7387
7415
8089
7388
7416
8090
7389
7417
8091
7390
7418
8092
7391
7419
8093
7392
7420
8094
7393
7421
8095
7394
7422
8096
7395
7423
8097
7396
7424
8098
7397
7425
8099
7398
7426
8100
7399
7427
8101
7400
7428
8102
7401
7429
8103
7402
7430
8104
7403
7431
8105
7404
7432
8106
7405
7433
8107
7406
7434
8108
7407
7435
8109
7408
7436
8110
7409
7437
8111
7438
8112
30560
30662
30663
30665
17458
30662
34612
34637
34638
34640
7413
7441
8115
20111
20112
20115
20116
34637
34639
34641
34643
7414
7442
8116
30656
30657
30660
30661
7415
7443
8117
7416
7444
8118
7417
7445
8119
7418
7446
8120
7419
7447
8121
7420
7448
8122
7421
7449
8123
7422
7450
8124
7423
7451
8125
7424
7452
8126
7425
7453
8127
7426
7454
8128
7427
7455
8129
7428
7456
8130
7429
7457
8131
7430
7458
8132
7431
7459
8133
7432
7460
8134
7433
7461
8135
7434
7462
8136
7435
7463
8137
7436
7464
8138
7437
7465
8139
7438
7466
8140
7467
8141
7440
7468
8142
30663
30664
30667
30668
7441
7469
8143
34638
34639
34642
34643
7442
7470
8144
7443
7471
8145
7444
7472
8146
7445
7473
8147
7446
7474
8148
7447
7475
8149
7448
7476
8150
7449
7477
8151
7450
7478
8152
7451
7479
8153
7452
7480
8154
7453
7481
8155
7454
7482
8156
7455
7483
8157
7456
7484
8158
7457
7485
8159
7458
7486
8160
7459
7487
8161
7460
7488
8162
7461
7489
8163
7462
7490
8164
7463
7491
8165
7464
7492
8166
7465
7493
8167
7466
7494
8168
7467
7495
8169
7496
8170
7469
7497
8171
7470
7498
8172
7471
7499
8173
7472
7500
8174
7473
7501
8175
7474
7502
8176
7475
7503
8177
7476
7504
8178
7477
7505
8179
7478
7506
8180
7479
7507
8181
7480
7508
8182
7481
7509
8183
7482
7510
8184
7483
7511
8185
7484
7512
8186
7485
7513
8187
7486
7514
8188
7487
7515
8189
7488
7516
8190
7489
7517
8191
7490
7518
8192
7491
7519
8193
7492
7520
8194
7493
7521
8195
7494
7522
8196
7495
7523
8197
7496
7524
8198
7525
8199
7498
7526
8200
7499
7527
8201
7500
7528
8202
7501
7529
8203
7502
7530
8204
7503
7531
8205
7504
7532
8206
7505
7533
8207
7506
7534
8208
7507
7535
8209
7508
7536
8210
7509
7537
8211
7510
7538
8212
7511
7539
8213
7512
7540
8214
7513
7541
8215
7514
7542
8216
7515
7543
8217
7516
7544
8218
7517
7545
8219
7518
7546
8220
7519
7547
8221
7520
7548
8222
7521
7549
8223
7522
7550
8224
7523
7551
8225
7524
7552
8226
7525
7553
8227
7554
8228
7527
8229
7528
8230
7529
8231
7530
8232
7531
8233
7532
8234
7533
8235
7534
8236
7535
8237
7536
8238
7537
8239
7538
8240
7539
8241
7540
8242
7541
8243
7542
8244
7543
8245
7544
8246
7545
8247
7546
8248
7547
8249
7548
8250
7549
8251
7550
8252
7551
8253
7552
8254
7553
8255
7554
8256
8257
7556
7584
8258
7557
7585
8259
7558
7586
8260
7559
7587
8261
7560
7588
8262
7561
7589
8263
7562
7590
8264
7563
7591
8265
7564
7592
8266
7565
7593
8267
7566
7594
8268
7567
7595
8269
7568
7596
8270
7569
7597
8271
7570
7598
8272
7571
7599
8273
7572
7600
8274
7573
7601
8275
7574
7602
8276
7575
7603
8277
7576
7604
8278
7577
7605
8279
7578
7606
8280
7579
7607
8281
7580
7608
8282
7581
7609
8283
7582
7610
8284
7583
7611
8285
7612
8286
7585
7613
8287
7586
7614
8288
7587
7615
8289
7588
7616
8290
7589
7617
8291
7590
7618
8292
7591
7619
8293
7592
7620
8294
7593
7621
8295
7594
7622
8296
7595
7623
8297
7596
7624
8298
7597
7625
8299
7598
7626
8300
7599
7627
8301
7600
7628
8302
7601
7629
8303
7602
7630
8304
7603
7631
8305
7604
7632
8306
7605
7633
8307
7606
7634
8308
7607
7635
8309
7608
7636
8310
7609
7637
8311
7610
7638
8312
7611
7639
8313
7612
7640
8314
7641
8315
7614
7642
8316
7615
7643
8317
7616
7644
8318
7617
7645
8319
7618
7646
8320
7619
7647
8321
7620
7648
8322
7621
7649
8323
7622
7650
8324
7623
7651
8325
7624
7652
8326
7625
7653
8327
7626
7654
8328
7627
7655
8329
7628
7656
8330
7629
7657
8331
7630
7658
8332
7631
7659
8333
7632
7660
8334
7633
7661
8335
7634
7662
8336
7635
7663
8337
7636
7664
8338
7637
7665
8339
7638
7666
8340
7639
7667
8341
7640
7668
8342
7641
7669
8343
7670
8344
7643
7671
8345
30669
30672
30673
7644
7672
8346
34644
34647
34648
7645
7673
8347
7646
7674
8348
7647
7675
8349
7648
7676
8350
7649
7677
8351
7650
7678
8352
7651
7679
8353
7652
7680
8354
7653
7681
8355
7654
7682
8356
7655
7683
8357
7656
7684
8358
7657
7685
8359
7658
7686
8360
7659
7687
8361
7660
7688
8362
7661
7689
8363
7662
7690
8364
7663
7691
8365
7664
7692
8366
7665
7693
8367
7666
7694
8368
7667
7695
8369
7668
7696
8370
7669
7697
8371
7670
7698
8372
7699
8373
30567
30669
30670
30672
30669
34619
34644
34645
34647
7674
7702
8376
30676
30679
30680
34644
34646
34648
34650
7675
7703
8377
34651
34654
34655
7676
7704
8378
7677
7705
8379
7678
7706
8380
7679
7707
8381
7680
7708
8382
7681
7709
8383
7682
7710
8384
7683
7711
8385
7684
7712
8386
7685
7713
8387
7686
7714
8388
7687
7715
8389
7688
7716
8390
7689
7717
8391
7690
7718
8392
7691
7719
8393
7692
7720
8394
7693
7721
8395
7694
7722
8396
7695
7723
8397
7696
7724
8398
7697
7725
8399
7698
7726
8400
7699
7727
8401
7728
8402
17315
17464
17467
25468
25469
25472
25473
30670
17322
17464
17471
17474
32845
32846
32849
32850
34645
17471
30574
30676
30677
30679
30676
34626
34651
34652
34654
7705
7733
8407
30690
30693
30694
34651
34653
34655
34657
7706
7734
8408
7707
7735
8409
7708
7736
8410
7709
7737
8411
7710
7738
8412
7711
7739
8413
7712
7740
8414
7713
7741
8415
7714
7742
8416
7715
7743
8417
7716
7744
8418
7717
7745
8419
7718
7746
8420
7719
7747
8421
7720
7748
8422
7721
7749
8423
7722
7750
8424
7723
7751
8425
7724
7752
8426
7725
7753
8427
7726
7754
8428
7727
7755
8429
7728
7756
8430
7757
8431
17327
17465
20117
20118
17330
17472
17478
20121
20122
17334
17481
30677
30684
30685
30686
17484
20017
20125
20128
34231
34234
34236
34237
34652
20125
30588
30690
30691
30693
7735
7760
8437
30690
30692
30694
30696
30697
30700
30701
7736
7761
8438
7737
7762
8439
7738
7763
8440
7739
7764
8441
7740
7765
8442
7741
7766
8443
7742
7767
8444
7743
7768
8445
7744
7769
8446
7745
7770
8447
7746
7771
8448
7747
7772
8449
7748
7773
8450
7749
7774
8451
7750
7775
8452
7751
7776
8453
7752
7777
8454
7753
7778
8455
7754
7779
8456
7755
7780
8457
7756
7781
8458
7757
7782
8459
7783
8460
17338
20126
20133
20134
17343
17489
17492
17495
25534
25535
25538
25555
25556
25559
25560
30691
17492
30595
30697
30698
30700
7762
7785
8464
30697
30699
30701
30703
30704
30707
30708
7763
7786
8465
7764
7787
8466
7765
7788
8467
7766
7789
8468
7767
7790
8469
7768
7791
8470
7769
7792
8471
7770
7793
8472
7771
7794
8473
7772
7795
8474
7773
7796
8475
7774
7797
8476
7775
7798
8477
7776
7799
8478
7777
7800
8479
7778
7801
8480
7779
7802
8481
7780
7803
8482
7781
7804
8483
7782
7805
8484
7783
7806
8485
7807
8486
17352
17499
17501
17504
25571
25572
25575
25589
25590
25593
25594
30698
17501
30602
30704
30705
30707
7787
7810
8489
30704
30706
30708
30710
7788
7811
8490
7789
7812
8491
7790
7813
8492
7791
7814
8493
7792
7815
8494
7793
7816
8495
7794
7817
8496
7795
7818
8497
7796
7819
8498
7797
7820
8499
7798
7821
8500
7799
7822
8501
7800
7823
8502
7801
7824
8503
7802
7825
8504
7803
7826
8505
7804
7827
8506
7805
7828
8507
7806
7829
8508
7807
7830
8509
7831
8510
17358
17502
20140
20141
17508
20036
20144
20145
20147
30705
32868
32869
32872
7811
7833
8513
20144
20146
20148
20150
30711
30714
30715
7812
7834
8514
7813
7835
8515
7814
7836
8516
7815
7837
8517
7816
7838
8518
7817
7839
8519
7818
7840
8520
7819
7841
8521
7820
7842
8522
7821
7843
8523
7822
7844
8524
7823
7845
8525
7824
7846
8526
7825
7847
8527
7826
7848
8528
7827
7849
8529
7828
7850
8530
7829
7851
8531
7830
7852
8532
7831
7853
8533
7854
8534
17366
17513
20145
20152
20153
20154
17515
30609
30711
30712
30714
7835
7856
8537
30711
30713
30715
30717
7836
7857
8538
7837
7858
8539
7838
7859
8540
7839
7860
8541
7840
7861
8542
7841
7862
8543
7842
7863
8544
7843
7864
8545
7844
7865
8546
7845
7866
8547
7846
7867
8548
7847
7868
8549
7848
7869
8550
7849
7870
8551
7850
7871
8552
7851
7872
8553
7852
7873
8554
7853
7874
8555
7854
7875
8556
7876
8557
17522
20054
20162
20163
20165
30712
32882
32883
32886
7857
7878
8559
20162
20164
20166
20168
7858
7879
8560
7859
7880
8561
7860
7881
8562
7861
7882
8563
7862
7883
8564
7863
7884
8565
7864
7885
8566
7865
7886
8567
7866
7887
8568
7867
7888
8569
7868
7889
8570
7869
7890
8571
7870
7891
8572
7871
7892
8573
7872
7893
8574
7873
7894
8575
7874
7895
8576
7875
7896
8577
7876
7897
8578
7898
8579
17526
20061
20163
20169
20170
20172
25677
25678
25681
7879
7900
8581
20169
20171
20173
20175
7880
7901
8582
7881
7902
8583
7882
7903
8584
7883
7904
8585
7884
7905
8586
7885
7906
8587
7886
7907
8588
7887
7908
8589
7888
7909
8590
7889
7910
8591
7890
7911
8592
7891
7912
8593
7892
7913
8594
7893
7914
8595
7894
7915
8596
7895
7916
8597
7896
7917
8598
7897
7918
8599
7898
7919
8600
7920
8601
17385
17530
17534
17535
17537
20170
25705
25706
25709
7901
7922
8603
17534
17536
17538
17540
7902
7923
8604
7903
7924
8605
7904
7925
8606
7905
7926
8607
7906
7927
8608
7907
7928
8609
7908
7929
8610
7909
7930
8611
7910
7931
8612
7911
7932
8613
7912
7933
8614
7913
7934
8615
7914
7935
8616
7915
7936
8617
7916
7937
8618
7917
7938
8619
7918
7939
8620
7919
7940
8621
7920
7941
8622
7942
8623
17396
17535
17541
17545
17546
17548
25733
25734
25737
7923
7944
8625
17545
17547
17549
17551
7924
7945
8626
7925
7946
8627
7926
7947
8628
7927
7948
8629
7928
7949
8630
7929
7950
8631
7930
7951
8632
7931
7952
8633
7932
7953
8634
7933
7954
8635
7934
7955
8636
7935
7956
8637
7936
7957
8638
7937
7958
8639
7938
7959
8640
7939
7960
8641
7940
7961
8642
7941
7962
8643
7942
7963
8644
7964
8645
17546
17552
20070
20178
20179
20181
25761
25762
25765
7945
7966
8647
20178
20180
20182
20184
7946
7967
8648
7947
7968
8649
7948
7969
8650
7949
7970
8651
7950
7971
8652
7951
7972
8653
7952
7973
8654
7953
7974
8655
7954
7975
8656
7955
7976
8657
7956
7977
8658
7957
7978
8659
7958
7979
8660
7959
7980
8661
7960
7981
8662
7961
7982
8663
7962
7983
8664
7963
7984
8665
7964
7985
8666
7986
8667
17558
20179
30616
30718
30719
30721
32910
32911
32914
7967
7989
8669
30718
30720
30722
30724
7968
7990
8670
7969
7991
8671
7970
7992
8672
7971
7993
8673
7972
7994
8674
7973
7995
8675
7974
7996
8676
7975
7997
8677
7976
7998
8678
7977
7999
8679
7978
8000
8680
7979
8001
8681
7980
8002
8682
7981
8003
8683
7982
8004
8684
7983
8005
8685
7984
8006
8686
7985
8007
8687
7986
8008
8688
8009
8689
17559
17564
20083
30725
30726
30727
20191
30719
34633
34658
34659
34661
7990
8013
8692
34658
34660
34662
34664
7991
8014
8693
7992
8015
8694
7993
8016
8695
7994
8017
8696
7995
8018
8697
7996
8019
8698
7997
8020
8699
7998
8021
8700
7999
8022
8701
8000
8023
8702
8001
8024
8703
8002
8025
8704
8003
8026
8705
8004
8027
8706
8005
8028
8707
8006
8029
8708
8007
8030
8709
8008
8031
8710
8009
8032
8711
8033
8712
17421
20199
20200
20201
17570
20192
30630
30732
30733
30735
8013
8037
8715
30732
30734
30736
30738
34659
34660
34663
34664
8014
8038
8716
8015
8039
8717
8016
8040
8718
8017
8041
8719
8018
8042
8720
8019
8043
8721
8020
8044
8722
8021
8045
8723
8022
8046
8724
8023
8047
8725
8024
8048
8726
8025
8049
8727
8026
8050
8728
8027
8051
8729
8028
8052
8730
8029
8053
8731
8030
8054
8732
8031
8055
8733
8032
8056
8734
8033
8057
8735
8058
8736
17430
20206
20207
20208
17571
17579
30637
30739
30740
30742
32924
32925
32928
8037
8062
8739
30733
30734
30737
30738
30739
30741
30743
30745
8038
8063
8740
8039
8064
8741
8040
8065
8742
8041
8066
8743
8042
8067
8744
8043
8068
8745
8044
8069
8746
8045
8070
8747
8046
8071
8748
8047
8072
8749
8048
8073
8750
8049
8074
8751
8050
8075
8752
8051
8076
8753
8052
8077
8754
8053
8078
8755
8054
8079
8756
8055
8080
8757
8056
8081
8758
8057
8082
8759
8058
8083
8760
8084
8761
17449
17592
20215
20216
20217
17580
17598
30644
30746
30747
30749
8062
8089
8764
30740
30741
30744
30745
30746
30748
30750
30752
8063
8090
8765
8064
8091
8766
8065
8092
8767
8066
8093
8768
8067
8094
8769
8068
8095
8770
8069
8096
8771
8070
8097
8772
8071
8098
8773
8072
8099
8774
8073
8100
8775
8074
8101
8776
8075
8102
8777
8076
8103
8778
8077
8104
8779
8078
8105
8780
8079
8106
8781
8080
8107
8782
8081
8108
8783
8082
8109
8784
8083
8110
8785
8084
8111
8786
8112
8787
17460
17588
17605
30754
30755
30756
17593
17609
20113
20221
20222
20224
25912
25913
25916
32952
32953
32956
17599
20221
30658
30760
30761
30763
8089
8117
8791
30747
30748
30751
30752
30760
30762
30764
30766
8090
8118
8792
8091
8119
8793
8092
8120
8794
8093
8121
8795
8094
8122
8796
8095
8123
8797
8096
8124
8798
8097
8125
8799
8098
8126
8800
8099
8127
8801
8100
8128
8802
8101
8129
8803
8102
8130
8804
8103
8131
8805
8104
8132
8806
8105
8133
8807
8106
8134
8808
8107
8135
8809
8108
8136
8810
8109
8137
8811
8110
8138
8812
8111
8139
8813
8112
8140
8814
8141
8815
30665
30767
30768
30770
17610
30767
34640
34665
34666
34668
8116
8144
8818
20222
20223
20226
20227
34665
34667
34669
34671
8117
8145
8819
30761
30762
30765
30766
8118
8146
8820
8119
8147
8821
8120
8148
8822
8121
8149
8823
8122
8150
8824
8123
8151
8825
8124
8152
8826
8125
8153
8827
8126
8154
8828
8127
8155
8829
8128
8156
8830
8129
8157
8831
8130
8158
8832
8131
8159
8833
8132
8160
8834
8133
8161
8835
8134
8162
8836
8135
8163
8837
8136
8164
8838
8137
8165
8839
8138
8166
8840
8139
8167
8841
8140
8168
8842
8141
8169
8843
8170
8844
8143
8171
8845
30768
30769
30772
30773
8144
8172
8846
34666
34667
34670
34671
8145
8173
8847
8146
8174
8848
8147
8175
8849
8148
8176
8850
8149
8177
8851
8150
8178
8852
8151
8179
8853
8152
8180
8854
8153
8181
8855
8154
8182
8856
8155
8183
8857
8156
8184
8858
8157
8185
8859
8158
8186
8860
8159
8187
8861
8160
8188
8862
8161
8189
8863
8162
8190
8864
8163
8191
8865
8164
8192
8866
8165
8193
8867
8166
8194
8868
8167
8195
8869
8168
8196
8870
8169
8197
8871
8170
8198
8872
8199
8873
8172
8200
8874
8173
8201
8875
8174
8202
8876
8175
8203
8877
8176
8204
8878
8177
8205
8879
8178
8206
8880
8179
8207
8881
8180
8208
8882
8181
8209
8883
8182
8210
8884
8183
8211
8885
8184
8212
8886
8185
8213
8887
8186
8214
8888
8187
8215
8889
8188
8216
8890
8189
8217
8891
8190
8218
8892
8191
8219
8893
8192
8220
8894
8193
8221
8895
8194
8222
8896
8195
8223
8897
8196
8224
8898
8197
8225
8899
8198
8226
8900
8199
8227
8901
8228
8902
8201
8229
8903
8202
8230
8904
8203
8231
8905
8204
8232
8906
8205
8233
8907
8206
8234
8908
8207
8235
8909
8208
8236
8910
8209
8237
8911
8210
8238
8912
8211
8239
8913
8212
8240
8914
8213
8241
8915
8214
8242
8916
8215
8243
8917
8216
8244
8918
8217
8245
8919
8218
8246
8920
8219
8247
8921
8220
8248
8922
8221
8249
8923
8222
8250
8924
8223
8251
8925
8224
8252
8926
8225
8253
8927
8226
8254
8928
8227
8255
8929
8228
8256
8930
8257
8931
8230
8932
8231
8933
8232
8934
8233
8935
8234
8936
8235
8937
8236
8938
8237
8939
8238
8940
8239
8941
8240
8942
8241
8943
8242
8944
8243
8945
8244
8946
8245
8947
8246
8948
8247
8949
8248
8950
8249
8951
8250
8952
8251
8953
8252
8954
8253
8955
8254
8956
8255
8957
8256
8958
8257
8959
8960
8259
8287
8961
8260
8288
8962
8261
8289
8963
8262
8290
8964
8263
8291
8965
8264
8292
8966
8265
8293
8967
8266
8294
8968
8267
8295
8969
8268
8296
8970
8269
8297
8971
8270
8298
8972
8271
8299
8973
8272
8300
8974
8273
8301
8975
8274
8302
8976
8275
8303
8977
8276
8304
8978
8277
8305
8979
8278
8306
8980
8279
8307
8981
8280
8308
8982
8281
8309
8983
8282
8310
8984
8283
8311
8985
8284
8312
8986
8285
8313
8987
8286
8314
8988
8315
8989
8288
8316
8990
8289
8317
8991
8290
8318
8992
8291
8319
8993
8292
8320
8994
8293
8321
8995
8294
8322
8996
8295
8323
8997
8296
8324
8998
8297
8325
8999
8298
8326
9000
8299
8327
9001
8300
8328
9002
8301
8329
9003
8302
8330
9004
8303
8331
9005
8304
8332
9006
8305
8333
9007
8306
8334
9008
8307
8335
9009
8308
8336
9010
8309
8337
9011
8310
8338
9012
8311
8339
9013
8312
8340
9014
8313
8341
9015
8314
8342
9016
8315
8343
9017
8344
9018
8317
8345
9019
8318
8346
9020
8319
8347
9021
8320
8348
9022
8321
8349
9023
8322
8350
9024
8323
8351
9025
8324
8352
9026
8325
8353
9027
8326
8354
9028
8327
8355
9029
8328
8356
9030
8329
8357
9031
8330
8358
9032
8331
8359
9033
8332
8360
9034
8333
8361
9035
8334
8362
9036
8335
8363
9037
8336
8364
9038
8337
8365
9039
8338
8366
9040
8339
8367
9041
8340
8368
9042
8341
8369
9043
8342
8370
9044
8343
8371
9045
8344
8372
9046
8373
9047
8346
8374
9048
30774
30777
30778
8347
8375
9049
34672
34675
34676
8348
8376
9050
8349
8377
9051
8350
8378
9052
8351
8379
9053
8352
8380
9054
8353
8381
9055
8354
8382
9056
8355
8383
9057
8356
8384
9058
8357
8385
9059
8358
8386
9060
8359
8387
9061
8360
8388
9062
8361
8389
9063
8362
8390
9064
8363
8391
9065
8364
8392
9066
8365
8393
9067
8366
8394
9068
8367
8395
9069
8368
8396
9070
8369
8397
9071
8370
8398
9072
8371
8399
9073
8372
8400
9074
8373
8401
9075
8402
9076
30672
30774
30775
30777
30774
34647
34672
34673
34675
8377
8405
9079
30781
30784
30785
34672
34674
34676
34678
8378
8406
9080
34679
34682
34683
8379
8407
9081
8380
8408
9082
8381
8409
9083
8382
8410
9084
8383
8411
9085
8384
8412
9086
8385
8413
9087
8386
8414
9088
8387
8415
9089
8388
8416
9090
8389
8417
9091
8390
8418
9092
8391
8419
9093
8392
8420
9094
8393
8421
9095
8394
8422
9096
8395
8423
9097
8396
8424
9098
8397
8425
9099
8398
8426
9100
8399
8427
9101
8400
8428
9102
8401
8429
9103
8402
8430
9104
8431
9105
17467
17616
17619
25952
25953
25956
25957
30775
17474
17616
17623
17626
32985
32986
32989
32990
34673
17623
30679
30781
30782
30784
30781
34654
34679
34680
34682
8408
8436
9110
30795
30798
30799
34679
34681
34683
34685
8409
8437
9111
8410
8438
9112
8411
8439
9113
8412
8440
9114
8413
8441
9115
8414
8442
9116
8415
8443
9117
8416
8444
9118
8417
8445
9119
8418
8446
9120
8419
8447
9121
8420
8448
9122
8421
8449
9123
8422
8450
9124
8423
8451
9125
8424
8452
9126
8425
8453
9127
8426
8454
9128
8427
8455
9129
8428
8456
9130
8429
8457
9131
8430
8458
9132
8431
8459
9133
8460
9134
17479
17617
20228
20229
17482
17624
17630
20232
20233
17486
17633
30782
30789
30790
30791
17636
20128
20236
20239
34252
34255
34257
34258
34680
20236
30693
30795
30796
30798
8438
8463
9140
30795
30797
30799
30801
30802
30805
30806
8439
8464
9141
8440
8465
9142
8441
8466
9143
8442
8467
9144
8443
8468
9145
8444
8469
9146
8445
8470
9147
8446
8471
9148
8447
8472
9149
8448
8473
9150
8449
8474
9151
8450
8475
9152
8451
8476
9153
8452
8477
9154
8453
8478
9155
8454
8479
9156
8455
8480
9157
8456
8481
9158
8457
8482
9159
8458
8483
9160
8459
8484
9161
8460
8485
9162
8486
9163
17490
20237
20244
20245
17495
17641
17644
17647
26018
26019
26022
26039
26040
26043
26044
30796
17644
30700
30802
30803
30805
8465
8488
9167
30802
30804
30806
30808
30809
30812
30813
8466
8489
9168
8467
8490
9169
8468
8491
9170
8469
8492
9171
8470
8493
9172
8471
8494
9173
8472
8495
9174
8473
8496
9175
8474
8497
9176
8475
8498
9177
8476
8499
9178
8477
8500
9179
8478
8501
9180
8479
8502
9181
8480
8503
9182
8481
8504
9183
8482
8505
9184
8483
8506
9185
8484
8507
9186
8485
8508
9187
8486
8509
9188
8510
9189
17504
17651
17653
17656
26055
26056
26059
26073
26074
26077
26078
30803
17653
30707
30809
30810
30812
8490
8513
9192
30809
30811
30813
30815
8491
8514
9193
8492
8515
9194
8493
8516
9195
8494
8517
9196
8495
8518
9197
8496
8519
9198
8497
8520
9199
8498
8521
9200
8499
8522
9201
8500
8523
9202
8501
8524
9203
8502
8525
9204
8503
8526
9205
8504
8527
9206
8505
8528
9207
8506
8529
9208
8507
8530
9209
8508
8531
9210
8509
8532
9211
8510
8533
9212
8534
9213
17510
17654
20251
20252
17660
20147
20255
20256
20258
30810
33008
33009
33012
8514
8536
9216
20255
20257
20259
20261
30816
30819
30820
8515
8537
9217
8516
8538
9218
8517
8539
9219
8518
8540
9220
8519
8541
9221
8520
8542
9222
8521
8543
9223
8522
8544
9224
8523
8545
9225
8524
8546
9226
8525
8547
9227
8526
8548
9228
8527
8549
9229
8528
8550
9230
8529
8551
9231
8530
8552
9232
8531
8553
9233
8532
8554
9234
8533
8555
9235
8534
8556
9236
8557
9237
17518
17665
20256
20263
20264
20265
17667
30714
30816
30817
30819
8538
8559
9240
30816
30818
30820
30822
8539
8560
9241
8540
8561
9242
8541
8562
9243
8542
8563
9244
8543
8564
9245
8544
8565
9246
8545
8566
9247
8546
8567
9248
8547
8568
9249
8548
8569
9250
8549
8570
9251
8550
8571
9252
8551
8572
9253
8552
8573
9254
8553
8574
9255
8554
8575
9256
8555
8576
9257
8556
8577
9258
8557
8578
9259
8579
9260
17674
20165
20273
20274
20276
30817
33022
33023
33026
8560
8581
9262
20273
20275
20277
20279
8561
8582
9263
8562
8583
9264
8563
8584
9265
8564
8585
9266
8565
8586
9267
8566
8587
9268
8567
8588
9269
8568
8589
9270
8569
8590
9271
8570
8591
9272
8571
8592
9273
8572
8593
9274
8573
8594
9275
8574
8595
9276
8575
8596
9277
8576
8597
9278
8577
8598
9279
8578
8599
9280
8579
8600
9281
8601
9282
17678
20172
20274
20280
20281
20283
26161
26162
26165
8582
8603
9284
20280
20282
20284
20286
8583
8604
9285
8584
8605
9286
8585
8606
9287
8586
8607
9288
8587
8608
9289
8588
8609
9290
8589
8610
9291
8590
8611
9292
8591
8612
9293
8592
8613
9294
8593
8614
9295
8594
8615
9296
8595
8616
9297
8596
8617
9298
8597
8618
9299
8598
8619
9300
8599
8620
9301
8600
8621
9302
8601
8622
9303
8623
9304
17537
17682
17686
17687
17689
20281
26189
26190
26193
8604
8625
9306
17686
17688
17690
17692
8605
8626
9307
8606
8627
9308
8607
8628
9309
8608
8629
9310
8609
8630
9311
8610
8631
9312
8611
8632
9313
8612
8633
9314
8613
8634
9315
8614
8635
9316
8615
8636
9317
8616
8637
9318
8617
8638
9319
8618
8639
9320
8619
8640
9321
8620
8641
9322
8621
8642
9323
8622
8643
9324
8623
8644
9325
8645
9326
17548
17687
17693
17697
17698
17700
26217
26218
26221
8626
8647
9328
17697
17699
17701
17703
8627
8648
9329
8628
8649
9330
8629
8650
9331
8630
8651
9332
8631
8652
9333
8632
8653
9334
8633
8654
9335
8634
8655
9336
8635
8656
9337
8636
8657
9338
8637
8658
9339
8638
8659
9340
8639
8660
9341
8640
8661
9342
8641
8662
9343
8642
8663
9344
8643
8664
9345
8644
8665
9346
8645
8666
9347
8667
9348
17698
17704
20181
20289
20290
20292
26245
26246
26249
8648
8669
9350
20289
20291
20293
20295
8649
8670
9351
8650
8671
9352
8651
8672
9353
8652
8673
9354
8653
8674
9355
8654
8675
9356
8655
8676
9357
8656
8677
9358
8657
8678
9359
8658
8679
9360
8659
8680
9361
8660
8681
9362
8661
8682
9363
8662
8683
9364
8663
8684
9365
8664
8685
9366
8665
8686
9367
8666
8687
9368
8667
8688
9369
8689
9370
17710
20290
30721
30823
30824
30826
33050
33051
33054
8670
8692
9372
30823
30825
30827
30829
8671
8693
9373
8672
8694
9374
8673
8695
9375
8674
8696
9376
8675
8697
9377
8676
8698
9378
8677
8699
9379
8678
8700
9380
8679
8701
9381
8680
8702
9382
8681
8703
9383
8682
8704
9384
8683
8705
9385
8684
8706
9386
8685
8707
9387
8686
8708
9388
8687
8709
9389
8688
8710
9390
8689
8711
9391
8712
9392
17711
17716
20194
30830
30831
30832
20302
30824
34661
34686
34687
34689
8693
8716
9395
34686
34688
34690
34692
8694
8717
9396
8695
8718
9397
8696
8719
9398
8697
8720
9399
8698
8721
9400
8699
8722
9401
8700
8723
9402
8701
8724
9403
8702
8725
9404
8703
8726
9405
8704
8727
9406
8705
8728
9407
8706
8729
9408
8707
8730
9409
8708
8731
9410
8709
8732
9411
8710
8733
9412
8711
8734
9413
8712
8735
9414
8736
9415
17573
20310
20311
20312
17722
20303
30735
30837
30838
30840
8716
8740
9418
30837
30839
30841
30843
34687
34688
34691
34692
8717
8741
9419
8718
8742
9420
8719
8743
9421
8720
8744
9422
8721
8745
9423
8722
8746
9424
8723
8747
9425
8724
8748
9426
8725
8749
9427
8726
8750
9428
8727
8751
9429
8728
8752
9430
8729
8753
9431
8730
8754
9432
8731
8755
9433
8732
8756
9434
8733
8757
9435
8734
8758
9436
8735
8759
9437
8736
8760
9438
8761
9439
17582
20317
20318
20319
17723
17731
30742
30844
30845
30847
33064
33065
33068
8740
8765
9442
30838
30839
30842
30843
30844
30846
30848
30850
8741
8766
9443
8742
8767
9444
8743
8768
9445
8744
8769
9446
8745
8770
9447
8746
8771
9448
8747
8772
9449
8748
8773
9450
8749
8774
9451
8750
8775
9452
8751
8776
9453
8752
8777
9454
8753
8778
9455
8754
8779
9456
8755
8780
9457
8756
8781
9458
8757
8782
9459
8758
8783
9460
8759
8784
9461
8760
8785
9462
8761
8786
9463
8787
9464
17601
17744
20326
20327
20328
17732
17750
30749
30851
30852
30854
8765
8792
9467
30845
30846
30849
30850
30851
30853
30855
30857
8766
8793
9468
8767
8794
9469
8768
8795
9470
8769
8796
9471
8770
8797
9472
8771
8798
9473
8772
8799
9474
8773
8800
9475
8774
8801
9476
8775
8802
9477
8776
8803
9478
8777
8804
9479
8778
8805
9480
8779
8806
9481
8780
8807
9482
8781
8808
9483
8782
8809
9484
8783
8810
9485
8784
8811
9486
8785
8812
9487
8786
8813
9488
8787
8814
9489
8815
9490
17612
17740
17757
30859
30860
30861
17745
17761
20224
20332
20333
20335
26396
26397
26400
33092
33093
33096
17751
20332
30763
30865
30866
30868
8792
8820
9494
30852
30853
30856
30857
30865
30867
30869
30871
8793
8821
9495
8794
8822
9496
8795
8823
9497
8796
8824
9498
8797
8825
9499
8798
8826
9500
8799
8827
9501
8800
8828
9502
8801
8829
9503
8802
8830
9504
8803
8831
9505
8804
8832
9506
8805
8833
9507
8806
8834
9508
8807
8835
9509
8808
8836
9510
8809
8837
9511
8810
8838
9512
8811
8839
9513
8812
8840
9514
8813
8841
9515
8814
8842
9516
8815
8843
9517
8844
9518
30770
30872
30873
30875
17762
30872
34668
34693
34694
34696
8819
8847
9521
20333
20334
20337
20338
34693
34695
34697
34699
8820
8848
9522
30866
30867
30870
30871
8821
8849
9523
8822
8850
9524
8823
8851
9525
8824
8852
9526
8825
8853
9527
8826
8854
9528
8827
8855
9529
8828
8856
9530
8829
8857
9531
8830
8858
9532
8831
8859
9533
8832
8860
9534
8833
8861
9535
8834
8862
9536
8835
8863
9537
8836
8864
9538
8837
8865
9539
8838
8866
9540
8839
8867
9541
8840
8868
9542
8841
8869
9543
8842
8870
9544
8843
8871
9545
8844
8872
9546
8873
9547
8846
8874
9548
30873
30874
30877
30878
8847
8875
9549
34694
34695
34698
34699
8848
8876
9550
8849
8877
9551
8850
8878
9552
8851
8879
9553
8852
8880
9554
8853
8881
9555
8854
8882
9556
8855
8883
9557
8856
8884
9558
8857
8885
9559
8858
8886
9560
8859
8887
9561
8860
8888
9562
8861
8889
9563
8862
8890
9564
8863
8891
9565
8864
8892
9566
8865
8893
9567
8866
8894
9568
8867
8895
9569
8868
8896
9570
8869
8897
9571
8870
8898
9572
8871
8899
9573
8872
8900
9574
8873
8901
9575
8902
9576
8875
8903
9577
8876
8904
9578
8877
8905
9579
8878
8906
9580
8879
8907
9581
8880
8908
9582
8881
8909
9583
8882
8910
9584
8883
8911
9585
8884
8912
9586
8885
8913
9587
8886
8914
9588
8887
8915
9589
8888
8916
9590
8889
8917
9591
8890
8918
9592
8891
8919
9593
8892
8920
9594
8893
8921
9595
8894
8922
9596
8895
8923
9597
8896
8924
9598
8897
8925
9599
8898
8926
9600
8899
8927
9601
8900
8928
9602
8901
8929
9603
8902
8930
9604
8931
9605
8904
8932
9606
8905
8933
9607
8906
8934
9608
8907
8935
9609
8908
8936
9610
8909
8937
9611
8910
8938
9612
8911
8939
9613
8912
8940
9614
8913
8941
9615
8914
8942
9616
8915
8943
9617
8916
8944
9618
8917
8945
9619
8918
8946
9620
8919
8947
9621
8920
8948
9622
8921
8949
9623
8922
8950
9624
8923
8951
9625
8924
8952
9626
8925
8953
9627
8926
8954
9628
8927
8955
9629
8928
8956
9630
8929
8957
9631
8930
8958
9632
8931
8959
9633
8960
9634
8933
9635
8934
9636
8935
9637
8936
9638
8937
9639
8938
9640
8939
9641
8940
9642
8941
9643
8942
9644
8943
9645
8944
9646
8945
9647
8946
9648
8947
9649
8948
9650
8949
9651
8950
9652
8951
9653
8952
9654
8953
9655
8954
9656
8955
9657
8956
9658
8957
9659
8958
9660
8959
9661
8960
9662
9663
8962
8990
9664
8963
8991
9665
8964
8992
9666
8965
8993
9667
8966
8994
9668
8967
8995
9669
8968
8996
9670
8969
8997
9671
8970
8998
9672
8971
8999
9673
8972
9000
9674
8973
9001
9675
8974
9002
9676
8975
9003
9677
8976
9004
9678
8977
9005
9679
8978
9006
9680
8979
9007
9681
8980
9008
9682
8981
9009
9683
8982
9010
9684
8983
9011
9685
8984
9012
9686
8985
9013
9687
8986
9014
9688
8987
9015
9689
8988
9016
9690
8989
9017
9691
9018
9692
8991
9019
9693
8992
9020
9694
8993
9021
9695
8994
9022
9696
8995
9023
9697
8996
9024
9698
8997
9025
9699
8998
9026
9700
8999
9027
9701
9000
9028
9702
9001
9029
9703
9002
9030
9704
9003
9031
9705
9004
9032
9706
9005
9033
9707
9006
9034
9708
9007
9035
9709
9008
9036
9710
9009
9037
9711
9010
9038
9712
9011
9039
9713
9012
9040
9714
9013
9041
9715
9014
9042
9716
9015
9043
9717
9016
9044
9718
9017
9045
9719
9018
9046
9720
9047
9721
9020
9048
9722
9021
9049
9723
9022
9050
9724
9023
9051
9725
9024
9052
9726
9025
9053
9727
9026
9054
9728
9027
9055
9729
9028
9056
9730
9029
9057
9731
9030
9058
9732
9031
9059
9733
9032
9060
9734
9033
9061
9735
9034
9062
9736
9035
9063
9737
9036
9064
9738
9037
9065
9739
9038
9066
9740
9039
9067
9741
9040
9068
9742
9041
9069
9743
9042
9070
9744
9043
9071
9745
9044
9072
9746
9045
9073
9747
9046
9074
9748
9047
9075
9749
9076
9750
9049
9077
9751
30879
30882
30883
9050
9078
9752
34700
34703
34704
9051
9079
9753
9052
9080
9754
9053
9081
9755
9054
9082
9756
9055
9083
9757
9056
9084
9758
9057
9085
9759
9058
9086
9760
9059
9087
9761
9060
9088
9762
9061
9089
9763
9062
9090
9764
9063
9091
9765
9064
9092
9766
9065
9093
9767
9066
9094
9768
9067
9095
9769
9068
9096
9770
9069
9097
9771
9070
9098
9772
9071
9099
9773
9072
9100
9774
9073
9101
9775
9074
9102
9776
9075
9103
9777
9076
9104
9778
9105
9779
30777
30879
30880
30882
30879
34675
34700
34701
34703
9080
9108
9782
30886
30889
30890
34700
34702
34704
34706
9081
9109
9783
34707
34710
34711
9082
9110
9784
9083
9111
9785
9084
9112
9786
9085
9113
9787
9086
9114
9788
9087
9115
9789
9088
9116
9790
9089
9117
9791
9090
9118
9792
9091
9119
9793
9092
9120
9794
9093
9121
9795
9094
9122
9796
9095
9123
9797
9096
9124
9798
9097
9125
9799
9098
9126
9800
9099
9127
9801
9100
9128
9802
9101
9129
9803
9102
9130
9804
9103
9131
9805
9104
9132
9806
9105
9133
9807
9134
9808
17619
17768
17771
26436
26437
26440
26441
30880
17626
17768
17775
17778
33125
33126
33129
33130
34701
17775
30784
30886
30887
30889
30886
34682
34707
34708
34710
9111
9139
9813
30900
30903
30904
34707
34709
34711
34713
9112
9140
9814
9113
9141
9815
9114
9142
9816
9115
9143
9817
9116
9144
9818
9117
9145
9819
9118
9146
9820
9119
9147
9821
9120
9148
9822
9121
9149
9823
9122
9150
9824
9123
9151
9825
9124
9152
9826
9125
9153
9827
9126
9154
9828
9127
9155
9829
9128
9156
9830
9129
9157
9831
9130
9158
9832
9131
9159
9833
9132
9160
9834
9133
9161
9835
9134
9162
9836
9163
9837
17631
17769
20339
20340
17634
17776
17782
20343
20344
17638
17785
30887
30894
30895
30896
17788
20239
20347
20350
34273
34276
34278
34279
34708
20347
30798
30900
30901
30903
9141
9166
9843
30900
30902
30904
30906
30907
30910
30911
9142
9167
9844
9143
9168
9845
9144
9169
9846
9145
9170
9847
9146
9171
9848
9147
9172
9849
9148
9173
9850
9149
9174
9851
9150
9175
9852
9151
9176
9853
9152
9177
9854
9153
9178
9855
9154
9179
9856
9155
9180
9857
9156
9181
9858
9157
9182
9859
9158
9183
9860
9159
9184
9861
9160
9185
9862
9161
9186
9863
9162
9187
9864
9163
9188
9865
9189
9866
17642
20348
20355
20356
17647
17793
17796
17799
26502
26503
26506
26523
26524
26527
26528
30901
17796
30805
30907
30908
30910
9168
9191
9870
30907
30909
30911
30913
30914
30917
30918
9169
9192
9871
9170
9193
9872
9171
9194
9873
9172
9195
9874
9173
9196
9875
9174
9197
9876
9175
9198
9877
9176
9199
9878
9177
9200
9879
9178
9201
9880
9179
9202
9881
9180
9203
9882
9181
9204
9883
9182
9205
9884
9183
9206
9885
9184
9207
9886
9185
9208
9887
9186
9209
9888
9187
9210
9889
9188
9211
9890
9189
9212
9891
9213
9892
17656
17803
17805
17808
26539
26540
26543
26557
26558
26561
26562
30908
17805
30812
30914
30915
30917
9193
9216
9895
30914
30916
30918
30920
9194
9217
9896
9195
9218
9897
9196
9219
9898
9197
9220
9899
9198
9221
9900
9199
9222
9901
9200
9223
9902
9201
9224
9903
9202
9225
9904
9203
9226
9905
9204
9227
9906
9205
9228
9907
9206
9229
9908
9207
9230
9909
9208
9231
9910
9209
9232
9911
9210
9233
9912
9211
9234
9913
9212
9235
9914
9213
9236
9915
9237
9916
17662
17806
20362
20363
17812
20258
20366
20367
20369
30915
33148
33149
33152
9217
9239
9919
20366
20368
20370
20372
30921
30924
30925
9218
9240
9920
9219
9241
9921
9220
9242
9922
9221
9243
9923
9222
9244
9924
9223
9245
9925
9224
9246
9926
9225
9247
9927
9226
9248
9928
9227
9249
9929
9228
9250
9930
9229
9251
9931
9230
9252
9932
9231
9253
9933
9232
9254
9934
9233
9255
9935
9234
9256
9936
9235
9257
9937
9236
9258
9938
9237
9259
9939
9260
9940
17670
17817
20367
20374
20375
20376
17819
30819
30921
30922
30924
9241
9262
9943
30921
30923
30925
30927
9242
9263
9944
9243
9264
9945
9244
9265
9946
9245
9266
9947
9246
9267
9948
9247
9268
9949
9248
9269
9950
9249
9270
9951
9250
9271
9952
9251
9272
9953
9252
9273
9954
9253
9274
9955
9254
9275
9956
9255
9276
9957
9256
9277
9958
9257
9278
9959
9258
9279
9960
9259
9280
9961
9260
9281
9962
9282
9963
17826
20276
20384
20385
20387
30922
33162
33163
33166
9263
9284
9965
20384
20386
20388
20390
9264
9285
9966
9265
9286
9967
9266
9287
9968
9267
9288
9969
9268
9289
9970
9269
9290
9971
9270
9291
9972
9271
9292
9973
9272
9293
9974
9273
9294
9975
9274
9295
9976
9275
9296
9977
9276
9297
9978
9277
9298
9979
9278
9299
9980
9279
9300
9981
9280
9301
9982
9281
9302
9983
9282
9303
9984
9304
9985
17830
20283
20385
20391
20392
20394
26645
26646
26649
9285
9306
9987
20391
20393
20395
20397
9286
9307
9988
9287
9308
9989
9288
9309
9990
9289
9310
9991
9290
9311
9992
9291
9312
9993
9292
9313
9994
9293
9314
9995
9294
9315
9996
9295
9316
9997
9296
9317
9998
9297
9318
9999
9298
9319
10000
9299
9320
10001
9300
9321
10002
9301
9322
10003
9302
9323
10004
9303
9324
10005
9304
9325
10006
9326
10007
17689
17834
17838
17839
17841
20392
26673
26674
26677
9307
9328
10009
17838
17840
17842
17844
9308
9329
10010
9309
9330
10011
9310
9331
10012
9311
9332
10013
9312
9333
10014
9313
9334
10015
9314
9335
10016
9315
9336
10017
9316
9337
10018
9317
9338
10019
9318
9339
10020
9319
9340
10021
9320
9341
10022
9321
9342
10023
9322
9343
10024
9323
9344
10025
9324
9345
10026
9325
9346
10027
9326
9347
10028
9348
10029
17700
17839
17845
17849
17850
17852
26701
26702
26705
9329
9350
10031
17849
17851
17853
17855
9330
9351
10032
9331
9352
10033
9332
9353
10034
9333
9354
10035
9334
9355
10036
9335
9356
10037
9336
9357
10038
9337
9358
10039
9338
9359
10040
9339
9360
10041
9340
9361
10042
9341
9362
10043
9342
9363
10044
9343
9364
10045
9344
9365
10046
9345
9366
10047
9346
9367
10048
9347
9368
10049
9348
9369
10050
9370
10051
17850
17856
20292
20400
20401
20403
26729
26730
26733
9351
9372
10053
20400
20402
20404
20406
9352
9373
10054
9353
9374
10055
9354
9375
10056
9355
9376
10057
9356
9377
10058
9357
9378
10059
9358
9379
10060
9359
9380
10061
9360
9381
10062
9361
9382
10063
9362
9383
10064
9363
9384
10065
9364
9385
10066
9365
9386
10067
9366
9387
10068
9367
9388
10069
9368
9389
10070
9369
9390
10071
9370
9391
10072
9392
10073
17862
20401
30826
30928
30929
30931
33190
33191
33194
9373
9395
10075
30928
30930
30932
30934
9374
9396
10076
9375
9397
10077
9376
9398
10078
9377
9399
10079
9378
9400
10080
9379
9401
10081
9380
9402
10082
9381
9403
10083
9382
9404
10084
9383
9405
10085
9384
9406
10086
9385
9407
10087
9386
9408
10088
9387
9409
10089
9388
9410
10090
9389
9411
10091
9390
9412
10092
9391
9413
10093
9392
9414
10094
9415
10095
17863
17868
20305
30935
30936
30937
20413
30929
34689
34714
34715
34717
9396
9419
10098
34714
34716
34718
34720
9397
9420
10099
9398
9421
10100
9399
9422
10101
9400
9423
10102
9401
9424
10103
9402
9425
10104
9403
9426
10105
9404
9427
10106
9405
9428
10107
9406
9429
10108
9407
9430
10109
9408
9431
10110
9409
9432
10111
9410
9433
10112
9411
9434
10113
9412
9435
10114
9413
9436
10115
9414
9437
10116
9415
9438
10117
9439
10118
17725
20421
20422
20423
17874
20414
30840
30942
30943
30945
9419
9443
10121
30942
30944
30946
30948
34715
34716
34719
34720
9420
9444
10122
9421
9445
10123
9422
9446
10124
9423
9447
10125
9424
9448
10126
9425
9449
10127
9426
9450
10128
9427
9451
10129
9428
9452
10130
9429
9453
10131
9430
9454
10132
9431
9455
10133
9432
9456
10134
9433
9457
10135
9434
9458
10136
9435
9459
10137
9436
9460
10138
9437
9461
10139
9438
9462
10140
9439
9463
10141
9464
10142
17734
20428
20429
20430
17875
17883
30847
30949
30950
30952
33204
33205
33208
9443
9468
10145
30943
30944
30947
30948
30949
30951
30953
30955
9444
9469
10146
9445
9470
10147
9446
9471
10148
9447
9472
10149
9448
9473
10150
9449
9474
10151
9450
9475
10152
9451
9476
10153
9452
9477
10154
9453
9478
10155
9454
9479
10156
9455
9480
10157
9456
9481
10158
9457
9482
10159
9458
9483
10160
9459
9484
10161
9460
9485
10162
9461
9486
10163
9462
9487
10164
9463
9488
10165
9464
9489
10166
9490
10167
17753
17896
20437
20438
20439
17884
17902
30854
30956
30957
30959
9468
9495
10170
30950
30951
30954
30955
30956
30958
30960
30962
9469
9496
10171
9470
9497
10172
9471
9498
10173
9472
9499
10174
9473
9500
10175
9474
9501
10176
9475
9502
10177
9476
9503
10178
9477
9504
10179
9478
9505
10180
9479
9506
10181
9480
9507
10182
9481
9508
10183
9482
9509
10184
9483
9510
10185
9484
9511
10186
9485
9512
10187
9486
9513
10188
9487
9514
10189
9488
9515
10190
9489
9516
10191
9490
9517
10192
9518
10193
17764
17892
17909
30964
30965
30966
17897
17913
20335
20443
20444
20446
26880
26881
26884
33232
33233
33236
17903
20443
30868
30970
30971
30973
9495
9523
10198
30957
30958
30961
30962
30970
30972
30974
30976
9496
9524
10199
9497
9525
10200
9498
9526
10201
9499
9527
10202
9500
9528
10203
9501
9529
10204
9502
9530
10205
9503
9531
10206
9504
9532
10207
9505
9533
10208
9506
9534
10209
9507
9535
10210
9508
9536
10211
9509
9537
10212
9510
9538
10213
9511
9539
10214
9512
9540
10215
9513
9541
10216
9514
9542
10217
9515
9543
10218
9516
9544
10219
9517
9545
10220
9518
9546
10221
9547
10222
30875
30977
30978
30980
17914
30977
34696
34721
34722
34724
9522
9550
10225
20444
20445
20448
20449
34721
34723
34725
34727
9523
9551
10226
30971
30972
30975
30976
9524
9552
10227
9525
9553
10228
9526
9554
10229
9527
9555
10230
9528
9556
10231
9529
9557
10232
9530
9558
10233
9531
9559
10234
9532
9560
10235
9533
9561
10236
9534
9562
10237
9535
9563
10238
9536
9564
10239
9537
9565
10240
9538
9566
10241
9539
9567
10242
9540
9568
10243
9541
9569
10244
9542
9570
10245
9543
9571
10246
9544
9572
10247
9545
9573
10248
9546
9574
10249
9547
9575
10250
9576
10251
9549
9577
10252
30978
30979
30982
30983
9550
9578
10253
34722
34723
34726
34727
9551
9579
10254
9552
9580
10255
9553
9581
10256
9554
9582
10257
9555
9583
10258
9556
9584
10259
9557
9585
10260
9558
9586
10261
9559
9587
10262
9560
9588
10263
9561
9589
10264
9562
9590
10265
9563
9591
10266
9564
9592
10267
9565
9593
10268
9566
9594
10269
9567
9595
10270
9568
9596
10271
9569
9597
10272
9570
9598
10273
9571
9599
10274
9572
9600
10275
9573
9601
10276
9574
9602
10277
9575
9603
10278
9576
9604
10279
9605
10280
9578
9606
10281
9579
9607
10282
9580
9608
10283
9581
9609
10284
9582
9610
10285
9583
9611
10286
9584
9612
10287
9585
9613
10288
9586
9614
10289
9587
9615
10290
9588
9616
10291
9589
9617
10292
9590
9618
10293
9591
9619
10294
9592
9620
10295
9593
9621
10296
9594
9622
10297
9595
9623
10298
9596
9624
10299
9597
9625
10300
9598
9626
10301
9599
9627
10302
9600
9628
10303
9601
9629
10304
9602
9630
10305
9603
9631
10306
9604
9632
10307
9605
9633
10308
9634
10309
9607
9635
10310
9608
9636
10311
9609
9637
10312
9610
9638
10313
9611
9639
10314
9612
9640
10315
9613
9641
10316
9614
9642
10317
9615
9643
10318
9616
9644
10319
9617
9645
10320
9618
9646
10321
9619
9647
10322
9620
9648
10323
9621
9649
10324
9622
9650
10325
9623
9651
10326
9624
9652
10327
9625
9653
10328
9626
9654
10329
9627
9655
10330
9628
9656
10331
9629
9657
10332
9630
9658
10333
9631
9659
10334
9632
9660
10335
9633
9661
10336
9634
9662
10337
9663
10338
9636
10339
9637
10340
9638
10341
9639
10342
9640
10343
9641
10344
9642
10345
9643
10346
9644
10347
9645
10348
9646
10349
9647
10350
9648
10351
9649
10352
9650
10353
9651
10354
9652
10355
9653
10356
9654
10357
9655
10358
9656
10359
9657
10360
9658
10361
9659
10362
9660
10363
9661
10364
9662
10365
9663
10366
10367
9665
9693
10368
9666
9694
10369
9667
9695
10370
9668
9696
10371
9669
9697
10372
9670
9698
10373
9671
9699
10374
9672
9700
10375
9673
9701
10376
9674
9702
10377
9675
9703
10378
9676
9704
10379
9677
9705
10380
9678
9706
10381
9679
9707
10382
9680
9708
10383
9681
9709
10384
9682
9710
10385
9683
9711
10386
9684
9712
10387
9685
9713
10388
9686
9714
10389
9687
9715
10390
9688
9716
10391
9689
9717
10392
9690
9718
10393
9691
9719
10394
9692
9720
10395
9721
10396
9694
9722
10397
9695
9723
10398
9696
9724
10399
9697
9725
10400
9698
9726
10401
9699
9727
10402
9700
9728
10403
9701
9729
10404
9702
9730
10405
9703
9731
10406
9704
9732
10407
9705
9733
10408
9706
9734
10409
9707
9735
10410
9708
9736
10411
9709
9737
10412
9710
9738
10413
9711
9739
10414
9712
9740
10415
9713
9741
10416
9714
9742
10417
9715
9743
10418
9716
9744
10419
9717
9745
10420
9718
9746
10421
9719
9747
10422
9720
9748
10423
9721
9749
10424
9750
10425
9723
9751
10426
9724
9752
10427
9725
9753
10428
9726
9754
10429
9727
9755
10430
9728
9756
10431
9729
9757
10432
9730
9758
10433
9731
9759
10434
9732
9760
10435
9733
9761
10436
9734
9762
10437
9735
9763
10438
9736
9764
10439
9737
9765
10440
9738
9766
10441
9739
9767
10442
9740
9768
10443
9741
9769
10444
9742
9770
10445
9743
9771
10446
9744
9772
10447
9745
9773
10448
9746
9774
10449
9747
9775
10450
9748
9776
10451
9749
9777
10452
9750
9778
10453
9779
10454
9752
9780
10455
30984
30987
30988
9753
9781
10456
34728
34731
34732
9754
9782
10457
9755
9783
10458
9756
9784
10459
9757
9785
10460
9758
9786
10461
9759
9787
10462
9760
9788
10463
9761
9789
10464
9762
9790
10465
9763
9791
10466
9764
9792
10467
9765
9793
10468
9766
9794
10469
9767
9795
10470
9768
9796
10471
9769
9797
10472
9770
9798
10473
9771
9799
10474
9772
9800
10475
9773
9801
10476
9774
9802
10477
9775
9803
10478
9776
9804
10479
9777
9805
10480
9778
9806
10481
9779
9807
10482
9808
10483
30882
30984
30985
30987
30984
34703
34728
34729
34731
9783
9811
10486
30991
30994
30995
34728
34730
34732
34734
9784
9812
10487
34735
34738
34739
9785
9813
10488
9786
9814
10489
9787
9815
10490
9788
9816
10491
9789
9817
10492
9790
9818
10493
9791
9819
10494
9792
9820
10495
9793
9821
10496
9794
9822
10497
9795
9823
10498
9796
9824
10499
9797
9825
10500
9798
9826
10501
9799
9827
10502
9800
9828
10503
9801
9829
10504
9802
9830
10505
9803
9831
10506
9804
9832
10507
9805
9833
10508
9806
9834
10509
9807
9835
10510
9808
9836
10511
9837
10512
17771
17920
17923
26920
26921
26924
26925
30985
17778
17920
17927
17930
33265
33266
33269
33270
34729
17927
30889
30991
30992
30994
30991
34710
34735
34736
34738
9814
9842
10517
31005
31008
31009
34735
34737
34739
34741
9815
9843
10518
9816
9844
10519
9817
9845
10520
9818
9846
10521
9819
9847
10522
9820
9848
10523
9821
9849
10524
9822
9850
10525
9823
9851
10526
9824
9852
10527
9825
9853
10528
9826
9854
10529
9827
9855
10530
9828
9856
10531
9829
9857
10532
9830
9858
10533
9831
9859
10534
9832
9860
10535
9833
9861
10536
9834
9862
10537
9835
9863
10538
9836
9864
10539
9837
9865
10540
9866
10541
17783
17921
20450
20451
17786
17928
17934
20454
20455
17790
17937
30992
30999
31000
31001
17940
20350
20458
20461
34294
34297
34299
34300
34736
20458
30903
31005
31006
31008
9844
9869
10547
31005
31007
31009
31011
31012
31015
31016
9845
9870
10548
9846
9871
10549
9847
9872
10550
9848
9873
10551
9849
9874
10552
9850
9875
10553
9851
9876
10554
9852
9877
10555
9853
9878
10556
9854
9879
10557
9855
9880
10558
9856
9881
10559
9857
9882
10560
9858
9883
10561
9859
9884
10562
9860
9885
10563
9861
9886
10564
9862
9887
10565
9863
9888
10566
9864
9889
10567
9865
9890
10568
9866
9891
10569
9892
10570
17794
20459
20466
20467
17799
17945
17948
17951
26986
26987
26990
27007
27008
27011
27012
31006
17948
30910
31012
31013
31015
9871
9894
10574
31012
31014
31016
31018
31019
31022
31023
9872
9895
10575
9873
9896
10576
9874
9897
10577
9875
9898
10578
9876
9899
10579
9877
9900
10580
9878
9901
10581
9879
9902
10582
9880
9903
10583
9881
9904
10584
9882
9905
10585
9883
9906
10586
9884
9907
10587
9885
9908
10588
9886
9909
10589
9887
9910
10590
9888
9911
10591
9889
9912
10592
9890
9913
10593
9891
9914
10594
9892
9915
10595
9916
10596
17808
17955
17957
17960
27023
27024
27027
27041
27042
27045
27046
31013
17957
30917
31019
31020
31022
9896
9919
10599
31019
31021
31023
31025
9897
9920
10600
9898
9921
10601
9899
9922
10602
9900
9923
10603
9901
9924
10604
9902
9925
10605
9903
9926
10606
9904
9927
10607
9905
9928
10608
9906
9929
10609
9907
9930
10610
9908
9931
10611
9909
9932
10612
9910
9933
10613
9911
9934
10614
9912
9935
10615
9913
9936
10616
9914
9937
10617
9915
9938
10618
9916
9939
10619
9940
10620
17814
17958
20473
20474
17964
20369
20477
20478
20480
31020
33288
33289
33292
9920
9942
10623
20477
20479
20481
20483
31026
31029
31030
9921
9943
10624
9922
9944
10625
9923
9945
10626
9924
9946
10627
9925
9947
10628
9926
9948
10629
9927
9949
10630
9928
9950
10631
9929
9951
10632
9930
9952
10633
9931
9953
10634
9932
9954
10635
9933
9955
10636
9934
9956
10637
9935
9957
10638
9936
9958
10639
9937
9959
10640
9938
9960
10641
9939
9961
10642
9940
9962
10643
9963
10644
17822
17969
20478
20485
20486
20487
17971
30924
31026
31027
31029
9944
9965
10647
31026
31028
31030
31032
9945
9966
10648
9946
9967
10649
9947
9968
10650
9948
9969
10651
9949
9970
10652
9950
9971
10653
9951
9972
10654
9952
9973
10655
9953
9974
10656
9954
9975
10657
9955
9976
10658
9956
9977
10659
9957
9978
10660
9958
9979
10661
9959
9980
10662
9960
9981
10663
9961
9982
10664
9962
9983
10665
9963
9984
10666
9985
10667
17978
20387
20495
20496
20498
31027
33302
33303
33306
9966
9987
10669
20495
20497
20499
20501
9967
9988
10670
9968
9989
10671
9969
9990
10672
9970
9991
10673
9971
9992
10674
9972
9993
10675
9973
9994
10676
9974
9995
10677
9975
9996
10678
9976
9997
10679
9977
9998
10680
9978
9999
10681
9979
10000
10682
9980
10001
10683
9981
10002
10684
9982
10003
10685
9983
10004
10686
9984
10005
10687
9985
10006
10688
10007
10689
17982
20394
20496
20502
20503
20505
27129
27130
27133
9988
10009
10691
20502
20504
20506
20508
9989
10010
10692
9990
10011
10693
9991
10012
10694
9992
10013
10695
9993
10014
10696
9994
10015
10697
9995
10016
10698
9996
10017
10699
9997
10018
10700
9998
10019
10701
9999
10020
10702
10000
10021
10703
10001
10022
10704
10002
10023
10705
10003
10024
10706
10004
10025
10707
10005
10026
10708
10006
10027
10709
10007
10028
10710
10029
10711
17841
17986
17990
17991
17993
20503
27157
27158
27161
10010
10031
10713
17990
17992
17994
17996
10011
10032
10714
10012
10033
10715
10013
10034
10716
10014
10035
10717
10015
10036
10718
10016
10037
10719
10017
10038
10720
10018
10039
10721
10019
10040
10722
10020
10041
10723
10021
10042
10724
10022
10043
10725
10023
10044
10726
10024
10045
10727
10025
10046
10728
10026
10047
10729
10027
10048
10730
10028
10049
10731
10029
10050
10732
10051
10733
17852
17991
17997
18001
18002
18004
27185
27186
27189
10032
10053
10735
18001
18003
18005
18007
10033
10054
10736
10034
10055
10737
10035
10056
10738
10036
10057
10739
10037
10058
10740
10038
10059
10741
10039
10060
10742
10040
10061
10743
10041
10062
10744
10042
10063
10745
10043
10064
10746
10044
10065
10747
10045
10066
10748
10046
10067
10749
10047
10068
10750
10048
10069
10751
10049
10070
10752
10050
10071
10753
10051
10072
10754
10073
10755
18002
18008
20403
20511
20512
20514
27213
27214
27217
10054
10075
10757
20511
20513
20515
20517
10055
10076
10758
10056
10077
10759
10057
10078
10760
10058
10079
10761
10059
10080
10762
10060
10081
10763
10061
10082
10764
10062
10083
10765
10063
10084
10766
10064
10085
10767
10065
10086
10768
10066
10087
10769
10067
10088
10770
10068
10089
10771
10069
10090
10772
10070
10091
10773
10071
10092
10774
10072
10093
10775
10073
10094
10776
10095
10777
18014
20512
30931
31033
31034
31036
33330
33331
33334
10076
10098
10779
31033
31035
31037
31039
10077
10099
10780
10078
10100
10781
10079
10101
10782
10080
10102
10783
10081
10103
10784
10082
10104
10785
10083
10105
10786
10084
10106
10787
10085
10107
10788
10086
10108
10789
10087
10109
10790
10088
10110
10791
10089
10111
10792
10090
10112
10793
10091
10113
10794
10092
10114
10795
10093
10115
10796
10094
10116
10797
10095
10117
10798
10118
10799
18015
18020
20416
31040
31041
31042
20524
31034
34717
34742
34743
34745
10099
10122
10802
34742
34744
34746
34748
10100
10123
10803
10101
10124
10804
10102
10125
10805
10103
10126
10806
10104
10127
10807
10105
10128
10808
10106
10129
10809
10107
10130
10810
10108
10131
10811
10109
10132
10812
10110
10133
10813
10111
10134
10814
10112
10135
10815
10113
10136
10816
10114
10137
10817
10115
10138
10818
10116
10139
10819
10117
10140
10820
10118
10141
10821
10142
10822
17877
20532
20533
20534
18026
20525
30945
31047
31048
31050
10122
10146
10825
31047
31049
31051
31053
34743
34744
34747
34748
10123
10147
10826
10124
10148
10827
10125
10149
10828
10126
10150
10829
10127
10151
10830
10128
10152
10831
10129
10153
10832
10130
10154
10833
10131
10155
10834
10132
10156
10835
10133
10157
10836
10134
10158
10837
10135
10159
10838
10136
10160
10839
10137
10161
10840
10138
10162
10841
10139
10163
10842
10140
10164
10843
10141
10165
10844
10142
10166
10845
10167
10846
17886
20539
20540
20541
18027
18035
30952
31054
31055
31057
33344
33345
33348
10146
10171
10849
31048
31049
31052
31053
31054
31056
31058
31060
10147
10172
10850
10148
10173
10851
10149
10174
10852
10150
10175
10853
10151
10176
10854
10152
10177
10855
10153
10178
10856
10154
10179
10857
10155
10180
10858
10156
10181
10859
10157
10182
10860
10158
10183
10861
10159
10184
10862
10160
10185
10863
10161
10186
10864
10162
10187
10865
10163
10188
10866
10164
10189
10867
10165
10190
10868
10166
10191
10869
10167
10192
10870
10193
10871
17905
18048
20548
20549
20550
18036
18054
30959
31061
31062
31064
10171
10199
10874
31055
31056
31059
31060
31061
31063
31065
31067
10172
10200
10875
10173
10201
10876
10174
10202
10877
10175
10203
10878
10176
10204
10879
10177
10205
10880
10178
10206
10881
10179
10207
10882
10180
10208
10883
10181
10209
10884
10182
10210
10885
10183
10211
10886
10184
10212
10887
10185
10213
10888
10186
10214
10889
10187
10215
10890
10188
10216
10891
10189
10217
10892
10190
10218
10893
10191
10219
10894
10192
10220
10895
10193
10221
10896
10222
10897
20555
20556
20557
17916
18044
18061
31069
31070
31071
18049
18068
20446
20561
20562
20564
27364
27365
27368
33372
33373
33376
18055
20561
30973
31075
31076
31078
10199
10227
10902
31062
31063
31066
31067
31075
31077
31079
31081
10200
10228
10903
10201
10229
10904
10202
10230
10905
10203
10231
10906
10204
10232
10907
10205
10233
10908
10206
10234
10909
10207
10235
10910
10208
10236
10911
10209
10237
10912
10210
10238
10913
10211
10239
10914
10212
10240
10915
10213
10241
10916
10214
10242
10917
10215
10243
10918
10216
10244
10919
10217
10245
10920
10218
10246
10921
10219
10247
10922
10220
10248
10923
10221
10249
10924
10222
10250
10925
10251
10926
18062
30980
31082
31083
31085
18069
31082
34724
34749
34750
34752
10226
10254
10929
20562
20563
20566
20567
34749
34751
34753
34755
10227
10255
10930
31076
31077
31080
31081
10228
10256
10931
10229
10257
10932
10230
10258
10933
10231
10259
10934
10232
10260
10935
10233
10261
10936
10234
10262
10937
10235
10263
10938
10236
10264
10939
10237
10265
10940
10238
10266
10941
10239
10267
10942
10240
10268
10943
10241
10269
10944
10242
10270
10945
10243
10271
10946
10244
10272
10947
10245
10273
10948
10246
10274
10949
10247
10275
10950
10248
10276
10951
10249
10277
10952
10250
10278
10953
10251
10279
10954
10280
10955
10253
10281
10956
31083
31084
31087
31088
10254
10282
10957
34750
34751
34754
34755
10255
10283
10958
10256
10284
10959
10257
10285
10960
10258
10286
10961
10259
10287
10962
10260
10288
10963
10261
10289
10964
10262
10290
10965
10263
10291
10966
10264
10292
10967
10265
10293
10968
10266
10294
10969
10267
10295
10970
10268
10296
10971
10269
10297
10972
10270
10298
10973
10271
10299
10974
10272
10300
10975
10273
10301
10976
10274
10302
10977
10275
10303
10978
10276
10304
10979
10277
10305
10980
10278
10306
10981
10279
10307
10982
10280
10308
10983
10309
10984
10282
10310
10985
10283
10311
10986
10284
10312
10987
10285
10313
10988
10286
10314
10989
10287
10315
10990
10288
10316
10991
10289
10317
10992
10290
10318
10993
10291
10319
10994
10292
10320
10995
10293
10321
10996
10294
10322
10997
10295
10323
10998
10296
10324
10999
10297
10325
11000
10298
10326
11001
10299
10327
11002
10300
10328
11003
10301
10329
11004
10302
10330
11005
10303
10331
11006
10304
10332
11007
10305
10333
11008
10306
10334
11009
10307
10335
11010
10308
10336
11011
10309
10337
11012
10338
11013
10311
10339
11014
10312
10340
11015
10313
10341
11016
10314
10342
11017
10315
10343
11018
10316
10344
11019
10317
10345
11020
10318
10346
11021
10319
10347
11022
10320
10348
11023
10321
10349
11024
10322
10350
11025
10323
10351
11026
10324
10352
11027
10325
10353
11028
10326
10354
11029
10327
10355
11030
10328
10356
11031
10329
10357
11032
10330
10358
11033
10331
10359
11034
10332
10360
11035
10333
10361
11036
10334
10362
11037
10335
10363
11038
10336
10364
11039
10337
10365
11040
10338
10366
11041
10367
11042
10340
11043
10341
11044
10342
11045
10343
11046
10344
11047
10345
11048
10346
11049
10347
11050
10348
11051
10349
11052
10350
11053
10351
11054
10352
11055
10353
11056
10354
11057
10355
11058
10356
11059
10357
11060
10358
11061
10359
11062
10360
11063
10361
11064
10362
11065
10363
11066
10364
11067
10365
11068
10366
11069
10367
11070
11071
10369
10397
11072
10370
10398
11073
10371
10399
11074
10372
10400
11075
10373
10401
11076
10374
10402
11077
10375
10403
11078
10376
10404
11079
10377
10405
11080
10378
10406
11081
10379
10407
11082
10380
10408
11083
10381
10409
11084
10382
10410
11085
10383
10411
11086
10384
10412
11087
10385
10413
11088
10386
10414
11089
10387
10415
11090
10388
10416
11091
10389
10417
11092
10390
10418
11093
10391
10419
11094
10392
10420
11095
10393
10421
11096
10394
10422
11097
10395
10423
11098
10396
10424
11099
10425
11100
10398
10426
11101
10399
10427
11102
10400
10428
11103
10401
10429
11104
10402
10430
11105
10403
10431
11106
10404
10432
11107
10405
10433
11108
10406
10434
11109
10407
10435
11110
10408
10436
11111
10409
10437
11112
10410
10438
11113
10411
10439
11114
10412
10440
11115
10413
10441
11116
10414
10442
11117
10415
10443
11118
10416
10444
11119
10417
10445
11120
10418
10446
11121
10419
10447
11122
10420
10448
11123
10421
10449
11124
10422
10450
11125
10423
10451
11126
10424
10452
11127
10425
10453
11128
10454
11129
10427
10455
11130
10428
10456
11131
10429
10457
11132
10430
10458
11133
10431
10459
11134
10432
10460
11135
10433
10461
11136
10434
10462
11137
10435
10463
11138
10436
10464
11139
10437
10465
11140
10438
10466
11141
10439
10467
11142
10440
10468
11143
10441
10469
11144
10442
10470
11145
10443
10471
11146
10444
10472
11147
10445
10473
11148
10446
10474
11149
10447
10475
11150
10448
10476
11151
10449
10477
11152
10450
10478
11153
10451
10479
11154
10452
10480
11155
10453
10481
11156
10454
10482
11157
10483
11158
10456
10484
11159
31089
31092
31093
10457
10485
11160
34756
34759
34760
10458
10486
11161
10459
10487
11162
10460
10488
11163
10461
10489
11164
10462
10490
11165
10463
10491
11166
10464
10492
11167
10465
10493
11168
10466
10494
11169
10467
10495
11170
10468
10496
11171
10469
10497
11172
10470
10498
11173
10471
10499
11174
10472
10500
11175
10473
10501
11176
10474
10502
11177
10475
10503
11178
10476
10504
11179
10477
10505
11180
10478
10506
11181
10479
10507
11182
10480
10508
11183
10481
10509
11184
10482
10510
11185
10483
10511
11186
10512
11187
30987
31089
31090
31092
31089
34731
34756
34757
34759
10487
10515
11190
31096
31099
31100
34756
34758
34760
34762
10488
10516
11191
34763
34766
34767
10489
10517
11192
10490
10518
11193
10491
10519
11194
10492
10520
11195
10493
10521
11196
10494
10522
11197
10495
10523
11198
10496
10524
11199
10497
10525
11200
10498
10526
11201
10499
10527
11202
10500
10528
11203
10501
10529
11204
10502
10530
11205
10503
10531
11206
10504
10532
11207
10505
10533
11208
10506
10534
11209
10507
10535
11210
10508
10536
11211
10509
10537
11212
10510
10538
11213
10511
10539
11214
10512
10540
11215
10541
11216
17923
18075
18078
27411
27412
27415
27416
31090
17930
18075
18082
18085
33405
33406
33409
33410
34757
18082
30994
31096
31097
31099
31096
34738
34763
34764
34766
10518
10546
11221
31110
31113
31114
34763
34765
34767
34769
10519
10547
11222
10520
10548
11223
10521
10549
11224
10522
10550
11225
10523
10551
11226
10524
10552
11227
10525
10553
11228
10526
10554
11229
10527
10555
11230
10528
10556
11231
10529
10557
11232
10530
10558
11233
10531
10559
11234
10532
10560
11235
10533
10561
11236
10534
10562
11237
10535
10563
11238
10536
10564
11239
10537
10565
11240
10538
10566
11241
10539
10567
11242
10540
10568
11243
10541
10569
11244
10570
11245
17935
18076
20568
20569
17938
18083
18089
20572
20573
17942
18092
31097
31104
31105
31106
18095
20461
20576
20579
34315
34318
34320
34321
34764
20576
31008
31110
31111
31113
10548
10573
11251
31110
31112
31114
31116
31117
31120
31121
10549
10574
11252
10550
10575
11253
10551
10576
11254
10552
10577
11255
10553
10578
11256
10554
10579
11257
10555
10580
11258
10556
10581
11259
10557
10582
11260
10558
10583
11261
10559
10584
11262
10560
10585
11263
10561
10586
11264
10562
10587
11265
10563
10588
11266
10564
10589
11267
10565
10590
11268
10566
10591
11269
10567
10592
11270
10568
10593
11271
10569
10594
11272
10570
10595
11273
10596
11274
17946
20577
20584
20585
17951
18100
18103
18106
27477
27478
27481
27498
27499
27502
27503
31111
18103
31015
31117
31118
31120
10575
10598
11278
31117
31119
31121
31123
31124
31127
31128
10576
10599
11279
10577
10600
11280
10578
10601
11281
10579
10602
11282
10580
10603
11283
10581
10604
11284
10582
10605
11285
10583
10606
11286
10584
10607
11287
10585
10608
11288
10586
10609
11289
10587
10610
11290
10588
10611
11291
10589
10612
11292
10590
10613
11293
10591
10614
11294
10592
10615
11295
10593
10616
11296
10594
10617
11297
10595
10618
11298
10596
10619
11299
10620
11300
17960
18110
18112
18115
27514
27515
27518
27532
27533
27536
27537
31118
18112
31022
31124
31125
31127
10600
10623
11303
31124
31126
31128
31130
10601
10624
11304
10602
10625
11305
10603
10626
11306
10604
10627
11307
10605
10628
11308
10606
10629
11309
10607
10630
11310
10608
10631
11311
10609
10632
11312
10610
10633
11313
10611
10634
11314
10612
10635
11315
10613
10636
11316
10614
10637
11317
10615
10638
11318
10616
10639
11319
10617
10640
11320
10618
10641
11321
10619
10642
11322
10620
10643
11323
10644
11324
17966
18113
20591
20592
18119
20480
20595
20596
20598
31125
33428
33429
33432
10624
10646
11327
20595
20597
20599
20601
31131
31134
31135
10625
10647
11328
10626
10648
11329
10627
10649
11330
10628
10650
11331
10629
10651
11332
10630
10652
11333
10631
10653
11334
10632
10654
11335
10633
10655
11336
10634
10656
11337
10635
10657
11338
10636
10658
11339
10637
10659
11340
10638
10660
11341
10639
10661
11342
10640
10662
11343
10641
10663
11344
10642
10664
11345
10643
10665
11346
10644
10666
11347
10667
11348
17974
18124
20596
20603
20604
20605
18126
31029
31131
31132
31134
10648
10669
11351
31131
31133
31135
31137
10649
10670
11352
10650
10671
11353
10651
10672
11354
10652
10673
11355
10653
10674
11356
10654
10675
11357
10655
10676
11358
10656
10677
11359
10657
10678
11360
10658
10679
11361
10659
10680
11362
10660
10681
11363
10661
10682
11364
10662
10683
11365
10663
10684
11366
10664
10685
11367
10665
10686
11368
10666
10687
11369
10667
10688
11370
10689
11371
18133
20498
20613
20614
20616
31132
33442
33443
33446
10670
10691
11373
20613
20615
20617
20619
10671
10692
11374
10672
10693
11375
10673
10694
11376
10674
10695
11377
10675
10696
11378
10676
10697
11379
10677
10698
11380
10678
10699
11381
10679
10700
11382
10680
10701
11383
10681
10702
11384
10682
10703
11385
10683
10704
11386
10684
10705
11387
10685
10706
11388
10686
10707
11389
10687
10708
11390
10688
10709
11391
10689
10710
11392
10711
11393
18137
20505
20614
20620
20621
20623
27620
27621
27624
10692
10713
11395
20620
20622
20624
20626
10693
10714
11396
10694
10715
11397
10695
10716
11398
10696
10717
11399
10697
10718
11400
10698
10719
11401
10699
10720
11402
10700
10721
11403
10701
10722
11404
10702
10723
11405
10703
10724
11406
10704
10725
11407
10705
10726
11408
10706
10727
11409
10707
10728
11410
10708
10729
11411
10709
10730
11412
10710
10731
11413
10711
10732
11414
10733
11415
17993
18141
18145
18146
18148
20621
27648
27649
27652
10714
10735
11417
18145
18147
18149
18151
10715
10736
11418
10716
10737
11419
10717
10738
11420
10718
10739
11421
10719
10740
11422
10720
10741
11423
10721
10742
11424
10722
10743
11425
10723
10744
11426
10724
10745
11427
10725
10746
11428
10726
10747
11429
10727
10748
11430
10728
10749
11431
10729
10750
11432
10730
10751
11433
10731
10752
11434
10732
10753
11435
10733
10754
11436
10755
11437
18004
18146
18152
18156
18157
18159
27676
27677
27680
10736
10757
11439
18156
18158
18160
18162
10737
10758
11440
10738
10759
11441
10739
10760
11442
10740
10761
11443
10741
10762
11444
10742
10763
11445
10743
10764
11446
10744
10765
11447
10745
10766
11448
10746
10767
11449
10747
10768
11450
10748
10769
11451
10749
10770
11452
10750
10771
11453
10751
10772
11454
10752
10773
11455
10753
10774
11456
10754
10775
11457
10755
10776
11458
10777
11459
18157
18163
20514
20629
20630
20632
27704
27705
27708
10758
10779
11461
20629
20631
20633
20635
10759
10780
11462
10760
10781
11463
10761
10782
11464
10762
10783
11465
10763
10784
11466
10764
10785
11467
10765
10786
11468
10766
10787
11469
10767
10788
11470
10768
10789
11471
10769
10790
11472
10770
10791
11473
10771
10792
11474
10772
10793
11475
10773
10794
11476
10774
10795
11477
10775
10796
11478
10776
10797
11479
10777
10798
11480
10799
11481
18169
20630
31036
31138
31139
31141
33470
33471
33474
10780
10802
11483
31138
31140
31142
31144
10781
10803
11484
10782
10804
11485
10783
10805
11486
10784
10806
11487
10785
10807
11488
10786
10808
11489
10787
10809
11490
10788
10810
11491
10789
10811
11492
10790
10812
11493
10791
10813
11494
10792
10814
11495
10793
10815
11496
10794
10816
11497
10795
10817
11498
10796
10818
11499
10797
10819
11500
10798
10820
11501
10799
10821
11502
10822
11503
18170
18175
20527
31145
31146
31147
20642
31139
34745
34770
34771
34773
10803
10826
11506
34770
34772
34774
34776
10804
10827
11507
10805
10828
11508
10806
10829
11509
10807
10830
11510
10808
10831
11511
10809
10832
11512
10810
10833
11513
10811
10834
11514
10812
10835
11515
10813
10836
11516
10814
10837
11517
10815
10838
11518
10816
10839
11519
10817
10840
11520
10818
10841
11521
10819
10842
11522
10820
10843
11523
10821
10844
11524
10822
10845
11525
10846
11526
18029
20650
20651
20652
18181
20643
31050
31152
31153
31155
10826
10850
11529
31152
31154
31156
31158
34771
34772
34775
34776
10827
10851
11530
10828
10852
11531
10829
10853
11532
10830
10854
11533
10831
10855
11534
10832
10856
11535
10833
10857
11536
10834
10858
11537
10835
10859
11538
10836
10860
11539
10837
10861
11540
10838
10862
11541
10839
10863
11542
10840
10864
11543
10841
10865
11544
10842
10866
11545
10843
10867
11546
10844
10868
11547
10845
10869
11548
10846
10870
11549
10871
11550
18038
20657
20658
20659
18182
18190
31057
31159
31160
31162
33484
33485
33488
10850
10875
11553
31153
31154
31157
31158
31159
31161
31163
31165
10851
10876
11554
10852
10877
11555
10853
10878
11556
10854
10879
11557
10855
10880
11558
10856
10881
11559
10857
10882
11560
10858
10883
11561
10859
10884
11562
10860
10885
11563
10861
10886
11564
10862
10887
11565
10863
10888
11566
10864
10889
11567
10865
10890
11568
10866
10891
11569
10867
10892
11570
10868
10893
11571
10869
10894
11572
10870
10895
11573
10871
10896
11574
10897
11575
18057
18203
20666
20667
20668
18191
18209
31064
31166
31167
31169
10875
10903
11578
31160
31161
31164
31165
31166
31168
31170
31172
10876
10904
11579
10877
10905
11580
10878
10906
11581
10879
10907
11582
10880
10908
11583
10881
10909
11584
10882
10910
11585
10883
10911
11586
10884
10912
11587
10885
10913
11588
10886
10914
11589
10887
10915
11590
10888
10916
11591
10889
10917
11592
10890
10918
11593
10891
10919
11594
10892
10920
11595
10893
10921
11596
10894
10922
11597
10895
10923
11598
10896
10924
11599
10897
10925
11600
10926
11601
18064
18216
20673
20674
20675
18071
18199
18220
31174
31175
31176
18204
18227
20564
20679
20680
20682
27855
27856
27859
33512
33513
33516
18210
20679
31078
31180
31181
31183
10903
10931
11606
31167
31168
31171
31172
31180
31182
31184
31186
10904
10932
11607
10905
10933
11608
10906
10934
11609
10907
10935
11610
10908
10936
11611
10909
10937
11612
10910
10938
11613
10911
10939
11614
10912
10940
11615
10913
10941
11616
10914
10942
11617
10915
10943
11618
10916
10944
11619
10917
10945
11620
10918
10946
11621
10919
10947
11622
10920
10948
11623
10921
10949
11624
10922
10950
11625
10923
10951
11626
10924
10952
11627
10925
10953
11628
10926
10954
11629
10955
11630
18221
31085
31187
31188
31190
18228
31187
34752
34777
34778
34780
10930
10958
11633
20680
20681
20684
20685
34777
34779
34781
34783
10931
10959
11634
31181
31182
31185
31186
10932
10960
11635
10933
10961
11636
10934
10962
11637
10935
10963
11638
10936
10964
11639
10937
10965
11640
10938
10966
11641
10939
10967
11642
10940
10968
11643
10941
10969
11644
10942
10970
11645
10943
10971
11646
10944
10972
11647
10945
10973
11648
10946
10974
11649
10947
10975
11650
10948
10976
11651
10949
10977
11652
10950
10978
11653
10951
10979
11654
10952
10980
11655
10953
10981
11656
10954
10982
11657
10955
10983
11658
10984
11659
10957
10985
11660
31188
31189
31192
31193
10958
10986
11661
34778
34779
34782
34783
10959
10987
11662
10960
10988
11663
10961
10989
11664
10962
10990
11665
10963
10991
11666
10964
10992
11667
10965
10993
11668
10966
10994
11669
10967
10995
11670
10968
10996
11671
10969
10997
11672
10970
10998
11673
10971
10999
11674
10972
11000
11675
10973
11001
11676
10974
11002
11677
10975
11003
11678
10976
11004
11679
10977
11005
11680
10978
11006
11681
10979
11007
11682
10980
11008
11683
10981
11009
11684
10982
11010
11685
10983
11011
11686
10984
11012
11687
11013
11688
10986
11014
11689
10987
11015
11690
10988
11016
11691
10989
11017
11692
10990
11018
11693
10991
11019
11694
10992
11020
11695
10993
11021
11696
10994
11022
11697
10995
11023
11698
10996
11024
11699
10997
11025
11700
10998
11026
11701
10999
11027
11702
11000
11028
11703
11001
11029
11704
11002
11030
11705
11003
11031
11706
11004
11032
11707
11005
11033
11708
11006
11034
11709
11007
11035
11710
11008
11036
11711
11009
11037
11712
11010
11038
11713
11011
11039
11714
11012
11040
11715
11013
11041
11716
11042
11717
11015
11043
11718
11016
11044
11719
11017
11045
11720
11018
11046
11721
11019
11047
11722
11020
11048
11723
11021
11049
11724
11022
11050
11725
11023
11051
11726
11024
11052
11727
11025
11053
11728
11026
11054
11729
11027
11055
11730
11028
11056
11731
11029
11057
11732
11030
11058
11733
11031
11059
11734
11032
11060
11735
11033
11061
11736
11034
11062
11737
11035
11063
11738
11036
11064
11739
11037
11065
11740
11038
11066
11741
11039
11067
11742
11040
11068
11743
11041
11069
11744
11042
11070
11745
11071
11746
11044
11747
11045
11748
11046
11749
11047
11750
11048
11751
11049
11752
11050
11753
11051
11754
11052
11755
11053
11756
11054
11757
11055
11758
11056
11759
11057
11760
11058
11761
11059
11762
11060
11763
11061
11764
11062
11765
11063
11766
11064
11767
11065
11768
11066
11769
11067
11770
11068
11771
11069
11772
11070
11773
11071
11774
11775
11073
11101
11776
11074
11102
11777
11075
11103
11778
11076
11104
11779
11077
11105
11780
11078
11106
11781
11079
11107
11782
11080
11108
11783
11081
11109
11784
11082
11110
11785
11083
11111
11786
11084
11112
11787
11085
11113
11788
11086
11114
11789
11087
11115
11790
11088
11116
11791
11089
11117
11792
11090
11118
11793
11091
11119
11794
11092
11120
11795
11093
11121
11796
11094
11122
11797
11095
11123
11798
11096
11124
11799
11097
11125
11800
11098
11126
11801
11099
11127
11802
11100
11128
11803
11129
11804
11102
11130
11805
11103
11131
11806
11104
11132
11807
11105
11133
11808
11106
11134
11809
11107
11135
11810
11108
11136
11811
11109
11137
11812
11110
11138
11813
11111
11139
11814
11112
11140
11815
11113
11141
11816
11114
11142
11817
11115
11143
11818
11116
11144
11819
11117
11145
11820
11118
11146
11821
11119
11147
11822
11120
11148
11823
11121
11149
11824
11122
11150
11825
11123
11151
11826
11124
11152
11827
11125
11153
11828
11126
11154
11829
11127
11155
11830
11128
11156
11831
11129
11157
11832
11158
11833
11131
11159
11834
11132
11160
11835
11133
11161
11836
11134
11162
11837
11135
11163
11838
11136
11164
11839
11137
11165
11840
11138
11166
11841
11139
11167
11842
11140
11168
11843
11141
11169
11844
11142
11170
11845
11143
11171
11846
11144
11172
11847
11145
11173
11848
11146
11174
11849
11147
11175
11850
11148
11176
11851
11149
11177
11852
11150
11178
11853
11151
11179
11854
11152
11180
11855
11153
11181
11856
11154
11182
11857
11155
11183
11858
11156
11184
11859
11157
11185
11860
11158
11186
11861
11187
11862
11160
11188
11863
31194
31197
31198
11161
11189
11864
34784
34787
34788
11162
11190
11865
11163
11191
11866
11164
11192
11867
11165
11193
11868
11166
11194
11869
11167
11195
11870
11168
11196
11871
11169
11197
11872
11170
11198
11873
11171
11199
11874
11172
11200
11875
11173
11201
11876
11174
11202
11877
11175
11203
11878
11176
11204
11879
11177
11205
11880
11178
11206
11881
11179
11207
11882
11180
11208
11883
11181
11209
11884
11182
11210
11885
11183
11211
11886
11184
11212
11887
11185
11213
11888
11186
11214
11889
11187
11215
11890
11216
11891
31092
31194
31195
31197
31194
34759
34784
34785
34787
11191
11219
11894
31201
31204
31205
34784
34786
34788
34790
11192
11220
11895
34791
34794
34795
11193
11221
11896
11194
11222
11897
11195
11223
11898
11196
11224
11899
11197
11225
11900
11198
11226
11901
11199
11227
11902
11200
11228
11903
11201
11229
11904
11202
11230
11905
11203
11231
11906
11204
11232
11907
11205
11233
11908
11206
11234
11909
11207
11235
11910
11208
11236
11911
11209
11237
11912
11210
11238
11913
11211
11239
11914
11212
11240
11915
11213
11241
11916
11214
11242
11917
11215
11243
11918
11216
11244
11919
11245
11920
18078
18234
18237
27916
27917
27920
27921
31195
18085
18234
18241
18244
33545
33546
33549
33550
34785
18241
31099
31201
31202
31204
31201
34766
34791
34792
34794
11222
11250
11925
31215
31218
31219
34791
34793
34795
34797
11223
11251
11926
11224
11252
11927
11225
11253
11928
11226
11254
11929
11227
11255
11930
11228
11256
11931
11229
11257
11932
11230
11258
11933
11231
11259
11934
11232
11260
11935
11233
11261
11936
11234
11262
11937
11235
11263
11938
11236
11264
11939
11237
11265
11940
11238
11266
11941
11239
11267
11942
11240
11268
11943
11241
11269
11944
11242
11270
11945
11243
11271
11946
11244
11272
11947
11245
11273
11948
11274
11949
18090
18235
20686
20687
18093
18242
18248
20690
20691
18097
18251
31202
31209
31210
31211
18254
20579
20694
20697
34336
34339
34341
34342
34792
20694
31113
31215
31216
31218
11252
11277
11955
31215
31217
31219
31221
31222
31225
31226
11253
11278
11956
11254
11279
11957
11255
11280
11958
11256
11281
11959
11257
11282
11960
11258
11283
11961
11259
11284
11962
11260
11285
11963
11261
11286
11964
11262
11287
11965
11263
11288
11966
11264
11289
11967
11265
11290
11968
11266
11291
11969
11267
11292
11970
11268
11293
11971
11269
11294
11972
11270
11295
11973
11271
11296
11974
11272
11297
11975
11273
11298
11976
11274
11299
11977
11300
11978
18101
20695
20702
20703
18106
18259
18262
18265
27982
27983
27986
28003
28004
28007
28008
31216
18262
31120
31222
31223
31225
11279
11302
11982
31222
31224
31226
31228
31229
31232
31233
11280
11303
11983
11281
11304
11984
11282
11305
11985
11283
11306
11986
11284
11307
11987
11285
11308
11988
11286
11309
11989
11287
11310
11990
11288
11311
11991
11289
11312
11992
11290
11313
11993
11291
11314
11994
11292
11315
11995
11293
11316
11996
11294
11317
11997
11295
11318
11998
11296
11319
11999
11297
11320
12000
11298
11321
12001
11299
11322
12002
11300
11323
12003
11324
12004
18115
18269
18271
18274
28019
28020
28023
28037
28038
28041
28042
31223
18271
31127
31229
31230
31232
11304
11327
12007
31229
31231
31233
31235
11305
11328
12008
11306
11329
12009
11307
11330
12010
11308
11331
12011
11309
11332
12012
11310
11333
12013
11311
11334
12014
11312
11335
12015
11313
11336
12016
11314
11337
12017
11315
11338
12018
11316
11339
12019
11317
11340
12020
11318
11341
12021
11319
11342
12022
11320
11343
12023
11321
11344
12024
11322
11345
12025
11323
11346
12026
11324
11347
12027
11348
12028
18121
18272
20709
20710
18278
20598
20713
20714
20716
31230
33568
33569
33572
11328
11350
12031
20713
20715
20717
20719
31236
31239
31240
11329
11351
12032
11330
11352
12033
11331
11353
12034
11332
11354
12035
11333
11355
12036
11334
11356
12037
11335
11357
12038
11336
11358
12039
11337
11359
12040
11338
11360
12041
11339
11361
12042
11340
11362
12043
11341
11363
12044
11342
11364
12045
11343
11365
12046
11344
11366
12047
11345
11367
12048
11346
11368
12049
11347
11369
12050
11348
11370
12051
11371
12052
18129
18283
20714
20721
20722
20723
18285
31134
31236
31237
31239
11352
11373
12055
31236
31238
31240
31242
11353
11374
12056
11354
11375
12057
11355
11376
12058
11356
11377
12059
11357
11378
12060
11358
11379
12061
11359
11380
12062
11360
11381
12063
11361
11382
12064
11362
11383
12065
11363
11384
12066
11364
11385
12067
11365
11386
12068
11366
11387
12069
11367
11388
12070
11368
11389
12071
11369
11390
12072
11370
11391
12073
11371
11392
12074
11393
12075
18292
20616
20731
20732
20734
31237
33582
33583
33586
11374
11395
12077
20731
20733
20735
20737
11375
11396
12078
11376
11397
12079
11377
11398
12080
11378
11399
12081
11379
11400
12082
11380
11401
12083
11381
11402
12084
11382
11403
12085
11383
11404
12086
11384
11405
12087
11385
11406
12088
11386
11407
12089
11387
11408
12090
11388
11409
12091
11389
11410
12092
11390
11411
12093
11391
11412
12094
11392
11413
12095
11393
11414
12096
11415
12097
18296
20623
20732
20738
20739
20741
28125
28126
28129
11396
11417
12099
20738
20740
20742
20744
11397
11418
12100
11398
11419
12101
11399
11420
12102
11400
11421
12103
11401
11422
12104
11402
11423
12105
11403
11424
12106
11404
11425
12107
11405
11426
12108
11406
11427
12109
11407
11428
12110
11408
11429
12111
11409
11430
12112
11410
11431
12113
11411
11432
12114
11412
11433
12115
11413
11434
12116
11414
11435
12117
11415
11436
12118
11437
12119
18148
18300
18304
18305
18307
20739
28153
28154
28157
11418
11439
12121
18304
18306
18308
18310
11419
11440
12122
11420
11441
12123
11421
11442
12124
11422
11443
12125
11423
11444
12126
11424
11445
12127
11425
11446
12128
11426
11447
12129
11427
11448
12130
11428
11449
12131
11429
11450
12132
11430
11451
12133
11431
11452
12134
11432
11453
12135
11433
11454
12136
11434
11455
12137
11435
11456
12138
11436
11457
12139
11437
11458
12140
11459
12141
18159
18305
18311
18315
18316
18318
28181
28182
28185
11440
11461
12143
18315
18317
18319
18321
11441
11462
12144
11442
11463
12145
11443
11464
12146
11444
11465
12147
11445
11466
12148
11446
11467
12149
11447
11468
12150
11448
11469
12151
11449
11470
12152
11450
11471
12153
11451
11472
12154
11452
11473
12155
11453
11474
12156
11454
11475
12157
11455
11476
12158
11456
11477
12159
11457
11478
12160
11458
11479
12161
11459
11480
12162
11481
12163
18316
18322
20632
20747
20748
20750
28209
28210
28213
11462
11483
12165
20747
20749
20751
20753
11463
11484
12166
11464
11485
12167
11465
11486
12168
11466
11487
12169
11467
11488
12170
11468
11489
12171
11469
11490
12172
11470
11491
12173
11471
11492
12174
11472
11493
12175
11473
11494
12176
11474
11495
12177
11475
11496
12178
11476
11497
12179
11477
11498
12180
11478
11499
12181
11479
11500
12182
11480
11501
12183
11481
11502
12184
11503
12185
18328
20748
31141
31243
31244
31246
33610
33611
33614
11484
11506
12187
31243
31245
31247
31249
11485
11507
12188
11486
11508
12189
11487
11509
12190
11488
11510
12191
11489
11511
12192
11490
11512
12193
11491
11513
12194
11492
11514
12195
11493
11515
12196
11494
11516
12197
11495
11517
12198
11496
11518
12199
11497
11519
12200
11498
11520
12201
11499
11521
12202
11500
11522
12203
11501
11523
12204
11502
11524
12205
11503
11525
12206
11526
12207
18329
18334
20645
31250
31251
31252
20760
31244
34773
34798
34799
34801
11507
11530
12210
34798
34800
34802
34804
11508
11531
12211
11509
11532
12212
11510
11533
12213
11511
11534
12214
11512
11535
12215
11513
11536
12216
11514
11537
12217
11515
11538
12218
11516
11539
12219
11517
11540
12220
11518
11541
12221
11519
11542
12222
11520
11543
12223
11521
11544
12224
11522
11545
12225
11523
11546
12226
11524
11547
12227
11525
11548
12228
11526
11549
12229
11550
12230
18184
20768
20769
20770
18340
20761
31155
31257
31258
31260
11530
11554
12233
31257
31259
31261
31263
34799
34800
34803
34804
11531
11555
12234
11532
11556
12235
11533
11557
12236
11534
11558
12237
11535
11559
12238
11536
11560
12239
11537
11561
12240
11538
11562
12241
11539
11563
12242
11540
11564
12243
11541
11565
12244
11542
11566
12245
11543
11567
12246
11544
11568
12247
11545
11569
12248
11546
11570
12249
11547
11571
12250
11548
11572
12251
11549
11573
12252
11550
11574
12253
11575
12254
18193
20775
20776
20777
18341
18349
31162
31264
31265
31267
33624
33625
33628
11554
11579
12257
31258
31259
31262
31263
31264
31266
31268
31270
11555
11580
12258
11556
11581
12259
11557
11582
12260
11558
11583
12261
11559
11584
12262
11560
11585
12263
11561
11586
12264
11562
11587
12265
11563
11588
12266
11564
11589
12267
11565
11590
12268
11566
11591
12269
11567
11592
12270
11568
11593
12271
11569
11594
12272
11570
11595
12273
11571
11596
12274
11572
11597
12275
11573
11598
12276
11574
11599
12277
11575
11600
12278
11601
12279
18212
18362
20784
20785
20786
18350
18368
31169
31271
31272
31274
11579
11607
12282
31265
31266
31269
31270
31271
31273
31275
31277
11580
11608
12283
11581
11609
12284
11582
11610
12285
11583
11611
12286
11584
11612
12287
11585
11613
12288
11586
11614
12289
11587
11615
12290
11588
11616
12291
11589
11617
12292
11590
11618
12293
11591
11619
12294
11592
11620
12295
11593
11621
12296
11594
11622
12297
11595
11623
12298
11596
11624
12299
11597
11625
12300
11598
11626
12301
11599
11627
12302
11600
11628
12303
11601
11629
12304
11630
12305
18223
18375
20791
20792
20793
18230
18358
18379
31279
31280
31281
18363
18386
20682
20797
20798
20800
28360
28361
28364
33652
33653
33656
18369
20797
31183
31285
31286
31288
11607
11635
12310
31272
31273
31276
31277
31285
31287
31289
31291
11608
11636
12311
11609
11637
12312
11610
11638
12313
11611
11639
12314
11612
11640
12315
11613
11641
12316
11614
11642
12317
11615
11643
12318
11616
11644
12319
11617
11645
12320
11618
11646
12321
11619
11647
12322
11620
11648
12323
11621
11649
12324
11622
11650
12325
11623
11651
12326
11624
11652
12327
11625
11653
12328
11626
11654
12329
11627
11655
12330
11628
11656
12331
11629
11657
12332
11630
11658
12333
11659
12334
18380
31190
31292
31293
31295
18387
31292
34780
34805
34806
34808
11634
11662
12337
20798
20799
20802
20803
34805
34807
34809
34811
11635
11663
12338
31286
31287
31290
31291
11636
11664
12339
11637
11665
12340
11638
11666
12341
11639
11667
12342
11640
11668
12343
11641
11669
12344
11642
11670
12345
11643
11671
12346
11644
11672
12347
11645
11673
12348
11646
11674
12349
11647
11675
12350
11648
11676
12351
11649
11677
12352
11650
11678
12353
11651
11679
12354
11652
11680
12355
11653
11681
12356
11654
11682
12357
11655
11683
12358
11656
11684
12359
11657
11685
12360
11658
11686
12361
11659
11687
12362
11688
12363
11661
11689
12364
31293
31294
31297
31298
11662
11690
12365
34806
34807
34810
34811
11663
11691
12366
11664
11692
12367
11665
11693
12368
11666
11694
12369
11667
11695
12370
11668
11696
12371
11669
11697
12372
11670
11698
12373
11671
11699
12374
11672
11700
12375
11673
11701
12376
11674
11702
12377
11675
11703
12378
11676
11704
12379
11677
11705
12380
11678
11706
12381
11679
11707
12382
11680
11708
12383
11681
11709
12384
11682
11710
12385
11683
11711
12386
11684
11712
12387
11685
11713
12388
11686
11714
12389
11687
11715
12390
11688
11716
12391
11717
12392
11690
11718
12393
11691
11719
12394
11692
11720
12395
11693
11721
12396
11694
11722
12397
11695
11723
12398
11696
11724
12399
11697
11725
12400
11698
11726
12401
11699
11727
12402
11700
11728
12403
11701
11729
12404
11702
11730
12405
11703
11731
12406
11704
11732
12407
11705
11733
12408
11706
11734
12409
11707
11735
12410
11708
11736
12411
11709
11737
12412
11710
11738
12413
11711
11739
12414
11712
11740
12415
11713
11741
12416
11714
11742
12417
11715
11743
12418
11716
11744
12419
11717
11745
12420
11746
12421
11719
11747
12422
11720
11748
12423
11721
11749
12424
11722
11750
12425
11723
11751
12426
11724
11752
12427
11725
11753
12428
11726
11754
12429
11727
11755
12430
11728
11756
12431
11729
11757
12432
11730
11758
12433
11731
11759
12434
11732
11760
12435
11733
11761
12436
11734
11762
12437
11735
11763
12438
11736
11764
12439
11737
11765
12440
11738
11766
12441
11739
11767
12442
11740
11768
12443
11741
11769
12444
11742
11770
12445
11743
11771
12446
11744
11772
12447
11745
11773
12448
11746
11774
12449
11775
12450
11748
12451
11749
12452
11750
12453
11751
12454
11752
12455
11753
12456
11754
12457
11755
12458
11756
12459
11757
12460
11758
12461
11759
12462
11760
12463
11761
12464
11762
12465
11763
12466
11764
12467
11765
12468
11766
12469
11767
12470
11768
12471
11769
12472
11770
12473
11771
12474
11772
12475
11773
12476
11774
12477
11775
12478
12479
11777
11805
12480
11778
11806
12481
11779
11807
12482
11780
11808
12483
11781
11809
12484
11782
11810
12485
11783
11811
12486
11784
11812
12487
11785
11813
12488
11786
11814
12489
11787
11815
12490
11788
11816
12491
11789
11817
12492
11790
11818
12493
11791
11819
12494
11792
11820
12495
11793
11821
12496
11794
11822
12497
11795
11823
12498
11796
11824
12499
11797
11825
12500
11798
11826
12501
11799
11827
12502
11800
11828
12503
11801
11829
12504
11802
11830
12505
11803
11831
12506
11804
11832
12507
11833
12508
11806
11834
12509
11807
11835
12510
11808
11836
12511
11809
11837
12512
11810
11838
12513
11811
11839
12514
11812
11840
12515
11813
11841
12516
11814
11842
12517
11815
11843
12518
11816
11844
12519
11817
11845
12520
11818
11846
12521
11819
11847
12522
11820
11848
12523
11821
11849
12524
11822
11850
12525
11823
11851
12526
11824
11852
12527
11825
11853
12528
11826
11854
12529
11827
11855
12530
11828
11856
12531
11829
11857
12532
11830
11858
12533
11831
11859
12534
11832
11860
12535
11833
11861
12536
11862
12537
11835
11863
12538
11836
11864
12539
11837
11865
12540
11838
11866
12541
11839
11867
12542
11840
11868
12543
11841
11869
12544
11842
11870
12545
11843
11871
12546
11844
11872
12547
11845
11873
12548
11846
11874
12549
11847
11875
12550
11848
11876
12551
11849
11877
12552
11850
11878
12553
11851
11879
12554
11852
11880
12555
11853
11881
12556
11854
11882
12557
11855
11883
12558
11856
11884
12559
11857
11885
12560
11858
11886
12561
11859
11887
12562
11860
11888
12563
11861
11889
12564
11862
11890
12565
11891
12566
11864
11892
12567
31299
31302
31303
11865
11893
12568
34812
34815
34816
11866
11894
12569
11867
11895
12570
11868
11896
12571
11869
11897
12572
11870
11898
12573
11871
11899
12574
11872
11900
12575
11873
11901
12576
11874
11902
12577
11875
11903
12578
11876
11904
12579
11877
11905
12580
11878
11906
12581
11879
11907
12582
11880
11908
12583
11881
11909
12584
11882
11910
12585
11883
11911
12586
11884
11912
12587
11885
11913
12588
11886
11914
12589
11887
11915
12590
11888
11916
12591
11889
11917
12592
11890
11918
12593
11891
11919
12594
11920
12595
31197
31299
31300
31302
31299
34787
34812
34813
34815
11895
11923
12598
31306
31309
31310
34812
34814
34816
34818
11896
11924
12599
34819
34822
34823
11897
11925
12600
11898
11926
12601
11899
11927
12602
11900
11928
12603
11901
11929
12604
11902
11930
12605
11903
11931
12606
11904
11932
12607
11905
11933
12608
11906
11934
12609
11907
11935
12610
11908
11936
12611
11909
11937
12612
11910
11938
12613
11911
11939
12614
11912
11940
12615
11913
11941
12616
11914
11942
12617
11915
11943
12618
11916
11944
12619
11917
11945
12620
11918
11946
12621
11919
11947
12622
11920
11948
12623
11949
12624
18237
18393
18396
28421
28422
28425
28426
31300
18244
18393
18400
18403
33685
33686
33689
33690
34813
18400
31204
31306
31307
31309
31306
34794
34819
34820
34822
11926
11954
12629
31320
31323
31324
34819
34821
34823
34825
11927
11955
12630
11928
11956
12631
11929
11957
12632
11930
11958
12633
11931
11959
12634
11932
11960
12635
11933
11961
12636
11934
11962
12637
11935
11963
12638
11936
11964
12639
11937
11965
12640
11938
11966
12641
11939
11967
12642
11940
11968
12643
11941
11969
12644
11942
11970
12645
11943
11971
12646
11944
11972
12647
11945
11973
12648
11946
11974
12649
11947
11975
12650
11948
11976
12651
11949
11977
12652
11978
12653
18249
18394
20804
20805
18252
18401
18407
20808
20809
18256
18410
31307
31314
31315
31316
18413
20697
20812
20815
34357
34360
34362
34363
34820
20812
31218
31320
31321
31323
11956
11981
12659
31320
31322
31324
31326
31327
31330
31331
11957
11982
12660
11958
11983
12661
11959
11984
12662
11960
11985
12663
11961
11986
12664
11962
11987
12665
11963
11988
12666
11964
11989
12667
11965
11990
12668
11966
11991
12669
11967
11992
12670
11968
11993
12671
11969
11994
12672
11970
11995
12673
11971
11996
12674
11972
11997
12675
11973
11998
12676
11974
11999
12677
11975
12000
12678
11976
12001
12679
11977
12002
12680
11978
12003
12681
12004
12682
18260
20813
20820
20821
18265
18418
18421
18424
28487
28488
28491
28508
28509
28512
28513
31321
18421
31225
31327
31328
31330
11983
12006
12686
31327
31329
31331
31333
31334
31337
31338
11984
12007
12687
11985
12008
12688
11986
12009
12689
11987
12010
12690
11988
12011
12691
11989
12012
12692
11990
12013
12693
11991
12014
12694
11992
12015
12695
11993
12016
12696
11994
12017
12697
11995
12018
12698
11996
12019
12699
11997
12020
12700
11998
12021
12701
11999
12022
12702
12000
12023
12703
12001
12024
12704
12002
12025
12705
12003
12026
12706
12004
12027
12707
12028
12708
18274
18428
18430
18433
28524
28525
28528
28542
28543
28546
28547
31328
18430
31232
31334
31335
31337
12008
12031
12711
31334
31336
31338
31340
12009
12032
12712
12010
12033
12713
12011
12034
12714
12012
12035
12715
12013
12036
12716
12014
12037
12717
12015
12038
12718
12016
12039
12719
12017
12040
12720
12018
12041
12721
12019
12042
12722
12020
12043
12723
12021
12044
12724
12022
12045
12725
12023
12046
12726
12024
12047
12727
12025
12048
12728
12026
12049
12729
12027
12050
12730
12028
12051
12731
12052
12732
18280
18431
20827
20828
18437
20716
20831
20832
20834
31335
33708
33709
33712
12032
12054
12735
20831
20833
20835
20837
31341
31344
31345
12033
12055
12736
12034
12056
12737
12035
12057
12738
12036
12058
12739
12037
12059
12740
12038
12060
12741
12039
12061
12742
12040
12062
12743
12041
12063
12744
12042
12064
12745
12043
12065
12746
12044
12066
12747
12045
12067
12748
12046
12068
12749
12047
12069
12750
12048
12070
12751
12049
12071
12752
12050
12072
12753
12051
12073
12754
12052
12074
12755
12075
12756
18288
18442
20832
20839
20840
20841
18444
31239
31341
31342
31344
12056
12077
12759
31341
31343
31345
31347
12057
12078
12760
12058
12079
12761
12059
12080
12762
12060
12081
12763
12061
12082
12764
12062
12083
12765
12063
12084
12766
12064
12085
12767
12065
12086
12768
12066
12087
12769
12067
12088
12770
12068
12089
12771
12069
12090
12772
12070
12091
12773
12071
12092
12774
12072
12093
12775
12073
12094
12776
12074
12095
12777
12075
12096
12778
12097
12779
18451
20734
20849
20850
20852
31342
33722
33723
33726
12078
12099
12781
20849
20851
20853
20855
12079
12100
12782
12080
12101
12783
12081
12102
12784
12082
12103
12785
12083
12104
12786
12084
12105
12787
12085
12106
12788
12086
12107
12789
12087
12108
12790
12088
12109
12791
12089
12110
12792
12090
12111
12793
12091
12112
12794
12092
12113
12795
12093
12114
12796
12094
12115
12797
12095
12116
12798
12096
12117
12799
12097
12118
12800
12119
12801
18455
20741
20850
20856
20857
20859
28630
28631
28634
12100
12121
12803
20856
20858
20860
20862
12101
12122
12804
12102
12123
12805
12103
12124
12806
12104
12125
12807
12105
12126
12808
12106
12127
12809
12107
12128
12810
12108
12129
12811
12109
12130
12812
12110
12131
12813
12111
12132
12814
12112
12133
12815
12113
12134
12816
12114
12135
12817
12115
12136
12818
12116
12137
12819
12117
12138
12820
12118
12139
12821
12119
12140
12822
12141
12823
18307
18459
18463
18464
18466
20857
28658
28659
28662
12122
12143
12825
18463
18465
18467
18469
12123
12144
12826
12124
12145
12827
12125
12146
12828
12126
12147
12829
12127
12148
12830
12128
12149
12831
12129
12150
12832
12130
12151
12833
12131
12152
12834
12132
12153
12835
12133
12154
12836
12134
12155
12837
12135
12156
12838
12136
12157
12839
12137
12158
12840
12138
12159
12841
12139
12160
12842
12140
12161
12843
12141
12162
12844
12163
12845
18318
18464
18470
18474
18475
18477
28686
28687
28690
12144
12165
12847
18474
18476
18478
18480
12145
12166
12848
12146
12167
12849
12147
12168
12850
12148
12169
12851
12149
12170
12852
12150
12171
12853
12151
12172
12854
12152
12173
12855
12153
12174
12856
12154
12175
12857
12155
12176
12858
12156
12177
12859
12157
12178
12860
12158
12179
12861
12159
12180
12862
12160
12181
12863
12161
12182
12864
12162
12183
12865
12163
12184
12866
12185
12867
18475
18481
20750
20865
20866
20868
28714
28715
28718
12166
12187
12869
20865
20867
20869
20871
12167
12188
12870
12168
12189
12871
12169
12190
12872
12170
12191
12873
12171
12192
12874
12172
12193
12875
12173
12194
12876
12174
12195
12877
12175
12196
12878
12176
12197
12879
12177
12198
12880
12178
12199
12881
12179
12200
12882
12180
12201
12883
12181
12202
12884
12182
12203
12885
12183
12204
12886
12184
12205
12887
12185
12206
12888
12207
12889
18487
20866
31246
31348
31349
31351
33750
33751
33754
12188
12210
12891
31348
31350
31352
31354
12189
12211
12892
12190
12212
12893
12191
12213
12894
12192
12214
12895
12193
12215
12896
12194
12216
12897
12195
12217
12898
12196
12218
12899
12197
12219
12900
12198
12220
12901
12199
12221
12902
12200
12222
12903
12201
12223
12904
12202
12224
12905
12203
12225
12906
12204
12226
12907
12205
12227
12908
12206
12228
12909
12207
12229
12910
12230
12911
18488
18493
20763
31355
31356
31357
20878
31349
34801
34826
34827
34829
12211
12234
12914
34826
34828
34830
34832
12212
12235
12915
12213
12236
12916
12214
12237
12917
12215
12238
12918
12216
12239
12919
12217
12240
12920
12218
12241
12921
12219
12242
12922
12220
12243
12923
12221
12244
12924
12222
12245
12925
12223
12246
12926
12224
12247
12927
12225
12248
12928
12226
12249
12929
12227
12250
12930
12228
12251
12931
12229
12252
12932
12230
12253
12933
12254
12934
18343
20886
20887
20888
18499
20879
31260
31362
31363
31365
12234
12258
12937
31362
31364
31366
31368
34827
34828
34831
34832
12235
12259
12938
12236
12260
12939
12237
12261
12940
12238
12262
12941
12239
12263
12942
12240
12264
12943
12241
12265
12944
12242
12266
12945
12243
12267
12946
12244
12268
12947
12245
12269
12948
12246
12270
12949
12247
12271
12950
12248
12272
12951
12249
12273
12952
12250
12274
12953
12251
12275
12954
12252
12276
12955
12253
12277
12956
12254
12278
12957
12279
12958
18352
20893
20894
20895
18500
18508
31267
31369
31370
31372
33764
33765
33768
12258
12283
12961
31363
31364
31367
31368
31369
31371
31373
31375
12259
12284
12962
12260
12285
12963
12261
12286
12964
12262
12287
12965
12263
12288
12966
12264
12289
12967
12265
12290
12968
12266
12291
12969
12267
12292
12970
12268
12293
12971
12269
12294
12972
12270
12295
12973
12271
12296
12974
12272
12297
12975
12273
12298
12976
12274
12299
12977
12275
12300
12978
12276
12301
12979
12277
12302
12980
12278
12303
12981
12279
12304
12982
12305
12983
18371
18521
20902
20903
20904
18509
18527
31274
31376
31377
31379
12283
12311
12986
31370
31371
31374
31375
31376
31378
31380
31382
12284
12312
12987
12285
12313
12988
12286
12314
12989
12287
12315
12990
12288
12316
12991
12289
12317
12992
12290
12318
12993
12291
12319
12994
12292
12320
12995
12293
12321
12996
12294
12322
12997
12295
12323
12998
12296
12324
12999
12297
12325
13000
12298
12326
13001
12299
12327
13002
12300
12328
13003
12301
12329
13004
12302
12330
13005
12303
12331
13006
12304
12332
13007
12305
12333
13008
12334
13009
18382
18534
20909
20910
20911
18389
18517
18536
31384
31385
31386
18522
18543
20800
20915
20916
20918
28865
28866
28869
33792
33793
33796
18528
20915
31288
31390
31391
31393
12311
12339
13014
31377
31378
31381
31382
31390
31392
31394
31396
12312
12340
13015
12313
12341
13016
12314
12342
13017
12315
12343
13018
12316
12344
13019
12317
12345
13020
12318
12346
13021
12319
12347
13022
12320
12348
13023
12321
12349
13024
12322
12350
13025
12323
12351
13026
12324
12352
13027
12325
12353
13028
12326
12354
13029
12327
12355
13030
12328
12356
13031
12329
12357
13032
12330
12358
13033
12331
12359
13034
12332
12360
13035
12333
12361
13036
12334
12362
13037
12363
13038
18537
31295
31397
31398
31400
18544
31397
34808
34833
34834
34836
12338
12366
13041
20916
20917
20920
20921
34833
34835
34837
34839
12339
12367
13042
31391
31392
31395
31396
12340
12368
13043
12341
12369
13044
12342
12370
13045
12343
12371
13046
12344
12372
13047
12345
12373
13048
12346
12374
13049
12347
12375
13050
12348
12376
13051
12349
12377
13052
12350
12378
13053
12351
12379
13054
12352
12380
13055
12353
12381
13056
12354
12382
13057
12355
12383
13058
12356
12384
13059
12357
12385
13060
12358
12386
13061
12359
12387
13062
12360
12388
13063
12361
12389
13064
12362
12390
13065
12363
12391
13066
12392
13067
12365
12393
13068
31398
31399
31402
31403
12366
12394
13069
34834
34835
34838
34839
12367
12395
13070
12368
12396
13071
12369
12397
13072
12370
12398
13073
12371
12399
13074
12372
12400
13075
12373
12401
13076
12374
12402
13077
12375
12403
13078
12376
12404
13079
12377
12405
13080
12378
12406
13081
12379
12407
13082
12380
12408
13083
12381
12409
13084
12382
12410
13085
12383
12411
13086
12384
12412
13087
12385
12413
13088
12386
12414
13089
12387
12415
13090
12388
12416
13091
12389
12417
13092
12390
12418
13093
12391
12419
13094
12392
12420
13095
12421
13096
12394
12422
13097
12395
12423
13098
12396
12424
13099
12397
12425
13100
12398
12426
13101
12399
12427
13102
12400
12428
13103
12401
12429
13104
12402
12430
13105
12403
12431
13106
12404
12432
13107
12405
12433
13108
12406
12434
13109
12407
12435
13110
12408
12436
13111
12409
12437
13112
12410
12438
13113
12411
12439
13114
12412
12440
13115
12413
12441
13116
12414
12442
13117
12415
12443
13118
12416
12444
13119
12417
12445
13120
12418
12446
13121
12419
12447
13122
12420
12448
13123
12421
12449
13124
12450
13125
12423
12451
13126
12424
12452
13127
12425
12453
13128
12426
12454
13129
12427
12455
13130
12428
12456
13131
12429
12457
13132
12430
12458
13133
12431
12459
13134
12432
12460
13135
12433
12461
13136
12434
12462
13137
12435
12463
13138
12436
12464
13139
12437
12465
13140
12438
12466
13141
12439
12467
13142
12440
12468
13143
12441
12469
13144
12442
12470
13145
12443
12471
13146
12444
12472
13147
12445
12473
13148
12446
12474
13149
12447
12475
13150
12448
12476
13151
12449
12477
13152
12450
12478
13153
12479
13154
12452
13155
12453
13156
12454
13157
12455
13158
12456
13159
12457
13160
12458
13161
12459
13162
12460
13163
12461
13164
12462
13165
12463
13166
12464
13167
12465
13168
12466
13169
12467
13170
12468
13171
12469
13172
12470
13173
12471
13174
12472
13175
12473
13176
12474
13177
12475
13178
12476
13179
12477
13180
12478
13181
12479
13182
13183
12481
12509
13184
12482
12510
13185
12483
12511
13186
12484
12512
13187
12485
12513
13188
12486
12514
13189
12487
12515
13190
12488
12516
13191
12489
12517
13192
12490
12518
13193
12491
12519
13194
12492
12520
13195
12493
12521
13196
12494
12522
13197
12495
12523
13198
12496
12524
13199
12497
12525
13200
12498
12526
13201
12499
12527
13202
12500
12528
13203
12501
12529
13204
12502
12530
13205
12503
12531
13206
12504
12532
13207
12505
12533
13208
12506
12534
13209
12507
12535
13210
12508
12536
13211
12537
13212
12510
12538
13213
12511
12539
13214
12512
12540
13215
12513
12541
13216
12514
12542
13217
12515
12543
13218
12516
12544
13219
12517
12545
13220
12518
12546
13221
12519
12547
13222
12520
12548
13223
12521
12549
13224
12522
12550
13225
12523
12551
13226
12524
12552
13227
12525
12553
13228
12526
12554
13229
12527
12555
13230
12528
12556
13231
12529
12557
13232
12530
12558
13233
12531
12559
13234
12532
12560
13235
12533
12561
13236
12534
12562
13237
12535
12563
13238
12536
12564
13239
12537
12565
13240
12566
13241
12539
12567
13242
12540
12568
13243
12541
12569
13244
12542
12570
13245
12543
12571
13246
12544
12572
13247
12545
12573
13248
12546
12574
13249
12547
12575
13250
12548
12576
13251
12549
12577
13252
12550
12578
13253
12551
12579
13254
12552
12580
13255
12553
12581
13256
12554
12582
13257
12555
12583
13258
12556
12584
13259
12557
12585
13260
12558
12586
13261
12559
12587
13262
12560
12588
13263
12561
12589
13264
12562
12590
13265
12563
12591
13266
12564
12592
13267
12565
12593
13268
12566
12594
13269
12595
13270
12568
12596
31404
31407
31408
12569
12597
34840
34843
34844
12570
12598
12571
12599
12572
12600
13271
12573
12601
13272
12574
12602
13273
12575
12603
13274
12576
12604
13275
12577
12605
13276
12578
12606
13277
12579
12607
13278
12580
12608
13279
12581
12609
13280
12582
12610
13281
12583
12611
13282
12584
12612
13283
12585
12613
13284
12586
12614
13285
12587
12615
13286
12588
12616
13287
12589
12617
13288
12590
12618
13289
12591
12619
13290
12592
12620
13291
12593
12621
13292
12594
12622
13293
12595
12623
13294
12624
13295
31302
31404
31405
31407
31404
34815
34840
34841
34843
12599
12627
31411
31414
31415
34840
34842
34844
34846
12600
12628
34847
34850
34851
12601
12629
13296
12602
12630
13297
12603
12631
13298
12604
12632
13299
12605
12633
13300
12606
12634
13301
12607
12635
13302
12608
12636
13303
12609
12637
13304
12610
12638
13305
12611
12639
13306
12612
12640
13307
12613
12641
13308
12614
12642
13309
12615
12643
13310
12616
12644
13311
12617
12645
13312
12618
12646
13313
12619
12647
13314
12620
12648
13315
12621
12649
13316
12622
12650
13317
12623
12651
13318
12624
12652
13319
12653
13320
18396
18550
28919
28920
28923
28924
31405
18403
18550
18553
33818
33819
33822
33823
34841
18553
31309
31411
31412
31414
31411
34822
34847
34848
34850
12630
12658
31424
31427
31428
34847
34849
34851
34853
12631
12659
13321
12632
12660
13322
12633
12661
13323
12634
12662
13324
12635
12663
13325
12636
12664
13326
12637
12665
13327
12638
12666
13328
12639
12667
13329
12640
12668
13330
12641
12669
13331
12642
12670
13332
12643
12671
13333
12644
12672
13334
12645
12673
13335
12646
12674
13336
12647
12675
13337
12648
12676
13338
12649
12677
13339
12650
12678
13340
12651
12679
13341
12652
12680
13342
12653
12681
13343
12682
13344
18408
18551
20922
20923
18411
18554
18557
20926
20927
18415
18558
31412
31418
31419
31420
18559
20815
20930
34378
34381
34383
34384
34848
20930
31323
31424
31425
31427
12660
12685
31424
31426
31428
31430
31431
31434
31435
12661
12686
13345
12662
12687
13346
12663
12688
13347
12664
12689
13348
12665
12690
13349
12666
12691
13350
12667
12692
13351
12668
12693
13352
12669
12694
13353
12670
12695
13354
12671
12696
13355
12672
12697
13356
12673
12698
13357
12674
12699
13358
12675
12700
13359
12676
12701
13360
12677
12702
13361
12678
12703
13362
12679
12704
13363
12680
12705
13364
12681
12706
13365
12682
12707
13366
12708
13367
18419
20931
20935
20936
18424
18561
18562
18565
28949
28950
28953
28956
28957
28960
28961
31425
18562
31330
31431
31432
31434
12687
12710
31431
31433
31435
31437
31438
31441
31442
12688
12711
12689
12712
13368
12690
12713
13369
12691
12714
13370
12692
12715
13371
12693
12716
13372
12694
12717
13373
12695
12718
13374
12696
12719
13375
12697
12720
13376
12698
12721
13377
12699
12722
13378
12700
12723
13379
12701
12724
13380
12702
12725
13381
12703
12726
13382
12704
12727
13383
12705
12728
13384
12706
12729
13385
12707
12730
13386
12708
12731
13387
12732
13388
18433
18569
18571
18574
28972
28973
28976
28990
28991
28994
28995
31432
18571
31337
31438
31439
31441
12712
12735
31438
31440
31442
31444
12713
12736
13389
12714
12737
13390
12715
12738
13391
12716
12739
13392
12717
12740
13393
12718
12741
13394
12719
12742
13395
12720
12743
13396
12721
12744
13397
12722
12745
13398
12723
12746
13399
12724
12747
13400
12725
12748
13401
12726
12749
13402
12727
12750
13403
12728
12751
13404
12729
12752
13405
12730
12753
13406
12731
12754
13407
12732
12755
13408
12756
13409
18439
18572
20942
20943
18578
20834
20946
20947
20949
31439
33827
33828
33831
12736
12758
13410
20946
20948
20950
20952
31445
31448
31449
12737
12759
13411
12738
12760
13412
12739
12761
13413
12740
12762
13414
12741
12763
13415
12742
12764
13416
12743
12765
13417
12744
12766
13418
12745
12767
13419
12746
12768
13420
12747
12769
13421
12748
12770
13422
12749
12771
13423
12750
12772
13424
12751
12773
13425
12752
12774
13426
12753
12775
13427
12754
12776
13428
12755
12777
13429
12756
12778
13430
12779
13431
18447
18583
20947
20954
20955
20956
18585
31344
31445
31446
31448
12760
12781
13434
31445
31447
31449
31451
12761
12782
13435
12762
12783
13436
12763
12784
13437
12764
12785
13438
12765
12786
13439
12766
12787
13440
12767
12788
13441
12768
12789
13442
12769
12790
13443
12770
12791
13444
12771
12792
13445
12772
12793
13446
12773
12794
13447
12774
12795
13448
12775
12796
13449
12776
12797
13450
12777
12798
13451
12778
12799
13452
12779
12800
13453
12801
13454
18592
20852
20964
20965
20967
31446
33841
33842
33845
12782
12803
13456
20964
20966
20968
20970
12783
12804
13457
12784
12805
13458
12785
12806
13459
12786
12807
13460
12787
12808
13461
12788
12809
13462
12789
12810
13463
12790
12811
13464
12791
12812
13465
12792
12813
13466
12793
12814
13467
12794
12815
13468
12795
12816
13469
12796
12817
13470
12797
12818
13471
12798
12819
13472
12799
12820
13473
12800
12821
13474
12801
12822
13475
12823
13476
18596
20859
20965
20971
20972
20974
29078
29079
29082
12804
12825
13478
20971
20973
20975
20977
12805
12826
13479
12806
12827
13480
12807
12828
13481
12808
12829
13482
12809
12830
13483
12810
12831
13484
12811
12832
13485
12812
12833
13486
12813
12834
13487
12814
12835
13488
12815
12836
13489
12816
12837
13490
12817
12838
13491
12818
12839
13492
12819
12840
13493
12820
12841
13494
12821
12842
13495
12822
12843
13496
12823
12844
13497
12845
13498
18466
18600
18604
18605
18607
20972
29106
29107
29110
12826
12847
13500
18604
18606
18608
18610
12827
12848
13501
12828
12849
13502
12829
12850
13503
12830
12851
13504
12831
12852
13505
12832
12853
13506
12833
12854
13507
12834
12855
13508
12835
12856
13509
12836
12857
13510
12837
12858
13511
12838
12859
13512
12839
12860
13513
12840
12861
13514
12841
12862
13515
12842
12863
13516
12843
12864
13517
12844
12865
13518
12845
12866
13519
12867
13520
18477
18605
18611
18615
18616
18618
29134
29135
29138
12848
12869
13522
18615
18617
18619
18621
12849
12870
13523
12850
12871
13524
12851
12872
13525
12852
12873
13526
12853
12874
13527
12854
12875
13528
12855
12876
13529
12856
12877
13530
12857
12878
13531
12858
12879
13532
12859
12880
13533
12860
12881
13534
12861
12882
13535
12862
12883
13536
12863
12884
13537
12864
12885
13538
12865
12886
13539
12866
12887
13540
12867
12888
13541
12889
13542
18616
18622
20868
20980
20981
20983
29162
29163
29166
12870
12891
13544
20980
20982
20984
20986
12871
12892
13545
12872
12893
13546
12873
12894
13547
12874
12895
13548
12875
12896
13549
12876
12897
13550
12877
12898
13551
12878
12899
13552
12879
12900
13553
12880
12901
13554
12881
12902
13555
12882
12903
13556
12883
12904
13557
12884
12905
13558
12885
12906
13559
12886
12907
13560
12887
12908
13561
12888
12909
13562
12889
12910
13563
12911
13564
18628
20981
31351
31452
31453
31455
33869
33870
33873
12892
12914
13566
31452
31454
31456
31458
12893
12915
13567
12894
12916
13568
12895
12917
13569
12896
12918
13570
12897
12919
13571
12898
12920
13572
12899
12921
13573
12900
12922
13574
12901
12923
13575
12902
12924
13576
12903
12925
13577
12904
12926
13578
12905
12927
13579
12906
12928
13580
12907
12929
13581
12908
12930
13582
12909
12931
13583
12910
12932
13584
12911
12933
13585
12934
13586
18629
18634
20881
31459
31460
31461
20993
31453
34829
34854
34855
34857
12915
12938
13589
34854
34856
34858
34860
12916
12939
13590
12917
12940
13591
12918
12941
13592
12919
12942
13593
12920
12943
13594
12921
12944
13595
12922
12945
13596
12923
12946
13597
12924
12947
13598
12925
12948
13599
12926
12949
13600
12927
12950
13601
12928
12951
13602
12929
12952
13603
12930
12953
13604
12931
12954
13605
12932
12955
13606
12933
12956
13607
12934
12957
13608
12958
13609
18502
21001
21002
21003
18640
20994
31365
31466
31467
31469
12938
12962
13612
31466
31468
31470
31472
34855
34856
34859
34860
12939
12963
13613
12940
12964
13614
12941
12965
13615
12942
12966
13616
12943
12967
13617
12944
12968
13618
12945
12969
13619
12946
12970
13620
12947
12971
13621
12948
12972
13622
12949
12973
13623
12950
12974
13624
12951
12975
13625
12952
12976
13626
12953
12977
13627
12954
12978
13628
12955
12979
13629
12956
12980
13630
12957
12981
13631
12958
12982
13632
12983
13633
18511
21008
21009
21010
18641
18649
31372
31473
31474
31476
33883
33884
33887
12962
12987
13636
31467
31468
31471
31472
31473
31475
31477
31479
12963
12988
13637
12964
12989
13638
12965
12990
13639
12966
12991
13640
12967
12992
13641
12968
12993
13642
12969
12994
13643
12970
12995
13644
12971
12996
13645
12972
12997
13646
12973
12998
13647
12974
12999
13648
12975
13000
13649
12976
13001
13650
12977
13002
13651
12978
13003
13652
12979
13004
13653
12980
13005
13654
12981
13006
13655
12982
13007
13656
12983
13008
13657
13009
13658
18530
18662
21017
21018
21019
18650
18668
31379
31480
31481
31483
12987
13015
13661
31474
31475
31478
31479
31480
31482
31484
31486
12988
13016
13662
12989
13017
13663
12990
13018
13664
12991
13019
13665
12992
13020
13666
12993
13021
13667
12994
13022
13668
12995
13023
13669
12996
13024
13670
12997
13025
13671
12998
13026
13672
12999
13027
13673
13000
13028
13674
13001
13029
13675
13002
13030
13676
13003
13031
13677
13004
13032
13678
13005
13033
13679
13006
13034
13680
13007
13035
13681
13008
13036
13682
13009
13037
13683
13038
13684
18539
21024
21025
21026
18546
18658
18675
31488
31489
31490
18663
18680
20918
21030
21031
21033
29313
29314
29317
33911
33912
33915
18669
21030
31393
31494
31495
31497
13015
13043
13688
31481
31482
31485
31486
31494
31496
31498
31500
13016
13044
13689
13017
13045
13690
13018
13046
13691
13019
13047
13692
13020
13048
13693
13021
13049
13694
13022
13050
13695
13023
13051
13696
13024
13052
13697
13025
13053
13698
13026
13054
13699
13027
13055
13700
13028
13056
13701
13029
13057
13702
13030
13058
13703
13031
13059
13704
13032
13060
13705
13033
13061
13706
13034
13062
13707
13035
13063
13708
13036
13064
13709
13037
13065
13710
13038
13066
13711
13067
13712
18676
31400
31501
31502
31504
18681
31501
34836
34861
34862
34864
13042
13070
13715
21031
21032
21035
21036
34861
34863
34865
34867
13043
13071
13716
31495
31496
31499
31500
13044
13072
13717
13045
13073
13718
13046
13074
13719
13047
13075
13720
13048
13076
13721
13049
13077
13722
13050
13078
13723
13051
13079
13724
13052
13080
13725
13053
13081
13726
13054
13082
13727
13055
13083
13728
13056
13084
13729
13057
13085
13730
13058
13086
13731
13059
13087
13732
13060
13088
13733
13061
13089
13734
13062
13090
13735
13063
13091
13736
13064
13092
13737
13065
13093
13738
13066
13094
13739
13067
13095
13740
13096
13741
13069
13097
13742
31502
31503
31506
31507
13070
13098
13743
34862
34863
34866
34867
13071
13099
13744
13072
13100
13745
13073
13101
13746
13074
13102
13747
13075
13103
13748
13076
13104
13749
13077
13105
13750
13078
13106
13751
13079
13107
13752
13080
13108
13753
13081
13109
13754
13082
13110
13755
13083
13111
13756
13084
13112
13757
13085
13113
13758
13086
13114
13759
13087
13115
13760
13088
13116
13761
13089
13117
13762
13090
13118
13763
13091
13119
13764
13092
13120
13765
13093
13121
13766
13094
13122
13767
13095
13123
13768
13096
13124
13769
13125
13770
13098
13126
13771
13099
13127
13772
13100
13128
13773
13101
13129
13774
13102
13130
13775
13103
13131
13776
13104
13132
13777
13105
13133
13778
13106
13134
13779
13107
13135
13780
13108
13136
13781
13109
13137
13782
13110
13138
13783
13111
13139
13784
13112
13140
13785
13113
13141
13786
13114
13142
13787
13115
13143
13788
13116
13144
13789
13117
13145
13790
13118
13146
13791
13119
13147
13792
13120
13148
13793
13121
13149
13794
13122
13150
13795
13123
13151
13796
13124
13152
13797
13125
13153
13798
13154
13799
13127
13155
13800
13128
13156
13801
13129
13157
13802
13130
13158
13803
13131
13159
13804
13132
13160
13805
13133
13161
13806
13134
13162
13807
13135
13163
13808
13136
13164
13809
13137
13165
13810
13138
13166
13811
13139
13167
13812
13140
13168
13813
13141
13169
13814
13142
13170
13815
13143
13171
13816
13144
13172
13817
13145
13173
13818
13146
13174
13819
13147
13175
13820
13148
13176
13821
13149
13177
13822
13150
13178
13823
13151
13179
13824
13152
13180
13825
13153
13181
13826
13154
13182
13827
13183
13828
13156
13829
13157
13830
13158
13831
13159
13832
13160
13833
13161
13834
13162
13835
13163
13836
13164
13837
13165
13838
13166
13839
13167
13840
13168
13841
13169
13842
13170
13843
13171
13844
13172
13845
13173
13846
13174
13847
13175
13848
13176
13849
13177
13850
13178
13851
13179
13852
13180
13853
13181
13854
13182
13855
13183
13856
13857
13185
13213
13186
13214
13187
13215
13188
13216
13189
13217
13190
13218
13191
13219
13192
13220
13193
13221
13194
13222
13858
13195
13223
13859
13196
13224
13860
13197
13225
13861
13198
13226
13862
13199
13227
13863
13200
13228
13864
13201
13229
13865
13202
13230
13866
13203
13231
13867
13204
13232
13868
13205
13233
13869
13206
13234
13870
13207
13235
13871
13208
13236
13872
13209
13237
13873
13210
13238
13874
13211
13239
13875
13212
13240
13876
13241
13877
13214
13242
13215
13243
13216
13244
13217
13245
13218
13246
13219
13247
13220
13248
13221
13249
13222
13250
13223
13251
13878
13224
13252
13879
13225
13253
13880
13226
13254
13881
13227
13255
13882
13228
13256
13883
13229
13257
13884
13230
13258
13885
13231
13259
13886
13232
13260
13887
13233
13261
13888
13234
13262
13889
13235
13263
13890
13236
13264
13891
13237
13265
13892
13238
13266
13893
13239
13267
13894
13240
13268
13895
13241
13269
13896
13270
13897
13243
13244
13245
13246
13247
13271
13248
13272
13249
13273
13250
13274
13251
13275
13252
13276
13898
13253
13277
13899
13254
13278
13900
13255
13279
13901
13256
13280
13902
13257
13281
13903
13258
13282
13904
13259
13283
13905
13260
13284
13906
13261
13285
13907
13262
13286
13908
13263
13287
13909
13264
13288
13910
13265
13289
13911
13266
13290
13912
13267
13291
13913
13268
13292
13914
13269
13293
13915
13270
13294
13916
13295
13917
13272
13296
13273
13297
13274
13298
13275
13299
13276
13300
13277
13301
13918
13278
13302
13919
13279
13303
13920
13280
13304
13921
13281
13305
13922
13282
13306
13923
13283
13307
13924
13284
13308
13925
13285
13309
13926
13286
13310
13927
13287
13311
13928
13288
13312
13929
13289
13313
13930
13290
13314
13931
13291
13315
13932
13292
13316
13933
13293
13317
13934
13294
13318
13935
13295
13319
13936
13320
13937
13297
13298
13321
13299
13322
13300
13323
13301
13324
13302
13325
13938
13303
13326
13939
13304
13327
13940
13305
13328
13941
13306
13329
13942
13307
13330
13943
13308
13331
13944
13309
13332
13945
13310
13333
13946
13311
13334
13947
13312
13335
13948
13313
13336
13949
13314
13337
13950
13315
13338
13951
13316
13339
13952
13317
13340
13953
13318
13341
13954
13319
13342
13955
13320
13343
13956
13344
13957
13322
13323
13345
13324
13346
13325
13347
13326
13348
13958
13327
13349
13959
13328
13350
13960
13329
13351
13961
13330
13352
13962
13331
13353
13963
13332
13354
13964
13333
13355
13965
13334
13356
13966
13335
13357
13967
13336
13358
13968
13337
13359
13969
13338
13360
13970
13339
13361
13971
13340
13362
13972
13341
13363
13973
13342
13364
13974
13343
13365
13975
13344
13366
13976
13367
13977
13346
13347
13348
13368
13349
13369
13978
13350
13370
13979
13351
13371
13980
13352
13372
13981
13353
13373
13982
13354
13374
13983
13355
13375
13984
13356
13376
13985
13357
13377
13986
13358
13378
13987
13359
13379
13988
13360
13380
13989
13361
13381
13990
13362
13382
13991
13363
13383
13992
13364
13384
13993
13365
13385
13994
13366
13386
13995
13367
13387
13996
13388
13997
13369
13389
13370
13390
13998
13371
13391
13999
13372
13392
14000
13373
13393
14001
13374
13394
14002
13375
13395
14003
13376
13396
14004
13377
13397
14005
13378
13398
14006
13379
13399
14007
13380
13400
14008
13381
13401
14009
13382
13402
14010
13383
13403
14011
13384
13404
14012
13385
13405
14013
13386
13406
14014
13387
13407
14015
13388
13408
14016
13409
14017
13390
13411
13391
13412
14018
13392
13413
14019
13393
13414
14020
13394
13415
14021
13395
13416
14022
13396
13417
14023
13397
13418
14024
13398
13419
14025
13399
13420
14026
13400
13421
14027
13401
13422
14028
13402
13423
14029
13403
13424
14030
13404
13425
14031
13405
13426
14032
13406
13427
14033
13407
13428
14034
13408
13429
14035
13409
13430
14036
13431
14037
13411
13433
21037
21039
31508
31511
31512
13412
13434
13413
13435
14038
13414
13436
14039
13415
13437
14040
13416
13438
14041
13417
13439
14042
13418
13440
14043
13419
13441
14044
13420
13442
14045
13421
13443
14046
13422
13444
14047
13423
13445
14048
13424
13446
14049
13425
13447
14050
13426
13448
14051
13427
13449
14052
13428
13450
14053
13429
13451
14054
13430
13452
14055
13431
13453
14056
13454
14057
18588
18688
21038
21041
21042
21043
18689
31448
31508
31509
31511
13435
13456
31508
31510
31512
31514
13436
13457
14058
13437
13458
14059
13438
13459
14060
13439
13460
14061
13440
13461
14062
13441
13462
14063
13442
13463
14064
13443
13464
14065
13444
13465
14066
13445
13466
14067
13446
13467
14068
13447
13468
14069
13448
13469
14070
13449
13470
14071
13450
13471
14072
13451
13472
14073
13452
13473
14074
13453
13474
14075
13454
13475
14076
13476
14077
18694
20967
21051
21052
21054
31509
33932
33933
33936
13457
13478
21051
21053
21055
21057
13458
13479
14078
13459
13480
14079
13460
13481
14080
13461
13482
14081
13462
13483
14082
13463
13484
14083
13464
13485
14084
13465
13486
14085
13466
13487
14086
13467
13488
14087
13468
13489
14088
13469
13490
14089
13470
13491
14090
13471
13492
14091
13472
13493
14092
13473
13494
14093
13474
13495
14094
13475
13496
14095
13476
13497
14096
13498
14097
18698
20974
21052
21058
21059
21061
29405
29406
29409
13479
13500
21058
21060
21062
21064
13480
13501
14098
13481
13502
14099
13482
13503
14100
13483
13504
14101
13484
13505
14102
13485
13506
14103
13486
13507
14104
13487
13508
14105
13488
13509
14106
13489
13510
14107
13490
13511
14108
13491
13512
14109
13492
13513
14110
13493
13514
14111
13494
13515
14112
13495
13516
14113
13496
13517
14114
13497
13518
14115
13498
13519
14116
13520
14117
18607
18702
18706
18707
18709
21059
29433
29434
29437
13501
13522
18706
18708
18710
18712
13502
13523
14118
13503
13524
14119
13504
13525
14120
13505
13526
14121
13506
13527
14122
13507
13528
14123
13508
13529
14124
13509
13530
14125
13510
13531
14126
13511
13532
14127
13512
13533
14128
13513
13534
14129
13514
13535
14130
13515
13536
14131
13516
13537
14132
13517
13538
14133
13518
13539
14134
13519
13540
14135
13520
13541
14136
13542
14137
18618
18707
18713
18717
18718
18720
29461
29462
29465
13523
13544
18717
18719
18721
18723
13524
13545
14138
13525
13546
14139
13526
13547
14140
13527
13548
14141
13528
13549
14142
13529
13550
14143
13530
13551
14144
13531
13552
14145
13532
13553
14146
13533
13554
14147
13534
13555
14148
13535
13556
14149
13536
13557
14150
13537
13558
14151
13538
13559
14152
13539
13560
14153
13540
13561
14154
13541
13562
14155
13542
13563
14156
13564
14157
18718
18724
20983
21067
21068
21070
29489
29490
29493
13545
13566
21067
21069
21071
21073
13546
13567
14158
13547
13568
14159
13548
13569
14160
13549
13570
14161
13550
13571
14162
13551
13572
14163
13552
13573
14164
13553
13574
14165
13554
13575
14166
13555
13576
14167
13556
13577
14168
13557
13578
14169
13558
13579
14170
13559
13580
14171
13560
13581
14172
13561
13582
14173
13562
13583
14174
13563
13584
14175
13564
13585
14176
13586
14177
18730
21068
31455
31515
31516
31518
33960
33961
33964
13567
13589
31515
31517
31519
31521
13568
13590
14178
13569
13591
14179
13570
13592
14180
13571
13593
14181
13572
13594
14182
13573
13595
14183
13574
13596
14184
13575
13597
14185
13576
13598
14186
13577
13599
14187
13578
13600
14188
13579
13601
14189
13580
13602
14190
13581
13603
14191
13582
13604
14192
13583
13605
14193
13584
13606
14194
13585
13607
14195
13586
13608
14196
13609
14197
18731
18736
20996
31522
31523
31524
21080
31516
34857
34868
34869
34871
13590
13613
34868
34870
34872
34874
13591
13614
14198
13592
13615
14199
13593
13616
14200
13594
13617
14201
13595
13618
14202
13596
13619
14203
13597
13620
14204
13598
13621
14205
13599
13622
14206
13600
13623
14207
13601
13624
14208
13602
13625
14209
13603
13626
14210
13604
13627
14211
13605
13628
14212
13606
13629
14213
13607
13630
14214
13608
13631
14215
13609
13632
14216
13633
14217
18643
21088
21089
21090
18742
21081
31469
31529
31530
31532
13613
13637
31529
31531
31533
31535
34869
34870
34873
34874
13614
13638
14218
13615
13639
14219
13616
13640
14220
13617
13641
14221
13618
13642
14222
13619
13643
14223
13620
13644
14224
13621
13645
14225
13622
13646
14226
13623
13647
14227
13624
13648
14228
13625
13649
14229
13626
13650
14230
13627
13651
14231
13628
13652
14232
13629
13653
14233
13630
13654
14234
13631
13655
14235
13632
13656
14236
13633
13657
14237
13658
14238
18652
21095
21096
21097
18743
18751
31476
31536
31537
31539
33974
33975
33978
13637
13662
31530
31531
31534
31535
31536
31538
31540
31542
13638
13663
13639
13664
14239
13640
13665
14240
13641
13666
14241
13642
13667
14242
13643
13668
14243
13644
13669
14244
13645
13670
14245
13646
13671
14246
13647
13672
14247
13648
13673
14248
13649
13674
14249
13650
13675
14250
13651
13676
14251
13652
13677
14252
13653
13678
14253
13654
13679
14254
13655
13680
14255
13656
13681
14256
13657
13682
14257
13658
13683
14258
13684
14259
18671
18764
21104
21105
21106
18752
18770
31483
31543
31544
31546
13662
13689
31537
31538
31541
31542
31543
31545
31547
31549
13663
13690
13664
13691
13665
13692
14260
13666
13693
14261
13667
13694
14262
13668
13695
14263
13669
13696
14264
13670
13697
14265
13671
13698
14266
13672
13699
14267
13673
13700
14268
13674
13701
14269
13675
13702
14270
13676
13703
14271
13677
13704
14272
13678
13705
14273
13679
13706
14274
13680
13707
14275
13681
13708
14276
13682
13709
14277
13683
13710
14278
13684
13711
14279
13712
14280
18683
18760
18777
31551
31552
31553
18765
18781
21033
21110
21111
21113
29640
29641
29644
34002
34003
34006
18771
21110
31497
31557
31558
31560
13689
13717
31544
31545
31548
31549
31557
31559
31561
31563
13690
13718
13691
13719
13692
13720
13693
13721
14281
13694
13722
14282
13695
13723
14283
13696
13724
14284
13697
13725
14285
13698
13726
14286
13699
13727
14287
13700
13728
14288
13701
13729
14289
13702
13730
14290
13703
13731
14291
13704
13732
14292
13705
13733
14293
13706
13734
14294
13707
13735
14295
13708
13736
14296
13709
13737
14297
13710
13738
14298
13711
13739
14299
13712
13740
14300
13741
14301
31504
31564
31565
31567
18782
31564
34864
34875
34876
34878
13716
13744
21111
21112
21115
21116
34875
34877
34879
34881
13717
13745
31558
31559
31562
31563
13718
13746
14302
13719
13747
14303
13720
13748
14304
13721
13749
14305
13722
13750
14306
13723
13751
14307
13724
13752
14308
13725
13753
14309
13726
13754
14310
13727
13755
14311
13728
13756
14312
13729
13757
14313
13730
13758
14314
13731
13759
14315
13732
13760
14316
13733
13761
14317
13734
13762
14318
13735
13763
14319
13736
13764
14320
13737
13765
14321
13738
13766
14322
13739
13767
14323
13740
13768
14324
13741
13769
14325
13770
14326
13743
13771
31565
31566
31569
31570
13744
13772
34876
34877
34880
34881
13745
13773
13746
13774
14327
13747
13775
14328
13748
13776
14329
13749
13777
14330
13750
13778
14331
13751
13779
14332
13752
13780
14333
13753
13781
14334
13754
13782
14335
13755
13783
14336
13756
13784
14337
13757
13785
14338
13758
13786
14339
13759
13787
14340
13760
13788
14341
13761
13789
14342
13762
13790
14343
13763
13791
14344
13764
13792
14345
13765
13793
14346
13766
13794
14347
13767
13795
14348
13768
13796
14349
13769
13797
14350
13770
13798
14351
13799
14352
13772
13800
13773
13801
13774
13802
13775
13803
14353
13776
13804
14354
13777
13805
14355
13778
13806
14356
13779
13807
14357
13780
13808
14358
13781
13809
14359
13782
13810
14360
13783
13811
14361
13784
13812
14362
13785
13813
14363
13786
13814
14364
13787
13815
14365
13788
13816
14366
13789
13817
14367
13790
13818
14368
13791
13819
14369
13792
13820
14370
13793
13821
14371
13794
13822
14372
13795
13823
14373
13796
13824
14374
13797
13825
14375
13798
13826
14376
13799
13827
14377
13828
14378
13801
13829
13802
13830
13803
13831
13804
13832
14379
13805
13833
14380
13806
13834
14381
13807
13835
14382
13808
13836
14383
13809
13837
14384
13810
13838
14385
13811
13839
14386
13812
13840
14387
13813
13841
14388
13814
13842
14389
13815
13843
14390
13816
13844
14391
13817
13845
14392
13818
13846
14393
13819
13847
14394
13820
13848
14395
13821
13849
14396
13822
13850
14397
13823
13851
14398
13824
13852
14399
13825
13853
14400
13826
13854
14401
13827
13855
14402
13828
13856
14403
13857
14404
13830
13831
13832
13833
14405
13834
14406
13835
14407
13836
14408
13837
14409
13838
14410
13839
14411
13840
14412
13841
14413
13842
14414
13843
14415
13844
14416
13845
14417
13846
14418
13847
14419
13848
14420
13849
14421
13850
14422
13851
14423
13852
14424
13853
14425
13854
14426
13855
14427
13856
14428
13857
14429
14430
13859
13878
14431
13860
13879
14432
13861
13880
14433
13862
13881
14434
13863
13882
14435
13864
13883
14436
13865
13884
14437
13866
13885
14438
13867
13886
14439
13868
13887
14440
13869
13888
14441
13870
13889
14442
13871
13890
14443
13872
13891
14444
13873
13892
14445
13874
13893
14446
13875
13894
14447
13876
13895
14448
13877
13896
14449
13897
14450
13879
13898
14451
13880
13899
14452
13881
13900
14453
13882
13901
14454
13883
13902
14455
13884
13903
14456
13885
13904
14457
13886
13905
14458
13887
13906
14459
13888
13907
14460
13889
13908
14461
13890
13909
14462
13891
13910
14463
13892
13911
14464
13893
13912
14465
13894
13913
14466
13895
13914
14467
13896
13915
14468
13897
13916
14469
13917
14470
13899
13918
14471
13900
13919
14472
13901
13920
14473
13902
13921
14474
13903
13922
14475
13904
13923
14476
13905
13924
14477
13906
13925
14478
13907
13926
14479
13908
13927
14480
13909
13928
14481
13910
13929
14482
13911
13930
14483
13912
13931
14484
13913
13932
14485
13914
13933
14486
13915
13934
14487
13916
13935
14488
13917
13936
14489
13937
14490
13919
13938
14491
13920
13939
14492
13921
13940
14493
13922
13941
14494
13923
13942
14495
13924
13943
14496
13925
13944
14497
13926
13945
14498
13927
13946
14499
13928
13947
14500
13929
13948
14501
13930
13949
14502
13931
13950
14503
13932
13951
14504
13933
13952
14505
13934
13953
14506
13935
13954
14507
13936
13955
14508
13937
13956
14509
13957
14510
13939
13958
14511
13940
13959
14512
13941
13960
14513
13942
13961
14514
13943
13962
14515
13944
13963
14516
13945
13964
14517
13946
13965
14518
13947
13966
14519
13948
13967
14520
13949
13968
14521
13950
13969
14522
13951
13970
14523
13952
13971
14524
13953
13972
14525
13954
13973
14526
13955
13974
14527
13956
13975
14528
13957
13976
14529
13977
14530
13959
13978
14531
13960
13979
14532
13961
13980
14533
13962
13981
14534
13963
13982
14535
13964
13983
14536
13965
13984
14537
13966
13985
14538
13967
13986
14539
13968
13987
14540
13969
13988
14541
13970
13989
14542
13971
13990
14543
13972
13991
14544
13973
13992
14545
13974
13993
14546
13975
13994
14547
13976
13995
14548
13977
13996
14549
13997
14550
13979
13998
14551
13980
13999
14552
13981
14000
14553
13982
14001
14554
13983
14002
14555
13984
14003
14556
13985
14004
14557
13986
14005
14558
13987
14006
14559
13988
14007
14560
13989
14008
14561
13990
14009
14562
13991
14010
14563
13992
14011
14564
13993
14012
14565
13994
14013
14566
13995
14014
14567
13996
14015
14568
13997
14016
14569
14017
14570
13999
14018
14571
14000
14019
14572
14001
14020
14573
14002
14021
14574
14003
14022
14575
14004
14023
14576
14005
14024
14577
14006
14025
14578
14007
14026
14579
14008
14027
14580
14009
14028
14581
14010
14029
14582
14011
14030
14583
14012
14031
14584
14013
14032
14585
14014
14033
14586
14015
14034
14587
14016
14035
14588
14017
14036
14589
14037
14590
14019
14038
14591
14020
14039
14592
14021
14040
14593
14022
14041
14594
14023
14042
14595
14024
14043
14596
14025
14044
14597
14026
14045
14598
14027
14046
14599
14028
14047
14600
14029
14048
14601
14030
14049
14602
14031
14050
14603
14032
14051
14604
14033
14052
14605
14034
14053
14606
14035
14054
14607
14036
14055
14608
14037
14056
14609
14057
14610
14039
14058
14611
14040
14059
14612
14041
14060
14613
14042
14061
14614
14043
14062
14615
14044
14063
14616
14045
14064
14617
14046
14065
14618
14047
14066
14619
14048
14067
14620
14049
14068
14621
14050
14069
14622
14051
14070
14623
14052
14071
14624
14053
14072
14625
14054
14073
14626
14055
14074
14627
14056
14075
14628
14057
14076
14629
14077
14630
14059
14078
14631
14060
14079
14632
14061
14080
14633
14062
14081
14634
14063
14082
14635
14064
14083
14636
14065
14084
14637
14066
14085
14638
14067
14086
14639
14068
14087
14640
14069
14088
14641
14070
14089
14642
14071
14090
14643
14072
14091
14644
14073
14092
14645
14074
14093
14646
14075
14094
14647
14076
14095
14648
14077
14096
14649
14097
14650
14079
14098
14651
14080
14099
14652
14081
14100
14653
14082
14101
14654
14083
14102
14655
14084
14103
14656
14085
14104
14657
14086
14105
14658
14087
14106
14659
14088
14107
14660
14089
14108
14661
14090
14109
14662
14091
14110
14663
14092
14111
14664
14093
14112
14665
14094
14113
14666
14095
14114
14667
14096
14115
14668
14097
14116
14669
14117
14670
14099
14118
14671
14100
14119
14672
14101
14120
14673
14102
14121
14674
14103
14122
14675
14104
14123
14676
14105
14124
14677
14106
14125
14678
14107
14126
14679
14108
14127
14680
14109
14128
14681
14110
14129
14682
14111
14130
14683
14112
14131
14684
14113
14132
14685
14114
14133
14686
14115
14134
14687
14116
14135
14688
14117
14136
14689
14137
14690
14119
14138
14691
14120
14139
14692
14121
14140
14693
14122
14141
14694
14123
14142
14695
14124
14143
14696
14125
14144
14697
14126
14145
14698
14127
14146
14699
14128
14147
14700
14129
14148
14701
14130
14149
14702
14131
14150
14703
14132
14151
14704
14133
14152
14705
14134
14153
14706
14135
14154
14707
14136
14155
14708
14137
14156
14709
14157
14710
14139
14158
14711
14140
14159
14712
14141
14160
14713
14142
14161
14714
14143
14162
14715
14144
14163
14716
14145
14164
14717
14146
14165
14718
14147
14166
14719
14148
14167
14720
14149
14168
14721
14150
14169
14722
14151
14170
14723
14152
14171
14724
14153
14172
14725
14154
14173
14726
14155
14174
14727
14156
14175
14728
14157
14176
14729
14177
14730
14159
14178
14731
14160
14179
14732
14161
14180
14733
14162
14181
14734
14163
14182
14735
14164
14183
14736
14165
14184
14737
14166
14185
14738
14167
14186
14739
14168
14187
14740
14169
14188
14741
14170
14189
14742
14171
14190
14743
14172
14191
14744
14173
14192
14745
14174
14193
14746
14175
14194
14747
14176
14195
14748
14177
14196
14749
14197
14750
14179
14198
14751
14180
14199
14752
14181
14200
14753
14182
14201
14754
14183
14202
14755
14184
14203
14756
14185
14204
14757
14186
14205
14758
14187
14206
14759
14188
14207
14760
14189
14208
14761
14190
14209
14762
14191
14210
14763
14192
14211
14764
14193
14212
14765
14194
14213
14766
14195
14214
14767
14196
14215
14768
14197
14216
14769
14217
14770
14199
14219
14771
14200
14220
14772
14201
14221
14773
14202
14222
14774
14203
14223
14775
14204
14224
14776
14205
14225
14777
14206
14226
14778
14207
14227
14779
14208
14228
14780
14209
14229
14781
14210
14230
14782
14211
14231
14783
14212
14232
14784
14213
14233
14785
14214
14234
14786
14215
14235
14787
14216
14236
14788
14217
14237
14789
14238
14790
14219
14239
14791
14220
14240
14792
14221
14241
14793
14222
14242
14794
14223
14243
14795
14224
14244
14796
14225
14245
14797
14226
14246
14798
14227
14247
14799
14228
14248
14800
14229
14249
14801
14230
14250
14802
14231
14251
14803
14232
14252
14804
14233
14253
14805
14234
14254
14806
14235
14255
14807
14236
14256
14808
14237
14257
14809
14238
14258
14810
14259
14811
14240
14260
14812
14241
14261
14813
14242
14262
14814
14243
14263
14815
14244
14264
14816
14245
14265
14817
14246
14266
14818
14247
14267
14819
14248
14268
14820
14249
14269
14821
14250
14270
14822
14251
14271
14823
14252
14272
14824
14253
14273
14825
14254
14274
14826
14255
14275
14827
14256
14276
14828
14257
14277
14829
14258
14278
14830
14259
14279
14831
14280
14832
14261
14281
14833
14262
14282
14834
14263
14283
14835
14264
14284
14836
14265
14285
14837
14266
14286
14838
14267
14287
14839
14268
14288
14840
14269
14289
14841
14270
14290
14842
14271
14291
14843
14272
14292
14844
14273
14293
14845
14274
14294
14846
14275
14295
14847
14276
14296
14848
14277
14297
14849
14278
14298
14850
14279
14299
14851
14280
14300
14852
14301
14853
14282
14306
14854
14283
14307
14855
14284
14308
14856
14285
14309
14857
14286
14310
14858
14287
14311
14859
14288
14312
14860
14289
14313
14861
14290
14314
14862
14291
14315
14863
14292
14316
14864
14293
14317
14865
14294
14318
14866
14295
14319
14867
14296
14320
14868
14297
14321
14869
14298
14322
14870
14299
14323
14871
14300
14324
14872
14301
14325
14873
14326
14874
14303
14328
14875
14304
14329
14876
14305
14330
14877
14306
14331
14878
14307
14332
14879
14308
14333
14880
14309
14334
14881
14310
14335
14882
14311
14336
14883
14312
14337
14884
14313
14338
14885
14314
14339
14886
14315
14340
14887
14316
14341
14888
14317
14342
14889
14318
14343
14890
14319
14344
14891
14320
14345
14892
14321
14346
14893
14322
14347
14894
14323
14348
14895
14324
14349
14896
14325
14350
14897
14326
14351
14898
14352
14899
14328
14353
14900
14329
14354
14901
14330
14355
14902
14331
14356
14903
14332
14357
14904
14333
14358
14905
14334
14359
14906
14335
14360
14907
14336
14361
14908
14337
14362
14909
14338
14363
14910
14339
14364
14911
14340
14365
14912
14341
14366
14913
14342
14367
14914
14343
14368
14915
14344
14369
14916
14345
14370
14917
14346
14371
14918
14347
14372
14919
14348
14373
14920
14349
14374
14921
14350
14375
14922
14351
14376
14923
14352
14377
14924
14378
14925
14354
14379
14926
14355
14380
14927
14356
14381
14928
14357
14382
14929
14358
14383
14930
14359
14384
14931
14360
14385
14932
14361
14386
14933
14362
14387
14934
14363
14388
14935
14364
14389
14936
14365
14390
14937
14366
14391
14938
14367
14392
14939
14368
14393
14940
14369
14394
14941
14370
14395
14942
14371
14396
14943
14372
14397
14944
14373
14398
14945
14374
14399
14946
14375
14400
14947
14376
14401
14948
14377
14402
14949
14378
14403
14950
14404
14951
14380
14405
14952
14381
14406
14953
14382
14407
14954
14383
14408
14955
14384
14409
14956
14385
14410
14957
14386
14411
14958
14387
14412
14959
14388
14413
14960
14389
14414
14961
14390
14415
14962
14391
14416
14963
14392
14417
14964
14393
14418
14965
14394
14419
14966
14395
14420
14967
14396
14421
14968
14397
14422
14969
14398
14423
14970
14399
14424
14971
14400
14425
14972
14401
14426
14973
14402
14427
14974
14403
14428
14975
14404
14429
14976
14430
14977
14406
14978
14407
14979
14408
14980
14409
14981
14410
14982
14411
14983
14412
14984
14413
14985
14414
14986
14415
14987
14416
14988
14417
14989
14418
14990
14419
14991
14420
14992
14421
14993
14422
14994
14423
14995
14424
14996
14425
14997
14426
14998
14427
14999
14428
15000
14429
15001
14430
15002
15003
14432
14451
14433
14452
14434
14453
14435
14454
14436
14455
14437
14456
15004
14438
14457
15005
14439
14458
15006
14440
14459
15007
14441
14460
15008
14442
14461
15009
14443
14462
15010
14444
14463
15011
14445
14464
15012
14446
14465
15013
14447
14466
15014
14448
14467
15015
14449
14468
15016
14450
14469
15017
14470
15018
14452
14471
14453
14472
14454
14473
14455
14474
14456
14475
14457
14476
15019
14458
14477
15020
14459
14478
15021
14460
14479
15022
14461
14480
15023
14462
14481
15024
14463
14482
15025
14464
14483
15026
14465
14484
15027
14466
14485
15028
14467
14486
15029
14468
14487
15030
14469
14488
15031
14470
14489
15032
14490
15033
14472
14491
14473
14492
14474
14493
14475
14494
14476
14495
14477
14496
15034
14478
14497
15035
14479
14498
15036
14480
14499
15037
14481
14500
15038
14482
14501
15039
14483
14502
15040
14484
14503
15041
14485
14504
15042
14486
14505
15043
14487
14506
15044
14488
14507
15045
14489
14508
15046
14490
14509
15047
14510
15048
14492
14511
14493
14512
14494
14513
14495
14514
14496
14515
14497
14516
15049
14498
14517
15050
14499
14518
15051
14500
14519
15052
14501
14520
15053
14502
14521
15054
14503
14522
15055
14504
14523
15056
14505
14524
15057
14506
14525
15058
14507
14526
15059
14508
14527
15060
14509
14528
15061
14510
14529
15062
14530
15063
14512
14531
14513
14532
14514
14533
14515
14534
14516
14535
14517
14536
15064
14518
14537
15065
14519
14538
15066
14520
14539
15067
14521
14540
15068
14522
14541
15069
14523
14542
15070
14524
14543
15071
14525
14544
15072
14526
14545
15073
14527
14546
15074
14528
14547
15075
14529
14548
15076
14530
14549
15077
14550
15078
14532
14551
14533
14552
14534
14553
14535
14554
14536
14555
14537
14556
15079
14538
14557
15080
14539
14558
15081
14540
14559
15082
14541
14560
15083
14542
14561
15084
14543
14562
15085
14544
14563
15086
14545
14564
15087
14546
14565
15088
14547
14566
15089
14548
14567
15090
14549
14568
15091
14550
14569
15092
14570
15093
14552
14571
14553
14572
14554
14573
14555
14574
14556
14575
14557
14576
15094
14558
14577
15095
14559
14578
15096
14560
14579
15097
14561
14580
15098
14562
14581
15099
14563
14582
15100
14564
14583
15101
14565
14584
15102
14566
14585
15103
14567
14586
15104
14568
14587
15105
14569
14588
15106
14570
14589
15107
14590
15108
14572
14591
14573
14592
14574
14593
14575
14594
14576
14595
14577
14596
15109
14578
14597
15110
14579
14598
15111
14580
14599
15112
14581
14600
15113
14582
14601
15114
14583
14602
15115
14584
14603
15116
14585
14604
15117
14586
14605
15118
14587
14606
15119
14588
14607
15120
14589
14608
15121
14590
14609
15122
14610
15123
14592
14611
14593
14612
14594
14613
14595
14614
14596
14615
14597
14616
15124
14598
14617
15125
14599
14618
15126
14600
14619
15127
14601
14620
15128
14602
14621
15129
14603
14622
15130
14604
14623
15131
14605
14624
15132
14606
14625
15133
14607
14626
15134
14608
14627
15135
14609
14628
15136
14610
14629
15137
14630
15138
14612
14631
14613
14632
14614
14633
14615
14634
14616
14635
14617
14636
15139
14618
14637
15140
14619
14638
15141
14620
14639
15142
14621
14640
15143
14622
14641
15144
14623
14642
15145
14624
14643
15146
14625
14644
15147
14626
14645
15148
14627
14646
15149
14628
14647
15150
14629
14648
15151
14630
14649
15152
14650
15153
14632
14651
14633
14652
14634
14653
14635
14654
14636
14655
14637
14656
15154
14638
14657
15155
14639
14658
15156
14640
14659
15157
14641
14660
15158
14642
14661
15159
14643
14662
15160
14644
14663
15161
14645
14664
15162
14646
14665
15163
14647
14666
15164
14648
14667
15165
14649
14668
15166
14650
14669
15167
14670
15168
14652
14671
14653
14672
14654
14673
14655
14674
14656
14675
14657
14676
15169
14658
14677
15170
14659
14678
15171
14660
14679
15172
14661
14680
15173
14662
14681
15174
14663
14682
15175
14664
14683
15176
14665
14684
15177
14666
14685
15178
14667
14686
15179
14668
14687
15180
14669
14688
15181
14670
14689
15182
14690
15183
14672
14691
14673
14692
14674
14693
14675
14694
14676
14695
14677
14696
15184
14678
14697
15185
14679
14698
15186
14680
14699
15187
14681
14700
15188
14682
14701
15189
14683
14702
15190
14684
14703
15191
14685
14704
15192
14686
14705
15193
14687
14706
15194
14688
14707
15195
14689
14708
15196
14690
14709
15197
14710
15198
14692
14711
14693
14712
14694
14713
14695
14714
14696
14715
14697
14716
15199
14698
14717
15200
14699
14718
15201
14700
14719
15202
14701
14720
15203
14702
14721
15204
14703
14722
15205
14704
14723
15206
14705
14724
15207
14706
14725
15208
14707
14726
15209
14708
14727
15210
14709
14728
15211
14710
14729
15212
14730
15213
14712
14731
14713
14732
14714
14733
14715
14734
14716
14735
14717
14736
15214
14718
14737
15215
14719
14738
15216
14720
14739
15217
14721
14740
15218
14722
14741
15219
14723
14742
15220
14724
14743
15221
14725
14744
15222
14726
14745
15223
14727
14746
15224
14728
14747
15225
14729
14748
15226
14730
14749
15227
14750
15228
14732
14751
14733
14752
14734
14753
14735
14754
14736
14755
14737
14756
15229
14738
14757
15230
14739
14758
15231
14740
14759
15232
14741
14760
15233
14742
14761
15234
14743
14762
15235
14744
14763
15236
14745
14764
15237
14746
14765
15238
14747
14766
15239
14748
14767
15240
14749
14768
15241
14750
14769
15242
14770
15243
14752
14771
14753
14772
14754
14773
14755
14774
14756
14775
14757
14776
15244
14758
14777
15245
14759
14778
15246
14760
14779
15247
14761
14780
15248
14762
14781
15249
14763
14782
15250
14764
14783
15251
14765
14784
15252
14766
14785
15253
14767
14786
15254
14768
14787
15255
14769
14788
15256
14770
14789
15257
14790
15258
14772
14792
14773
14793
14774
14794
14775
14795
14776
14796
14777
14797
15259
14778
14798
15260
14779
14799
15261
14780
14800
15262
14781
14801
15263
14782
14802
15264
14783
14803
15265
14784
14804
15266
14785
14805
15267
14786
14806
15268
14787
14807
15269
14788
14808
15270
14789
14809
15271
14790
14810
15272
14811
15273
14792
14812
14793
14813
14794
14814
14795
14815
14796
14816
14797
14817
14798
14818
15274
14799
14819
15275
14800
14820
15276
14801
14821
15277
14802
14822
15278
14803
14823
15279
14804
14824
15280
14805
14825
15281
14806
14826
15282
14807
14827
15283
14808
14828
15284
14809
14829
15285
14810
14830
15286
14811
14831
15287
14832
15288
14813
14833
14814
14834
14815
14835
14816
14836
14817
14837
14818
14838
14819
14839
15289
14820
14840
15290
14821
14841
15291
14822
14842
15292
14823
14843
15293
14824
14844
15294
14825
14845
15295
14826
14846
15296
14827
14847
15297
14828
14848
15298
14829
14849
15299
14830
14850
15300
14831
14851
15301
14832
14852
15302
14853
15303
14834
14854
14835
14855
14836
14856
14837
14857
14838
14858
14839
14859
14840
14860
15304
14841
14861
15305
14842
14862
15306
14843
14863
15307
14844
14864
15308
14845
14865
15309
14846
14866
15310
14847
14867
15311
14848
14868
15312
14849
14869
15313
14850
14870
15314
14851
14871
15315
14852
14872
15316
14853
14873
15317
14874
15318
14855
14879
14856
14880
14857
14881
14858
14882
15319
14859
14883
15320
14860
14884
15321
14861
14885
15322
14862
14886
15323
14863
14887
15324
14864
14888
15325
14865
14889
15326
14866
14890
15327
14867
14891
15328
14868
14892
15329
14869
14893
15330
14870
14894
15331
14871
14895
15332
14872
14896
15333
14873
14897
15334
14874
14898
15335
14899
15336
14876
14901
15337
14877
14902
15338
14878
14903
15339
14879
14904
15340
14880
14905
15341
14881
14906
15342
14882
14907
15343
14883
14908
15344
14884
14909
15345
14885
14910
15346
14886
14911
15347
14887
14912
15348
14888
14913
15349
14889
14914
15350
14890
14915
15351
14891
14916
15352
14892
14917
15353
14893
14918
15354
14894
14919
15355
14895
14920
15356
14896
14921
15357
14897
14922
15358
14898
14923
15359
14899
14924
15360
14925
15361
14901
14926
15362
14902
14927
15363
14903
14928
15364
14904
14929
15365
14905
14930
15366
14906
14931
15367
14907
14932
15368
14908
14933
15369
14909
14934
15370
14910
14935
15371
14911
14936
15372
14912
14937
15373
14913
14938
15374
14914
14939
15375
14915
14940
15376
14916
14941
15377
14917
14942
15378
14918
14943
15379
14919
14944
15380
14920
14945
15381
14921
14946
15382
14922
14947
15383
14923
14948
15384
14924
14949
15385
14925
14950
15386
14951
15387
14927
14952
15388
14928
14953
15389
14929
14954
15390
14930
14955
15391
14931
14956
15392
14932
14957
15393
14933
14958
15394
14934
14959
15395
14935
14960
15396
14936
14961
15397
14937
14962
15398
14938
14963
15399
14939
14964
15400
14940
14965
15401
14941
14966
15402
14942
14967
15403
14943
14968
15404
14944
14969
15405
14945
14970
15406
14946
14971
15407
14947
14972
15408
14948
14973
15409
14949
14974
15410
14950
14975
15411
14951
14976
15412
14977
15413
14953
14978
15414
14954
14979
15415
14955
14980
15416
14956
14981
15417
14957
14982
15418
14958
14983
15419
14959
14984
15420
14960
14985
15421
14961
14986
15422
14962
14987
15423
14963
14988
15424
14964
14989
15425
14965
14990
15426
14966
14991
15427
14967
14992
15428
14968
14993
15429
14969
14994
15430
14970
14995
15431
14971
14996
15432
14972
14997
15433
14973
14998
15434
14974
14999
15435
14975
15000
15436
14976
15001
15437
14977
15002
15438
15003
15439
14979
15440
14980
15441
14981
15442
14982
15443
14983
15444
14984
15445
14985
15446
14986
15447
14987
15448
14988
15449
14989
15450
14990
15451
14991
15452
14992
15453
14993
15454
14994
15455
14995
15456
14996
15457
14997
15458
14998
15459
14999
15460
15000
15461
15001
15462
15002
15463
15003
15464
15465
15005
15019
15006
15020
15007
15021
15008
15022
15009
15023
15010
15024
15466
15011
15025
15467
15012
15026
15468
15013
15027
15469
15014
15028
15470
15015
15029
15471
15016
15030
15472
15017
15031
15473
15018
15032
15474
15033
15475
15020
15034
15021
15035
15022
15036
15023
15037
15024
15038
15025
15039
15476
15026
15040
15477
15027
15041
15478
15028
15042
15479
15029
15043
15480
15030
15044
15481
15031
15045
15482
15032
15046
15483
15033
15047
15484
15048
15485
15035
15049
15036
15050
15037
15051
15038
15052
15039
15053
15040
15054
15486
15041
15055
15487
15042
15056
15488
15043
15057
15489
15044
15058
15490
15045
15059
15491
15046
15060
15492
15047
15061
15493
15048
15062
15494
15063
15495
15050
15064
15051
15065
15052
15066
15053
15067
15054
15068
15055
15069
15496
15056
15070
15497
15057
15071
15498
15058
15072
15499
15059
15073
15500
15060
15074
15501
15061
15075
15502
15062
15076
15503
15063
15077
15504
15078
15505
15065
15079
15066
15080
15067
15081
15068
15082
15069
15083
15070
15084
15506
15071
15085
15507
15072
15086
15508
15073
15087
15509
15074
15088
15510
15075
15089
15511
15076
15090
15512
15077
15091
15513
15078
15092
15514
15093
15515
15080
15094
15081
15095
15082
15096
15083
15097
15084
15098
15085
15099
15516
15086
15100
15517
15087
15101
15518
15088
15102
15519
15089
15103
15520
15090
15104
15521
15091
15105
15522
15092
15106
15523
15093
15107
15524
15108
15525
15095
15109
15096
15110
15097
15111
15098
15112
15099
15113
15100
15114
15526
15101
15115
15527
15102
15116
15528
15103
15117
15529
15104
15118
15530
15105
15119
15531
15106
15120
15532
15107
15121
15533
15108
15122
15534
15123
15535
15110
15124
15111
15125
15112
15126
15113
15127
15114
15128
15115
15129
15536
15116
15130
15537
15117
15131
15538
15118
15132
15539
15119
15133
15540
15120
15134
15541
15121
15135
15542
15122
15136
15543
15123
15137
15544
15138
15545
15125
15139
15126
15140
15127
15141
15128
15142
15129
15143
15130
15144
15546
15131
15145
15547
15132
15146
15548
15133
15147
15549
15134
15148
15550
15135
15149
15551
15136
15150
15552
15137
15151
15553
15138
15152
15554
15153
15555
15140
15154
15141
15155
15142
15156
15143
15157
15144
15158
15145
15159
15556
15146
15160
15557
15147
15161
15558
15148
15162
15559
15149
15163
15560
15150
15164
15561
15151
15165
15562
15152
15166
15563
15153
15167
15564
15168
15565
15155
15169
15156
15170
15157
15171
15158
15172
15159
15173
15160
15174
15566
15161
15175
15567
15162
15176
15568
15163
15177
15569
15164
15178
15570
15165
15179
15571
15166
15180
15572
15167
15181
15573
15168
15182
15574
15183
15575
15170
15184
15171
15185
15172
15186
15173
15187
15174
15188
15175
15189
15576
15176
15190
15577
15177
15191
15578
15178
15192
15579
15179
15193
15580
15180
15194
15581
15181
15195
15582
15182
15196
15583
15183
15197
15584
15198
15585
15185
15199
15186
15200
15187
15201
15188
15202
15189
15203
15190
15204
15586
15191
15205
15587
15192
15206
15588
15193
15207
15589
15194
15208
15590
15195
15209
15591
15196
15210
15592
15197
15211
15593
15198
15212
15594
15213
15595
15200
15214
15201
15215
15202
15216
15203
15217
15204
15218
15205
15219
15596
15206
15220
15597
15207
15221
15598
15208
15222
15599
15209
15223
15600
15210
15224
15601
15211
15225
15602
15212
15226
15603
15213
15227
15604
15228
15605
15215
15229
15216
15230
15217
15231
15218
15232
15219
15233
15220
15234
15606
15221
15235
15607
15222
15236
15608
15223
15237
15609
15224
15238
15610
15225
15239
15611
15226
15240
15612
15227
15241
15613
15228
15242
15614
15243
15615
15230
15244
15231
15245
15232
15246
15233
15247
15234
15248
15235
15249
15616
15236
15250
15617
15237
15251
15618
15238
15252
15619
15239
15253
15620
15240
15254
15621
15241
15255
15622
15242
15256
15623
15243
15257
15624
15258
15625
15245
15259
15246
15260
15247
15261
15248
15262
15249
15263
15250
15264
15626
15251
15265
15627
15252
15266
15628
15253
15267
15629
15254
15268
15630
15255
15269
15631
15256
15270
15632
15257
15271
15633
15258
15272
15634
15273
15635
15260
15274
15261
15275
15262
15276
15263
15277
15264
15278
15265
15279
15636
15266
15280
15637
15267
15281
15638
15268
15282
15639
15269
15283
15640
15270
15284
15641
15271
15285
15642
15272
15286
15643
15273
15287
15644
15288
15645
15275
15289
15276
15290
15277
15291
15278
15292
15279
15293
15280
15294
15646
15281
15295
15647
15282
15296
15648
15283
15297
15649
15284
15298
15650
15285
15299
15651
15286
15300
15652
15287
15301
15653
15288
15302
15654
15303
15655
15290
15304
15291
15305
15292
15306
15293
15307
15294
15308
15295
15309
15656
15296
15310
15657
15297
15311
15658
15298
15312
15659
15299
15313
15660
15300
15314
15661
15301
15315
15662
15302
15316
15663
15303
15317
15664
15318
15665
15305
15322
15306
15323
15307
15324
15308
15325
15309
15326
15310
15327
15666
15311
15328
15667
15312
15329
15668
15313
15330
15669
15314
15331
15670
15315
15332
15671
15316
15333
15672
15317
15334
15673
15318
15335
15674
15336
15675
15320
15344
15321
15345
15322
15346
15323
15347
15324
15348
15325
15349
15326
15350
15327
15351
15328
15352
15676
15329
15353
15677
15330
15354
15678
15331
15355
15679
15332
15356
15680
15333
15357
15681
15334
15358
15682
15335
15359
15683
15336
15360
15684
15361
15685
15338
15363
15339
15364
15340
15365
15341
15366
15342
15367
15343
15368
15344
15369
15345
15370
15346
15371
15347
15372
15348
15373
15349
15374
15350
15375
15351
15376
15352
15377
15353
15378
15686
15354
15379
15687
15355
15380
15688
15356
15381
15689
15357
15382
15690
15358
15383
15691
15359
15384
15692
15360
15385
15693
15361
15386
15694
15387
15695
15363
15388
15364
15389
15365
15390
15366
15391
15367
15392
15368
15393
15369
15394
15370
15395
15371
15396
15372
15397
15373
15398
15374
15399
15375
15400
15376
15401
15377
15402
15378
15403
15379
15404
15696
15380
15405
15697
15381
15406
15698
15382
15407
15699
15383
15408
15700
15384
15409
15701
15385
15410
15702
15386
15411
15703
15387
15412
15704
15413
15705
15389
15414
15390
15415
15391
15416
15392
15417
15393
15418
15394
15419
15395
15420
15396
15421
15397
15422
15398
15423
15399
15424
15400
15425
15401
15426
15402
15427
15403
15428
15404
15429
15405
15430
15706
15406
15431
15707
15407
15432
15708
15408
15433
15709
15409
15434
15710
15410
15435
15711
15411
15436
15712
15412
15437
15713
15413
15438
15714
15439
15715
15415
15440
15416
15441
15417
15442
15418
15443
15419
15444
15420
15445
15421
15446
15422
15447
15423
15448
15424
15449
15425
15450
15426
15451
15427
15452
15428
15453
15429
15454
15430
15455
15431
15456
15716
15432
15457
15717
15433
15458
15718
15434
15459
15719
15435
15460
15720
15436
15461
15721
15437
15462
15722
15438
15463
15723
15439
15464
15724
15465
15725
15441
15442
15443
15444
15445
15446
15447
15448
15449
15450
15451
15452
15453
15454
15455
15456
15457
15726
15458
15727
15459
15728
15460
15729
15461
15730
15462
15731
15463
15732
15464
15733
15465
15734
15735
15467
15476
15468
15477
15469
15478
15470
15479
15471
15480
15472
15481
15473
15482
15474
15483
15475
15484
15736
15485
15737
15477
15486
15478
15487
15479
15488
15480
15489
15481
15490
15482
15491
15483
15492
15484
15493
15485
15494
15738
15495
15739
15487
15496
15488
15497
15489
15498
15490
15499
15491
15500
15492
15501
15493
15502
15494
15503
15495
15504
15740
15505
15741
15497
15506
15498
15507
15499
15508
15500
15509
15501
15510
15502
15511
15503
15512
15504
15513
15505
15514
15742
15515
15743
15507
15516
15508
15517
15509
15518
15510
15519
15511
15520
15512
15521
15513
15522
15514
15523
15515
15524
15744
15525
15745
15517
15526
15518
15527
15519
15528
15520
15529
15521
15530
15522
15531
15523
15532
15524
15533
15525
15534
15746
15535
15747
15527
15536
15528
15537
15529
15538
15530
15539
15531
15540
15532
15541
15533
15542
15534
15543
15535
15544
15748
15545
15749
15537
15546
15538
15547
15539
15548
15540
15549
15541
15550
15542
15551
15543
15552
15544
15553
15545
15554
15750
15555
15751
15547
15556
15548
15557
15549
15558
15550
15559
15551
15560
15552
15561
15553
15562
15554
15563
15555
15564
15752
15565
15753
15557
15566
15558
15567
15559
15568
15560
15569
15561
15570
15562
15571
15563
15572
15564
15573
15565
15574
15754
15575
15755
15567
15576
15568
15577
15569
15578
15570
15579
15571
15580
15572
15581
15573
15582
15574
15583
15575
15584
15756
15585
15757
15577
15586
15578
15587
15579
15588
15580
15589
15581
15590
15582
15591
15583
15592
15584
15593
15585
15594
15758
15595
15759
15587
15596
15588
15597
15589
15598
15590
15599
15591
15600
15592
15601
15593
15602
15594
15603
15595
15604
15760
15605
15761
15597
15606
15598
15607
15599
15608
15600
15609
15601
15610
15602
15611
15603
15612
15604
15613
15605
15614
15762
15615
15763
15607
15616
15608
15617
15609
15618
15610
15619
15611
15620
15612
15621
15613
15622
15614
15623
15615
15624
15764
15625
15765
15617
15626
15618
15627
15619
15628
15620
15629
15621
15630
15622
15631
15623
15632
15624
15633
15625
15634
15766
15635
15767
15627
15636
15628
15637
15629
15638
15630
15639
15631
15640
15632
15641
15633
15642
15634
15643
15635
15644
15768
15645
15769
15637
15646
15638
15647
15639
15648
15640
15649
15641
15650
15642
15651
15643
15652
15644
15653
15645
15654
15770
15655
15771
15647
15656
15648
15657
15649
15658
15650
15659
15651
15660
15652
15661
15653
15662
15654
15663
15655
15664
15772
15665
15773
15657
15666
15658
15667
15659
15668
15660
15669
15661
15670
15662
15671
15663
15672
15664
15673
15665
15674
15774
15675
15775
15667
15676
15668
15677
15669
15678
15670
15679
15671
15680
15672
15681
15673
15682
15674
15683
15675
15684
15776
15685
15777
15677
15686
15678
15687
15679
15688
15680
15689
15681
15690
15682
15691
15683
15692
15684
15693
15685
15694
15778
15695
15779
15687
15696
15688
15697
15689
15698
15690
15699
15691
15700
15692
15701
15693
15702
15694
15703
15695
15704
15780
15705
15781
15697
15706
15698
15707
15699
15708
15700
15709
15701
15710
15702
15711
15703
15712
15704
15713
15705
15714
15782
15715
15783
15707
15716
15708
15717
15709
15718
15710
15719
15711
15720
15712
15721
15713
15722
15714
15723
15715
15724
15784
15725
15785
15717
15726
15718
15727
15719
15728
15720
15729
15721
15730
15722
15731
15723
15732
15724
15733
15725
15734
15786
15735
15787
15727
15728
15729
15730
15731
15732
15733
15734
15735
15788
15789
15737
15738
15739
15739
15740
15741
15741
15742
15743
15743
15744
15745
15745
15746
15747
15747
15748
15749
15749
15750
15751
15751
15752
15753
15753
15754
15755
15755
15756
15757
15757
15758
15759
15759
15760
15761
15761
15762
15763
15763
15764
15765
15765
15766
15767
15767
15768
15769
15769
15770
15771
15771
15772
15773
15773
15774
15775
15775
15776
15777
15777
15778
15779
15779
15780
15781
15781
15782
15783
15783
15784
15785
15785
15786
15787
15787
15788
15789
15789
15891
18789
18790
18791
15894
18796
18797
15796
15895
16140
18801
18802
18803
15795
15797
29682
15988
15989
15990
15799
15800
15987
15989
15992
15993
15995
15997
15998
29688
15797
18801
18803
18805
18809
18811
18813
18815
29685
15799
16143
29686
29690
16144
18810
18811
18812
15801
16145
18809
18812
18814
18815
18819
18820
18822
29692
15995
15996
15997
15805
16150
18819
18820
18821
15804
15806
29689
16004
16005
16006
15808
15809
16003
16005
16008
16009
29695
31572
31574
31575
15806
18819
18821
18823
18827
18829
18831
18833
29692
15808
16152
29693
29697
15811
16153
18828
18829
18830
15812
16154
18827
18830
18832
18833
29699
31579
31580
31582
31572
31573
31574
15814
15909
16011
16012
16013
18835
18836
15911
16159
31579
31580
31581
15815
15913
16160
18840
18841
18842
16017
16018
15819
16164
18846
18847
15818
15820
15910
29701
29702
29705
29707
16021
16022
16023
15822
15823
16020
16022
16025
16026
29709
31586
31588
31589
15913
18850
18851
18852
15822
15914
16166
18849
18851
18853
18855
29711
16167
18857
18858
18859
15825
16168
18856
18859
18861
18862
29713
31600
31601
31603
31586
31587
31588
15827
16113
31593
31594
31595
16115
16173
31600
31601
31602
15829
16117
16174
18872
18873
18874
18879
18880
18881
15831
15920
16032
16033
16034
15922
16177
18886
18887
18888
15833
15924
16178
18893
18894
18895
16039
16040
16041
15835
15927
16046
16047
16048
15929
16181
18900
18901
18902
15837
15931
16182
18907
18908
18909
16053
16054
16055
15839
15934
16060
16061
16062
15936
16192
18914
18915
18916
15841
15938
16193
18921
18922
18923
18928
18929
18930
15845
16120
31607
31608
31609
16122
16203
18937
18938
18939
15848
16124
16204
31614
31615
31616
15846
15851
16070
15849
15853
16207
18947
31621
31622
31623
18949
18950
18951
15850
15948
18948
18950
18953
18954
29716
31620
31622
31625
31626
16209
29718
31628
31629
31630
15951
16210
18962
18963
18964
15952
16211
18961
18964
18966
18967
29720
31627
31630
31632
31633
16072
16073
15857
15949
18969
18970
18971
15951
16215
18976
18977
15861
15953
16216
18983
18984
18985
15858
15866
16081
16082
16083
15862
15870
16219
18992
18993
18994
15859
15861
15955
15956
15959
15961
18970
18971
18973
15859
15862
15955
15957
15960
15961
16081
16083
16084
15863
29730
29736
18999
19000
19001
15863
16221
18983
18985
18987
18998
19000
19002
19004
29732
15863
16222
18992
18993
18995
18998
19001
19003
19004
29739
16223
29734
29740
15867
15971
16092
16093
16094
15871
15975
16228
19010
19011
19012
31635
31636
31637
15868
15871
15962
15964
15967
15968
16092
16094
16095
15872
29737
29743
31634
31636
31639
31640
19017
19018
19019
16230
29739
31642
31643
31644
15872
16231
19010
19011
19013
19016
19019
19021
19022
29746
16232
29741
29747
31641
31644
31646
31647
15875
15885
16098
15877
15887
16237
19023
16099
16100
15880
15978
16102
16103
16104
15981
16239
19024
19025
15883
15982
16240
19027
19028
19029
16108
16109
19033
19034
19035
15972
16133
31649
31650
31651
15974
16243
19042
19043
16136
16244
19047
19048
19049
15976
16137
16245
31656
31657
31658
19054
19055
19056
15888
15979
19053
19055
19058
19059
29764
15981
16256
19061
19062
19063
15983
16257
19060
19063
19065
19066
29768
15891
15893
34401
31662
31663
31664
15895
18789
18791
18792
29681
31663
31666
31667
31668
15893
31670
31672
31674
31675
34404
15895
19074
29683
34405
19075
31669
31670
31671
18801
18802
18804
19076
29685
31671
31673
31674
31675
15899
15900
18788
18795
15899
15900
18789
31663
15899
18796
31664
18792
18798
31666
18794
15902
15989
15995
15992
15998
18817
15906
15907
18834
31571
15906
15907
16005
31572
15906
16006
18835
16008
18837
31575
31577
15910
15912
29696
15910
15913
16011
16013
16014
29702
29704
29705
15914
15912
15913
29699
31579
31581
31583
15914
19093
29700
15914
18840
18841
18843
18850
18851
18853
19094
19095
15917
15918
16027
18863
31585
15917
15918
16022
31586
16025
18865
31589
16030
31591
15921
15923
16114
15921
15924
16032
16034
16035
15925
15926
15923
15924
16117
18886
18888
18890
15925
16118
19118
15925
15929
18893
18894
18896
19119
15930
19120
15928
15930
15928
15931
16046
16048
16049
15932
15933
15930
15931
18900
18902
18904
15932
16185
15932
15936
16186
18907
18908
18910
15937
16187
15935
15937
15935
15938
16060
16062
16063
15939
16119
15937
15938
18914
18916
18918
15939
16196
15939
16122
16197
18921
18922
18924
16123
16198
15941
16066
18927
18934
16069
18933
15945
15946
15947
18948
18955
31620
15945
15947
16067
31621
15946
15947
18949
16068
18958
31624
18952
18959
18954
31626
15950
15952
29722
29725
29727
29728
15950
15953
18969
18971
18972
29723
29726
29727
29728
15954
29729
34407
31676
31677
31678
15954
19140
31677
31679
31681
31682
34409
15954
18983
18984
18986
19141
29732
31678
31680
31681
31682
19142
29733
34411
15959
15960
15961
18998
15959
15961
16076
15960
15961
16078
15959
15960
18999
16077
19002
16079
19003
15966
15967
15968
19016
31634
15966
15968
31635
15967
15968
16087
15966
15967
19017
19020
31638
16088
19021
31640
15970
16107
19032
19039
16111
19038
15973
15975
16093
16094
16096
16126
16129
16131
16132
15973
15976
16127
16130
16131
16132
31649
31651
31652
15977
29744
29757
19067
19068
19069
15977
16249
19010
19012
19014
19068
19070
19072
19073
29746
15977
16250
19069
19071
19072
19073
29760
31656
31657
31659
16251
29748
29761
31683
31684
31687
15980
15983
29751
29754
29755
29756
15984
16134
31686
31687
31688
31689
34413
31690
31691
31692
16136
16260
31697
31698
31701
15984
16261
31692
31694
31695
31696
34416
16138
16262
31700
31701
31702
31703
34417
15986
15988
18790
15991
18793
18808
15991
15992
15993
18809
15991
15993
15992
15993
15991
15992
18810
18813
18814
15998
15999
16000
18818
15998
16000
15999
16000
16001
15998
15999
18819
18822
16002
18823
16002
16004
16007
18826
16007
16008
16009
18827
16007
16009
16008
16009
16007
16008
18828
18831
18832
16014
16015
16016
18839
31571
16014
16016
31573
16015
16016
16014
16015
16018
18840
18843
31576
18844
31577
16019
29703
16019
18846
29704
18848
29706
16024
16025
16026
18856
29701
16024
16026
29703
16025
16026
16024
16025
18857
18860
29706
18861
29707
16029
16030
18867
31592
16029
16030
31594
18869
31597
31598
16035
16036
16037
18878
18892
16035
16037
18880
16036
16037
16039
16035
16036
16041
18893
18883
18896
16042
18897
18884
16042
16043
16044
16045
18899
16042
16044
16043
16044
16046
16042
16043
18900
18903
16049
18904
16051
16049
16050
16051
18906
16049
16051
16050
16051
16053
16049
16050
16055
18907
18910
16056
18911
16056
16057
16058
16059
18913
16056
16058
16057
16058
16060
16056
16057
18914
18917
16063
18918
16065
16063
16064
16065
18920
16063
16065
16064
16065
18928
16063
16064
18921
18930
18924
18925
18931
16068
16069
18943
31606
16068
16069
31608
18945
31611
31612
16073
18947
18951
16074
16075
18968
18975
16074
16075
18969
29723
16074
18976
29724
18972
18978
29726
18974
16077
18970
18973
18981
16079
16081
16084
18990
16084
16085
16086
18991
16084
16086
16085
16086
31635
16084
16085
18992
31637
18995
18996
31638
16088
16092
16095
19006
16090
16093
16126
16096
16129
19008
16095
16096
16097
19009
16095
16097
16096
16097
16095
16096
19010
19013
19014
16100
19023
19056
16101
16103
29750
16101
19024
29752
16106
19026
29753
16105
19033
16106
31683
16105
16106
19027
19035
31684
19030
19036
19031
31685
16110
16111
19041
31648
16110
16111
16127
31649
16110
16128
19042
16130
19044
31652
31654
16114
16116
29710
16114
16117
31593
31595
31596
16118
16116
16117
29713
31600
31602
31604
16118
19111
29714
16118
18872
18873
18875
19112
19113
16121
16123
16121
16124
31607
31609
31610
16125
29715
16123
16124
18937
18939
18941
16125
19127
16125
19128
29718
31614
31615
31617
19129
29719
16129
16132
16130
16132
16129
16130
19067
16131
19070
16131
19071
16132
19072
16135
16137
31650
31651
31653
16135
16138
16139
29758
16137
16138
19047
19049
19051
31697
31701
31702
16139
19170
29760
31656
31658
31660
16139
19171
19172
29762
19076
21117
21118
21121
19079
21127
21128
16146
16267
19080
21132
21133
21134
16145
16147
29773
21140
21141
21144
16149
16150
21141
21142
21143
21146
21154
21158
21159
29779
16147
21132
21134
21136
21147
21149
21151
21153
29776
16149
16270
29777
29781
16271
21148
21149
21150
16151
16272
21147
21150
21152
21153
21166
21167
21169
29783
21154
21155
21158
16155
16277
21166
21167
21168
16154
16156
29780
21174
21175
21178
16158
16159
21175
21176
21177
21180
29786
31704
31708
31709
16156
21166
21168
21170
21181
21183
21185
21187
29783
16158
16279
29784
29788
16161
16280
21182
21183
21184
16162
16281
21181
21184
21186
21187
29790
31712
31713
31715
31704
31705
31708
16164
19094
21188
21189
21192
21196
21197
16286
19096
31712
31713
31714
16165
16287
19098
21201
21202
21203
21207
21208
16169
16291
21210
21211
16168
16170
19095
19100
19102
19103
19105
21213
21214
21217
16172
16173
21214
21215
21216
21219
29793
31718
31722
31723
19098
21221
21222
21223
16172
16293
19099
21220
21222
21224
21226
29795
16294
21228
21229
21230
16175
16295
21227
21230
21232
21233
29797
31726
31727
31729
31718
31719
31722
16177
19112
21238
21239
21242
16300
19114
31726
31727
31728
16179
16301
19116
21254
21255
21256
21260
21261
21264
16181
19119
21267
21268
21271
16304
19121
21275
21276
21277
16183
16305
19123
21282
21283
21284
21288
21289
21292
16186
16192
21295
21296
21299
16188
16308
21303
21304
21305
16190
16194
16309
21310
21311
21312
16187
16189
19120
16187
16190
21295
21299
21300
16191
16196
16189
16190
19123
21303
21305
21307
16191
16312
19124
16191
16199
16313
21310
21311
21313
16200
16314
21316
21317
21320
16197
16203
21323
21324
21327
16199
16319
21331
21332
21333
16201
16205
16320
21338
21339
21340
16198
16200
16198
16201
21323
21327
21328
16202
19127
16200
16201
21331
21333
21335
16202
16323
16202
16324
19130
21338
21339
21341
16325
19131
21344
21345
21348
16209
19128
31732
31733
31736
16330
19130
21358
21359
21360
16212
16331
19132
31740
31741
31742
16210
16215
21368
16213
16217
16334
21369
31746
31747
31750
21370
21371
21374
16214
19140
21371
21372
21373
21376
29800
31747
31748
31749
31752
16336
29802
31754
31755
31756
16337
19143
21384
21385
21386
16338
19144
21383
21386
21388
21389
29804
31753
31756
31758
31759
21390
21393
16221
19141
21397
21398
21401
16342
19143
21405
21406
16225
16343
19145
21412
21413
21414
16222
16230
21420
21421
21424
16226
16234
16346
21430
21431
21432
16223
16225
19147
19149
19150
19152
21398
21401
21403
16223
16226
19148
19149
19150
19153
21420
21424
21425
16227
29814
29820
21437
21438
21439
16227
16348
21412
21414
21416
21436
21438
21440
21442
29816
16227
16349
21430
21431
21433
21436
21439
21441
21442
29823
16350
29818
29824
16231
16249
21447
21448
21451
16235
16253
16355
21459
21460
21461
31760
31761
31764
16232
16235
19155
19156
19157
19160
21447
21451
21452
16236
29821
29827
31761
31762
31763
31766
21466
21467
21468
16357
29823
31768
31769
31770
16236
16358
21459
21460
21462
21465
21468
21470
21471
29830
16359
29825
29831
31767
31770
31772
31773
16239
16256
21472
16241
16258
16364
21473
21474
21475
16244
16260
21477
21478
21479
16263
16366
21482
21483
16247
16264
16367
21485
21486
21487
21490
21493
21495
21496
21499
16250
19170
31774
31775
31778
16252
16370
21505
21506
16371
19173
21510
21511
21512
16254
16372
19174
31782
31783
31784
16251
16253
19163
19165
19166
19168
21448
21451
21453
16251
16254
19164
19165
19166
19169
31774
31778
31779
16255
29828
29841
21517
21518
21519
16255
16376
21459
21461
21463
21516
21518
21520
21522
29830
16255
16377
21516
21519
21521
21522
29844
31782
31783
31785
16378
29832
29845
21523
21524
21527
16259
16261
21524
21525
21526
21529
29848
16263
16383
21531
21532
21533
16265
16384
21530
21533
21535
21536
29852
31788
31789
31792
16262
16265
29835
29836
29837
29840
16266
19171
31789
31790
31791
31794
34434
31796
31797
31798
16387
19173
31803
31804
31805
16266
16388
31795
31798
31800
31801
34437
16389
19175
31802
31805
31807
31808
34438
19179
21538
21539
21540
19182
21547
21548
16273
16394
19183
21552
21553
21554
16272
16274
29857
21561
21562
21563
16276
16277
21560
21562
21564
21566
21575
21577
21579
29863
16274
21552
21554
21556
21567
21569
21571
21573
29860
16276
16397
29861
29865
16398
21568
21569
21570
16278
16399
21567
21570
21572
21573
21586
21587
21589
29867
21575
21576
21577
16282
16404
21586
21587
21588
16281
16283
29864
21595
21596
21597
16285
16286
21594
21596
21598
21600
29870
31810
31812
31814
16283
21586
21588
21590
21601
21603
21605
21607
29867
16285
16406
29868
29872
16288
16407
21602
21603
21604
16289
16408
21601
21604
21606
21607
29874
31817
31818
31820
31810
31811
31812
16291
19197
21609
21610
21611
21616
21617
16413
19199
31817
31818
31819
16292
16414
19201
21621
21622
21623
21627
21628
16296
16418
21630
21631
16295
16297
19198
19203
19204
19207
19208
21634
21635
21636
16299
16300
21633
21635
21637
21639
29877
31824
31826
31828
19201
21641
21642
21643
16299
16420
19202
21640
21642
21644
21646
29879
16421
21648
21649
21650
16302
16422
21647
21650
21652
21653
29881
31831
31832
31834
31824
31825
31826
16304
19215
21659
21660
21661
16427
19217
31831
31832
31833
16306
16428
19219
21674
21675
21676
21681
21682
21683
16308
19222
21688
21689
21690
16431
19224
21695
21696
21697
16310
16432
19226
21702
21703
21704
21709
21710
21711
16313
16319
21716
21717
21718
16315
16435
21723
21724
21725
16317
16321
16436
21730
21731
21732
16314
16316
19223
16314
16317
21716
21718
21720
16318
16323
16316
16317
19226
21723
21725
21727
16318
16439
19227
16318
16326
16440
21730
21731
21733
16327
16441
21737
21738
21739
16324
16330
21744
21745
21746
16326
16446
21751
21752
21753
16328
16332
16447
21758
21759
21760
16325
16327
16325
16328
21744
21746
21748
16329
19230
16327
16328
21751
21753
21755
16329
16450
16329
16451
19233
21758
21759
21761
16452
19234
21765
21766
21767
16336
19231
31838
31839
31840
16457
19233
21778
21779
21780
16339
16458
19235
31845
31846
31847
16337
16342
21788
16340
16344
16461
21789
31852
31853
31854
21791
21792
21793
16341
19243
21790
21792
21794
21796
29884
31851
31853
31855
31857
16463
29886
31859
31860
31861
16464
19246
21804
21805
21806
16465
19247
21803
21806
21808
21809
29888
31858
31861
31863
31864
21811
21812
16348
19244
21818
21819
21820
16469
19246
21825
21826
16352
16470
19248
21832
21833
21834
16349
16357
21841
21842
21843
16353
16361
16473
21850
21851
21852
16350
16352
19250
19251
19254
19255
21819
21820
21823
16350
16353
19250
19252
19254
19256
21841
21843
21845
16354
29898
29904
21857
21858
21859
16354
16475
21832
21834
21836
21856
21858
21860
21862
29900
16354
16476
21850
21851
21853
21856
21859
21861
21862
29907
16477
29902
29908
16358
16376
21868
21869
21870
16362
16380
16482
21879
21880
21881
31866
31867
31868
16359
16362
19257
19259
19261
19263
21868
21870
21872
16363
29905
29911
31865
31867
31869
31871
21886
21887
21888
16484
29907
31873
31874
31875
16363
16485
21879
21880
21882
21885
21888
21890
21891
29914
16486
29909
29915
31872
31875
31877
31878
16366
16383
21892
16368
16385
16491
21893
21894
21895
16371
16387
21897
21898
21899
16390
16493
21902
21903
16374
16391
16494
21905
21906
21907
21911
21912
21916
21917
21918
16377
19273
31880
31881
31882
16379
16497
21925
21926
16498
19276
21930
21931
21932
16381
16499
19277
31887
31888
31889
16378
16380
19266
19267
19270
19271
21869
21870
21873
16378
16381
19266
19268
19270
19272
31880
31882
31884
16382
29912
29925
21937
21938
21939
16382
16503
21879
21881
21883
21936
21938
21940
21942
29914
16382
16504
21936
21939
21941
21942
29928
31887
31888
31890
16505
29916
29929
21944
21945
21946
16386
16388
21943
21945
21947
21949
29932
16390
16510
21951
21952
21953
16392
16511
21950
21953
21955
21956
29936
31894
31895
31896
16389
16392
29918
29920
29922
29924
16393
19274
31893
31895
31897
31899
34455
31901
31902
31903
16514
19276
31908
31909
31910
16393
16515
31900
31903
31905
31906
34458
16516
19278
31907
31910
31912
31913
34459
19282
21958
21959
21960
19285
21967
21968
16400
16521
19286
21972
21973
21974
16399
16401
29941
21981
21982
21983
16403
16404
21980
21982
21984
21986
21995
21997
21999
29947
16401
21972
21974
21976
21987
21989
21991
21993
29944
16403
16524
29945
29949
16525
21988
21989
21990
16405
16526
21987
21990
21992
21993
22006
22007
22009
29951
21995
21996
21997
16409
16531
22006
22007
22008
16408
16410
29948
22015
22016
22017
16412
16413
22014
22016
22018
22020
29954
31915
31917
31919
16410
22006
22008
22010
22021
22023
22025
22027
29951
16412
16533
29952
29956
16415
16534
22022
22023
22024
16416
16535
22021
22024
22026
22027
29958
31922
31923
31925
31915
31916
31917
16418
19300
22029
22030
22031
22036
22037
16540
19302
31922
31923
31924
16419
16541
19304
22041
22042
22043
22047
22048
16423
16545
22050
22051
16422
16424
19301
19306
19307
19310
19311
22054
22055
22056
16426
16427
22053
22055
22057
22059
29961
31929
31931
31933
19304
22061
22062
22063
16426
16547
19305
22060
22062
22064
22066
29963
16548
22068
22069
22070
16429
16549
22067
22070
22072
22073
29965
31936
31937
31939
31929
31930
31931
16431
19318
22079
22080
22081
16554
19320
31936
31937
31938
16433
16555
19322
22094
22095
22096
22101
22102
22103
16435
19325
22108
22109
22110
16558
19327
22115
22116
22117
16437
16559
19329
22122
22123
22124
22129
22130
22131
16440
16446
22136
22137
22138
16442
16562
22143
22144
22145
16444
16448
16563
22150
22151
22152
16441
16443
19326
16441
16444
22136
22138
22140
16445
16450
16443
16444
19329
22143
22145
22147
16445
16566
19330
16445
16453
16567
22150
22151
22153
16454
16568
22157
22158
22159
16451
16457
22164
22165
22166
16453
16573
22171
22172
22173
16455
16459
16574
22178
22179
22180
16452
16454
16452
16455
22164
22166
22168
16456
19333
16454
16455
22171
22173
22175
16456
16577
16456
16578
19336
22178
22179
22181
16579
19337
22185
22186
22187
16463
19334
31943
31944
31945
16584
19336
22198
22199
22200
16466
16585
19338
31950
31951
31952
16464
16469
22208
16467
16471
16588
22209
31957
31958
31959
22211
22212
22213
16468
19346
22210
22212
22214
22216
29968
31956
31958
31960
31962
16590
29970
31964
31965
31966
16591
19349
22224
22225
22226
16592
19350
22223
22226
22228
22229
29972
31963
31966
31968
31969
22231
22232
16475
19347
22238
22239
22240
16596
19349
22245
22246
16479
16597
19351
22252
22253
22254
16476
16484
22261
22262
22263
16480
16488
16600
22270
22271
22272
16477
16479
19353
19354
19357
19358
22239
22240
22243
16477
16480
19353
19355
19357
19359
22261
22263
22265
16481
29982
29988
22277
22278
22279
16481
16602
22252
22254
22256
22276
22278
22280
22282
29984
16481
16603
22270
22271
22273
22276
22279
22281
22282
29991
16604
29986
29992
16485
16503
22288
22289
22290
16489
16507
16609
22299
22300
22301
31971
31972
31973
16486
16489
19360
19362
19364
19366
22288
22290
22292
16490
29989
29995
31970
31972
31974
31976
22306
22307
22308
16611
29991
31978
31979
31980
16490
16612
22299
22300
22302
22305
22308
22310
22311
29998
16613
29993
29999
31977
31980
31982
31983
16493
16510
22312
16495
16512
16618
22313
22314
22315
16498
16514
22317
22318
22319
16517
16620
22322
22323
16501
16518
16621
22325
22326
22327
22331
22332
22336
22337
22338
16504
19376
31985
31986
31987
16506
16624
22345
22346
16625
19379
22350
22351
22352
16508
16626
19380
31992
31993
31994
16505
16507
19369
19370
19373
19374
22289
22290
22293
16505
16508
19369
19371
19373
19375
31985
31987
31989
16509
29996
30009
22357
22358
22359
16509
16630
22299
22301
22303
22356
22358
22360
22362
29998
16509
16631
22356
22359
22361
22362
30012
31992
31993
31995
16632
30000
30013
22364
22365
22366
16513
16515
22363
22365
22367
22369
30016
16517
16637
22371
22372
22373
16519
16638
22370
22373
22375
22376
30020
31999
32000
32001
16516
16519
30002
30004
30006
30008
16520
19377
31998
32000
32002
32004
34476
32006
32007
32008
16641
19379
32013
32014
32015
16520
16642
32005
32008
32010
32011
34479
16643
19381
32012
32015
32017
32018
34480
19385
22378
22379
22380
19388
22387
22388
16527
16648
19389
22392
22393
22394
16526
16528
30025
22401
22402
22403
16530
16531
22400
22402
22404
22406
22415
22417
22419
30031
16528
22392
22394
22396
22407
22409
22411
22413
30028
16530
16651
30029
30033
16652
22408
22409
22410
16532
16653
22407
22410
22412
22413
22426
22427
22429
30035
22415
22416
22417
16536
16658
22426
22427
22428
16535
16537
30032
22435
22436
22437
16539
16540
22434
22436
22438
22440
30038
32020
32022
32024
16537
22426
22428
22430
22441
22443
22445
22447
30035
16539
16660
30036
30040
16542
16661
22442
22443
22444
16543
16662
22441
22444
22446
22447
30042
32027
32028
32030
32020
32021
32022
16545
19403
22449
22450
22451
22456
22457
16667
19405
32027
32028
32029
16546
16668
19407
22461
22462
22463
22467
22468
16550
16672
22470
22471
16549
16551
19404
19409
19410
19413
19414
22474
22475
22476
16553
16554
22473
22475
22477
22479
30045
32034
32036
32038
19407
22481
22482
22483
16553
16674
19408
22480
22482
22484
22486
30047
16675
22488
22489
22490
16556
16676
22487
22490
22492
22493
30049
32041
32042
32044
32034
32035
32036
16558
19421
22499
22500
22501
16681
19423
32041
32042
32043
16560
16682
19425
22514
22515
22516
22521
22522
22523
16562
19428
22528
22529
22530
16685
19430
22535
22536
22537
16564
16686
19432
22542
22543
22544
22549
22550
22551
16567
16573
22556
22557
22558
16569
16689
22563
22564
22565
16571
16575
16690
22570
22571
22572
16568
16570
19429
16568
16571
22556
22558
22560
16572
16577
16570
16571
19432
22563
22565
22567
16572
16693
19433
16572
16580
16694
22570
22571
22573
16581
16695
22577
22578
22579
16578
16584
22584
22585
22586
16580
16700
22591
22592
22593
16582
16586
16701
22598
22599
22600
16579
16581
16579
16582
22584
22586
22588
16583
19436
16581
16582
22591
22593
22595
16583
16704
16583
16705
19439
22598
22599
22601
16706
19440
22605
22606
22607
16590
19437
32048
32049
32050
16711
19439
22618
22619
22620
16593
16712
19441
32055
32056
32057
16591
16596
22628
16594
16598
16715
22629
32062
32063
32064
22631
22632
22633
16595
19449
22630
22632
22634
22636
30052
32061
32063
32065
32067
16717
30054
32069
32070
32071
16718
19452
22644
22645
22646
16719
19453
22643
22646
22648
22649
30056
32068
32071
32073
32074
22651
22652
16602
19450
22658
22659
22660
16723
19452
22665
22666
16606
16724
19454
22672
22673
22674
16603
16611
22681
22682
22683
16607
16615
16727
22690
22691
22692
16604
16606
19456
19457
19460
19461
22659
22660
22663
16604
16607
19456
19458
19460
19462
22681
22683
22685
16608
30066
30072
22697
22698
22699
16608
16729
22672
22674
22676
22696
22698
22700
22702
30068
16608
16730
22690
22691
22693
22696
22699
22701
22702
30075
16731
30070
30076
16612
16630
22708
22709
22710
16616
16634
16736
22719
22720
22721
32076
32077
32078
16613
16616
19463
19465
19467
19469
22708
22710
22712
16617
30073
30079
32075
32077
32079
32081
22726
22727
22728
16738
30075
32083
32084
32085
16617
16739
22719
22720
22722
22725
22728
22730
22731
30082
16740
30077
30083
32082
32085
32087
32088
16620
16637
22732
16622
16639
16745
22733
22734
22735
16625
16641
22737
22738
22739
16644
16747
22742
22743
16628
16645
16748
22745
22746
22747
22751
22752
22756
22757
22758
16631
19479
32090
32091
32092
16633
16751
22765
22766
16752
19482
22770
22771
22772
16635
16753
19483
32097
32098
32099
16632
16634
19472
19473
19476
19477
22709
22710
22713
16632
16635
19472
19474
19476
19478
32090
32092
32094
16636
30080
30093
22777
22778
22779
16636
16757
22719
22721
22723
22776
22778
22780
22782
30082
16636
16758
22776
22779
22781
22782
30096
32097
32098
32100
16759
30084
30097
22784
22785
22786
16640
16642
22783
22785
22787
22789
30100
16644
16764
22791
22792
22793
16646
16765
22790
22793
22795
22796
30104
32104
32105
32106
16643
16646
30086
30088
30090
30092
16647
19480
32103
32105
32107
32109
34497
32111
32112
32113
16768
19482
32118
32119
32120
16647
16769
32110
32113
32115
32116
34500
16770
19484
32117
32120
32122
32123
34501
19488
22798
22799
22800
19491
22807
22808
16654
16775
19492
22812
22813
22814
16653
16655
30109
22821
22822
22823
16657
16658
22820
22822
22824
22826
22835
22837
22839
30115
16655
22812
22814
22816
22827
22829
22831
22833
30112
16657
16778
30113
30117
16779
22828
22829
22830
16659
16780
22827
22830
22832
22833
22846
22847
22849
30119
22835
22836
22837
16663
16785
22846
22847
22848
16662
16664
30116
22855
22856
22857
16666
16667
22854
22856
22858
22860
30122
32125
32127
32129
16664
22846
22848
22850
22861
22863
22865
22867
30119
16666
16787
30120
30124
16669
16788
22862
22863
22864
16670
16789
22861
22864
22866
22867
30126
32132
32133
32135
32125
32126
32127
16672
19506
22869
22870
22871
22876
22877
16794
19508
32132
32133
32134
16673
16795
19510
22881
22882
22883
22887
22888
16677
16799
22890
22891
16676
16678
19507
19512
19513
19516
19517
22894
22895
22896
16680
16681
22893
22895
22897
22899
30129
32139
32141
32143
19510
22901
22902
22903
16680
16801
19511
22900
22902
22904
22906
30131
16802
22908
22909
22910
16683
16803
22907
22910
22912
22913
30133
32146
32147
32149
32139
32140
32141
16685
19524
22919
22920
22921
16808
19526
32146
32147
32148
16687
16809
19528
22934
22935
22936
22941
22942
22943
16689
19531
22948
22949
22950
16812
19533
22955
22956
22957
16691
16813
19535
22962
22963
22964
22969
22970
22971
16694
16700
22976
22977
22978
16696
16816
22983
22984
22985
16698
16702
16817
22990
22991
22992
16695
16697
19532
16695
16698
22976
22978
22980
16699
16704
16697
16698
19535
22983
22985
22987
16699
16820
19536
16699
16707
16821
22990
22991
22993
16708
16822
22997
22998
22999
16705
16711
23004
23005
23006
16707
16827
23011
23012
23013
16709
16713
16828
23018
23019
23020
16706
16708
16706
16709
23004
23006
23008
16710
19539
16708
16709
23011
23013
23015
16710
16831
16710
16832
19542
23018
23019
23021
16833
19543
23025
23026
23027
16717
19540
32153
32154
32155
16838
19542
23038
23039
23040
16720
16839
19544
32160
32161
32162
16718
16723
23048
16721
16725
16842
23049
32167
32168
32169
23051
23052
23053
16722
19552
23050
23052
23054
23056
30136
32166
32168
32170
32172
16844
30138
32174
32175
32176
16845
19555
23064
23065
23066
16846
19556
23063
23066
23068
23069
30140
32173
32176
32178
32179
23071
23072
16729
19553
23078
23079
23080
16850
19555
23085
23086
16733
16851
19557
23092
23093
23094
16730
16738
23101
23102
23103
16734
16742
16854
23110
23111
23112
16731
16733
19559
19560
19563
19564
23079
23080
23083
16731
16734
19559
19561
19563
19565
23101
23103
23105
16735
30150
30156
23117
23118
23119
16735
16856
23092
23094
23096
23116
23118
23120
23122
30152
16735
16857
23110
23111
23113
23116
23119
23121
23122
30159
16858
30154
30160
16739
16757
23128
23129
23130
16743
16761
16863
23139
23140
23141
32181
32182
32183
16740
16743
19566
19568
19570
19572
23128
23130
23132
16744
30157
30163
32180
32182
32184
32186
23146
23147
23148
16865
30159
32188
32189
32190
16744
16866
23139
23140
23142
23145
23148
23150
23151
30166
16867
30161
30167
32187
32190
32192
32193
16747
16764
23152
16749
16766
16872
23153
23154
23155
16752
16768
23157
23158
23159
16771
16874
23162
23163
16755
16772
16875
23165
23166
23167
23171
23172
23176
23177
23178
16758
19582
32195
32196
32197
16760
16878
23185
23186
16879
19585
23190
23191
23192
16762
16880
19586
32202
32203
32204
16759
16761
19575
19576
19579
19580
23129
23130
23133
16759
16762
19575
19577
19579
19581
32195
32197
32199
16763
30164
30177
23197
23198
23199
16763
16884
23139
23141
23143
23196
23198
23200
23202
30166
16763
16885
23196
23199
23201
23202
30180
32202
32203
32205
16886
30168
30181
23204
23205
23206
16767
16769
23203
23205
23207
23209
30184
16771
16891
23211
23212
23213
16773
16892
23210
23213
23215
23216
30188
32209
32210
32211
16770
16773
30170
30172
30174
30176
16774
19583
32208
32210
32212
32214
34518
32216
32217
32218
16895
19585
32223
32224
32225
16774
16896
32215
32218
32220
32221
34521
16897
19587
32222
32225
32227
32228
34522
19591
23218
23219
23220
19594
23227
23228
16781
16905
19595
23232
23233
23234
16780
16782
30193
23241
23242
23243
16784
16785
23240
23242
23244
23246
23255
23257
23259
30199
16782
23232
23234
23236
23247
23249
23251
23253
30196
16784
16908
30197
30201
16909
23248
23249
23250
16786
16910
23247
23250
23252
23253
23266
23267
23269
30203
23255
23256
23257
16790
16915
23266
23267
23268
16789
16791
30200
23275
23276
23277
16793
16794
23274
23276
23278
23280
30206
32230
32232
32234
16791
23266
23268
23270
23281
23283
23285
23287
30203
16793
16917
30204
30208
16796
16918
23282
23283
23284
16797
16919
23281
23284
23286
23287
30210
32237
32238
32240
32230
32231
32232
16799
19609
23289
23290
23291
23296
23297
16924
19611
32237
32238
32239
16800
16925
19613
23301
23302
23303
23307
23308
16804
16929
23310
23311
16803
16805
19610
19615
19616
19619
19620
23314
23315
23316
16807
16808
23313
23315
23317
23319
30213
32244
32246
32248
19613
23321
23322
23323
16807
16931
19614
23320
23322
23324
23326
30215
16932
23328
23329
23330
16810
16933
23327
23330
23332
23333
30217
32251
32252
32254
32244
32245
32246
16812
19627
23339
23340
23341
16938
19629
32251
32252
32253
16814
16939
19631
23354
23355
23356
23361
23362
23363
16816
19634
23368
23369
23370
16942
19636
23375
23376
23377
16818
16943
19638
23382
23383
23384
23389
23390
23391
16821
16827
23396
23397
23398
16823
16946
23403
23404
23405
16825
16829
16947
23410
23411
23412
16822
16824
19635
16822
16825
23396
23398
23400
16826
16831
16824
16825
19638
23403
23405
23407
16826
16950
19639
16826
16834
16951
23410
23411
23413
16835
16952
23417
23418
23419
16832
16838
23424
23425
23426
16834
16957
23431
23432
23433
16836
16840
16958
23438
23439
23440
16833
16835
16833
16836
23424
23426
23428
16837
19642
16835
16836
23431
23433
23435
16837
16961
16837
16962
19645
23438
23439
23441
16963
19646
23445
23446
23447
16844
19643
32258
32259
32260
16968
19645
23458
23459
23460
16847
16969
19647
32265
32266
32267
16845
16850
23468
16848
16852
16972
23469
32272
32273
32274
23471
23472
23473
16849
19655
23470
23472
23474
23476
30220
32271
32273
32275
32277
16974
30222
32279
32280
32281
16975
19658
23484
23485
23486
16976
19659
23483
23486
23488
23489
30224
32278
32281
32283
32284
23491
23492
16856
19656
23498
23499
23500
16980
19658
23505
23506
16860
16981
19660
23512
23513
23514
16857
16865
23521
23522
23523
16861
16869
16984
23530
23531
23532
16858
16860
19662
19663
19666
19667
23499
23500
23503
16858
16861
19662
19664
19666
19668
23521
23523
23525
16862
30234
30240
23537
23538
23539
16862
16986
23512
23514
23516
23536
23538
23540
23542
30236
16862
16987
23530
23531
23533
23536
23539
23541
23542
30243
16988
30238
30244
16866
16884
23548
23549
23550
16870
16888
16993
23559
23560
23561
32286
32287
32288
16867
16870
19669
19671
19673
19675
23548
23550
23552
16871
30241
30247
32285
32287
32289
32291
23566
23567
23568
16995
30243
32293
32294
32295
16871
16996
23559
23560
23562
23565
23568
23570
23571
30250
16997
30245
30251
32292
32295
32297
32298
16874
16891
23572
16876
16893
17002
23573
23574
23575
16879
16895
23577
23578
23579
16898
17004
23582
23583
16882
16899
17005
23585
23586
23587
23591
23592
23596
23597
23598
16885
19685
32300
32301
32302
16887
17008
23605
23606
17009
19688
23610
23611
23612
16889
17010
19689
32307
32308
32309
16886
16888
19678
19679
19682
19683
23549
23550
23553
16886
16889
19678
19680
19682
19684
32300
32302
32304
16890
30248
30261
23617
23618
23619
16890
17014
23559
23561
23563
23616
23618
23620
23622
30250
16890
17015
23616
23619
23621
23622
30264
32307
32308
32310
17016
30252
30265
23624
23625
23626
16894
16896
23623
23625
23627
23629
30268
16898
17021
23631
23632
23633
16900
17022
23630
23633
23635
23636
30272
32314
32315
32316
16897
16900
30254
30256
30258
30260
16901
19686
32313
32315
32317
32319
34539
32321
32322
32323
17025
19688
32328
32329
32330
16901
17026
32320
32323
32325
32326
34542
17027
19690
32327
32330
32332
32333
34543
30275
32335
32336
32337
17032
19695
23641
23643
23645
23647
30276
32334
32336
32338
32340
17033
19697
23642
23643
23644
19694
23649
23650
23651
19697
23658
23659
16911
17037
19698
23663
23664
23665
16910
16912
30279
23672
23673
23674
16914
16915
23671
23673
23675
23677
23686
23688
23690
30285
16912
23663
23665
23667
23678
23680
23682
23684
30282
16914
17040
30283
30287
17041
23679
23680
23681
16916
17042
23678
23681
23683
23684
23697
23698
23700
30289
23686
23687
23688
16920
17047
23697
23698
23699
16919
16921
30286
23706
23707
23708
16923
16924
23705
23707
23709
23711
30292
32342
32344
32346
16921
23697
23699
23701
23712
23714
23716
23718
30289
16923
17049
30290
30294
16926
17050
23713
23714
23715
16927
17051
23712
23715
23717
23718
30296
32349
32350
32352
32342
32343
32344
16929
19712
23720
23721
23722
23727
23728
17056
19714
32349
32350
32351
16930
17057
19716
23732
23733
23734
23738
23739
16934
17061
23741
23742
16933
16935
19713
19718
19719
19722
19723
23745
23746
23747
16937
16938
23744
23746
23748
23750
30299
32356
32358
32360
19716
23752
23753
23754
16937
17063
19717
23751
23753
23755
23757
30301
17064
23759
23760
23761
16940
17065
23758
23761
23763
23764
30303
32363
32364
32366
32356
32357
32358
16942
19730
23770
23771
23772
17070
19732
32363
32364
32365
16944
17071
19734
23785
23786
23787
23792
23793
23794
16946
19737
23799
23800
23801
17074
19739
23806
23807
23808
16948
17075
19741
23813
23814
23815
23820
23821
23822
16951
16957
23827
23828
23829
16953
17078
23834
23835
23836
16955
16959
17079
23841
23842
23843
16952
16954
19738
16952
16955
23827
23829
23831
16956
16961
16954
16955
19741
23834
23836
23838
16956
17082
19742
16956
16964
17083
23841
23842
23844
16965
17084
23848
23849
23850
16962
16968
23855
23856
23857
16964
17089
23862
23863
23864
16966
16970
17090
23869
23870
23871
16963
16965
16963
16966
23855
23857
23859
16967
19745
16965
16966
23862
23864
23866
16967
17093
16967
17094
19748
23869
23870
23872
17095
19749
23876
23877
23878
16974
19746
32370
32371
32372
17100
19748
23889
23890
23891
16977
17101
19750
32377
32378
32379
16975
16980
23899
16978
16982
17104
23900
32384
32385
32386
23902
23903
23904
16979
19758
23901
23903
23905
23907
30306
32383
32385
32387
32389
17106
30308
32391
32392
32393
17107
19761
23915
23916
23917
17108
19762
23914
23917
23919
23920
30310
32390
32393
32395
32396
23922
23923
16986
19759
23929
23930
23931
17112
19761
23936
23937
16990
17113
19763
23943
23944
23945
16987
16995
23952
23953
23954
16991
16999
17116
23961
23962
23963
16988
16990
19765
19766
19769
19770
23930
23931
23934
16988
16991
19765
19767
19769
19771
23952
23954
23956
16992
30320
30326
23968
23969
23970
16992
17118
23943
23945
23947
23967
23969
23971
23973
30322
16992
17119
23961
23962
23964
23967
23970
23972
23973
30329
17120
30324
30330
16996
17014
23979
23980
23981
17000
17018
17125
23990
23991
23992
32398
32399
32400
16997
17000
19772
19774
19776
19778
23979
23981
23983
17001
30327
30333
32397
32399
32401
32403
23997
23998
23999
17127
30329
32405
32406
32407
17001
17128
23990
23991
23993
23996
23999
24001
24002
30336
17129
30331
30337
32404
32407
32409
32410
17004
17021
24003
17006
17023
17134
24004
24005
24006
17009
17025
24008
24009
24010
17028
17136
24013
24014
17012
17029
17137
24016
24017
24018
24022
24023
24027
24028
24029
17015
19788
32412
32413
32414
17017
17140
24036
24037
17141
19791
24041
24042
24043
17019
17142
19792
32419
32420
32421
17016
17018
19781
19782
19785
19786
23980
23981
23984
17016
17019
19781
19783
19785
19787
32412
32414
32416
17020
30334
30347
24048
24049
24050
17020
17146
23990
23992
23994
24047
24049
24051
24053
30336
17020
17147
24047
24050
24052
24053
30350
32419
32420
32422
17148
30338
30351
24055
24056
24057
17024
17026
24054
24056
24058
24060
30354
17028
17153
24062
24063
24064
17030
17154
24061
24064
24066
24067
30358
32426
32427
32428
17027
17030
30340
30342
30344
30346
17031
19789
32425
32427
32429
32431
34560
32433
32434
32435
17157
19791
32440
32441
32442
17031
17158
32432
32435
32437
32438
34563
17159
19793
32439
32442
32444
32445
34564
17035
24072
24073
24076
24077
30363
30368
30369
30372
30373
19796
24073
24074
24075
30366
32447
32448
32449
17180
19798
24083
24085
24087
24089
30367
32446
32448
32450
32452
17181
19800
24084
24085
24086
19797
24091
24092
24093
19800
24100
24101
17043
17185
19801
24105
24106
24107
17042
17044
30377
24114
24115
24116
17046
17047
24113
24115
24117
24119
24128
24130
24132
30383
17044
24105
24107
24109
24120
24122
24124
24126
30380
17046
17188
30381
30385
17189
24121
24122
24123
17048
17190
24120
24123
24125
24126
24139
24140
24142
30387
24128
24129
24130
17052
17195
24139
24140
24141
17051
17053
30384
24148
24149
24150
17055
17056
24147
24149
24151
24153
30390
32454
32456
32458
17053
24139
24141
24143
24154
24156
24158
24160
30387
17055
17197
30388
30392
17058
17198
24155
24156
24157
17059
17199
24154
24157
24159
24160
30394
32461
32462
32464
32454
32455
32456
17061
19815
24162
24163
24164
24169
24170
17204
19817
32461
32462
32463
17062
17205
19819
24174
24175
24176
24180
24181
17066
17209
24183
24184
17065
17067
19816
19821
19822
19825
19826
24187
24188
24189
17069
17070
24186
24188
24190
24192
30397
32468
32470
32472
19819
24194
24195
24196
17069
17211
19820
24193
24195
24197
24199
30399
17212
24201
24202
24203
17072
17213
24200
24203
24205
24206
30401
32475
32476
32478
32468
32469
32470
17074
19833
24212
24213
24214
17218
19835
32475
32476
32477
17076
17219
19837
24227
24228
24229
24234
24235
24236
17078
19840
24241
24242
24243
17222
19842
24248
24249
24250
17080
17223
19844
24255
24256
24257
24262
24263
24264
17083
17089
24269
24270
24271
17085
17226
24276
24277
24278
17087
17091
17227
24283
24284
24285
17084
17086
19841
17084
17087
24269
24271
24273
17088
17093
17086
17087
19844
24276
24278
24280
17088
17230
19845
17088
17096
17231
24283
24284
24286
17097
17232
24290
24291
24292
17094
17100
24297
24298
24299
17096
17237
24304
24305
24306
17098
17102
17238
24311
24312
24313
17095
17097
17095
17098
24297
24299
24301
17099
19848
17097
17098
24304
24306
24308
17099
17241
17099
17242
19851
24311
24312
24314
17243
19852
24318
24319
24320
17106
19849
32482
32483
32484
17248
19851
24331
24332
24333
17109
17249
19853
32489
32490
32491
17107
17112
24341
17110
17114
17252
24342
32496
32497
32498
24344
24345
24346
17111
19861
24343
24345
24347
24349
30404
32495
32497
32499
32501
17254
30406
32503
32504
32505
17255
19864
24357
24358
24359
17256
19865
24356
24359
24361
24362
30408
32502
32505
32507
32508
24364
24365
17118
19862
24371
24372
24373
17260
19864
24378
24379
17122
17261
19866
24385
24386
24387
17119
17127
24394
24395
24396
17123
17131
17264
24403
24404
24405
17120
17122
19868
19869
19872
19873
24372
24373
24376
17120
17123
19868
19870
19872
19874
24394
24396
24398
17124
30418
30424
24410
24411
24412
17124
17266
24385
24387
24389
24409
24411
24413
24415
30420
17124
17267
24403
24404
24406
24409
24412
24414
24415
30427
17268
30422
30428
17128
17146
24421
24422
24423
17132
17150
17273
24432
24433
24434
32510
32511
32512
17129
17132
19875
19877
19879
19881
24421
24423
24425
17133
30425
30431
32509
32511
32513
32515
24439
24440
24441
17275
30427
32517
32518
32519
17133
17276
24432
24433
24435
24438
24441
24443
24444
30434
17277
30429
30435
32516
32519
32521
32522
17136
17153
24445
17138
17155
17282
24446
24447
24448
17141
17157
24450
24451
24452
17160
17284
24455
24456
17144
17161
17285
24458
24459
24460
24464
24465
24469
24470
24471
17147
19891
32524
32525
32526
17149
17288
24478
24479
17289
19894
24483
24484
24485
17151
17290
19895
32531
32532
32533
17148
17150
19884
19885
19888
19889
24422
24423
24426
17148
17151
19884
19886
19888
19890
32524
32526
32528
17152
30432
30445
24490
24491
24492
17152
17294
24432
24434
24436
24489
24491
24493
24495
30434
17152
17295
24489
24492
24494
24495
30448
32531
32532
32534
17296
30436
30449
24497
24498
24499
17156
17158
24496
24498
24500
24502
30452
17160
17301
24504
24505
24506
17162
17302
24503
24506
24508
24509
30456
32538
32539
32540
17159
17162
30438
30440
30442
30444
17163
19892
32537
32539
32541
32543
34581
32545
32546
32547
17305
19894
32552
32553
32554
17163
17306
32544
32547
32549
32550
34584
17307
19896
32551
32554
32556
32557
34585
17165
24510
24512
24514
24516
30464
17171
17312
30465
32558
32560
32562
32564
17175
17313
24511
24512
24513
17173
17176
17314
32559
32560
32561
17170
17172
34590
32566
32567
32568
17174
17177
24524
24526
24528
30467
32565
32567
32569
32571
17172
32572
32574
32576
32578
34593
17174
17319
30469
34594
17178
17320
32573
32574
32575
17179
17321
24536
24537
24539
30471
32572
32575
32577
32578
24517
24518
17178
17326
24520
24521
24524
24525
24526
24531
24532
17182
17329
24536
24537
24538
17183
24546
24547
24550
24551
30468
30473
30474
30477
30478
19904
24547
24548
24549
30471
32580
32581
32582
17332
19906
24557
24559
24561
24563
30472
32579
32581
32583
32585
17333
19908
24558
24559
24560
19905
24565
24566
24567
19908
24574
24575
17191
17337
19909
24579
24580
24581
17190
17192
30482
24588
24589
24590
17194
17195
24587
24589
24591
24593
24602
24604
24606
30488
17192
24579
24581
24583
24594
24596
24598
24600
30485
17194
17340
30486
30490
17341
24595
24596
24597
17196
17342
24594
24597
24599
24600
24613
24614
24616
30492
24602
24603
24604
17200
17347
24613
24614
24615
17199
17201
30489
24622
24623
24624
17203
17204
24621
24623
24625
24627
30495
32587
32589
32591
17201
24613
24615
24617
24628
24630
24632
24634
30492
17203
17349
30493
30497
17206
17350
24629
24630
24631
17207
17351
24628
24631
24633
24634
30499
32594
32595
32597
32587
32588
32589
17209
19923
24636
24637
24638
24643
24644
17356
19925
32594
32595
32596
17210
17357
19927
24648
24649
24650
24654
24655
17214
17361
24657
24658
17213
17215
19924
19929
19930
19933
19934
24661
24662
24663
17217
17218
24660
24662
24664
24666
30502
32601
32603
32605
19927
24668
24669
24670
17217
17363
19928
24667
24669
24671
24673
30504
17364
24675
24676
24677
17220
17365
24674
24677
24679
24680
30506
32608
32609
32611
32601
32602
32603
17222
19941
24686
24687
24688
17370
19943
32608
32609
32610
17224
17371
19945
24701
24702
24703
24708
24709
24710
17226
19948
24715
24716
24717
17374
19950
24722
24723
24724
17228
17375
19952
24729
24730
24731
24736
24737
24738
17231
17237
24743
24744
24745
17233
17378
24750
24751
24752
17235
17239
17379
24757
24758
24759
17232
17234
19949
17232
17235
24743
24745
24747
17236
17241
17234
17235
19952
24750
24752
24754
17236
17382
19953
17236
17244
17383
24757
24758
24760
17245
17384
24764
24765
24766
17242
17248
24771
24772
24773
17244
17389
24778
24779
24780
17246
17250
17390
24785
24786
24787
17243
17245
17243
17246
24771
24773
24775
17247
19956
17245
17246
24778
24780
24782
17247
17393
17247
17394
19959
24785
24786
24788
17395
19960
24792
24793
24794
17254
19957
32615
32616
32617
17400
19959
24805
24806
24807
17257
17401
19961
32622
32623
32624
17255
17260
24815
17258
17262
17404
24816
32629
32630
32631
24818
24819
24820
17259
19969
24817
24819
24821
24823
30509
32628
32630
32632
32634
17406
30511
32636
32637
32638
17407
19972
24831
24832
24833
17408
19973
24830
24833
24835
24836
30513
32635
32638
32640
32641
24838
24839
17266
19970
24845
24846
24847
17412
19972
24852
24853
17270
17413
19974
24859
24860
24861
17267
17275
24868
24869
24870
17271
17279
17416
24877
24878
24879
17268
17270
19976
19977
19980
19981
24846
24847
24850
17268
17271
19976
19978
19980
19982
24868
24870
24872
17272
30523
30529
24884
24885
24886
17272
17418
24859
24861
24863
24883
24885
24887
24889
30525
17272
17419
24877
24878
24880
24883
24886
24888
24889
30532
17420
30527
30533
17276
17294
24895
24896
24897
17280
17298
17425
24906
24907
24908
32643
32644
32645
17277
17280
19983
19985
19987
19989
24895
24897
24899
17281
30530
30536
32642
32644
32646
32648
24913
24914
24915
17427
30532
32650
32651
32652
17281
17428
24906
24907
24909
24912
24915
24917
24918
30539
17429
30534
30540
32649
32652
32654
32655
17284
17301
24919
17286
17303
17434
24920
24921
24922
17289
17305
24924
24925
24926
17308
17436
24929
24930
17292
17309
17437
24932
24933
24934
24938
24939
24943
24944
24945
17295
19999
32657
32658
32659
17297
17440
24952
24953
17441
20002
24957
24958
24959
17299
17442
20003
32664
32665
32666
17296
17298
19992
19993
19996
19997
24896
24897
24900
17296
17299
19992
19994
19996
19998
32657
32659
32661
17300
30537
30550
24964
24965
24966
17300
17446
24906
24908
24910
24963
24965
24967
24969
30539
17300
17447
24963
24966
24968
24969
30553
32664
32665
32667
17448
30541
30554
24971
24972
24973
17304
17306
24970
24972
24974
24976
30557
17308
17453
24978
24979
24980
17310
17454
24977
24980
24982
24983
30561
32671
32672
32673
17307
17310
30543
30545
30547
30549
17311
20000
32670
32672
32674
32676
34609
32678
32679
32680
17457
20002
32685
32686
32687
17311
17458
32677
32680
32682
32683
34612
17459
20004
32684
32687
32689
32690
34613
17316
30566
32691
32692
32695
32696
24985
24986
24987
17320
17326
32692
32693
32694
17316
24991
24993
24995
24997
30569
17322
17464
30570
32698
32700
32702
32704
17327
17465
24992
24993
24994
17324
17328
17466
32699
32700
32701
17321
17323
34618
32706
32707
32708
17325
17329
25008
25010
25012
30572
32705
32707
32709
32711
17323
32712
32714
32716
32718
34621
17325
17471
30574
34622
17330
17472
32713
32714
32715
17331
17473
25020
25021
25023
30576
32712
32715
32717
32718
24998
24999
25001
25002
17330
17478
25004
25005
25008
25009
25010
25015
25016
17334
17481
25020
25021
25022
17335
25030
25031
25034
25035
30573
30578
30579
30582
30583
20015
25031
25032
25033
30576
32720
32721
32722
17484
20017
25041
25043
25045
25047
30577
32719
32721
32723
32725
17485
20019
25042
25043
25044
20016
25049
25050
25051
20019
25058
25059
17343
17489
20020
25063
25064
25065
17342
17344
30587
25072
25073
25074
17346
17347
25071
25073
25075
25077
25086
25088
25090
30593
17344
25063
25065
25067
25078
25080
25082
25084
30590
17346
17492
30591
30595
17493
25079
25080
25081
17348
17494
25078
25081
25083
25084
25097
25098
25100
30597
25086
25087
25088
17352
17499
25097
25098
25099
17351
17353
30594
25106
25107
25108
17355
17356
25105
25107
25109
25111
30600
32727
32729
32731
17353
25097
25099
25101
25112
25114
25116
25118
30597
17355
17501
30598
30602
17358
17502
25113
25114
25115
17359
17503
25112
25115
25117
25118
30604
32734
32735
32737
32727
32728
32729
17361
20034
25120
25121
25122
25127
25128
17508
20036
32734
32735
32736
17362
17509
20038
25132
25133
25134
25138
25139
17366
17513
25141
25142
17365
17367
20035
20040
20041
20044
20045
25145
25146
25147
17369
17370
25144
25146
25148
25150
30607
32741
32743
32745
20038
25152
25153
25154
17369
17515
20039
25151
25153
25155
25157
30609
17516
25159
25160
25161
17372
17517
25158
25161
25163
25164
30611
32748
32749
32751
32741
32742
32743
17374
20052
25170
25171
25172
17522
20054
32748
32749
32750
17376
17523
20056
25185
25186
25187
25192
25193
25194
17378
20059
25199
25200
25201
17526
20061
25206
25207
25208
17380
17527
20063
25213
25214
25215
25220
25221
25222
17383
17389
25227
25228
25229
17385
17530
25234
25235
25236
17387
17391
17531
25241
25242
25243
17384
17386
20060
17384
17387
25227
25229
25231
17388
17393
17386
17387
20063
25234
25236
25238
17388
17534
20064
17388
17396
17535
25241
25242
25244
17397
17536
25248
25249
25250
17394
17400
25255
25256
25257
17396
17541
25262
25263
25264
17398
17402
17542
25269
25270
25271
17395
17397
17395
17398
25255
25257
25259
17399
20067
17397
17398
25262
25264
25266
17399
17545
17399
17546
20070
25269
25270
25272
17547
20071
25276
25277
25278
17406
20068
32755
32756
32757
17552
20070
25289
25290
25291
17409
17553
20072
32762
32763
32764
17407
17412
25299
17410
17414
17556
25300
32769
32770
32771
25302
25303
25304
17411
20080
25301
25303
25305
25307
30614
32768
32770
32772
32774
17558
30616
32776
32777
32778
17559
20083
25315
25316
25317
17560
20084
25314
25317
25319
25320
30618
32775
32778
32780
32781
25322
25323
17418
20081
25329
25330
25331
17564
20083
25336
25337
17422
17565
20085
25343
25344
25345
17419
17427
25352
25353
25354
17423
17431
17568
25361
25362
25363
17420
17422
20087
20088
20091
20092
25330
25331
25334
17420
17423
20087
20089
20091
20093
25352
25354
25356
17424
30628
30634
25368
25369
25370
17424
17570
25343
25345
25347
25367
25369
25371
25373
30630
17424
17571
25361
25362
25364
25367
25370
25372
25373
30637
17572
30632
30638
17428
17446
25379
25380
25381
17432
17450
17577
25390
25391
25392
32783
32784
32785
17429
17432
20094
20096
20098
20100
25379
25381
25383
17433
30635
30641
32782
32784
32786
32788
25397
25398
25399
17579
30637
32790
32791
32792
17433
17580
25390
25391
25393
25396
25399
25401
25402
30644
17581
30639
30645
32789
32792
32794
32795
17436
17453
25403
17438
17455
17586
25404
25405
25406
17441
17457
25408
25409
25410
17460
17588
25413
25414
17444
17461
17589
25416
25417
25418
25422
25423
25427
25428
25429
17447
20110
32797
32798
32799
17449
17592
25436
25437
17593
20113
25441
25442
25443
17451
17594
20114
32804
32805
32806
17448
17450
20103
20104
20107
20108
25380
25381
25384
17448
17451
20103
20105
20107
20109
32797
32799
32801
17452
30642
30655
25448
25449
25450
17452
17598
25390
25392
25394
25447
25449
25451
25453
30644
17452
17599
25447
25450
25452
25453
30658
32804
32805
32807
17600
30646
30659
25455
25456
25457
17456
17458
25454
25456
25458
25460
30662
17460
17605
25462
25463
25464
17462
17606
25461
25464
25466
25467
30666
32811
32812
32813
17459
17462
30648
30650
30652
30654
17463
20111
32810
32812
32814
32816
34637
32818
32819
32820
17609
20113
32825
32826
32827
17463
17610
32817
32820
32822
32823
34640
17611
20115
32824
32827
32829
32830
34641
17468
30671
32831
32832
32835
32836
25469
25470
25471
17472
17478
32832
32833
32834
17468
25475
25477
25479
25481
30674
17474
17616
30675
32838
32840
32842
32844
17479
17617
25476
25477
25478
17476
17480
17618
32839
32840
32841
17473
17475
34646
32846
32847
32848
17477
17481
25492
25494
25496
30677
32845
32847
32849
32851
17475
32852
32854
32856
32858
34649
17477
17623
30679
34650
17482
17624
32853
32854
32855
17483
17625
25504
25505
25507
30681
32852
32855
32857
32858
25482
25483
25485
25486
17482
17630
25488
25489
25492
25493
25494
25499
25500
17486
17633
25504
25505
25506
17487
25514
25515
25518
25519
30678
30683
30684
30687
30688
20126
25515
25516
25517
30681
32860
32861
32862
17636
20128
25525
25527
25529
25531
30682
32859
32861
32863
32865
17637
20130
25526
25527
25528
20127
25533
25534
25535
20130
25542
25543
17495
17641
20131
25547
25548
25549
17494
17496
30692
25556
25557
25558
17498
17499
25555
25557
25559
25561
25570
25572
25574
30698
17496
25547
25549
25551
25562
25564
25566
25568
30695
17498
17644
30696
30700
17645
25563
25564
25565
17500
17646
25562
25565
25567
25568
25581
25582
25584
30702
25570
25571
25572
17504
17651
25581
25582
25583
17503
17505
30699
25590
25591
25592
17507
17508
25589
25591
25593
25595
30705
32867
32869
32871
17505
25581
25583
25585
25596
25598
25600
25602
30702
17507
17653
30703
30707
17510
17654
25597
25598
25599
17511
17655
25596
25599
25601
25602
30709
32874
32875
32877
32867
32868
32869
17513
20145
25604
25605
25606
25611
25612
17660
20147
32874
32875
32876
17514
17661
20149
25616
25617
25618
25622
25623
17518
17665
25625
25626
17517
17519
20146
20151
20152
20155
20156
25629
25630
25631
17521
17522
25628
25630
25632
25634
30712
32881
32883
32885
20149
25636
25637
25638
17521
17667
20150
25635
25637
25639
25641
30714
17668
25643
25644
25645
17524
17669
25642
25645
25647
25648
30716
32888
32889
32891
32881
32882
32883
17526
20163
25654
25655
25656
17674
20165
32888
32889
32890
17528
17675
20167
25669
25670
25671
25676
25677
25678
17530
20170
25683
25684
25685
17678
20172
25690
25691
25692
17532
17679
20174
25697
25698
25699
25704
25705
25706
17535
17541
25711
25712
25713
17537
17682
25718
25719
25720
17539
17543
17683
25725
25726
25727
17536
17538
20171
17536
17539
25711
25713
25715
17540
17545
17538
17539
20174
25718
25720
25722
17540
17686
20175
17540
17548
17687
25725
25726
25728
17549
17688
25732
25733
25734
17546
17552
25739
25740
25741
17548
17693
25746
25747
25748
17550
17554
17694
25753
25754
25755
17547
17549
17547
17550
25739
25741
25743
17551
20178
17549
17550
25746
25748
25750
17551
17697
17551
17698
20181
25753
25754
25756
17699
20182
25760
25761
25762
17558
20179
32895
32896
32897
17704
20181
25773
25774
25775
17561
17705
20183
32902
32903
32904
17559
17564
25783
17562
17566
17708
25784
32909
32910
32911
25786
25787
25788
17563
20191
25785
25787
25789
25791
30719
32908
32910
32912
32914
17710
30721
32916
32917
32918
17711
20194
25799
25800
25801
17712
20195
25798
25801
25803
25804
30723
32915
32918
32920
32921
25806
25807
17570
20192
25813
25814
25815
17716
20194
25820
25821
17574
17717
20196
25827
25828
25829
17571
17579
25836
25837
25838
17575
17583
17720
25845
25846
25847
17572
17574
20198
20199
20202
20203
25814
25815
25818
17572
17575
20198
20200
20202
20204
25836
25838
25840
17576
30733
30739
25852
25853
25854
17576
17722
25827
25829
25831
25851
25853
25855
25857
30735
17576
17723
25845
25846
25848
25851
25854
25856
25857
30742
17724
30737
30743
17580
17598
25863
25864
25865
17584
17602
17729
25874
25875
25876
32923
32924
32925
17581
17584
20205
20207
20209
20211
25863
25865
25867
17585
30740
30746
32922
32924
32926
32928
25881
25882
25883
17731
30742
32930
32931
32932
17585
17732
25874
25875
25877
25880
25883
25885
25886
30749
17733
30744
30750
32929
32932
32934
32935
17588
17605
25887
17590
17607
17738
25888
25889
25890
17593
17609
25892
25893
25894
17612
17740
25897
25898
17596
17613
17741
25900
25901
25902
25906
25907
25911
25912
25913
17599
20221
32937
32938
32939
17601
17744
25920
25921
17745
20224
25925
25926
25927
17603
17746
20225
32944
32945
32946
17600
17602
20214
20215
20218
20219
25864
25865
25868
17600
17603
20214
20216
20218
20220
32937
32939
32941
17604
30747
30760
25932
25933
25934
17604
17750
25874
25876
25878
25931
25933
25935
25937
30749
17604
17751
25931
25934
25936
25937
30763
32944
32945
32947
17752
30751
30764
25939
25940
25941
17608
17610
25938
25940
25942
25944
30767
17612
17757
25946
25947
25948
17614
17758
25945
25948
25950
25951
30771
32951
32952
32953
17611
17614
30753
30755
30757
30759
17615
20222
32950
32952
32954
32956
34665
32958
32959
32960
17761
20224
32965
32966
32967
17615
17762
32957
32960
32962
32963
34668
17763
20226
32964
32967
32969
32970
34669
17620
30776
32971
32972
32975
32976
25953
25954
25955
17624
17630
32972
32973
32974
17620
25959
25961
25963
25965
30779
17626
17768
30780
32978
32980
32982
32984
17631
17769
25960
25961
25962
17628
17632
17770
32979
32980
32981
17625
17627
34674
32986
32987
32988
17629
17633
25976
25978
25980
30782
32985
32987
32989
32991
17627
32992
32994
32996
32998
34677
17629
17775
30784
34678
17634
17776
32993
32994
32995
17635
17777
25988
25989
25991
30786
32992
32995
32997
32998
25966
25967
25969
25970
17634
17782
25972
25973
25976
25977
25978
25983
25984
17638
17785
25988
25989
25990
17639
25998
25999
26002
26003
30783
30788
30789
30792
30793
20237
25999
26000
26001
30786
33000
33001
33002
17788
20239
26009
26011
26013
26015
30787
32999
33001
33003
33005
17789
20241
26010
26011
26012
20238
26017
26018
26019
20241
26026
26027
17647
17793
20242
26031
26032
26033
17646
17648
30797
26040
26041
26042
17650
17651
26039
26041
26043
26045
26054
26056
26058
30803
17648
26031
26033
26035
26046
26048
26050
26052
30800
17650
17796
30801
30805
17797
26047
26048
26049
17652
17798
26046
26049
26051
26052
26065
26066
26068
30807
26054
26055
26056
17656
17803
26065
26066
26067
17655
17657
30804
26074
26075
26076
17659
17660
26073
26075
26077
26079
30810
33007
33009
33011
17657
26065
26067
26069
26080
26082
26084
26086
30807
17659
17805
30808
30812
17662
17806
26081
26082
26083
17663
17807
26080
26083
26085
26086
30814
33014
33015
33017
33007
33008
33009
17665
20256
26088
26089
26090
26095
26096
17812
20258
33014
33015
33016
17666
17813
20260
26100
26101
26102
26106
26107
17670
17817
26109
26110
17669
17671
20257
20262
20263
20266
20267
26113
26114
26115
17673
17674
26112
26114
26116
26118
30817
33021
33023
33025
20260
26120
26121
26122
17673
17819
20261
26119
26121
26123
26125
30819
17820
26127
26128
26129
17676
17821
26126
26129
26131
26132
30821
33028
33029
33031
33021
33022
33023
17678
20274
26138
26139
26140
17826
20276
33028
33029
33030
17680
17827
20278
26153
26154
26155
26160
26161
26162
17682
20281
26167
26168
26169
17830
20283
26174
26175
26176
17684
17831
20285
26181
26182
26183
26188
26189
26190
17687
17693
26195
26196
26197
17689
17834
26202
26203
26204
17691
17695
17835
26209
26210
26211
17688
17690
20282
17688
17691
26195
26197
26199
17692
17697
17690
17691
20285
26202
26204
26206
17692
17838
20286
17692
17700
17839
26209
26210
26212
17701
17840
26216
26217
26218
17698
17704
26223
26224
26225
17700
17845
26230
26231
26232
17702
17706
17846
26237
26238
26239
17699
17701
17699
17702
26223
26225
26227
17703
20289
17701
17702
26230
26232
26234
17703
17849
17703
17850
20292
26237
26238
26240
17851
20293
26244
26245
26246
17710
20290
33035
33036
33037
17856
20292
26257
26258
26259
17713
17857
20294
33042
33043
33044
17711
17716
26267
17714
17718
17860
26268
33049
33050
33051
26270
26271
26272
17715
20302
26269
26271
26273
26275
30824
33048
33050
33052
33054
17862
30826
33056
33057
33058
17863
20305
26283
26284
26285
17864
20306
26282
26285
26287
26288
30828
33055
33058
33060
33061
26290
26291
17722
20303
26297
26298
26299
17868
20305
26304
26305
17726
17869
20307
26311
26312
26313
17723
17731
26320
26321
26322
17727
17735
17872
26329
26330
26331
17724
17726
20309
20310
20313
20314
26298
26299
26302
17724
17727
20309
20311
20313
20315
26320
26322
26324
17728
30838
30844
26336
26337
26338
17728
17874
26311
26313
26315
26335
26337
26339
26341
30840
17728
17875
26329
26330
26332
26335
26338
26340
26341
30847
17876
30842
30848
17732
17750
26347
26348
26349
17736
17754
17881
26358
26359
26360
33063
33064
33065
17733
17736
20316
20318
20320
20322
26347
26349
26351
17737
30845
30851
33062
33064
33066
33068
26365
26366
26367
17883
30847
33070
33071
33072
17737
17884
26358
26359
26361
26364
26367
26369
26370
30854
17885
30849
30855
33069
33072
33074
33075
17740
17757
26371
17742
17759
17890
26372
26373
26374
17745
17761
26376
26377
26378
17764
17892
26381
26382
17748
17765
17893
26384
26385
26386
26390
26391
26395
26396
26397
17751
20332
33077
33078
33079
17753
17896
26404
26405
17897
20335
26409
26410
26411
17755
17898
20336
33084
33085
33086
17752
17754
20325
20326
20329
20330
26348
26349
26352
17752
17755
20325
20327
20329
20331
33077
33079
33081
17756
30852
30865
26416
26417
26418
17756
17902
26358
26360
26362
26415
26417
26419
26421
30854
17756
17903
26415
26418
26420
26421
30868
33084
33085
33087
17904
30856
30869
26423
26424
26425
17760
17762
26422
26424
26426
26428
30872
17764
17909
26430
26431
26432
17766
17910
26429
26432
26434
26435
30876
33091
33092
33093
17763
17766
30858
30860
30862
30864
17767
20333
33090
33092
33094
33096
34693
33098
33099
33100
17913
20335
33105
33106
33107
17767
17914
33097
33100
33102
33103
34696
17915
20337
33104
33107
33109
33110
34697
17772
30881
33111
33112
33115
33116
26437
26438
26439
17776
17782
33112
33113
33114
17772
26443
26445
26447
26449
30884
17778
17920
30885
33118
33120
33122
33124
17783
17921
26444
26445
26446
17780
17784
17922
33119
33120
33121
17777
17779
34702
33126
33127
33128
17781
17785
26460
26462
26464
30887
33125
33127
33129
33131
17779
33132
33134
33136
33138
34705
17781
17927
30889
34706
17786
17928
33133
33134
33135
17787
17929
26472
26473
26475
30891
33132
33135
33137
33138
26450
26451
26453
26454
17786
17934
26456
26457
26460
26461
26462
26467
26468
17790
17937
26472
26473
26474
17791
26482
26483
26486
26487
30888
30893
30894
30897
30898
20348
26483
26484
26485
30891
33140
33141
33142
17940
20350
26493
26495
26497
26499
30892
33139
33141
33143
33145
17941
20352
26494
26495
26496
20349
26501
26502
26503
20352
26510
26511
17799
17945
20353
26515
26516
26517
17798
17800
30902
26524
26525
26526
17802
17803
26523
26525
26527
26529
26538
26540
26542
30908
17800
26515
26517
26519
26530
26532
26534
26536
30905
17802
17948
30906
30910
17949
26531
26532
26533
17804
17950
26530
26533
26535
26536
26549
26550
26552
30912
26538
26539
26540
17808
17955
26549
26550
26551
17807
17809
30909
26558
26559
26560
17811
17812
26557
26559
26561
26563
30915
33147
33149
33151
17809
26549
26551
26553
26564
26566
26568
26570
30912
17811
17957
30913
30917
17814
17958
26565
26566
26567
17815
17959
26564
26567
26569
26570
30919
33154
33155
33157
33147
33148
33149
17817
20367
26572
26573
26574
26579
26580
17964
20369
33154
33155
33156
17818
17965
20371
26584
26585
26586
26590
26591
17822
17969
26593
26594
17821
17823
20368
20373
20374
20377
20378
26597
26598
26599
17825
17826
26596
26598
26600
26602
30922
33161
33163
33165
20371
26604
26605
26606
17825
17971
20372
26603
26605
26607
26609
30924
17972
26611
26612
26613
17828
17973
26610
26613
26615
26616
30926
33168
33169
33171
33161
33162
33163
17830
20385
26622
26623
26624
17978
20387
33168
33169
33170
17832
17979
20389
26637
26638
26639
26644
26645
26646
17834
20392
26651
26652
26653
17982
20394
26658
26659
26660
17836
17983
20396
26665
26666
26667
26672
26673
26674
17839
17845
26679
26680
26681
17841
17986
26686
26687
26688
17843
17847
17987
26693
26694
26695
17840
17842
20393
17840
17843
26679
26681
26683
17844
17849
17842
17843
20396
26686
26688
26690
17844
17990
20397
17844
17852
17991
26693
26694
26696
17853
17992
26700
26701
26702
17850
17856
26707
26708
26709
17852
17997
26714
26715
26716
17854
17858
17998
26721
26722
26723
17851
17853
17851
17854
26707
26709
26711
17855
20400
17853
17854
26714
26716
26718
17855
18001
17855
18002
20403
26721
26722
26724
18003
20404
26728
26729
26730
17862
20401
33175
33176
33177
18008
20403
26741
26742
26743
17865
18009
20405
33182
33183
33184
17863
17868
26751
17866
17870
18012
26752
33189
33190
33191
26754
26755
26756
17867
20413
26753
26755
26757
26759
30929
33188
33190
33192
33194
18014
30931
33196
33197
33198
18015
20416
26767
26768
26769
18016
20417
26766
26769
26771
26772
30933
33195
33198
33200
33201
26774
26775
17874
20414
26781
26782
26783
18020
20416
26788
26789
17878
18021
20418
26795
26796
26797
17875
17883
26804
26805
26806
17879
17887
18024
26813
26814
26815
17876
17878
20420
20421
20424
20425
26782
26783
26786
17876
17879
20420
20422
20424
20426
26804
26806
26808
17880
30943
30949
26820
26821
26822
17880
18026
26795
26797
26799
26819
26821
26823
26825
30945
17880
18027
26813
26814
26816
26819
26822
26824
26825
30952
18028
30947
30953
17884
17902
26831
26832
26833
17888
17906
18033
26842
26843
26844
33203
33204
33205
17885
17888
20427
20429
20431
20433
26831
26833
26835
17889
30950
30956
33202
33204
33206
33208
26849
26850
26851
18035
30952
33210
33211
33212
17889
18036
26842
26843
26845
26848
26851
26853
26854
30959
18037
30954
30960
33209
33212
33214
33215
17892
17909
26855
17894
17911
18042
26856
26857
26858
17897
17913
26860
26861
26862
17916
18044
26865
26866
17900
17917
18045
26868
26869
26870
26874
26875
26879
26880
26881
17903
20443
33217
33218
33219
17905
18048
26888
26889
18049
20446
26893
26894
26895
17907
18050
20447
33224
33225
33226
17904
17906
20436
20437
20440
20441
26832
26833
26836
17904
17907
20436
20438
20440
20442
33217
33219
33221
17908
30957
30970
26900
26901
26902
17908
18054
26842
26844
26846
26899
26901
26903
26905
30959
17908
18055
26899
26902
26904
26905
30973
33224
33225
33227
18056
30961
30974
26907
26908
26909
17912
17914
26906
26908
26910
26912
30977
17916
18061
26914
26915
26916
17918
18063
26913
26916
26918
26919
30981
33231
33232
33233
17915
17918
30963
30965
30967
30969
17919
20444
33230
33232
33234
33236
34721
33238
33239
33240
18068
20446
33245
33246
33247
17919
18069
33237
33240
33242
33243
34724
18070
20448
33244
33247
33249
33250
34725
17924
30986
33251
33252
33255
33256
26921
26922
26923
17928
17934
33252
33253
33254
17924
26927
26929
26931
26933
30989
17930
18075
30990
33258
33260
33262
33264
17935
18076
26928
26929
26930
17932
17936
18077
33259
33260
33261
17929
17931
34730
33266
33267
33268
17933
17937
26944
26946
26948
30992
33265
33267
33269
33271
17931
33272
33274
33276
33278
34733
17933
18082
30994
34734
17938
18083
33273
33274
33275
17939
18084
26956
26957
26959
30996
33272
33275
33277
33278
26934
26935
26937
26938
17938
18089
26940
26941
26944
26945
26946
26951
26952
17942
18092
26956
26957
26958
17943
26966
26967
26970
26971
30993
30998
30999
31002
31003
20459
26967
26968
26969
30996
33280
33281
33282
18095
20461
26977
26979
26981
26983
30997
33279
33281
33283
33285
18096
20463
26978
26979
26980
20460
26985
26986
26987
20463
26994
26995
17951
18100
20464
26999
27000
27001
17950
17952
31007
27008
27009
27010
17954
17955
27007
27009
27011
27013
27022
27024
27026
31013
17952
26999
27001
27003
27014
27016
27018
27020
31010
17954
18103
31011
31015
18104
27015
27016
27017
17956
18105
27014
27017
27019
27020
27033
27034
27036
31017
27022
27023
27024
17960
18110
27033
27034
27035
17959
17961
31014
27042
27043
27044
17963
17964
27041
27043
27045
27047
31020
33287
33289
33291
17961
27033
27035
27037
27048
27050
27052
27054
31017
17963
18112
31018
31022
17966
18113
27049
27050
27051
17967
18114
27048
27051
27053
27054
31024
33294
33295
33297
33287
33288
33289
17969
20478
27056
27057
27058
27063
27064
18119
20480
33294
33295
33296
17970
18120
20482
27068
27069
27070
27074
27075
17974
18124
27077
27078
17973
17975
20479
20484
20485
20488
20489
27081
27082
27083
17977
17978
27080
27082
27084
27086
31027
33301
33303
33305
20482
27088
27089
27090
17977
18126
20483
27087
27089
27091
27093
31029
18127
27095
27096
27097
17980
18128
27094
27097
27099
27100
31031
33308
33309
33311
33301
33302
33303
17982
20496
27106
27107
27108
18133
20498
33308
33309
33310
17984
18134
20500
27121
27122
27123
27128
27129
27130
17986
20503
27135
27136
27137
18137
20505
27142
27143
27144
17988
18138
20507
27149
27150
27151
27156
27157
27158
17991
17997
27163
27164
27165
17993
18141
27170
27171
27172
17995
17999
18142
27177
27178
27179
17992
17994
20504
17992
17995
27163
27165
27167
17996
18001
17994
17995
20507
27170
27172
27174
17996
18145
20508
17996
18004
18146
27177
27178
27180
18005
18147
27184
27185
27186
18002
18008
27191
27192
27193
18004
18152
27198
27199
27200
18006
18010
18153
27205
27206
27207
18003
18005
18003
18006
27191
27193
27195
18007
20511
18005
18006
27198
27200
27202
18007
18156
18007
18157
20514
27205
27206
27208
18158
20515
27212
27213
27214
18014
20512
33315
33316
33317
18163
20514
27225
27226
27227
18017
18164
20516
33322
33323
33324
18015
18020
27235
18018
18022
18167
27236
33329
33330
33331
27238
27239
27240
18019
20524
27237
27239
27241
27243
31034
33328
33330
33332
33334
18169
31036
33336
33337
33338
18170
20527
27251
27252
27253
18171
20528
27250
27253
27255
27256
31038
33335
33338
33340
33341
27258
27259
18026
20525
27265
27266
27267
18175
20527
27272
27273
18030
18176
20529
27279
27280
27281
18027
18035
27288
27289
27290
18031
18039
18179
27297
27298
27299
18028
18030
20531
20532
20535
20536
27266
27267
27270
18028
18031
20531
20533
20535
20537
27288
27290
27292
18032
31048
31054
27304
27305
27306
18032
18181
27279
27281
27283
27303
27305
27307
27309
31050
18032
18182
27297
27298
27300
27303
27306
27308
27309
31057
18183
31052
31058
18036
18054
27315
27316
27317
18040
18058
18188
27326
27327
27328
33343
33344
33345
18037
18040
20538
20540
20542
20544
27315
27317
27319
18041
31055
31061
33342
33344
33346
33348
27333
27334
27335
18190
31057
33350
33351
33352
18041
18191
27326
27327
27329
27332
27335
27337
27338
31064
18192
31059
31065
33349
33352
33354
33355
18044
18061
27339
18046
18065
18197
27340
27341
27342
18049
18068
27344
27345
27346
18071
18199
27349
27350
18052
18072
18200
27352
27353
27354
27358
27359
27363
27364
27365
18055
20561
33357
33358
33359
18057
18203
27372
27373
18204
20564
27377
27378
27379
18059
18205
20565
33364
33365
33366
18056
18058
20547
20548
20551
20552
27316
27317
27320
18056
18059
20547
20549
20551
20553
33357
33359
33361
18060
31062
31075
27384
27385
27386
18060
18209
27326
27328
27330
27383
27385
27387
27389
31064
18060
18210
27383
27386
27388
27389
31078
33364
33365
33367
18211
31066
31079
27391
27392
27393
18063
18066
20554
20556
20558
20560
18067
18069
27390
27392
27394
27396
31082
27398
27399
27400
18071
18220
27405
27406
27407
18067
18221
27397
27400
27402
27403
31085
18073
18222
27404
27407
27409
27410
31086
33371
33372
33373
18070
18073
31068
31070
31072
31074
18074
20562
33370
33372
33374
33376
34749
33378
33379
33380
18227
20564
33385
33386
33387
18074
18228
33377
33380
33382
33383
34752
18229
20566
33384
33387
33389
33390
34753
18079
31091
33391
33392
33395
33396
27412
27413
27414
18083
18089
33392
33393
33394
18079
27418
27420
27422
27424
31094
18085
18234
31095
33398
33400
33402
33404
18090
18235
27419
27420
27421
18087
18091
18236
33399
33400
33401
18084
18086
34758
33406
33407
33408
18088
18092
27435
27437
27439
31097
33405
33407
33409
33411
18086
33412
33414
33416
33418
34761
18088
18241
31099
34762
18093
18242
33413
33414
33415
18094
18243
27447
27448
27450
31101
33412
33415
33417
33418
27425
27426
27428
27429
18093
18248
27431
27432
27435
27436
27437
27442
27443
18097
18251
27447
27448
27449
18098
27457
27458
27461
27462
31098
31103
31104
31107
31108
20577
27458
27459
27460
31101
33420
33421
33422
18254
20579
27468
27470
27472
27474
31102
33419
33421
33423
33425
18255
20581
27469
27470
27471
20578
27476
27477
27478
20581
27485
27486
18106
18259
20582
27490
27491
27492
18105
18107
31112
27499
27500
27501
18109
18110
27498
27500
27502
27504
27513
27515
27517
31118
18107
27490
27492
27494
27505
27507
27509
27511
31115
18109
18262
31116
31120
18263
27506
27507
27508
18111
18264
27505
27508
27510
27511
27524
27525
27527
31122
27513
27514
27515
18115
18269
27524
27525
27526
18114
18116
31119
27533
27534
27535
18118
18119
27532
27534
27536
27538
31125
33427
33429
33431
18116
27524
27526
27528
27539
27541
27543
27545
31122
18118
18271
31123
31127
18121
18272
27540
27541
27542
18122
18273
27539
27542
27544
27545
31129
33434
33435
33437
33427
33428
33429
18124
20596
27547
27548
27549
27554
27555
18278
20598
33434
33435
33436
18125
18279
20600
27559
27560
27561
27565
27566
18129
18283
27568
27569
18128
18130
20597
20602
20603
20606
20607
27572
27573
27574
18132
18133
27571
27573
27575
27577
31132
33441
33443
33445
20600
27579
27580
27581
18132
18285
20601
27578
27580
27582
27584
31134
18286
27586
27587
27588
18135
18287
27585
27588
27590
27591
31136
33448
33449
33451
33441
33442
33443
18137
20614
27597
27598
27599
18292
20616
33448
33449
33450
18139
18293
20618
27612
27613
27614
27619
27620
27621
18141
20621
27626
27627
27628
18296
20623
27633
27634
27635
18143
18297
20625
27640
27641
27642
27647
27648
27649
18146
18152
27654
27655
27656
18148
18300
27661
27662
27663
18150
18154
18301
27668
27669
27670
18147
18149
20622
18147
18150
27654
27656
27658
18151
18156
18149
18150
20625
27661
27663
27665
18151
18304
20626
18151
18159
18305
27668
27669
27671
18160
18306
27675
27676
27677
18157
18163
27682
27683
27684
18159
18311
27689
27690
27691
18161
18165
18312
27696
27697
27698
18158
18160
18158
18161
27682
27684
27686
18162
20629
18160
18161
27689
27691
27693
18162
18315
18162
18316
20632
27696
27697
27699
18317
20633
27703
27704
27705
18169
20630
33455
33456
33457
18322
20632
27716
27717
27718
18172
18323
20634
33462
33463
33464
18170
18175
27726
18173
18177
18326
27727
33469
33470
33471
27729
27730
27731
18174
20642
27728
27730
27732
27734
31139
33468
33470
33472
33474
18328
31141
33476
33477
33478
18329
20645
27742
27743
27744
18330
20646
27741
27744
27746
27747
31143
33475
33478
33480
33481
27749
27750
18181
20643
27756
27757
27758
18334
20645
27763
27764
18185
18335
20647
27770
27771
27772
18182
18190
27779
27780
27781
18186
18194
18338
27788
27789
27790
18183
18185
20649
20650
20653
20654
27757
27758
27761
18183
18186
20649
20651
20653
20655
27779
27781
27783
18187
31153
31159
27795
27796
27797
18187
18340
27770
27772
27774
27794
27796
27798
27800
31155
18187
18341
27788
27789
27791
27794
27797
27799
27800
31162
18342
31157
31163
18191
18209
27806
27807
27808
18195
18213
18347
27817
27818
27819
33483
33484
33485
18192
18195
20656
20658
20660
20662
27806
27808
27810
18196
31160
31166
33482
33484
33486
33488
27824
27825
27826
18349
31162
33490
33491
33492
18196
18350
27817
27818
27820
27823
27826
27828
27829
31169
18351
31164
31170
33489
33492
33494
33495
18199
18220
27830
18201
18224
18356
27831
27832
27833
18204
18227
27835
27836
27837
18230
18358
27840
27841
18207
18231
18359
27843
27844
27845
27849
27850
27854
27855
27856
18210
20679
33497
33498
33499
18212
18362
27863
27864
18363
20682
27868
27869
27870
18214
18364
20683
33504
33505
33506
18211
18213
20665
20666
20669
20670
27807
27808
27811
18211
18214
20665
20667
20669
20671
33497
33499
33501
18215
31167
31180
27875
27876
27877
18215
18368
27817
27819
27821
27874
27876
27878
27880
31169
18215
18369
27874
27877
27879
27880
31183
33504
33505
33507
18370
31171
31184
27882
27883
27884
18219
18221
27881
27883
27885
27887
18223
18375
27889
27890
27891
18225
18376
27888
27891
27893
27894
27896
27897
27898
18222
18225
20672
20674
20676
20678
18226
18228
27895
27897
27899
27901
31187
27903
27904
27905
18230
18379
27910
27911
27912
18226
18380
27902
27905
27907
27908
31190
18232
18381
27909
27912
27914
27915
31191
33511
33512
33513
18229
18232
31173
31175
31177
31179
18233
20680
33510
33512
33514
33516
34777
33518
33519
33520
18386
20682
33525
33526
33527
18233
18387
33517
33520
33522
33523
34780
18388
20684
33524
33527
33529
33530
34781
18238
31196
33531
33532
33535
33536
27917
27918
27919
18242
18248
33532
33533
33534
18238
27923
27925
27927
27929
31199
18244
18393
31200
33538
33540
33542
33544
18249
18394
27924
27925
27926
18246
18250
18395
33539
33540
33541
18243
18245
34786
33546
33547
33548
18247
18251
27940
27942
27944
31202
33545
33547
33549
33551
18245
33552
33554
33556
33558
34789
18247
18400
31204
34790
18252
18401
33553
33554
33555
18253
18402
27952
27953
27955
31206
33552
33555
33557
33558
27930
27931
27933
27934
18252
18407
27936
27937
27940
27941
27942
27947
27948
18256
18410
27952
27953
27954
18257
27962
27963
27966
27967
31203
31208
31209
31212
31213
20695
27963
27964
27965
31206
33560
33561
33562
18413
20697
27973
27975
27977
27979
31207
33559
33561
33563
33565
18414
20699
27974
27975
27976
20696
27981
27982
27983
20699
27990
27991
18265
18418
20700
27995
27996
27997
18264
18266
31217
28004
28005
28006
18268
18269
28003
28005
28007
28009
28018
28020
28022
31223
18266
27995
27997
27999
28010
28012
28014
28016
31220
18268
18421
31221
31225
18422
28011
28012
28013
18270
18423
28010
28013
28015
28016
28029
28030
28032
31227
28018
28019
28020
18274
18428
28029
28030
28031
18273
18275
31224
28038
28039
28040
18277
18278
28037
28039
28041
28043
31230
33567
33569
33571
18275
28029
28031
28033
28044
28046
28048
28050
31227
18277
18430
31228
31232
18280
18431
28045
28046
28047
18281
18432
28044
28047
28049
28050
31234
33574
33575
33577
33567
33568
33569
18283
20714
28052
28053
28054
28059
28060
18437
20716
33574
33575
33576
18284
18438
20718
28064
28065
28066
28070
28071
18288
18442
28073
28074
18287
18289
20715
20720
20721
20724
20725
28077
28078
28079
18291
18292
28076
28078
28080
28082
31237
33581
33583
33585
20718
28084
28085
28086
18291
18444
20719
28083
28085
28087
28089
31239
18445
28091
28092
28093
18294
18446
28090
28093
28095
28096
31241
33588
33589
33591
33581
33582
33583
18296
20732
28102
28103
28104
18451
20734
33588
33589
33590
18298
18452
20736
28117
28118
28119
28124
28125
28126
18300
20739
28131
28132
28133
18455
20741
28138
28139
28140
18302
18456
20743
28145
28146
28147
28152
28153
28154
18305
18311
28159
28160
28161
18307
18459
28166
28167
28168
18309
18313
18460
28173
28174
28175
18306
18308
20740
18306
18309
28159
28161
28163
18310
18315
18308
18309
20743
28166
28168
28170
18310
18463
20744
18310
18318
18464
28173
28174
28176
18319
18465
28180
28181
28182
18316
18322
28187
28188
28189
18318
18470
28194
28195
28196
18320
18324
18471
28201
28202
28203
18317
18319
18317
18320
28187
28189
28191
18321
20747
18319
18320
28194
28196
28198
18321
18474
18321
18475
20750
28201
28202
28204
18476
20751
28208
28209
28210
18328
20748
33595
33596
33597
18481
20750
28221
28222
28223
18331
18482
20752
33602
33603
33604
18329
18334
28231
18332
18336
18485
28232
33609
33610
33611
28234
28235
28236
18333
20760
28233
28235
28237
28239
31244
33608
33610
33612
33614
18487
31246
33616
33617
33618
18488
20763
28247
28248
28249
18489
20764
28246
28249
28251
28252
31248
33615
33618
33620
33621
28254
28255
18340
20761
28261
28262
28263
18493
20763
28268
28269
18344
18494
20765
28275
28276
28277
18341
18349
28284
28285
28286
18345
18353
18497
28293
28294
28295
18342
18344
20767
20768
20771
20772
28262
28263
28266
18342
18345
20767
20769
20771
20773
28284
28286
28288
18346
31258
31264
28300
28301
28302
18346
18499
28275
28277
28279
28299
28301
28303
28305
31260
18346
18500
28293
28294
28296
28299
28302
28304
28305
31267
18501
31262
31268
18350
18368
28311
28312
28313
18354
18372
18506
28322
28323
28324
33623
33624
33625
18351
18354
20774
20776
20778
20780
28311
28313
28315
18355
31265
31271
33622
33624
33626
33628
28329
28330
28331
18508
31267
33630
33631
33632
18355
18509
28322
28323
28325
28328
28331
28333
28334
31274
18510
31269
31275
33629
33632
33634
33635
18358
18379
28335
18360
18383
18515
28336
28337
28338
18363
18386
28340
28341
28342
18389
18517
28345
28346
18366
18390
18518
28348
28349
28350
28354
28355
28359
28360
28361
18369
20797
33637
33638
33639
18371
18521
28368
28369
18522
20800
28373
28374
28375
18373
18523
20801
33644
33645
33646
18370
18372
20783
20784
20787
20788
28312
28313
28316
18370
18373
20783
20785
20787
20789
33637
33639
33641
18374
31272
31285
28380
28381
28382
18374
18527
28322
28324
28326
28379
28381
28383
28385
31274
18374
18528
28379
28382
28384
28385
31288
33644
33645
33647
18529
31276
31289
28387
28388
28389
18378
18380
28386
28388
28390
28392
18382
18534
28394
28395
28396
18384
18535
28393
28396
28398
28399
28401
28402
28403
18381
18384
20790
20792
20794
20796
18385
18387
28400
28402
28404
28406
31292
28408
28409
28410
18389
18536
28415
28416
28417
18385
18537
28407
28410
28412
28413
31295
18391
18538
28414
28417
28419
28420
31296
33651
33652
33653
18388
18391
31278
31280
31282
31284
18392
20798
33650
33652
33654
33656
34805
33658
33659
33660
18543
20800
33665
33666
33667
18392
18544
33657
33660
33662
33663
34808
18545
20802
33664
33667
33669
33670
34809
18397
31301
33671
33672
33675
33676
28422
28423
28424
18401
18407
33672
33673
33674
18397
28428
28430
28432
28434
31304
18403
18550
31305
33678
33680
33682
33684
18408
18551
28429
28430
28431
18405
18409
18552
33679
33680
33681
18402
18404
34814
33686
33687
33688
18406
18410
28445
28447
28449
31307
33685
33687
33689
33691
18404
33692
33694
33696
33698
34817
18406
18553
31309
34818
18411
18554
33693
33694
33695
18412
18555
28457
28458
28460
31311
33692
33695
33697
33698
28435
28436
28438
28439
18411
18557
28441
28442
28445
28446
28447
28452
28453
18415
18558
28457
28458
28459
18416
28467
28468
28471
28472
31308
31313
31314
31317
31318
20813
28468
28469
28470
31311
33700
33701
33702
18559
20815
28478
28480
28482
28484
31312
33699
33701
33703
33705
18560
20817
28479
28480
28481
20814
28486
28487
28488
20817
28495
28496
18424
18561
20818
28500
28501
28502
18423
18425
31322
28509
28510
28511
18427
18428
28508
28510
28512
28514
28523
28525
28527
31328
18425
28500
28502
28504
28515
28517
28519
28521
31325
18427
18562
31326
31330
18563
28516
28517
28518
18429
18564
28515
28518
28520
28521
28534
28535
28537
31332
28523
28524
28525
18433
18569
28534
28535
28536
18432
18434
31329
28543
28544
28545
18436
18437
28542
28544
28546
28548
31335
33707
33709
33711
18434
28534
28536
28538
28549
28551
28553
28555
31332
18436
18571
31333
31337
18439
18572
28550
28551
28552
18440
18573
28549
28552
28554
28555
31339
33714
33715
33717
33707
33708
33709
18442
20832
28557
28558
28559
28564
28565
18578
20834
33714
33715
33716
18443
18579
20836
28569
28570
28571
28575
28576
18447
18583
28578
28579
18446
18448
20833
20838
20839
20842
20843
28582
28583
28584
18450
18451
28581
28583
28585
28587
31342
33721
33723
33725
20836
28589
28590
28591
18450
18585
20837
28588
28590
28592
28594
31344
18586
28596
28597
28598
18453
18587
28595
28598
28600
28601
31346
33728
33729
33731
33721
33722
33723
18455
20850
28607
28608
28609
18592
20852
33728
33729
33730
18457
18593
20854
28622
28623
28624
28629
28630
28631
18459
20857
28636
28637
28638
18596
20859
28643
28644
28645
18461
18597
20861
28650
28651
28652
28657
28658
28659
18464
18470
28664
28665
28666
18466
18600
28671
28672
28673
18468
18472
18601
28678
28679
28680
18465
18467
20858
18465
18468
28664
28666
28668
18469
18474
18467
18468
20861
28671
28673
28675
18469
18604
20862
18469
18477
18605
28678
28679
28681
18478
18606
28685
28686
28687
18475
18481
28692
28693
28694
18477
18611
28699
28700
28701
18479
18483
18612
28706
28707
28708
18476
18478
18476
18479
28692
28694
28696
18480
20865
18478
18479
28699
28701
28703
18480
18615
18480
18616
20868
28706
28707
28709
18617
20869
28713
28714
28715
18487
20866
33735
33736
33737
18622
20868
28726
28727
28728
18490
18623
20870
33742
33743
33744
18488
18493
28736
18491
18495
18626
28737
33749
33750
33751
28739
28740
28741
18492
20878
28738
28740
28742
28744
31349
33748
33750
33752
33754
18628
31351
33756
33757
33758
18629
20881
28752
28753
28754
18630
20882
28751
28754
28756
28757
31353
33755
33758
33760
33761
28759
28760
18499
20879
28766
28767
28768
18634
20881
28773
28774
18503
18635
20883
28780
28781
28782
18500
18508
28789
28790
28791
18504
18512
18638
28798
28799
28800
18501
18503
20885
20886
20889
20890
28767
28768
28771
18501
18504
20885
20887
20889
20891
28789
28791
28793
18505
31363
31369
28805
28806
28807
18505
18640
28780
28782
28784
28804
28806
28808
28810
31365
18505
18641
28798
28799
28801
28804
28807
28809
28810
31372
18642
31367
31373
18509
18527
28816
28817
28818
18513
18531
18647
28827
28828
28829
33763
33764
33765
18510
18513
20892
20894
20896
20898
28816
28818
28820
18514
31370
31376
33762
33764
33766
33768
28834
28835
28836
18649
31372
33770
33771
33772
18514
18650
28827
28828
28830
28833
28836
28838
28839
31379
18651
31374
31380
33769
33772
33774
33775
18517
18536
28840
18519
18540
18656
28841
28842
28843
18522
18543
28845
28846
28847
18546
18658
28850
28851
18525
18547
18659
28853
28854
28855
28859
28860
28864
28865
28866
18528
20915
33777
33778
33779
18530
18662
28873
28874
18663
20918
28878
28879
28880
18532
18664
20919
33784
33785
33786
18529
18531
20901
20902
20905
20906
28817
28818
28821
18529
18532
20901
20903
20905
20907
33777
33779
33781
18533
31377
31390
28885
28886
28887
18533
18668
28827
28829
28831
28884
28886
28888
28890
31379
18533
18669
28884
28887
28889
28890
31393
33784
33785
33787
18670
31381
31394
28892
28893
28894
18537
28891
28893
28895
28897
28899
28900
28901
18538
18541
20908
20910
20912
20914
18542
18544
28898
28900
28902
28904
31397
28906
28907
28908
18546
18675
28913
28914
28915
18542
18676
28905
28908
28910
28911
31400
18548
18677
28912
28915
28917
28918
31401
33791
33792
33793
18545
18548
31383
31385
31387
31389
18549
20916
33790
33792
33794
33796
34833
33798
33799
33800
18680
20918
33805
33806
33807
18549
18681
33797
33800
33802
33803
34836
18682
20920
33804
33807
33809
33810
34837
31406
33811
33812
33815
33816
28920
28921
28922
18554
18557
33812
33813
33814
18555
18556
34842
33819
33820
33821
18558
28930
28932
28934
31412
33818
33820
33822
33824
31414
34846
28926
28927
28930
28931
28932
28940
28941
28944
28945
31413
31417
31418
31421
31422
20931
28941
28942
28943
20932
28948
28949
28950
18564
18566
31426
28957
28958
28959
18568
18569
28956
28958
28960
28962
28971
28973
28975
31432
18566
28963
28965
28967
28969
31429
18568
31430
31434
28964
28965
28966
18570
28963
28966
28968
28969
28982
28983
28985
31436
28971
28972
28973
18574
28982
28983
28984
18573
18575
31433
28991
28992
28993
18577
18578
28990
28992
28994
28996
31439
33826
33828
33830
18575
28982
28984
28986
28997
28999
29001
29003
31436
18577
31437
31441
18580
28998
28999
29000
18581
28997
29000
29002
29003
31443
33833
33834
33836
33826
33827
33828
18583
20947
29005
29006
29007
29012
29013
20949
33833
33834
33835
18584
18687
20951
29017
29018
29019
29023
29024
18588
18688
29026
29027
18587
18589
20948
20953
20954
20957
20958
29030
29031
29032
18591
18592
29029
29031
29033
29035
31446
33840
33842
33844
20951
29037
29038
29039
18591
18689
20952
29036
29038
29040
29042
31448
18690
29044
29045
29046
18594
18691
29043
29046
29048
29049
31450
33847
33848
33850
33840
33841
33842
18596
20965
29055
29056
29057
18694
20967
33847
33848
33849
18598
18695
20969
29070
29071
29072
29077
29078
29079
18600
20972
29084
29085
29086
18698
20974
29091
29092
29093
18602
18699
20976
29098
29099
29100
29105
29106
29107
18605
18611
29112
29113
29114
18607
18702
29119
29120
29121
18609
18613
18703
29126
29127
29128
18606
18608
20973
18606
18609
29112
29114
29116
18610
18615
18608
18609
20976
29119
29121
29123
18610
18706
20977
18610
18618
18707
29126
29127
29129
18619
18708
29133
29134
29135
18616
18622
29140
29141
29142
18618
18713
29147
29148
29149
18620
18624
18714
29154
29155
29156
18617
18619
18617
18620
29140
29142
29144
18621
20980
18619
18620
29147
29149
29151
18621
18717
18621
18718
20983
29154
29155
29157
18719
20984
29161
29162
29163
18628
20981
33854
33855
33856
18724
20983
29174
29175
29176
18631
18725
20985
33861
33862
33863
18629
18634
29184
18632
18636
18728
29185
33868
33869
33870
29187
29188
29189
18633
20993
29186
29188
29190
29192
31453
33867
33869
33871
33873
18730
31455
33875
33876
33877
18731
20996
29200
29201
29202
18732
20997
29199
29202
29204
29205
31457
33874
33877
33879
33880
29207
29208
18640
20994
29214
29215
29216
18736
20996
29221
29222
18644
18737
20998
29228
29229
29230
18641
18649
29237
29238
29239
18645
18653
18740
29246
29247
29248
18642
18644
21000
21001
21004
21005
29215
29216
29219
18642
18645
21000
21002
21004
21006
29237
29239
29241
18646
31467
31473
29253
29254
29255
18646
18742
29228
29230
29232
29252
29254
29256
29258
31469
18646
18743
29246
29247
29249
29252
29255
29257
29258
31476
18744
31471
31477
18650
18668
29264
29265
29266
18654
18672
18749
29275
29276
29277
33882
33883
33884
18651
18654
21007
21009
21011
21013
29264
29266
29268
18655
31474
31480
33881
33883
33885
33887
29282
29283
29284
18751
31476
33889
33890
33891
18655
18752
29275
29276
29278
29281
29284
29286
29287
31483
18753
31478
31484
33888
33891
33893
33894
18658
18675
29288
18660
18678
18758
29289
29290
29291
18663
18680
29293
29294
29295
18683
18760
29298
29299
18666
18684
18761
29301
29302
29303
29307
29308
29312
29313
29314
18669
21030
33896
33897
33898
18671
18764
29321
29322
18765
21033
29326
29327
29328
18673
18766
21034
33903
33904
33905
18670
18672
21016
21017
21020
21021
29265
29266
29269
18670
18673
21016
21018
21020
21022
33896
33898
33900
18674
31481
31494
29333
29334
29335
18674
18770
29275
29277
29279
29332
29334
29336
29338
31483
18674
18771
29332
29335
29337
29338
31497
33903
33904
33906
18772
31485
31498
29340
29341
29342
18677
21023
21025
21027
21029
18679
18681
29339
29341
29343
29345
31501
18683
18777
29347
29348
29349
18685
18778
29346
29349
29351
29352
31505
33910
33911
33912
18682
18685
31487
31489
31491
31493
18686
21031
33909
33911
33913
33915
34861
33917
33918
33919
18781
21033
33924
33925
33926
18686
18782
33916
33919
33921
33922
34864
18783
21035
33923
33926
33928
33929
34865
18688
21038
29354
29355
29356
29360
29361
18691
21039
21040
21041
21044
21045
29364
29365
29366
18693
18694
29363
29365
29367
29369
31509
33931
33933
33935
29371
29372
29373
18696
29370
29373
29375
29376
31513
33938
33939
33941
33931
33932
33933
18698
21052
29382
29383
29384
21054
33938
33939
33940
18700
21056
29397
29398
29399
29404
29405
29406
18702
21059
29411
29412
29413
21061
29418
29419
29420
18704
21063
29425
29426
29427
29432
29433
29434
18707
18713
29439
29440
29441
18709
29446
29447
29448
18711
18715
29453
29454
29455
18708
18710
21060
18708
18711
29439
29441
29443
18712
18717
18710
18711
21063
29446
29448
29450
18712
21064
18712
18720
29453
29454
29456
18721
29460
29461
29462
18718
18724
29467
29468
29469
18720
29474
29475
29476
18722
18726
29481
29482
29483
18719
18721
18719
18722
29467
29469
29471
18723
21067
18721
18722
29474
29476
29478
18723
18723
21070
29481
29482
29484
21071
29488
29489
29490
18730
21068
33945
33946
33947
21070
29501
29502
29503
18733
21072
33952
33953
33954
18731
18736
29511
18734
18738
29512
33959
33960
33961
29514
29515
29516
18735
21080
29513
29515
29517
29519
31516
33958
33960
33962
33964
31518
33966
33967
33968
21083
29527
29528
29529
21084
29526
29529
29531
29532
31520
33965
33968
33970
33971
29534
29535
18742
21081
29541
29542
29543
21083
29548
29549
18746
21085
29555
29556
29557
18743
18751
29564
29565
29566
18747
18755
29573
29574
29575
18744
18746
21087
21088
21091
21092
29542
29543
29546
18744
18747
21087
21089
21091
21093
29564
29566
29568
18748
31530
31536
29580
29581
29582
18748
29555
29557
29559
29579
29581
29583
29585
31532
18748
29573
29574
29576
29579
29582
29584
29585
31539
31534
31540
18752
18770
29591
29592
29593
18756
18774
29602
29603
29604
33973
33974
33975
18753
18756
21094
21096
21098
21100
29591
29593
29595
18757
31537
31543
33972
33974
33976
33978
29609
29610
29611
31539
33980
33981
33982
18757
29602
29603
29605
29608
29611
29613
29614
31546
31541
31547
33979
33982
33984
33985
18760
18777
29615
18762
18779
29616
29617
29618
18765
18781
29620
29621
29622
18784
29625
29626
18768
18785
29628
29629
29630
29634
29635
29639
29640
29641
18771
21110
33987
33988
33989
18773
29648
29649
21113
29653
29654
29655
18775
21114
33994
33995
33996
18772
18774
21103
21104
21107
21108
29592
29593
29596
18772
18775
21103
21105
21107
21109
33987
33989
33991
18776
31544
31557
29660
29661
29662
18776
29602
29604
29606
29659
29661
29663
29665
31546
18776
29659
29662
29664
29665
31560
33994
33995
33997
31548
31561
29667
29668
29669
18780
18782
29666
29668
29670
29672
31564
18784
29674
29675
29676
18786
29673
29676
29678
29679
31568
34001
34002
34003
18783
18786
31550
31552
31554
31556
18787
21111
34000
34002
34004
34006
34875
34008
34009
34010
21113
34015
34016
34017
18787
34007
34010
34012
34013
34878
21115
34014
34017
34019
34020
34879
18792
18793
18794
18800
18792
18794
18793
18794
18792
18793
18801
18804
18805
18798
18799
18800
18798
31669
18798
18799
18802
19081
31671
18804
31673
18806
19082
18804
18805
18806
18804
18805
18804
18806
21117
18805
18806
18807
21118
18808
21119
18808
18811
21124
18813
18813
18814
18815
18813
18814
18813
18815
21140
18814
18815
18816
21141
18817
21142
18817
18820
19086
18822
18822
18823
18824
18822
18823
18822
18824
21154
18823
18824
18825
21155
18826
21156
18826
18829
21161
18831
18831
18832
18833
18831
18832
18835
18831
18833
21174
18832
18833
18836
21175
18837
21176
18837
18838
31578
18837
18837
18838
19088
31580
31582
19089
31584
18843
18844
18845
31578
18843
18844
18846
18843
18845
21188
31581
18844
18845
21189
31583
21190
31584
18848
18850
18848
18852
21207
18854
18853
18854
18855
18856
29701
18853
18854
29704
18853
18855
19100
18854
18855
18858
19101
29705
18860
29706
18862
19102
18860
18861
18862
18860
18861
18860
18862
21213
18861
18862
18864
21214
18865
21215
18865
18866
18867
31599
18865
18866
19107
31601
31603
18870
19108
31605
18869
18870
18871
18869
18870
18874
21234
18876
18877
21235
18875
18876
18877
31592
31599
18875
18876
18886
31595
18875
18877
21238
31602
18876
18877
18887
21239
31596
31604
18889
31597
21240
31605
18882
18883
18884
18885
18882
18884
31594
18883
18884
18882
18883
18886
31595
18889
31597
18890
18889
18890
18891
18892
18889
18890
18889
18891
21260
18890
18891
18894
21261
18896
18898
21262
18896
18897
18898
18896
18897
18900
18896
18898
21267
18897
18898
18901
21268
18903
21269
18903
18904
18905
18906
18903
18904
18903
18905
21288
18904
18905
18908
21289
18910
18912
21290
18910
18911
18912
18910
18911
18914
18910
18912
21295
18911
18912
18915
21296
18917
21297
18917
18918
18919
18920
18917
18918
18917
18919
21316
18918
18919
18922
21317
18924
18926
21318
18924
18925
18926
18924
18925
18937
18924
18926
21323
18925
18926
18938
21324
18940
21325
18931
18932
18933
18936
31606
18931
18933
18932
18933
31607
18931
18932
18937
18940
18941
31610
31612
18935
18936
18943
18942
18946
19125
18940
18941
18942
31613
18940
18941
18940
18942
21344
18941
18942
21345
31615
31617
21346
31619
18945
18946
31613
18945
18946
18956
21351
31616
18958
31618
21352
31619
18962
18976
18952
18953
18954
18961
18952
18954
18953
18954
29722
18952
18953
18962
29724
18965
18966
29725
18958
18959
18960
18961
31627
18958
18960
19134
31629
18959
18960
18963
19135
31631
18965
18967
19136
31633
18965
18966
18967
18965
18966
31676
18965
18967
21370
18966
18967
21371
31677
31679
21372
18972
18973
18974
18982
18972
18974
18973
18974
18972
18973
18983
18986
18987
18978
18979
18982
18978
31676
18978
18979
18984
21390
31678
18986
31680
18988
21391
18981
18985
19000
21395
18987
19002
18986
18987
18988
18986
18987
18986
18988
21397
18987
18988
21398
21399
18990
18993
19001
21418
18995
19003
18995
18996
18997
18995
18996
31642
18995
18997
21420
18996
18997
21421
31643
31645
21422
19002
19003
19004
19002
19003
19002
19004
19147
19003
19004
19148
19149
19006
19011
19019
21443
19013
19021
19008
19012
19068
21445
19014
19070
19013
19014
19015
19013
19014
19013
19015
21447
19014
19015
21448
21449
19020
19021
19022
31641
19020
19021
19020
19022
19154
31643
19021
19022
19155
31645
19156
31647
19024
19061
19026
31690
19026
19029
21474
31691
19031
31693
19030
19031
19047
31697
19030
19048
21477
19031
21478
31698
19050
31699
19036
19037
19038
19046
31648
19036
19038
19037
19038
31650
19036
19037
19047
19050
19051
31653
31654
19040
19041
19046
19045
19052
19161
19044
19045
31655
19044
19067
19044
19045
19069
21490
31657
19071
31659
21491
31661
19050
19051
19052
31655
19050
19051
19050
19052
21495
19051
19052
21496
31658
31660
21497
31661
19057
19058
19059
19060
19057
19059
19058
19059
29751
19057
19058
19061
29752
19064
19065
29754
19064
19065
19066
19064
19065
31690
19064
19066
21523
19065
19066
21524
31692
31694
21525
19070
19071
19070
19073
19163
19071
19073
19164
19072
19072
19073
19165
19076
19078
34422
34021
34022
34024
19080
21117
21121
21122
29772
34022
34023
34026
34027
19078
34029
34031
34033
34034
34425
19080
19177
29774
34426
19178
34028
34029
34030
19179
21132
21133
21135
29776
34030
34032
34033
34034
19082
19085
21117
34022
19083
21119
19085
21120
21126
19085
21127
34024
21122
21129
34026
19087
21141
21154
21146
21159
21164
19089
19092
21175
31704
19090
31706
19092
21195
31707
19092
21178
21196
21180
21198
31709
19095
19097
29787
19095
19098
19100
19104
19105
21188
21192
21193
19099
19097
19098
29790
31712
31714
31716
19099
19196
29791
19099
19197
21201
21202
21204
21221
21222
21224
19198
19102
19105
19102
19106
21207
21213
19103
21215
19105
19106
21216
21220
19105
19106
21208
21221
21224
21209
21218
21225
19108
19110
21214
31718
19109
21235
31720
19110
21236
21245
31721
21219
21247
31723
19113
19115
29794
19113
19116
21238
21242
21243
19117
19118
19115
19116
29797
31726
31728
31730
19117
19214
29798
19117
19121
19215
21254
21255
21257
19122
19216
19120
19122
19120
19123
21267
21271
21272
19124
19122
19123
21275
21277
21279
19124
19221
19124
19222
21282
21283
21285
19223
19126
21346
21352
21347
21353
21355
19129
19131
19129
19132
31732
31736
31737
19133
29799
19131
19132
21358
21360
21362
19133
19230
19133
19231
29802
31740
31741
31743
19232
29803
19136
19138
21351
31746
19136
19139
21370
19137
21372
31748
19138
19139
21373
21377
31749
21354
21380
31751
21375
21381
19142
19144
29806
29808
29810
29812
19142
19145
21397
21401
21402
29807
29808
29811
29812
19146
29813
34428
34035
34036
34037
19146
19243
34036
34038
34040
34041
34430
19146
19244
21412
21413
21415
29816
34037
34039
34040
34041
19245
29817
34432
19149
19152
21395
19149
19153
21418
19150
19152
19153
21436
19152
19153
21437
21396
21440
21419
21441
19156
19159
31760
19156
19160
21443
19157
31762
19159
19160
21465
31763
19159
19160
21466
21469
31765
21444
21470
19162
21491
21497
21492
21498
21502
19165
19168
21445
19165
19169
21490
19166
19168
19169
21516
19168
19169
21493
21517
21446
21520
21494
21521
19172
19174
31775
31778
31780
19172
19175
19176
29842
19174
19175
21510
21512
21514
31803
31805
31807
19176
19273
29844
31782
31784
31786
19176
19274
19275
29846
19179
19181
34443
34042
34043
34044
19183
21538
21540
21542
29856
34043
34046
34047
34048
19181
34050
34052
34054
34055
34446
19183
19280
29858
34447
19281
34049
34050
34051
19282
21552
21553
21555
29860
34051
34053
34054
34055
19187
19188
21537
21546
19187
19188
21128
21538
34043
19188
21547
34044
21130
21541
21542
21549
34046
19190
21163
21562
21575
21566
21579
21584
19194
19195
21615
31809
19194
19195
21197
21596
31810
19195
21597
21616
21199
31813
21600
21618
31814
19198
19200
29871
19198
19201
19204
19206
19208
21609
21611
21613
19202
19200
19201
29874
31817
31819
31821
19202
19299
29875
19202
19300
21621
21622
21624
21641
21642
21644
19301
19207
19208
19209
21633
21640
19207
19208
21222
19207
19209
21223
21627
21634
19208
19209
21628
21641
21226
21637
21644
21629
21638
21645
19212
19213
21654
21665
31823
19212
19213
21246
21635
31824
21248
21656
31827
21639
21667
31828
19216
19218
29878
19216
19219
21659
21661
21663
19220
19221
19218
19219
29881
31831
31833
31835
19220
19317
29882
19220
19224
19318
21674
21675
21677
19225
19319
19223
19225
19223
19226
21688
21690
21692
19227
19225
19226
21695
21697
21699
19227
19324
19227
19325
21702
21703
21705
19326
19229
21764
21771
21775
21356
21768
21773
19232
19234
19232
19235
31838
31840
31842
19236
29883
19234
19235
21778
21780
21782
19236
19333
19236
19334
29886
31845
31846
31848
19335
29887
19240
19241
19242
21790
21797
31851
19240
19241
21378
21772
31852
19240
19242
21379
21791
21382
21794
31855
21774
21800
31856
21795
21801
19245
19247
29890
29893
29895
29896
19245
19248
21818
21820
21822
29891
29894
29895
29896
19249
29897
34449
34056
34057
34058
19249
19346
34057
34059
34061
34062
34451
19249
19347
21832
21833
21835
29900
34058
34060
34061
34062
19348
29901
34453
19254
19255
19256
21856
19254
19255
21438
21815
19254
19256
21439
21838
19255
19256
21857
21442
21816
21860
21839
21861
19261
19262
19263
21885
31865
19261
19262
21467
31866
19261
19263
21468
21863
19262
19263
21886
21471
31869
21889
31870
21864
21890
19265
21910
21915
21922
21503
21913
21919
19270
19271
19272
21936
19270
19271
21518
21865
19270
19272
21519
21911
19271
19272
21912
21937
21522
21866
21940
21914
21941
19275
19277
31881
31882
31885
19275
19278
19279
29926
19277
19278
21930
21932
21934
31908
31910
31912
19279
19376
29928
31887
31889
31891
19279
19377
19378
29930
19282
19284
34464
34063
34064
34065
19286
21958
21960
21962
29940
34064
34067
34068
34069
19284
34071
34073
34075
34076
34467
19286
19383
29942
34468
19384
34070
34071
34072
19385
21972
21973
21975
29944
34072
34074
34075
34076
19290
19291
21957
21966
19290
19291
21548
21958
34064
19291
21967
34065
21550
21961
21962
21969
34067
19293
21583
21982
21995
21986
21999
22004
19297
19298
22035
31914
19297
19298
21617
22016
31915
19298
22017
22036
21619
31918
22020
22038
31919
19301
19303
29955
19301
19304
19307
19309
19311
22029
22031
22033
19305
19303
19304
29958
31922
31924
31926
19305
19402
29959
19305
19403
22041
22042
22044
22061
22062
22064
19404
19310
19311
19312
22053
22060
19310
19311
21642
19310
19312
21643
22047
22054
19311
19312
22048
22061
21646
22057
22064
22049
22058
22065
19315
19316
22074
22085
31928
19315
19316
21666
22055
31929
21668
22076
31932
22059
22087
31933
19319
19321
29962
19319
19322
22079
22081
22083
19323
19324
19321
19322
29965
31936
31938
31940
19323
19420
29966
19323
19327
19421
22094
22095
22097
19328
19422
19326
19328
19326
19329
22108
22110
22112
19330
19328
19329
22115
22117
22119
19330
19427
19330
19428
22122
22123
22125
19429
19332
22184
22191
22195
21776
22188
22193
19335
19337
19335
19338
31943
31945
31947
19339
29967
19337
19338
22198
22200
22202
19339
19436
19339
19437
29970
31950
31951
31953
19438
29971
19343
19344
19345
22210
22217
31956
19343
19344
21798
22192
31957
19343
19345
21799
22211
21802
22214
31960
22194
22220
31961
22215
22221
19348
19350
29974
29977
29979
29980
19348
19351
22238
22240
22242
29975
29978
29979
29980
19352
29981
34470
34077
34078
34079
19352
19449
34078
34080
34082
34083
34472
19352
19450
22252
22253
22255
29984
34079
34081
34082
34083
19451
29985
34474
19357
19358
19359
22276
19357
19358
21858
22235
19357
19359
21859
22258
19358
19359
22277
21862
22236
22280
22259
22281
19364
19365
19366
22305
31970
19364
19365
21887
31971
19364
19366
21888
22283
19365
19366
22306
21891
31974
22309
31975
22284
22310
19368
22330
22335
22342
21923
22333
22339
19373
19374
19375
22356
19373
19374
21938
22285
19373
19375
21939
22331
19374
19375
22332
22357
21942
22286
22360
22334
22361
19378
19380
31986
31987
31990
19378
19381
19382
30010
19380
19381
22350
22352
22354
32013
32015
32017
19382
19479
30012
31992
31994
31996
19382
19480
19481
30014
19385
19387
34485
34084
34085
34086
19389
22378
22380
22382
30024
34085
34088
34089
34090
19387
34092
34094
34096
34097
34488
19389
19486
30026
34489
19487
34091
34092
34093
19488
22392
22393
22395
30028
34093
34095
34096
34097
19393
19394
22377
22386
19393
19394
21968
22378
34085
19394
22387
34086
21970
22381
22382
22389
34088
19396
22003
22402
22415
22406
22419
22424
19400
19401
22455
32019
19400
19401
22037
22436
32020
19401
22437
22456
22039
32023
22440
22458
32024
19404
19406
30039
19404
19407
19410
19412
19414
22449
22451
22453
19408
19406
19407
30042
32027
32029
32031
19408
19505
30043
19408
19506
22461
22462
22464
22481
22482
22484
19507
19413
19414
19415
22473
22480
19413
19414
22062
19413
19415
22063
22467
22474
19414
19415
22468
22481
22066
22477
22484
22469
22478
22485
19418
19419
22494
22505
32033
19418
19419
22086
22475
32034
22088
22496
32037
22479
22507
32038
19422
19424
30046
19422
19425
22499
22501
22503
19426
19427
19424
19425
30049
32041
32043
32045
19426
19523
30050
19426
19430
19524
22514
22515
22517
19431
19525
19429
19431
19429
19432
22528
22530
22532
19433
19431
19432
22535
22537
22539
19433
19530
19433
19531
22542
22543
22545
19532
19435
22604
22611
22615
22196
22608
22613
19438
19440
19438
19441
32048
32050
32052
19442
30051
19440
19441
22618
22620
22622
19442
19539
19442
19540
30054
32055
32056
32058
19541
30055
19446
19447
19448
22630
22637
32061
19446
19447
22218
22612
32062
19446
19448
22219
22631
22222
22634
32065
22614
22640
32066
22635
22641
19451
19453
30058
30061
30063
30064
19451
19454
22658
22660
22662
30059
30062
30063
30064
19455
30065
34491
34098
34099
34100
19455
19552
34099
34101
34103
34104
34493
19455
19553
22672
22673
22675
30068
34100
34102
34103
34104
19554
30069
34495
19460
19461
19462
22696
19460
19461
22278
22655
19460
19462
22279
22678
19461
19462
22697
22282
22656
22700
22679
22701
19467
19468
19469
22725
32075
19467
19468
22307
32076
19467
19469
22308
22703
19468
19469
22726
22311
32079
22729
32080
22704
22730
19471
22750
22755
22762
22343
22753
22759
19476
19477
19478
22776
19476
19477
22358
22705
19476
19478
22359
22751
19477
19478
22752
22777
22362
22706
22780
22754
22781
19481
19483
32091
32092
32095
19481
19484
19485
30094
19483
19484
22770
22772
22774
32118
32120
32122
19485
19582
30096
32097
32099
32101
19485
19583
19584
30098
19488
19490
34506
34105
34106
34107
19492
22798
22800
22802
30108
34106
34109
34110
34111
19490
34113
34115
34117
34118
34509
19492
19589
30110
34510
19590
34112
34113
34114
19591
22812
22813
22815
30112
34114
34116
34117
34118
19496
19497
22797
22806
19496
19497
22388
22798
34106
19497
22807
34107
22390
22801
22802
22809
34109
19499
22423
22822
22835
22826
22839
22844
19503
19504
22875
32124
19503
19504
22457
22856
32125
19504
22857
22876
22459
32128
22860
22878
32129
19507
19509
30123
19507
19510
19513
19515
19517
22869
22871
22873
19511
19509
19510
30126
32132
32134
32136
19511
19608
30127
19511
19609
22881
22882
22884
22901
22902
22904
19610
19516
19517
19518
22893
22900
19516
19517
22482
19516
19518
22483
22887
22894
19517
19518
22888
22901
22486
22897
22904
22889
22898
22905
19521
19522
22914
22925
32138
19521
19522
22506
22895
32139
22508
22916
32142
22899
22927
32143
19525
19527
30130
19525
19528
22919
22921
22923
19529
19530
19527
19528
30133
32146
32148
32150
19529
19626
30134
19529
19533
19627
22934
22935
22937
19534
19628
19532
19534
19532
19535
22948
22950
22952
19536
19534
19535
22955
22957
22959
19536
19633
19536
19634
22962
22963
22965
19635
19538
23024
23031
23035
22616
23028
23033
19541
19543
19541
19544
32153
32155
32157
19545
30135
19543
19544
23038
23040
23042
19545
19642
19545
19643
30138
32160
32161
32163
19644
30139
19549
19550
19551
23050
23057
32166
19549
19550
22638
23032
32167
19549
19551
22639
23051
22642
23054
32170
23034
23060
32171
23055
23061
19554
19556
30142
30145
30147
30148
19554
19557
23078
23080
23082
30143
30146
30147
30148
19558
30149
34512
34119
34120
34121
19558
19655
34120
34122
34124
34125
34514
19558
19656
23092
23093
23095
30152
34121
34123
34124
34125
19657
30153
34516
19563
19564
19565
23116
19563
19564
22698
23075
19563
19565
22699
23098
19564
19565
23117
22702
23076
23120
23099
23121
19570
19571
19572
23145
32180
19570
19571
22727
32181
19570
19572
22728
23123
19571
19572
23146
22731
32184
23149
32185
23124
23150
19574
23170
23175
23182
22763
23173
23179
19579
19580
19581
23196
19579
19580
22778
23125
19579
19581
22779
23171
19580
19581
23172
23197
22782
23126
23200
23174
23201
19584
19586
32196
32197
32200
19584
19587
19588
30178
19586
19587
23190
23192
23194
32223
32225
32227
19588
19685
30180
32202
32204
32206
19588
19686
19687
30182
19591
19593
34527
34126
34127
34128
19595
23218
23220
23222
30192
34127
34130
34131
34132
19593
34134
34136
34138
34139
34530
19595
19692
30194
34531
19693
34133
34134
34135
19694
23232
23233
23235
30196
34135
34137
34138
34139
19599
19600
23217
23226
19599
19600
22808
23218
34127
19600
23227
34128
22810
23221
23222
23229
34130
19602
22843
23242
23255
23246
23259
23264
19606
19607
23295
32229
19606
19607
22877
23276
32230
19607
23277
23296
22879
32233
23280
23298
32234
19610
19612
30207
19610
19613
19616
19618
19620
23289
23291
23293
19614
19612
19613
30210
32237
32239
32241
19614
19711
30211
19614
19712
23301
23302
23304
23321
23322
23324
19713
19619
19620
19621
23313
23320
19619
19620
22902
19619
19621
22903
23307
23314
19620
19621
23308
23321
22906
23317
23324
23309
23318
23325
19624
19625
23334
23345
32243
19624
19625
22926
23315
32244
22928
23336
32247
23319
23347
32248
19628
19630
30214
19628
19631
23339
23341
23343
19632
19633
19630
19631
30217
32251
32253
32255
19632
19729
30218
19632
19636
19730
23354
23355
23357
19637
19731
19635
19637
19635
19638
23368
23370
23372
19639
19637
19638
23375
23377
23379
19639
19736
19639
19737
23382
23383
23385
19738
19641
23444
23451
23455
23036
23448
23453
19644
19646
19644
19647
32258
32260
32262
19648
30219
19646
19647
23458
23460
23462
19648
19745
19648
19746
30222
32265
32266
32268
19747
30223
19652
19653
19654
23470
23477
32271
19652
19653
23058
23452
32272
19652
19654
23059
23471
23062
23474
32275
23454
23480
32276
23475
23481
19657
19659
30226
30229
30231
30232
19657
19660
23498
23500
23502
30227
30230
30231
30232
19661
30233
34533
34140
34141
34142
19661
19758
34141
34143
34145
34146
34535
19661
19759
23512
23513
23515
30236
34142
34144
34145
34146
19760
30237
34537
19666
19667
19668
23536
19666
19667
23118
23495
19666
19668
23119
23518
19667
19668
23537
23122
23496
23540
23519
23541
19673
19674
19675
23565
32285
19673
19674
23147
32286
19673
19675
23148
23543
19674
19675
23566
23151
32289
23569
32290
23544
23570
19677
23590
23595
23602
23183
23593
23599
19682
19683
19684
23616
19682
19683
23198
23545
19682
19684
23199
23591
19683
19684
23592
23617
23202
23546
23620
23594
23621
19687
19689
32301
32302
32305
19687
19690
19691
30262
19689
19690
23610
23612
23614
32328
32330
32332
19691
19788
30264
32307
32309
32311
19691
19789
19790
30266
19694
19696
34548
34147
34148
34149
19698
23649
23651
23653
30278
34148
34151
34152
34153
19696
34155
34157
34159
34160
34551
19698
19795
30280
34552
19796
34154
34155
34156
19797
23663
23664
23666
30282
34156
34158
34159
34160
19702
19703
23648
23657
19702
19703
23228
23649
34148
19703
23658
34149
23230
23652
23653
23660
34151
19705
23263
23673
23686
23677
23690
23695
19709
19710
23726
32341
19709
19710
23297
23707
32342
19710
23708
23727
23299
32345
23711
23729
32346
19713
19715
30293
19713
19716
19719
19721
19723
23720
23722
23724
19717
19715
19716
30296
32349
32351
32353
19717
19814
30297
19717
19815
23732
23733
23735
23752
23753
23755
19816
19722
19723
19724
23744
23751
19722
19723
23322
19722
19724
23323
23738
23745
19723
19724
23739
23752
23326
23748
23755
23740
23749
23756
19727
19728
23765
23776
32355
19727
19728
23346
23746
32356
23348
23767
32359
23750
23778
32360
19731
19733
30300
19731
19734
23770
23772
23774
19735
19736
19733
19734
30303
32363
32365
32367
19735
19832
30304
19735
19739
19833
23785
23786
23788
19740
19834
19738
19740
19738
19741
23799
23801
23803
19742
19740
19741
23806
23808
23810
19742
19839
19742
19840
23813
23814
23816
19841
19744
23875
23882
23886
23456
23879
23884
19747
19749
19747
19750
32370
32372
32374
19751
30305
19749
19750
23889
23891
23893
19751
19848
19751
19849
30308
32377
32378
32380
19850
30309
19755
19756
19757
23901
23908
32383
19755
19756
23478
23883
32384
19755
19757
23479
23902
23482
23905
32387
23885
23911
32388
23906
23912
19760
19762
30312
30315
30317
30318
19760
19763
23929
23931
23933
30313
30316
30317
30318
19764
30319
34554
34161
34162
34163
19764
19861
34162
34164
34166
34167
34556
19764
19862
23943
23944
23946
30322
34163
34165
34166
34167
19863
30323
34558
19769
19770
19771
23967
19769
19770
23538
23926
19769
19771
23539
23949
19770
19771
23968
23542
23927
23971
23950
23972
19776
19777
19778
23996
32397
19776
19777
23567
32398
19776
19778
23568
23974
19777
19778
23997
23571
32401
24000
32402
23975
24001
19780
24021
24026
24033
23603
24024
24030
19785
19786
19787
24047
19785
19786
23618
23976
19785
19787
23619
24022
19786
19787
24023
24048
23622
23977
24051
24025
24052
19790
19792
32413
32414
32417
19790
19793
19794
30348
19792
19793
24041
24043
24045
32440
32442
32444
19794
19891
30350
32419
32421
32423
19794
19892
19893
30352
19797
19799
34569
34168
34169
34170
19801
24091
24093
24095
30376
34169
34172
34173
34174
19799
34176
34178
34180
34181
34572
19801
19903
30378
34573
19904
34175
34176
34177
19905
24105
24106
24108
30380
34177
34179
34180
34181
19805
19806
24090
24099
19805
19806
23659
24091
34169
19806
24100
34170
23661
24094
24095
24102
34172
19808
23694
24115
24128
24119
24132
24137
19812
19813
24168
32453
19812
19813
23728
24149
32454
19813
24150
24169
23730
32457
24153
24171
32458
19816
19818
30391
19816
19819
19822
19824
19826
24162
24164
24166
19820
19818
19819
30394
32461
32463
32465
19820
19922
30395
19820
19923
24174
24175
24177
24194
24195
24197
19924
19825
19826
19827
24186
24193
19825
19826
23753
19825
19827
23754
24180
24187
19826
19827
24181
24194
23757
24190
24197
24182
24191
24198
19830
19831
24207
24218
32467
19830
19831
23777
24188
32468
23779
24209
32471
24192
24220
32472
19834
19836
30398
19834
19837
24212
24214
24216
19838
19839
19836
19837
30401
32475
32477
32479
19838
19940
30402
19838
19842
19941
24227
24228
24230
19843
19942
19841
19843
19841
19844
24241
24243
24245
19845
19843
19844
24248
24250
24252
19845
19947
19845
19948
24255
24256
24258
19949
19847
24317
24324
24328
23887
24321
24326
19850
19852
19850
19853
32482
32484
32486
19854
30403
19852
19853
24331
24333
24335
19854
19956
19854
19957
30406
32489
32490
32492
19958
30407
19858
19859
19860
24343
24350
32495
19858
19859
23909
24325
32496
19858
19860
23910
24344
23913
24347
32499
24327
24353
32500
24348
24354
19863
19865
30410
30413
30415
30416
19863
19866
24371
24373
24375
30411
30414
30415
30416
19867
30417
34575
34182
34183
34184
19867
19969
34183
34185
34187
34188
34577
19867
19970
24385
24386
24388
30420
34184
34186
34187
34188
19971
30421
34579
19872
19873
19874
24409
19872
19873
23969
24368
19872
19874
23970
24391
19873
19874
24410
23973
24369
24413
24392
24414
19879
19880
19881
24438
32509
19879
19880
23998
32510
19879
19881
23999
24416
19880
19881
24439
24002
32513
24442
32514
24417
24443
19883
24463
24468
24475
24034
24466
24472
19888
19889
19890
24489
19888
19889
24049
24418
19888
19890
24050
24464
19889
19890
24465
24490
24053
24419
24493
24467
24494
19893
19895
32525
32526
32529
19893
19896
19897
30446
19895
19896
24483
24485
24487
32552
32554
32556
19897
19999
30448
32531
32533
32535
19897
20000
20001
30450
19901
19902
24523
24530
19901
19902
24524
32567
19902
24531
32568
24527
24528
24533
32571
19905
19907
34597
34189
34190
34191
19909
24565
24567
24569
30481
34190
34193
34194
34195
19907
34197
34199
34201
34202
34600
19909
20014
30483
34601
20015
34196
34197
34198
20016
24579
24580
24582
30485
34198
34200
34201
34202
19913
19914
24564
24573
19913
19914
24101
24565
34190
19914
24574
34191
24103
24568
24569
24576
34193
19916
24136
24589
24602
24593
24606
24611
19920
19921
24642
32586
19920
19921
24170
24623
32587
19921
24624
24643
24172
32590
24627
24645
32591
19924
19926
30496
19924
19927
19930
19932
19934
24636
24638
24640
19928
19926
19927
30499
32594
32596
32598
19928
20033
30500
19928
20034
24648
24649
24651
24668
24669
24671
20035
19933
19934
19935
24660
24667
19933
19934
24195
19933
19935
24196
24654
24661
19934
19935
24655
24668
24199
24664
24671
24656
24665
24672
19938
19939
24681
24692
32600
19938
19939
24219
24662
32601
24221
24683
32604
24666
24694
32605
19942
19944
30503
19942
19945
24686
24688
24690
19946
19947
19944
19945
30506
32608
32610
32612
19946
20051
30507
19946
19950
20052
24701
24702
24704
19951
20053
19949
19951
19949
19952
24715
24717
24719
19953
19951
19952
24722
24724
24726
19953
20058
19953
20059
24729
24730
24732
20060
19955
24791
24798
24802
24329
24795
24800
19958
19960
19958
19961
32615
32617
32619
19962
30508
19960
19961
24805
24807
24809
19962
20067
19962
20068
30511
32622
32623
32625
20069
30512
19966
19967
19968
24817
24824
32628
19966
19967
24351
24799
32629
19966
19968
24352
24818
24355
24821
32632
24801
24827
32633
24822
24828
19971
19973
30515
30518
30520
30521
19971
19974
24845
24847
24849
30516
30519
30520
30521
19975
30522
34603
34203
34204
34205
19975
20080
34204
34206
34208
34209
34605
19975
20081
24859
24860
24862
30525
34205
34207
34208
34209
20082
30526
34607
19980
19981
19982
24883
19980
19981
24411
24842
19980
19982
24412
24865
19981
19982
24884
24415
24843
24887
24866
24888
19987
19988
19989
24912
32642
19987
19988
24440
32643
19987
19989
24441
24890
19988
19989
24913
24444
32646
24916
32647
24891
24917
19991
24937
24942
24949
24476
24940
24946
19996
19997
19998
24963
19996
19997
24491
24892
19996
19998
24492
24938
19997
19998
24939
24964
24495
24893
24967
24941
24968
20001
20003
32658
32659
32662
20001
20004
20005
30551
20003
20004
24957
24959
24961
32685
32687
32689
20005
20110
30553
32664
32666
32668
20005
20111
20112
30555
20008
24518
24986
24998
20008
24987
25001
24990
25000
25003
20012
20013
25007
25014
20012
20013
24532
25008
32707
20013
24999
25015
32708
24534
25011
25012
25017
32711
20016
20018
34625
34210
34211
34212
20020
25049
25051
25053
30586
34211
34214
34215
34216
20018
34218
34220
34222
34223
34628
20020
20125
30588
34629
20126
34217
34218
34219
20127
25063
25064
25066
30590
34219
34221
34222
34223
20024
20025
25048
25057
20024
20025
24575
25049
34211
20025
25058
34212
24577
25052
25053
25060
34214
20027
24610
25073
25086
25077
25090
25095
20031
20032
25126
32726
20031
20032
24644
25107
32727
20032
25108
25127
24646
32730
25111
25129
32731
20035
20037
30601
20035
20038
20041
20043
20045
25120
25122
25124
20039
20037
20038
30604
32734
32736
32738
20039
20144
30605
20039
20145
25132
25133
25135
25152
25153
25155
20146
20044
20045
20046
25144
25151
20044
20045
24669
20044
20046
24670
25138
25145
20045
20046
25139
25152
24673
25148
25155
25140
25149
25156
20049
20050
25165
25176
32740
20049
20050
24693
25146
32741
24695
25167
32744
25150
25178
32745
20053
20055
30608
20053
20056
25170
25172
25174
20057
20058
20055
20056
30611
32748
32750
32752
20057
20162
30612
20057
20061
20163
25185
25186
25188
20062
20164
20060
20062
20060
20063
25199
25201
25203
20064
20062
20063
25206
25208
25210
20064
20169
20064
20170
25213
25214
25216
20171
20066
25275
25282
25286
24803
25279
25284
20069
20071
20069
20072
32755
32757
32759
20073
30613
20071
20072
25289
25291
25293
20073
20178
20073
20179
30616
32762
32763
32765
20180
30617
20077
20078
20079
25301
25308
32768
20077
20078
24825
25283
32769
20077
20079
24826
25302
24829
25305
32772
25285
25311
32773
25306
25312
20082
20084
30620
30623
30625
30626
20082
20085
25329
25331
25333
30621
30624
30625
30626
20086
30627
34631
34224
34225
34226
20086
20191
34225
34227
34229
34230
34633
20086
20192
25343
25344
25346
30630
34226
34228
34229
34230
20193
30631
34635
20091
20092
20093
25367
20091
20092
24885
25326
20091
20093
24886
25349
20092
20093
25368
24889
25327
25371
25350
25372
20098
20099
20100
25396
32782
20098
20099
24914
32783
20098
20100
24915
25374
20099
20100
25397
24918
32786
25400
32787
25375
25401
20102
25421
25426
25433
24950
25424
25430
20107
20108
20109
25447
20107
20108
24965
25376
20107
20109
24966
25422
20108
20109
25423
25448
24969
25377
25451
25425
25452
20112
20114
32798
32799
32802
20112
20115
20116
30656
20114
20115
25441
25443
25445
32825
32827
32829
20116
20221
30658
32804
32806
32808
20116
20222
20223
30660
20119
25002
25470
25482
20119
25471
25485
25474
25484
25487
20123
20124
25491
25498
20123
20124
25016
25492
32847
20124
25483
25499
32848
25018
25495
25496
25501
32851
20127
20129
34653
34231
34232
34233
20131
25533
25535
25537
30691
34232
34235
34236
34237
20129
34239
34241
34243
34244
34656
20131
20236
30693
34657
20237
34238
34239
34240
20238
25547
25548
25550
30695
34240
34242
34243
34244
20135
20136
25532
25541
20135
20136
25059
25533
34232
20136
25542
34233
25061
25536
25537
25544
34235
20138
25094
25557
25570
25561
25574
25579
20142
20143
25610
32866
20142
20143
25128
25591
32867
20143
25592
25611
25130
32870
25595
25613
32871
20146
20148
30706
20146
20149
20152
20154
20156
25604
25606
25608
20150
20148
20149
30709
32874
32876
32878
20150
20255
30710
20150
20256
25616
25617
25619
25636
25637
25639
20257
20155
20156
20157
25628
25635
20155
20156
25153
20155
20157
25154
25622
25629
20156
20157
25623
25636
25157
25632
25639
25624
25633
25640
20160
20161
25649
25660
32880
20160
20161
25177
25630
32881
25179
25651
32884
25634
25662
32885
20164
20166
30713
20164
20167
25654
25656
25658
20168
20169
20166
20167
30716
32888
32890
32892
20168
20273
30717
20168
20172
20274
25669
25670
25672
20173
20275
20171
20173
20171
20174
25683
25685
25687
20175
20173
20174
25690
25692
25694
20175
20280
20175
20281
25697
25698
25700
20282
20177
25759
25766
25770
25287
25763
25768
20180
20182
20180
20183
32895
32897
32899
20184
30718
20182
20183
25773
25775
25777
20184
20289
20184
20290
30721
32902
32903
32905
20291
30722
20188
20189
20190
25785
25792
32908
20188
20189
25309
25767
32909
20188
20190
25310
25786
25313
25789
32912
25769
25795
32913
25790
25796
20193
20195
30725
30728
30730
30731
20193
20196
25813
25815
25817
30726
30729
30730
30731
20197
30732
34659
34245
34246
34247
20197
20302
34246
34248
34250
34251
34661
20197
20303
25827
25828
25830
30735
34247
34249
34250
34251
20304
30736
34663
20202
20203
20204
25851
20202
20203
25369
25810
20202
20204
25370
25833
20203
20204
25852
25373
25811
25855
25834
25856
20209
20210
20211
25880
32922
20209
20210
25398
32923
20209
20211
25399
25858
20210
20211
25881
25402
32926
25884
32927
25859
25885
20213
25905
25910
25917
25434
25908
25914
20218
20219
20220
25931
20218
20219
25449
25860
20218
20220
25450
25906
20219
20220
25907
25932
25453
25861
25935
25909
25936
20223
20225
32938
32939
32942
20223
20226
20227
30761
20225
20226
25925
25927
25929
32965
32967
32969
20227
20332
30763
32944
32946
32948
20227
20333
20334
30765
20230
25486
25954
25966
20230
25955
25969
25958
25968
25971
20234
20235
25975
25982
20234
20235
25500
25976
32987
20235
25967
25983
32988
25502
25979
25980
25985
32991
20238
20240
34681
34252
34253
34254
20242
26017
26019
26021
30796
34253
34256
34257
34258
20240
34260
34262
34264
34265
34684
20242
20347
30798
34685
20348
34259
34260
34261
20349
26031
26032
26034
30800
34261
34263
34264
34265
20246
20247
26016
26025
20246
20247
25543
26017
34253
20247
26026
34254
25545
26020
26021
26028
34256
20249
25578
26041
26054
26045
26058
26063
20253
20254
26094
33006
20253
20254
25612
26075
33007
20254
26076
26095
25614
33010
26079
26097
33011
20257
20259
30811
20257
20260
20263
20265
20267
26088
26090
26092
20261
20259
20260
30814
33014
33016
33018
20261
20366
30815
20261
20367
26100
26101
26103
26120
26121
26123
20368
20266
20267
20268
26112
26119
20266
20267
25637
20266
20268
25638
26106
26113
20267
20268
26107
26120
25641
26116
26123
26108
26117
26124
20271
20272
26133
26144
33020
20271
20272
25661
26114
33021
25663
26135
33024
26118
26146
33025
20275
20277
30818
20275
20278
26138
26140
26142
20279
20280
20277
20278
30821
33028
33030
33032
20279
20384
30822
20279
20283
20385
26153
26154
26156
20284
20386
20282
20284
20282
20285
26167
26169
26171
20286
20284
20285
26174
26176
26178
20286
20391
20286
20392
26181
26182
26184
20393
20288
26243
26250
26254
25771
26247
26252
20291
20293
20291
20294
33035
33037
33039
20295
30823
20293
20294
26257
26259
26261
20295
20400
20295
20401
30826
33042
33043
33045
20402
30827
20299
20300
20301
26269
26276
33048
20299
20300
25793
26251
33049
20299
20301
25794
26270
25797
26273
33052
26253
26279
33053
26274
26280
20304
20306
30830
30833
30835
30836
20304
20307
26297
26299
26301
30831
30834
30835
30836
20308
30837
34687
34266
34267
34268
20308
20413
34267
34269
34271
34272
34689
20308
20414
26311
26312
26314
30840
34268
34270
34271
34272
20415
30841
34691
20313
20314
20315
26335
20313
20314
25853
26294
20313
20315
25854
26317
20314
20315
26336
25857
26295
26339
26318
26340
20320
20321
20322
26364
33062
20320
20321
25882
33063
20320
20322
25883
26342
20321
20322
26365
25886
33066
26368
33067
26343
26369
20324
26389
26394
26401
25918
26392
26398
20329
20330
20331
26415
20329
20330
25933
26344
20329
20331
25934
26390
20330
20331
26391
26416
25937
26345
26419
26393
26420
20334
20336
33078
33079
33082
20334
20337
20338
30866
20336
20337
26409
26411
26413
33105
33107
33109
20338
20443
30868
33084
33086
33088
20338
20444
20445
30870
20341
25970
26438
26450
20341
26439
26453
26442
26452
26455
20345
20346
26459
26466
20345
20346
25984
26460
33127
20346
26451
26467
33128
25986
26463
26464
26469
33131
20349
20351
34709
34273
34274
34275
20353
26501
26503
26505
30901
34274
34277
34278
34279
20351
34281
34283
34285
34286
34712
20353
20458
30903
34713
20459
34280
34281
34282
20460
26515
26516
26518
30905
34282
34284
34285
34286
20357
20358
26500
26509
20357
20358
26027
26501
34274
20358
26510
34275
26029
26504
26505
26512
34277
20360
26062
26525
26538
26529
26542
26547
20364
20365
26578
33146
20364
20365
26096
26559
33147
20365
26560
26579
26098
33150
26563
26581
33151
20368
20370
30916
20368
20371
20374
20376
20378
26572
26574
26576
20372
20370
20371
30919
33154
33156
33158
20372
20477
30920
20372
20478
26584
26585
26587
26604
26605
26607
20479
20377
20378
20379
26596
26603
20377
20378
26121
20377
20379
26122
26590
26597
20378
20379
26591
26604
26125
26600
26607
26592
26601
26608
20382
20383
26617
26628
33160
20382
20383
26145
26598
33161
26147
26619
33164
26602
26630
33165
20386
20388
30923
20386
20389
26622
26624
26626
20390
20391
20388
20389
30926
33168
33170
33172
20390
20495
30927
20390
20394
20496
26637
26638
26640
20395
20497
20393
20395
20393
20396
26651
26653
26655
20397
20395
20396
26658
26660
26662
20397
20502
20397
20503
26665
26666
26668
20504
20399
26727
26734
26738
26255
26731
26736
20402
20404
20402
20405
33175
33177
33179
20406
30928
20404
20405
26741
26743
26745
20406
20511
20406
20512
30931
33182
33183
33185
20513
30932
20410
20411
20412
26753
26760
33188
20410
20411
26277
26735
33189
20410
20412
26278
26754
26281
26757
33192
26737
26763
33193
26758
26764
20415
20417
30935
30938
30940
30941
20415
20418
26781
26783
26785
30936
30939
30940
30941
20419
30942
34715
34287
34288
34289
20419
20524
34288
34290
34292
34293
34717
20419
20525
26795
26796
26798
30945
34289
34291
34292
34293
20526
30946
34719
20424
20425
20426
26819
20424
20425
26337
26778
20424
20426
26338
26801
20425
20426
26820
26341
26779
26823
26802
26824
20431
20432
20433
26848
33202
20431
20432
26366
33203
20431
20433
26367
26826
20432
20433
26849
26370
33206
26852
33207
26827
26853
20435
26873
26878
26885
26402
26876
26882
20440
20441
20442
26899
20440
20441
26417
26828
20440
20442
26418
26874
20441
20442
26875
26900
26421
26829
26903
26877
26904
20445
20447
33218
33219
33222
20445
20448
20449
30971
20447
20448
26893
26895
26897
33245
33247
33249
20449
20561
30973
33224
33226
33228
20449
20562
20563
30975
20452
26454
26922
26934
20452
26923
26937
26926
26936
26939
20456
20457
26943
26950
20456
20457
26468
26944
33267
20457
26935
26951
33268
26470
26947
26948
26953
33271
20460
20462
34737
34294
34295
34296
20464
26985
26987
26989
31006
34295
34298
34299
34300
20462
34302
34304
34306
34307
34740
20464
20576
31008
34741
20577
34301
34302
34303
20578
26999
27000
27002
31010
34303
34305
34306
34307
20468
20469
26984
26993
20468
20469
26511
26985
34295
20469
26994
34296
26513
26988
26989
26996
34298
20471
26546
27009
27022
27013
27026
27031
20475
20476
27062
33286
20475
20476
26580
27043
33287
20476
27044
27063
26582
33290
27047
27065
33291
20479
20481
31021
20479
20482
20485
20487
20489
27056
27058
27060
20483
20481
20482
31024
33294
33296
33298
20483
20595
31025
20483
20596
27068
27069
27071
27088
27089
27091
20597
20488
20489
20490
27080
27087
20488
20489
26605
20488
20490
26606
27074
27081
20489
20490
27075
27088
26609
27084
27091
27076
27085
27092
20493
20494
27101
27112
33300
20493
20494
26629
27082
33301
26631
27103
33304
27086
27114
33305
20497
20499
31028
20497
20500
27106
27108
27110
20501
20502
20499
20500
31031
33308
33310
33312
20501
20613
31032
20501
20505
20614
27121
27122
27124
20506
20615
20504
20506
20504
20507
27135
27137
27139
20508
20506
20507
27142
27144
27146
20508
20620
20508
20621
27149
27150
27152
20622
20510
27211
27218
27222
26739
27215
27220
20513
20515
20513
20516
33315
33317
33319
20517
31033
20515
20516
27225
27227
27229
20517
20629
20517
20630
31036
33322
33323
33325
20631
31037
20521
20522
20523
27237
27244
33328
20521
20522
26761
27219
33329
20521
20523
26762
27238
26765
27241
33332
27221
27247
33333
27242
27248
20526
20528
31040
31043
31045
31046
20526
20529
27265
27267
27269
31041
31044
31045
31046
20530
31047
34743
34308
34309
34310
20530
20642
34309
34311
34313
34314
34745
20530
20643
27279
27280
27282
31050
34310
34312
34313
34314
20644
31051
34747
20535
20536
20537
27303
20535
20536
26821
27262
20535
20537
26822
27285
20536
20537
27304
26825
27263
27307
27286
27308
20542
20543
20544
27332
33342
20542
20543
26850
33343
20542
20544
26851
27310
20543
20544
27333
26854
33346
27336
33347
27311
27337
20546
27357
27362
27369
26886
27360
27366
20551
20552
20553
27383
20551
20552
26901
27312
20551
20553
26902
27358
20552
20553
27359
27384
26905
27313
27387
27361
27388
20558
20559
20560
27390
27397
20558
20559
27391
20558
20560
20559
20560
27398
27394
27395
27401
27402
20563
20565
33358
33359
33362
20563
20566
20567
31076
20565
20566
27377
27379
27381
33385
33387
33389
20567
20679
31078
33364
33366
33368
20567
20680
20681
31080
20570
26938
27413
27425
20570
27414
27428
27417
27427
27430
20574
20575
27434
27441
20574
20575
26952
27435
33407
20575
27426
27442
33408
26954
27438
27439
27444
33411
20578
20580
34765
34315
34316
34317
20582
27476
27478
27480
31111
34316
34319
34320
34321
20580
34323
34325
34327
34328
34768
20582
20694
31113
34769
20695
34322
34323
34324
20696
27490
27491
27493
31115
34324
34326
34327
34328
20586
20587
27475
27484
20586
20587
26995
27476
34316
20587
27485
34317
26997
27479
27480
27487
34319
20589
27030
27500
27513
27504
27517
27522
20593
20594
27553
33426
20593
20594
27064
27534
33427
20594
27535
27554
27066
33430
27538
27556
33431
20597
20599
31126
20597
20600
20603
20605
20607
27547
27549
27551
20601
20599
20600
31129
33434
33436
33438
20601
20713
31130
20601
20714
27559
27560
27562
27579
27580
27582
20715
20606
20607
20608
27571
27578
20606
20607
27089
20606
20608
27090
27565
27572
20607
20608
27566
27579
27093
27575
27582
27567
27576
27583
20611
20612
27592
27603
33440
20611
20612
27113
27573
33441
27115
27594
33444
27577
27605
33445
20615
20617
31133
20615
20618
27597
27599
27601
20619
20620
20617
20618
31136
33448
33450
33452
20619
20731
31137
20619
20623
20732
27612
27613
27615
20624
20733
20622
20624
20622
20625
27626
27628
27630
20626
20624
20625
27633
27635
27637
20626
20738
20626
20739
27640
27641
27643
20740
20628
27702
27709
27713
27223
27706
27711
20631
20633
20631
20634
33455
33457
33459
20635
31138
20633
20634
27716
27718
27720
20635
20747
20635
20748
31141
33462
33463
33465
20749
31142
20639
20640
20641
27728
27735
33468
20639
20640
27245
27710
33469
20639
20641
27246
27729
27249
27732
33472
27712
27738
33473
27733
27739
20644
20646
31145
31148
31150
31151
20644
20647
27756
27758
27760
31146
31149
31150
31151
20648
31152
34771
34329
34330
34331
20648
20760
34330
34332
34334
34335
34773
20648
20761
27770
27771
27773
31155
34331
34333
34334
34335
20762
31156
34775
20653
20654
20655
27794
20653
20654
27305
27753
20653
20655
27306
27776
20654
20655
27795
27309
27754
27798
27777
27799
20660
20661
20662
27823
33482
20660
20661
27334
33483
20660
20662
27335
27801
20661
20662
27824
27338
33486
27827
33487
27802
27828
20664
27848
27853
27860
27370
27851
27857
20669
20670
20671
27874
20669
20670
27385
27803
20669
20671
27386
27849
20670
20671
27850
27875
27389
27804
27878
27852
27879
20676
20677
20678
27895
27902
20676
20677
27399
27896
20676
20678
27400
27883
20677
20678
27884
27903
27403
27899
27900
27906
27887
27907
20681
20683
33498
33499
33502
20681
20684
20685
31181
20683
20684
27868
27870
27872
33525
33527
33529
20685
20797
31183
33504
33506
33508
20685
20798
20799
31185
20688
27429
27918
27930
20688
27919
27933
27922
27932
27935
20692
20693
27939
27946
20692
20693
27443
27940
33547
20693
27931
27947
33548
27445
27943
27944
27949
33551
20696
20698
34793
34336
34337
34338
20700
27981
27983
27985
31216
34337
34340
34341
34342
20698
34344
34346
34348
34349
34796
20700
20812
31218
34797
20813
34343
34344
34345
20814
27995
27996
27998
31220
34345
34347
34348
34349
20704
20705
27980
27989
20704
20705
27486
27981
34337
20705
27990
34338
27488
27984
27985
27992
34340
20707
27521
28005
28018
28009
28022
28027
20711
20712
28058
33566
20711
20712
27555
28039
33567
20712
28040
28059
27557
33570
28043
28061
33571
20715
20717
31231
20715
20718
20721
20723
20725
28052
28054
28056
20719
20717
20718
31234
33574
33576
33578
20719
20831
31235
20719
20832
28064
28065
28067
28084
28085
28087
20833
20724
20725
20726
28076
28083
20724
20725
27580
20724
20726
27581
28070
28077
20725
20726
28071
28084
27584
28080
28087
28072
28081
28088
20729
20730
28097
28108
33580
20729
20730
27604
28078
33581
27606
28099
33584
28082
28110
33585
20733
20735
31238
20733
20736
28102
28104
28106
20737
20738
20735
20736
31241
33588
33590
33592
20737
20849
31242
20737
20741
20850
28117
28118
28120
20742
20851
20740
20742
20740
20743
28131
28133
28135
20744
20742
20743
28138
28140
28142
20744
20856
20744
20857
28145
28146
28148
20858
20746
28207
28214
28218
27714
28211
28216
20749
20751
20749
20752
33595
33597
33599
20753
31243
20751
20752
28221
28223
28225
20753
20865
20753
20866
31246
33602
33603
33605
20867
31247
20757
20758
20759
28233
28240
33608
20757
20758
27736
28215
33609
20757
20759
27737
28234
27740
28237
33612
28217
28243
33613
28238
28244
20762
20764
31250
31253
31255
31256
20762
20765
28261
28263
28265
31251
31254
31255
31256
20766
31257
34799
34350
34351
34352
20766
20878
34351
34353
34355
34356
34801
20766
20879
28275
28276
28278
31260
34352
34354
34355
34356
20880
31261
34803
20771
20772
20773
28299
20771
20772
27796
28258
20771
20773
27797
28281
20772
20773
28300
27800
28259
28303
28282
28304
20778
20779
20780
28328
33622
20778
20779
27825
33623
20778
20780
27826
28306
20779
20780
28329
27829
33626
28332
33627
28307
28333
20782
28353
28358
28365
27861
28356
28362
20787
20788
20789
28379
20787
20788
27876
28308
20787
20789
27877
28354
20788
20789
28355
28380
27880
28309
28383
28357
28384
20794
20795
20796
28400
28407
20794
20795
27904
28401
20794
20796
27905
28388
20795
20796
28389
28408
27908
28404
28405
28411
28392
28412
20799
20801
33638
33639
33642
20799
20802
20803
31286
20801
20802
28373
28375
28377
33665
33667
33669
20803
20915
31288
33644
33646
33648
20803
20916
20917
31290
20806
27934
28423
28435
20806
28424
28438
28427
28437
28440
20810
20811
28444
28451
20810
20811
27948
28445
33687
20811
28436
28452
33688
27950
28448
28449
28454
33691
20814
20816
34821
34357
34358
34359
20818
28486
28488
28490
31321
34358
34361
34362
34363
20816
34365
34367
34369
34370
34824
20818
20930
31323
34825
20931
34364
34365
34366
20932
28500
28501
28503
31325
34366
34368
34369
34370
20822
20823
28485
28494
20822
20823
27991
28486
34358
20823
28495
34359
27993
28489
28490
28497
34361
20825
28026
28510
28523
28514
28527
28532
20829
20830
28563
33706
20829
20830
28060
28544
33707
20830
28545
28564
28062
33710
28548
28566
33711
20833
20835
31336
20833
20836
20839
20841
20843
28557
28559
28561
20837
20835
20836
31339
33714
33716
33718
20837
20946
31340
20837
20947
28569
28570
28572
28589
28590
28592
20948
20842
20843
20844
28581
28588
20842
20843
28085
20842
20844
28086
28575
28582
20843
20844
28576
28589
28089
28585
28592
28577
28586
28593
20847
20848
28602
28613
33720
20847
20848
28109
28583
33721
28111
28604
33724
28587
28615
33725
20851
20853
31343
20851
20854
28607
28609
28611
20855
20856
20853
20854
31346
33728
33730
33732
20855
20964
31347
20855
20859
20965
28622
28623
28625
20860
20966
20858
20860
20858
20861
28636
28638
28640
20862
20860
20861
28643
28645
28647
20862
20971
20862
20972
28650
28651
28653
20973
20864
28712
28719
28723
28219
28716
28721
20867
20869
20867
20870
33735
33737
33739
20871
31348
20869
20870
28726
28728
28730
20871
20980
20871
20981
31351
33742
33743
33745
20982
31352
20875
20876
20877
28738
28745
33748
20875
20876
28241
28720
33749
20875
20877
28242
28739
28245
28742
33752
28722
28748
33753
28743
28749
20880
20882
31355
31358
31360
31361
20880
20883
28766
28768
28770
31356
31359
31360
31361
20884
31362
34827
34371
34372
34373
20884
20993
34372
34374
34376
34377
34829
20884
20994
28780
28781
28783
31365
34373
34375
34376
34377
20995
31366
34831
20889
20890
20891
28804
20889
20890
28301
28763
20889
20891
28302
28786
20890
20891
28805
28305
28764
28808
28787
28809
20896
20897
20898
28833
33762
20896
20897
28330
33763
20896
20898
28331
28811
20897
20898
28834
28334
33766
28837
33767
28812
28838
20900
28858
28863
28870
28366
28861
28867
20905
20906
20907
28884
20905
20906
28381
28813
20905
20907
28382
28859
20906
20907
28860
28885
28385
28814
28888
28862
28889
20912
20913
20914
28898
28905
20912
20913
28409
28899
20912
20914
28410
28893
20913
20914
28894
28906
28413
28902
28903
28909
28897
28910
20917
20919
33778
33779
33782
20917
20920
20921
31391
20919
20920
28878
28880
28882
33805
33807
33809
20921
21030
31393
33784
33786
33788
20921
21031
21032
31395
20924
28439
28921
28926
20924
28922
28925
28928
20928
20929
28929
20928
20929
28453
28930
33820
20929
28927
33821
28455
28933
28934
33824
20932
20933
34849
34378
34379
34380
28948
28950
28952
31425
34379
34382
34383
34384
31427
34853
20937
20938
28947
20937
20938
28496
28948
34379
20938
34380
28498
28951
28952
34382
20940
28531
28958
28971
28962
28975
28980
20944
20945
29011
33825
20944
20945
28565
28992
33826
20945
28993
29012
28567
33829
28996
29014
33830
20948
20950
31440
20948
20951
20954
20956
20958
29005
29007
29009
20952
20950
20951
31443
33833
33835
33837
20952
21037
31444
20952
21038
29017
29018
29020
29037
29038
29040
21039
20957
20958
20959
29029
29036
20957
20958
28590
20957
20959
28591
29023
29030
20958
20959
29024
29037
28594
29033
29040
29025
29034
29041
20962
20963
29050
29061
33839
20962
20963
28614
29031
33840
28616
29052
33843
29035
29063
33844
20966
20968
31447
20966
20969
29055
29057
29059
20970
20971
20968
20969
31450
33847
33849
33851
20970
21051
31451
20970
20974
21052
29070
29071
29073
20975
21053
20973
20975
20973
20976
29084
29086
29088
20977
20975
20976
29091
29093
29095
20977
21058
20977
21059
29098
29099
29101
21060
20979
29160
29167
29171
28724
29164
29169
20982
20984
20982
20985
33854
33856
33858
20986
31452
20984
20985
29174
29176
29178
20986
21067
20986
21068
31455
33861
33862
33864
21069
31456
20990
20991
20992
29186
29193
33867
20990
20991
28746
29168
33868
20990
20992
28747
29187
28750
29190
33871
29170
29196
33872
29191
29197
20995
20997
31459
31462
31464
31465
20995
20998
29214
29216
29218
31460
31463
31464
31465
20999
31466
34855
34385
34386
34387
20999
21080
34386
34388
34390
34391
34857
20999
21081
29228
29229
29231
31469
34387
34389
34390
34391
21082
31470
34859
21004
21005
21006
29252
21004
21005
28806
29211
21004
21006
28807
29234
21005
21006
29253
28810
29212
29256
29235
29257
21011
21012
21013
29281
33881
21011
21012
28835
33882
21011
21013
28836
29259
21012
21013
29282
28839
33885
29285
33886
29260
29286
21015
29306
29311
29318
28871
29309
29315
21020
21021
21022
29332
21020
21021
28886
29261
21020
21022
28887
29307
21021
21022
29308
29333
28890
29262
29336
29310
29337
21027
21028
21029
29339
21027
21028
28907
29340
21027
21029
28908
21028
21029
28911
29343
29344
21032
21034
33897
33898
33901
21032
21035
21036
31495
21034
21035
29326
29328
29330
33924
33926
33928
21036
21110
31497
33903
33905
33907
21036
21111
21112
31499
21039
21039
21041
21043
21045
29354
29356
29358
21044
21045
21046
29363
21044
21045
29038
21044
21046
29039
29360
29364
21045
21046
29361
29042
29367
29362
29368
21049
21050
29377
29388
33930
21049
21050
29062
29365
33931
29064
29379
33934
29369
29390
33935
21053
21055
31510
21053
21056
29382
29384
29386
21057
21058
21055
21056
31513
33938
33940
33942
21057
31514
21057
21061
29397
29398
29400
21062
21060
21062
21060
21063
29411
29413
29415
21064
21062
21063
29418
29420
29422
21064
21064
29425
29426
29428
21066
29487
29494
29498
29172
29491
29496
21069
21071
21069
21072
33945
33947
33949
21073
31515
21071
21072
29501
29503
29505
21073
21073
31518
33952
33953
33955
31519
21077
21078
21079
29513
29520
33958
21077
21078
29194
29495
33959
21077
21079
29195
29514
29198
29517
33962
29497
29523
33963
29518
29524
21082
21084
31522
31525
31527
31528
21082
21085
29541
29543
29545
31523
31526
31527
31528
21086
31529
34869
34392
34393
34394
21086
34393
34395
34397
34398
34871
21086
29555
29556
29558
31532
34394
34396
34397
34398
31533
34873
21091
21092
21093
29579
21091
21092
29254
29538
21091
21093
29255
29561
21092
21093
29580
29258
29539
29583
29562
29584
21098
21099
21100
29608
33972
21098
21099
29283
33973
21098
21100
29284
29586
21099
21100
29609
29287
33976
29612
33977
29587
29613
21102
29633
29638
29645
29319
29636
29642
21107
21108
21109
29659
21107
21108
29334
29588
21107
21109
29335
29634
21108
21109
29635
29660
29338
29589
29663
29637
29664
21112
21114
33988
33989
33992
21112
21115
21116
31558
21114
21115
29653
29655
29657
34015
34017
34019
21116
31560
33994
33996
33998
21116
31562
21119
21122
21119
21123
21124
21120
21122
21123
21131
21122
21123
21132
21135
21125
21136
21125
21140
21139
21145
21129
21130
21131
21129
34028
21129
21130
21133
34030
21135
34032
21137
21135
21136
21137
21135
21136
21135
21137
21538
21136
21137
21138
21539
21139
21541
21139
21149
21544
21151
21142
21145
21142
21146
21143
21145
21146
21147
21145
21146
21148
21151
21152
21151
21152
21153
21151
21152
21151
21153
21561
21152
21153
21163
21562
21164
21564
21156
21159
21156
21160
21161
21157
21159
21160
21165
21159
21160
21166
21169
21162
21170
21162
21174
21173
21179
21164
21167
21169
21169
21170
21171
21169
21170
21169
21171
21575
21170
21171
21172
21576
21173
21578
21173
21183
21581
21185
21176
21179
21176
21180
21177
21179
21180
21181
21179
21180
21182
21185
21186
21185
21186
21187
21185
21186
21196
21185
21187
21595
21186
21187
21197
21596
21198
21598
21190
21193
31705
21190
21194
21191
31706
21193
21194
21200
31707
21193
21194
21201
21208
21204
31710
21205
21198
21199
31711
21198
21198
21199
31713
31715
31717
21204
21205
21206
31711
21204
21205
21210
21204
21206
21609
31714
21205
21206
21610
31716
21612
31717
21209
21209
21210
21212
21212
21221
21212
21223
21627
21225
21215
21218
21215
21219
21216
21218
21219
21227
21218
21219
21228
21231
21232
21224
21225
21226
21227
21224
21225
21224
21226
21225
21226
21229
21231
21233
21231
21232
21233
21231
21232
21231
21233
21634
21232
21233
21246
21635
21247
21637
21235
21237
21239
21236
21240
21237
21241
21249
21244
21251
21240
21243
31719
21240
21244
21260
21241
31720
21243
21244
21253
31721
21243
21244
21254
21264
21257
31724
21258
21265
21247
21248
21249
31725
21247
21248
31727
31729
21252
31731
21251
21252
21253
21251
21252
21256
21655
21258
21259
21656
21257
21258
21259
31725
21257
21258
21275
21257
21259
21659
31728
21258
21259
21276
21660
31730
21278
21662
31731
21262
21265
21262
21266
21267
21263
21269
21265
21266
21270
21274
21265
21266
21275
21278
21272
21279
21269
21272
21269
21273
21288
21270
21272
21273
21281
21272
21273
21282
21292
21285
21286
21293
21278
21279
21280
21281
21278
21279
21278
21280
21681
21279
21280
21283
21682
21285
21287
21684
21285
21286
21287
21285
21286
21303
21285
21287
21688
21286
21287
21304
21689
21306
21691
21290
21293
21290
21294
21295
21291
21297
21293
21294
21298
21302
21293
21294
21303
21306
21300
21307
21297
21300
21297
21301
21316
21298
21300
21301
21309
21300
21301
21310
21320
21313
21314
21321
21306
21307
21308
21309
21306
21307
21306
21308
21709
21307
21308
21311
21710
21313
21315
21712
21313
21314
21315
21313
21314
21331
21313
21315
21716
21314
21315
21332
21717
21334
21719
21318
21321
21318
21322
21323
21319
21325
21321
21322
21326
21330
21321
21322
21331
21334
21328
21335
21325
21328
21325
21329
21344
21326
21328
21329
21337
21328
21329
21338
21348
21341
21342
21349
21334
21335
21336
21337
21334
21335
21334
21336
21737
21335
21336
21339
21738
21341
21343
21740
21341
21342
21343
21341
21342
21358
21341
21343
21744
21342
21343
21359
21745
21361
21747
21346
21349
21346
21350
31732
21347
31734
21349
21350
21357
31735
21349
21350
21358
21361
21362
31737
21352
21354
31733
21353
31734
21354
21364
31735
21366
31738
21356
21357
21364
21363
21367
21361
21362
21363
31739
21361
21362
21361
21363
21765
21362
21363
21766
31741
31743
21768
31745
21366
21367
31739
21366
21367
21378
21772
31742
21380
31744
21773
31745
21369
21374
21393
21384
21405
21372
21375
21372
21376
29806
21373
21375
21376
21383
21375
21376
21384
29809
21387
21388
29810
21380
21381
21382
21383
31753
21380
21382
31755
21381
21382
21385
31757
21387
21389
31759
21387
21388
21389
21387
21388
34035
21387
21389
21791
21388
21389
21792
34036
34038
21794
21391
21394
21397
29807
21392
21399
21394
21400
21404
21394
21405
29809
21402
21407
29811
21396
21398
21403
21410
21399
21402
21399
21403
21400
21402
21403
21411
21402
21403
21412
21415
21416
21407
21408
21411
21407
34035
21407
21408
21413
21811
34037
21415
34039
21417
21813
21410
21414
21438
21815
21416
21440
21415
21416
21417
21415
21416
21415
21417
21818
21416
21417
21819
21821
21419
21420
21425
21428
21422
21425
21422
21426
31760
21423
21425
21426
21429
21425
21426
21430
31764
21433
21434
31765
21428
21431
21439
21838
21433
21441
21433
21434
21435
21433
21434
31768
21433
21435
21841
21434
21435
21842
31769
31771
21844
21440
21441
21442
21440
21441
21440
21442
21441
21442
21444
21447
21452
21455
21446
21448
21453
21457
21449
21452
21449
21453
21450
21452
21453
21458
21452
21453
21459
21462
21463
21455
21460
21468
21863
21462
21470
21457
21461
21518
21865
21463
21520
21462
21463
21464
21462
21463
21462
21464
21868
21463
21464
21869
21871
21469
21470
21471
31767
21469
21470
21469
21471
31769
21470
21471
31771
31773
21473
21475
21527
21482
21531
21476
21478
29834
21476
21482
29838
21481
21484
29839
21480
21495
21481
31788
21480
21481
21485
21499
31792
21488
21500
21489
31793
21484
31796
21484
21487
21894
31797
21489
31799
21488
21489
21510
31803
21488
21511
21897
21489
21898
31804
21513
31806
21491
21494
31774
21492
31776
21494
21504
31777
21494
21505
21507
31779
21497
21500
21497
21501
31775
21498
31776
21500
21501
21509
31777
21500
21501
21510
21513
21514
31780
21503
21504
21509
21508
21515
21507
21508
31781
21507
21517
21507
21508
21519
21911
31783
21521
31785
21913
31787
21513
21514
21515
31781
21513
21514
21513
21515
21916
21514
21515
21917
31784
31786
21919
31787
21520
21521
21522
21520
21521
21520
21522
21521
21522
21525
21528
21525
21529
29835
21526
21528
21529
21530
21528
21529
21531
29838
21534
21535
29840
21534
21535
21536
21534
21535
31796
21534
21536
21944
21535
21536
21945
31798
31800
21947
21541
21542
21543
21551
21541
21542
21541
21543
21544
21542
21543
21552
21555
21545
21556
21545
21561
21559
21565
21549
21550
21551
21549
34049
21549
21550
21553
34051
21555
34053
21557
21555
21556
21557
21555
21556
21555
21557
21958
21556
21557
21558
21959
21559
21961
21559
21569
21964
21571
21564
21565
21566
21567
21564
21565
21564
21566
21565
21566
21568
21571
21572
21571
21572
21573
21571
21572
21571
21573
21981
21572
21573
21583
21982
21584
21984
21578
21579
21580
21585
21578
21579
21578
21580
21581
21579
21580
21586
21589
21582
21590
21582
21595
21593
21599
21584
21587
21589
21589
21590
21591
21589
21590
21589
21591
21995
21590
21591
21592
21996
21593
21998
21593
21603
22001
21605
21598
21599
21600
21601
21598
21599
21598
21600
21599
21600
21602
21605
21606
21605
21606
21607
21605
21606
21616
21605
21607
22015
21606
21607
21617
22016
21618
22018
21612
21613
21614
21620
31809
21612
21613
31811
21612
21614
21613
21614
21621
21628
31813
21624
31815
21625
21618
21619
31816
21618
21618
21619
31818
31820
31822
21624
21625
21626
31816
21624
21625
21630
21624
21626
22029
31819
21625
21626
22030
31821
22032
31822
21629
21629
21630
21632
21632
21641
21632
21643
22047
21645
21637
21638
21639
21647
21637
21638
21637
21639
21638
21639
21648
21651
21652
21644
21645
21646
21647
21644
21645
21644
21646
21645
21646
21649
21651
21653
21651
21652
21653
21651
21652
21651
21653
22054
21652
21653
21666
22055
21667
22057
21656
21657
21658
21669
21656
21657
21660
21662
21664
21671
21662
21663
21664
21673
31823
21662
21663
31825
21662
21664
21681
21663
21664
21674
21683
31827
21677
31829
21678
21685
21667
21668
21669
31830
21667
21668
31832
31834
21672
31836
21671
21672
21673
21671
21672
21676
22075
21678
21679
22076
21677
21678
21679
31830
21677
21678
21695
21677
21679
22079
31833
21678
21679
21696
22080
31835
21698
22082
31836
21684
21685
21686
21687
21694
21684
21685
21684
21686
21688
21685
21686
21695
21691
21698
21692
21699
21691
21692
21693
21701
21691
21692
21691
21693
21709
21692
21693
21702
21711
21705
21706
21713
21698
21699
21700
21701
21698
21699
21698
21700
22101
21699
21700
21703
22102
21705
21707
22104
21705
21706
21707
21705
21706
21723
21705
21707
22108
21706
21707
21724
22109
21726
22111
21712
21713
21714
21715
21722
21712
21713
21712
21714
21716
21713
21714
21723
21719
21726
21720
21727
21719
21720
21721
21729
21719
21720
21719
21721
21737
21720
21721
21730
21739
21733
21734
21741
21726
21727
21728
21729
21726
21727
21726
21728
22129
21727
21728
21731
22130
21733
21735
22132
21733
21734
21735
21733
21734
21751
21733
21735
22136
21734
21735
21752
22137
21754
22139
21740
21741
21742
21743
21750
21740
21741
21740
21742
21744
21741
21742
21751
21747
21754
21748
21755
21747
21748
21749
21757
21747
21748
21747
21749
21765
21748
21749
21758
21767
21761
21762
21769
21754
21755
21756
21757
21754
21755
21754
21756
22157
21755
21756
21759
22158
21761
21763
22160
21761
21762
21763
21761
21762
21778
21761
21763
22164
21762
21763
21779
22165
21781
22167
21768
21769
21770
21777
31837
21768
21769
21768
21770
31838
21769
21770
21778
31841
21781
21782
31842
21773
21774
21784
31837
21773
21774
31839
31841
21786
31843
21776
21777
21784
21783
21787
21781
21782
21783
31844
21781
21782
21781
21783
22185
21782
21783
22186
31846
31848
22188
31850
21786
21787
31844
21786
21787
21798
22192
31847
21800
31849
22193
31850
21789
21793
21812
21804
21825
21794
21795
21796
21803
21794
21795
21794
21796
29890
21795
21796
21804
29892
21807
21808
29893
21800
21801
21802
21803
31858
21800
21802
31860
21801
21802
21805
31862
21807
21809
31864
21807
21808
21809
21807
21808
34056
21807
21809
22211
21808
21809
22212
34057
34059
22214
21813
21814
21817
21824
21813
21814
21818
29891
21814
21825
29892
21821
21822
21827
29894
21816
21819
21823
21830
21821
21822
21823
21831
21821
21822
21821
21823
21822
21823
21832
21835
21836
21827
21828
21831
21827
34056
21827
21828
21833
22231
34058
21835
34060
21837
22233
21830
21834
21858
22235
21836
21860
21835
21836
21837
21835
21836
21835
21837
22238
21836
21837
22239
22241
21839
21841
21845
21848
21844
21845
21846
21849
21844
21845
21844
21846
31866
21845
21846
21850
31868
21853
21854
31870
21848
21851
21859
22258
21853
21861
21853
21854
21855
21853
21854
31873
21853
21855
22261
21854
21855
22262
31874
31876
22264
21860
21861
21862
21860
21861
21860
21862
21861
21862
21864
21868
21872
21875
21866
21869
21873
21877
21871
21872
21873
21878
21871
21872
21871
21873
21872
21873
21879
21882
21883
21875
21880
21888
22283
21882
21890
21877
21881
21938
22285
21883
21940
21882
21883
21884
21882
21883
21882
21884
22288
21883
21884
22289
22291
21889
21890
21891
31872
21889
21890
21889
21891
31874
21890
21891
31876
31878
21893
21895
21946
21902
21951
21896
21898
29919
21896
21902
29921
21901
21904
29923
21900
21916
21901
31894
21900
21901
21905
21918
31896
21908
21920
21909
31898
21904
31901
21904
21907
22314
31902
21909
31904
21908
21909
21930
31908
21908
21931
22317
21909
22318
31909
21933
31911
21913
21914
21924
31879
21913
21914
31880
21914
21925
31883
21927
31884
21919
21920
21921
21929
31879
21919
21920
21919
21921
31881
21920
21921
21930
31883
21933
21934
31885
21923
21924
21929
21928
21935
21927
21928
31886
21927
21937
21927
21928
21939
22331
31888
21941
31890
22333
31892
21933
21934
21935
31886
21933
21934
21933
21935
22336
21934
21935
22337
31889
31891
22339
31892
21940
21941
21942
21940
21941
21940
21942
21941
21942
21947
21948
21949
21950
21947
21948
21947
21949
29920
21948
21949
21951
29921
21954
21955
29924
21954
21955
21956
21954
21955
31901
21954
21956
22364
21955
21956
22365
31903
31905
22367
21961
21962
21963
21971
21961
21962
21961
21963
21964
21962
21963
21972
21975
21965
21976
21965
21981
21979
21985
21969
21970
21971
21969
34070
21969
21970
21973
34072
21975
34074
21977
21975
21976
21977
21975
21976
21975
21977
22378
21976
21977
21978
22379
21979
22381
21979
21989
22384
21991
21984
21985
21986
21987
21984
21985
21984
21986
21985
21986
21988
21991
21992
21991
21992
21993
21991
21992
21991
21993
22401
21992
21993
22003
22402
22004
22404
21998
21999
22000
22005
21998
21999
21998
22000
22001
21999
22000
22006
22009
22002
22010
22002
22015
22013
22019
22004
22007
22009
22009
22010
22011
22009
22010
22009
22011
22415
22010
22011
22012
22416
22013
22418
22013
22023
22421
22025
22018
22019
22020
22021
22018
22019
22018
22020
22019
22020
22022
22025
22026
22025
22026
22027
22025
22026
22036
22025
22027
22435
22026
22027
22037
22436
22038
22438
22032
22033
22034
22040
31914
22032
22033
31916
22032
22034
22033
22034
22041
22048
31918
22044
31920
22045
22038
22039
31921
22038
22038
22039
31923
31925
31927
22044
22045
22046
31921
22044
22045
22050
22044
22046
22449
31924
22045
22046
22450
31926
22452
31927
22049
22049
22050
22052
22052
22061
22052
22063
22467
22065
22057
22058
22059
22067
22057
22058
22057
22059
22058
22059
22068
22071
22072
22064
22065
22066
22067
22064
22065
22064
22066
22065
22066
22069
22071
22073
22071
22072
22073
22071
22072
22071
22073
22474
22072
22073
22086
22475
22087
22477
22076
22077
22078
22089
22076
22077
22080
22082
22084
22091
22082
22083
22084
22093
31928
22082
22083
31930
22082
22084
22101
22083
22084
22094
22103
31932
22097
31934
22098
22105
22087
22088
22089
31935
22087
22088
31937
31939
22092
31941
22091
22092
22093
22091
22092
22096
22495
22098
22099
22496
22097
22098
22099
31935
22097
22098
22115
22097
22099
22499
31938
22098
22099
22116
22500
31940
22118
22502
31941
22104
22105
22106
22107
22114
22104
22105
22104
22106
22108
22105
22106
22115
22111
22118
22112
22119
22111
22112
22113
22121
22111
22112
22111
22113
22129
22112
22113
22122
22131
22125
22126
22133
22118
22119
22120
22121
22118
22119
22118
22120
22521
22119
22120
22123
22522
22125
22127
22524
22125
22126
22127
22125
22126
22143
22125
22127
22528
22126
22127
22144
22529
22146
22531
22132
22133
22134
22135
22142
22132
22133
22132
22134
22136
22133
22134
22143
22139
22146
22140
22147
22139
22140
22141
22149
22139
22140
22139
22141
22157
22140
22141
22150
22159
22153
22154
22161
22146
22147
22148
22149
22146
22147
22146
22148
22549
22147
22148
22151
22550
22153
22155
22552
22153
22154
22155
22153
22154
22171
22153
22155
22556
22154
22155
22172
22557
22174
22559
22160
22161
22162
22163
22170
22160
22161
22160
22162
22164
22161
22162
22171
22167
22174
22168
22175
22167
22168
22169
22177
22167
22168
22167
22169
22185
22168
22169
22178
22187
22181
22182
22189
22174
22175
22176
22177
22174
22175
22174
22176
22577
22175
22176
22179
22578
22181
22183
22580
22181
22182
22183
22181
22182
22198
22181
22183
22584
22182
22183
22199
22585
22201
22587
22188
22189
22190
22197
31942
22188
22189
22188
22190
31943
22189
22190
22198
31946
22201
22202
31947
22193
22194
22204
31942
22193
22194
31944
31946
22206
31948
22196
22197
22204
22203
22207
22201
22202
22203
31949
22201
22202
22201
22203
22605
22202
22203
22606
31951
31953
22608
31955
22206
22207
31949
22206
22207
22218
22612
31952
22220
31954
22613
31955
22209
22213
22232
22224
22245
22214
22215
22216
22223
22214
22215
22214
22216
29974
22215
22216
22224
29976
22227
22228
29977
22220
22221
22222
22223
31963
22220
22222
31965
22221
22222
22225
31967
22227
22229
31969
22227
22228
22229
22227
22228
34077
22227
22229
22631
22228
22229
22632
34078
34080
22634
22233
22234
22237
22244
22233
22234
22238
29975
22234
22245
29976
22241
22242
22247
29978
22236
22239
22243
22250
22241
22242
22243
22251
22241
22242
22241
22243
22242
22243
22252
22255
22256
22247
22248
22251
22247
34077
22247
22248
22253
22651
34079
22255
34081
22257
22653
22250
22254
22278
22655
22256
22280
22255
22256
22257
22255
22256
22255
22257
22658
22256
22257
22659
22661
22259
22261
22265
22268
22264
22265
22266
22269
22264
22265
22264
22266
31971
22265
22266
22270
31973
22273
22274
31975
22268
22271
22279
22678
22273
22281
22273
22274
22275
22273
22274
31978
22273
22275
22681
22274
22275
22682
31979
31981
22684
22280
22281
22282
22280
22281
22280
22282
22281
22282
22284
22288
22292
22295
22286
22289
22293
22297
22291
22292
22293
22298
22291
22292
22291
22293
22292
22293
22299
22302
22303
22295
22300
22308
22703
22302
22310
22297
22301
22358
22705
22303
22360
22302
22303
22304
22302
22303
22302
22304
22708
22303
22304
22709
22711
22309
22310
22311
31977
22309
22310
22309
22311
31979
22310
22311
31981
31983
22313
22315
22366
22322
22371
22316
22318
30003
22316
22322
30005
22321
22324
30007
22320
22336
22321
31999
22320
22321
22325
22338
32001
22328
22340
22329
32003
22324
32006
22324
22327
22734
32007
22329
32009
22328
22329
22350
32013
22328
22351
22737
22329
22738
32014
22353
32016
22333
22334
22344
31984
22333
22334
31985
22334
22345
31988
22347
31989
22339
22340
22341
22349
31984
22339
22340
22339
22341
31986
22340
22341
22350
31988
22353
22354
31990
22343
22344
22349
22348
22355
22347
22348
31991
22347
22357
22347
22348
22359
22751
31993
22361
31995
22753
31997
22353
22354
22355
31991
22353
22354
22353
22355
22756
22354
22355
22757
31994
31996
22759
31997
22360
22361
22362
22360
22361
22360
22362
22361
22362
22367
22368
22369
22370
22367
22368
22367
22369
30004
22368
22369
22371
30005
22374
22375
30008
22374
22375
22376
22374
22375
32006
22374
22376
22784
22375
22376
22785
32008
32010
22787
22381
22382
22383
22391
22381
22382
22381
22383
22384
22382
22383
22392
22395
22385
22396
22385
22401
22399
22405
22389
22390
22391
22389
34091
22389
22390
22393
34093
22395
34095
22397
22395
22396
22397
22395
22396
22395
22397
22798
22396
22397
22398
22799
22399
22801
22399
22409
22804
22411
22404
22405
22406
22407
22404
22405
22404
22406
22405
22406
22408
22411
22412
22411
22412
22413
22411
22412
22411
22413
22821
22412
22413
22423
22822
22424
22824
22418
22419
22420
22425
22418
22419
22418
22420
22421
22419
22420
22426
22429
22422
22430
22422
22435
22433
22439
22424
22427
22429
22429
22430
22431
22429
22430
22429
22431
22835
22430
22431
22432
22836
22433
22838
22433
22443
22841
22445
22438
22439
22440
22441
22438
22439
22438
22440
22439
22440
22442
22445
22446
22445
22446
22447
22445
22446
22456
22445
22447
22855
22446
22447
22457
22856
22458
22858
22452
22453
22454
22460
32019
22452
22453
32021
22452
22454
22453
22454
22461
22468
32023
22464
32025
22465
22458
22459
32026
22458
22458
22459
32028
32030
32032
22464
22465
22466
32026
22464
22465
22470
22464
22466
22869
32029
22465
22466
22870
32031
22872
32032
22469
22469
22470
22472
22472
22481
22472
22483
22887
22485
22477
22478
22479
22487
22477
22478
22477
22479
22478
22479
22488
22491
22492
22484
22485
22486
22487
22484
22485
22484
22486
22485
22486
22489
22491
22493
22491
22492
22493
22491
22492
22491
22493
22894
22492
22493
22506
22895
22507
22897
22496
22497
22498
22509
22496
22497
22500
22502
22504
22511
22502
22503
22504
22513
32033
22502
22503
32035
22502
22504
22521
22503
22504
22514
22523
32037
22517
32039
22518
22525
22507
22508
22509
32040
22507
22508
32042
32044
22512
32046
22511
22512
22513
22511
22512
22516
22915
22518
22519
22916
22517
22518
22519
32040
22517
22518
22535
22517
22519
22919
32043
22518
22519
22536
22920
32045
22538
22922
32046
22524
22525
22526
22527
22534
22524
22525
22524
22526
22528
22525
22526
22535
22531
22538
22532
22539
22531
22532
22533
22541
22531
22532
22531
22533
22549
22532
22533
22542
22551
22545
22546
22553
22538
22539
22540
22541
22538
22539
22538
22540
22941
22539
22540
22543
22942
22545
22547
22944
22545
22546
22547
22545
22546
22563
22545
22547
22948
22546
22547
22564
22949
22566
22951
22552
22553
22554
22555
22562
22552
22553
22552
22554
22556
22553
22554
22563
22559
22566
22560
22567
22559
22560
22561
22569
22559
22560
22559
22561
22577
22560
22561
22570
22579
22573
22574
22581
22566
22567
22568
22569
22566
22567
22566
22568
22969
22567
22568
22571
22970
22573
22575
22972
22573
22574
22575
22573
22574
22591
22573
22575
22976
22574
22575
22592
22977
22594
22979
22580
22581
22582
22583
22590
22580
22581
22580
22582
22584
22581
22582
22591
22587
22594
22588
22595
22587
22588
22589
22597
22587
22588
22587
22589
22605
22588
22589
22598
22607
22601
22602
22609
22594
22595
22596
22597
22594
22595
22594
22596
22997
22595
22596
22599
22998
22601
22603
23000
22601
22602
22603
22601
22602
22618
22601
22603
23004
22602
22603
22619
23005
22621
23007
22608
22609
22610
22617
32047
22608
22609
22608
22610
32048
22609
22610
22618
32051
22621
22622
32052
22613
22614
22624
32047
22613
22614
32049
32051
22626
32053
22616
22617
22624
22623
22627
22621
22622
22623
32054
22621
22622
22621
22623
23025
22622
22623
23026
32056
32058
23028
32060
22626
22627
32054
22626
22627
22638
23032
32057
22640
32059
23033
32060
22629
22633
22652
22644
22665
22634
22635
22636
22643
22634
22635
22634
22636
30058
22635
22636
22644
30060
22647
22648
30061
22640
22641
22642
22643
32068
22640
22642
32070
22641
22642
22645
32072
22647
22649
32074
22647
22648
22649
22647
22648
34098
22647
22649
23051
22648
22649
23052
34099
34101
23054
22653
22654
22657
22664
22653
22654
22658
30059
22654
22665
30060
22661
22662
22667
30062
22656
22659
22663
22670
22661
22662
22663
22671
22661
22662
22661
22663
22662
22663
22672
22675
22676
22667
22668
22671
22667
34098
22667
22668
22673
23071
34100
22675
34102
22677
23073
22670
22674
22698
23075
22676
22700
22675
22676
22677
22675
22676
22675
22677
23078
22676
22677
23079
23081
22679
22681
22685
22688
22684
22685
22686
22689
22684
22685
22684
22686
32076
22685
22686
22690
32078
22693
22694
32080
22688
22691
22699
23098
22693
22701
22693
22694
22695
22693
22694
32083
22693
22695
23101
22694
22695
23102
32084
32086
23104
22700
22701
22702
22700
22701
22700
22702
22701
22702
22704
22708
22712
22715
22706
22709
22713
22717
22711
22712
22713
22718
22711
22712
22711
22713
22712
22713
22719
22722
22723
22715
22720
22728
23123
22722
22730
22717
22721
22778
23125
22723
22780
22722
22723
22724
22722
22723
22722
22724
23128
22723
22724
23129
23131
22729
22730
22731
32082
22729
22730
22729
22731
32084
22730
22731
32086
32088
22733
22735
22786
22742
22791
22736
22738
30087
22736
22742
30089
22741
22744
30091
22740
22756
22741
32104
22740
22741
22745
22758
32106
22748
22760
22749
32108
22744
32111
22744
22747
23154
32112
22749
32114
22748
22749
22770
32118
22748
22771
23157
22749
23158
32119
22773
32121
22753
22754
22764
32089
22753
22754
32090
22754
22765
32093
22767
32094
22759
22760
22761
22769
32089
22759
22760
22759
22761
32091
22760
22761
22770
32093
22773
22774
32095
22763
22764
22769
22768
22775
22767
22768
32096
22767
22777
22767
22768
22779
23171
32098
22781
32100
23173
32102
22773
22774
22775
32096
22773
22774
22773
22775
23176
22774
22775
23177
32099
32101
23179
32102
22780
22781
22782
22780
22781
22780
22782
22781
22782
22787
22788
22789
22790
22787
22788
22787
22789
30088
22788
22789
22791
30089
22794
22795
30092
22794
22795
22796
22794
22795
32111
22794
22796
23204
22795
22796
23205
32113
32115
23207
22801
22802
22803
22811
22801
22802
22801
22803
22804
22802
22803
22812
22815
22805
22816
22805
22821
22819
22825
22809
22810
22811
22809
34112
22809
22810
22813
34114
22815
34116
22817
22815
22816
22817
22815
22816
22815
22817
23218
22816
22817
22818
23219
22819
23221
22819
22829
23224
22831
22824
22825
22826
22827
22824
22825
22824
22826
22825
22826
22828
22831
22832
22831
22832
22833
22831
22832
22831
22833
23241
22832
22833
22843
23242
22844
23244
22838
22839
22840
22845
22838
22839
22838
22840
22841
22839
22840
22846
22849
22842
22850
22842
22855
22853
22859
22844
22847
22849
22849
22850
22851
22849
22850
22849
22851
23255
22850
22851
22852
23256
22853
23258
22853
22863
23261
22865
22858
22859
22860
22861
22858
22859
22858
22860
22859
22860
22862
22865
22866
22865
22866
22867
22865
22866
22876
22865
22867
23275
22866
22867
22877
23276
22878
23278
22872
22873
22874
22880
32124
22872
22873
32126
22872
22874
22873
22874
22881
22888
32128
22884
32130
22885
22878
22879
32131
22878
22878
22879
32133
32135
32137
22884
22885
22886
32131
22884
22885
22890
22884
22886
23289
32134
22885
22886
23290
32136
23292
32137
22889
22889
22890
22892
22892
22901
22892
22903
23307
22905
22897
22898
22899
22907
22897
22898
22897
22899
22898
22899
22908
22911
22912
22904
22905
22906
22907
22904
22905
22904
22906
22905
22906
22909
22911
22913
22911
22912
22913
22911
22912
22911
22913
23314
22912
22913
22926
23315
22927
23317
22916
22917
22918
22929
22916
22917
22920
22922
22924
22931
22922
22923
22924
22933
32138
22922
22923
32140
22922
22924
22941
22923
22924
22934
22943
32142
22937
32144
22938
22945
22927
22928
22929
32145
22927
22928
32147
32149
22932
32151
22931
22932
22933
22931
22932
22936
23335
22938
22939
23336
22937
22938
22939
32145
22937
22938
22955
22937
22939
23339
32148
22938
22939
22956
23340
32150
22958
23342
32151
22944
22945
22946
22947
22954
22944
22945
22944
22946
22948
22945
22946
22955
22951
22958
22952
22959
22951
22952
22953
22961
22951
22952
22951
22953
22969
22952
22953
22962
22971
22965
22966
22973
22958
22959
22960
22961
22958
22959
22958
22960
23361
22959
22960
22963
23362
22965
22967
23364
22965
22966
22967
22965
22966
22983
22965
22967
23368
22966
22967
22984
23369
22986
23371
22972
22973
22974
22975
22982
22972
22973
22972
22974
22976
22973
22974
22983
22979
22986
22980
22987
22979
22980
22981
22989
22979
22980
22979
22981
22997
22980
22981
22990
22999
22993
22994
23001
22986
22987
22988
22989
22986
22987
22986
22988
23389
22987
22988
22991
23390
22993
22995
23392
22993
22994
22995
22993
22994
23011
22993
22995
23396
22994
22995
23012
23397
23014
23399
23000
23001
23002
23003
23010
23000
23001
23000
23002
23004
23001
23002
23011
23007
23014
23008
23015
23007
23008
23009
23017
23007
23008
23007
23009
23025
23008
23009
23018
23027
23021
23022
23029
23014
23015
23016
23017
23014
23015
23014
23016
23417
23015
23016
23019
23418
23021
23023
23420
23021
23022
23023
23021
23022
23038
23021
23023
23424
23022
23023
23039
23425
23041
23427
23028
23029
23030
23037
32152
23028
23029
23028
23030
32153
23029
23030
23038
32156
23041
23042
32157
23033
23034
23044
32152
23033
23034
32154
32156
23046
32158
23036
23037
23044
23043
23047
23041
23042
23043
32159
23041
23042
23041
23043
23445
23042
23043
23446
32161
32163
23448
32165
23046
23047
32159
23046
23047
23058
23452
32162
23060
32164
23453
32165
23049
23053
23072
23064
23085
23054
23055
23056
23063
23054
23055
23054
23056
30142
23055
23056
23064
30144
23067
23068
30145
23060
23061
23062
23063
32173
23060
23062
32175
23061
23062
23065
32177
23067
23069
32179
23067
23068
23069
23067
23068
34119
23067
23069
23471
23068
23069
23472
34120
34122
23474
23073
23074
23077
23084
23073
23074
23078
30143
23074
23085
30144
23081
23082
23087
30146
23076
23079
23083
23090
23081
23082
23083
23091
23081
23082
23081
23083
23082
23083
23092
23095
23096
23087
23088
23091
23087
34119
23087
23088
23093
23491
34121
23095
34123
23097
23493
23090
23094
23118
23495
23096
23120
23095
23096
23097
23095
23096
23095
23097
23498
23096
23097
23499
23501
23099
23101
23105
23108
23104
23105
23106
23109
23104
23105
23104
23106
32181
23105
23106
23110
32183
23113
23114
32185
23108
23111
23119
23518
23113
23121
23113
23114
23115
23113
23114
32188
23113
23115
23521
23114
23115
23522
32189
32191
23524
23120
23121
23122
23120
23121
23120
23122
23121
23122
23124
23128
23132
23135
23126
23129
23133
23137
23131
23132
23133
23138
23131
23132
23131
23133
23132
23133
23139
23142
23143
23135
23140
23148
23543
23142
23150
23137
23141
23198
23545
23143
23200
23142
23143
23144
23142
23143
23142
23144
23548
23143
23144
23549
23551
23149
23150
23151
32187
23149
23150
23149
23151
32189
23150
23151
32191
32193
23153
23155
23206
23162
23211
23156
23158
30171
23156
23162
30173
23161
23164
30175
23160
23176
23161
32209
23160
23161
23165
23178
32211
23168
23180
23169
32213
23164
32216
23164
23167
23574
32217
23169
32219
23168
23169
23190
32223
23168
23191
23577
23169
23578
32224
23193
32226
23173
23174
23184
32194
23173
23174
32195
23174
23185
32198
23187
32199
23179
23180
23181
23189
32194
23179
23180
23179
23181
32196
23180
23181
23190
32198
23193
23194
32200
23183
23184
23189
23188
23195
23187
23188
32201
23187
23197
23187
23188
23199
23591
32203
23201
32205
23593
32207
23193
23194
23195
32201
23193
23194
23193
23195
23596
23194
23195
23597
32204
32206
23599
32207
23200
23201
23202
23200
23201
23200
23202
23201
23202
23207
23208
23209
23210
23207
23208
23207
23209
30172
23208
23209
23211
30173
23214
23215
30176
23214
23215
23216
23214
23215
32216
23214
23216
23624
23215
23216
23625
32218
32220
23627
23221
23222
23223
23231
23221
23222
23221
23223
23224
23222
23223
23232
23235
23225
23236
23225
23241
23239
23245
23229
23230
23231
23229
34133
23229
23230
23233
34135
23235
34137
23237
23235
23236
23237
23235
23236
23235
23237
23649
23236
23237
23238
23650
23239
23652
23239
23249
23655
23251
23244
23245
23246
23247
23244
23245
23244
23246
23245
23246
23248
23251
23252
23251
23252
23253
23251
23252
23251
23253
23672
23252
23253
23263
23673
23264
23675
23258
23259
23260
23265
23258
23259
23258
23260
23261
23259
23260
23266
23269
23262
23270
23262
23275
23273
23279
23264
23267
23269
23269
23270
23271
23269
23270
23269
23271
23686
23270
23271
23272
23687
23273
23689
23273
23283
23692
23285
23278
23279
23280
23281
23278
23279
23278
23280
23279
23280
23282
23285
23286
23285
23286
23287
23285
23286
23296
23285
23287
23706
23286
23287
23297
23707
23298
23709
23292
23293
23294
23300
32229
23292
23293
32231
23292
23294
23293
23294
23301
23308
32233
23304
32235
23305
23298
23299
32236
23298
23298
23299
32238
32240
32242
23304
23305
23306
32236
23304
23305
23310
23304
23306
23720
32239
23305
23306
23721
32241
23723
32242
23309
23309
23310
23312
23312
23321
23312
23323
23738
23325
23317
23318
23319
23327
23317
23318
23317
23319
23318
23319
23328
23331
23332
23324
23325
23326
23327
23324
23325
23324
23326
23325
23326
23329
23331
23333
23331
23332
23333
23331
23332
23331
23333
23745
23332
23333
23346
23746
23347
23748
23336
23337
23338
23349
23336
23337
23340
23342
23344
23351
23342
23343
23344
23353
32243
23342
23343
32245
23342
23344
23361
23343
23344
23354
23363
32247
23357
32249
23358
23365
23347
23348
23349
32250
23347
23348
32252
32254
23352
32256
23351
23352
23353
23351
23352
23356
23766
23358
23359
23767
23357
23358
23359
32250
23357
23358
23375
23357
23359
23770
32253
23358
23359
23376
23771
32255
23378
23773
32256
23364
23365
23366
23367
23374
23364
23365
23364
23366
23368
23365
23366
23375
23371
23378
23372
23379
23371
23372
23373
23381
23371
23372
23371
23373
23389
23372
23373
23382
23391
23385
23386
23393
23378
23379
23380
23381
23378
23379
23378
23380
23792
23379
23380
23383
23793
23385
23387
23795
23385
23386
23387
23385
23386
23403
23385
23387
23799
23386
23387
23404
23800
23406
23802
23392
23393
23394
23395
23402
23392
23393
23392
23394
23396
23393
23394
23403
23399
23406
23400
23407
23399
23400
23401
23409
23399
23400
23399
23401
23417
23400
23401
23410
23419
23413
23414
23421
23406
23407
23408
23409
23406
23407
23406
23408
23820
23407
23408
23411
23821
23413
23415
23823
23413
23414
23415
23413
23414
23431
23413
23415
23827
23414
23415
23432
23828
23434
23830
23420
23421
23422
23423
23430
23420
23421
23420
23422
23424
23421
23422
23431
23427
23434
23428
23435
23427
23428
23429
23437
23427
23428
23427
23429
23445
23428
23429
23438
23447
23441
23442
23449
23434
23435
23436
23437
23434
23435
23434
23436
23848
23435
23436
23439
23849
23441
23443
23851
23441
23442
23443
23441
23442
23458
23441
23443
23855
23442
23443
23459
23856
23461
23858
23448
23449
23450
23457
32257
23448
23449
23448
23450
32258
23449
23450
23458
32261
23461
23462
32262
23453
23454
23464
32257
23453
23454
32259
32261
23466
32263
23456
23457
23464
23463
23467
23461
23462
23463
32264
23461
23462
23461
23463
23876
23462
23463
23877
32266
32268
23879
32270
23466
23467
32264
23466
23467
23478
23883
32267
23480
32269
23884
32270
23469
23473
23492
23484
23505
23474
23475
23476
23483
23474
23475
23474
23476
30226
23475
23476
23484
30228
23487
23488
30229
23480
23481
23482
23483
32278
23480
23482
32280
23481
23482
23485
32282
23487
23489
32284
23487
23488
23489
23487
23488
34140
23487
23489
23902
23488
23489
23903
34141
34143
23905
23493
23494
23497
23504
23493
23494
23498
30227
23494
23505
30228
23501
23502
23507
30230
23496
23499
23503
23510
23501
23502
23503
23511
23501
23502
23501
23503
23502
23503
23512
23515
23516
23507
23508
23511
23507
34140
23507
23508
23513
23922
34142
23515
34144
23517
23924
23510
23514
23538
23926
23516
23540
23515
23516
23517
23515
23516
23515
23517
23929
23516
23517
23930
23932
23519
23521
23525
23528
23524
23525
23526
23529
23524
23525
23524
23526
32286
23525
23526
23530
32288
23533
23534
32290
23528
23531
23539
23949
23533
23541
23533
23534
23535
23533
23534
32293
23533
23535
23952
23534
23535
23953
32294
32296
23955
23540
23541
23542
23540
23541
23540
23542
23541
23542
23544
23548
23552
23555
23546
23549
23553
23557
23551
23552
23553
23558
23551
23552
23551
23553
23552
23553
23559
23562
23563
23555
23560
23568
23974
23562
23570
23557
23561
23618
23976
23563
23620
23562
23563
23564
23562
23563
23562
23564
23979
23563
23564
23980
23982
23569
23570
23571
32292
23569
23570
23569
23571
32294
23570
23571
32296
32298
23573
23575
23626
23582
23631
23576
23578
30255
23576
23582
30257
23581
23584
30259
23580
23596
23581
32314
23580
23581
23585
23598
32316
23588
23600
23589
32318
23584
32321
23584
23587
24005
32322
23589
32324
23588
23589
23610
32328
23588
23611
24008
23589
24009
32329
23613
32331
23593
23594
23604
32299
23593
23594
32300
23594
23605
32303
23607
32304
23599
23600
23601
23609
32299
23599
23600
23599
23601
32301
23600
23601
23610
32303
23613
23614
32305
23603
23604
23609
23608
23615
23607
23608
32306
23607
23617
23607
23608
23619
24022
32308
23621
32310
24024
32312
23613
23614
23615
32306
23613
23614
23613
23615
24027
23614
23615
24028
32309
32311
24030
32312
23620
23621
23622
23620
23621
23620
23622
23621
23622
23627
23628
23629
23630
23627
23628
23627
23629
30256
23628
23629
23631
30257
23634
23635
30260
23634
23635
23636
23634
23635
32321
23634
23636
24055
23635
23636
24056
32323
32325
24058
23639
23640
23641
32334
23639
23640
24069
32337
32339
23647
24070
32340
23645
23646
23647
23645
23646
34154
23645
23647
24073
34155
23646
23647
24074
34157
24076
23652
23653
23654
23662
23652
23653
23652
23654
23655
23653
23654
23663
23666
23656
23667
23656
23672
23670
23676
23660
23661
23662
23660
34154
23660
23661
23664
34156
23666
34158
23668
23666
23667
23668
23666
23667
23666
23668
24091
23667
23668
23669
24092
23670
24094
23670
23680
24097
23682
23675
23676
23677
23678
23675
23676
23675
23677
23676
23677
23679
23682
23683
23682
23683
23684
23682
23683
23682
23684
24114
23683
23684
23694
24115
23695
24117
23689
23690
23691
23696
23689
23690
23689
23691
23692
23690
23691
23697
23700
23693
23701
23693
23706
23704
23710
23695
23698
23700
23700
23701
23702
23700
23701
23700
23702
24128
23701
23702
23703
24129
23704
24131
23704
23714
24134
23716
23709
23710
23711
23712
23709
23710
23709
23711
23710
23711
23713
23716
23717
23716
23717
23718
23716
23717
23727
23716
23718
24148
23717
23718
23728
24149
23729
24151
23723
23724
23725
23731
32341
23723
23724
32343
23723
23725
23724
23725
23732
23739
32345
23735
32347
23736
23729
23730
32348
23729
23729
23730
32350
32352
32354
23735
23736
23737
32348
23735
23736
23741
23735
23737
24162
32351
23736
23737
24163
32353
24165
32354
23740
23740
23741
23743
23743
23752
23743
23754
24180
23756
23748
23749
23750
23758
23748
23749
23748
23750
23749
23750
23759
23762
23763
23755
23756
23757
23758
23755
23756
23755
23757
23756
23757
23760
23762
23764
23762
23763
23764
23762
23763
23762
23764
24187
23763
23764
23777
24188
23778
24190
23767
23768
23769
23780
23767
23768
23771
23773
23775
23782
23773
23774
23775
23784
32355
23773
23774
32357
23773
23775
23792
23774
23775
23785
23794
32359
23788
32361
23789
23796
23778
23779
23780
32362
23778
23779
32364
32366
23783
32368
23782
23783
23784
23782
23783
23787
24208
23789
23790
24209
23788
23789
23790
32362
23788
23789
23806
23788
23790
24212
32365
23789
23790
23807
24213
32367
23809
24215
32368
23795
23796
23797
23798
23805
23795
23796
23795
23797
23799
23796
23797
23806
23802
23809
23803
23810
23802
23803
23804
23812
23802
23803
23802
23804
23820
23803
23804
23813
23822
23816
23817
23824
23809
23810
23811
23812
23809
23810
23809
23811
24234
23810
23811
23814
24235
23816
23818
24237
23816
23817
23818
23816
23817
23834
23816
23818
24241
23817
23818
23835
24242
23837
24244
23823
23824
23825
23826
23833
23823
23824
23823
23825
23827
23824
23825
23834
23830
23837
23831
23838
23830
23831
23832
23840
23830
23831
23830
23832
23848
23831
23832
23841
23850
23844
23845
23852
23837
23838
23839
23840
23837
23838
23837
23839
24262
23838
23839
23842
24263
23844
23846
24265
23844
23845
23846
23844
23845
23862
23844
23846
24269
23845
23846
23863
24270
23865
24272
23851
23852
23853
23854
23861
23851
23852
23851
23853
23855
23852
23853
23862
23858
23865
23859
23866
23858
23859
23860
23868
23858
23859
23858
23860
23876
23859
23860
23869
23878
23872
23873
23880
23865
23866
23867
23868
23865
23866
23865
23867
24290
23866
23867
23870
24291
23872
23874
24293
23872
23873
23874
23872
23873
23889
23872
23874
24297
23873
23874
23890
24298
23892
24300
23879
23880
23881
23888
32369
23879
23880
23879
23881
32370
23880
23881
23889
32373
23892
23893
32374
23884
23885
23895
32369
23884
23885
32371
32373
23897
32375
23887
23888
23895
23894
23898
23892
23893
23894
32376
23892
23893
23892
23894
24318
23893
23894
24319
32378
32380
24321
32382
23897
23898
32376
23897
23898
23909
24325
32379
23911
32381
24326
32382
23900
23904
23923
23915
23936
23905
23906
23907
23914
23905
23906
23905
23907
30312
23906
23907
23915
30314
23918
23919
30315
23911
23912
23913
23914
32390
23911
23913
32392
23912
23913
23916
32394
23918
23920
32396
23918
23919
23920
23918
23919
34161
23918
23920
24344
23919
23920
24345
34162
34164
24347
23924
23925
23928
23935
23924
23925
23929
30313
23925
23936
30314
23932
23933
23938
30316
23927
23930
23934
23941
23932
23933
23934
23942
23932
23933
23932
23934
23933
23934
23943
23946
23947
23938
23939
23942
23938
34161
23938
23939
23944
24364
34163
23946
34165
23948
24366
23941
23945
23969
24368
23947
23971
23946
23947
23948
23946
23947
23946
23948
24371
23947
23948
24372
24374
23950
23952
23956
23959
23955
23956
23957
23960
23955
23956
23955
23957
32398
23956
23957
23961
32400
23964
23965
32402
23959
23962
23970
24391
23964
23972
23964
23965
23966
23964
23965
32405
23964
23966
24394
23965
23966
24395
32406
32408
24397
23971
23972
23973
23971
23972
23971
23973
23972
23973
23975
23979
23983
23986
23977
23980
23984
23988
23982
23983
23984
23989
23982
23983
23982
23984
23983
23984
23990
23993
23994
23986
23991
23999
24416
23993
24001
23988
23992
24049
24418
23994
24051
23993
23994
23995
23993
23994
23993
23995
24421
23994
23995
24422
24424
24000
24001
24002
32404
24000
24001
24000
24002
32406
24001
24002
32408
32410
24004
24006
24057
24013
24062
24007
24009
30341
24007
24013
30343
24012
24015
30345
24011
24027
24012
32426
24011
24012
24016
24029
32428
24019
24031
24020
32430
24015
32433
24015
24018
24447
32434
24020
32436
24019
24020
24041
32440
24019
24042
24450
24020
24451
32441
24044
32443
24024
24025
24035
32411
24024
24025
32412
24025
24036
32415
24038
32416
24030
24031
24032
24040
32411
24030
24031
24030
24032
32413
24031
24032
24041
32415
24044
24045
32417
24034
24035
24040
24039
24046
24038
24039
32418
24038
24048
24038
24039
24050
24464
32420
24052
32422
24466
32424
24044
24045
24046
32418
24044
24045
24044
24046
24469
24045
24046
24470
32421
32423
24472
32424
24051
24052
24053
24051
24052
24051
24053
24052
24053
24058
24059
24060
24061
24058
24059
24058
24060
30342
24059
24060
24062
30343
24065
24066
30346
24065
24066
24067
24065
24066
32433
24065
24067
24497
24066
24067
24498
32435
32437
24500
24070
24071
24072
24079
30368
24070
24071
30370
24076
30372
24081
30374
24076
24077
24078
24083
24076
24077
34168
24076
24078
24077
24078
24084
34170
24087
34171
24088
24081
24082
24083
32446
24081
24082
24543
32449
32451
24089
24544
32452
24087
24088
24089
24087
24088
34175
24087
24089
24547
34176
24088
24089
24548
34178
24550
24094
24095
24096
24104
24094
24095
24094
24096
24097
24095
24096
24105
24108
24098
24109
24098
24114
24112
24118
24102
24103
24104
24102
34175
24102
24103
24106
34177
24108
34179
24110
24108
24109
24110
24108
24109
24108
24110
24565
24109
24110
24111
24566
24112
24568
24112
24122
24571
24124
24117
24118
24119
24120
24117
24118
24117
24119
24118
24119
24121
24124
24125
24124
24125
24126
24124
24125
24124
24126
24588
24125
24126
24136
24589
24137
24591
24131
24132
24133
24138
24131
24132
24131
24133
24134
24132
24133
24139
24142
24135
24143
24135
24148
24146
24152
24137
24140
24142
24142
24143
24144
24142
24143
24142
24144
24602
24143
24144
24145
24603
24146
24605
24146
24156
24608
24158
24151
24152
24153
24154
24151
24152
24151
24153
24152
24153
24155
24158
24159
24158
24159
24160
24158
24159
24169
24158
24160
24622
24159
24160
24170
24623
24171
24625
24165
24166
24167
24173
32453
24165
24166
32455
24165
24167
24166
24167
24174
24181
32457
24177
32459
24178
24171
24172
32460
24171
24171
24172
32462
32464
32466
24177
24178
24179
32460
24177
24178
24183
24177
24179
24636
32463
24178
24179
24637
32465
24639
32466
24182
24182
24183
24185
24185
24194
24185
24196
24654
24198
24190
24191
24192
24200
24190
24191
24190
24192
24191
24192
24201
24204
24205
24197
24198
24199
24200
24197
24198
24197
24199
24198
24199
24202
24204
24206
24204
24205
24206
24204
24205
24204
24206
24661
24205
24206
24219
24662
24220
24664
24209
24210
24211
24222
24209
24210
24213
24215
24217
24224
24215
24216
24217
24226
32467
24215
24216
32469
24215
24217
24234
24216
24217
24227
24236
32471
24230
32473
24231
24238
24220
24221
24222
32474
24220
24221
32476
32478
24225
32480
24224
24225
24226
24224
24225
24229
24682
24231
24232
24683
24230
24231
24232
32474
24230
24231
24248
24230
24232
24686
32477
24231
24232
24249
24687
32479
24251
24689
32480
24237
24238
24239
24240
24247
24237
24238
24237
24239
24241
24238
24239
24248
24244
24251
24245
24252
24244
24245
24246
24254
24244
24245
24244
24246
24262
24245
24246
24255
24264
24258
24259
24266
24251
24252
24253
24254
24251
24252
24251
24253
24708
24252
24253
24256
24709
24258
24260
24711
24258
24259
24260
24258
24259
24276
24258
24260
24715
24259
24260
24277
24716
24279
24718
24265
24266
24267
24268
24275
24265
24266
24265
24267
24269
24266
24267
24276
24272
24279
24273
24280
24272
24273
24274
24282
24272
24273
24272
24274
24290
24273
24274
24283
24292
24286
24287
24294
24279
24280
24281
24282
24279
24280
24279
24281
24736
24280
24281
24284
24737
24286
24288
24739
24286
24287
24288
24286
24287
24304
24286
24288
24743
24287
24288
24305
24744
24307
24746
24293
24294
24295
24296
24303
24293
24294
24293
24295
24297
24294
24295
24304
24300
24307
24301
24308
24300
24301
24302
24310
24300
24301
24300
24302
24318
24301
24302
24311
24320
24314
24315
24322
24307
24308
24309
24310
24307
24308
24307
24309
24764
24308
24309
24312
24765
24314
24316
24767
24314
24315
24316
24314
24315
24331
24314
24316
24771
24315
24316
24332
24772
24334
24774
24321
24322
24323
24330
32481
24321
24322
24321
24323
32482
24322
24323
24331
32485
24334
24335
32486
24326
24327
24337
32481
24326
24327
32483
32485
24339
32487
24329
24330
24337
24336
24340
24334
24335
24336
32488
24334
24335
24334
24336
24792
24335
24336
24793
32490
32492
24795
32494
24339
24340
32488
24339
24340
24351
24799
32491
24353
32493
24800
32494
24342
24346
24365
24357
24378
24347
24348
24349
24356
24347
24348
24347
24349
30410
24348
24349
24357
30412
24360
24361
30413
24353
24354
24355
24356
32502
24353
24355
32504
24354
24355
24358
32506
24360
24362
32508
24360
24361
24362
24360
24361
34182
24360
24362
24818
24361
24362
24819
34183
34185
24821
24366
24367
24370
24377
24366
24367
24371
30411
24367
24378
30412
24374
24375
24380
30414
24369
24372
24376
24383
24374
24375
24376
24384
24374
24375
24374
24376
24375
24376
24385
24388
24389
24380
24381
24384
24380
34182
24380
24381
24386
24838
34184
24388
34186
24390
24840
24383
24387
24411
24842
24389
24413
24388
24389
24390
24388
24389
24388
24390
24845
24389
24390
24846
24848
24392
24394
24398
24401
24397
24398
24399
24402
24397
24398
24397
24399
32510
24398
24399
24403
32512
24406
24407
32514
24401
24404
24412
24865
24406
24414
24406
24407
24408
24406
24407
32517
24406
24408
24868
24407
24408
24869
32518
32520
24871
24413
24414
24415
24413
24414
24413
24415
24414
24415
24417
24421
24425
24428
24419
24422
24426
24430
24424
24425
24426
24431
24424
24425
24424
24426
24425
24426
24432
24435
24436
24428
24433
24441
24890
24435
24443
24430
24434
24491
24892
24436
24493
24435
24436
24437
24435
24436
24435
24437
24895
24436
24437
24896
24898
24442
24443
24444
32516
24442
24443
24442
24444
32518
24443
24444
32520
32522
24446
24448
24499
24455
24504
24449
24451
30439
24449
24455
30441
24454
24457
30443
24453
24469
24454
32538
24453
24454
24458
24471
32540
24461
24473
24462
32542
24457
32545
24457
24460
24921
32546
24462
32548
24461
24462
24483
32552
24461
24484
24924
24462
24925
32553
24486
32555
24466
24467
24477
32523
24466
24467
32524
24467
24478
32527
24480
32528
24472
24473
24474
24482
32523
24472
24473
24472
24474
32525
24473
24474
24483
32527
24486
24487
32529
24476
24477
24482
24481
24488
24480
24481
32530
24480
24490
24480
24481
24492
24938
32532
24494
32534
24940
32536
24486
24487
24488
32530
24486
24487
24486
24488
24943
24487
24488
24944
32533
32535
24946
32536
24493
24494
24495
24493
24494
24493
24495
24494
24495
24500
24501
24502
24503
24500
24501
24500
24502
30440
24501
24502
24504
30441
24507
24508
30444
24507
24508
24509
24507
24508
32545
24507
24509
24971
24508
24509
24972
32547
32549
24974
24514
24515
24516
32558
24514
24515
24517
24514
24516
24985
24515
24516
24518
24986
32561
24519
32563
24988
32564
24519
24519
24521
24522
24522
24531
32559
24522
24998
32561
32563
24527
24528
24529
24535
24527
24528
24527
24529
30475
24528
24529
24536
30476
24539
24540
30479
24533
24534
24535
24533
32573
24533
24534
24537
32575
24539
32577
24541
24539
24540
24541
24539
24540
32580
24539
24541
25008
24540
24541
25009
32582
32584
25011
24544
24545
24546
24553
30473
24544
24545
30475
24550
30477
24555
30479
24550
24551
24552
24557
24550
24551
34189
24550
24552
24551
24552
24558
34191
24561
34192
24562
24555
24556
24557
32579
24555
24556
25027
32582
32584
24563
25028
32585
24561
24562
24563
24561
24562
34196
24561
24563
25031
34197
24562
24563
25032
34199
25034
24568
24569
24570
24578
24568
24569
24568
24570
24571
24569
24570
24579
24582
24572
24583
24572
24588
24586
24592
24576
24577
24578
24576
34196
24576
24577
24580
34198
24582
34200
24584
24582
24583
24584
24582
24583
24582
24584
25049
24583
24584
24585
25050
24586
25052
24586
24596
25055
24598
24591
24592
24593
24594
24591
24592
24591
24593
24592
24593
24595
24598
24599
24598
24599
24600
24598
24599
24598
24600
25072
24599
24600
24610
25073
24611
25075
24605
24606
24607
24612
24605
24606
24605
24607
24608
24606
24607
24613
24616
24609
24617
24609
24622
24620
24626
24611
24614
24616
24616
24617
24618
24616
24617
24616
24618
25086
24617
24618
24619
25087
24620
25089
24620
24630
25092
24632
24625
24626
24627
24628
24625
24626
24625
24627
24626
24627
24629
24632
24633
24632
24633
24634
24632
24633
24643
24632
24634
25106
24633
24634
24644
25107
24645
25109
24639
24640
24641
24647
32586
24639
24640
32588
24639
24641
24640
24641
24648
24655
32590
24651
32592
24652
24645
24646
32593
24645
24645
24646
32595
32597
32599
24651
24652
24653
32593
24651
24652
24657
24651
24653
25120
32596
24652
24653
25121
32598
25123
32599
24656
24656
24657
24659
24659
24668
24659
24670
25138
24672
24664
24665
24666
24674
24664
24665
24664
24666
24665
24666
24675
24678
24679
24671
24672
24673
24674
24671
24672
24671
24673
24672
24673
24676
24678
24680
24678
24679
24680
24678
24679
24678
24680
25145
24679
24680
24693
25146
24694
25148
24683
24684
24685
24696
24683
24684
24687
24689
24691
24698
24689
24690
24691
24700
32600
24689
24690
32602
24689
24691
24708
24690
24691
24701
24710
32604
24704
32606
24705
24712
24694
24695
24696
32607
24694
24695
32609
32611
24699
32613
24698
24699
24700
24698
24699
24703
25166
24705
24706
25167
24704
24705
24706
32607
24704
24705
24722
24704
24706
25170
32610
24705
24706
24723
25171
32612
24725
25173
32613
24711
24712
24713
24714
24721
24711
24712
24711
24713
24715
24712
24713
24722
24718
24725
24719
24726
24718
24719
24720
24728
24718
24719
24718
24720
24736
24719
24720
24729
24738
24732
24733
24740
24725
24726
24727
24728
24725
24726
24725
24727
25192
24726
24727
24730
25193
24732
24734
25195
24732
24733
24734
24732
24733
24750
24732
24734
25199
24733
24734
24751
25200
24753
25202
24739
24740
24741
24742
24749
24739
24740
24739
24741
24743
24740
24741
24750
24746
24753
24747
24754
24746
24747
24748
24756
24746
24747
24746
24748
24764
24747
24748
24757
24766
24760
24761
24768
24753
24754
24755
24756
24753
24754
24753
24755
25220
24754
24755
24758
25221
24760
24762
25223
24760
24761
24762
24760
24761
24778
24760
24762
25227
24761
24762
24779
25228
24781
25230
24767
24768
24769
24770
24777
24767
24768
24767
24769
24771
24768
24769
24778
24774
24781
24775
24782
24774
24775
24776
24784
24774
24775
24774
24776
24792
24775
24776
24785
24794
24788
24789
24796
24781
24782
24783
24784
24781
24782
24781
24783
25248
24782
24783
24786
25249
24788
24790
25251
24788
24789
24790
24788
24789
24805
24788
24790
25255
24789
24790
24806
25256
24808
25258
24795
24796
24797
24804
32614
24795
24796
24795
24797
32615
24796
24797
24805
32618
24808
24809
32619
24800
24801
24811
32614
24800
24801
32616
32618
24813
32620
24803
24804
24811
24810
24814
24808
24809
24810
32621
24808
24809
24808
24810
25276
24809
24810
25277
32623
32625
25279
32627
24813
24814
32621
24813
24814
24825
25283
32624
24827
32626
25284
32627
24816
24820
24839
24831
24852
24821
24822
24823
24830
24821
24822
24821
24823
30515
24822
24823
24831
30517
24834
24835
30518
24827
24828
24829
24830
32635
24827
24829
32637
24828
24829
24832
32639
24834
24836
32641
24834
24835
24836
24834
24835
34203
24834
24836
25302
24835
24836
25303
34204
34206
25305
24840
24841
24844
24851
24840
24841
24845
30516
24841
24852
30517
24848
24849
24854
30519
24843
24846
24850
24857
24848
24849
24850
24858
24848
24849
24848
24850
24849
24850
24859
24862
24863
24854
24855
24858
24854
34203
24854
24855
24860
25322
34205
24862
34207
24864
25324
24857
24861
24885
25326
24863
24887
24862
24863
24864
24862
24863
24862
24864
25329
24863
24864
25330
25332
24866
24868
24872
24875
24871
24872
24873
24876
24871
24872
24871
24873
32643
24872
24873
24877
32645
24880
24881
32647
24875
24878
24886
25349
24880
24888
24880
24881
24882
24880
24881
32650
24880
24882
25352
24881
24882
25353
32651
32653
25355
24887
24888
24889
24887
24888
24887
24889
24888
24889
24891
24895
24899
24902
24893
24896
24900
24904
24898
24899
24900
24905
24898
24899
24898
24900
24899
24900
24906
24909
24910
24902
24907
24915
25374
24909
24917
24904
24908
24965
25376
24910
24967
24909
24910
24911
24909
24910
24909
24911
25379
24910
24911
25380
25382
24916
24917
24918
32649
24916
24917
24916
24918
32651
24917
24918
32653
32655
24920
24922
24973
24929
24978
24923
24925
30544
24923
24929
30546
24928
24931
30548
24927
24943
24928
32671
24927
24928
24932
24945
32673
24935
24947
24936
32675
24931
32678
24931
24934
25405
32679
24936
32681
24935
24936
24957
32685
24935
24958
25408
24936
25409
32686
24960
32688
24940
24941
24951
32656
24940
24941
32657
24941
24952
32660
24954
32661
24946
24947
24948
24956
32656
24946
24947
24946
24948
32658
24947
24948
24957
32660
24960
24961
32662
24950
24951
24956
24955
24962
24954
24955
32663
24954
24964
24954
24955
24966
25422
32665
24968
32667
25424
32669
24960
24961
24962
32663
24960
24961
24960
24962
25427
24961
24962
25428
32666
32668
25430
32669
24967
24968
24969
24967
24968
24967
24969
24968
24969
24974
24975
24976
24977
24974
24975
24974
24976
30545
24975
24976
24978
30546
24981
24982
30549
24981
24982
24983
24981
24982
32678
24981
24983
25455
24982
24983
25456
32680
32682
25458
24988
24989
24990
24991
32691
24988
24989
24988
24990
32693
24989
24990
24992
32695
24995
24996
32697
24995
24996
24997
32698
24995
24996
25001
24995
24997
25469
24996
24997
25002
25470
32701
25003
32703
25472
32704
25000
32693
25000
25004
32694
25006
32697
25003
25003
25005
25006
25006
25015
32699
25006
25482
32701
32703
25011
25012
25013
25019
25011
25012
25011
25013
30580
25012
25013
25020
30581
25023
25024
30584
25017
25018
25019
25017
32713
25017
25018
25021
32715
25023
32717
25025
25023
25024
25025
25023
25024
32720
25023
25025
25492
25024
25025
25493
32722
32724
25495
25028
25029
25030
25037
30578
25028
25029
30580
25034
30582
25039
30584
25034
25035
25036
25041
25034
25035
34210
25034
25036
25035
25036
25042
34212
25045
34213
25046
25039
25040
25041
32719
25039
25040
25511
32722
32724
25047
25512
32725
25045
25046
25047
25045
25046
34217
25045
25047
25515
34218
25046
25047
25516
34220
25518
25052
25053
25054
25062
25052
25053
25052
25054
25055
25053
25054
25063
25066
25056
25067
25056
25072
25070
25076
25060
25061
25062
25060
34217
25060
25061
25064
34219
25066
34221
25068
25066
25067
25068
25066
25067
25066
25068
25533
25067
25068
25069
25534
25070
25536
25070
25080
25539
25082
25075
25076
25077
25078
25075
25076
25075
25077
25076
25077
25079
25082
25083
25082
25083
25084
25082
25083
25082
25084
25556
25083
25084
25094
25557
25095
25559
25089
25090
25091
25096
25089
25090
25089
25091
25092
25090
25091
25097
25100
25093
25101
25093
25106
25104
25110
25095
25098
25100
25100
25101
25102
25100
25101
25100
25102
25570
25101
25102
25103
25571
25104
25573
25104
25114
25576
25116
25109
25110
25111
25112
25109
25110
25109
25111
25110
25111
25113
25116
25117
25116
25117
25118
25116
25117
25127
25116
25118
25590
25117
25118
25128
25591
25129
25593
25123
25124
25125
25131
32726
25123
25124
32728
25123
25125
25124
25125
25132
25139
32730
25135
32732
25136
25129
25130
32733
25129
25129
25130
32735
32737
32739
25135
25136
25137
32733
25135
25136
25141
25135
25137
25604
32736
25136
25137
25605
32738
25607
32739
25140
25140
25141
25143
25143
25152
25143
25154
25622
25156
25148
25149
25150
25158
25148
25149
25148
25150
25149
25150
25159
25162
25163
25155
25156
25157
25158
25155
25156
25155
25157
25156
25157
25160
25162
25164
25162
25163
25164
25162
25163
25162
25164
25629
25163
25164
25177
25630
25178
25632
25167
25168
25169
25180
25167
25168
25171
25173
25175
25182
25173
25174
25175
25184
32740
25173
25174
32742
25173
25175
25192
25174
25175
25185
25194
32744
25188
32746
25189
25196
25178
25179
25180
32747
25178
25179
32749
32751
25183
32753
25182
25183
25184
25182
25183
25187
25650
25189
25190
25651
25188
25189
25190
32747
25188
25189
25206
25188
25190
25654
32750
25189
25190
25207
25655
32752
25209
25657
32753
25195
25196
25197
25198
25205
25195
25196
25195
25197
25199
25196
25197
25206
25202
25209
25203
25210
25202
25203
25204
25212
25202
25203
25202
25204
25220
25203
25204
25213
25222
25216
25217
25224
25209
25210
25211
25212
25209
25210
25209
25211
25676
25210
25211
25214
25677
25216
25218
25679
25216
25217
25218
25216
25217
25234
25216
25218
25683
25217
25218
25235
25684
25237
25686
25223
25224
25225
25226
25233
25223
25224
25223
25225
25227
25224
25225
25234
25230
25237
25231
25238
25230
25231
25232
25240
25230
25231
25230
25232
25248
25231
25232
25241
25250
25244
25245
25252
25237
25238
25239
25240
25237
25238
25237
25239
25704
25238
25239
25242
25705
25244
25246
25707
25244
25245
25246
25244
25245
25262
25244
25246
25711
25245
25246
25263
25712
25265
25714
25251
25252
25253
25254
25261
25251
25252
25251
25253
25255
25252
25253
25262
25258
25265
25259
25266
25258
25259
25260
25268
25258
25259
25258
25260
25276
25259
25260
25269
25278
25272
25273
25280
25265
25266
25267
25268
25265
25266
25265
25267
25732
25266
25267
25270
25733
25272
25274
25735
25272
25273
25274
25272
25273
25289
25272
25274
25739
25273
25274
25290
25740
25292
25742
25279
25280
25281
25288
32754
25279
25280
25279
25281
32755
25280
25281
25289
32758
25292
25293
32759
25284
25285
25295
32754
25284
25285
32756
32758
25297
32760
25287
25288
25295
25294
25298
25292
25293
25294
32761
25292
25293
25292
25294
25760
25293
25294
25761
32763
32765
25763
32767
25297
25298
32761
25297
25298
25309
25767
32764
25311
32766
25768
32767
25300
25304
25323
25315
25336
25305
25306
25307
25314
25305
25306
25305
25307
30620
25306
25307
25315
30622
25318
25319
30623
25311
25312
25313
25314
32775
25311
25313
32777
25312
25313
25316
32779
25318
25320
32781
25318
25319
25320
25318
25319
34224
25318
25320
25786
25319
25320
25787
34225
34227
25789
25324
25325
25328
25335
25324
25325
25329
30621
25325
25336
30622
25332
25333
25338
30624
25327
25330
25334
25341
25332
25333
25334
25342
25332
25333
25332
25334
25333
25334
25343
25346
25347
25338
25339
25342
25338
34224
25338
25339
25344
25806
34226
25346
34228
25348
25808
25341
25345
25369
25810
25347
25371
25346
25347
25348
25346
25347
25346
25348
25813
25347
25348
25814
25816
25350
25352
25356
25359
25355
25356
25357
25360
25355
25356
25355
25357
32783
25356
25357
25361
32785
25364
25365
32787
25359
25362
25370
25833
25364
25372
25364
25365
25366
25364
25365
32790
25364
25366
25836
25365
25366
25837
32791
32793
25839
25371
25372
25373
25371
25372
25371
25373
25372
25373
25375
25379
25383
25386
25377
25380
25384
25388
25382
25383
25384
25389
25382
25383
25382
25384
25383
25384
25390
25393
25394
25386
25391
25399
25858
25393
25401
25388
25392
25449
25860
25394
25451
25393
25394
25395
25393
25394
25393
25395
25863
25394
25395
25864
25866
25400
25401
25402
32789
25400
25401
25400
25402
32791
25401
25402
32793
32795
25404
25406
25457
25413
25462
25407
25409
30649
25407
25413
30651
25412
25415
30653
25411
25427
25412
32811
25411
25412
25416
25429
32813
25419
25431
25420
32815
25415
32818
25415
25418
25889
32819
25420
32821
25419
25420
25441
32825
25419
25442
25892
25420
25893
32826
25444
32828
25424
25425
25435
32796
25424
25425
32797
25425
25436
32800
25438
32801
25430
25431
25432
25440
32796
25430
25431
25430
25432
32798
25431
25432
25441
32800
25444
25445
32802
25434
25435
25440
25439
25446
25438
25439
32803
25438
25448
25438
25439
25450
25906
32805
25452
32807
25908
32809
25444
25445
25446
32803
25444
25445
25444
25446
25911
25445
25446
25912
32806
32808
25914
32809
25451
25452
25453
25451
25452
25451
25453
25452
25453
25458
25459
25460
25461
25458
25459
25458
25460
30650
25459
25460
25462
30651
25465
25466
30654
25465
25466
25467
25465
25466
32818
25465
25467
25939
25466
25467
25940
32820
32822
25942
25472
25473
25474
25475
32831
25472
25473
25472
25474
32833
25473
25474
25476
32835
25479
25480
32837
25479
25480
25481
32838
25479
25480
25485
25479
25481
25953
25480
25481
25486
25954
32841
25487
32843
25956
32844
25484
32833
25484
25488
32834
25490
32837
25487
25487
25489
25490
25490
25499
32839
25490
25966
32841
32843
25495
25496
25497
25503
25495
25496
25495
25497
30685
25496
25497
25504
30686
25507
25508
30689
25501
25502
25503
25501
32853
25501
25502
25505
32855
25507
32857
25509
25507
25508
25509
25507
25508
32860
25507
25509
25976
25508
25509
25977
32862
32864
25979
25512
25513
25514
25521
30683
25512
25513
30685
25518
30687
25523
30689
25518
25519
25520
25525
25518
25519
34231
25518
25520
25519
25520
25526
34233
25529
34234
25530
25523
25524
25525
32859
25523
25524
25995
32862
32864
25531
25996
32865
25529
25530
25531
25529
25530
34238
25529
25531
25999
34239
25530
25531
26000
34241
26002
25536
25537
25538
25546
25536
25537
25536
25538
25539
25537
25538
25547
25550
25540
25551
25540
25556
25554
25560
25544
25545
25546
25544
34238
25544
25545
25548
34240
25550
34242
25552
25550
25551
25552
25550
25551
25550
25552
26017
25551
25552
25553
26018
25554
26020
25554
25564
26023
25566
25559
25560
25561
25562
25559
25560
25559
25561
25560
25561
25563
25566
25567
25566
25567
25568
25566
25567
25566
25568
26040
25567
25568
25578
26041
25579
26043
25573
25574
25575
25580
25573
25574
25573
25575
25576
25574
25575
25581
25584
25577
25585
25577
25590
25588
25594
25579
25582
25584
25584
25585
25586
25584
25585
25584
25586
26054
25585
25586
25587
26055
25588
26057
25588
25598
26060
25600
25593
25594
25595
25596
25593
25594
25593
25595
25594
25595
25597
25600
25601
25600
25601
25602
25600
25601
25611
25600
25602
26074
25601
25602
25612
26075
25613
26077
25607
25608
25609
25615
32866
25607
25608
32868
25607
25609
25608
25609
25616
25623
32870
25619
32872
25620
25613
25614
32873
25613
25613
25614
32875
32877
32879
25619
25620
25621
32873
25619
25620
25625
25619
25621
26088
32876
25620
25621
26089
32878
26091
32879
25624
25624
25625
25627
25627
25636
25627
25638
26106
25640
25632
25633
25634
25642
25632
25633
25632
25634
25633
25634
25643
25646
25647
25639
25640
25641
25642
25639
25640
25639
25641
25640
25641
25644
25646
25648
25646
25647
25648
25646
25647
25646
25648
26113
25647
25648
25661
26114
25662
26116
25651
25652
25653
25664
25651
25652
25655
25657
25659
25666
25657
25658
25659
25668
32880
25657
25658
32882
25657
25659
25676
25658
25659
25669
25678
32884
25672
32886
25673
25680
25662
25663
25664
32887
25662
25663
32889
32891
25667
32893
25666
25667
25668
25666
25667
25671
26134
25673
25674
26135
25672
25673
25674
32887
25672
25673
25690
25672
25674
26138
32890
25673
25674
25691
26139
32892
25693
26141
32893
25679
25680
25681
25682
25689
25679
25680
25679
25681
25683
25680
25681
25690
25686
25693
25687
25694
25686
25687
25688
25696
25686
25687
25686
25688
25704
25687
25688
25697
25706
25700
25701
25708
25693
25694
25695
25696
25693
25694
25693
25695
26160
25694
25695
25698
26161
25700
25702
26163
25700
25701
25702
25700
25701
25718
25700
25702
26167
25701
25702
25719
26168
25721
26170
25707
25708
25709
25710
25717
25707
25708
25707
25709
25711
25708
25709
25718
25714
25721
25715
25722
25714
25715
25716
25724
25714
25715
25714
25716
25732
25715
25716
25725
25734
25728
25729
25736
25721
25722
25723
25724
25721
25722
25721
25723
26188
25722
25723
25726
26189
25728
25730
26191
25728
25729
25730
25728
25729
25746
25728
25730
26195
25729
25730
25747
26196
25749
26198
25735
25736
25737
25738
25745
25735
25736
25735
25737
25739
25736
25737
25746
25742
25749
25743
25750
25742
25743
25744
25752
25742
25743
25742
25744
25760
25743
25744
25753
25762
25756
25757
25764
25749
25750
25751
25752
25749
25750
25749
25751
26216
25750
25751
25754
26217
25756
25758
26219
25756
25757
25758
25756
25757
25773
25756
25758
26223
25757
25758
25774
26224
25776
26226
25763
25764
25765
25772
32894
25763
25764
25763
25765
32895
25764
25765
25773
32898
25776
25777
32899
25768
25769
25779
32894
25768
25769
32896
32898
25781
32900
25771
25772
25779
25778
25782
25776
25777
25778
32901
25776
25777
25776
25778
26244
25777
25778
26245
32903
32905
26247
32907
25781
25782
32901
25781
25782
25793
26251
32904
25795
32906
26252
32907
25784
25788
25807
25799
25820
25789
25790
25791
25798
25789
25790
25789
25791
30725
25790
25791
25799
30727
25802
25803
30728
25795
25796
25797
25798
32915
25795
25797
32917
25796
25797
25800
32919
25802
25804
32921
25802
25803
25804
25802
25803
34245
25802
25804
26270
25803
25804
26271
34246
34248
26273
25808
25809
25812
25819
25808
25809
25813
30726
25809
25820
30727
25816
25817
25822
30729
25811
25814
25818
25825
25816
25817
25818
25826
25816
25817
25816
25818
25817
25818
25827
25830
25831
25822
25823
25826
25822
34245
25822
25823
25828
26290
34247
25830
34249
25832
26292
25825
25829
25853
26294
25831
25855
25830
25831
25832
25830
25831
25830
25832
26297
25831
25832
26298
26300
25834
25836
25840
25843
25839
25840
25841
25844
25839
25840
25839
25841
32923
25840
25841
25845
32925
25848
25849
32927
25843
25846
25854
26317
25848
25856
25848
25849
25850
25848
25849
32930
25848
25850
26320
25849
25850
26321
32931
32933
26323
25855
25856
25857
25855
25856
25855
25857
25856
25857
25859
25863
25867
25870
25861
25864
25868
25872
25866
25867
25868
25873
25866
25867
25866
25868
25867
25868
25874
25877
25878
25870
25875
25883
26342
25877
25885
25872
25876
25933
26344
25878
25935
25877
25878
25879
25877
25878
25877
25879
26347
25878
25879
26348
26350
25884
25885
25886
32929
25884
25885
25884
25886
32931
25885
25886
32933
32935
25888
25890
25941
25897
25946
25891
25893
30754
25891
25897
30756
25896
25899
30758
25895
25911
25896
32951
25895
25896
25900
25913
32953
25903
25915
25904
32955
25899
32958
25899
25902
26373
32959
25904
32961
25903
25904
25925
32965
25903
25926
26376
25904
26377
32966
25928
32968
25908
25909
25919
32936
25908
25909
32937
25909
25920
32940
25922
32941
25914
25915
25916
25924
32936
25914
25915
25914
25916
32938
25915
25916
25925
32940
25928
25929
32942
25918
25919
25924
25923
25930
25922
25923
32943
25922
25932
25922
25923
25934
26390
32945
25936
32947
26392
32949
25928
25929
25930
32943
25928
25929
25928
25930
26395
25929
25930
26396
32946
32948
26398
32949
25935
25936
25937
25935
25936
25935
25937
25936
25937
25942
25943
25944
25945
25942
25943
25942
25944
30755
25943
25944
25946
30756
25949
25950
30759
25949
25950
25951
25949
25950
32958
25949
25951
26423
25950
25951
26424
32960
32962
26426
25956
25957
25958
25959
32971
25956
25957
25956
25958
32973
25957
25958
25960
32975
25963
25964
32977
25963
25964
25965
32978
25963
25964
25969
25963
25965
26437
25964
25965
25970
26438
32981
25971
32983
26440
32984
25968
32973
25968
25972
32974
25974
32977
25971
25971
25973
25974
25974
25983
32979
25974
26450
32981
32983
25979
25980
25981
25987
25979
25980
25979
25981
30790
25980
25981
25988
30791
25991
25992
30794
25985
25986
25987
25985
32993
25985
25986
25989
32995
25991
32997
25993
25991
25992
25993
25991
25992
33000
25991
25993
26460
25992
25993
26461
33002
33004
26463
25996
25997
25998
26005
30788
25996
25997
30790
26002
30792
26007
30794
26002
26003
26004
26009
26002
26003
34252
26002
26004
26003
26004
26010
34254
26013
34255
26014
26007
26008
26009
32999
26007
26008
26479
33002
33004
26015
26480
33005
26013
26014
26015
26013
26014
34259
26013
26015
26483
34260
26014
26015
26484
34262
26486
26020
26021
26022
26030
26020
26021
26020
26022
26023
26021
26022
26031
26034
26024
26035
26024
26040
26038
26044
26028
26029
26030
26028
34259
26028
26029
26032
34261
26034
34263
26036
26034
26035
26036
26034
26035
26034
26036
26501
26035
26036
26037
26502
26038
26504
26038
26048
26507
26050
26043
26044
26045
26046
26043
26044
26043
26045
26044
26045
26047
26050
26051
26050
26051
26052
26050
26051
26050
26052
26524
26051
26052
26062
26525
26063
26527
26057
26058
26059
26064
26057
26058
26057
26059
26060
26058
26059
26065
26068
26061
26069
26061
26074
26072
26078
26063
26066
26068
26068
26069
26070
26068
26069
26068
26070
26538
26069
26070
26071
26539
26072
26541
26072
26082
26544
26084
26077
26078
26079
26080
26077
26078
26077
26079
26078
26079
26081
26084
26085
26084
26085
26086
26084
26085
26095
26084
26086
26558
26085
26086
26096
26559
26097
26561
26091
26092
26093
26099
33006
26091
26092
33008
26091
26093
26092
26093
26100
26107
33010
26103
33012
26104
26097
26098
33013
26097
26097
26098
33015
33017
33019
26103
26104
26105
33013
26103
26104
26109
26103
26105
26572
33016
26104
26105
26573
33018
26575
33019
26108
26108
26109
26111
26111
26120
26111
26122
26590
26124
26116
26117
26118
26126
26116
26117
26116
26118
26117
26118
26127
26130
26131
26123
26124
26125
26126
26123
26124
26123
26125
26124
26125
26128
26130
26132
26130
26131
26132
26130
26131
26130
26132
26597
26131
26132
26145
26598
26146
26600
26135
26136
26137
26148
26135
26136
26139
26141
26143
26150
26141
26142
26143
26152
33020
26141
26142
33022
26141
26143
26160
26142
26143
26153
26162
33024
26156
33026
26157
26164
26146
26147
26148
33027
26146
26147
33029
33031
26151
33033
26150
26151
26152
26150
26151
26155
26618
26157
26158
26619
26156
26157
26158
33027
26156
26157
26174
26156
26158
26622
33030
26157
26158
26175
26623
33032
26177
26625
33033
26163
26164
26165
26166
26173
26163
26164
26163
26165
26167
26164
26165
26174
26170
26177
26171
26178
26170
26171
26172
26180
26170
26171
26170
26172
26188
26171
26172
26181
26190
26184
26185
26192
26177
26178
26179
26180
26177
26178
26177
26179
26644
26178
26179
26182
26645
26184
26186
26647
26184
26185
26186
26184
26185
26202
26184
26186
26651
26185
26186
26203
26652
26205
26654
26191
26192
26193
26194
26201
26191
26192
26191
26193
26195
26192
26193
26202
26198
26205
26199
26206
26198
26199
26200
26208
26198
26199
26198
26200
26216
26199
26200
26209
26218
26212
26213
26220
26205
26206
26207
26208
26205
26206
26205
26207
26672
26206
26207
26210
26673
26212
26214
26675
26212
26213
26214
26212
26213
26230
26212
26214
26679
26213
26214
26231
26680
26233
26682
26219
26220
26221
26222
26229
26219
26220
26219
26221
26223
26220
26221
26230
26226
26233
26227
26234
26226
26227
26228
26236
26226
26227
26226
26228
26244
26227
26228
26237
26246
26240
26241
26248
26233
26234
26235
26236
26233
26234
26233
26235
26700
26234
26235
26238
26701
26240
26242
26703
26240
26241
26242
26240
26241
26257
26240
26242
26707
26241
26242
26258
26708
26260
26710
26247
26248
26249
26256
33034
26247
26248
26247
26249
33035
26248
26249
26257
33038
26260
26261
33039
26252
26253
26263
33034
26252
26253
33036
33038
26265
33040
26255
26256
26263
26262
26266
26260
26261
26262
33041
26260
26261
26260
26262
26728
26261
26262
26729
33043
33045
26731
33047
26265
26266
33041
26265
26266
26277
26735
33044
26279
33046
26736
33047
26268
26272
26291
26283
26304
26273
26274
26275
26282
26273
26274
26273
26275
30830
26274
26275
26283
30832
26286
26287
30833
26279
26280
26281
26282
33055
26279
26281
33057
26280
26281
26284
33059
26286
26288
33061
26286
26287
26288
26286
26287
34266
26286
26288
26754
26287
26288
26755
34267
34269
26757
26292
26293
26296
26303
26292
26293
26297
30831
26293
26304
30832
26300
26301
26306
30834
26295
26298
26302
26309
26300
26301
26302
26310
26300
26301
26300
26302
26301
26302
26311
26314
26315
26306
26307
26310
26306
34266
26306
26307
26312
26774
34268
26314
34270
26316
26776
26309
26313
26337
26778
26315
26339
26314
26315
26316
26314
26315
26314
26316
26781
26315
26316
26782
26784
26318
26320
26324
26327
26323
26324
26325
26328
26323
26324
26323
26325
33063
26324
26325
26329
33065
26332
26333
33067
26327
26330
26338
26801
26332
26340
26332
26333
26334
26332
26333
33070
26332
26334
26804
26333
26334
26805
33071
33073
26807
26339
26340
26341
26339
26340
26339
26341
26340
26341
26343
26347
26351
26354
26345
26348
26352
26356
26350
26351
26352
26357
26350
26351
26350
26352
26351
26352
26358
26361
26362
26354
26359
26367
26826
26361
26369
26356
26360
26417
26828
26362
26419
26361
26362
26363
26361
26362
26361
26363
26831
26362
26363
26832
26834
26368
26369
26370
33069
26368
26369
26368
26370
33071
26369
26370
33073
33075
26372
26374
26425
26381
26430
26375
26377
30859
26375
26381
30861
26380
26383
30863
26379
26395
26380
33091
26379
26380
26384
26397
33093
26387
26399
26388
33095
26383
33098
26383
26386
26857
33099
26388
33101
26387
26388
26409
33105
26387
26410
26860
26388
26861
33106
26412
33108
26392
26393
26403
33076
26392
26393
33077
26393
26404
33080
26406
33081
26398
26399
26400
26408
33076
26398
26399
26398
26400
33078
26399
26400
26409
33080
26412
26413
33082
26402
26403
26408
26407
26414
26406
26407
33083
26406
26416
26406
26407
26418
26874
33085
26420
33087
26876
33089
26412
26413
26414
33083
26412
26413
26412
26414
26879
26413
26414
26880
33086
33088
26882
33089
26419
26420
26421
26419
26420
26419
26421
26420
26421
26426
26427
26428
26429
26426
26427
26426
26428
30860
26427
26428
26430
30861
26433
26434
30864
26433
26434
26435
26433
26434
33098
26433
26435
26907
26434
26435
26908
33100
33102
26910
26440
26441
26442
26443
33111
26440
26441
26440
26442
33113
26441
26442
26444
33115
26447
26448
33117
26447
26448
26449
33118
26447
26448
26453
26447
26449
26921
26448
26449
26454
26922
33121
26455
33123
26924
33124
26452
33113
26452
26456
33114
26458
33117
26455
26455
26457
26458
26458
26467
33119
26458
26934
33121
33123
26463
26464
26465
26471
26463
26464
26463
26465
30895
26464
26465
26472
30896
26475
26476
30899
26469
26470
26471
26469
33133
26469
26470
26473
33135
26475
33137
26477
26475
26476
26477
26475
26476
33140
26475
26477
26944
26476
26477
26945
33142
33144
26947
26480
26481
26482
26489
30893
26480
26481
30895
26486
30897
26491
30899
26486
26487
26488
26493
26486
26487
34273
26486
26488
26487
26488
26494
34275
26497
34276
26498
26491
26492
26493
33139
26491
26492
26963
33142
33144
26499
26964
33145
26497
26498
26499
26497
26498
34280
26497
26499
26967
34281
26498
26499
26968
34283
26970
26504
26505
26506
26514
26504
26505
26504
26506
26507
26505
26506
26515
26518
26508
26519
26508
26524
26522
26528
26512
26513
26514
26512
34280
26512
26513
26516
34282
26518
34284
26520
26518
26519
26520
26518
26519
26518
26520
26985
26519
26520
26521
26986
26522
26988
26522
26532
26991
26534
26527
26528
26529
26530
26527
26528
26527
26529
26528
26529
26531
26534
26535
26534
26535
26536
26534
26535
26534
26536
27008
26535
26536
26546
27009
26547
27011
26541
26542
26543
26548
26541
26542
26541
26543
26544
26542
26543
26549
26552
26545
26553
26545
26558
26556
26562
26547
26550
26552
26552
26553
26554
26552
26553
26552
26554
27022
26553
26554
26555
27023
26556
27025
26556
26566
27028
26568
26561
26562
26563
26564
26561
26562
26561
26563
26562
26563
26565
26568
26569
26568
26569
26570
26568
26569
26579
26568
26570
27042
26569
26570
26580
27043
26581
27045
26575
26576
26577
26583
33146
26575
26576
33148
26575
26577
26576
26577
26584
26591
33150
26587
33152
26588
26581
26582
33153
26581
26581
26582
33155
33157
33159
26587
26588
26589
33153
26587
26588
26593
26587
26589
27056
33156
26588
26589
27057
33158
27059
33159
26592
26592
26593
26595
26595
26604
26595
26606
27074
26608
26600
26601
26602
26610
26600
26601
26600
26602
26601
26602
26611
26614
26615
26607
26608
26609
26610
26607
26608
26607
26609
26608
26609
26612
26614
26616
26614
26615
26616
26614
26615
26614
26616
27081
26615
26616
26629
27082
26630
27084
26619
26620
26621
26632
26619
26620
26623
26625
26627
26634
26625
26626
26627
26636
33160
26625
26626
33162
26625
26627
26644
26626
26627
26637
26646
33164
26640
33166
26641
26648
26630
26631
26632
33167
26630
26631
33169
33171
26635
33173
26634
26635
26636
26634
26635
26639
27102
26641
26642
27103
26640
26641
26642
33167
26640
26641
26658
26640
26642
27106
33170
26641
26642
26659
27107
33172
26661
27109
33173
26647
26648
26649
26650
26657
26647
26648
26647
26649
26651
26648
26649
26658
26654
26661
26655
26662
26654
26655
26656
26664
26654
26655
26654
26656
26672
26655
26656
26665
26674
26668
26669
26676
26661
26662
26663
26664
26661
26662
26661
26663
27128
26662
26663
26666
27129
26668
26670
27131
26668
26669
26670
26668
26669
26686
26668
26670
27135
26669
26670
26687
27136
26689
27138
26675
26676
26677
26678
26685
26675
26676
26675
26677
26679
26676
26677
26686
26682
26689
26683
26690
26682
26683
26684
26692
26682
26683
26682
26684
26700
26683
26684
26693
26702
26696
26697
26704
26689
26690
26691
26692
26689
26690
26689
26691
27156
26690
26691
26694
27157
26696
26698
27159
26696
26697
26698
26696
26697
26714
26696
26698
27163
26697
26698
26715
27164
26717
27166
26703
26704
26705
26706
26713
26703
26704
26703
26705
26707
26704
26705
26714
26710
26717
26711
26718
26710
26711
26712
26720
26710
26711
26710
26712
26728
26711
26712
26721
26730
26724
26725
26732
26717
26718
26719
26720
26717
26718
26717
26719
27184
26718
26719
26722
27185
26724
26726
27187
26724
26725
26726
26724
26725
26741
26724
26726
27191
26725
26726
26742
27192
26744
27194
26731
26732
26733
26740
33174
26731
26732
26731
26733
33175
26732
26733
26741
33178
26744
26745
33179
26736
26737
26747
33174
26736
26737
33176
33178
26749
33180
26739
26740
26747
26746
26750
26744
26745
26746
33181
26744
26745
26744
26746
27212
26745
26746
27213
33183
33185
27215
33187
26749
26750
33181
26749
26750
26761
27219
33184
26763
33186
27220
33187
26752
26756
26775
26767
26788
26757
26758
26759
26766
26757
26758
26757
26759
30935
26758
26759
26767
30937
26770
26771
30938
26763
26764
26765
26766
33195
26763
26765
33197
26764
26765
26768
33199
26770
26772
33201
26770
26771
26772
26770
26771
34287
26770
26772
27238
26771
26772
27239
34288
34290
27241
26776
26777
26780
26787
26776
26777
26781
30936
26777
26788
30937
26784
26785
26790
30939
26779
26782
26786
26793
26784
26785
26786
26794
26784
26785
26784
26786
26785
26786
26795
26798
26799
26790
26791
26794
26790
34287
26790
26791
26796
27258
34289
26798
34291
26800
27260
26793
26797
26821
27262
26799
26823
26798
26799
26800
26798
26799
26798
26800
27265
26799
26800
27266
27268
26802
26804
26808
26811
26807
26808
26809
26812
26807
26808
26807
26809
33203
26808
26809
26813
33205
26816
26817
33207
26811
26814
26822
27285
26816
26824
26816
26817
26818
26816
26817
33210
26816
26818
27288
26817
26818
27289
33211
33213
27291
26823
26824
26825
26823
26824
26823
26825
26824
26825
26827
26831
26835
26838
26829
26832
26836
26840
26834
26835
26836
26841
26834
26835
26834
26836
26835
26836
26842
26845
26846
26838
26843
26851
27310
26845
26853
26840
26844
26901
27312
26846
26903
26845
26846
26847
26845
26846
26845
26847
27315
26846
26847
27316
27318
26852
26853
26854
33209
26852
26853
26852
26854
33211
26853
26854
33213
33215
26856
26858
26909
26865
26914
26859
26861
30964
26859
26865
30966
26864
26867
30968
26863
26879
26864
33231
26863
26864
26868
26881
33233
26871
26883
26872
33235
26867
33238
26867
26870
27341
33239
26872
33241
26871
26872
26893
33245
26871
26894
27344
26872
27345
33246
26896
33248
26876
26877
26887
33216
26876
26877
33217
26877
26888
33220
26890
33221
26882
26883
26884
26892
33216
26882
26883
26882
26884
33218
26883
26884
26893
33220
26896
26897
33222
26886
26887
26892
26891
26898
26890
26891
33223
26890
26900
26890
26891
26902
27358
33225
26904
33227
27360
33229
26896
26897
26898
33223
26896
26897
26896
26898
27363
26897
26898
27364
33226
33228
27366
33229
26903
26904
26905
26903
26904
26903
26905
26904
26905
26910
26911
26912
26913
26910
26911
26910
26912
30965
26911
26912
26914
30966
26917
26918
30969
26917
26918
26919
26917
26918
33238
26917
26919
27391
26918
26919
27392
33240
33242
27394
26924
26925
26926
26927
33251
26924
26925
26924
26926
33253
26925
26926
26928
33255
26931
26932
33257
26931
26932
26933
33258
26931
26932
26937
26931
26933
27412
26932
26933
26938
27413
33261
26939
33263
27415
33264
26936
33253
26936
26940
33254
26942
33257
26939
26939
26941
26942
26942
26951
33259
26942
27425
33261
33263
26947
26948
26949
26955
26947
26948
26947
26949
31000
26948
26949
26956
31001
26959
26960
31004
26953
26954
26955
26953
33273
26953
26954
26957
33275
26959
33277
26961
26959
26960
26961
26959
26960
33280
26959
26961
27435
26960
26961
27436
33282
33284
27438
26964
26965
26966
26973
30998
26964
26965
31000
26970
31002
26975
31004
26970
26971
26972
26977
26970
26971
34294
26970
26972
26971
26972
26978
34296
26981
34297
26982
26975
26976
26977
33279
26975
26976
27454
33282
33284
26983
27455
33285
26981
26982
26983
26981
26982
34301
26981
26983
27458
34302
26982
26983
27459
34304
27461
26988
26989
26990
26998
26988
26989
26988
26990
26991
26989
26990
26999
27002
26992
27003
26992
27008
27006
27012
26996
26997
26998
26996
34301
26996
26997
27000
34303
27002
34305
27004
27002
27003
27004
27002
27003
27002
27004
27476
27003
27004
27005
27477
27006
27479
27006
27016
27482
27018
27011
27012
27013
27014
27011
27012
27011
27013
27012
27013
27015
27018
27019
27018
27019
27020
27018
27019
27018
27020
27499
27019
27020
27030
27500
27031
27502
27025
27026
27027
27032
27025
27026
27025
27027
27028
27026
27027
27033
27036
27029
27037
27029
27042
27040
27046
27031
27034
27036
27036
27037
27038
27036
27037
27036
27038
27513
27037
27038
27039
27514
27040
27516
27040
27050
27519
27052
27045
27046
27047
27048
27045
27046
27045
27047
27046
27047
27049
27052
27053
27052
27053
27054
27052
27053
27063
27052
27054
27533
27053
27054
27064
27534
27065
27536
27059
27060
27061
27067
33286
27059
27060
33288
27059
27061
27060
27061
27068
27075
33290
27071
33292
27072
27065
27066
33293
27065
27065
27066
33295
33297
33299
27071
27072
27073
33293
27071
27072
27077
27071
27073
27547
33296
27072
27073
27548
33298
27550
33299
27076
27076
27077
27079
27079
27088
27079
27090
27565
27092
27084
27085
27086
27094
27084
27085
27084
27086
27085
27086
27095
27098
27099
27091
27092
27093
27094
27091
27092
27091
27093
27092
27093
27096
27098
27100
27098
27099
27100
27098
27099
27098
27100
27572
27099
27100
27113
27573
27114
27575
27103
27104
27105
27116
27103
27104
27107
27109
27111
27118
27109
27110
27111
27120
33300
27109
27110
33302
27109
27111
27128
27110
27111
27121
27130
33304
27124
33306
27125
27132
27114
27115
27116
33307
27114
27115
33309
33311
27119
33313
27118
27119
27120
27118
27119
27123
27593
27125
27126
27594
27124
27125
27126
33307
27124
27125
27142
27124
27126
27597
33310
27125
27126
27143
27598
33312
27145
27600
33313
27131
27132
27133
27134
27141
27131
27132
27131
27133
27135
27132
27133
27142
27138
27145
27139
27146
27138
27139
27140
27148
27138
27139
27138
27140
27156
27139
27140
27149
27158
27152
27153
27160
27145
27146
27147
27148
27145
27146
27145
27147
27619
27146
27147
27150
27620
27152
27154
27622
27152
27153
27154
27152
27153
27170
27152
27154
27626
27153
27154
27171
27627
27173
27629
27159
27160
27161
27162
27169
27159
27160
27159
27161
27163
27160
27161
27170
27166
27173
27167
27174
27166
27167
27168
27176
27166
27167
27166
27168
27184
27167
27168
27177
27186
27180
27181
27188
27173
27174
27175
27176
27173
27174
27173
27175
27647
27174
27175
27178
27648
27180
27182
27650
27180
27181
27182
27180
27181
27198
27180
27182
27654
27181
27182
27199
27655
27201
27657
27187
27188
27189
27190
27197
27187
27188
27187
27189
27191
27188
27189
27198
27194
27201
27195
27202
27194
27195
27196
27204
27194
27195
27194
27196
27212
27195
27196
27205
27214
27208
27209
27216
27201
27202
27203
27204
27201
27202
27201
27203
27675
27202
27203
27206
27676
27208
27210
27678
27208
27209
27210
27208
27209
27225
27208
27210
27682
27209
27210
27226
27683
27228
27685
27215
27216
27217
27224
33314
27215
27216
27215
27217
33315
27216
27217
27225
33318
27228
27229
33319
27220
27221
27231
33314
27220
27221
33316
33318
27233
33320
27223
27224
27231
27230
27234
27228
27229
27230
33321
27228
27229
27228
27230
27703
27229
27230
27704
33323
33325
27706
33327
27233
27234
33321
27233
27234
27245
27710
33324
27247
33326
27711
33327
27236
27240
27259
27251
27272
27241
27242
27243
27250
27241
27242
27241
27243
31040
27242
27243
27251
31042
27254
27255
31043
27247
27248
27249
27250
33335
27247
27249
33337
27248
27249
27252
33339
27254
27256
33341
27254
27255
27256
27254
27255
34308
27254
27256
27729
27255
27256
27730
34309
34311
27732
27260
27261
27264
27271
27260
27261
27265
31041
27261
27272
31042
27268
27269
27274
31044
27263
27266
27270
27277
27268
27269
27270
27278
27268
27269
27268
27270
27269
27270
27279
27282
27283
27274
27275
27278
27274
34308
27274
27275
27280
27749
34310
27282
34312
27284
27751
27277
27281
27305
27753
27283
27307
27282
27283
27284
27282
27283
27282
27284
27756
27283
27284
27757
27759
27286
27288
27292
27295
27291
27292
27293
27296
27291
27292
27291
27293
33343
27292
27293
27297
33345
27300
27301
33347
27295
27298
27306
27776
27300
27308
27300
27301
27302
27300
27301
33350
27300
27302
27779
27301
27302
27780
33351
33353
27782
27307
27308
27309
27307
27308
27307
27309
27308
27309
27311
27315
27319
27322
27313
27316
27320
27324
27318
27319
27320
27325
27318
27319
27318
27320
27319
27320
27326
27329
27330
27322
27327
27335
27801
27329
27337
27324
27328
27385
27803
27330
27387
27329
27330
27331
27329
27330
27329
27331
27806
27330
27331
27807
27809
27336
27337
27338
33349
27336
27337
27336
27338
33351
27337
27338
33353
33355
27340
27342
27393
27349
27405
27343
27345
31069
27343
27349
31071
27348
27351
31073
27347
27363
27348
33371
27347
27348
27352
27365
33373
27355
27367
27356
33375
27351
33378
27351
27354
27832
33379
27356
33381
27355
27356
27377
33385
27355
27378
27835
27356
27836
33386
27380
33388
27360
27361
27371
33356
27360
27361
33357
27361
27372
33360
27374
33361
27366
27367
27368
27376
33356
27366
27367
27366
27368
33358
27367
27368
27377
33360
27380
27381
33362
27370
27371
27376
27375
27382
27374
27375
33363
27374
27384
27374
27375
27386
27849
33365
27388
33367
27851
33369
27380
27381
27382
33363
27380
27381
27380
27382
27854
27381
27382
27855
33366
33368
27857
33369
27387
27388
27389
27387
27388
27387
27389
27388
27389
27394
27395
27396
27404
27394
27395
27394
27396
31070
27395
27396
27405
31071
27408
27409
31074
27401
27402
27403
27404
27401
27402
27401
27403
27406
27402
27403
27408
27410
27408
27409
27410
27408
27409
33378
27408
27410
27896
27409
27410
27897
33380
33382
27899
27415
27416
27417
27418
33391
27415
27416
27415
27417
33393
27416
27417
27419
33395
27422
27423
33397
27422
27423
27424
33398
27422
27423
27428
27422
27424
27917
27423
27424
27429
27918
33401
27430
33403
27920
33404
27427
33393
27427
27431
33394
27433
33397
27430
27430
27432
27433
27433
27442
33399
27433
27930
33401
33403
27438
27439
27440
27446
27438
27439
27438
27440
31105
27439
27440
27447
31106
27450
27451
31109
27444
27445
27446
27444
33413
27444
27445
27448
33415
27450
33417
27452
27450
27451
27452
27450
27451
33420
27450
27452
27940
27451
27452
27941
33422
33424
27943
27455
27456
27457
27464
31103
27455
27456
31105
27461
31107
27466
31109
27461
27462
27463
27468
27461
27462
34315
27461
27463
27462
27463
27469
34317
27472
34318
27473
27466
27467
27468
33419
27466
27467
27959
33422
33424
27474
27960
33425
27472
27473
27474
27472
27473
34322
27472
27474
27963
34323
27473
27474
27964
34325
27966
27479
27480
27481
27489
27479
27480
27479
27481
27482
27480
27481
27490
27493
27483
27494
27483
27499
27497
27503
27487
27488
27489
27487
34322
27487
27488
27491
34324
27493
34326
27495
27493
27494
27495
27493
27494
27493
27495
27981
27494
27495
27496
27982
27497
27984
27497
27507
27987
27509
27502
27503
27504
27505
27502
27503
27502
27504
27503
27504
27506
27509
27510
27509
27510
27511
27509
27510
27509
27511
28004
27510
27511
27521
28005
27522
28007
27516
27517
27518
27523
27516
27517
27516
27518
27519
27517
27518
27524
27527
27520
27528
27520
27533
27531
27537
27522
27525
27527
27527
27528
27529
27527
27528
27527
27529
28018
27528
27529
27530
28019
27531
28021
27531
27541
28024
27543
27536
27537
27538
27539
27536
27537
27536
27538
27537
27538
27540
27543
27544
27543
27544
27545
27543
27544
27554
27543
27545
28038
27544
27545
27555
28039
27556
28041
27550
27551
27552
27558
33426
27550
27551
33428
27550
27552
27551
27552
27559
27566
33430
27562
33432
27563
27556
27557
33433
27556
27556
27557
33435
33437
33439
27562
27563
27564
33433
27562
27563
27568
27562
27564
28052
33436
27563
27564
28053
33438
28055
33439
27567
27567
27568
27570
27570
27579
27570
27581
28070
27583
27575
27576
27577
27585
27575
27576
27575
27577
27576
27577
27586
27589
27590
27582
27583
27584
27585
27582
27583
27582
27584
27583
27584
27587
27589
27591
27589
27590
27591
27589
27590
27589
27591
28077
27590
27591
27604
28078
27605
28080
27594
27595
27596
27607
27594
27595
27598
27600
27602
27609
27600
27601
27602
27611
33440
27600
27601
33442
27600
27602
27619
27601
27602
27612
27621
33444
27615
33446
27616
27623
27605
27606
27607
33447
27605
27606
33449
33451
27610
33453
27609
27610
27611
27609
27610
27614
28098
27616
27617
28099
27615
27616
27617
33447
27615
27616
27633
27615
27617
28102
33450
27616
27617
27634
28103
33452
27636
28105
33453
27622
27623
27624
27625
27632
27622
27623
27622
27624
27626
27623
27624
27633
27629
27636
27630
27637
27629
27630
27631
27639
27629
27630
27629
27631
27647
27630
27631
27640
27649
27643
27644
27651
27636
27637
27638
27639
27636
27637
27636
27638
28124
27637
27638
27641
28125
27643
27645
28127
27643
27644
27645
27643
27644
27661
27643
27645
28131
27644
27645
27662
28132
27664
28134
27650
27651
27652
27653
27660
27650
27651
27650
27652
27654
27651
27652
27661
27657
27664
27658
27665
27657
27658
27659
27667
27657
27658
27657
27659
27675
27658
27659
27668
27677
27671
27672
27679
27664
27665
27666
27667
27664
27665
27664
27666
28152
27665
27666
27669
28153
27671
27673
28155
27671
27672
27673
27671
27672
27689
27671
27673
28159
27672
27673
27690
28160
27692
28162
27678
27679
27680
27681
27688
27678
27679
27678
27680
27682
27679
27680
27689
27685
27692
27686
27693
27685
27686
27687
27695
27685
27686
27685
27687
27703
27686
27687
27696
27705
27699
27700
27707
27692
27693
27694
27695
27692
27693
27692
27694
28180
27693
27694
27697
28181
27699
27701
28183
27699
27700
27701
27699
27700
27716
27699
27701
28187
27700
27701
27717
28188
27719
28190
27706
27707
27708
27715
33454
27706
27707
27706
27708
33455
27707
27708
27716
33458
27719
27720
33459
27711
27712
27722
33454
27711
27712
33456
33458
27724
33460
27714
27715
27722
27721
27725
27719
27720
27721
33461
27719
27720
27719
27721
28208
27720
27721
28209
33463
33465
28211
33467
27724
27725
33461
27724
27725
27736
28215
33464
27738
33466
28216
33467
27727
27731
27750
27742
27763
27732
27733
27734
27741
27732
27733
27732
27734
31145
27733
27734
27742
31147
27745
27746
31148
27738
27739
27740
27741
33475
27738
27740
33477
27739
27740
27743
33479
27745
27747
33481
27745
27746
27747
27745
27746
34329
27745
27747
28234
27746
27747
28235
34330
34332
28237
27751
27752
27755
27762
27751
27752
27756
31146
27752
27763
31147
27759
27760
27765
31149
27754
27757
27761
27768
27759
27760
27761
27769
27759
27760
27759
27761
27760
27761
27770
27773
27774
27765
27766
27769
27765
34329
27765
27766
27771
28254
34331
27773
34333
27775
28256
27768
27772
27796
28258
27774
27798
27773
27774
27775
27773
27774
27773
27775
28261
27774
27775
28262
28264
27777
27779
27783
27786
27782
27783
27784
27787
27782
27783
27782
27784
33483
27783
27784
27788
33485
27791
27792
33487
27786
27789
27797
28281
27791
27799
27791
27792
27793
27791
27792
33490
27791
27793
28284
27792
27793
28285
33491
33493
28287
27798
27799
27800
27798
27799
27798
27800
27799
27800
27802
27806
27810
27813
27804
27807
27811
27815
27809
27810
27811
27816
27809
27810
27809
27811
27810
27811
27817
27820
27821
27813
27818
27826
28306
27820
27828
27815
27819
27876
28308
27821
27878
27820
27821
27822
27820
27821
27820
27822
28311
27821
27822
28312
28314
27827
27828
27829
33489
27827
27828
27827
27829
33491
27828
27829
33493
33495
27831
27833
27898
27840
27910
27834
27836
31174
27834
27840
31176
27839
27842
31178
27838
27854
27839
33511
27838
27839
27843
27856
33513
27846
27858
27847
33515
27842
33518
27842
27845
28337
33519
27847
33521
27846
27847
27868
33525
27846
27869
28340
27847
28341
33526
27871
33528
27851
27852
27862
33496
27851
27852
33497
27852
27863
33500
27865
33501
27857
27858
27859
27867
33496
27857
27858
27857
27859
33498
27858
27859
27868
33500
27871
27872
33502
27861
27862
27867
27866
27873
27865
27866
33503
27865
27875
27865
27866
27877
28354
33505
27879
33507
28356
33509
27871
27872
27873
33503
27871
27872
27871
27873
28359
27872
27873
28360
33506
33508
28362
33509
27878
27879
27880
27878
27879
27878
27880
27879
27880
27885
27886
27887
27888
27885
27886
27885
27887
27886
27887
27889
27892
27893
27892
27893
27894
27892
27893
27903
27892
27894
28387
27893
27894
27905
28388
27907
28390
27899
27900
27901
27909
27899
27900
27899
27901
31175
27900
27901
27910
31176
27913
27914
31179
27906
27907
27908
27909
27906
27907
27906
27908
27911
27907
27908
27913
27915
27913
27914
27915
27913
27914
33518
27913
27915
28401
27914
27915
28402
33520
33522
28404
27920
27921
27922
27923
33531
27920
27921
27920
27922
33533
27921
27922
27924
33535
27927
27928
33537
27927
27928
27929
33538
27927
27928
27933
27927
27929
28422
27928
27929
27934
28423
33541
27935
33543
28425
33544
27932
33533
27932
27936
33534
27938
33537
27935
27935
27937
27938
27938
27947
33539
27938
28435
33541
33543
27943
27944
27945
27951
27943
27944
27943
27945
31210
27944
27945
27952
31211
27955
27956
31214
27949
27950
27951
27949
33553
27949
27950
27953
33555
27955
33557
27957
27955
27956
27957
27955
27956
33560
27955
27957
28445
27956
27957
28446
33562
33564
28448
27960
27961
27962
27969
31208
27960
27961
31210
27966
31212
27971
31214
27966
27967
27968
27973
27966
27967
34336
27966
27968
27967
27968
27974
34338
27977
34339
27978
27971
27972
27973
33559
27971
27972
28464
33562
33564
27979
28465
33565
27977
27978
27979
27977
27978
34343
27977
27979
28468
34344
27978
27979
28469
34346
28471
27984
27985
27986
27994
27984
27985
27984
27986
27987
27985
27986
27995
27998
27988
27999
27988
28004
28002
28008
27992
27993
27994
27992
34343
27992
27993
27996
34345
27998
34347
28000
27998
27999
28000
27998
27999
27998
28000
28486
27999
28000
28001
28487
28002
28489
28002
28012
28492
28014
28007
28008
28009
28010
28007
28008
28007
28009
28008
28009
28011
28014
28015
28014
28015
28016
28014
28015
28014
28016
28509
28015
28016
28026
28510
28027
28512
28021
28022
28023
28028
28021
28022
28021
28023
28024
28022
28023
28029
28032
28025
28033
28025
28038
28036
28042
28027
28030
28032
28032
28033
28034
28032
28033
28032
28034
28523
28033
28034
28035
28524
28036
28526
28036
28046
28529
28048
28041
28042
28043
28044
28041
28042
28041
28043
28042
28043
28045
28048
28049
28048
28049
28050
28048
28049
28059
28048
28050
28543
28049
28050
28060
28544
28061
28546
28055
28056
28057
28063
33566
28055
28056
33568
28055
28057
28056
28057
28064
28071
33570
28067
33572
28068
28061
28062
33573
28061
28061
28062
33575
33577
33579
28067
28068
28069
33573
28067
28068
28073
28067
28069
28557
33576
28068
28069
28558
33578
28560
33579
28072
28072
28073
28075
28075
28084
28075
28086
28575
28088
28080
28081
28082
28090
28080
28081
28080
28082
28081
28082
28091
28094
28095
28087
28088
28089
28090
28087
28088
28087
28089
28088
28089
28092
28094
28096
28094
28095
28096
28094
28095
28094
28096
28582
28095
28096
28109
28583
28110
28585
28099
28100
28101
28112
28099
28100
28103
28105
28107
28114
28105
28106
28107
28116
33580
28105
28106
33582
28105
28107
28124
28106
28107
28117
28126
33584
28120
33586
28121
28128
28110
28111
28112
33587
28110
28111
33589
33591
28115
33593
28114
28115
28116
28114
28115
28119
28603
28121
28122
28604
28120
28121
28122
33587
28120
28121
28138
28120
28122
28607
33590
28121
28122
28139
28608
33592
28141
28610
33593
28127
28128
28129
28130
28137
28127
28128
28127
28129
28131
28128
28129
28138
28134
28141
28135
28142
28134
28135
28136
28144
28134
28135
28134
28136
28152
28135
28136
28145
28154
28148
28149
28156
28141
28142
28143
28144
28141
28142
28141
28143
28629
28142
28143
28146
28630
28148
28150
28632
28148
28149
28150
28148
28149
28166
28148
28150
28636
28149
28150
28167
28637
28169
28639
28155
28156
28157
28158
28165
28155
28156
28155
28157
28159
28156
28157
28166
28162
28169
28163
28170
28162
28163
28164
28172
28162
28163
28162
28164
28180
28163
28164
28173
28182
28176
28177
28184
28169
28170
28171
28172
28169
28170
28169
28171
28657
28170
28171
28174
28658
28176
28178
28660
28176
28177
28178
28176
28177
28194
28176
28178
28664
28177
28178
28195
28665
28197
28667
28183
28184
28185
28186
28193
28183
28184
28183
28185
28187
28184
28185
28194
28190
28197
28191
28198
28190
28191
28192
28200
28190
28191
28190
28192
28208
28191
28192
28201
28210
28204
28205
28212
28197
28198
28199
28200
28197
28198
28197
28199
28685
28198
28199
28202
28686
28204
28206
28688
28204
28205
28206
28204
28205
28221
28204
28206
28692
28205
28206
28222
28693
28224
28695
28211
28212
28213
28220
33594
28211
28212
28211
28213
33595
28212
28213
28221
33598
28224
28225
33599
28216
28217
28227
33594
28216
28217
33596
33598
28229
33600
28219
28220
28227
28226
28230
28224
28225
28226
33601
28224
28225
28224
28226
28713
28225
28226
28714
33603
33605
28716
33607
28229
28230
33601
28229
28230
28241
28720
33604
28243
33606
28721
33607
28232
28236
28255
28247
28268
28237
28238
28239
28246
28237
28238
28237
28239
31250
28238
28239
28247
31252
28250
28251
31253
28243
28244
28245
28246
33615
28243
28245
33617
28244
28245
28248
33619
28250
28252
33621
28250
28251
28252
28250
28251
34350
28250
28252
28739
28251
28252
28740
34351
34353
28742
28256
28257
28260
28267
28256
28257
28261
31251
28257
28268
31252
28264
28265
28270
31254
28259
28262
28266
28273
28264
28265
28266
28274
28264
28265
28264
28266
28265
28266
28275
28278
28279
28270
28271
28274
28270
34350
28270
28271
28276
28759
34352
28278
34354
28280
28761
28273
28277
28301
28763
28279
28303
28278
28279
28280
28278
28279
28278
28280
28766
28279
28280
28767
28769
28282
28284
28288
28291
28287
28288
28289
28292
28287
28288
28287
28289
33623
28288
28289
28293
33625
28296
28297
33627
28291
28294
28302
28786
28296
28304
28296
28297
28298
28296
28297
33630
28296
28298
28789
28297
28298
28790
33631
33633
28792
28303
28304
28305
28303
28304
28303
28305
28304
28305
28307
28311
28315
28318
28309
28312
28316
28320
28314
28315
28316
28321
28314
28315
28314
28316
28315
28316
28322
28325
28326
28318
28323
28331
28811
28325
28333
28320
28324
28381
28813
28326
28383
28325
28326
28327
28325
28326
28325
28327
28816
28326
28327
28817
28819
28332
28333
28334
33629
28332
28333
28332
28334
33631
28333
28334
33633
33635
28336
28338
28403
28345
28415
28339
28341
31279
28339
28345
31281
28344
28347
31283
28343
28359
28344
33651
28343
28344
28348
28361
33653
28351
28363
28352
33655
28347
33658
28347
28350
28842
33659
28352
33661
28351
28352
28373
33665
28351
28374
28845
28352
28846
33666
28376
33668
28356
28357
28367
33636
28356
28357
33637
28357
28368
33640
28370
33641
28362
28363
28364
28372
33636
28362
28363
28362
28364
33638
28363
28364
28373
33640
28376
28377
33642
28366
28367
28372
28371
28378
28370
28371
33643
28370
28380
28370
28371
28382
28859
33645
28384
33647
28861
33649
28376
28377
28378
33643
28376
28377
28376
28378
28864
28377
28378
28865
33646
33648
28867
33649
28383
28384
28385
28383
28384
28383
28385
28384
28385
28390
28391
28392
28393
28390
28391
28390
28392
28391
28392
28394
28397
28398
28397
28398
28399
28397
28398
28408
28397
28399
28892
28398
28399
28410
28893
28412
28895
28404
28405
28406
28414
28404
28405
28404
28406
31280
28405
28406
28415
31281
28418
28419
31284
28411
28412
28413
28414
28411
28412
28411
28413
28416
28412
28413
28418
28420
28418
28419
28420
28418
28419
33658
28418
28420
28899
28419
28420
28900
33660
33662
28902
28425
28426
28427
28428
33671
28425
28426
28425
28427
33673
28426
28427
28429
33675
28432
28433
33677
28432
28433
28434
33678
28432
28433
28438
28432
28434
28920
28433
28434
28439
28921
33681
28440
33683
28923
33684
28437
33673
28437
28441
33674
28443
33677
28440
28440
28442
28443
28443
28452
33679
28443
28926
33681
33683
28448
28449
28450
28456
28448
28449
28448
28450
31315
28449
28450
28457
31316
28460
28461
31319
28454
28455
28456
28454
33693
28454
28455
28458
33695
28460
33697
28462
28460
28461
28462
28460
28461
33700
28460
28462
28930
28461
28462
28931
33702
33704
28933
28465
28466
28467
28474
31313
28465
28466
31315
28471
31317
28476
31319
28471
28472
28473
28478
28471
28472
34357
28471
28473
28472
28473
28479
34359
28482
34360
28483
28476
28477
28478
33699
28476
28477
28937
33702
33704
28484
28938
33705
28482
28483
28484
28482
28483
34364
28482
28484
28941
34365
28483
28484
28942
34367
28944
28489
28490
28491
28499
28489
28490
28489
28491
28492
28490
28491
28500
28503
28493
28504
28493
28509
28507
28513
28497
28498
28499
28497
34364
28497
28498
28501
34366
28503
34368
28505
28503
28504
28505
28503
28504
28503
28505
28948
28504
28505
28506
28949
28507
28951
28507
28517
28954
28519
28512
28513
28514
28515
28512
28513
28512
28514
28513
28514
28516
28519
28520
28519
28520
28521
28519
28520
28519
28521
28957
28520
28521
28531
28958
28532
28960
28526
28527
28528
28533
28526
28527
28526
28528
28529
28527
28528
28534
28537
28530
28538
28530
28543
28541
28547
28532
28535
28537
28537
28538
28539
28537
28538
28537
28539
28971
28538
28539
28540
28972
28541
28974
28541
28551
28977
28553
28546
28547
28548
28549
28546
28547
28546
28548
28547
28548
28550
28553
28554
28553
28554
28555
28553
28554
28564
28553
28555
28991
28554
28555
28565
28992
28566
28994
28560
28561
28562
28568
33706
28560
28561
33708
28560
28562
28561
28562
28569
28576
33710
28572
33712
28573
28566
28567
33713
28566
28566
28567
33715
33717
33719
28572
28573
28574
33713
28572
28573
28578
28572
28574
29005
33716
28573
28574
29006
33718
29008
33719
28577
28577
28578
28580
28580
28589
28580
28591
29023
28593
28585
28586
28587
28595
28585
28586
28585
28587
28586
28587
28596
28599
28600
28592
28593
28594
28595
28592
28593
28592
28594
28593
28594
28597
28599
28601
28599
28600
28601
28599
28600
28599
28601
29030
28600
28601
28614
29031
28615
29033
28604
28605
28606
28617
28604
28605
28608
28610
28612
28619
28610
28611
28612
28621
33720
28610
28611
33722
28610
28612
28629
28611
28612
28622
28631
33724
28625
33726
28626
28633
28615
28616
28617
33727
28615
28616
33729
33731
28620
33733
28619
28620
28621
28619
28620
28624
29051
28626
28627
29052
28625
28626
28627
33727
28625
28626
28643
28625
28627
29055
33730
28626
28627
28644
29056
33732
28646
29058
33733
28632
28633
28634
28635
28642
28632
28633
28632
28634
28636
28633
28634
28643
28639
28646
28640
28647
28639
28640
28641
28649
28639
28640
28639
28641
28657
28640
28641
28650
28659
28653
28654
28661
28646
28647
28648
28649
28646
28647
28646
28648
29077
28647
28648
28651
29078
28653
28655
29080
28653
28654
28655
28653
28654
28671
28653
28655
29084
28654
28655
28672
29085
28674
29087
28660
28661
28662
28663
28670
28660
28661
28660
28662
28664
28661
28662
28671
28667
28674
28668
28675
28667
28668
28669
28677
28667
28668
28667
28669
28685
28668
28669
28678
28687
28681
28682
28689
28674
28675
28676
28677
28674
28675
28674
28676
29105
28675
28676
28679
29106
28681
28683
29108
28681
28682
28683
28681
28682
28699
28681
28683
29112
28682
28683
28700
29113
28702
29115
28688
28689
28690
28691
28698
28688
28689
28688
28690
28692
28689
28690
28699
28695
28702
28696
28703
28695
28696
28697
28705
28695
28696
28695
28697
28713
28696
28697
28706
28715
28709
28710
28717
28702
28703
28704
28705
28702
28703
28702
28704
29133
28703
28704
28707
29134
28709
28711
29136
28709
28710
28711
28709
28710
28726
28709
28711
29140
28710
28711
28727
29141
28729
29143
28716
28717
28718
28725
33734
28716
28717
28716
28718
33735
28717
28718
28726
33738
28729
28730
33739
28721
28722
28732
33734
28721
28722
33736
33738
28734
33740
28724
28725
28732
28731
28735
28729
28730
28731
33741
28729
28730
28729
28731
29161
28730
28731
29162
33743
33745
29164
33747
28734
28735
33741
28734
28735
28746
29168
33744
28748
33746
29169
33747
28737
28741
28760
28752
28773
28742
28743
28744
28751
28742
28743
28742
28744
31355
28743
28744
28752
31357
28755
28756
31358
28748
28749
28750
28751
33755
28748
28750
33757
28749
28750
28753
33759
28755
28757
33761
28755
28756
28757
28755
28756
34371
28755
28757
29187
28756
28757
29188
34372
34374
29190
28761
28762
28765
28772
28761
28762
28766
31356
28762
28773
31357
28769
28770
28775
31359
28764
28767
28771
28778
28769
28770
28771
28779
28769
28770
28769
28771
28770
28771
28780
28783
28784
28775
28776
28779
28775
34371
28775
28776
28781
29207
34373
28783
34375
28785
29209
28778
28782
28806
29211
28784
28808
28783
28784
28785
28783
28784
28783
28785
29214
28784
28785
29215
29217
28787
28789
28793
28796
28792
28793
28794
28797
28792
28793
28792
28794
33763
28793
28794
28798
33765
28801
28802
33767
28796
28799
28807
29234
28801
28809
28801
28802
28803
28801
28802
33770
28801
28803
29237
28802
28803
29238
33771
33773
29240
28808
28809
28810
28808
28809
28808
28810
28809
28810
28812
28816
28820
28823
28814
28817
28821
28825
28819
28820
28821
28826
28819
28820
28819
28821
28820
28821
28827
28830
28831
28823
28828
28836
29259
28830
28838
28825
28829
28886
29261
28831
28888
28830
28831
28832
28830
28831
28830
28832
29264
28831
28832
29265
29267
28837
28838
28839
33769
28837
28838
28837
28839
33771
28838
28839
33773
33775
28841
28843
28901
28850
28913
28844
28846
31384
28844
28850
31386
28849
28852
31388
28848
28864
28849
33791
28848
28849
28853
28866
33793
28856
28868
28857
33795
28852
33798
28852
28855
29290
33799
28857
33801
28856
28857
28878
33805
28856
28879
29293
28857
29294
33806
28881
33808
28861
28862
28872
33776
28861
28862
33777
28862
28873
33780
28875
33781
28867
28868
28869
28877
33776
28867
28868
28867
28869
33778
28868
28869
28878
33780
28881
28882
33782
28871
28872
28877
28876
28883
28875
28876
33783
28875
28885
28875
28876
28887
29307
33785
28889
33787
29309
33789
28881
28882
28883
33783
28881
28882
28881
28883
29312
28882
28883
29313
33786
33788
29315
33789
28888
28889
28890
28888
28889
28888
28890
28889
28890
28895
28896
28897
28895
28896
28895
28897
28896
28897
28902
28903
28904
28912
28902
28903
28902
28904
31385
28903
28904
28913
31386
28916
28917
31389
28909
28910
28911
28912
28909
28910
28909
28911
28914
28910
28911
28916
28918
28916
28917
28918
28916
28917
33798
28916
28918
29340
28917
28918
29341
33800
33802
29343
28923
28924
28925
33811
28923
28924
28923
28925
33813
28924
28925
33815
33817
28928
33813
28928
33814
33817
28933
28934
28935
28933
28934
28933
28935
31419
28934
28935
31420
31423
28938
28939
28940
31417
28938
28939
31419
28944
31421
31423
28944
28945
28946
28944
28945
34378
28944
28946
28945
28946
34380
34381
28951
28952
28953
28951
28952
28951
28953
28954
28952
28953
28955
28955
28957
28961
28960
28961
28962
28963
28960
28961
28960
28962
28961
28962
28964
28967
28968
28967
28968
28969
28967
28968
28967
28969
28968
28969
28979
28980
28974
28975
28976
28981
28974
28975
28974
28976
28977
28975
28976
28982
28985
28978
28986
28978
28991
28989
28995
28980
28983
28985
28985
28986
28987
28985
28986
28985
28987
28986
28987
28988
28989
28989
28999
29001
28994
28995
28996
28997
28994
28995
28994
28996
28995
28996
28998
29001
29002
29001
29002
29003
29001
29002
29012
29001
29003
29002
29003
29013
29014
29008
29009
29010
29016
33825
29008
29009
33827
29008
29010
29009
29010
29017
29024
33829
29020
33831
29021
29014
29015
33832
29014
29014
29015
33834
33836
33838
29020
29021
29022
33832
29020
29021
29026
29020
29022
29354
33835
29021
29022
29355
33837
29357
33838
29025
29025
29026
29028
29028
29037
29028
29039
29360
29041
29033
29034
29035
29043
29033
29034
29033
29035
29034
29035
29044
29047
29048
29040
29041
29042
29043
29040
29041
29040
29042
29041
29042
29045
29047
29049
29047
29048
29049
29047
29048
29047
29049
29364
29048
29049
29062
29365
29063
29367
29052
29053
29054
29065
29052
29053
29056
29058
29060
29067
29058
29059
29060
29069
33839
29058
29059
33841
29058
29060
29077
29059
29060
29070
29079
33843
29073
33845
29074
29081
29063
29064
29065
33846
29063
29064
33848
33850
29068
33852
29067
29068
29069
29067
29068
29072
29378
29074
29075
29379
29073
29074
29075
33846
29073
29074
29091
29073
29075
29382
33849
29074
29075
29092
29383
33851
29094
29385
33852
29080
29081
29082
29083
29090
29080
29081
29080
29082
29084
29081
29082
29091
29087
29094
29088
29095
29087
29088
29089
29097
29087
29088
29087
29089
29105
29088
29089
29098
29107
29101
29102
29109
29094
29095
29096
29097
29094
29095
29094
29096
29404
29095
29096
29099
29405
29101
29103
29407
29101
29102
29103
29101
29102
29119
29101
29103
29411
29102
29103
29120
29412
29122
29414
29108
29109
29110
29111
29118
29108
29109
29108
29110
29112
29109
29110
29119
29115
29122
29116
29123
29115
29116
29117
29125
29115
29116
29115
29117
29133
29116
29117
29126
29135
29129
29130
29137
29122
29123
29124
29125
29122
29123
29122
29124
29432
29123
29124
29127
29433
29129
29131
29435
29129
29130
29131
29129
29130
29147
29129
29131
29439
29130
29131
29148
29440
29150
29442
29136
29137
29138
29139
29146
29136
29137
29136
29138
29140
29137
29138
29147
29143
29150
29144
29151
29143
29144
29145
29153
29143
29144
29143
29145
29161
29144
29145
29154
29163
29157
29158
29165
29150
29151
29152
29153
29150
29151
29150
29152
29460
29151
29152
29155
29461
29157
29159
29463
29157
29158
29159
29157
29158
29174
29157
29159
29467
29158
29159
29175
29468
29177
29470
29164
29165
29166
29173
33853
29164
29165
29164
29166
33854
29165
29166
29174
33857
29177
29178
33858
29169
29170
29180
33853
29169
29170
33855
33857
29182
33859
29172
29173
29180
29179
29183
29177
29178
29179
33860
29177
29178
29177
29179
29488
29178
29179
29489
33862
33864
29491
33866
29182
29183
33860
29182
29183
29194
29495
33863
29196
33865
29496
33866
29185
29189
29208
29200
29221
29190
29191
29192
29199
29190
29191
29190
29192
31459
29191
29192
29200
31461
29203
29204
31462
29196
29197
29198
29199
33874
29196
29198
33876
29197
29198
29201
33878
29203
29205
33880
29203
29204
29205
29203
29204
34385
29203
29205
29514
29204
29205
29515
34386
34388
29517
29209
29210
29213
29220
29209
29210
29214
31460
29210
29221
31461
29217
29218
29223
31463
29212
29215
29219
29226
29217
29218
29219
29227
29217
29218
29217
29219
29218
29219
29228
29231
29232
29223
29224
29227
29223
34385
29223
29224
29229
29534
34387
29231
34389
29233
29536
29226
29230
29254
29538
29232
29256
29231
29232
29233
29231
29232
29231
29233
29541
29232
29233
29542
29544
29235
29237
29241
29244
29240
29241
29242
29245
29240
29241
29240
29242
33882
29241
29242
29246
33884
29249
29250
33886
29244
29247
29255
29561
29249
29257
29249
29250
29251
29249
29250
33889
29249
29251
29564
29250
29251
29565
33890
33892
29567
29256
29257
29258
29256
29257
29256
29258
29257
29258
29260
29264
29268
29271
29262
29265
29269
29273
29267
29268
29269
29274
29267
29268
29267
29269
29268
29269
29275
29278
29279
29271
29276
29284
29586
29278
29286
29273
29277
29334
29588
29279
29336
29278
29279
29280
29278
29279
29278
29280
29591
29279
29280
29592
29594
29285
29286
29287
33888
29285
29286
29285
29287
33890
29286
29287
33892
33894
29289
29291
29342
29298
29347
29292
29294
31488
29292
29298
31490
29297
29300
31492
29296
29312
29297
33910
29296
29297
29301
29314
33912
29304
29316
29305
33914
29300
33917
29300
29303
29617
33918
29305
33920
29304
29305
29326
33924
29304
29327
29620
29305
29621
33925
29329
33927
29309
29310
29320
33895
29309
29310
33896
29310
29321
33899
29323
33900
29315
29316
29317
29325
33895
29315
29316
29315
29317
33897
29316
29317
29326
33899
29329
29330
33901
29319
29320
29325
29324
29331
29323
29324
33902
29323
29333
29323
29324
29335
29634
33904
29337
33906
29636
33908
29329
29330
29331
33902
29329
29330
29329
29331
29639
29330
29331
29640
33905
33907
29642
33908
29336
29337
29338
29336
29337
29336
29338
29337
29338
29343
29344
29345
29346
29343
29344
29343
29345
31489
29344
29345
29347
31490
29350
29351
31493
29350
29351
29352
29350
29351
33917
29350
29352
29667
29351
29352
29668
33919
33921
29670
29357
29358
29359
29357
29358
29357
29359
29358
29359
29361
29362
29362
29367
29368
29369
29370
29367
29368
29367
29369
29368
29369
29371
29374
29375
29374
29375
29376
29374
29375
29374
29376
29375
29376
29389
29390
29379
29380
29381
29392
29379
29380
29383
29385
29387
29394
29385
29386
29387
29396
33930
29385
29386
33932
29385
29387
29404
29386
29387
29397
29406
33934
29400
33936
29401
29408
29390
29391
29392
33937
29390
29391
33939
33941
29395
33943
29394
29395
29396
29394
29395
29399
29401
29402
29400
29401
29402
33937
29400
29401
29418
29400
29402
33940
29401
29402
29419
33942
29421
33943
29407
29408
29409
29410
29417
29407
29408
29407
29409
29411
29408
29409
29418
29414
29421
29415
29422
29414
29415
29416
29424
29414
29415
29414
29416
29432
29415
29416
29425
29434
29428
29429
29436
29421
29422
29423
29424
29421
29422
29421
29423
29422
29423
29426
29428
29430
29428
29429
29430
29428
29429
29446
29428
29430
29429
29430
29447
29449
29435
29436
29437
29438
29445
29435
29436
29435
29437
29439
29436
29437
29446
29442
29449
29443
29450
29442
29443
29444
29452
29442
29443
29442
29444
29460
29443
29444
29453
29462
29456
29457
29464
29449
29450
29451
29452
29449
29450
29449
29451
29450
29451
29454
29456
29458
29456
29457
29458
29456
29457
29474
29456
29458
29457
29458
29475
29477
29463
29464
29465
29466
29473
29463
29464
29463
29465
29467
29464
29465
29474
29470
29477
29471
29478
29470
29471
29472
29480
29470
29471
29470
29472
29488
29471
29472
29481
29490
29484
29485
29492
29477
29478
29479
29480
29477
29478
29477
29479
29478
29479
29482
29484
29486
29484
29485
29486
29484
29485
29501
29484
29486
29485
29486
29502
29504
29491
29492
29493
29500
33944
29491
29492
29491
29493
33945
29492
29493
29501
33948
29504
29505
33949
29496
29497
29507
33944
29496
29497
33946
33948
29509
33950
29499
29500
29507
29506
29510
29504
29505
29506
33951
29504
29505
29504
29506
29505
29506
33953
33955
33957
29509
29510
33951
29509
29510
29521
33954
29523
33956
33957
29512
29516
29535
29527
29548
29517
29518
29519
29526
29517
29518
29517
29519
31522
29518
29519
29527
31524
29530
29531
31525
29523
29524
29525
29526
33965
29523
29525
33967
29524
29525
29528
33969
29530
29532
33971
29530
29531
29532
29530
29531
34392
29530
29532
29531
29532
34393
34395
29536
29537
29540
29547
29536
29537
29541
31523
29537
29548
31524
29544
29545
29550
31526
29539
29542
29546
29553
29544
29545
29546
29554
29544
29545
29544
29546
29545
29546
29555
29558
29559
29550
29551
29554
29550
34392
29550
29551
29556
34394
29558
34396
29560
29553
29557
29581
29559
29583
29558
29559
29560
29558
29559
29558
29560
29559
29560
29562
29564
29568
29571
29567
29568
29569
29572
29567
29568
29567
29569
33973
29568
29569
29573
33975
29576
29577
33977
29571
29574
29582
29576
29584
29576
29577
29578
29576
29577
33980
29576
29578
29577
29578
33981
33983
29583
29584
29585
29583
29584
29583
29585
29584
29585
29587
29591
29595
29598
29589
29592
29596
29600
29594
29595
29596
29601
29594
29595
29594
29596
29595
29596
29602
29605
29606
29598
29603
29611
29605
29613
29600
29604
29661
29606
29663
29605
29606
29607
29605
29606
29605
29607
29606
29607
29612
29613
29614
33979
29612
29613
29612
29614
33981
29613
29614
33983
33985
29616
29618
29669
29625
29674
29619
29621
31551
29619
29625
31553
29624
29627
31555
29623
29639
29624
34001
29623
29624
29628
29641
34003
29631
29643
29632
34005
29627
34008
29627
29630
34009
29632
34011
29631
29632
29653
34015
29631
29654
29632
34016
29656
34018
29636
29637
29647
33986
29636
29637
33987
29637
29648
33990
29650
33991
29642
29643
29644
29652
33986
29642
29643
29642
29644
33988
29643
29644
29653
33990
29656
29657
33992
29646
29647
29652
29651
29658
29650
29651
33993
29650
29660
29650
29651
29662
33995
29664
33997
33999
29656
29657
29658
33993
29656
29657
29656
29658
29657
29658
33996
33998
33999
29663
29664
29665
29663
29664
29663
29665
29664
29665
29670
29671
29672
29673
29670
29671
29670
29672
31552
29671
29672
29674
31553
29677
29678
31556
29677
29678
29679
29677
29678
34008
29677
29679
29678
29679
34010
34012
29682
29684
29682
29685
29686
29684
29685
29686
29771
29686
29772
29773
29689
29691
29689
29692
29693
29691
29692
29693
29778
29693
29779
29780
29696
29698
29696
29699
29700
29698
29699
29700
29785
29700
29786
29787
29705
29706
29707
29705
29707
29706
29707
29705
29706
29710
29712
29710
29713
29714
29712
29713
29714
29792
29714
29793
29794
29717
29719
29717
29720
29721
34406
29719
29720
31628
31630
31632
29721
29799
29721
29800
34409
29801
34410
29725
29728
29726
29728
29725
29726
31676
29727
31679
29727
31680
29728
31681
29731
29733
29731
29734
29735
29733
29734
29735
29813
29735
29814
29815
29738
29740
29738
29741
29742
29740
29741
31642
31644
31646
29742
29820
29742
29821
29822
29745
29747
29745
29748
29749
29747
29748
29749
29827
29749
29828
29829
29753
29756
31683
29754
29756
29753
29754
31690
29755
31685
31693
29755
31694
29756
31686
31695
31689
29759
29761
29759
29762
29763
29761
29762
29763
29841
29763
29842
29843
29766
29768
29766
29769
29770
34414
29768
29769
29770
29848
34416
29770
29849
29850
34418
29773
29775
29773
29776
29777
29775
29776
29777
29855
29777
29856
29857
29780
29782
29780
29783
29784
29782
29783
29784
29862
29784
29863
29864
29787
29789
29787
29790
29791
29789
29790
29791
29869
29791
29870
29871
29794
29796
29794
29797
29798
29796
29797
29798
29876
29798
29877
29878
29801
29803
29801
29804
29805
34427
29803
29804
31754
31756
31758
29805
29883
29805
29884
34430
29885
34431
29808
29810
31677
29808
29811
31678
29812
31682
29810
29811
34035
29812
34038
29812
34039
34040
29815
29817
29815
29818
29819
29817
29818
29819
29897
29819
29898
29899
29822
29824
29822
29825
29826
29824
29825
31768
31770
31772
29826
29904
29826
29905
29906
29829
29831
29829
29832
29833
29831
29832
29833
29911
29833
29912
29913
29836
29839
31691
31788
29836
29840
31692
29837
31696
31790
29839
29840
31791
31795
29839
29840
31796
31793
31799
31800
29843
29845
29843
29846
29847
29845
29846
29847
29925
29847
29926
29927
29850
29852
29850
29853
29854
34435
29852
29853
29854
29932
34437
29854
29933
29934
34439
29857
29859
29857
29860
29861
29859
29860
29861
29939
29861
29940
29941
29864
29866
29864
29867
29868
29866
29867
29868
29946
29868
29947
29948
29871
29873
29871
29874
29875
29873
29874
29875
29953
29875
29954
29955
29878
29880
29878
29881
29882
29880
29881
29882
29960
29882
29961
29962
29885
29887
29885
29888
29889
34448
29887
29888
31859
31861
31863
29889
29967
29889
29968
34451
29969
34452
29893
29896
34036
29894
29896
34037
29893
29894
34056
29895
34059
29895
34060
29896
34061
34041
29899
29901
29899
29902
29903
29901
29902
29903
29981
29903
29982
29983
29906
29908
29906
29909
29910
29908
29909
31873
31875
31877
29910
29988
29910
29989
29990
29913
29915
29913
29916
29917
29915
29916
29917
29995
29917
29996
29997
29922
29923
29924
31893
31900
29922
29923
31797
31894
29922
29924
31798
29923
29924
31901
31801
31897
31898
31904
31905
29927
29929
29927
29930
29931
29929
29930
29931
30009
29931
30010
30011
29934
29936
29934
29937
29938
34456
29936
29937
29938
30016
34458
29938
30017
30018
34460
29941
29943
29941
29944
29945
29943
29944
29945
30023
29945
30024
30025
29948
29950
29948
29951
29952
29950
29951
29952
30030
29952
30031
30032
29955
29957
29955
29958
29959
29957
29958
29959
30037
29959
30038
30039
29962
29964
29962
29965
29966
29964
29965
29966
30044
29966
30045
30046
29969
29971
29969
29972
29973
34469
29971
29972
31964
31966
31968
29973
30051
29973
30052
34472
30053
34473
29977
29980
34057
29978
29980
34058
29977
29978
34077
29979
34080
29979
34081
29980
34082
34062
29983
29985
29983
29986
29987
29985
29986
29987
30065
29987
30066
30067
29990
29992
29990
29993
29994
29992
29993
31978
31980
31982
29994
30072
29994
30073
30074
29997
29999
29997
30000
30001
29999
30000
30001
30079
30001
30080
30081
30006
30007
30008
31998
32005
30006
30007
31902
31999
30006
30008
31903
30007
30008
32006
31906
32002
32003
32009
32010
30011
30013
30011
30014
30015
30013
30014
30015
30093
30015
30094
30095
30018
30020
30018
30021
30022
34477
30020
30021
30022
30100
34479
30022
30101
30102
34481
30025
30027
30025
30028
30029
30027
30028
30029
30107
30029
30108
30109
30032
30034
30032
30035
30036
30034
30035
30036
30114
30036
30115
30116
30039
30041
30039
30042
30043
30041
30042
30043
30121
30043
30122
30123
30046
30048
30046
30049
30050
30048
30049
30050
30128
30050
30129
30130
30053
30055
30053
30056
30057
34490
30055
30056
32069
32071
32073
30057
30135
30057
30136
34493
30137
34494
30061
30064
34078
30062
30064
34079
30061
30062
34098
30063
34101
30063
34102
30064
34103
34083
30067
30069
30067
30070
30071
30069
30070
30071
30149
30071
30150
30151
30074
30076
30074
30077
30078
30076
30077
32083
32085
32087
30078
30156
30078
30157
30158
30081
30083
30081
30084
30085
30083
30084
30085
30163
30085
30164
30165
30090
30091
30092
32103
32110
30090
30091
32007
32104
30090
30092
32008
30091
30092
32111
32011
32107
32108
32114
32115
30095
30097
30095
30098
30099
30097
30098
30099
30177
30099
30178
30179
30102
30104
30102
30105
30106
34498
30104
30105
30106
30184
34500
30106
30185
30186
34502
30109
30111
30109
30112
30113
30111
30112
30113
30191
30113
30192
30193
30116
30118
30116
30119
30120
30118
30119
30120
30198
30120
30199
30200
30123
30125
30123
30126
30127
30125
30126
30127
30205
30127
30206
30207
30130
30132
30130
30133
30134
30132
30133
30134
30212
30134
30213
30214
30137
30139
30137
30140
30141
34511
30139
30140
32174
32176
32178
30141
30219
30141
30220
34514
30221
34515
30145
30148
34099
30146
30148
34100
30145
30146
34119
30147
34122
30147
34123
30148
34124
34104
30151
30153
30151
30154
30155
30153
30154
30155
30233
30155
30234
30235
30158
30160
30158
30161
30162
30160
30161
32188
32190
32192
30162
30240
30162
30241
30242
30165
30167
30165
30168
30169
30167
30168
30169
30247
30169
30248
30249
30174
30175
30176
32208
32215
30174
30175
32112
32209
30174
30176
32113
30175
30176
32216
32116
32212
32213
32219
32220
30179
30181
30179
30182
30183
30181
30182
30183
30261
30183
30262
30263
30186
30188
30186
30189
30190
34519
30188
30189
30190
30268
34521
30190
30269
30270
34523
30193
30195
30193
30196
30197
30195
30196
30197
30277
30197
30278
30279
30200
30202
30200
30203
30204
30202
30203
30204
30284
30204
30285
30286
30207
30209
30207
30210
30211
30209
30210
30211
30291
30211
30292
30293
30214
30216
30214
30217
30218
30216
30217
30218
30298
30218
30299
30300
30221
30223
30221
30224
30225
34532
30223
30224
32279
32281
32283
30225
30305
30225
30306
34535
30307
34536
30229
30232
34120
30230
30232
34121
30229
30230
34140
30231
34143
30231
34144
30232
34145
34125
30235
30237
30235
30238
30239
30237
30238
30239
30319
30239
30320
30321
30242
30244
30242
30245
30246
30244
30245
32293
32295
32297
30246
30326
30246
30327
30328
30249
30251
30249
30252
30253
30251
30252
30253
30333
30253
30334
30335
30258
30259
30260
32313
32320
30258
30259
32217
32314
30258
30260
32218
30259
30260
32321
32221
32317
32318
32324
32325
30263
30265
30263
30266
30267
30265
30266
30267
30347
30267
30348
30349
30270
30272
30270
30273
30274
34540
30272
30273
30274
30354
34542
30274
30355
30356
34544
30276
30362
32335
32336
32338
30363
34551
30279
30281
30279
30282
30283
30281
30282
30283
30375
30283
30376
30377
30286
30288
30286
30289
30290
30288
30289
30290
30382
30290
30383
30384
30293
30295
30293
30296
30297
30295
30296
30297
30389
30297
30390
30391
30300
30302
30300
30303
30304
30302
30303
30304
30396
30304
30397
30398
30307
30309
30307
30310
30311
34553
30309
30310
32391
32393
32395
30311
30403
30311
30404
34556
30405
34557
30315
30318
34141
30316
30318
34142
30315
30316
34161
30317
34164
30317
34165
30318
34166
34146
30321
30323
30321
30324
30325
30323
30324
30325
30417
30325
30418
30419
30328
30330
30328
30331
30332
30330
30331
32405
32407
32409
30332
30424
30332
30425
30426
30335
30337
30335
30338
30339
30337
30338
30339
30431
30339
30432
30433
30344
30345
30346
32425
32432
30344
30345
32322
32426
30344
30346
32323
30345
30346
32433
32326
32429
32430
32436
32437
30349
30351
30349
30352
30353
30351
30352
30353
30445
30353
30446
30447
30356
30358
30356
30359
30360
34561
30358
30359
30360
30452
34563
30360
30453
30454
34565
30363
30365
30363
30366
30369
30371
30373
30367
34568
30365
30366
30367
30466
34570
30367
30467
32447
32448
32450
30468
34572
30372
30373
30374
32446
30372
30373
32336
30372
30374
32337
30373
30374
32447
32340
32450
32451
30377
30379
30377
30380
30381
30379
30380
30381
30480
30381
30481
30482
30384
30386
30384
30387
30388
30386
30387
30388
30487
30388
30488
30489
30391
30393
30391
30394
30395
30393
30394
30395
30494
30395
30495
30496
30398
30400
30398
30401
30402
30400
30401
30402
30501
30402
30502
30503
30405
30407
30405
30408
30409
34574
30407
30408
32503
32505
32507
30409
30508
30409
30509
34577
30510
34578
30413
30416
34162
30414
30416
34163
30413
30414
34182
30415
34185
30415
34186
30416
34187
34167
30419
30421
30419
30422
30423
30421
30422
30423
30522
30423
30523
30524
30426
30428
30426
30429
30430
30428
30429
32517
32519
32521
30430
30529
30430
30530
30531
30433
30435
30433
30436
30437
30435
30436
30437
30536
30437
30537
30538
30442
30443
30444
32537
32544
30442
30443
32434
32538
30442
30444
32435
30443
30444
32545
32438
32541
32542
32548
32549
30447
30449
30447
30450
30451
30449
30450
30451
30550
30451
30551
30552
30454
30456
30454
30457
30458
34582
30456
30457
30458
30557
34584
30458
30558
30559
34586
30461
30463
30461
30464
30465
34589
30463
30464
30465
30564
34591
30465
30565
30566
34593
30468
30470
30468
30471
30474
30476
30478
30472
34596
30470
30471
30472
30571
34598
30472
30572
32580
32581
32583
30573
34600
30477
30478
30479
32579
30477
30478
32448
30477
30479
32449
30478
30479
32580
32452
32583
32584
30482
30484
30482
30485
30486
30484
30485
30486
30585
30486
30586
30587
30489
30491
30489
30492
30493
30491
30492
30493
30592
30493
30593
30594
30496
30498
30496
30499
30500
30498
30499
30500
30599
30500
30600
30601
30503
30505
30503
30506
30507
30505
30506
30507
30606
30507
30607
30608
30510
30512
30510
30513
30514
34602
30512
30513
32636
32638
32640
30514
30613
30514
30614
34605
30615
34606
30518
30521
34183
30519
30521
34184
30518
30519
34203
30520
34206
30520
34207
30521
34208
34188
30524
30526
30524
30527
30528
30526
30527
30528
30627
30528
30628
30629
30531
30533
30531
30534
30535
30533
30534
32650
32652
32654
30535
30634
30535
30635
30636
30538
30540
30538
30541
30542
30540
30541
30542
30641
30542
30642
30643
30547
30548
30549
32670
32677
30547
30548
32546
32671
30547
30549
32547
30548
30549
32678
32550
32674
32675
32681
32682
30552
30554
30552
30555
30556
30554
30555
30556
30655
30556
30656
30657
30559
30561
30559
30562
30563
34610
30561
30562
30563
30662
34612
30563
30663
30664
34614
30566
30568
30566
30569
30570
34617
30568
30569
30570
30669
34619
30570
30670
30671
34621
30573
30575
30573
30576
30579
30581
30583
30577
34624
30575
30576
30577
30676
34626
30577
30677
32720
32721
32723
30678
34628
30582
30583
30584
32719
30582
30583
32581
30582
30584
32582
30583
30584
32720
32585
32723
32724
30587
30589
30587
30590
30591
30589
30590
30591
30690
30591
30691
30692
30594
30596
30594
30597
30598
30596
30597
30598
30697
30598
30698
30699
30601
30603
30601
30604
30605
30603
30604
30605
30704
30605
30705
30706
30608
30610
30608
30611
30612
30610
30611
30612
30711
30612
30712
30713
30615
30617
30615
30618
30619
34630
30617
30618
32776
32778
32780
30619
30718
30619
30719
34633
30720
34634
30623
30626
34204
30624
30626
34205
30623
30624
34224
30625
34227
30625
34228
30626
34229
34209
30629
30631
30629
30632
30633
30631
30632
30633
30732
30633
30733
30734
30636
30638
30636
30639
30640
30638
30639
32790
32792
32794
30640
30739
30640
30740
30741
30643
30645
30643
30646
30647
30645
30646
30647
30746
30647
30747
30748
30652
30653
30654
32810
32817
30652
30653
32679
32811
30652
30654
32680
30653
30654
32818
32683
32814
32815
32821
32822
30657
30659
30657
30660
30661
30659
30660
30661
30760
30661
30761
30762
30664
30666
30664
30667
30668
34638
30666
30667
30668
30767
34640
30668
30768
30769
34642
30671
30673
30671
30674
30675
34645
30673
30674
30675
30774
34647
30675
30775
30776
34649
30678
30680
30678
30681
30684
30686
30688
30682
34652
30680
30681
30682
30781
34654
30682
30782
32860
32861
32863
30783
34656
30687
30688
30689
32859
30687
30688
32721
30687
30689
32722
30688
30689
32860
32725
32863
32864
30692
30694
30692
30695
30696
30694
30695
30696
30795
30696
30796
30797
30699
30701
30699
30702
30703
30701
30702
30703
30802
30703
30803
30804
30706
30708
30706
30709
30710
30708
30709
30710
30809
30710
30810
30811
30713
30715
30713
30716
30717
30715
30716
30717
30816
30717
30817
30818
30720
30722
30720
30723
30724
34658
30722
30723
32916
32918
32920
30724
30823
30724
30824
34661
30825
34662
30728
30731
34225
30729
30731
34226
30728
30729
34245
30730
34248
30730
34249
30731
34250
34230
30734
30736
30734
30737
30738
30736
30737
30738
30837
30738
30838
30839
30741
30743
30741
30744
30745
30743
30744
32930
32932
32934
30745
30844
30745
30845
30846
30748
30750
30748
30751
30752
30750
30751
30752
30851
30752
30852
30853
30757
30758
30759
32950
32957
30757
30758
32819
32951
30757
30759
32820
30758
30759
32958
32823
32954
32955
32961
32962
30762
30764
30762
30765
30766
30764
30765
30766
30865
30766
30866
30867
30769
30771
30769
30772
30773
34666
30771
30772
30773
30872
34668
30773
30873
30874
34670
30776
30778
30776
30779
30780
34673
30778
30779
30780
30879
34675
30780
30880
30881
34677
30783
30785
30783
30786
30789
30791
30793
30787
34680
30785
30786
30787
30886
34682
30787
30887
33000
33001
33003
30888
34684
30792
30793
30794
32999
30792
30793
32861
30792
30794
32862
30793
30794
33000
32865
33003
33004
30797
30799
30797
30800
30801
30799
30800
30801
30900
30801
30901
30902
30804
30806
30804
30807
30808
30806
30807
30808
30907
30808
30908
30909
30811
30813
30811
30814
30815
30813
30814
30815
30914
30815
30915
30916
30818
30820
30818
30821
30822
30820
30821
30822
30921
30822
30922
30923
30825
30827
30825
30828
30829
34686
30827
30828
33056
33058
33060
30829
30928
30829
30929
34689
30930
34690
30833
30836
34246
30834
30836
34247
30833
30834
34266
30835
34269
30835
34270
30836
34271
34251
30839
30841
30839
30842
30843
30841
30842
30843
30942
30843
30943
30944
30846
30848
30846
30849
30850
30848
30849
33070
33072
33074
30850
30949
30850
30950
30951
30853
30855
30853
30856
30857
30855
30856
30857
30956
30857
30957
30958
30862
30863
30864
33090
33097
30862
30863
32959
33091
30862
30864
32960
30863
30864
33098
32963
33094
33095
33101
33102
30867
30869
30867
30870
30871
30869
30870
30871
30970
30871
30971
30972
30874
30876
30874
30877
30878
34694
30876
30877
30878
30977
34696
30878
30978
30979
34698
30881
30883
30881
30884
30885
34701
30883
30884
30885
30984
34703
30885
30985
30986
34705
30888
30890
30888
30891
30894
30896
30898
30892
34708
30890
30891
30892
30991
34710
30892
30992
33140
33141
33143
30993
34712
30897
30898
30899
33139
30897
30898
33001
30897
30899
33002
30898
30899
33140
33005
33143
33144
30902
30904
30902
30905
30906
30904
30905
30906
31005
30906
31006
31007
30909
30911
30909
30912
30913
30911
30912
30913
31012
30913
31013
31014
30916
30918
30916
30919
30920
30918
30919
30920
31019
30920
31020
31021
30923
30925
30923
30926
30927
30925
30926
30927
31026
30927
31027
31028
30930
30932
30930
30933
30934
34714
30932
30933
33196
33198
33200
30934
31033
30934
31034
34717
31035
34718
30938
30941
34267
30939
30941
34268
30938
30939
34287
30940
34290
30940
34291
30941
34292
34272
30944
30946
30944
30947
30948
30946
30947
30948
31047
30948
31048
31049
30951
30953
30951
30954
30955
30953
30954
33210
33212
33214
30955
31054
30955
31055
31056
30958
30960
30958
30961
30962
30960
30961
30962
31061
30962
31062
31063
30967
30968
30969
33230
33237
30967
30968
33099
33231
30967
30969
33100
30968
30969
33238
33103
33234
33235
33241
33242
30972
30974
30972
30975
30976
30974
30975
30976
31075
30976
31076
31077
30979
30981
30979
30982
30983
34722
30981
30982
30983
31082
34724
30983
31083
31084
34726
30986
30988
30986
30989
30990
34729
30988
30989
30990
31089
34731
30990
31090
31091
34733
30993
30995
30993
30996
30999
31001
31003
30997
34736
30995
30996
30997
31096
34738
30997
31097
33280
33281
33283
31098
34740
31002
31003
31004
33279
31002
31003
33141
31002
31004
33142
31003
31004
33280
33145
33283
33284
31007
31009
31007
31010
31011
31009
31010
31011
31110
31011
31111
31112
31014
31016
31014
31017
31018
31016
31017
31018
31117
31018
31118
31119
31021
31023
31021
31024
31025
31023
31024
31025
31124
31025
31125
31126
31028
31030
31028
31031
31032
31030
31031
31032
31131
31032
31132
31133
31035
31037
31035
31038
31039
34742
31037
31038
33336
33338
33340
31039
31138
31039
31139
34745
31140
34746
31043
31046
34288
31044
31046
34289
31043
31044
34308
31045
34311
31045
34312
31046
34313
34293
31049
31051
31049
31052
31053
31051
31052
31053
31152
31053
31153
31154
31056
31058
31056
31059
31060
31058
31059
33350
33352
33354
31060
31159
31060
31160
31161
31063
31065
31063
31066
31067
31065
31066
31067
31166
31067
31167
31168
31072
31073
31074
33370
33377
31072
31073
33239
33371
31072
31074
33240
31073
31074
33378
33243
33374
33375
33381
33382
31077
31079
31077
31080
31081
31079
31080
31081
31180
31081
31181
31182
31084
31086
31084
31087
31088
34750
31086
31087
31088
31187
34752
31088
31188
31189
34754
31091
31093
31091
31094
31095
34757
31093
31094
31095
31194
34759
31095
31195
31196
34761
31098
31100
31098
31101
31104
31106
31108
31102
34764
31100
31101
31102
31201
34766
31102
31202
33420
33421
33423
31203
34768
31107
31108
31109
33419
31107
31108
33281
31107
31109
33282
31108
31109
33420
33285
33423
33424
31112
31114
31112
31115
31116
31114
31115
31116
31215
31116
31216
31217
31119
31121
31119
31122
31123
31121
31122
31123
31222
31123
31223
31224
31126
31128
31126
31129
31130
31128
31129
31130
31229
31130
31230
31231
31133
31135
31133
31136
31137
31135
31136
31137
31236
31137
31237
31238
31140
31142
31140
31143
31144
34770
31142
31143
33476
33478
33480
31144
31243
31144
31244
34773
31245
34774
31148
31151
34309
31149
31151
34310
31148
31149
34329
31150
34332
31150
34333
31151
34334
34314
31154
31156
31154
31157
31158
31156
31157
31158
31257
31158
31258
31259
31161
31163
31161
31164
31165
31163
31164
33490
33492
33494
31165
31264
31165
31265
31266
31168
31170
31168
31171
31172
31170
31171
31172
31271
31172
31272
31273
31177
31178
31179
33510
33517
31177
31178
33379
33511
31177
31179
33380
31178
31179
33518
33383
33514
33515
33521
33522
31182
31184
31182
31185
31186
31184
31185
31186
31285
31186
31286
31287
31189
31191
31189
31192
31193
34778
31191
31192
31193
31292
34780
31193
31293
31294
34782
31196
31198
31196
31199
31200
34785
31198
31199
31200
31299
34787
31200
31300
31301
34789
31203
31205
31203
31206
31209
31211
31213
31207
34792
31205
31206
31207
31306
34794
31207
31307
33560
33561
33563
31308
34796
31212
31213
31214
33559
31212
31213
33421
31212
31214
33422
31213
31214
33560
33425
33563
33564
31217
31219
31217
31220
31221
31219
31220
31221
31320
31221
31321
31322
31224
31226
31224
31227
31228
31226
31227
31228
31327
31228
31328
31329
31231
31233
31231
31234
31235
31233
31234
31235
31334
31235
31335
31336
31238
31240
31238
31241
31242
31240
31241
31242
31341
31242
31342
31343
31245
31247
31245
31248
31249
34798
31247
31248
33616
33618
33620
31249
31348
31249
31349
34801
31350
34802
31253
31256
34330
31254
31256
34331
31253
31254
34350
31255
34353
31255
34354
31256
34355
34335
31259
31261
31259
31262
31263
31261
31262
31263
31362
31263
31363
31364
31266
31268
31266
31269
31270
31268
31269
33630
33632
33634
31270
31369
31270
31370
31371
31273
31275
31273
31276
31277
31275
31276
31277
31376
31277
31377
31378
31282
31283
31284
33650
33657
31282
31283
33519
33651
31282
31284
33520
31283
31284
33658
33523
33654
33655
33661
33662
31287
31289
31287
31290
31291
31289
31290
31291
31390
31291
31391
31392
31294
31296
31294
31297
31298
34806
31296
31297
31298
31397
34808
31298
31398
31399
34810
31301
31303
31301
31304
31305
34813
31303
31304
31305
31404
34815
31305
31405
31406
34817
31308
31310
31308
31311
31314
31316
31318
31312
34820
31310
31311
31312
31411
34822
31312
31412
33700
33701
33703
31413
34824
31317
31318
31319
33699
31317
31318
33561
31317
31319
33562
31318
31319
33700
33565
33703
33704
31322
31324
31322
31325
31326
31324
31325
31326
31424
31326
31425
31426
31329
31331
31329
31332
31333
31331
31332
31333
31431
31333
31432
31433
31336
31338
31336
31339
31340
31338
31339
31340
31438
31340
31439
31440
31343
31345
31343
31346
31347
31345
31346
31347
31445
31347
31446
31447
31350
31352
31350
31353
31354
34826
31352
31353
33756
33758
33760
31354
31452
31354
31453
34829
31454
34830
31358
31361
34351
31359
31361
34352
31358
31359
34371
31360
34374
31360
34375
31361
34376
34356
31364
31366
31364
31367
31368
31366
31367
31368
31466
31368
31467
31468
31371
31373
31371
31374
31375
31373
31374
33770
33772
33774
31375
31473
31375
31474
31475
31378
31380
31378
31381
31382
31380
31381
31382
31480
31382
31481
31482
31387
31388
31389
33790
33797
31387
31388
33659
33791
31387
31389
33660
31388
31389
33798
33663
33794
33795
33801
33802
31392
31394
31392
31395
31396
31394
31395
31396
31494
31396
31495
31496
31399
31401
31399
31402
31403
34834
31401
31402
31403
31501
34836
31403
31502
31503
34838
31406
31408
31406
31409
31410
34841
31408
31409
31410
34843
31410
34845
31413
31415
31413
31418
31420
31422
31416
34848
31415
31416
34850
34852
31421
31422
31423
31421
31422
33701
31421
31423
33702
31422
31423
33705
31426
31428
31426
31429
31430
31428
31429
31430
31430
31433
31435
31433
31436
31437
31435
31436
31437
31437
31440
31442
31440
31443
31444
31442
31443
31444
31444
31447
31449
31447
31450
31451
31449
31450
31451
31508
31451
31509
31510
31454
31456
31454
31457
31458
34854
31456
31457
33875
33877
33879
31458
31515
31458
31516
34857
31517
34858
31462
31465
34372
31463
31465
34373
31462
31463
34385
31464
34388
31464
34389
31465
34390
34377
31468
31470
31468
31471
31472
31470
31471
31472
31529
31472
31530
31531
31475
31477
31475
31478
31479
31477
31478
33889
33891
33893
31479
31536
31479
31537
31538
31482
31484
31482
31485
31486
31484
31485
31486
31543
31486
31544
31545
31491
31492
31493
33909
33916
31491
31492
33799
33910
31491
31493
33800
31492
31493
33917
33803
33913
33914
33920
33921
31496
31498
31496
31499
31500
31498
31499
31500
31557
31500
31558
31559
31503
31505
31503
31506
31507
34862
31505
31506
31507
31564
34864
31507
31565
31566
34866
31510
31512
31510
31513
31514
31512
31513
31514
31514
31517
31519
31517
31520
31521
34868
31519
31520
33966
33968
33970
31521
31521
34871
34872
31525
31528
34386
31526
31528
34387
31525
31526
34392
31527
34395
31527
34396
31528
34397
34391
31531
31533
31531
31534
31535
31533
31534
31535
31535
31538
31540
31538
31541
31542
31540
31541
33980
33982
33984
31542
31542
31545
31547
31545
31548
31549
31547
31548
31549
31549
31554
31555
31556
34000
34007
31554
31555
33918
34001
31554
31556
33919
31555
31556
34008
33922
34004
34005
34011
34012
31559
31561
31559
31562
31563
31561
31562
31563
31563
31566
31568
31566
31569
31570
34876
31568
31569
31570
34878
31570
34880
31575
31576
31577
31578
31575
31577
31576
31577
31575
31576
31579
31582
31583
31582
31583
31584
31582
31583
31582
31584
31704
31583
31584
31705
31706
31589
31590
31591
31592
31599
31589
31591
31590
31591
31593
31589
31590
31600
31603
31596
31604
31598
31596
31597
31598
31596
31598
31597
31598
31596
31597
31603
31604
31605
31603
31604
31603
31605
31718
31604
31605
31719
31720
31610
31611
31612
31613
31610
31612
31611
31612
31621
31610
31611
31614
31623
31617
31618
31624
31617
31618
31619
31617
31618
31628
31617
31619
31732
31618
31619
31629
31733
31631
31734
31624
31625
31626
31627
31624
31626
31625
31626
31624
31625
31628
31631
31632
31631
31632
31633
31631
31632
31631
31633
31746
31632
31633
31747
31748
31638
31639
31640
31641
31638
31640
31639
31640
31638
31639
31642
31645
31646
31645
31646
31647
31645
31646
31645
31647
31760
31646
31647
31761
31762
31652
31653
31654
31655
31652
31654
31653
31654
31652
31653
31656
31659
31660
31659
31660
31661
31659
31660
31659
31661
31774
31660
31661
31775
31776
31665
31668
31666
31668
31665
31666
31669
31667
31672
31667
31673
31668
31674
31672
31673
31672
31675
34021
31673
31675
34022
31674
31674
31675
34023
31679
31680
31679
31682
31680
31682
31681
31681
31682
31685
31689
31685
31688
31697
31686
31699
31688
31689
31700
31688
31689
31702
31693
31694
31693
31696
31698
31694
31696
31695
31699
31695
31696
31700
31703
31699
31702
31699
31703
31788
31700
31702
31703
31702
31703
31789
31790
31706
31709
31706
31710
31707
31709
31710
31711
31709
31710
31712
31715
31716
31715
31716
31717
31715
31716
31715
31717
31810
31716
31717
31811
31813
31720
31723
31720
31724
31721
31723
31724
31725
31723
31724
31726
31729
31730
31729
31730
31731
31729
31730
31729
31731
31824
31730
31731
31825
31827
31734
31737
31734
31738
31746
31735
31737
31738
31739
31737
31738
31740
31750
31743
31744
31751
31743
31744
31745
31743
31744
31754
31743
31745
31838
31744
31745
31755
31839
31757
31841
31748
31751
31748
31752
31749
31751
31752
31753
31751
31752
31754
31757
31758
31757
31758
31759
31757
31758
31757
31759
31852
31758
31759
31853
31855
31762
31765
31762
31766
31763
31765
31766
31767
31765
31766
31768
31771
31772
31771
31772
31773
31771
31772
31771
31773
31866
31772
31773
31867
31869
31776
31779
31776
31780
31777
31779
31780
31781
31779
31780
31782
31785
31786
31785
31786
31787
31785
31786
31785
31787
31880
31786
31787
31881
31883
31790
31793
31790
31794
31791
31793
31794
31802
31793
31794
31803
31806
31807
31799
31800
31801
31802
31799
31800
31799
31801
31804
31800
31801
31806
31808
31806
31807
31808
31806
31807
31806
31808
31894
31807
31808
31895
31897
31813
31814
31815
31816
31813
31814
31813
31815
31814
31815
31817
31820
31821
31820
31821
31822
31820
31821
31820
31822
31915
31821
31822
31916
31918
31827
31828
31829
31830
31827
31828
31827
31829
31828
31829
31831
31834
31835
31834
31835
31836
31834
31835
31834
31836
31929
31835
31836
31930
31932
31841
31842
31843
31844
31841
31842
31841
31843
31852
31842
31843
31845
31854
31848
31849
31856
31848
31849
31850
31848
31849
31859
31848
31850
31943
31849
31850
31860
31944
31862
31946
31855
31856
31857
31858
31855
31856
31855
31857
31856
31857
31859
31862
31863
31862
31863
31864
31862
31863
31862
31864
31957
31863
31864
31958
31960
31869
31870
31871
31872
31869
31870
31869
31871
31870
31871
31873
31876
31877
31876
31877
31878
31876
31877
31876
31878
31971
31877
31878
31972
31974
31883
31884
31885
31886
31883
31884
31883
31885
31884
31885
31887
31890
31891
31890
31891
31892
31890
31891
31890
31892
31985
31891
31892
31986
31988
31897
31898
31899
31907
31897
31898
31897
31899
31898
31899
31908
31911
31912
31904
31905
31906
31907
31904
31905
31904
31906
31909
31905
31906
31911
31913
31911
31912
31913
31911
31912
31911
31913
31999
31912
31913
32000
32002
31918
31919
31920
31921
31918
31919
31918
31920
31919
31920
31922
31925
31926
31925
31926
31927
31925
31926
31925
31927
32020
31926
31927
32021
32023
31932
31933
31934
31935
31932
31933
31932
31934
31933
31934
31936
31939
31940
31939
31940
31941
31939
31940
31939
31941
32034
31940
31941
32035
32037
31946
31947
31948
31949
31946
31947
31946
31948
31957
31947
31948
31950
31959
31953
31954
31961
31953
31954
31955
31953
31954
31964
31953
31955
32048
31954
31955
31965
32049
31967
32051
31960
31961
31962
31963
31960
31961
31960
31962
31961
31962
31964
31967
31968
31967
31968
31969
31967
31968
31967
31969
32062
31968
31969
32063
32065
31974
31975
31976
31977
31974
31975
31974
31976
31975
31976
31978
31981
31982
31981
31982
31983
31981
31982
31981
31983
32076
31982
31983
32077
32079
31988
31989
31990
31991
31988
31989
31988
31990
31989
31990
31992
31995
31996
31995
31996
31997
31995
31996
31995
31997
32090
31996
31997
32091
32093
32002
32003
32004
32012
32002
32003
32002
32004
32003
32004
32013
32016
32017
32009
32010
32011
32012
32009
32010
32009
32011
32014
32010
32011
32016
32018
32016
32017
32018
32016
32017
32016
32018
32104
32017
32018
32105
32107
32023
32024
32025
32026
32023
32024
32023
32025
32024
32025
32027
32030
32031
32030
32031
32032
32030
32031
32030
32032
32125
32031
32032
32126
32128
32037
32038
32039
32040
32037
32038
32037
32039
32038
32039
32041
32044
32045
32044
32045
32046
32044
32045
32044
32046
32139
32045
32046
32140
32142
32051
32052
32053
32054
32051
32052
32051
32053
32062
32052
32053
32055
32064
32058
32059
32066
32058
32059
32060
32058
32059
32069
32058
32060
32153
32059
32060
32070
32154
32072
32156
32065
32066
32067
32068
32065
32066
32065
32067
32066
32067
32069
32072
32073
32072
32073
32074
32072
32073
32072
32074
32167
32073
32074
32168
32170
32079
32080
32081
32082
32079
32080
32079
32081
32080
32081
32083
32086
32087
32086
32087
32088
32086
32087
32086
32088
32181
32087
32088
32182
32184
32093
32094
32095
32096
32093
32094
32093
32095
32094
32095
32097
32100
32101
32100
32101
32102
32100
32101
32100
32102
32195
32101
32102
32196
32198
32107
32108
32109
32117
32107
32108
32107
32109
32108
32109
32118
32121
32122
32114
32115
32116
32117
32114
32115
32114
32116
32119
32115
32116
32121
32123
32121
32122
32123
32121
32122
32121
32123
32209
32122
32123
32210
32212
32128
32129
32130
32131
32128
32129
32128
32130
32129
32130
32132
32135
32136
32135
32136
32137
32135
32136
32135
32137
32230
32136
32137
32231
32233
32142
32143
32144
32145
32142
32143
32142
32144
32143
32144
32146
32149
32150
32149
32150
32151
32149
32150
32149
32151
32244
32150
32151
32245
32247
32156
32157
32158
32159
32156
32157
32156
32158
32167
32157
32158
32160
32169
32163
32164
32171
32163
32164
32165
32163
32164
32174
32163
32165
32258
32164
32165
32175
32259
32177
32261
32170
32171
32172
32173
32170
32171
32170
32172
32171
32172
32174
32177
32178
32177
32178
32179
32177
32178
32177
32179
32272
32178
32179
32273
32275
32184
32185
32186
32187
32184
32185
32184
32186
32185
32186
32188
32191
32192
32191
32192
32193
32191
32192
32191
32193
32286
32192
32193
32287
32289
32198
32199
32200
32201
32198
32199
32198
32200
32199
32200
32202
32205
32206
32205
32206
32207
32205
32206
32205
32207
32300
32206
32207
32301
32303
32212
32213
32214
32222
32212
32213
32212
32214
32213
32214
32223
32226
32227
32219
32220
32221
32222
32219
32220
32219
32221
32224
32220
32221
32226
32228
32226
32227
32228
32226
32227
32226
32228
32314
32227
32228
32315
32317
32233
32234
32235
32236
32233
32234
32233
32235
32234
32235
32237
32240
32241
32240
32241
32242
32240
32241
32240
32242
32342
32241
32242
32343
32345
32247
32248
32249
32250
32247
32248
32247
32249
32248
32249
32251
32254
32255
32254
32255
32256
32254
32255
32254
32256
32356
32255
32256
32357
32359
32261
32262
32263
32264
32261
32262
32261
32263
32272
32262
32263
32265
32274
32268
32269
32276
32268
32269
32270
32268
32269
32279
32268
32270
32370
32269
32270
32280
32371
32282
32373
32275
32276
32277
32278
32275
32276
32275
32277
32276
32277
32279
32282
32283
32282
32283
32284
32282
32283
32282
32284
32384
32283
32284
32385
32387
32289
32290
32291
32292
32289
32290
32289
32291
32290
32291
32293
32296
32297
32296
32297
32298
32296
32297
32296
32298
32398
32297
32298
32399
32401
32303
32304
32305
32306
32303
32304
32303
32305
32304
32305
32307
32310
32311
32310
32311
32312
32310
32311
32310
32312
32412
32311
32312
32413
32415
32317
32318
32319
32327
32317
32318
32317
32319
32318
32319
32328
32331
32332
32324
32325
32326
32327
32324
32325
32324
32326
32329
32325
32326
32331
32333
32331
32332
32333
32331
32332
32331
32333
32426
32332
32333
32427
32429
32338
32339
32340
32338
32339
32338
32340
32339
32340
32345
32346
32347
32348
32345
32346
32345
32347
32346
32347
32349
32352
32353
32352
32353
32354
32352
32353
32352
32354
32454
32353
32354
32455
32457
32359
32360
32361
32362
32359
32360
32359
32361
32360
32361
32363
32366
32367
32366
32367
32368
32366
32367
32366
32368
32468
32367
32368
32469
32471
32373
32374
32375
32376
32373
32374
32373
32375
32384
32374
32375
32377
32386
32380
32381
32388
32380
32381
32382
32380
32381
32391
32380
32382
32482
32381
32382
32392
32483
32394
32485
32387
32388
32389
32390
32387
32388
32387
32389
32388
32389
32391
32394
32395
32394
32395
32396
32394
32395
32394
32396
32496
32395
32396
32497
32499
32401
32402
32403
32404
32401
32402
32401
32403
32402
32403
32405
32408
32409
32408
32409
32410
32408
32409
32408
32410
32510
32409
32410
32511
32513
32415
32416
32417
32418
32415
32416
32415
32417
32416
32417
32419
32422
32423
32422
32423
32424
32422
32423
32422
32424
32524
32423
32424
32525
32527
32429
32430
32431
32439
32429
32430
32429
32431
32430
32431
32440
32443
32444
32436
32437
32438
32439
32436
32437
32436
32438
32441
32437
32438
32443
32445
32443
32444
32445
32443
32444
32443
32445
32538
32444
32445
32539
32541
32450
32451
32452
32450
32451
32450
32452
32451
32452
32457
32458
32459
32460
32457
32458
32457
32459
32458
32459
32461
32464
32465
32464
32465
32466
32464
32465
32464
32466
32587
32465
32466
32588
32590
32471
32472
32473
32474
32471
32472
32471
32473
32472
32473
32475
32478
32479
32478
32479
32480
32478
32479
32478
32480
32601
32479
32480
32602
32604
32485
32486
32487
32488
32485
32486
32485
32487
32496
32486
32487
32489
32498
32492
32493
32500
32492
32493
32494
32492
32493
32503
32492
32494
32615
32493
32494
32504
32616
32506
32618
32499
32500
32501
32502
32499
32500
32499
32501
32500
32501
32503
32506
32507
32506
32507
32508
32506
32507
32506
32508
32629
32507
32508
32630
32632
32513
32514
32515
32516
32513
32514
32513
32515
32514
32515
32517
32520
32521
32520
32521
32522
32520
32521
32520
32522
32643
32521
32522
32644
32646
32527
32528
32529
32530
32527
32528
32527
32529
32528
32529
32531
32534
32535
32534
32535
32536
32534
32535
32534
32536
32657
32535
32536
32658
32660
32541
32542
32543
32551
32541
32542
32541
32543
32542
32543
32552
32555
32556
32548
32549
32550
32551
32548
32549
32548
32550
32553
32549
32550
32555
32557
32555
32556
32557
32555
32556
32555
32557
32671
32556
32557
32672
32674
32562
32563
32564
32562
32563
32573
32562
32564
32574
32692
32563
32564
32693
32576
32695
32569
32570
32571
32572
32569
32570
32569
32571
32570
32571
32573
32576
32577
32576
32577
32578
32576
32577
32576
32578
32706
32577
32578
32707
32709
32583
32584
32585
32583
32584
32583
32585
32584
32585
32590
32591
32592
32593
32590
32591
32590
32592
32591
32592
32594
32597
32598
32597
32598
32599
32597
32598
32597
32599
32727
32598
32599
32728
32730
32604
32605
32606
32607
32604
32605
32604
32606
32605
32606
32608
32611
32612
32611
32612
32613
32611
32612
32611
32613
32741
32612
32613
32742
32744
32618
32619
32620
32621
32618
32619
32618
32620
32629
32619
32620
32622
32631
32625
32626
32633
32625
32626
32627
32625
32626
32636
32625
32627
32755
32626
32627
32637
32756
32639
32758
32632
32633
32634
32635
32632
32633
32632
32634
32633
32634
32636
32639
32640
32639
32640
32641
32639
32640
32639
32641
32769
32640
32641
32770
32772
32646
32647
32648
32649
32646
32647
32646
32648
32647
32648
32650
32653
32654
32653
32654
32655
32653
32654
32653
32655
32783
32654
32655
32784
32786
32660
32661
32662
32663
32660
32661
32660
32662
32661
32662
32664
32667
32668
32667
32668
32669
32667
32668
32667
32669
32797
32668
32669
32798
32800
32674
32675
32676
32684
32674
32675
32674
32676
32675
32676
32685
32688
32689
32681
32682
32683
32684
32681
32682
32681
32683
32686
32682
32683
32688
32690
32688
32689
32690
32688
32689
32688
32690
32811
32689
32690
32812
32814
32695
32696
32697
32698
32695
32696
32706
32695
32697
32696
32697
32699
32708
32702
32710
32703
32702
32703
32704
32702
32703
32713
32702
32704
32714
32832
32703
32704
32833
32716
32835
32709
32710
32711
32712
32709
32710
32709
32711
32710
32711
32713
32716
32717
32716
32717
32718
32716
32717
32716
32718
32846
32717
32718
32847
32849
32723
32724
32725
32723
32724
32723
32725
32724
32725
32730
32731
32732
32733
32730
32731
32730
32732
32731
32732
32734
32737
32738
32737
32738
32739
32737
32738
32737
32739
32867
32738
32739
32868
32870
32744
32745
32746
32747
32744
32745
32744
32746
32745
32746
32748
32751
32752
32751
32752
32753
32751
32752
32751
32753
32881
32752
32753
32882
32884
32758
32759
32760
32761
32758
32759
32758
32760
32769
32759
32760
32762
32771
32765
32766
32773
32765
32766
32767
32765
32766
32776
32765
32767
32895
32766
32767
32777
32896
32779
32898
32772
32773
32774
32775
32772
32773
32772
32774
32773
32774
32776
32779
32780
32779
32780
32781
32779
32780
32779
32781
32909
32780
32781
32910
32912
32786
32787
32788
32789
32786
32787
32786
32788
32787
32788
32790
32793
32794
32793
32794
32795
32793
32794
32793
32795
32923
32794
32795
32924
32926
32800
32801
32802
32803
32800
32801
32800
32802
32801
32802
32804
32807
32808
32807
32808
32809
32807
32808
32807
32809
32937
32808
32809
32938
32940
32814
32815
32816
32824
32814
32815
32814
32816
32815
32816
32825
32828
32829
32821
32822
32823
32824
32821
32822
32821
32823
32826
32822
32823
32828
32830
32828
32829
32830
32828
32829
32828
32830
32951
32829
32830
32952
32954
32835
32836
32837
32838
32835
32836
32846
32835
32837
32836
32837
32839
32848
32842
32850
32843
32842
32843
32844
32842
32843
32853
32842
32844
32854
32972
32843
32844
32973
32856
32975
32849
32850
32851
32852
32849
32850
32849
32851
32850
32851
32853
32856
32857
32856
32857
32858
32856
32857
32856
32858
32986
32857
32858
32987
32989
32863
32864
32865
32863
32864
32863
32865
32864
32865
32870
32871
32872
32873
32870
32871
32870
32872
32871
32872
32874
32877
32878
32877
32878
32879
32877
32878
32877
32879
33007
32878
32879
33008
33010
32884
32885
32886
32887
32884
32885
32884
32886
32885
32886
32888
32891
32892
32891
32892
32893
32891
32892
32891
32893
33021
32892
32893
33022
33024
32898
32899
32900
32901
32898
32899
32898
32900
32909
32899
32900
32902
32911
32905
32906
32913
32905
32906
32907
32905
32906
32916
32905
32907
33035
32906
32907
32917
33036
32919
33038
32912
32913
32914
32915
32912
32913
32912
32914
32913
32914
32916
32919
32920
32919
32920
32921
32919
32920
32919
32921
33049
32920
32921
33050
33052
32926
32927
32928
32929
32926
32927
32926
32928
32927
32928
32930
32933
32934
32933
32934
32935
32933
32934
32933
32935
33063
32934
32935
33064
33066
32940
32941
32942
32943
32940
32941
32940
32942
32941
32942
32944
32947
32948
32947
32948
32949
32947
32948
32947
32949
33077
32948
32949
33078
33080
32954
32955
32956
32964
32954
32955
32954
32956
32955
32956
32965
32968
32969
32961
32962
32963
32964
32961
32962
32961
32963
32966
32962
32963
32968
32970
32968
32969
32970
32968
32969
32968
32970
33091
32969
32970
33092
33094
32975
32976
32977
32978
32975
32976
32986
32975
32977
32976
32977
32979
32988
32982
32990
32983
32982
32983
32984
32982
32983
32993
32982
32984
32994
33112
32983
32984
33113
32996
33115
32989
32990
32991
32992
32989
32990
32989
32991
32990
32991
32993
32996
32997
32996
32997
32998
32996
32997
32996
32998
33126
32997
32998
33127
33129
33003
33004
33005
33003
33004
33003
33005
33004
33005
33010
33011
33012
33013
33010
33011
33010
33012
33011
33012
33014
33017
33018
33017
33018
33019
33017
33018
33017
33019
33147
33018
33019
33148
33150
33024
33025
33026
33027
33024
33025
33024
33026
33025
33026
33028
33031
33032
33031
33032
33033
33031
33032
33031
33033
33161
33032
33033
33162
33164
33038
33039
33040
33041
33038
33039
33038
33040
33049
33039
33040
33042
33051
33045
33046
33053
33045
33046
33047
33045
33046
33056
33045
33047
33175
33046
33047
33057
33176
33059
33178
33052
33053
33054
33055
33052
33053
33052
33054
33053
33054
33056
33059
33060
33059
33060
33061
33059
33060
33059
33061
33189
33060
33061
33190
33192
33066
33067
33068
33069
33066
33067
33066
33068
33067
33068
33070
33073
33074
33073
33074
33075
33073
33074
33073
33075
33203
33074
33075
33204
33206
33080
33081
33082
33083
33080
33081
33080
33082
33081
33082
33084
33087
33088
33087
33088
33089
33087
33088
33087
33089
33217
33088
33089
33218
33220
33094
33095
33096
33104
33094
33095
33094
33096
33095
33096
33105
33108
33109
33101
33102
33103
33104
33101
33102
33101
33103
33106
33102
33103
33108
33110
33108
33109
33110
33108
33109
33108
33110
33231
33109
33110
33232
33234
33115
33116
33117
33118
33115
33116
33126
33115
33117
33116
33117
33119
33128
33122
33130
33123
33122
33123
33124
33122
33123
33133
33122
33124
33134
33252
33123
33124
33253
33136
33255
33129
33130
33131
33132
33129
33130
33129
33131
33130
33131
33133
33136
33137
33136
33137
33138
33136
33137
33136
33138
33266
33137
33138
33267
33269
33143
33144
33145
33143
33144
33143
33145
33144
33145
33150
33151
33152
33153
33150
33151
33150
33152
33151
33152
33154
33157
33158
33157
33158
33159
33157
33158
33157
33159
33287
33158
33159
33288
33290
33164
33165
33166
33167
33164
33165
33164
33166
33165
33166
33168
33171
33172
33171
33172
33173
33171
33172
33171
33173
33301
33172
33173
33302
33304
33178
33179
33180
33181
33178
33179
33178
33180
33189
33179
33180
33182
33191
33185
33186
33193
33185
33186
33187
33185
33186
33196
33185
33187
33315
33186
33187
33197
33316
33199
33318
33192
33193
33194
33195
33192
33193
33192
33194
33193
33194
33196
33199
33200
33199
33200
33201
33199
33200
33199
33201
33329
33200
33201
33330
33332
33206
33207
33208
33209
33206
33207
33206
33208
33207
33208
33210
33213
33214
33213
33214
33215
33213
33214
33213
33215
33343
33214
33215
33344
33346
33220
33221
33222
33223
33220
33221
33220
33222
33221
33222
33224
33227
33228
33227
33228
33229
33227
33228
33227
33229
33357
33228
33229
33358
33360
33234
33235
33236
33244
33234
33235
33234
33236
33235
33236
33245
33248
33249
33241
33242
33243
33244
33241
33242
33241
33243
33246
33242
33243
33248
33250
33248
33249
33250
33248
33249
33248
33250
33371
33249
33250
33372
33374
33255
33256
33257
33258
33255
33256
33266
33255
33257
33256
33257
33259
33268
33262
33270
33263
33262
33263
33264
33262
33263
33273
33262
33264
33274
33392
33263
33264
33393
33276
33395
33269
33270
33271
33272
33269
33270
33269
33271
33270
33271
33273
33276
33277
33276
33277
33278
33276
33277
33276
33278
33406
33277
33278
33407
33409
33283
33284
33285
33283
33284
33283
33285
33284
33285
33290
33291
33292
33293
33290
33291
33290
33292
33291
33292
33294
33297
33298
33297
33298
33299
33297
33298
33297
33299
33427
33298
33299
33428
33430
33304
33305
33306
33307
33304
33305
33304
33306
33305
33306
33308
33311
33312
33311
33312
33313
33311
33312
33311
33313
33441
33312
33313
33442
33444
33318
33319
33320
33321
33318
33319
33318
33320
33329
33319
33320
33322
33331
33325
33326
33333
33325
33326
33327
33325
33326
33336
33325
33327
33455
33326
33327
33337
33456
33339
33458
33332
33333
33334
33335
33332
33333
33332
33334
33333
33334
33336
33339
33340
33339
33340
33341
33339
33340
33339
33341
33469
33340
33341
33470
33472
33346
33347
33348
33349
33346
33347
33346
33348
33347
33348
33350
33353
33354
33353
33354
33355
33353
33354
33353
33355
33483
33354
33355
33484
33486
33360
33361
33362
33363
33360
33361
33360
33362
33361
33362
33364
33367
33368
33367
33368
33369
33367
33368
33367
33369
33497
33368
33369
33498
33500
33374
33375
33376
33384
33374
33375
33374
33376
33375
33376
33385
33388
33389
33381
33382
33383
33384
33381
33382
33381
33383
33386
33382
33383
33388
33390
33388
33389
33390
33388
33389
33388
33390
33511
33389
33390
33512
33514
33395
33396
33397
33398
33395
33396
33406
33395
33397
33396
33397
33399
33408
33402
33410
33403
33402
33403
33404
33402
33403
33413
33402
33404
33414
33532
33403
33404
33533
33416
33535
33409
33410
33411
33412
33409
33410
33409
33411
33410
33411
33413
33416
33417
33416
33417
33418
33416
33417
33416
33418
33546
33417
33418
33547
33549
33423
33424
33425
33423
33424
33423
33425
33424
33425
33430
33431
33432
33433
33430
33431
33430
33432
33431
33432
33434
33437
33438
33437
33438
33439
33437
33438
33437
33439
33567
33438
33439
33568
33570
33444
33445
33446
33447
33444
33445
33444
33446
33445
33446
33448
33451
33452
33451
33452
33453
33451
33452
33451
33453
33581
33452
33453
33582
33584
33458
33459
33460
33461
33458
33459
33458
33460
33469
33459
33460
33462
33471
33465
33466
33473
33465
33466
33467
33465
33466
33476
33465
33467
33595
33466
33467
33477
33596
33479
33598
33472
33473
33474
33475
33472
33473
33472
33474
33473
33474
33476
33479
33480
33479
33480
33481
33479
33480
33479
33481
33609
33480
33481
33610
33612
33486
33487
33488
33489
33486
33487
33486
33488
33487
33488
33490
33493
33494
33493
33494
33495
33493
33494
33493
33495
33623
33494
33495
33624
33626
33500
33501
33502
33503
33500
33501
33500
33502
33501
33502
33504
33507
33508
33507
33508
33509
33507
33508
33507
33509
33637
33508
33509
33638
33640
33514
33515
33516
33524
33514
33515
33514
33516
33515
33516
33525
33528
33529
33521
33522
33523
33524
33521
33522
33521
33523
33526
33522
33523
33528
33530
33528
33529
33530
33528
33529
33528
33530
33651
33529
33530
33652
33654
33535
33536
33537
33538
33535
33536
33546
33535
33537
33536
33537
33539
33548
33542
33550
33543
33542
33543
33544
33542
33543
33553
33542
33544
33554
33672
33543
33544
33673
33556
33675
33549
33550
33551
33552
33549
33550
33549
33551
33550
33551
33553
33556
33557
33556
33557
33558
33556
33557
33556
33558
33686
33557
33558
33687
33689
33563
33564
33565
33563
33564
33563
33565
33564
33565
33570
33571
33572
33573
33570
33571
33570
33572
33571
33572
33574
33577
33578
33577
33578
33579
33577
33578
33577
33579
33707
33578
33579
33708
33710
33584
33585
33586
33587
33584
33585
33584
33586
33585
33586
33588
33591
33592
33591
33592
33593
33591
33592
33591
33593
33721
33592
33593
33722
33724
33598
33599
33600
33601
33598
33599
33598
33600
33609
33599
33600
33602
33611
33605
33606
33613
33605
33606
33607
33605
33606
33616
33605
33607
33735
33606
33607
33617
33736
33619
33738
33612
33613
33614
33615
33612
33613
33612
33614
33613
33614
33616
33619
33620
33619
33620
33621
33619
33620
33619
33621
33749
33620
33621
33750
33752
33626
33627
33628
33629
33626
33627
33626
33628
33627
33628
33630
33633
33634
33633
33634
33635
33633
33634
33633
33635
33763
33634
33635
33764
33766
33640
33641
33642
33643
33640
33641
33640
33642
33641
33642
33644
33647
33648
33647
33648
33649
33647
33648
33647
33649
33777
33648
33649
33778
33780
33654
33655
33656
33664
33654
33655
33654
33656
33655
33656
33665
33668
33669
33661
33662
33663
33664
33661
33662
33661
33663
33666
33662
33663
33668
33670
33668
33669
33670
33668
33669
33668
33670
33791
33669
33670
33792
33794
33675
33676
33677
33678
33675
33676
33686
33675
33677
33676
33677
33679
33688
33682
33690
33683
33682
33683
33684
33682
33683
33693
33682
33684
33694
33812
33683
33684
33813
33696
33815
33689
33690
33691
33692
33689
33690
33689
33691
33690
33691
33693
33696
33697
33696
33697
33698
33696
33697
33696
33698
33819
33697
33698
33820
33822
33703
33704
33705
33703
33704
33703
33705
33704
33705
33710
33711
33712
33713
33710
33711
33710
33712
33711
33712
33714
33717
33718
33717
33718
33719
33717
33718
33717
33719
33826
33718
33719
33827
33829
33724
33725
33726
33727
33724
33725
33724
33726
33725
33726
33728
33731
33732
33731
33732
33733
33731
33732
33731
33733
33840
33732
33733
33841
33843
33738
33739
33740
33741
33738
33739
33738
33740
33749
33739
33740
33742
33751
33745
33746
33753
33745
33746
33747
33745
33746
33756
33745
33747
33854
33746
33747
33757
33855
33759
33857
33752
33753
33754
33755
33752
33753
33752
33754
33753
33754
33756
33759
33760
33759
33760
33761
33759
33760
33759
33761
33868
33760
33761
33869
33871
33766
33767
33768
33769
33766
33767
33766
33768
33767
33768
33770
33773
33774
33773
33774
33775
33773
33774
33773
33775
33882
33774
33775
33883
33885
33780
33781
33782
33783
33780
33781
33780
33782
33781
33782
33784
33787
33788
33787
33788
33789
33787
33788
33787
33789
33896
33788
33789
33897
33899
33794
33795
33796
33804
33794
33795
33794
33796
33795
33796
33805
33808
33809
33801
33802
33803
33804
33801
33802
33801
33803
33806
33802
33803
33808
33810
33808
33809
33810
33808
33809
33808
33810
33910
33809
33810
33911
33913
33815
33816
33817
33815
33816
33819
33815
33817
33816
33817
33821
33823
33822
33823
33824
33822
33823
33822
33824
33823
33824
33829
33830
33831
33832
33829
33830
33829
33831
33830
33831
33833
33836
33837
33836
33837
33838
33836
33837
33836
33838
33837
33838
33843
33844
33845
33846
33843
33844
33843
33845
33844
33845
33847
33850
33851
33850
33851
33852
33850
33851
33850
33852
33931
33851
33852
33932
33934
33857
33858
33859
33860
33857
33858
33857
33859
33868
33858
33859
33861
33870
33864
33865
33872
33864
33865
33866
33864
33865
33875
33864
33866
33945
33865
33866
33876
33946
33878
33948
33871
33872
33873
33874
33871
33872
33871
33873
33872
33873
33875
33878
33879
33878
33879
33880
33878
33879
33878
33880
33959
33879
33880
33960
33962
33885
33886
33887
33888
33885
33886
33885
33887
33886
33887
33889
33892
33893
33892
33893
33894
33892
33893
33892
33894
33973
33893
33894
33974
33976
33899
33900
33901
33902
33899
33900
33899
33901
33900
33901
33903
33906
33907
33906
33907
33908
33906
33907
33906
33908
33987
33907
33908
33988
33990
33913
33914
33915
33923
33913
33914
33913
33915
33914
33915
33924
33927
33928
33920
33921
33922
33923
33920
33921
33920
33922
33925
33921
33922
33927
33929
33927
33928
33929
33927
33928
33927
33929
34001
33928
33929
34002
34004
33934
33935
33936
33937
33934
33935
33934
33936
33935
33936
33938
33941
33942
33941
33942
33943
33941
33942
33941
33943
33942
33943
33948
33949
33950
33951
33948
33949
33948
33950
33959
33949
33950
33952
33961
33955
33956
33963
33955
33956
33957
33955
33956
33966
33955
33957
33956
33957
33967
33969
33962
33963
33964
33965
33962
33963
33962
33964
33963
33964
33966
33969
33970
33969
33970
33971
33969
33970
33969
33971
33970
33971
33976
33977
33978
33979
33976
33977
33976
33978
33977
33978
33980
33983
33984
33983
33984
33985
33983
33984
33983
33985
33984
33985
33990
33991
33992
33993
33990
33991
33990
33992
33991
33992
33994
33997
33998
33997
33998
33999
33997
33998
33997
33999
33998
33999
34004
34005
34006
34014
34004
34005
34004
34006
34005
34006
34015
34018
34019
34011
34012
34013
34014
34011
34012
34011
34013
34016
34012
34013
34018
34020
34018
34019
34020
34018
34019
34018
34020
34019
34020
34023
34025
34023
34026
34027
34025
34026
34028
34027
34031
34027
34032
34033
34031
34032
34031
34034
34042
34032
34034
34043
34033
34033
34034
34048
34038
34039
34038
34041
34039
34041
34040
34040
34041
34045
34048
34046
34048
34045
34046
34049
34047
34052
34047
34053
34048
34054
34052
34053
34052
34055
34063
34053
34055
34064
34054
34054
34055
34069
34059
34060
34059
34062
34060
34062
34061
34061
34062
34066
34069
34067
34069
34066
34067
34070
34068
34073
34068
34074
34069
34075
34073
34074
34073
34076
34084
34074
34076
34085
34075
34075
34076
34090
34080
34081
34080
34083
34081
34083
34082
34082
34083
34087
34090
34088
34090
34087
34088
34091
34089
34094
34089
34095
34090
34096
34094
34095
34094
34097
34105
34095
34097
34106
34096
34096
34097
34111
34101
34102
34101
34104
34102
34104
34103
34103
34104
34108
34111
34109
34111
34108
34109
34112
34110
34115
34110
34116
34111
34117
34115
34116
34115
34118
34126
34116
34118
34127
34117
34117
34118
34132
34122
34123
34122
34125
34123
34125
34124
34124
34125
34129
34132
34130
34132
34129
34130
34133
34131
34136
34131
34137
34132
34138
34136
34137
34136
34139
34147
34137
34139
34148
34138
34138
34139
34153
34143
34144
34143
34146
34144
34146
34145
34145
34146
34150
34153
34151
34153
34150
34151
34154
34152
34157
34152
34158
34153
34159
34157
34158
34157
34160
34168
34158
34160
34169
34159
34159
34160
34174
34164
34165
34164
34167
34165
34167
34166
34166
34167
34171
34174
34172
34174
34171
34172
34175
34173
34178
34173
34179
34174
34180
34178
34179
34178
34181
34189
34179
34181
34190
34180
34180
34181
34195
34185
34186
34185
34188
34186
34188
34187
34187
34188
34192
34195
34193
34195
34192
34193
34196
34194
34199
34194
34200
34195
34201
34199
34200
34199
34202
34210
34200
34202
34211
34201
34201
34202
34216
34206
34207
34206
34209
34207
34209
34208
34208
34209
34213
34216
34214
34216
34213
34214
34217
34215
34220
34215
34221
34216
34222
34220
34221
34220
34223
34231
34221
34223
34232
34222
34222
34223
34237
34227
34228
34227
34230
34228
34230
34229
34229
34230
34234
34237
34235
34237
34234
34235
34238
34236
34241
34236
34242
34237
34243
34241
34242
34241
34244
34252
34242
34244
34253
34243
34243
34244
34258
34248
34249
34248
34251
34249
34251
34250
34250
34251
34255
34258
34256
34258
34255
34256
34259
34257
34262
34257
34263
34258
34264
34262
34263
34262
34265
34273
34263
34265
34274
34264
34264
34265
34279
34269
34270
34269
34272
34270
34272
34271
34271
34272
34276
34279
34277
34279
34276
34277
34280
34278
34283
34278
34284
34279
34285
34283
34284
34283
34286
34294
34284
34286
34295
34285
34285
34286
34300
34290
34291
34290
34293
34291
34293
34292
34292
34293
34297
34300
34298
34300
34297
34298
34301
34299
34304
34299
34305
34300
34306
34304
34305
34304
34307
34315
34305
34307
34316
34306
34306
34307
34321
34311
34312
34311
34314
34312
34314
34313
34313
34314
34318
34321
34319
34321
34318
34319
34322
34320
34325
34320
34326
34321
34327
34325
34326
34325
34328
34336
34326
34328
34337
34327
34327
34328
34342
34332
34333
34332
34335
34333
34335
34334
34334
34335
34339
34342
34340
34342
34339
34340
34343
34341
34346
34341
34347
34342
34348
34346
34347
34346
34349
34357
34347
34349
34358
34348
34348
34349
34363
34353
34354
34353
34356
34354
34356
34355
34355
34356
34360
34363
34361
34363
34360
34361
34364
34362
34367
34362
34368
34363
34369
34367
34368
34367
34370
34378
34368
34370
34379
34369
34369
34370
34384
34374
34375
34374
34377
34375
34377
34376
34376
34377
34381
34384
34382
34384
34381
34382
34383
34383
34384
34388
34389
34388
34391
34389
34391
34390
34390
34391
34395
34396
34395
34398
34396
34398
34397
34397
34398
34401
34403
34401
34404
34405
34403
34404
34405
34420
34405
34421
34422
34408
34410
34408
34411
34412
34410
34411
34412
34427
34412
34428
34429
34415
34417
34415
34418
34419
34417
34418
34419
34434
34419
34435
34436
34422
34424
34422
34425
34426
34424
34425
34426
34441
34426
34442
34443
34429
34431
34429
34432
34433
34431
34432
34433
34448
34433
34449
34450
34436
34438
34436
34439
34440
34438
34439
34440
34455
34440
34456
34457
34443
34445
34443
34446
34447
34445
34446
34447
34462
34447
34463
34464
34450
34452
34450
34453
34454
34452
34453
34454
34469
34454
34470
34471
34457
34459
34457
34460
34461
34459
34460
34461
34476
34461
34477
34478
34464
34466
34464
34467
34468
34466
34467
34468
34483
34468
34484
34485
34471
34473
34471
34474
34475
34473
34474
34475
34490
34475
34491
34492
34478
34480
34478
34481
34482
34480
34481
34482
34497
34482
34498
34499
34485
34487
34485
34488
34489
34487
34488
34489
34504
34489
34505
34506
34492
34494
34492
34495
34496
34494
34495
34496
34511
34496
34512
34513
34499
34501
34499
34502
34503
34501
34502
34503
34518
34503
34519
34520
34506
34508
34506
34509
34510
34508
34509
34510
34525
34510
34526
34527
34513
34515
34513
34516
34517
34515
34516
34517
34532
34517
34533
34534
34520
34522
34520
34523
34524
34522
34523
34524
34539
34524
34540
34541
34527
34529
34527
34530
34531
34529
34530
34531
34546
34531
34547
34548
34534
34536
34534
34537
34538
34536
34537
34538
34553
34538
34554
34555
34541
34543
34541
34544
34545
34543
34544
34545
34560
34545
34561
34562
34548
34550
34548
34551
34552
34550
34551
34552
34567
34552
34568
34569
34555
34557
34555
34558
34559
34557
34558
34559
34574
34559
34575
34576
34562
34564
34562
34565
34566
34564
34565
34566
34581
34566
34582
34583
34569
34571
34569
34572
34573
34571
34572
34573
34595
34573
34596
34597
34576
34578
34576
34579
34580
34578
34579
34580
34602
34580
34603
34604
34583
34585
34583
34586
34587
34585
34586
34587
34609
34587
34610
34611
34590
34592
34590
34593
34594
34592
34593
34594
34616
34594
34617
34618
34597
34599
34597
34600
34601
34599
34600
34601
34623
34601
34624
34625
34604
34606
34604
34607
34608
34606
34607
34608
34630
34608
34631
34632
34611
34613
34611
34614
34615
34613
34614
34615
34637
34615
34638
34639
34618
34620
34618
34621
34622
34620
34621
34622
34644
34622
34645
34646
34625
34627
34625
34628
34629
34627
34628
34629
34651
34629
34652
34653
34632
34634
34632
34635
34636
34634
34635
34636
34658
34636
34659
34660
34639
34641
34639
34642
34643
34641
34642
34643
34665
34643
34666
34667
34646
34648
34646
34649
34650
34648
34649
34650
34672
34650
34673
34674
34653
34655
34653
34656
34657
34655
34656
34657
34679
34657
34680
34681
34660
34662
34660
34663
34664
34662
34663
34664
34686
34664
34687
34688
34667
34669
34667
34670
34671
34669
34670
34671
34693
34671
34694
34695
34674
34676
34674
34677
34678
34676
34677
34678
34700
34678
34701
34702
34681
34683
34681
34684
34685
34683
34684
34685
34707
34685
34708
34709
34688
34690
34688
34691
34692
34690
34691
34692
34714
34692
34715
34716
34695
34697
34695
34698
34699
34697
34698
34699
34721
34699
34722
34723
34702
34704
34702
34705
34706
34704
34705
34706
34728
34706
34729
34730
34709
34711
34709
34712
34713
34711
34712
34713
34735
34713
34736
34737
34716
34718
34716
34719
34720
34718
34719
34720
34742
34720
34743
34744
34723
34725
34723
34726
34727
34725
34726
34727
34749
34727
34750
34751
34730
34732
34730
34733
34734
34732
34733
34734
34756
34734
34757
34758
34737
34739
34737
34740
34741
34739
34740
34741
34763
34741
34764
34765
34744
34746
34744
34747
34748
34746
34747
34748
34770
34748
34771
34772
34751
34753
34751
34754
34755
34753
34754
34755
34777
34755
34778
34779
34758
34760
34758
34761
34762
34760
34761
34762
34784
34762
34785
34786
34765
34767
34765
34768
34769
34767
34768
34769
34791
34769
34792
34793
34772
34774
34772
34775
34776
34774
34775
34776
34798
34776
34799
34800
34779
34781
34779
34782
34783
34781
34782
34783
34805
34783
34806
34807
34786
34788
34786
34789
34790
34788
34789
34790
34812
34790
34813
34814
34793
34795
34793
34796
34797
34795
34796
34797
34819
34797
34820
34821
34800
34802
34800
34803
34804
34802
34803
34804
34826
34804
34827
34828
34807
34809
34807
34810
34811
34809
34810
34811
34833
34811
34834
34835
34814
34816
34814
34817
34818
34816
34817
34818
34840
34818
34841
34842
34821
34823
34821
34824
34825
34823
34824
34825
34847
34825
34848
34849
34828
34830
34828
34831
34832
34830
34831
34832
34854
34832
34855
34856
34835
34837
34835
34838
34839
34837
34838
34839
34861
34839
34862
34863
34842
34844
34842
34845
34846
34844
34845
34846
34846
34849
34851
34849
34852
34853
34851
34852
34853
34853
34856
34858
34856
34859
34860
34858
34859
34860
34868
34860
34869
34870
34863
34865
34863
34866
34867
34865
34866
34867
34875
34867
34876
34877
34870
34872
34870
34873
34874
34872
34873
34874
34874
34877
34879
34877
34880
34881
34879
34880
34881
34881
)


// ************************************************************************* //
