/*--------------------------------*- C++ -*----------------------------------*\
| =========                 |                                                 |
| \\      /  F ield         | OpenFOAM: The Open Source CFD Toolbox           |
|  \\    /   O peration     | Version:  2512                                  |
|   \\  /    A nd           | Website:  www.openfoam.com                      |
|    \\/     M anipulation  |                                                 |
\*---------------------------------------------------------------------------*/
FoamFile
{
    version     2.0;
    format      ascii;
    arch        "LSB;label=32;scalar=64";
    class       labelList;
    location    "constant/polyMesh";
    object      cellProcAddressing;
}
// * * * * * * * * * * * * * * * * * * * * * * * * * * * * * * * * * * * * * //


34192
(
27061
27062
27063
27106
27107
27108
27109
27110
27151
27152
27153
27154
27155
28230
28275
28276
28277
28278
28320
28321
28322
28323
28324
28325
28365
28366
28367
28368
28369
28370
28411
28412
28413
28414
28415
28416
28459
28460
28461
28462
28505
29445
29488
29489
29490
29491
29492
29493
29534
29535
29536
29537
29538
29539
29540
29580
29581
29582
29583
29584
29585
29625
29626
29627
29628
29629
29630
29631
29674
29675
29676
29677
29720
29721
29722
29765
29766
29767
29812
30660
30702
30703
30704
30705
30706
30707
30708
30745
30746
30747
30748
30749
30750
30751
30752
30753
30754
30755
30789
30790
30791
30792
30793
30794
30795
30796
30797
30798
30799
30800
30834
30835
30836
30837
30838
30839
30840
30841
30842
30843
30844
30845
30846
30880
30881
30882
30883
30884
30885
30886
30887
30888
30889
30890
30891
30892
30925
30926
30927
30928
30929
30930
30931
30932
30933
30934
30935
30936
30937
30970
30971
30972
30973
30974
30975
30976
30977
30978
30979
30980
30981
30982
31018
31019
31020
31021
31022
31023
31024
31025
31026
31027
31063
31064
31065
31066
31067
31068
31069
31070
31071
31072
31108
31109
31110
31111
31112
31113
31114
31115
31116
31117
31153
31154
31155
31156
31157
31158
31159
31160
31161
31198
31199
31200
31201
31202
31203
31204
31205
31243
31244
31245
31246
31247
31248
31249
31289
31290
31291
31292
31293
31875
31917
31918
31919
31920
31921
31922
31923
31960
31961
31962
31963
31964
31965
31966
31967
31968
31969
31970
32004
32005
32006
32007
32008
32009
32010
32011
32012
32013
32014
32015
32049
32050
32051
32052
32053
32054
32055
32056
32057
32058
32059
32060
32061
32093
32094
32095
32096
32097
32098
32099
32100
32101
32102
32103
32104
32105
32106
32107
32138
32139
32140
32141
32142
32143
32144
32145
32146
32147
32148
32149
32150
32151
32152
32183
32184
32185
32186
32187
32188
32189
32190
32191
32192
32193
32194
32195
32196
32197
32228
32229
32230
32231
32232
32233
32234
32235
32236
32237
32238
32239
32240
32241
32242
32273
32274
32275
32276
32277
32278
32279
32280
32281
32282
32283
32284
32285
32286
32287
32318
32319
32320
32321
32322
32323
32324
32325
32326
32327
32328
32329
32330
32331
32332
32364
32365
32366
32367
32368
32369
32370
32371
32372
32373
32374
32375
32376
32409
32410
32411
32412
32413
32414
32415
32416
32417
32418
32419
32420
32455
32456
32457
32458
32459
32460
32461
32462
32463
32464
32502
32503
32504
32505
32506
32507
32508
33090
33132
33133
33134
33135
33136
33137
33138
33175
33176
33177
33178
33179
33180
33181
33182
33183
33184
33185
33219
33220
33221
33222
33223
33224
33225
33226
33227
33228
33229
33230
33264
33265
33266
33267
33268
33269
33270
33271
33272
33273
33274
33275
33276
33308
33309
33310
33311
33312
33313
33314
33315
33316
33317
33318
33319
33320
33321
33322
33353
33354
33355
33356
33357
33358
33359
33360
33361
33362
33363
33364
33365
33366
33367
33398
33399
33400
33401
33402
33403
33404
33405
33406
33407
33408
33409
33410
33411
33412
33443
33444
33445
33446
33447
33448
33449
33450
33451
33452
33453
33454
33455
33456
33457
33488
33489
33490
33491
33492
33493
33494
33495
33496
33497
33498
33499
33500
33501
33502
33533
33534
33535
33536
33537
33538
33539
33540
33541
33542
33543
33544
33545
33546
33547
33579
33580
33581
33582
33583
33584
33585
33586
33587
33588
33589
33590
33591
33624
33625
33626
33627
33628
33629
33630
33631
33632
33633
33634
33635
33670
33671
33672
33673
33674
33675
33676
33677
33678
33679
33717
33718
33719
33720
33721
33722
33723
34305
34347
34348
34349
34350
34351
34352
34353
34390
34391
34392
34393
34394
34395
34396
34397
34398
34399
34400
34434
34435
34436
34437
34438
34439
34440
34441
34442
34443
34444
34445
34479
34480
34481
34482
34483
34484
34485
34486
34487
34488
34489
34490
34491
34523
34524
34525
34526
34527
34528
34529
34530
34531
34532
34533
34534
34535
34536
34537
34568
34569
34570
34571
34572
34573
34574
34575
34576
34577
34578
34579
34580
34581
34582
34613
34614
34615
34616
34617
34618
34619
34620
34621
34622
34623
34624
34625
34626
34627
34658
34659
34660
34661
34662
34663
34664
34665
34666
34667
34668
34669
34670
34671
34672
34703
34704
34705
34706
34707
34708
34709
34710
34711
34712
34713
34714
34715
34716
34717
34748
34749
34750
34751
34752
34753
34754
34755
34756
34757
34758
34759
34760
34761
34762
34794
34795
34796
34797
34798
34799
34800
34801
34802
34803
34804
34805
34806
34839
34840
34841
34842
34843
34844
34845
34846
34847
34848
34849
34850
34885
34886
34887
34888
34889
34890
34891
34892
34893
34894
34932
34933
34934
34935
34936
34937
34938
35520
35562
35563
35564
35565
35566
35567
35568
35605
35606
35607
35608
35609
35610
35611
35612
35613
35614
35615
35649
35650
35651
35652
35653
35654
35655
35656
35657
35658
35659
35660
35694
35695
35696
35697
35698
35699
35700
35701
35702
35703
35704
35705
35706
35738
35739
35740
35741
35742
35743
35744
35745
35746
35747
35748
35749
35750
35751
35752
35783
35784
35785
35786
35787
35788
35789
35790
35791
35792
35793
35794
35795
35796
35797
35828
35829
35830
35831
35832
35833
35834
35835
35836
35837
35838
35839
35840
35841
35842
35873
35874
35875
35876
35877
35878
35879
35880
35881
35882
35883
35884
35885
35886
35887
35918
35919
35920
35921
35922
35923
35924
35925
35926
35927
35928
35929
35930
35931
35932
35963
35964
35965
35966
35967
35968
35969
35970
35971
35972
35973
35974
35975
35976
35977
36009
36010
36011
36012
36013
36014
36015
36016
36017
36018
36019
36020
36021
36054
36055
36056
36057
36058
36059
36060
36061
36062
36063
36064
36065
36100
36101
36102
36103
36104
36105
36106
36107
36108
36109
36147
36148
36149
36150
36151
36152
36153
36735
36777
36778
36779
36780
36781
36782
36783
36820
36821
36822
36823
36824
36825
36826
36827
36828
36829
36830
36864
36865
36866
36867
36868
36869
36870
36871
36872
36873
36874
36875
36909
36910
36911
36912
36913
36914
36915
36916
36917
36918
36919
36920
36921
36953
36954
36955
36956
36957
36958
36959
36960
36961
36962
36963
36964
36965
36966
36967
36998
36999
37000
37001
37002
37003
37004
37005
37006
37007
37008
37009
37010
37011
37012
37043
37044
37045
37046
37047
37048
37049
37050
37051
37052
37053
37054
37055
37056
37057
37088
37089
37090
37091
37092
37093
37094
37095
37096
37097
37098
37099
37100
37101
37102
37133
37134
37135
37136
37137
37138
37139
37140
37141
37142
37143
37144
37145
37146
37147
37178
37179
37180
37181
37182
37183
37184
37185
37186
37187
37188
37189
37190
37191
37192
37224
37225
37226
37227
37228
37229
37230
37231
37232
37233
37234
37235
37236
37269
37270
37271
37272
37273
37274
37275
37276
37277
37278
37279
37280
37315
37316
37317
37318
37319
37320
37321
37322
37323
37324
37362
37363
37364
37365
37366
37367
37368
37950
37992
37993
37994
37995
37996
37997
37998
38035
38036
38037
38038
38039
38040
38041
38042
38043
38044
38045
38079
38080
38081
38082
38083
38084
38085
38086
38087
38088
38089
38090
38124
38125
38126
38127
38128
38129
38130
38131
38132
38133
38134
38135
38136
38168
38169
38170
38171
38172
38173
38174
38175
38176
38177
38178
38179
38180
38181
38182
38213
38214
38215
38216
38217
38218
38219
38220
38221
38222
38223
38224
38225
38226
38227
38258
38259
38260
38261
38262
38263
38264
38265
38266
38267
38268
38269
38270
38271
38272
38303
38304
38305
38306
38307
38308
38309
38310
38311
38312
38313
38314
38315
38316
38317
38348
38349
38350
38351
38352
38353
38354
38355
38356
38357
38358
38359
38360
38361
38362
38393
38394
38395
38396
38397
38398
38399
38400
38401
38402
38403
38404
38405
38406
38407
38439
38440
38441
38442
38443
38444
38445
38446
38447
38448
38449
38450
38451
38484
38485
38486
38487
38488
38489
38490
38491
38492
38493
38494
38495
38530
38531
38532
38533
38534
38535
38536
38537
38538
38539
38577
38578
38579
38580
38581
38582
38583
39165
39207
39208
39209
39210
39211
39212
39213
39250
39251
39252
39253
39254
39255
39256
39257
39258
39259
39260
39294
39295
39296
39297
39298
39299
39300
39301
39302
39303
39304
39305
39339
39340
39341
39342
39343
39344
39345
39346
39347
39348
39349
39350
39351
39383
39384
39385
39386
39387
39388
39389
39390
39391
39392
39393
39394
39395
39396
39397
39428
39429
39430
39431
39432
39433
39434
39435
39436
39437
39438
39439
39440
39441
39442
39473
39474
39475
39476
39477
39478
39479
39480
39481
39482
39483
39484
39485
39486
39487
39518
39519
39520
39521
39522
39523
39524
39525
39526
39527
39528
39529
39530
39531
39532
39563
39564
39565
39566
39567
39568
39569
39570
39571
39572
39573
39574
39575
39576
39577
39608
39609
39610
39611
39612
39613
39614
39615
39616
39617
39618
39619
39620
39621
39622
39654
39655
39656
39657
39658
39659
39660
39661
39662
39663
39664
39665
39666
39699
39700
39701
39702
39703
39704
39705
39706
39707
39708
39709
39710
39745
39746
39747
39748
39749
39750
39751
39752
39753
39754
39792
39793
39794
39795
39796
39797
39798
40380
40422
40423
40424
40425
40426
40427
40428
40465
40466
40467
40468
40469
40470
40471
40472
40473
40474
40475
40509
40510
40511
40512
40513
40514
40515
40516
40517
40518
40519
40520
40554
40555
40556
40557
40558
40559
40560
40561
40562
40563
40564
40565
40566
40598
40599
40600
40601
40602
40603
40604
40605
40606
40607
40608
40609
40610
40611
40612
40643
40644
40645
40646
40647
40648
40649
40650
40651
40652
40653
40654
40655
40656
40657
40688
40689
40690
40691
40692
40693
40694
40695
40696
40697
40698
40699
40700
40701
40702
40733
40734
40735
40736
40737
40738
40739
40740
40741
40742
40743
40744
40745
40746
40747
40778
40779
40780
40781
40782
40783
40784
40785
40786
40787
40788
40789
40790
40791
40792
40823
40824
40825
40826
40827
40828
40829
40830
40831
40832
40833
40834
40835
40836
40837
40869
40870
40871
40872
40873
40874
40875
40876
40877
40878
40879
40880
40881
40914
40915
40916
40917
40918
40919
40920
40921
40922
40923
40924
40925
40960
40961
40962
40963
40964
40965
40966
40967
40968
40969
41007
41008
41009
41010
41011
41012
41013
41595
41637
41638
41639
41640
41641
41642
41643
41680
41681
41682
41683
41684
41685
41686
41687
41688
41689
41690
41724
41725
41726
41727
41728
41729
41730
41731
41732
41733
41734
41735
41769
41770
41771
41772
41773
41774
41775
41776
41777
41778
41779
41780
41781
41813
41814
41815
41816
41817
41818
41819
41820
41821
41822
41823
41824
41825
41826
41827
41858
41859
41860
41861
41862
41863
41864
41865
41866
41867
41868
41869
41870
41871
41872
41903
41904
41905
41906
41907
41908
41909
41910
41911
41912
41913
41914
41915
41916
41917
41948
41949
41950
41951
41952
41953
41954
41955
41956
41957
41958
41959
41960
41961
41962
41993
41994
41995
41996
41997
41998
41999
42000
42001
42002
42003
42004
42005
42006
42007
42038
42039
42040
42041
42042
42043
42044
42045
42046
42047
42048
42049
42050
42051
42052
42084
42085
42086
42087
42088
42089
42090
42091
42092
42093
42094
42095
42096
42129
42130
42131
42132
42133
42134
42135
42136
42137
42138
42139
42140
42175
42176
42177
42178
42179
42180
42181
42182
42183
42184
42222
42223
42224
42225
42226
42227
42228
42810
42852
42853
42854
42855
42856
42857
42858
42895
42896
42897
42898
42899
42900
42901
42902
42903
42904
42905
42939
42940
42941
42942
42943
42944
42945
42946
42947
42948
42949
42950
42984
42985
42986
42987
42988
42989
42990
42991
42992
42993
42994
42995
42996
43028
43029
43030
43031
43032
43033
43034
43035
43036
43037
43038
43039
43040
43041
43042
43073
43074
43075
43076
43077
43078
43079
43080
43081
43082
43083
43084
43085
43086
43087
43118
43119
43120
43121
43122
43123
43124
43125
43126
43127
43128
43129
43130
43131
43132
43163
43164
43165
43166
43167
43168
43169
43170
43171
43172
43173
43174
43175
43176
43177
43208
43209
43210
43211
43212
43213
43214
43215
43216
43217
43218
43219
43220
43221
43222
43253
43254
43255
43256
43257
43258
43259
43260
43261
43262
43263
43264
43265
43266
43267
43299
43300
43301
43302
43303
43304
43305
43306
43307
43308
43309
43310
43311
43344
43345
43346
43347
43348
43349
43350
43351
43352
43353
43354
43355
43390
43391
43392
43393
43394
43395
43396
43397
43398
43399
43437
43438
43439
43440
43441
43442
43443
44025
44067
44068
44069
44070
44071
44072
44073
44110
44111
44112
44113
44114
44115
44116
44117
44118
44119
44120
44154
44155
44156
44157
44158
44159
44160
44161
44162
44163
44164
44165
44199
44200
44201
44202
44203
44204
44205
44206
44207
44208
44209
44210
44211
44243
44244
44245
44246
44247
44248
44249
44250
44251
44252
44253
44254
44255
44256
44257
44288
44289
44290
44291
44292
44293
44294
44295
44296
44297
44298
44299
44300
44301
44302
44333
44334
44335
44336
44337
44338
44339
44340
44341
44342
44343
44344
44345
44346
44347
44378
44379
44380
44381
44382
44383
44384
44385
44386
44387
44388
44389
44390
44391
44392
44423
44424
44425
44426
44427
44428
44429
44430
44431
44432
44433
44434
44435
44436
44437
44468
44469
44470
44471
44472
44473
44474
44475
44476
44477
44478
44479
44480
44481
44482
44514
44515
44516
44517
44518
44519
44520
44521
44522
44523
44524
44525
44526
44559
44560
44561
44562
44563
44564
44565
44566
44567
44568
44569
44570
44605
44606
44607
44608
44609
44610
44611
44612
44613
44614
44652
44653
44654
44655
44656
44657
44658
45240
45282
45283
45284
45285
45286
45287
45288
45325
45326
45327
45328
45329
45330
45331
45332
45333
45334
45335
45369
45370
45371
45372
45373
45374
45375
45376
45377
45378
45379
45380
45414
45415
45416
45417
45418
45419
45420
45421
45422
45423
45424
45425
45426
45458
45459
45460
45461
45462
45463
45464
45465
45466
45467
45468
45469
45470
45471
45472
45503
45504
45505
45506
45507
45508
45509
45510
45511
45512
45513
45514
45515
45516
45517
45548
45549
45550
45551
45552
45553
45554
45555
45556
45557
45558
45559
45560
45561
45562
45593
45594
45595
45596
45597
45598
45599
45600
45601
45602
45603
45604
45605
45606
45607
45638
45639
45640
45641
45642
45643
45644
45645
45646
45647
45648
45649
45650
45651
45652
45683
45684
45685
45686
45687
45688
45689
45690
45691
45692
45693
45694
45695
45696
45697
45729
45730
45731
45732
45733
45734
45735
45736
45737
45738
45739
45740
45741
45774
45775
45776
45777
45778
45779
45780
45781
45782
45783
45784
45785
45820
45821
45822
45823
45824
45825
45826
45827
45828
45829
45867
45868
45869
45870
45871
45872
45873
55174
55180
55181
55187
55188
55193
55194
55195
55200
55201
55202
55208
55209
55215
55216
55222
55230
55235
55236
55237
55242
55243
55244
55250
55251
55265
55270
55271
55272
55278
55279
55293
55298
55299
55300
55306
55312
55313
55314
55320
55321
55335
55340
55341
55342
55348
55354
55356
55362
55368
55370
55376
55382
55384
55390
55396
55404
55417
55419
55424
55425
55438
55445
55446
55447
55453
55459
55461
55466
55467
55487
55494
55495
55496
55501
55502
55503
55508
55509
55522
55529
55536
55538
55543
55544
55545
55550
55551
55557
56379
56380
56381
56386
56387
56388
56400
56401
56402
56414
56415
56416
56435
56436
56437
56442
56443
56444
56449
56450
56451
56463
56464
56465
56477
56478
56479
56484
56485
56486
56498
56499
56500
56505
56506
56507
56519
56520
56521
56540
56541
56542
56547
56548
56549
56554
56555
56556
56561
56562
56563
56575
56576
56577
73746
73748
73750
73751
73754
73755
73757
73758
73761
73762
73764
73768
73791
73792
73793
73794
73795
73796
73797
73799
73800
73803
73804
73826
73827
73828
73829
73830
73831
73832
73834
73835
73836
73838
73839
73861
73864
73865
74341
74342
74343
74344
74345
74346
74347
74348
74349
74350
74352
74353
74356
74357
74359
74360
74363
74364
74366
74370
74393
74394
74395
74396
74397
74398
74399
74401
74402
74405
74406
74428
74429
74430
74431
74432
74433
74434
74436
74437
74438
74440
74441
74463
74464
74465
74466
74467
74468
74469
74471
74475
74492
74493
74494
74496
74497
74519
74522
74523
74524
74525
74529
74531
74550
74551
74552
74553
74557
74559
74933
74934
74937
74938
74939
74940
74941
74943
74944
74945
74946
74947
74948
74949
74950
74951
74952
74954
74955
74958
74959
74961
74962
74965
74966
74968
74972
74995
74996
74997
74998
74999
75000
75001
75003
75004
75007
75008
75030
75031
75032
75033
75034
75035
75036
75038
75039
75040
75042
75043
75065
75066
75067
75068
75069
75070
75071
75073
75077
75094
75095
75096
75098
75099
75121
75122
75123
75124
75125
75126
75127
75129
75131
75133
75149
75150
75151
75152
75153
75154
75155
75157
75159
75161
75178
75180
75182
75208
75210
75236
75237
75238
75239
75243
75245
75264
75265
75266
75271
75299
75522
75526
75528
75529
75532
75533
75535
75536
75539
75540
75541
75542
75543
75545
75546
75547
75548
75549
75550
75551
75552
75553
75554
75556
75557
75560
75561
75563
75564
75567
75568
75570
75574
75578
75582
75583
75584
75585
75587
75588
75589
75590
75591
75592
75593
75594
75595
75596
75597
75598
75599
75600
75601
75602
75603
75605
75606
75609
75610
75620
75624
75625
75626
75627
75628
75629
75630
75631
75632
75633
75634
75635
75636
75637
75638
75640
75641
75642
75644
75645
75655
75659
75660
75661
75662
75663
75664
75665
75666
75667
75668
75669
75670
75671
75672
75673
75675
75679
75688
75692
75693
75694
75696
75697
75698
75700
75701
75715
75719
75720
75721
75722
75723
75724
75725
75726
75727
75728
75729
75731
75733
75735
75741
75743
75747
75748
75749
75750
75751
75752
75753
75754
75755
75756
75757
75759
75761
75763
75769
75771
75775
75777
75780
75782
75784
75808
75810
75812
75835
75836
75837
75838
75839
75840
75841
75843
75845
75847
75863
75864
75866
75867
75868
75873
75891
75892
75893
75894
75895
75896
75897
75899
75901
75903
75919
75920
75922
75923
75924
75954
75955
75956
75957
75958
75959
75960
75961
75962
75964
75965
75966
75993
75999
76000
76002
76003
76004
76005
76006
76007
76008
76009
76010
76011
76012
76013
76014
76015
76016
76017
76018
76020
76021
76022
76024
76027
76028
76034
76124
76128
76130
76131
76134
76135
76137
76138
76141
76142
76143
76144
76145
76147
76148
76149
76150
76151
76152
76153
76154
76155
76156
76158
76159
76162
76163
76165
76166
76169
76170
76172
76176
76180
76184
76185
76186
76187
76189
76190
76191
76192
76193
76194
76195
76196
76197
76198
76199
76200
76201
76202
76203
76204
76205
76207
76208
76211
76212
76222
76226
76227
76228
76229
76230
76231
76232
76233
76234
76235
76236
76237
76238
76239
76240
76242
76243
76244
76246
76247
76257
76261
76262
76263
76264
76265
76266
76267
76268
76269
76270
76271
76272
76273
76274
76275
76277
76281
76290
76291
76292
76294
76295
76296
76298
76299
76300
76302
76303
76313
76317
76318
76319
76320
76321
76322
76323
76324
76325
76326
76327
76328
76329
76330
76331
76333
76335
76337
76339
76341
76343
76345
76346
76347
76348
76349
76350
76351
76352
76353
76354
76355
76356
76357
76358
76359
76361
76363
76365
76367
76369
76371
76373
76374
76375
76376
76377
76378
76379
76380
76382
76384
76386
76395
76397
76399
76401
76402
76403
76404
76405
76406
76407
76408
76410
76412
76414
76423
76427
76430
76431
76432
76433
76434
76435
76436
76437
76438
76439
76440
76441
76442
76443
76445
76447
76449
76458
76460
76461
76462
76464
76465
76466
76468
76469
76470
76475
76479
76483
76486
76487
76488
76489
76490
76491
76492
76493
76494
76495
76496
76497
76498
76499
76501
76503
76505
76514
76516
76517
76518
76520
76521
76522
76524
76525
76526
76542
76545
76546
76549
76550
76551
76552
76553
76554
76555
76556
76557
76558
76559
76560
76561
76562
76563
76564
76566
76567
76568
76584
76588
76591
76594
76595
76598
76600
76601
76602
76604
76605
76606
76607
76608
76609
76610
76611
76612
76613
76614
76615
76616
76617
76618
76619
76620
76622
76623
76624
76626
76629
76630
76636
76726
76730
76732
76733
76736
76737
76739
76740
76743
76744
76745
76746
76747
76749
76750
76751
76752
76753
76754
76755
76756
76757
76758
76760
76761
76764
76765
76767
76768
76771
76772
76774
76778
76782
76786
76787
76788
76789
76791
76792
76793
76794
76795
76796
76797
76798
76799
76800
76801
76802
76803
76804
76805
76806
76807
76809
76810
76813
76814
76824
76828
76829
76830
76831
76832
76833
76834
76835
76836
76837
76838
76839
76840
76841
76842
76844
76845
76846
76848
76849
76859
76863
76864
76865
76866
76867
76868
76869
76870
76871
76872
76873
76874
76875
76876
76877
76879
76883
76892
76893
76894
76896
76897
76898
76900
76901
76902
76904
76905
76915
76919
76920
76921
76922
76923
76924
76925
76926
76927
76928
76929
76930
76931
76932
76933
76935
76937
76939
76941
76943
76945
76947
76948
76949
76950
76951
76952
76953
76954
76955
76956
76957
76958
76959
76960
76961
76963
76965
76967
76969
76971
76973
76975
76976
76977
76978
76979
76980
76981
76982
76984
76986
76988
76997
76999
77001
77003
77004
77005
77006
77007
77008
77009
77010
77012
77014
77016
77025
77029
77032
77033
77034
77035
77036
77037
77038
77039
77040
77041
77042
77043
77044
77045
77047
77049
77051
77060
77062
77063
77064
77066
77067
77068
77070
77071
77072
77077
77081
77085
77088
77089
77090
77091
77092
77093
77094
77095
77096
77097
77098
77099
77100
77101
77103
77105
77107
77116
77118
77119
77120
77122
77123
77124
77126
77127
77128
77144
77147
77148
77151
77152
77153
77154
77155
77156
77157
77158
77159
77160
77161
77162
77163
77164
77165
77166
77168
77169
77170
77186
77190
77193
77196
77197
77200
77202
77203
77204
77206
77207
77208
77209
77210
77211
77212
77213
77214
77215
77216
77217
77218
77219
77220
77221
77222
77224
77225
77226
77228
77231
77232
77238
77328
77332
77334
77335
77338
77339
77341
77342
77345
77346
77347
77348
77349
77351
77352
77353
77354
77355
77356
77357
77358
77359
77360
77362
77363
77366
77367
77369
77370
77373
77374
77376
77380
77384
77388
77389
77390
77391
77393
77394
77395
77396
77397
77398
77399
77400
77401
77402
77403
77404
77405
77406
77407
77408
77409
77411
77412
77415
77416
77426
77430
77431
77432
77433
77434
77435
77436
77437
77438
77439
77440
77441
77442
77443
77444
77446
77447
77448
77450
77451
77461
77465
77466
77467
77468
77469
77470
77471
77472
77473
77474
77475
77476
77477
77478
77479
77481
77485
77494
77495
77496
77498
77499
77500
77502
77503
77504
77506
77507
77517
77521
77522
77523
77524
77525
77526
77527
77528
77529
77530
77531
77532
77533
77534
77535
77537
77539
77541
77543
77545
77547
77549
77550
77551
77552
77553
77554
77555
77556
77557
77558
77559
77560
77561
77562
77563
77565
77567
77569
77571
77573
77575
77577
77578
77579
77580
77581
77582
77583
77584
77586
77588
77590
77599
77601
77603
77605
77606
77607
77608
77609
77610
77611
77612
77614
77616
77618
77627
77631
77634
77635
77636
77637
77638
77639
77640
77641
77642
77643
77644
77645
77646
77647
77649
77651
77653
77662
77664
77665
77666
77668
77669
77670
77672
77673
77674
77679
77683
77687
77690
77691
77692
77693
77694
77695
77696
77697
77698
77699
77700
77701
77702
77703
77705
77707
77709
77718
77720
77721
77722
77724
77725
77726
77728
77729
77730
77746
77749
77750
77753
77754
77755
77756
77757
77758
77759
77760
77761
77762
77763
77764
77765
77766
77767
77768
77770
77771
77772
77788
77792
77795
77798
77799
77802
77804
77805
77806
77808
77809
77810
77811
77812
77813
77814
77815
77816
77817
77818
77819
77820
77821
77822
77823
77824
77826
77827
77828
77830
77833
77834
77840
77930
77934
77936
77937
77940
77941
77943
77944
77947
77948
77949
77950
77951
77953
77954
77955
77956
77957
77958
77959
77960
77961
77962
77964
77965
77968
77969
77971
77972
77975
77976
77978
77982
77986
77990
77991
77992
77993
77995
77996
77997
77998
77999
78000
78001
78002
78003
78004
78005
78006
78007
78008
78009
78010
78011
78013
78014
78017
78018
78028
78032
78033
78034
78035
78036
78037
78038
78039
78040
78041
78042
78043
78044
78045
78046
78048
78049
78050
78052
78053
78063
78067
78068
78069
78070
78071
78072
78073
78074
78075
78076
78077
78078
78079
78080
78081
78083
78087
78096
78097
78098
78100
78101
78102
78104
78105
78106
78108
78109
78119
78123
78124
78125
78126
78127
78128
78129
78130
78131
78132
78133
78134
78135
78136
78137
78139
78141
78143
78145
78147
78149
78151
78152
78153
78154
78155
78156
78157
78158
78159
78160
78161
78162
78163
78164
78165
78167
78169
78171
78173
78175
78177
78179
78180
78181
78182
78183
78184
78185
78186
78188
78190
78192
78201
78203
78205
78207
78208
78209
78210
78211
78212
78213
78214
78216
78218
78220
78229
78233
78236
78237
78238
78239
78240
78241
78242
78243
78244
78245
78246
78247
78248
78249
78251
78253
78255
78264
78266
78267
78268
78270
78271
78272
78274
78275
78276
78281
78285
78289
78292
78293
78294
78295
78296
78297
78298
78299
78300
78301
78302
78303
78304
78305
78307
78309
78311
78320
78322
78323
78324
78326
78327
78328
78330
78331
78332
78348
78351
78352
78355
78356
78357
78358
78359
78360
78361
78362
78363
78364
78365
78366
78367
78368
78369
78370
78372
78373
78374
78390
78394
78397
78400
78401
78404
78406
78407
78408
78410
78411
78412
78413
78414
78415
78416
78417
78418
78419
78420
78421
78422
78423
78424
78425
78426
78428
78429
78430
78432
78435
78436
78442
78532
78536
78538
78539
78542
78543
78545
78546
78549
78550
78551
78552
78553
78555
78556
78557
78558
78559
78560
78561
78562
78563
78564
78566
78567
78570
78571
78573
78574
78577
78578
78580
78584
78588
78592
78593
78594
78595
78597
78598
78599
78600
78601
78602
78603
78604
78605
78606
78607
78608
78609
78610
78611
78612
78613
78615
78616
78619
78620
78630
78634
78635
78636
78637
78638
78639
78640
78641
78642
78643
78644
78645
78646
78647
78648
78650
78651
78652
78654
78655
78665
78669
78670
78671
78672
78673
78674
78675
78676
78677
78678
78679
78680
78681
78682
78683
78685
78689
78698
78699
78700
78702
78703
78704
78706
78707
78708
78710
78711
78721
78725
78726
78727
78728
78729
78730
78731
78732
78733
78734
78735
78736
78737
78738
78739
78741
78743
78745
78747
78749
78751
78753
78754
78755
78756
78757
78758
78759
78760
78761
78762
78763
78764
78765
78766
78767
78769
78771
78773
78775
78777
78779
78781
78782
78783
78784
78785
78786
78787
78788
78790
78792
78794
78803
78805
78807
78809
78810
78811
78812
78813
78814
78815
78816
78818
78820
78822
78831
78835
78838
78839
78840
78841
78842
78843
78844
78845
78846
78847
78848
78849
78850
78851
78853
78855
78857
78866
78868
78869
78870
78872
78873
78874
78876
78877
78878
78883
78887
78891
78894
78895
78896
78897
78898
78899
78900
78901
78902
78903
78904
78905
78906
78907
78909
78911
78913
78922
78924
78925
78926
78928
78929
78930
78932
78933
78934
78950
78953
78954
78957
78958
78959
78960
78961
78962
78963
78964
78965
78966
78967
78968
78969
78970
78971
78972
78974
78975
78976
78992
78996
78999
79002
79003
79006
79008
79009
79010
79012
79013
79014
79015
79016
79017
79018
79019
79020
79021
79022
79023
79024
79025
79026
79027
79028
79030
79031
79032
79034
79037
79038
79044
79134
79138
79140
79141
79144
79145
79147
79148
79151
79152
79153
79154
79155
79157
79158
79159
79160
79161
79162
79163
79164
79165
79166
79168
79169
79172
79173
79175
79176
79179
79180
79182
79186
79190
79194
79195
79196
79197
79199
79200
79201
79202
79203
79204
79205
79206
79207
79208
79209
79210
79211
79212
79213
79214
79215
79217
79218
79221
79222
79232
79236
79237
79238
79239
79240
79241
79242
79243
79244
79245
79246
79247
79248
79249
79250
79252
79253
79254
79256
79257
79267
79271
79272
79273
79274
79275
79276
79277
79278
79279
79280
79281
79282
79283
79284
79285
79287
79291
79300
79301
79302
79304
79305
79306
79308
79309
79310
79312
79313
79323
79327
79328
79329
79330
79331
79332
79333
79334
79335
79336
79337
79338
79339
79340
79341
79343
79345
79347
79349
79351
79353
79355
79356
79357
79358
79359
79360
79361
79362
79363
79364
79365
79366
79367
79368
79369
79371
79373
79375
79377
79379
79381
79383
79384
79385
79386
79387
79388
79389
79390
79392
79394
79396
79405
79407
79409
79411
79412
79413
79414
79415
79416
79417
79418
79420
79422
79424
79433
79437
79440
79441
79442
79443
79444
79445
79446
79447
79448
79449
79450
79451
79452
79453
79455
79457
79459
79468
79470
79471
79472
79474
79475
79476
79478
79479
79480
79485
79489
79493
79496
79497
79498
79499
79500
79501
79502
79503
79504
79505
79506
79507
79508
79509
79511
79513
79515
79524
79526
79527
79528
79530
79531
79532
79534
79535
79536
79552
79555
79556
79559
79560
79561
79562
79563
79564
79565
79566
79567
79568
79569
79570
79571
79572
79573
79574
79576
79577
79578
79594
79598
79601
79604
79605
79608
79610
79611
79612
79614
79615
79616
79617
79618
79619
79620
79621
79622
79623
79624
79625
79626
79627
79628
79629
79630
79632
79633
79634
79636
79639
79640
79646
79736
79740
79742
79743
79746
79747
79749
79750
79753
79754
79755
79756
79757
79759
79760
79761
79762
79763
79764
79765
79766
79767
79768
79770
79771
79774
79775
79777
79778
79781
79782
79784
79788
79792
79796
79797
79798
79799
79801
79802
79803
79804
79805
79806
79807
79808
79809
79810
79811
79812
79813
79814
79815
79816
79817
79819
79820
79823
79824
79834
79838
79839
79840
79841
79842
79843
79844
79845
79846
79847
79848
79849
79850
79851
79852
79854
79855
79856
79858
79859
79869
79873
79874
79875
79876
79877
79878
79879
79880
79881
79882
79883
79884
79885
79886
79887
79889
79893
79902
79903
79904
79906
79907
79908
79910
79911
79912
79914
79915
79925
79929
79930
79931
79932
79933
79934
79935
79936
79937
79938
79939
79940
79941
79942
79943
79945
79947
79949
79951
79953
79955
79957
79958
79959
79960
79961
79962
79963
79964
79965
79966
79967
79968
79969
79970
79971
79973
79975
79977
79979
79981
79983
79985
79986
79987
79988
79989
79990
79991
79992
79994
79996
79998
80007
80009
80011
80013
80014
80015
80016
80017
80018
80019
80020
80022
80024
80026
80035
80039
80042
80043
80044
80045
80046
80047
80048
80049
80050
80051
80052
80053
80054
80055
80057
80059
80061
80070
80072
80073
80074
80076
80077
80078
80080
80081
80082
80087
80091
80095
80098
80099
80100
80101
80102
80103
80104
80105
80106
80107
80108
80109
80110
80111
80113
80115
80117
80126
80128
80129
80130
80132
80133
80134
80136
80137
80138
80154
80157
80158
80161
80162
80163
80164
80165
80166
80167
80168
80169
80170
80171
80172
80173
80174
80175
80176
80178
80179
80180
80196
80200
80203
80206
80207
80210
80212
80213
80214
80216
80217
80218
80219
80220
80221
80222
80223
80224
80225
80226
80227
80228
80229
80230
80231
80232
80234
80235
80236
80238
80241
80242
80248
80338
80342
80344
80345
80348
80349
80351
80352
80355
80356
80357
80358
80359
80361
80362
80363
80364
80365
80366
80367
80368
80369
80370
80372
80373
80376
80377
80379
80380
80383
80384
80386
80390
80394
80398
80399
80400
80401
80403
80404
80405
80406
80407
80408
80409
80410
80411
80412
80413
80414
80415
80416
80417
80418
80419
80421
80422
80425
80426
80436
80440
80441
80442
80443
80444
80445
80446
80447
80448
80449
80450
80451
80452
80453
80454
80456
80457
80458
80460
80461
80471
80475
80476
80477
80478
80479
80480
80481
80482
80483
80484
80485
80486
80487
80488
80489
80491
80495
80504
80505
80506
80508
80509
80510
80512
80513
80514
80516
80517
80527
80531
80532
80533
80534
80535
80536
80537
80538
80539
80540
80541
80542
80543
80544
80545
80547
80549
80551
80553
80555
80557
80559
80560
80561
80562
80563
80564
80565
80566
80567
80568
80569
80570
80571
80572
80573
80575
80577
80579
80581
80583
80585
80587
80588
80589
80590
80591
80592
80593
80594
80596
80598
80600
80609
80611
80613
80615
80616
80617
80618
80619
80620
80621
80622
80624
80626
80628
80637
80641
80644
80645
80646
80647
80648
80649
80650
80651
80652
80653
80654
80655
80656
80657
80659
80661
80663
80672
80674
80675
80676
80678
80679
80680
80682
80683
80684
80689
80693
80697
80700
80701
80702
80703
80704
80705
80706
80707
80708
80709
80710
80711
80712
80713
80715
80717
80719
80728
80730
80731
80732
80734
80735
80736
80738
80739
80740
80756
80759
80760
80763
80764
80765
80766
80767
80768
80769
80770
80771
80772
80773
80774
80775
80776
80777
80778
80780
80781
80782
80798
80802
80805
80808
80809
80812
80814
80815
80816
80818
80819
80820
80821
80822
80823
80824
80825
80826
80827
80828
80829
80830
80831
80832
80833
80834
80836
80837
80838
80840
80843
80844
80850
80940
80944
80946
80947
80950
80951
80953
80954
80957
80958
80959
80960
80961
80963
80964
80965
80966
80967
80968
80969
80970
80971
80972
80974
80975
80978
80979
80981
80982
80985
80986
80988
80992
80996
81000
81001
81002
81003
81005
81006
81007
81008
81009
81010
81011
81012
81013
81014
81015
81016
81017
81018
81019
81020
81021
81023
81024
81027
81028
81038
81042
81043
81044
81045
81046
81047
81048
81049
81050
81051
81052
81053
81054
81055
81056
81058
81059
81060
81062
81063
81073
81077
81078
81079
81080
81081
81082
81083
81084
81085
81086
81087
81088
81089
81090
81091
81093
81097
81106
81107
81108
81110
81111
81112
81114
81115
81116
81118
81119
81129
81133
81134
81135
81136
81137
81138
81139
81140
81141
81142
81143
81144
81145
81146
81147
81149
81151
81153
81155
81157
81159
81161
81162
81163
81164
81165
81166
81167
81168
81169
81170
81171
81172
81173
81174
81175
81177
81179
81181
81183
81185
81187
81189
81190
81191
81192
81193
81194
81195
81196
81198
81200
81202
81211
81213
81215
81217
81218
81219
81220
81221
81222
81223
81224
81226
81228
81230
81239
81243
81246
81247
81248
81249
81250
81251
81252
81253
81254
81255
81256
81257
81258
81259
81261
81263
81265
81274
81276
81277
81278
81280
81281
81282
81284
81285
81286
81291
81295
81299
81302
81303
81304
81305
81306
81307
81308
81309
81310
81311
81312
81313
81314
81315
81317
81319
81321
81330
81332
81333
81334
81336
81337
81338
81340
81341
81342
81358
81361
81362
81365
81366
81367
81368
81369
81370
81371
81372
81373
81374
81375
81376
81377
81378
81379
81380
81382
81383
81384
81400
81404
81407
81410
81411
81414
81416
81417
81418
81420
81421
81422
81423
81424
81425
81426
81427
81428
81429
81430
81431
81432
81433
81434
81435
81436
81438
81439
81440
81442
81445
81446
81452
81542
81546
81548
81549
81552
81553
81555
81556
81559
81560
81561
81562
81563
81565
81566
81567
81568
81569
81570
81571
81572
81573
81574
81576
81577
81580
81581
81583
81584
81587
81588
81590
81594
81598
81602
81603
81604
81605
81607
81608
81609
81610
81611
81612
81613
81614
81615
81616
81617
81618
81619
81620
81621
81622
81623
81625
81626
81629
81630
81640
81644
81645
81646
81647
81648
81649
81650
81651
81652
81653
81654
81655
81656
81657
81658
81660
81661
81662
81664
81665
81675
81679
81680
81681
81682
81683
81684
81685
81686
81687
81688
81689
81690
81691
81692
81693
81695
81699
81708
81709
81710
81712
81713
81714
81716
81717
81718
81720
81721
81731
81735
81736
81737
81738
81739
81740
81741
81742
81743
81744
81745
81746
81747
81748
81749
81751
81753
81755
81757
81759
81761
81763
81764
81765
81766
81767
81768
81769
81770
81771
81772
81773
81774
81775
81776
81777
81779
81781
81783
81785
81787
81789
81791
81792
81793
81794
81795
81796
81797
81798
81800
81802
81804
81813
81815
81817
81819
81820
81821
81822
81823
81824
81825
81826
81828
81830
81832
81841
81845
81848
81849
81850
81851
81852
81853
81854
81855
81856
81857
81858
81859
81860
81861
81863
81865
81867
81876
81878
81879
81880
81882
81883
81884
81886
81887
81888
81893
81897
81901
81904
81905
81906
81907
81908
81909
81910
81911
81912
81913
81914
81915
81916
81917
81919
81921
81923
81932
81934
81935
81936
81938
81939
81940
81942
81943
81944
81960
81963
81964
81967
81968
81969
81970
81971
81972
81973
81974
81975
81976
81977
81978
81979
81980
81981
81982
81984
81985
81986
82002
82006
82009
82012
82013
82016
82018
82019
82020
82022
82023
82024
82025
82026
82027
82028
82029
82030
82031
82032
82033
82034
82035
82036
82037
82038
82040
82041
82042
82044
82047
82048
82054
82144
82148
82150
82151
82154
82155
82157
82158
82161
82162
82163
82164
82165
82167
82168
82169
82170
82171
82172
82173
82174
82175
82176
82178
82179
82182
82183
82185
82186
82189
82190
82192
82196
82200
82204
82205
82206
82207
82209
82210
82211
82212
82213
82214
82215
82216
82217
82218
82219
82220
82221
82222
82223
82224
82225
82226
82227
82228
82229
82230
82231
82232
82234
82235
82238
82239
82249
82253
82254
82255
82256
82257
82258
82259
82260
82261
82262
82263
82264
82265
82266
82267
82269
82270
82271
82273
82274
82284
82288
82289
82290
82291
82292
82293
82294
82295
82296
82297
82298
82299
82300
82301
82302
82304
82308
82317
82318
82319
82321
82322
82323
82325
82326
82327
82329
82330
82340
82344
82345
82346
82347
82348
82349
82350
82351
82352
82353
82354
82355
82356
82357
82358
82360
82362
82364
82366
82368
82370
82372
82373
82374
82375
82376
82377
82378
82379
82380
82381
82382
82383
82384
82385
82386
82388
82390
82392
82394
82396
82398
82400
82401
82402
82403
82404
82405
82406
82407
82409
82411
82413
82422
82424
82426
82428
82429
82430
82431
82432
82433
82434
82435
82436
82437
82438
82439
82440
82441
82442
82444
82446
82448
82457
82461
82464
82465
82466
82467
82468
82469
82470
82471
82472
82473
82474
82475
82476
82477
82479
82481
82483
82492
82494
82495
82496
82498
82499
82500
82502
82503
82504
82509
82513
82517
82520
82521
82522
82523
82524
82525
82526
82527
82528
82529
82530
82531
82532
82533
82535
82537
82539
82548
82550
82551
82552
82554
82555
82556
82557
82558
82559
82560
82561
82562
82563
82564
82565
82566
82567
82568
82569
82570
82572
82573
82574
82590
82593
82594
82597
82598
82599
82600
82601
82602
82603
82604
82605
82606
82607
82608
82609
82610
82611
82612
82613
82614
82615
82616
82617
82618
82619
82620
82621
82622
82623
82624
82625
82626
82628
82629
82630
82646
82650
82653
82656
82657
82660
82662
82663
82664
82666
82667
82668
82669
82670
82671
82672
82673
82674
82675
82676
82677
82678
82679
82680
82681
82682
82684
82685
82686
82688
82691
82692
82698
82758
82760
82762
82764
82765
82766
82767
82769
82770
82771
82772
82773
82774
82775
82776
82777
82778
82779
82781
82783
82785
82788
82792
82793
82794
82795
82797
82798
82799
82800
82801
82802
82803
82804
82805
82806
82807
82808
82809
82814
82815
82816
82821
82822
82823
82828
82829
82830
82835
82836
82837
82838
82839
82840
82841
82842
82843
82844
82845
82846
82847
82848
82851
82855
82856
82857
82858
82859
82860
82861
82862
82863
82864
82865
82870
82871
82872
82877
82878
82879
82884
82885
82886
82891
82892
82893
82898
82899
82900
82905
82906
82907
82912
82913
82914
82919
82920
82921
82922
82923
82924
82925
82926
82928
82929
82930
82932
82933
82934
82935
82936
82937
82938
82939
82940
82941
82942
82947
82948
82949
82954
82955
82956
82961
82962
82963
82968
82969
82970
82975
82976
82977
82982
82983
82984
82989
82990
82991
82996
82997
82998
83003
83004
83005
83010
83011
83012
83013
83014
83015
83016
83019
83023
83024
83028
83031
83032
83033
83038
83039
83040
83045
83046
83047
83052
83053
83054
83059
83060
83061
83066
83067
83068
83073
83074
83075
83080
83081
83082
83087
83088
83089
83094
83095
83096
83101
83102
83103
83108
83109
83110
83115
83116
83117
83118
83119
83120
83121
83129
83130
83131
83132
83133
83134
83135
83136
83137
83138
83143
83144
83145
83150
83151
83152
83157
83158
83159
83164
83165
83166
83171
83172
83173
83178
83179
83180
83185
83186
83187
83192
83193
83194
83199
83200
83201
83206
83207
83208
83213
83214
83215
83220
83221
83222
83223
83224
83225
83226
83229
83230
83233
83255
83256
83257
83258
83259
83260
83261
83262
83263
83264
83269
83270
83271
83276
83277
83278
83283
83284
83285
83290
83291
83292
83297
83298
83299
83304
83305
83306
83311
83312
83313
83318
83319
83320
83325
83326
83327
83332
83333
83334
83339
83340
83341
83346
83347
83348
83349
83350
83351
83352
83353
83354
83355
83356
83357
83358
83359
83374
83375
83376
83377
83378
83379
83380
83381
83382
83383
83388
83389
83390
83395
83396
83397
83402
83403
83404
83409
83410
83411
83416
83417
83418
83423
83424
83425
83430
83431
83432
83437
83438
83439
83444
83445
83446
83451
83452
83453
83458
83459
83460
83465
83466
83467
83472
83473
83474
83475
83476
83477
83478
83493
83494
83495
83496
83497
83498
83499
83500
83501
83502
83507
83508
83509
83514
83515
83516
83521
83522
83523
83528
83529
83530
83535
83536
83537
83542
83543
83544
83549
83550
83551
83556
83557
83558
83563
83564
83565
83570
83571
83572
83577
83578
83579
83584
83585
83586
83587
83588
83589
83590
83591
83592
83593
83594
83595
83596
83597
83598
83599
83600
83601
83602
83603
83604
83605
83606
83607
83612
83613
83614
83619
83620
83621
83626
83627
83628
83633
83634
83635
83640
83641
83642
83647
83648
83649
83654
83655
83656
83661
83662
83663
83668
83669
83670
83675
83676
83677
83682
83683
83684
83689
83690
83691
83692
83693
83694
83695
83697
83698
83699
83701
83702
83710
83711
83712
83713
83714
83715
83716
83717
83718
83719
83724
83725
83726
83731
83732
83733
83738
83739
83740
83745
83746
83747
83752
83753
83754
83759
83760
83761
83766
83767
83768
83773
83774
83775
83780
83781
83782
83787
83788
83789
83794
83795
83796
83801
83802
83803
83804
83805
83806
83807
83811
83822
83823
83824
83825
83826
83827
83828
83829
83830
83831
83836
83837
83838
83843
83844
83845
83850
83851
83852
83857
83858
83859
83864
83865
83866
83871
83872
83873
83878
83879
83880
83885
83886
83887
83892
83893
83894
83899
83900
83901
83902
83903
83904
83905
83906
83907
83908
83909
83910
83911
83912
83913
83914
83916
83917
83918
83920
83921
83922
83923
83924
83925
83926
83927
83928
83929
83934
83935
83936
83941
83942
83943
83948
83949
83950
83955
83956
83957
83962
83963
83964
83969
83970
83971
83976
83977
83978
83983
83984
83985
83986
83987
83988
83989
83990
83991
83992
83993
83994
83995
83996
84004
84005
84007
84008
84009
84011
84012
84013
84014
84015
84016
84017
84018
84019
84020
84021
84022
84023
84024
84025
84026
84027
84032
84033
84034
84039
84040
84041
84046
84047
84048
84053
84054
84055
84056
84057
84058
84059
84060
84061
84062
84063
84064
84065
84066
84067
84068
84069
84070
84071
84072
84073
84088
84089
84090
84091
84092
84093
84094
84095
84096
84097
84098
84099
84100
84101
84102
84103
84104
84105
84106
84107
84108
84109
84110
84111
84112
84113
84114
84115
84116
84117
84118
84119
84120
84121
84122
84123
84124
84125
84126
84127
84128
84129
84131
84132
84133
84135
84136
86772
86783
86785
86786
86787
86789
86790
86791
86792
86793
86794
86795
86796
86797
86799
86801
86803
86804
86805
86806
86807
86808
86809
86810
86811
86812
86813
86814
86815
86816
86817
86832
86833
86834
86835
86836
86837
86838
86839
86840
86841
86842
86843
86844
86845
86846
86847
86848
86849
86850
86851
86852
86867
86868
86869
86870
86871
86872
86873
86874
86875
86876
86877
86878
86879
86880
86881
86882
86883
86884
86885
86886
86887
86902
86904
86906
86908
86909
86910
86911
86912
86913
86914
86915
86916
86917
86918
86919
86920
86921
86922
86944
86945
86946
86947
86948
86949
86950
86951
86952
86953
86954
86955
86956
86957
86967
86968
86971
86981
86985
86988
86992
86993
86994
86995
86996
86997
86998
86999
87000
87001
87002
87003
87004
87005
87006
87007
87008
87009
87010
87011
87012
87013
87014
87015
87016
87017
87018
87019
87020
87042
87043
87044
87045
87046
87047
87048
87049
87050
87051
87052
87053
87054
87055
87056
87057
87058
87059
87060
87061
87062
87091
87092
87093
87094
87095
87096
87097
87098
87100
87101
87102
87104
87114
87118
87121
87125
87126
87127
87128
87129
87130
87131
87132
87133
87134
87135
87136
87137
87138
87139
87140
87141
87142
87143
87144
87145
87146
87147
87148
87149
87150
87151
87152
87153
87182
87183
87184
87185
87186
87187
87188
87189
87191
87192
87193
87195
87212
87216
87225
87226
87227
87229
87230
87231
87232
87233
87234
87235
87236
87237
87238
87239
87240
87241
87242
87243
87244
87245
87246
87247
87248
87249
87250
87251
87273
87274
87275
87276
87277
87278
87279
87287
87288
87289
87290
87291
87292
87293
87294
87296
87297
87298
87300
87301
87302
87303
87304
87305
87306
87307
87322
87323
87326
87327
87329
87330
87331
87332
87333
87334
87335
87336
87337
87338
87339
87340
87341
87342
87372
87374
87376
87378
87379
87380
87381
87382
87383
87384
87385
87386
87387
87388
87389
87390
87391
87392
87393
87394
87395
87396
87397
87398
87421
87423
87425
87436
87437
87440
87449
87450
87451
87453
87454
87462
87463
87464
87465
87466
87467
87468
87476
87477
87478
87479
87480
87481
87482
87490
87491
87492
87493
87494
87495
87496
87504
87505
87506
87507
87508
87509
87510
87532
87533
87534
87535
87536
87537
87538
87547
87549
87551
87560
87561
87562
87563
87564
87565
87566
87583
87584
87587
87589
87593
87603
87605
87607
87616
87617
87618
87619
87620
87621
87622
87623
87625
87627
87629
87630
87631
87632
87633
87634
87635
87636
87651
87652
87653
87654
87655
87656
87657
87658
87659
87660
87661
87662
87663
87664
87665
87666
87667
87669
87670
87671
87693
87694
87695
87696
87697
87698
87699
87701
87705
87707
87708
87709
87710
87711
87712
87713
87714
87715
87716
87717
87718
87719
87720
87721
87722
87723
87724
87725
87726
87727
87750
87754
87756
87757
87759
87760
87761
87770
87771
87772
87773
87774
87775
87776
87784
87785
87787
87788
87789
87798
87799
87801
87802
87803
87805
87806
87807
87808
87809
87810
87811
87833
87834
87835
87836
87837
87838
87839
87848
87852
87861
87862
87863
87864
87865
87866
87867
87868
87869
87870
87871
87872
87873
87874
87875
87876
87877
87878
87879
87880
87881
87903
87904
87905
87906
87907
87908
87909
87910
87911
87912
87913
87914
87915
87916
87917
87918
87919
87920
87921
87922
87923
87945
87946
87948
87949
87950
87952
87953
87955
87956
87957
87974
87976
87978
87987
87988
87989
87990
87991
87992
87993
88001
88002
88005
88006
88015
88016
88017
88018
88019
88020
88021
88022
88023
88026
88027
88029
88030
88031
88032
88033
88034
88035
88050
88051
88052
88053
88054
88055
88056
88057
88058
88059
88060
88061
88062
88063
88064
88065
88066
88067
88068
88069
88070
88092
88093
88094
88095
88096
88097
88098
88099
88100
88101
88102
88103
88104
88105
88106
88107
88108
88110
88111
88112
88127
88128
88129
88130
88131
88132
88133
88134
88135
88138
88139
88141
88145
88156
88160
89056
89057
89058
89059
89060
89061
89062
89063
89064
89065
89066
89067
89068
89069
89070
89071
89072
89073
89074
89075
89076
89105
89106
89107
89108
89109
89110
89111
89112
89113
89114
89115
89116
89117
89118
89119
89120
89121
89122
89123
89124
89125
89154
89155
89156
89157
89158
89159
89160
89161
89162
89163
89164
89165
89166
89167
89168
89169
89170
89171
89172
89173
89174
89203
89204
89205
89206
89207
89208
89209
89210
89211
89212
89213
89214
89215
89216
89217
89218
89219
89220
89221
89222
89223
89259
89260
89261
89262
89263
89264
89265
89266
89267
89268
89269
89270
89271
89272
89273
89274
89275
89276
89277
89278
89279
89308
89309
89310
89311
89312
89313
89314
89315
89316
89317
89318
89319
89320
89321
89322
89323
89324
89325
89326
89327
89328
89357
89358
89359
89360
89361
89362
89363
89364
89365
89366
89367
89368
89369
89370
89371
89372
89373
89374
89375
89376
89377
89406
89407
89408
89409
89410
89411
89412
89413
89414
89415
89416
89417
89418
89419
89420
89421
89422
89423
89424
89425
89426
89455
89456
89457
89458
89459
89460
89461
89462
89463
89464
89465
89466
89467
89468
89469
89470
89471
89472
89473
89474
89475
89504
89505
89506
89507
89508
89509
89510
89511
89512
89513
89514
89515
89516
89517
89518
89519
89520
89521
89522
89523
89524
89553
89554
89555
89556
89557
89558
89559
89560
89561
89562
89563
89564
89565
89566
89567
89568
89569
89570
89571
89572
89573
89602
89603
89604
89605
89606
89607
89608
89609
89610
89611
89612
89613
89614
89615
89616
89617
89618
89619
89620
89621
89622
89651
89652
89653
89654
89655
89656
89657
89658
89659
89660
89661
89662
89663
89664
89665
89666
89667
89668
89669
89670
89671
89707
89708
89709
89710
89711
89712
89713
89714
89715
89716
89717
89718
89719
89720
89721
89722
89723
89724
89725
89726
89727
89756
89757
89758
89759
89760
89761
89762
89763
89764
89765
89766
89767
89768
89769
89770
89771
89772
89773
89774
89775
89776
89805
89806
89807
89808
89809
89810
89811
89812
89813
89814
89815
89816
89817
89818
89819
89820
89821
89822
89823
89824
89825
89854
89855
89856
89857
89858
89859
89860
89861
89862
89863
89864
89865
89866
89867
89868
89869
89870
89871
89872
89873
89874
89903
89904
89905
89906
89907
89908
89909
89910
89911
89912
89913
89914
89915
89916
89917
89918
89919
89920
89921
89922
89923
102474
102476
102478
102480
102483
102487
102516
102517
102518
102519
102520
102521
102522
102523
102524
102525
102526
102527
102528
102529
102530
102531
102532
102533
102534
102535
102536
102539
102543
102558
102560
102561
102562
102564
102957
102958
102959
102960
102961
102962
102963
102964
102966
102968
102970
102973
102977
103006
103007
103008
103009
103010
103011
103012
103013
103014
103015
103016
103017
103018
103019
103020
103021
103022
103023
103024
103025
103026
103029
103033
103048
103050
103051
103052
103054
103071
103075
103113
103114
103117
103433
103435
103437
103439
103440
103441
103442
103444
103445
103446
103447
103448
103449
103450
103451
103452
103453
103454
103456
103458
103460
103463
103467
103489
103492
103493
103496
103497
103498
103499
103500
103501
103502
103503
103504
103505
103506
103507
103508
103509
103510
103511
103512
103513
103514
103515
103516
103519
103523
103538
103540
103541
103542
103544
103561
103565
103603
103604
103607
103629
103630
103631
103632
103633
103634
103635
103657
103658
103659
103660
103661
103662
103663
103664
103665
103666
103667
103668
103669
103670
103685
103688
103689
103690
103691
103692
103693
103694
103695
103696
103697
103698
103923
103925
103927
103929
103930
103931
103932
103934
103935
103936
103937
103938
103939
103940
103941
103942
103943
103944
103946
103948
103950
103953
103957
103972
103973
103974
103976
103977
103978
103979
103980
103981
103982
103983
103984
103985
103986
103987
103988
103989
103990
103991
103992
103993
103994
103995
103996
103997
103998
103999
104000
104001
104002
104003
104004
104005
104006
104009
104013
104021
104022
104023
104024
104025
104026
104027
104028
104030
104031
104032
104034
104042
104043
104044
104045
104046
104047
104048
104051
104055
104070
104073
104074
104075
104076
104093
104094
104097
104119
104120
104121
104122
104123
104124
104125
104147
104148
104149
104150
104151
104152
104153
104154
104155
104156
104157
104158
104159
104160
104175
104176
104177
104178
104179
104180
104181
104182
104183
104184
104185
104186
104187
104188
104197
104198
104199
104201
104202
104227
104245
104246
104247
104248
104249
104250
104251
104273
104274
104275
104276
104277
104278
104279
104298
104300
104301
104302
104303
104304
104305
104306
104307
104329
104330
104331
104332
104333
104334
104335
104337
104338
104339
104341
104342
104413
104415
104417
104419
104420
104421
104422
104424
104425
104426
104427
104428
104429
104430
104431
104432
104433
104434
104436
104438
104440
104443
104447
104462
104463
104464
104466
104467
104468
104469
104470
104471
104472
104473
104474
104475
104476
104477
104478
104479
104480
104481
104482
104483
104484
104485
104486
104487
104488
104489
104490
104491
104492
104493
104494
104495
104496
104499
104503
104511
104512
104513
104514
104515
104516
104517
104518
104520
104521
104522
104524
104532
104533
104534
104535
104536
104537
104538
104541
104545
104553
104557
104560
104561
104562
104563
104564
104565
104566
104574
104575
104576
104577
104578
104579
104580
104583
104584
104587
104609
104610
104611
104612
104613
104614
104615
104637
104638
104639
104640
104641
104642
104643
104644
104645
104646
104647
104648
104649
104650
104665
104666
104667
104668
104669
104670
104671
104672
104673
104674
104675
104676
104677
104678
104679
104680
104681
104682
104683
104684
104685
104687
104688
104689
104691
104692
104700
104701
104702
104703
104704
104705
104706
104707
104708
104709
104710
104711
104712
104713
104717
104735
104736
104737
104738
104739
104740
104741
104749
104750
104752
104753
104754
104756
104757
104758
104759
104760
104761
104762
104763
104764
104765
104766
104767
104768
104769
104777
104778
104780
104781
104782
104784
104785
104786
104787
104788
104789
104790
104791
104792
104793
104794
104795
104796
104797
104812
104813
104814
104815
104816
104817
104818
104819
104820
104821
104822
104823
104824
104825
104827
104828
104829
104831
104832
104903
104905
104907
104909
104910
104911
104912
104914
104915
104916
104917
104918
104919
104920
104921
104922
104923
104924
104926
104928
104930
104933
104937
104952
104953
104954
104956
104957
104958
104959
104960
104961
104962
104963
104964
104965
104966
104967
104968
104969
104970
104971
104972
104973
104974
104975
104976
104977
104978
104979
104980
104981
104982
104983
104984
104985
104986
104989
104993
105001
105002
105003
105004
105005
105006
105007
105008
105010
105011
105012
105014
105022
105023
105024
105025
105026
105027
105028
105031
105035
105043
105047
105050
105051
105052
105053
105054
105055
105056
105064
105065
105066
105067
105068
105069
105070
105073
105074
105077
105099
105100
105101
105102
105103
105104
105105
105127
105128
105129
105130
105131
105132
105133
105134
105135
105136
105137
105138
105139
105140
105155
105156
105157
105158
105159
105160
105161
105162
105163
105164
105165
105166
105167
105168
105169
105170
105171
105172
105173
105174
105175
105177
105178
105179
105181
105182
105190
105191
105192
105193
105194
105195
105196
105197
105198
105199
105200
105201
105202
105203
105207
105225
105226
105227
105228
105229
105230
105231
105239
105240
105242
105243
105244
105246
105247
105248
105249
105250
105251
105252
105253
105254
105255
105256
105257
105258
105259
105267
105268
105270
105271
105272
105274
105275
105276
105277
105278
105279
105280
105281
105282
105283
105284
105285
105286
105287
105302
105303
105304
105305
105306
105307
105308
105309
105310
105311
105312
105313
105314
105315
105317
105318
105319
105321
105322
105393
105395
105397
105399
105400
105401
105402
105404
105405
105406
105407
105408
105409
105410
105411
105412
105413
105414
105416
105418
105420
105423
105427
105442
105443
105444
105446
105447
105448
105449
105450
105451
105452
105453
105454
105455
105456
105457
105458
105459
105460
105461
105462
105463
105464
105465
105466
105467
105468
105469
105470
105471
105472
105473
105474
105475
105476
105479
105483
105491
105492
105493
105494
105495
105496
105497
105498
105500
105501
105502
105504
105512
105513
105514
105515
105516
105517
105518
105521
105525
105533
105537
105540
105541
105542
105543
105544
105545
105546
105554
105555
105556
105557
105558
105559
105560
105563
105564
105567
105589
105590
105591
105592
105593
105594
105595
105617
105618
105619
105620
105621
105622
105623
105624
105625
105626
105627
105628
105629
105630
105645
105646
105647
105648
105649
105650
105651
105652
105653
105654
105655
105656
105657
105658
105659
105660
105661
105662
105663
105664
105665
105667
105668
105669
105671
105672
105680
105681
105682
105683
105684
105685
105686
105687
105688
105689
105690
105691
105692
105693
105697
105715
105716
105717
105718
105719
105720
105721
105729
105730
105732
105733
105734
105736
105737
105738
105739
105740
105741
105742
105743
105744
105745
105746
105747
105748
105749
105757
105758
105760
105761
105762
105764
105765
105766
105767
105768
105769
105770
105771
105772
105773
105774
105775
105776
105777
105792
105793
105794
105795
105796
105797
105798
105799
105800
105801
105802
105803
105804
105805
105807
105808
105809
105811
105812
105883
105885
105887
105889
105890
105891
105892
105894
105895
105896
105897
105898
105899
105900
105901
105902
105903
105904
105906
105908
105910
105913
105917
105932
105933
105934
105936
105937
105938
105939
105940
105941
105942
105943
105944
105945
105946
105947
105948
105949
105950
105951
105952
105953
105954
105955
105956
105957
105958
105959
105960
105961
105962
105963
105964
105965
105966
105969
105973
105981
105982
105983
105984
105985
105986
105987
105988
105990
105991
105992
105994
106002
106003
106004
106005
106006
106007
106008
106011
106015
106023
106027
106030
106031
106032
106033
106034
106035
106036
106044
106045
106046
106047
106048
106049
106050
106053
106054
106057
106079
106080
106081
106082
106083
106084
106085
106107
106108
106109
106110
106111
106112
106113
106114
106115
106116
106117
106118
106119
106120
106135
106136
106137
106138
106139
106140
106141
106142
106143
106144
106145
106146
106147
106148
106149
106150
106151
106152
106153
106154
106155
106157
106158
106159
106161
106162
106170
106171
106172
106173
106174
106175
106176
106177
106178
106179
106180
106181
106182
106183
106187
106205
106206
106207
106208
106209
106210
106211
106219
106220
106222
106223
106224
106226
106227
106228
106229
106230
106231
106232
106233
106234
106235
106236
106237
106238
106239
106247
106248
106250
106251
106252
106254
106255
106256
106257
106258
106259
106260
106261
106262
106263
106264
106265
106266
106267
106282
106283
106284
106285
106286
106287
106288
106289
106290
106291
106292
106293
106294
106295
106297
106298
106299
106301
106302
106373
106375
106377
106379
106380
106381
106382
106384
106385
106386
106387
106388
106389
106390
106391
106392
106393
106394
106396
106398
106400
106403
106407
106422
106423
106424
106426
106427
106428
106429
106430
106431
106432
106433
106434
106435
106436
106437
106438
106439
106440
106441
106442
106443
106444
106445
106446
106447
106448
106449
106450
106451
106452
106453
106454
106455
106456
106459
106463
106471
106472
106473
106474
106475
106476
106477
106478
106480
106481
106482
106484
106492
106493
106494
106495
106496
106497
106498
106501
106505
106513
106517
106520
106521
106522
106523
106524
106525
106526
106534
106535
106536
106537
106538
106539
106540
106543
106544
106547
106569
106570
106571
106572
106573
106574
106575
106597
106598
106599
106600
106601
106602
106603
106604
106605
106606
106607
106608
106609
106610
106625
106626
106627
106628
106629
106630
106631
106632
106633
106634
106635
106636
106637
106638
106639
106640
106641
106642
106643
106644
106645
106647
106648
106649
106651
106652
106660
106661
106662
106663
106664
106665
106666
106667
106668
106669
106670
106671
106672
106673
106677
106695
106696
106697
106698
106699
106700
106701
106709
106710
106712
106713
106714
106716
106717
106718
106719
106720
106721
106722
106723
106724
106725
106726
106727
106728
106729
106737
106738
106740
106741
106742
106744
106745
106746
106747
106748
106749
106750
106751
106752
106753
106754
106755
106756
106757
106772
106773
106774
106775
106776
106777
106778
106779
106780
106781
106782
106783
106784
106785
106787
106788
106789
106791
106792
106863
106865
106867
106869
106870
106871
106872
106874
106875
106876
106877
106878
106879
106880
106881
106882
106883
106884
106886
106888
106890
106893
106897
106912
106913
106914
106916
106917
106918
106919
106920
106921
106922
106923
106924
106925
106926
106927
106928
106929
106930
106931
106932
106933
106934
106935
106936
106937
106938
106939
106940
106941
106942
106943
106944
106945
106946
106949
106953
106961
106962
106963
106964
106965
106966
106967
106968
106970
106971
106972
106974
106982
106983
106984
106985
106986
106987
106988
106991
106995
107003
107007
107010
107011
107012
107013
107014
107015
107016
107024
107025
107026
107027
107028
107029
107030
107033
107034
107037
107059
107060
107061
107062
107063
107064
107065
107087
107088
107089
107090
107091
107092
107093
107094
107095
107096
107097
107098
107099
107100
107115
107116
107117
107118
107119
107120
107121
107122
107123
107124
107125
107126
107127
107128
107129
107130
107131
107132
107133
107134
107135
107137
107138
107139
107141
107142
107150
107151
107152
107153
107154
107155
107156
107157
107158
107159
107160
107161
107162
107163
107167
107185
107186
107187
107188
107189
107190
107191
107199
107200
107202
107203
107204
107206
107207
107208
107209
107210
107211
107212
107213
107214
107215
107216
107217
107218
107219
107227
107228
107230
107231
107232
107234
107235
107236
107237
107238
107239
107240
107241
107242
107243
107244
107245
107246
107247
107262
107263
107264
107265
107266
107267
107268
107269
107270
107271
107272
107273
107274
107275
107277
107278
107279
107281
107282
107353
107355
107357
107359
107360
107361
107362
107364
107365
107366
107367
107368
107369
107370
107371
107372
107373
107374
107376
107378
107380
107383
107387
107402
107403
107404
107406
107407
107408
107409
107410
107411
107412
107413
107414
107415
107416
107417
107418
107419
107420
107421
107422
107423
107424
107425
107426
107427
107428
107429
107430
107431
107432
107433
107434
107435
107436
107439
107443
107451
107452
107453
107454
107455
107456
107457
107458
107460
107461
107462
107464
107472
107473
107474
107475
107476
107477
107478
107481
107485
107493
107497
107500
107501
107502
107503
107504
107505
107506
107514
107515
107516
107517
107518
107519
107520
107523
107524
107527
107549
107550
107551
107552
107553
107554
107555
107577
107578
107579
107580
107581
107582
107583
107584
107585
107586
107587
107588
107589
107590
107605
107606
107607
107608
107609
107610
107611
107612
107613
107614
107615
107616
107617
107618
107619
107620
107621
107622
107623
107624
107625
107627
107628
107629
107631
107632
107640
107641
107642
107643
107644
107645
107646
107647
107648
107649
107650
107651
107652
107653
107657
107675
107676
107677
107678
107679
107680
107681
107689
107690
107692
107693
107694
107696
107697
107698
107699
107700
107701
107702
107703
107704
107705
107706
107707
107708
107709
107717
107718
107720
107721
107722
107724
107725
107726
107727
107728
107729
107730
107731
107732
107733
107734
107735
107736
107737
107752
107753
107754
107755
107756
107757
107758
107759
107760
107761
107762
107763
107764
107765
107767
107768
107769
107771
107772
107843
107845
107847
107849
107850
107851
107852
107854
107855
107856
107857
107858
107859
107860
107861
107862
107863
107864
107866
107868
107870
107873
107877
107892
107893
107894
107896
107897
107898
107899
107900
107901
107902
107903
107904
107905
107906
107907
107908
107909
107910
107911
107912
107913
107914
107915
107916
107917
107918
107919
107920
107921
107922
107923
107924
107925
107926
107929
107933
107941
107942
107943
107944
107945
107946
107947
107948
107950
107951
107952
107954
107962
107963
107964
107965
107966
107967
107968
107971
107975
107983
107987
107990
107991
107992
107993
107994
107995
107996
108004
108005
108006
108007
108008
108009
108010
108013
108014
108017
108039
108040
108041
108042
108043
108044
108045
108067
108068
108069
108070
108071
108072
108073
108074
108075
108076
108077
108078
108079
108080
108095
108096
108097
108098
108099
108100
108101
108102
108103
108104
108105
108106
108107
108108
108109
108110
108111
108112
108113
108114
108115
108117
108118
108119
108121
108122
108130
108131
108132
108133
108134
108135
108136
108137
108138
108139
108140
108141
108142
108143
108147
108165
108166
108167
108168
108169
108170
108171
108179
108180
108182
108183
108184
108186
108187
108188
108189
108190
108191
108192
108193
108194
108195
108196
108197
108198
108199
108207
108208
108210
108211
108212
108214
108215
108216
108217
108218
108219
108220
108221
108222
108223
108224
108225
108226
108227
108242
108243
108244
108245
108246
108247
108248
108249
108250
108251
108252
108253
108254
108255
108257
108258
108259
108261
108262
108333
108335
108337
108339
108340
108341
108342
108344
108345
108346
108347
108348
108349
108350
108351
108352
108353
108354
108356
108358
108360
108363
108367
108382
108383
108384
108386
108387
108388
108389
108390
108391
108392
108393
108394
108395
108396
108397
108398
108399
108400
108401
108402
108403
108404
108405
108406
108407
108408
108409
108410
108411
108412
108413
108414
108415
108416
108419
108423
108431
108432
108433
108434
108435
108436
108437
108438
108440
108441
108442
108444
108452
108453
108454
108455
108456
108457
108458
108461
108465
108473
108477
108480
108481
108482
108483
108484
108485
108486
108494
108495
108496
108497
108498
108499
108500
108503
108504
108507
108529
108530
108531
108532
108533
108534
108535
108557
108558
108559
108560
108561
108562
108563
108564
108565
108566
108567
108568
108569
108570
108585
108586
108587
108588
108589
108590
108591
108592
108593
108594
108595
108596
108597
108598
108599
108600
108601
108602
108603
108604
108605
108607
108608
108609
108611
108612
108620
108621
108622
108623
108624
108625
108626
108627
108628
108629
108630
108631
108632
108633
108637
108655
108656
108657
108658
108659
108660
108661
108669
108670
108672
108673
108674
108676
108677
108678
108679
108680
108681
108682
108683
108684
108685
108686
108687
108688
108689
108697
108698
108700
108701
108702
108704
108705
108706
108707
108708
108709
108710
108711
108712
108713
108714
108715
108716
108717
108732
108733
108734
108735
108736
108737
108738
108739
108740
108741
108742
108743
108744
108745
108747
108748
108749
108751
108752
108823
108825
108827
108829
108830
108831
108832
108834
108835
108836
108837
108838
108839
108840
108841
108842
108843
108844
108846
108848
108850
108853
108857
108872
108873
108874
108876
108877
108878
108879
108880
108881
108882
108883
108884
108885
108886
108887
108888
108889
108890
108891
108892
108893
108894
108895
108896
108897
108898
108899
108900
108901
108902
108903
108904
108905
108906
108909
108913
108921
108922
108923
108924
108925
108926
108927
108928
108930
108931
108932
108934
108942
108943
108944
108945
108946
108947
108948
108951
108955
108963
108967
108970
108971
108972
108973
108974
108975
108976
108984
108985
108986
108987
108988
108989
108990
108993
108994
108997
109019
109020
109021
109022
109023
109024
109025
109047
109048
109049
109050
109051
109052
109053
109054
109055
109056
109057
109058
109059
109060
109075
109076
109077
109078
109079
109080
109081
109082
109083
109084
109085
109086
109087
109088
109089
109090
109091
109092
109093
109094
109095
109097
109098
109099
109101
109102
109110
109111
109112
109113
109114
109115
109116
109117
109118
109119
109120
109121
109122
109123
109127
109145
109146
109147
109148
109149
109150
109151
109159
109160
109162
109163
109164
109166
109167
109168
109169
109170
109171
109172
109173
109174
109175
109176
109177
109178
109179
109187
109188
109190
109191
109192
109194
109195
109196
109197
109198
109199
109200
109201
109202
109203
109204
109205
109206
109207
109222
109223
109224
109225
109226
109227
109228
109229
109230
109231
109232
109233
109234
109235
109237
109238
109239
109241
109242
109313
109315
109317
109319
109320
109321
109322
109324
109325
109326
109327
109328
109329
109330
109331
109332
109333
109334
109336
109338
109340
109343
109347
109362
109363
109364
109366
109367
109368
109369
109370
109371
109372
109373
109374
109375
109376
109377
109378
109379
109380
109381
109382
109383
109384
109385
109386
109387
109388
109389
109390
109391
109392
109393
109394
109395
109396
109397
109398
109399
109400
109401
109402
109403
109406
109410
109418
109419
109420
109421
109422
109423
109424
109425
109426
109427
109428
109429
109430
109431
109432
109433
109434
109435
109436
109437
109438
109439
109440
109441
109442
109443
109444
109445
109446
109447
109448
109449
109450
109451
109452
109453
109454
109455
109456
109457
109458
109459
109460
109461
109462
109463
109464
109465
109466
109467
109468
109469
109470
109471
109472
109473
109474
109475
109476
109477
109478
109479
109480
109481
109483
109484
109485
109487
109495
109496
109497
109498
109499
109500
109501
109502
109503
109504
109505
109506
109507
109508
109509
109510
109511
109512
109513
109514
109515
109516
109517
109518
109519
109520
109521
109522
109523
109524
109525
109526
109527
109528
109529
109530
109531
109532
109533
109534
109535
109536
109537
109538
109539
109540
109541
109542
109543
109544
109545
109546
109547
109548
109549
109550
109551
109552
109553
109554
109555
109556
109557
109558
109559
109560
109561
109562
109563
109564
109565
109566
109567
109568
109569
109570
109571
109574
109578
109586
109590
109593
109594
109595
109596
109597
109598
109599
109600
109601
109602
109603
109604
109605
109606
109607
109608
109609
109610
109611
109612
109613
109614
109615
109616
109617
109618
109619
109620
109621
109622
109623
109624
109625
109626
109627
109628
109629
109630
109631
109632
109633
109634
109635
109636
109637
109638
109639
109640
109641
109642
109643
109644
109645
109646
109647
109648
109649
109650
109651
109652
109653
109654
109655
109656
109657
109658
109659
109660
109661
109662
109663
109664
109665
109666
109667
109668
109669
109670
109671
109672
109673
109674
109675
109676
109684
109685
109686
109687
109688
109689
109690
109691
109692
109693
109694
109695
109696
109697
109698
109699
109700
109701
109702
109703
109704
109705
109706
109707
109708
109709
109710
109711
109712
109713
109714
109715
109716
109717
109718
109719
109720
109721
109722
109723
109724
109725
109726
109727
109728
109729
109730
109731
109732
109733
109734
109735
109736
109737
109738
109739
109740
109741
109742
109743
109744
109745
109746
109747
109748
109749
109750
109751
109752
109753
109754
109755
109756
109757
109758
109759
109760
109761
109762
109763
109764
109765
109766
109767
109768
109769
109770
109771
109772
109773
109774
109777
109778
109781
109803
109804
109805
109806
109807
109808
109809
109810
109811
109812
109813
109814
109815
109816
109817
109818
109819
109820
109821
109822
109823
109824
109825
109826
109827
109828
109829
109830
109831
109832
109833
109834
109835
109836
109837
109838
109839
109840
109841
109842
109843
109844
109845
109846
109847
109848
109849
109850
109851
109852
109853
109854
109855
109856
109857
109858
109859
109860
109861
109862
109863
109864
109865
109866
109867
109868
109869
109870
109871
109872
109873
109874
109875
109876
109877
109878
109879
109880
109881
109882
109883
109884
109885
109886
109887
109888
109889
109890
109891
109892
109893
109915
109916
109917
109918
109919
109920
109921
109922
109923
109924
109925
109926
109927
109928
109929
109930
109931
109932
109933
109934
109935
109936
109937
109938
109939
109940
109941
109942
109943
109944
109945
109946
109947
109948
109949
109950
109951
109952
109953
109954
109955
109956
109957
109958
109959
109960
109961
109962
109963
109964
109965
109966
109967
109968
109969
109970
109971
109972
109973
109974
109975
109976
109977
109978
109979
109980
109981
109982
109983
109984
109985
109986
109987
109988
109989
109990
109991
109992
109993
109994
109995
109996
109997
109998
109999
110000
110001
110002
110003
110004
110005
110006
110007
110008
110009
110010
110011
110012
110027
110028
110029
110030
110031
110032
110033
110034
110035
110036
110037
110038
110039
110040
110041
110042
110043
110044
110045
110046
110047
110048
110049
110050
110051
110052
110053
110054
110055
110056
110057
110058
110059
110060
110061
110062
110063
110064
110065
110066
110067
110068
110069
110070
110071
110072
110073
110074
110075
110076
110077
110078
110079
110080
110081
110082
110083
110084
110085
110086
110087
110088
110089
110090
110091
110092
110093
110094
110095
110096
110097
110098
110099
110100
110101
110102
110103
110104
110105
110106
110107
110108
110109
110110
110111
110112
110113
110114
110115
110116
110117
110118
110119
110120
110121
110122
110123
110124
110125
110126
110127
110128
110129
110130
110131
110132
110133
110134
110135
110136
110137
110138
110139
110140
110141
110142
110143
110144
110145
110146
110147
110148
110149
110150
110151
110152
110153
110154
110155
110156
110157
110158
110159
110160
110161
110162
110163
110164
110165
110166
110167
110168
110169
110170
110171
110172
110173
110174
110175
110176
110177
110178
110179
110180
110181
110182
110183
110184
110185
110186
110187
110188
110189
110190
110191
110192
110193
110194
110195
110196
110197
110198
110199
110200
110201
110202
110203
110204
110205
110206
110207
110208
110210
110211
110212
110214
110215
110223
110224
110225
110226
110227
110228
110229
110230
110231
110232
110233
110234
110235
110236
110237
110238
110239
110240
110241
110242
110243
110244
110245
110246
110247
110248
110249
110250
110251
110252
110253
110254
110255
110256
110257
110258
110259
110260
110261
110262
110263
110264
110265
110266
110267
110268
110269
110270
110271
110272
110273
110274
110275
110276
110277
110278
110279
110280
110281
110282
110283
110284
110285
110286
110287
110288
110289
110290
110291
110292
110293
110294
110295
110296
110297
110298
110299
110300
110301
110302
110303
110304
110305
110306
110307
110308
110309
110310
110311
110312
110313
110317
110335
110336
110337
110338
110339
110340
110341
110342
110343
110344
110345
110346
110347
110348
110349
110350
110351
110352
110353
110354
110355
110356
110357
110358
110359
110360
110361
110362
110363
110364
110365
110366
110367
110368
110369
110370
110371
110372
110373
110374
110375
110376
110377
110378
110379
110380
110381
110382
110383
110384
110385
110386
110387
110388
110389
110390
110391
110392
110393
110394
110395
110396
110397
110398
110399
110400
110401
110402
110403
110404
110405
110406
110407
110408
110409
110410
110411
110419
110420
110422
110423
110424
110426
110427
110428
110429
110430
110431
110432
110433
110434
110435
110436
110437
110438
110439
110440
110441
110442
110443
110444
110445
110446
110447
110448
110449
110450
110451
110452
110453
110454
110455
110456
110457
110458
110459
110460
110461
110462
110463
110464
110465
110466
110467
110468
110469
110470
110471
110472
110473
110474
110475
110476
110477
110478
110479
110480
110481
110489
110490
110492
110493
110494
110496
110497
110498
110499
110500
110501
110502
110503
110504
110505
110506
110507
110508
110509
110510
110511
110512
110513
110514
110515
110516
110517
110518
110519
110520
110521
110522
110523
110538
110539
110540
110541
110542
110543
110544
110545
110546
110547
110548
110549
110550
110551
110553
110554
110555
110557
110558
110608
110609
110610
110611
110612
110613
110614
110615
110616
110617
110618
110619
110620
110621
110622
110623
110624
110625
110626
110627
110628
110629
110630
110631
110632
110633
110634
110635
110636
110637
110638
110639
110640
110641
110642
110643
110644
110645
110646
110647
110648
110649
110650
110651
110652
110653
110654
110655
110656
110657
110658
110659
110660
110661
110662
110663
110664
110665
110666
110667
110668
110669
110670
110671
110672
110673
110674
110675
110676
110677
110678
110679
110680
110681
110682
110683
110684
110685
110686
110687
110688
110689
110690
110691
110692
110693
110694
110695
110696
110697
110698
110699
110700
110701
110702
110703
110704
110705
110706
110707
110708
110709
110710
110711
110712
110713
110714
110715
110716
110717
110718
110719
110720
110721
110722
110723
110724
110725
110726
110727
110728
110729
110730
110731
110732
110733
110734
110735
110736
110737
110738
110739
110740
110741
110742
110743
110744
110745
110746
110747
110748
110749
110750
110751
110752
110753
110754
110755
110756
110757
110758
110759
110760
110761
110762
110763
110764
110765
110766
110767
110768
110769
110770
110771
110772
110773
110774
110775
110776
110777
110778
110779
110780
110781
110782
110783
110784
110785
110786
110787
110788
110789
110790
110791
110792
110793
110794
110795
110796
110797
110798
110799
110800
110801
110802
110803
110804
110805
110806
110807
110808
110809
110810
110811
110812
110813
110814
110815
110816
110817
110818
110819
110820
110821
110822
110823
110824
110825
110826
110827
110828
110829
110830
110831
110832
110833
110834
110835
110836
110837
110838
110839
110840
110841
110842
110843
110844
110845
110846
110847
110848
110849
110850
110851
110852
110853
110854
110855
110856
110857
110858
110859
110860
110861
110862
110863
110864
110865
110866
110867
110868
110869
110870
110871
110872
110873
110874
110875
110876
110877
110878
110879
110880
110881
110882
110883
110884
110885
110886
110887
110888
110889
110890
110891
110892
110893
110894
110895
110896
110897
110898
110899
110900
110901
110902
110903
110904
110905
110906
110907
110908
110909
110910
110911
110912
110913
110914
110915
110916
110917
110918
110919
110920
110921
110922
110923
110924
110925
110926
110927
110928
110929
110930
110931
110932
110933
110934
110935
110936
110937
110938
110939
110940
110941
110942
110943
110944
110945
110946
110947
110948
110949
110950
110951
110952
110953
110954
110955
110956
110957
110958
110959
110960
110961
110962
110963
110964
110965
110966
110967
110968
110969
110970
110971
110972
110973
110974
110975
110976
110977
110978
110979
110980
110981
110982
110983
110984
110985
110986
110987
110988
110989
110990
110991
110992
110993
110994
110995
110996
110997
110998
110999
111000
111001
111002
111003
111004
111005
111006
111007
111008
111009
111010
111011
111012
111013
111014
111015
111016
111017
111018
111019
111020
111021
111022
111023
111024
111025
111026
111027
111028
111029
111030
111031
111032
111033
111034
111035
111036
111037
111038
111039
111040
111041
111042
111043
111044
111045
111046
111047
111048
111049
111050
111051
111052
111053
111054
111055
111056
111057
111058
111059
111060
111061
111062
111063
111064
111065
111066
111067
111068
111069
111070
111071
111072
111073
111074
111075
111076
111077
111078
111079
111080
111081
111082
111083
111084
111085
111086
111087
111088
111089
111090
111091
111092
111093
111094
111095
111096
111097
111098
111099
111100
111101
111102
111103
111104
111105
111106
111107
111108
111109
111110
111111
111112
111113
111114
111115
111116
111117
111118
111119
111120
111121
111122
111123
111124
111125
111126
111127
111128
111129
111130
111131
111132
111133
111134
111135
111136
111137
111138
111139
111140
111141
111142
111143
111144
111145
111146
111147
111148
111149
111150
111151
111152
111153
111154
111155
111156
111157
111158
111159
111160
111161
111162
111163
111164
111165
111166
111167
111168
111169
111170
111171
111172
111173
111174
111175
111176
111177
111178
111179
111180
111181
111182
111183
111184
111185
111186
111187
111188
111189
111190
111191
111192
111193
111194
111195
111196
111197
111198
111199
111200
111201
111202
111203
111204
111205
111206
111207
111208
111209
111210
111211
111212
111213
111214
111215
111216
111217
111218
111219
111220
111221
111222
111223
111224
111225
111226
111227
111228
111229
111230
111231
111232
111233
111234
111235
111236
111237
111238
111239
111240
111241
111242
111243
111244
111245
111246
111247
111248
111249
111250
111251
111252
111253
111254
111255
111256
111257
111258
111259
111260
111261
111262
111263
111264
111265
111266
111267
111268
111269
111270
111271
111272
111273
111274
111275
111276
111277
111278
111279
111280
111281
111282
111283
111284
111285
111286
111287
111288
111289
111290
111291
111292
111293
111294
111295
111296
111297
111298
111299
111300
111301
111302
111303
111304
111305
111306
111307
111308
111309
111310
111311
111312
111313
111314
111315
111316
111317
111318
111319
111320
111321
111322
111323
111324
111325
111326
111327
111328
111329
111330
111331
111332
111333
111334
111335
111336
111337
111338
111339
111340
111341
111342
111343
111344
111345
111346
111347
111348
111349
111350
111351
111352
111353
111354
111355
111356
111357
111358
111359
111360
111361
111362
111363
111364
111365
111366
111367
111368
111369
111370
111371
111372
111373
111374
111375
111376
111377
111378
111379
111380
111381
111382
111383
111384
111385
111386
111387
111388
111389
111390
111391
111392
111393
111394
111395
111396
111397
111398
111399
111400
111401
111402
111403
111404
111405
111406
111407
111408
111409
111410
111411
111412
111413
111414
111415
111416
111417
111418
111419
111420
111421
111422
111423
111424
111425
111426
111427
111428
111429
111430
111431
111432
111433
111434
111435
111436
111437
111438
111439
111440
111441
111442
111443
111444
111445
111446
111447
111448
111449
111450
111451
111452
111453
111454
111455
111456
111457
111458
111459
111460
111461
111462
111463
111464
111465
111466
111467
111468
111469
111470
111471
111472
111473
111474
111475
111476
111477
111478
111479
111480
111481
111482
111483
111484
111485
111486
111487
111488
111489
111490
111491
111492
111493
111494
111495
111496
111497
111498
111499
111500
111501
111502
111503
111504
111505
111506
111507
111508
111509
111510
159023
159024
159025
159026
159027
159028
159029
159030
159032
159034
159036
159037
159038
159039
159040
159041
159042
159043
159044
159047
159049
159050
159051
159054
159056
159057
159058
159059
159060
159061
159062
159063
159064
159072
159073
159074
159075
159076
159077
159078
159079
159080
159081
159082
159083
159084
159085
159089
159091
159100
159101
159102
159103
159104
159105
159106
159107
159108
159109
159110
159111
159112
159113
159116
159117
159120
159129
159131
159133
159205
159206
159207
159208
159209
159210
159211
159212
159213
159214
159215
159216
159217
159218
159219
159220
159221
159222
159223
159224
159225
159233
159234
159235
159236
159237
159238
159239
159240
159242
159243
159244
159246
159250
159252
159261
159262
159263
159264
159265
159266
159267
159268
159269
159271
159273
159274
159345
159347
159348
159349
159351
159352
159353
159355
159357
159358
159366
159367
159369
159371
159372
159437
159439
159441
159444
159445
159447
161081
161083
161084
161085
161086
161087
161088
161089
161090
161091
161092
161093
161094
161095
161096
161097
161098
161099
161100
161101
161102
161103
161104
161105
161106
161107
161108
161109
161110
161111
161112
161113
161114
161115
161116
161118
161120
161122
161123
161124
161125
161126
161127
161128
161129
161130
161133
161135
161136
161137
161140
161142
161143
161144
161145
161146
161147
161148
161149
161150
161158
161159
161160
161161
161162
161163
161164
161165
161166
161167
161168
161169
161170
161171
161175
161177
161186
161187
161188
161189
161190
161191
161192
161193
161194
161195
161196
161197
161198
161199
161202
161203
161206
161215
161217
161219
161291
161292
161293
161294
161295
161296
161297
161298
161299
161300
161301
161302
161303
161304
161305
161306
161307
161308
161309
161310
161311
161319
161320
161321
161322
161323
161324
161325
161326
161328
161329
161330
161332
161336
161338
161347
161348
161349
161350
161351
161352
161353
161354
161355
161357
161359
161360
161431
161433
161434
161435
161437
161438
161439
161441
161443
161444
161452
161453
161455
161457
161458
161522
161523
161524
161525
161526
161527
161528
161529
161530
161531
161532
161533
161534
161535
161536
161537
161538
161539
161540
161541
161542
161553
161555
161557
161558
161559
161560
161561
161562
161563
161620
161621
161624
161625
161627
161628
161629
161630
161631
161632
161633
161634
161636
161638
161640
161641
161642
161643
161644
161645
161646
161647
161718
161719
161720
161721
161722
161723
161724
161725
161726
161727
161728
161729
161730
161731
161747
161749
161751
161754
161755
161757
161837
161838
161839
161840
161841
161842
161843
161851
161852
161853
161854
161855
161856
161857
163125
163127
163129
163131
163132
163133
163134
163135
163136
163137
163138
163139
163142
163144
163145
163146
163149
163151
163152
163153
163154
163155
163156
163157
163158
163159
163160
163161
163162
163163
163164
163165
163166
163167
163169
163170
163171
163172
163173
163174
163175
163176
163177
163178
163179
163180
163181
163182
163183
163184
163185
163186
163187
163188
163189
163190
163191
163192
163193
163194
163195
163196
163197
163198
163199
163200
163201
163202
163204
163206
163208
163209
163210
163211
163212
163213
163214
163215
163216
163219
163221
163222
163223
163226
163228
163229
163230
163231
163232
163233
163234
163235
163236
163244
163245
163246
163247
163248
163249
163250
163251
163252
163253
163254
163255
163256
163257
163261
163263
163272
163273
163274
163275
163276
163277
163278
163279
163280
163281
163282
163283
163284
163285
163288
163289
163292
163301
163303
163305
163377
163378
163379
163380
163381
163382
163383
163384
163385
163386
163387
163388
163389
163390
163391
163392
163393
163394
163395
163396
163397
163405
163406
163407
163408
163409
163410
163411
163412
163414
163415
163416
163418
163422
163424
163433
163434
163435
163436
163437
163438
163439
163440
163441
163443
163445
163446
163517
163519
163520
163521
163523
163524
163525
163527
163529
163530
163538
163539
163541
163543
163544
163608
163609
163610
163611
163612
163613
163614
163615
163616
163617
163618
163619
163620
163621
163622
163623
163624
163625
163626
163627
163628
163639
163641
163643
163644
163645
163646
163647
163648
163649
163706
163707
163710
163711
163713
163714
163715
163716
163717
163718
163719
163720
163722
163724
163726
163727
163728
163729
163730
163731
163732
163733
163804
163805
163806
163807
163808
163809
163810
163811
163812
163813
163814
163815
163816
163817
163819
163821
163823
163833
163835
163837
163840
163841
163843
163909
163910
163911
163912
163913
163914
163915
163923
163924
163925
163926
163927
163928
163929
163937
163938
163939
163940
163941
163942
163943
164007
164008
164009
164010
164011
164012
164013
164021
164022
164023
164024
164025
164026
164027
164035
164036
164037
164038
164039
164040
164041
164119
164120
164121
164122
164123
164124
164125
164133
164134
164135
164136
164137
164138
164139
164203
164204
164205
164206
164207
164208
164209
164225
164226
164227
164228
164229
164239
164240
164242
164308
164309
164310
164311
164312
164313
164314
164315
164317
164318
164319
164320
164321
164330
164414
164415
164417
164422
164424
165144
165156
165169
165171
165172
165173
165175
165176
165177
165178
165179
165180
165181
165182
165197
165198
165200
165202
165203
165204
165205
165206
165207
165208
165209
165210
165211
165213
165215
165217
165218
165219
165220
165221
165222
165223
165224
165225
165228
165230
165231
165232
165235
165237
165238
165239
165240
165241
165242
165243
165244
165245
165246
165247
165248
165249
165250
165251
165252
165253
165255
165256
165257
165258
165259
165260
165261
165262
165263
165264
165265
165266
165267
165268
165269
165270
165271
165272
165273
165274
165275
165276
165277
165278
165279
165280
165281
165282
165283
165284
165285
165286
165287
165288
165290
165292
165294
165295
165296
165297
165298
165299
165300
165301
165302
165305
165307
165308
165309
165312
165314
165315
165316
165317
165318
165319
165320
165321
165322
165330
165331
165332
165333
165334
165335
165336
165337
165338
165339
165340
165341
165342
165343
165347
165349
165358
165359
165360
165361
165362
165363
165364
165365
165366
165367
165368
165369
165370
165371
165374
165375
165378
165387
165389
165391
165402
165406
165409
165413
165414
165415
165416
165417
165418
165419
165420
165424
165426
165431
165433
165435
165436
165437
165438
165439
165440
165441
165442
165443
165444
165445
165446
165447
165448
165449
165451
165452
165453
165454
165455
165456
165457
165458
165459
165460
165461
165462
165463
165464
165465
165466
165467
165468
165469
165470
165471
165472
165473
165474
165475
165476
165477
165478
165479
165480
165481
165482
165483
165491
165492
165493
165494
165495
165496
165497
165498
165500
165501
165502
165504
165508
165510
165519
165520
165521
165522
165523
165524
165525
165526
165527
165529
165531
165532
165549
165553
165556
165560
165561
165562
165563
165564
165565
165566
165567
165571
165573
165578
165580
165582
165583
165584
165585
165586
165587
165588
165589
165590
165591
165592
165593
165594
165595
165603
165605
165606
165607
165609
165610
165611
165613
165615
165616
165624
165625
165627
165629
165630
165647
165651
165660
165661
165662
165664
165665
165669
165671
165681
165682
165683
165684
165685
165687
165688
165689
165690
165691
165692
165693
165694
165695
165696
165697
165698
165699
165700
165701
165702
165703
165704
165705
165706
165707
165708
165709
165710
165711
165712
165713
165714
165725
165727
165729
165730
165731
165732
165733
165734
165735
165758
165760
165762
165771
165777
165778
165779
165780
165781
165782
165783
165784
165785
165786
165788
165790
165791
165792
165793
165796
165797
165799
165800
165801
165802
165803
165804
165805
165806
165808
165810
165812
165813
165814
165815
165816
165817
165818
165819
165863
165864
165866
165876
165877
165878
165879
165880
165881
165882
165883
165884
165885
165886
165887
165888
165889
165890
165891
165892
165893
165894
165895
165896
165897
165898
165899
165900
165901
165902
165903
165905
165907
165909
165919
165921
165923
165926
165927
165929
165968
165970
165972
165982
165983
165984
165985
165986
165995
165996
165997
165998
165999
166000
166001
166009
166010
166011
166012
166013
166014
166015
166023
166024
166025
166026
166027
166028
166029
166065
166066
166067
166068
166069
166070
166071
166079
166080
166081
166082
166083
166084
166085
166093
166094
166095
166096
166097
166098
166099
166107
166108
166109
166110
166111
166112
166113
166121
166122
166123
166124
166125
166126
166127
166191
166192
166193
166194
166195
166196
166197
166205
166206
166207
166208
166209
166210
166211
166219
166220
166221
166222
166223
166224
166225
166282
166283
166284
166285
166286
166287
166288
166289
166290
166291
166292
166293
166294
166295
166304
166306
166308
166311
166312
166313
166314
166315
166325
166326
166328
166380
166381
166382
166383
166384
166385
166386
166387
166388
166389
166391
166392
166393
166394
166395
166396
166397
166398
166399
166400
166401
166403
166404
166405
166406
166407
166416
166479
166483
166485
166486
166488
166489
166490
166499
166500
166501
166502
166503
166504
166505
166508
166510
166513
166514
166515
166517
166519
166576
166577
166579
166580
166581
166583
166584
166585
166586
166587
166588
166589
166597
166598
166599
166601
166603
166604
166605
166606
166607
166608
166609
166610
166702
166703
166704
166705
166706
166707
166708
166709
166710
166711
166712
166713
166714
166715
166716
166717
166719
166720
166721
166723
166724
166726
166727
166728
166737
166738
166739
166741
166743
166744
166745
166746
166748
166750
166828
166829
166830
166831
166832
166833
166834
166842
166844
166846
166848
166863
166865
166867
166869
166870
166871
166872
166873
166874
166875
166876
166877
166878
166879
166880
166881
166882
166883
166884
166885
166886
166887
166888
166889
166890
166891
166892
166893
166894
166895
166896
166897
166898
166899
166900
166901
166902
166903
166904
166905
166906
166907
166908
166909
166910
166911
166912
166913
166914
166915
166916
166917
166918
166919
166920
166921
166922
166923
166924
166925
166926
166927
166928
166929
166930
166931
166932
166933
166934
166935
166936
166937
166938
166939
166940
166941
166942
166944
166945
166946
166947
166948
166949
166950
166951
166952
166953
166954
166956
166957
166958
166959
166960
166961
166962
166963
166964
166965
166966
166967
166968
166969
166972
166973
166975
166979
166982
166983
166984
166985
166986
166987
166988
166989
166990
166991
166992
166993
166994
166995
166996
166998
167000
167002
167003
167009
167011
167015
167025
167026
167027
167028
167029
167033
167035
167230
167242
167255
167257
167258
167259
167261
167262
167263
167264
167265
167266
167267
167268
167283
167284
167286
167288
167289
167290
167291
167292
167293
167294
167295
167296
167297
167299
167301
167303
167304
167305
167306
167307
167308
167309
167310
167311
167314
167316
167317
167318
167321
167323
167324
167325
167326
167327
167328
167329
167330
167331
167332
167333
167334
167335
167336
167337
167338
167339
167341
167342
167343
167344
167345
167346
167347
167348
167349
167350
167351
167352
167353
167354
167355
167356
167357
167358
167359
167360
167361
167362
167363
167364
167365
167366
167367
167368
167369
167370
167371
167372
167373
167374
167376
167378
167380
167381
167382
167383
167384
167385
167386
167387
167388
167391
167393
167394
167395
167398
167400
167401
167402
167403
167404
167405
167406
167407
167408
167416
167417
167418
167419
167420
167421
167422
167423
167424
167425
167426
167427
167428
167429
167433
167435
167444
167445
167446
167447
167448
167449
167450
167451
167452
167453
167454
167455
167456
167457
167460
167461
167464
167473
167475
167477
167488
167492
167495
167499
167500
167501
167502
167503
167504
167505
167506
167510
167512
167517
167519
167521
167522
167523
167524
167525
167526
167527
167528
167529
167530
167531
167532
167533
167534
167535
167537
167538
167539
167540
167541
167542
167543
167544
167545
167546
167547
167548
167549
167550
167551
167552
167553
167554
167555
167556
167557
167558
167559
167560
167561
167562
167563
167564
167565
167566
167567
167568
167569
167577
167578
167579
167580
167581
167582
167583
167584
167586
167587
167588
167590
167594
167596
167605
167606
167607
167608
167609
167610
167611
167612
167613
167615
167617
167618
167635
167639
167642
167646
167647
167648
167649
167650
167651
167652
167653
167657
167659
167664
167666
167668
167669
167670
167671
167672
167673
167674
167675
167676
167677
167678
167679
167680
167681
167689
167691
167692
167693
167695
167696
167697
167699
167701
167702
167710
167711
167713
167715
167716
167733
167737
167746
167747
167748
167750
167751
167755
167757
167767
167768
167769
167770
167771
167773
167774
167775
167776
167777
167778
167779
167780
167781
167782
167783
167784
167785
167786
167787
167788
167789
167790
167791
167792
167793
167794
167795
167796
167797
167798
167799
167800
167811
167813
167815
167816
167817
167818
167819
167820
167821
167843
167844
167845
167846
167847
167848
167849
167850
167852
167853
167854
167856
167857
167863
167864
167865
167866
167867
167868
167869
167870
167871
167872
167874
167876
167877
167878
167879
167882
167883
167885
167886
167887
167888
167889
167890
167891
167892
167894
167896
167898
167899
167900
167901
167902
167903
167904
167905
167935
167937
167939
167949
167950
167952
167955
167956
167957
167958
167959
167960
167961
167962
167963
167964
167965
167966
167967
167968
167969
167970
167971
167972
167973
167974
167975
167976
167977
167978
167979
167980
167981
167982
167983
167984
167985
167986
167987
167988
167989
167991
167993
167995
168005
168007
168009
168012
168013
168015
168027
168028
168031
168040
168041
168042
168044
168045
168054
168056
168058
168068
168069
168070
168071
168072
168081
168082
168083
168084
168085
168086
168087
168095
168096
168097
168098
168099
168100
168101
168109
168110
168111
168112
168113
168114
168115
168123
168124
168125
168126
168127
168128
168129
168137
168138
168139
168140
168141
168142
168143
168151
168152
168153
168154
168155
168156
168157
168165
168166
168167
168168
168169
168170
168171
168179
168180
168181
168182
168183
168184
168185
168193
168194
168195
168196
168197
168198
168199
168207
168208
168209
168210
168211
168212
168213
168221
168222
168223
168224
168225
168226
168227
168236
168238
168240
168249
168250
168251
168252
168253
168254
168255
168264
168265
168267
168277
168278
168279
168280
168281
168282
168283
168291
168292
168293
168294
168295
168296
168297
168305
168306
168307
168308
168309
168310
168311
168321
168322
168325
168327
168331
168334
168336
168338
168342
168344
168347
168348
168349
168350
168351
168352
168353
168354
168355
168356
168357
168358
168359
168360
168361
168362
168363
168364
168365
168366
168367
168368
168369
168370
168371
168372
168373
168374
168375
168376
168377
168378
168379
168380
168381
168390
168392
168394
168397
168398
168399
168400
168401
168411
168412
168414
168431
168433
168435
168437
168438
168439
168440
168441
168442
168443
168444
168445
168446
168447
168448
168449
168450
168451
168452
168455
168457
168458
168459
168460
168461
168462
168463
168464
168465
168466
168467
168468
168469
168470
168471
168472
168473
168474
168475
168477
168478
168479
168480
168481
168482
168483
168484
168485
168486
168487
168489
168490
168491
168492
168493
168502
168515
168516
168517
168518
168519
168520
168521
168523
168527
168536
168537
168538
168539
168540
168541
168542
168545
168547
168550
168551
168552
168553
168554
168555
168556
168557
168558
168559
168560
168561
168562
168563
168565
168569
168571
168572
168574
168575
168576
168585
168586
168587
168588
168589
168590
168591
168594
168596
168599
168600
168601
168603
168605
168634
168635
168637
168638
168639
168641
168642
168643
168645
168647
168655
168656
168657
168659
168661
168662
168663
168665
168666
168667
168669
168670
168671
168672
168673
168674
168675
168683
168684
168685
168687
168689
168690
168691
168692
168693
168694
168695
168696
168725
168726
168727
168728
168729
168730
168731
168740
168744
168746
168747
168748
168750
168752
168753
168754
168755
168756
168757
168758
168759
168769
168771
168774
168775
168776
168777
168778
168779
168780
168781
168782
168783
168784
168785
168786
168787
168788
168789
168790
168791
168792
168793
168794
168795
168796
168797
168798
168799
168800
168801
168802
168803
168805
168806
168807
168809
168810
168812
168813
168814
168823
168824
168825
168827
168829
168830
168831
168832
168834
168836
168852
168854
168856
168873
168874
168876
168886
168887
168888
168889
168890
168891
168892
168900
168901
168904
168905
168907
168908
168909
168910
168911
168912
168913
168914
168915
168916
168917
168918
168919
168920
168928
168930
168932
168934
168935
168936
168939
168940
168942
168943
168944
168945
168946
168947
168948
168949
168951
168953
168955
168956
168957
168958
168959
168960
168961
168962
168963
168964
168965
168966
168967
168968
168969
168970
168971
168972
168973
168974
168975
168976
168977
168978
168979
168980
168981
168982
168983
168984
168985
168986
168987
168988
168989
168990
168991
168992
168993
168994
168995
168996
168997
168998
168999
169000
169001
169002
169003
169004
169005
169006
169007
169008
169009
169010
169011
169012
169013
169014
169015
169016
169017
169018
169019
169020
169021
169022
169023
169024
169025
169026
169027
169028
169030
169031
169032
169033
169034
169035
169036
169037
169038
169039
169040
169042
169043
169044
169045
169046
169047
169048
169049
169050
169051
169052
169053
169054
169055
169058
169059
169061
169065
169068
169069
169070
169071
169072
169073
169074
169075
169076
169077
169078
169079
169080
169081
169082
169084
169086
169088
169089
169095
169097
169101
169111
169112
169113
169114
169115
169119
169121
169316
169328
169341
169343
169344
169345
169347
169348
169349
169350
169351
169352
169353
169354
169369
169370
169372
169374
169375
169376
169377
169378
169379
169380
169381
169382
169383
169385
169387
169389
169390
169391
169392
169393
169394
169395
169396
169397
169400
169402
169403
169404
169407
169409
169410
169411
169412
169413
169414
169415
169416
169417
169418
169419
169420
169421
169422
169423
169424
169425
169427
169428
169429
169430
169431
169432
169433
169434
169435
169436
169437
169438
169439
169440
169441
169442
169443
169444
169445
169446
169447
169448
169449
169450
169451
169452
169453
169454
169455
169456
169457
169458
169459
169460
169462
169464
169466
169467
169468
169469
169470
169471
169472
169473
169474
169477
169479
169480
169481
169484
169486
169487
169488
169489
169490
169491
169492
169493
169494
169502
169503
169504
169505
169506
169507
169508
169509
169510
169511
169512
169513
169514
169515
169519
169521
169530
169531
169532
169533
169534
169535
169536
169537
169538
169539
169540
169541
169542
169543
169546
169547
169550
169559
169561
169563
169574
169578
169581
169585
169586
169587
169588
169589
169590
169591
169592
169596
169598
169603
169605
169607
169608
169609
169610
169611
169612
169613
169614
169615
169616
169617
169618
169619
169620
169621
169623
169624
169625
169626
169627
169628
169629
169630
169631
169632
169633
169634
169635
169636
169637
169638
169639
169640
169641
169642
169643
169644
169645
169646
169647
169648
169649
169650
169651
169652
169653
169654
169655
169663
169664
169665
169666
169667
169668
169669
169670
169672
169673
169674
169676
169680
169682
169691
169692
169693
169694
169695
169696
169697
169698
169699
169701
169703
169704
169721
169725
169728
169732
169733
169734
169735
169736
169737
169738
169739
169743
169745
169750
169752
169754
169755
169756
169757
169758
169759
169760
169761
169762
169763
169764
169765
169766
169767
169775
169777
169778
169779
169781
169782
169783
169785
169787
169788
169796
169797
169799
169801
169802
169819
169823
169832
169833
169834
169836
169837
169841
169843
169853
169854
169855
169856
169857
169859
169860
169861
169862
169863
169864
169865
169866
169867
169868
169869
169870
169871
169872
169873
169874
169875
169876
169877
169878
169879
169880
169881
169882
169883
169884
169885
169886
169897
169899
169901
169902
169903
169904
169905
169906
169907
169929
169930
169931
169932
169933
169934
169935
169936
169938
169939
169940
169942
169943
169949
169950
169951
169952
169953
169954
169955
169956
169957
169958
169960
169962
169963
169964
169965
169968
169969
169971
169972
169973
169974
169975
169976
169977
169978
169980
169982
169984
169985
169986
169987
169988
169989
169990
169991
170021
170023
170025
170035
170036
170038
170041
170042
170043
170044
170045
170046
170047
170048
170049
170050
170051
170052
170053
170054
170055
170056
170057
170058
170059
170060
170061
170062
170063
170064
170065
170066
170067
170068
170069
170070
170071
170072
170073
170074
170075
170077
170079
170081
170091
170093
170095
170098
170099
170101
170113
170114
170117
170126
170127
170128
170130
170131
170140
170142
170144
170154
170155
170156
170157
170158
170167
170168
170169
170170
170171
170172
170173
170181
170182
170183
170184
170185
170186
170187
170195
170196
170197
170198
170199
170200
170201
170209
170210
170211
170212
170213
170214
170215
170223
170224
170225
170226
170227
170228
170229
170237
170238
170239
170240
170241
170242
170243
170251
170252
170253
170254
170255
170256
170257
170265
170266
170267
170268
170269
170270
170271
170279
170280
170281
170282
170283
170284
170285
170293
170294
170295
170296
170297
170298
170299
170307
170308
170309
170310
170311
170312
170313
170322
170324
170326
170335
170336
170337
170338
170339
170340
170341
170350
170351
170353
170363
170364
170365
170366
170367
170368
170369
170377
170378
170379
170380
170381
170382
170383
170391
170392
170393
170394
170395
170396
170397
170407
170408
170411
170413
170417
170420
170422
170424
170428
170430
170433
170434
170435
170436
170437
170438
170439
170440
170441
170442
170443
170444
170445
170446
170447
170448
170449
170450
170451
170452
170453
170454
170455
170456
170457
170458
170459
170460
170461
170462
170463
170464
170465
170466
170467
170476
170478
170480
170483
170484
170485
170486
170487
170497
170498
170500
170517
170519
170521
170523
170524
170525
170526
170527
170528
170529
170530
170531
170532
170533
170534
170535
170536
170537
170538
170541
170543
170544
170545
170546
170547
170548
170549
170550
170551
170552
170553
170554
170555
170556
170557
170558
170559
170560
170561
170563
170564
170565
170566
170567
170568
170569
170570
170571
170572
170573
170575
170576
170577
170578
170579
170588
170601
170602
170603
170604
170605
170606
170607
170609
170613
170622
170623
170624
170625
170626
170627
170628
170631
170633
170636
170637
170638
170639
170640
170641
170642
170643
170644
170645
170646
170647
170648
170649
170651
170655
170657
170658
170660
170661
170662
170671
170672
170673
170674
170675
170676
170677
170680
170682
170685
170686
170687
170689
170691
170720
170721
170723
170724
170725
170727
170728
170729
170731
170733
170741
170742
170743
170745
170747
170748
170749
170751
170752
170753
170755
170756
170757
170758
170759
170760
170761
170769
170770
170771
170773
170775
170776
170777
170778
170779
170780
170781
170782
170811
170812
170813
170814
170815
170816
170817
170826
170830
170832
170833
170834
170836
170838
170839
170840
170841
170842
170843
170844
170845
170855
170857
170860
170861
170862
170863
170864
170865
170866
170867
170868
170869
170870
170871
170872
170873
170874
170875
170876
170877
170878
170879
170880
170881
170882
170883
170884
170885
170886
170887
170888
170889
170891
170892
170893
170895
170896
170898
170899
170900
170909
170910
170911
170913
170915
170916
170917
170918
170920
170922
170938
170940
170942
170959
170960
170962
170972
170973
170974
170975
170976
170977
170978
170986
170987
170990
170991
170993
170994
170995
170996
170997
170998
170999
171000
171001
171002
171003
171004
171005
171006
171014
171016
171018
171020
171021
171022
171025
171026
171028
171029
171030
171031
171032
171033
171034
171035
171037
171039
171041
171042
171043
171044
171045
171046
171047
171048
171049
171050
171051
171052
171053
171054
171055
171056
171057
171058
171059
171060
171061
171062
171063
171064
171065
171066
171067
171068
171069
171070
171071
171072
171073
171074
171075
171076
171077
171078
171079
171080
171081
171082
171083
171084
171085
171086
171087
171088
171089
171090
171091
171092
171093
171094
171095
171096
171097
171098
171099
171100
171101
171102
171103
171104
171105
171106
171107
171108
171109
171110
171111
171112
171113
171114
171116
171117
171118
171119
171120
171121
171122
171123
171124
171125
171126
171128
171129
171130
171131
171132
171133
171134
171135
171136
171137
171138
171139
171140
171141
171144
171145
171147
171151
171154
171155
171156
171157
171158
171159
171160
171161
171162
171163
171164
171165
171166
171167
171168
171170
171172
171174
171175
171181
171183
171187
171197
171198
171199
171200
171201
171205
171207
171402
171414
171427
171429
171430
171431
171433
171434
171435
171436
171437
171438
171439
171440
171455
171456
171458
171460
171461
171462
171463
171464
171465
171466
171467
171468
171469
171471
171473
171475
171476
171477
171478
171479
171480
171481
171482
171483
171486
171488
171489
171490
171493
171495
171496
171497
171498
171499
171500
171501
171502
171503
171504
171505
171506
171507
171508
171509
171510
171511
171513
171514
171515
171516
171517
171518
171519
171520
171521
171522
171523
171524
171525
171526
171527
171528
171529
171530
171531
171532
171533
171534
171535
171536
171537
171538
171539
171540
171541
171542
171543
171544
171545
171546
171548
171550
171552
171553
171554
171555
171556
171557
171558
171559
171560
171563
171565
171566
171567
171570
171572
171573
171574
171575
171576
171577
171578
171579
171580
171588
171589
171590
171591
171592
171593
171594
171595
171596
171597
171598
171599
171600
171601
171605
171607
171616
171617
171618
171619
171620
171621
171622
171623
171624
171625
171626
171627
171628
171629
171632
171633
171636
171645
171647
171649
171660
171664
171667
171671
171672
171673
171674
171675
171676
171677
171678
171682
171684
171689
171691
171693
171694
171695
171696
171697
171698
171699
171700
171701
171702
171703
171704
171705
171706
171707
171709
171710
171711
171712
171713
171714
171715
171716
171717
171718
171719
171720
171721
171722
171723
171724
171725
171726
171727
171728
171729
171730
171731
171732
171733
171734
171735
171736
171737
171738
171739
171740
171741
171749
171750
171751
171752
171753
171754
171755
171756
171758
171759
171760
171762
171766
171768
171777
171778
171779
171780
171781
171782
171783
171784
171785
171787
171789
171790
171807
171811
171814
171818
171819
171820
171821
171822
171823
171824
171825
171829
171831
171836
171838
171840
171841
171842
171843
171844
171845
171846
171847
171848
171849
171850
171851
171852
171853
171861
171863
171864
171865
171867
171868
171869
171871
171873
171874
171882
171883
171885
171887
171888
171905
171909
171918
171919
171920
171922
171923
171927
171929
171939
171940
171941
171942
171943
171945
171946
171947
171948
171949
171950
171951
171952
171953
171954
171955
171956
171957
171958
171959
171960
171961
171962
171963
171964
171965
171966
171967
171968
171969
171970
171971
171972
171983
171985
171987
171988
171989
171990
171991
171992
171993
172015
172016
172017
172018
172019
172020
172021
172022
172024
172025
172026
172028
172029
172035
172036
172037
172038
172039
172040
172041
172042
172043
172044
172046
172048
172049
172050
172051
172054
172055
172057
172058
172059
172060
172061
172062
172063
172064
172066
172068
172070
172071
172072
172073
172074
172075
172076
172077
172107
172109
172111
172121
172122
172124
172127
172128
172129
172130
172131
172132
172133
172134
172135
172136
172137
172138
172139
172140
172141
172142
172143
172144
172145
172146
172147
172148
172149
172150
172151
172152
172153
172154
172155
172156
172157
172158
172159
172160
172161
172163
172165
172167
172177
172179
172181
172184
172185
172187
172199
172200
172203
172212
172213
172214
172216
172217
172226
172228
172230
172240
172241
172242
172243
172244
172253
172254
172255
172256
172257
172258
172259
172267
172268
172269
172270
172271
172272
172273
172281
172282
172283
172284
172285
172286
172287
172295
172296
172297
172298
172299
172300
172301
172309
172310
172311
172312
172313
172314
172315
172323
172324
172325
172326
172327
172328
172329
172337
172338
172339
172340
172341
172342
172343
172351
172352
172353
172354
172355
172356
172357
172365
172366
172367
172368
172369
172370
172371
172379
172380
172381
172382
172383
172384
172385
172393
172394
172395
172396
172397
172398
172399
172408
172410
172412
172421
172422
172423
172424
172425
172426
172427
172436
172437
172439
172449
172450
172451
172452
172453
172454
172455
172463
172464
172465
172466
172467
172468
172469
172477
172478
172479
172480
172481
172482
172483
172493
172494
172497
172499
172503
172506
172508
172510
172514
172516
172519
172520
172521
172522
172523
172524
172525
172526
172527
172528
172529
172530
172531
172532
172533
172534
172535
172536
172537
172538
172539
172540
172541
172542
172543
172544
172545
172546
172547
172548
172549
172550
172551
172552
172553
172562
172564
172566
172569
172570
172571
172572
172573
172583
172584
172586
172603
172605
172607
172609
172610
172611
172612
172613
172614
172615
172616
172617
172618
172619
172620
172621
172622
172623
172624
172627
172629
172630
172631
172632
172633
172634
172635
172636
172637
172638
172639
172640
172641
172642
172643
172644
172645
172646
172647
172649
172650
172651
172652
172653
172654
172655
172656
172657
172658
172659
172661
172662
172663
172664
172665
172674
172687
172688
172689
172690
172691
172692
172693
172695
172699
172708
172709
172710
172711
172712
172713
172714
172717
172719
172722
172723
172724
172725
172726
172727
172728
172729
172730
172731
172732
172733
172734
172735
172737
172741
172743
172744
172746
172747
172748
172757
172758
172759
172760
172761
172762
172763
172766
172768
172771
172772
172773
172775
172777
172806
172807
172809
172810
172811
172813
172814
172815
172817
172819
172827
172828
172829
172831
172833
172834
172835
172837
172838
172839
172841
172842
172843
172844
172845
172846
172847
172855
172856
172857
172859
172861
172862
172863
172864
172865
172866
172867
172868
172897
172898
172899
172900
172901
172902
172903
172912
172916
172918
172919
172920
172922
172924
172925
172926
172927
172928
172929
172930
172931
172941
172943
172946
172947
172948
172949
172950
172951
172952
172953
172954
172955
172956
172957
172958
172959
172960
172961
172962
172963
172964
172965
172966
172967
172968
172969
172970
172971
172972
172973
172974
172975
172977
172978
172979
172981
172982
172984
172985
172986
172995
172996
172997
172999
173001
173002
173003
173004
173006
173008
173024
173026
173028
173045
173046
173048
173058
173059
173060
173061
173062
173063
173064
173072
173073
173076
173077
173079
173080
173081
173082
173083
173084
173085
173086
173087
173088
173089
173090
173091
173092
173100
173102
173104
173106
173107
173108
173111
173112
173114
173115
173116
173117
173118
173119
173120
173121
173123
173125
173127
173128
173129
173130
173131
173132
173133
173134
173135
173136
173137
173138
173139
173140
173141
173142
173143
173144
173145
173146
173147
173148
173149
173150
173151
173152
173153
173154
173155
173156
173157
173158
173159
173160
173161
173162
173163
173164
173165
173166
173167
173168
173169
173170
173171
173172
173173
173174
173175
173176
173177
173178
173179
173180
173181
173182
173183
173184
173185
173186
173187
173188
173189
173190
173191
173192
173193
173194
173195
173196
173197
173198
173199
173200
173202
173203
173204
173205
173206
173207
173208
173209
173210
173211
173212
173214
173215
173216
173217
173218
173219
173220
173221
173222
173223
173224
173225
173226
173227
173230
173231
173233
173237
173240
173241
173242
173243
173244
173245
173246
173247
173248
173249
173250
173251
173252
173253
173254
173256
173258
173260
173261
173267
173269
173273
173283
173284
173285
173286
173287
173291
173293
173488
173500
173513
173515
173516
173517
173519
173520
173521
173522
173523
173524
173525
173526
173541
173542
173544
173546
173547
173548
173549
173550
173551
173552
173553
173554
173555
173557
173559
173561
173562
173563
173564
173565
173566
173567
173568
173569
173572
173574
173575
173576
173579
173581
173582
173583
173584
173585
173586
173587
173588
173589
173590
173591
173592
173593
173594
173595
173596
173597
173599
173600
173601
173602
173603
173604
173605
173606
173607
173608
173609
173610
173611
173612
173613
173614
173615
173616
173617
173618
173619
173620
173621
173622
173623
173624
173625
173626
173627
173628
173629
173630
173631
173632
173634
173636
173638
173639
173640
173641
173642
173643
173644
173645
173646
173649
173651
173652
173653
173656
173658
173659
173660
173661
173662
173663
173664
173665
173666
173674
173675
173676
173677
173678
173679
173680
173681
173682
173683
173684
173685
173686
173687
173691
173693
173702
173703
173704
173705
173706
173707
173708
173709
173710
173711
173712
173713
173714
173715
173718
173719
173722
173731
173733
173735
173746
173750
173753
173757
173758
173759
173760
173761
173762
173763
173764
173768
173770
173775
173777
173779
173780
173781
173782
173783
173784
173785
173786
173787
173788
173789
173790
173791
173792
173793
173795
173796
173797
173798
173799
173800
173801
173802
173803
173804
173805
173806
173807
173808
173809
173810
173811
173812
173813
173814
173815
173816
173817
173818
173819
173820
173821
173822
173823
173824
173825
173826
173827
173835
173836
173837
173838
173839
173840
173841
173842
173844
173845
173846
173848
173852
173854
173863
173864
173865
173866
173867
173868
173869
173870
173871
173873
173875
173876
173893
173897
173900
173904
173905
173906
173907
173908
173909
173910
173911
173915
173917
173922
173924
173926
173927
173928
173929
173930
173931
173932
173933
173934
173935
173936
173937
173938
173939
173947
173949
173950
173951
173953
173954
173955
173957
173959
173960
173968
173969
173971
173973
173974
173991
173995
174004
174005
174006
174008
174009
174013
174015
174025
174026
174027
174028
174029
174031
174032
174033
174034
174035
174036
174037
174038
174039
174040
174041
174042
174043
174044
174045
174046
174047
174048
174049
174050
174051
174052
174053
174054
174055
174056
174057
174058
174069
174071
174073
174074
174075
174076
174077
174078
174079
174101
174102
174103
174104
174105
174106
174107
174108
174110
174111
174112
174114
174115
174121
174122
174123
174124
174125
174126
174127
174128
174129
174130
174132
174134
174135
174136
174137
174140
174141
174143
174144
174145
174146
174147
174148
174149
174150
174152
174154
174156
174157
174158
174159
174160
174161
174162
174163
174193
174195
174197
174207
174208
174210
174213
174214
174215
174216
174217
174218
174219
174220
174221
174222
174223
174224
174225
174226
174227
174228
174229
174230
174231
174232
174233
174234
174235
174236
174237
174238
174239
174240
174241
174242
174243
174244
174245
174246
174247
174249
174251
174253
174263
174265
174267
174270
174271
174273
174285
174286
174289
174298
174299
174300
174302
174303
174312
174314
174316
174326
174327
174328
174329
174330
174339
174340
174341
174342
174343
174344
174345
174353
174354
174355
174356
174357
174358
174359
174367
174368
174369
174370
174371
174372
174373
174381
174382
174383
174384
174385
174386
174387
174395
174396
174397
174398
174399
174400
174401
174409
174410
174411
174412
174413
174414
174415
174423
174424
174425
174426
174427
174428
174429
174437
174438
174439
174440
174441
174442
174443
174451
174452
174453
174454
174455
174456
174457
174465
174466
174467
174468
174469
174470
174471
174479
174480
174481
174482
174483
174484
174485
174494
174496
174498
174507
174508
174509
174510
174511
174512
174513
174522
174523
174525
174535
174536
174537
174538
174539
174540
174541
174549
174550
174551
174552
174553
174554
174555
174563
174564
174565
174566
174567
174568
174569
174579
174580
174583
174585
174589
174592
174594
174596
174600
174602
174605
174606
174607
174608
174609
174610
174611
174612
174613
174614
174615
174616
174617
174618
174619
174620
174621
174622
174623
174624
174625
174626
174627
174628
174629
174630
174631
174632
174633
174634
174635
174636
174637
174638
174639
174648
174650
174652
174655
174656
174657
174658
174659
174669
174670
174672
174689
174691
174693
174695
174696
174697
174698
174699
174700
174701
174702
174703
174704
174705
174706
174707
174708
174709
174710
174713
174715
174716
174717
174718
174719
174720
174721
174722
174723
174724
174725
174726
174727
174728
174729
174730
174731
174732
174733
174735
174736
174737
174738
174739
174740
174741
174742
174743
174744
174745
174747
174748
174749
174750
174751
174760
174773
174774
174775
174776
174777
174778
174779
174781
174785
174794
174795
174796
174797
174798
174799
174800
174803
174805
174808
174809
174810
174811
174812
174813
174814
174815
174816
174817
174818
174819
174820
174821
174823
174827
174829
174830
174832
174833
174834
174843
174844
174845
174846
174847
174848
174849
174852
174854
174857
174858
174859
174861
174863
174892
174893
174895
174896
174897
174899
174900
174901
174903
174905
174913
174914
174915
174917
174919
174920
174921
174923
174924
174925
174927
174928
174929
174930
174931
174932
174933
174941
174942
174943
174945
174947
174948
174949
174950
174951
174952
174953
174954
174983
174984
174985
174986
174987
174988
174989
174998
175002
175004
175005
175006
175008
175010
175011
175012
175013
175014
175015
175016
175017
175027
175029
175032
175033
175034
175035
175036
175037
175038
175039
175040
175041
175042
175043
175044
175045
175046
175047
175048
175049
175050
175051
175052
175053
175054
175055
175056
175057
175058
175059
175060
175061
175063
175064
175065
175067
175068
175070
175071
175072
175081
175082
175083
175085
175087
175088
175089
175090
175092
175094
175110
175112
175114
175131
175132
175134
175144
175145
175146
175147
175148
175149
175150
175158
175159
175162
175163
175165
175166
175167
175168
175169
175170
175171
175172
175173
175174
175175
175176
175177
175178
175186
175188
175190
175192
175193
175194
175197
175198
175200
175201
175202
175203
175204
175205
175206
175207
175209
175211
175213
175214
175215
175216
175217
175218
175219
175220
175221
175222
175223
175224
175225
175226
175227
175228
175229
175230
175231
175232
175233
175234
175235
175236
175237
175238
175239
175240
175241
175242
175243
175244
175245
175246
175247
175248
175249
175250
175251
175252
175253
175254
175255
175256
175257
175258
175259
175260
175261
175262
175263
175264
175265
175266
175267
175268
175269
175270
175271
175272
175273
175274
175275
175276
175277
175278
175279
175280
175281
175282
175283
175284
175285
175286
175288
175289
175290
175291
175292
175293
175294
175295
175296
175297
175298
175300
175301
175302
175303
175304
175305
175306
175307
175308
175309
175310
175311
175312
175313
175316
175317
175319
175323
175326
175327
175328
175329
175330
175331
175332
175333
175334
175335
175336
175337
175338
175339
175340
175342
175344
175346
175347
175353
175355
175359
175369
175370
175371
175372
175373
175377
175379
175574
175586
175599
175601
175602
175603
175605
175606
175607
175608
175609
175610
175611
175612
175627
175628
175630
175632
175633
175634
175635
175636
175637
175638
175639
175640
175641
175643
175645
175647
175648
175649
175650
175651
175652
175653
175654
175655
175658
175660
175661
175662
175665
175667
175668
175669
175670
175671
175672
175673
175674
175675
175676
175677
175678
175679
175680
175681
175682
175683
175685
175686
175687
175688
175689
175690
175691
175692
175693
175694
175695
175696
175697
175698
175699
175700
175701
175702
175703
175704
175705
175706
175707
175708
175709
175710
175711
175712
175713
175714
175715
175716
175717
175718
175720
175722
175724
175725
175726
175727
175728
175729
175730
175731
175732
175735
175737
175738
175739
175742
175744
175745
175746
175747
175748
175749
175750
175751
175752
175760
175761
175762
175763
175764
175765
175766
175767
175768
175769
175770
175771
175772
175773
175777
175779
175788
175789
175790
175791
175792
175793
175794
175795
175796
175797
175798
175799
175800
175801
175804
175805
175808
175817
175819
175821
175832
175836
175839
175843
175844
175845
175846
175847
175848
175849
175850
175854
175856
175861
175863
175865
175866
175867
175868
175869
175870
175871
175872
175873
175874
175875
175876
175877
175878
175879
175881
175882
175883
175884
175885
175886
175887
175888
175889
175890
175891
175892
175893
175894
175895
175896
175897
175898
175899
175900
175901
175902
175903
175904
175905
175906
175907
175908
175909
175910
175911
175912
175913
175921
175922
175923
175924
175925
175926
175927
175928
175930
175931
175932
175934
175938
175940
175949
175950
175951
175952
175953
175954
175955
175956
175957
175959
175961
175962
175979
175983
175986
175990
175991
175992
175993
175994
175995
175996
175997
176001
176003
176008
176010
176012
176013
176014
176015
176016
176017
176018
176019
176020
176021
176022
176023
176024
176025
176033
176035
176036
176037
176039
176040
176041
176043
176045
176046
176054
176055
176057
176059
176060
176077
176081
176090
176091
176092
176094
176095
176099
176101
176111
176112
176113
176114
176115
176117
176118
176119
176120
176121
176122
176123
176124
176125
176126
176127
176128
176129
176130
176131
176132
176133
176134
176135
176136
176137
176138
176139
176140
176141
176142
176143
176144
176155
176157
176159
176160
176161
176162
176163
176164
176165
176187
176188
176189
176190
176191
176192
176193
176194
176196
176197
176198
176200
176201
176207
176208
176209
176210
176211
176212
176213
176214
176215
176216
176218
176220
176221
176222
176223
176226
176227
176229
176230
176231
176232
176233
176234
176235
176236
176238
176240
176242
176243
176244
176245
176246
176247
176248
176249
176279
176281
176283
176293
176294
176296
176299
176300
176301
176302
176303
176304
176305
176306
176307
176308
176309
176310
176311
176312
176313
176314
176315
176316
176317
176318
176319
176320
176321
176322
176323
176324
176325
176326
176327
176328
176329
176330
176331
176332
176333
176335
176337
176339
176349
176351
176353
176356
176357
176359
176371
176372
176375
176384
176385
176386
176388
176389
176398
176400
176402
176412
176413
176414
176415
176416
176425
176426
176427
176428
176429
176430
176431
176439
176440
176441
176442
176443
176444
176445
176453
176454
176455
176456
176457
176458
176459
176467
176468
176469
176470
176471
176472
176473
176481
176482
176483
176484
176485
176486
176487
176495
176496
176497
176498
176499
176500
176501
176509
176510
176511
176512
176513
176514
176515
176523
176524
176525
176526
176527
176528
176529
176537
176538
176539
176540
176541
176542
176543
176551
176552
176553
176554
176555
176556
176557
176565
176566
176567
176568
176569
176570
176571
176580
176582
176584
176593
176594
176595
176596
176597
176598
176599
176608
176609
176611
176621
176622
176623
176624
176625
176626
176627
176635
176636
176637
176638
176639
176640
176641
176649
176650
176651
176652
176653
176654
176655
176665
176666
176669
176671
176675
176678
176680
176682
176686
176688
176691
176692
176693
176694
176695
176696
176697
176698
176699
176700
176701
176702
176703
176704
176705
176706
176707
176708
176709
176710
176711
176712
176713
176714
176715
176716
176717
176718
176719
176720
176721
176722
176723
176724
176725
176734
176736
176738
176741
176742
176743
176744
176745
176755
176756
176758
176775
176777
176779
176781
176782
176783
176784
176785
176786
176787
176788
176789
176790
176791
176792
176793
176794
176795
176796
176799
176801
176802
176803
176804
176805
176806
176807
176808
176809
176810
176811
176812
176813
176814
176815
176816
176817
176818
176819
176821
176822
176823
176824
176825
176826
176827
176828
176829
176830
176831
176833
176834
176835
176836
176837
176846
176859
176860
176861
176862
176863
176864
176865
176867
176871
176880
176881
176882
176883
176884
176885
176886
176889
176891
176894
176895
176896
176897
176898
176899
176900
176901
176902
176903
176904
176905
176906
176907
176909
176913
176915
176916
176918
176919
176920
176929
176930
176931
176932
176933
176934
176935
176938
176940
176943
176944
176945
176947
176949
176978
176979
176981
176982
176983
176985
176986
176987
176989
176991
176999
177000
177001
177003
177005
177006
177007
177009
177010
177011
177013
177014
177015
177016
177017
177018
177019
177027
177028
177029
177031
177033
177034
177035
177036
177037
177038
177039
177040
177069
177070
177071
177072
177073
177074
177075
177084
177088
177090
177091
177092
177094
177096
177097
177098
177099
177100
177101
177102
177103
177113
177115
177118
177119
177120
177121
177122
177123
177124
177125
177126
177127
177128
177129
177130
177131
177132
177133
177134
177135
177136
177137
177138
177139
177140
177141
177142
177143
177144
177145
177146
177147
177149
177150
177151
177153
177154
177156
177157
177158
177167
177168
177169
177171
177173
177174
177175
177176
177178
177180
177196
177198
177200
177217
177218
177220
177230
177231
177232
177233
177234
177235
177236
177244
177245
177248
177249
177251
177252
177253
177254
177255
177256
177257
177258
177259
177260
177261
177262
177263
177264
177272
177274
177276
177278
177279
177280
177283
177284
177286
177287
177288
177289
177290
177291
177292
177293
177295
177297
177299
177300
177301
177302
177303
177304
177305
177306
177307
177308
177309
177310
177311
177312
177313
177314
177315
177316
177317
177318
177319
177320
177321
177322
177323
177324
177325
177326
177327
177328
177329
177330
177331
177332
177333
177334
177335
177336
177337
177338
177339
177340
177341
177342
177343
177344
177345
177346
177347
177348
177349
177350
177351
177352
177353
177354
177355
177356
177357
177358
177359
177360
177361
177362
177363
177364
177365
177366
177367
177368
177369
177370
177371
177372
177374
177375
177376
177377
177378
177379
177380
177381
177382
177383
177384
177386
177387
177388
177389
177390
177391
177392
177393
177394
177395
177396
177397
177398
177399
177402
177403
177405
177409
177412
177413
177414
177415
177416
177417
177418
177419
177420
177421
177422
177423
177424
177425
177426
177428
177430
177432
177433
177439
177441
177445
177455
177456
177457
177458
177459
177463
177465
177660
177672
177685
177687
177688
177689
177691
177692
177693
177694
177695
177696
177697
177698
177713
177714
177716
177718
177719
177720
177721
177722
177723
177724
177725
177726
177727
177729
177731
177733
177734
177735
177736
177737
177738
177739
177740
177741
177744
177746
177747
177748
177751
177753
177754
177755
177756
177757
177758
177759
177760
177761
177762
177763
177764
177765
177766
177767
177768
177769
177771
177772
177773
177774
177775
177776
177777
177778
177779
177780
177781
177782
177783
177784
177785
177786
177787
177788
177789
177790
177791
177792
177793
177794
177795
177796
177797
177798
177799
177800
177801
177802
177803
177804
177806
177808
177810
177811
177812
177813
177814
177815
177816
177817
177818
177821
177823
177824
177825
177828
177830
177831
177832
177833
177834
177835
177836
177837
177838
177846
177847
177848
177849
177850
177851
177852
177853
177854
177855
177856
177857
177858
177859
177863
177865
177874
177875
177876
177877
177878
177879
177880
177881
177882
177883
177884
177885
177886
177887
177890
177891
177894
177903
177905
177907
177918
177922
177925
177929
177930
177931
177932
177933
177934
177935
177936
177940
177942
177947
177949
177951
177952
177953
177954
177955
177956
177957
177958
177959
177960
177961
177962
177963
177964
177965
177967
177968
177969
177970
177971
177972
177973
177974
177975
177976
177977
177978
177979
177980
177981
177982
177983
177984
177985
177986
177987
177988
177989
177990
177991
177992
177993
177994
177995
177996
177997
177998
177999
178007
178008
178009
178010
178011
178012
178013
178014
178016
178017
178018
178020
178024
178026
178035
178036
178037
178038
178039
178040
178041
178042
178043
178045
178047
178048
178065
178069
178072
178076
178077
178078
178079
178080
178081
178082
178083
178087
178089
178094
178096
178098
178099
178100
178101
178102
178103
178104
178105
178106
178107
178108
178109
178110
178111
178119
178121
178122
178123
178125
178126
178127
178129
178131
178132
178140
178141
178143
178145
178146
178163
178167
178176
178177
178178
178180
178181
178185
178187
178197
178198
178199
178200
178201
178203
178204
178205
178206
178207
178208
178209
178210
178211
178212
178213
178214
178215
178216
178217
178218
178219
178220
178221
178222
178223
178224
178225
178226
178227
178228
178229
178230
178241
178243
178245
178246
178247
178248
178249
178250
178251
178273
178274
178275
178276
178277
178278
178279
178280
178282
178283
178284
178286
178287
178293
178294
178295
178296
178297
178298
178299
178300
178301
178302
178304
178306
178307
178308
178309
178312
178313
178315
178316
178317
178318
178319
178320
178321
178322
178324
178326
178328
178329
178330
178331
178332
178333
178334
178335
178365
178367
178369
178379
178380
178382
178385
178386
178387
178388
178389
178390
178391
178392
178393
178394
178395
178396
178397
178398
178399
178400
178401
178402
178403
178404
178405
178406
178407
178408
178409
178410
178411
178412
178413
178414
178415
178416
178417
178418
178419
178421
178423
178425
178435
178437
178439
178442
178443
178445
178457
178458
178461
178470
178471
178472
178474
178475
178484
178486
178488
178498
178499
178500
178501
178502
178511
178512
178513
178514
178515
178516
178517
178525
178526
178527
178528
178529
178530
178531
178539
178540
178541
178542
178543
178544
178545
178553
178554
178555
178556
178557
178558
178559
178567
178568
178569
178570
178571
178572
178573
178581
178582
178583
178584
178585
178586
178587
178595
178596
178597
178598
178599
178600
178601
178609
178610
178611
178612
178613
178614
178615
178623
178624
178625
178626
178627
178628
178629
178637
178638
178639
178640
178641
178642
178643
178651
178652
178653
178654
178655
178656
178657
178666
178668
178670
178679
178680
178681
178682
178683
178684
178685
178694
178695
178697
178707
178708
178709
178710
178711
178712
178713
178721
178722
178723
178724
178725
178726
178727
178735
178736
178737
178738
178739
178740
178741
178751
178752
178755
178757
178761
178764
178766
178768
178772
178774
178777
178778
178779
178780
178781
178782
178783
178784
178785
178786
178787
178788
178789
178790
178791
178792
178793
178794
178795
178796
178797
178798
178799
178800
178801
178802
178803
178804
178805
178806
178807
178808
178809
178810
178811
178820
178822
178824
178827
178828
178829
178830
178831
178841
178842
178844
178861
178863
178865
178867
178868
178869
178870
178871
178872
178873
178874
178875
178876
178877
178878
178879
178880
178881
178882
178885
178887
178888
178889
178890
178891
178892
178893
178894
178895
178896
178897
178898
178899
178900
178901
178902
178903
178904
178905
178907
178908
178909
178910
178911
178912
178913
178914
178915
178916
178917
178919
178920
178921
178922
178923
178932
178945
178946
178947
178948
178949
178950
178951
178953
178957
178966
178967
178968
178969
178970
178971
178972
178975
178977
178980
178981
178982
178983
178984
178985
178986
178987
178988
178989
178990
178991
178992
178993
178995
178999
179001
179002
179004
179005
179006
179015
179016
179017
179018
179019
179020
179021
179024
179026
179029
179030
179031
179033
179035
179064
179065
179067
179068
179069
179071
179072
179073
179075
179077
179085
179086
179087
179089
179091
179092
179093
179095
179096
179097
179099
179100
179101
179102
179103
179104
179105
179113
179114
179115
179117
179119
179120
179121
179122
179123
179124
179125
179126
179155
179156
179157
179158
179159
179160
179161
179170
179174
179176
179177
179178
179180
179182
179183
179184
179185
179186
179187
179188
179189
179199
179201
179204
179205
179206
179207
179208
179209
179210
179211
179212
179213
179214
179215
179216
179217
179218
179219
179220
179221
179222
179223
179224
179225
179226
179227
179228
179229
179230
179231
179232
179233
179235
179236
179237
179239
179240
179242
179243
179244
179253
179254
179255
179257
179259
179260
179261
179262
179264
179266
179282
179284
179286
179303
179304
179306
179316
179317
179318
179319
179320
179321
179322
179330
179331
179334
179335
179337
179338
179339
179340
179341
179342
179343
179344
179345
179346
179347
179348
179349
179350
179358
179360
179362
179364
179365
179366
179369
179370
179372
179373
179374
179375
179376
179377
179378
179379
179381
179383
179385
179386
179387
179388
179389
179390
179391
179392
179393
179394
179395
179396
179397
179398
179399
179400
179401
179402
179403
179404
179405
179406
179407
179408
179409
179410
179411
179412
179413
179414
179415
179416
179417
179418
179419
179420
179421
179422
179423
179424
179425
179426
179427
179428
179429
179430
179431
179432
179433
179434
179435
179436
179437
179438
179439
179440
179441
179442
179443
179444
179445
179446
179447
179448
179449
179450
179451
179452
179453
179454
179455
179456
179457
179458
179460
179461
179462
179463
179464
179465
179466
179467
179468
179469
179470
179472
179473
179474
179475
179476
179477
179478
179479
179480
179481
179482
179483
179484
179485
179488
179489
179491
179495
179498
179499
179500
179501
179502
179503
179504
179505
179506
179507
179508
179509
179510
179511
179512
179514
179516
179518
179519
179525
179527
179531
179541
179542
179543
179544
179545
179549
179551
179746
179758
179771
179773
179774
179775
179777
179778
179779
179780
179781
179782
179783
179784
179799
179800
179802
179804
179805
179806
179807
179808
179809
179810
179811
179812
179813
179815
179817
179819
179820
179821
179822
179823
179824
179825
179826
179827
179830
179832
179833
179834
179837
179839
179840
179841
179842
179843
179844
179845
179846
179847
179848
179849
179850
179851
179852
179853
179854
179855
179857
179858
179859
179860
179861
179862
179863
179864
179865
179866
179867
179868
179869
179870
179871
179872
179873
179874
179875
179876
179877
179878
179879
179880
179881
179882
179883
179884
179885
179886
179887
179888
179889
179890
179892
179894
179896
179897
179898
179899
179900
179901
179902
179903
179904
179907
179909
179910
179911
179914
179916
179917
179918
179919
179920
179921
179922
179923
179924
179932
179933
179934
179935
179936
179937
179938
179939
179940
179941
179942
179943
179944
179945
179949
179951
179960
179961
179962
179963
179964
179965
179966
179967
179968
179969
179970
179971
179972
179973
179976
179977
179980
179989
179991
179993
180004
180008
180011
180015
180016
180017
180018
180019
180020
180021
180022
180026
180028
180033
180035
180037
180038
180039
180040
180041
180042
180043
180044
180045
180046
180047
180048
180049
180050
180051
180053
180054
180055
180056
180057
180058
180059
180060
180061
180062
180063
180064
180065
180066
180067
180068
180069
180070
180071
180072
180073
180074
180075
180076
180077
180078
180079
180080
180081
180082
180083
180084
180085
180093
180094
180095
180096
180097
180098
180099
180100
180102
180103
180104
180106
180110
180112
180121
180122
180123
180124
180125
180126
180127
180128
180129
180131
180133
180134
180151
180155
180158
180162
180163
180164
180165
180166
180167
180168
180169
180173
180175
180180
180182
180184
180185
180186
180187
180188
180189
180190
180191
180192
180193
180194
180195
180196
180197
180205
180207
180208
180209
180211
180212
180213
180215
180217
180218
180226
180227
180229
180231
180232
180249
180253
180262
180263
180264
180266
180267
180271
180273
180283
180284
180285
180286
180287
180289
180290
180291
180292
180293
180294
180295
180296
180297
180298
180299
180300
180301
180302
180303
180304
180305
180306
180307
180308
180309
180310
180311
180312
180313
180314
180315
180316
180327
180329
180331
180332
180333
180334
180335
180336
180337
180359
180360
180361
180362
180363
180364
180365
180366
180368
180369
180370
180372
180373
180379
180380
180381
180382
180383
180384
180385
180386
180387
180388
180390
180392
180393
180394
180395
180398
180399
180401
180402
180403
180404
180405
180406
180407
180408
180410
180412
180414
180415
180416
180417
180418
180419
180420
180421
180451
180453
180455
180465
180466
180468
180471
180472
180473
180474
180475
180476
180477
180478
180479
180480
180481
180482
180483
180484
180485
180486
180487
180488
180489
180490
180491
180492
180493
180494
180495
180496
180497
180498
180499
180500
180501
180502
180503
180504
180505
180507
180509
180511
180521
180523
180525
180528
180529
180531
180543
180544
180547
180556
180557
180558
180560
180561
180570
180572
180574
180584
180585
180586
180587
180588
180597
180598
180599
180600
180601
180602
180603
180611
180612
180613
180614
180615
180616
180617
180625
180626
180627
180628
180629
180630
180631
180639
180640
180641
180642
180643
180644
180645
180653
180654
180655
180656
180657
180658
180659
180667
180668
180669
180670
180671
180672
180673
180681
180682
180683
180684
180685
180686
180687
180695
180696
180697
180698
180699
180700
180701
180709
180710
180711
180712
180713
180714
180715
180723
180724
180725
180726
180727
180728
180729
180737
180738
180739
180740
180741
180742
180743
180752
180754
180756
180765
180766
180767
180768
180769
180770
180771
180780
180781
180783
180793
180794
180795
180796
180797
180798
180799
180807
180808
180809
180810
180811
180812
180813
180821
180822
180823
180824
180825
180826
180827
180837
180838
180841
180843
180847
180850
180852
180854
180858
180860
180863
180864
180865
180866
180867
180868
180869
180870
180871
180872
180873
180874
180875
180876
180877
180878
180879
180880
180881
180882
180883
180884
180885
180886
180887
180888
180889
180890
180891
180892
180893
180894
180895
180896
180897
180906
180908
180910
180913
180914
180915
180916
180917
180927
180928
180930
180947
180949
180951
180953
180954
180955
180956
180957
180958
180959
180960
180961
180962
180963
180964
180965
180966
180967
180968
180971
180973
180974
180975
180976
180977
180978
180979
180980
180981
180982
180983
180984
180985
180986
180987
180988
180989
180990
180991
180993
180994
180995
180996
180997
180998
180999
181000
181001
181002
181003
181005
181006
181007
181008
181009
181018
181031
181032
181033
181034
181035
181036
181037
181039
181043
181052
181053
181054
181055
181056
181057
181058
181061
181063
181066
181067
181068
181069
181070
181071
181072
181073
181074
181075
181076
181077
181078
181079
181081
181085
181087
181088
181090
181091
181092
181101
181102
181103
181104
181105
181106
181107
181110
181112
181115
181116
181117
181119
181121
181150
181151
181153
181154
181155
181157
181158
181159
181161
181163
181171
181172
181173
181175
181177
181178
181179
181181
181182
181183
181185
181186
181187
181188
181189
181190
181191
181199
181200
181201
181203
181205
181206
181207
181208
181209
181210
181211
181212
181241
181242
181243
181244
181245
181246
181247
181256
181260
181262
181263
181264
181266
181268
181269
181270
181271
181272
181273
181274
181275
181285
181287
181290
181291
181292
181293
181294
181295
181296
181297
181298
181299
181300
181301
181302
181303
181304
181305
181306
181307
181308
181309
181310
181311
181312
181313
181314
181315
181316
181317
181318
181319
181321
181322
181323
181325
181326
181328
181329
181330
181339
181340
181341
181343
181345
181346
181347
181348
181350
181352
181368
181370
181372
181389
181390
181392
181402
181403
181404
181405
181406
181407
181408
181416
181417
181420
181421
181423
181424
181425
181426
181427
181428
181429
181430
181431
181432
181433
181434
181435
181436
181444
181446
181448
181450
181451
181452
181455
181456
181458
181459
181460
181461
181462
181463
181464
181465
181467
181469
181471
181472
181473
181474
181475
181476
181477
181478
181479
181480
181481
181482
181483
181484
181485
181486
181487
181488
181489
181490
181491
181492
181493
181494
181495
181496
181497
181498
181499
181500
181501
181502
181503
181504
181505
181506
181507
181508
181509
181510
181511
181512
181513
181514
181515
181516
181517
181518
181519
181520
181521
181522
181523
181524
181525
181526
181527
181528
181529
181530
181531
181532
181533
181534
181535
181536
181537
181538
181539
181540
181541
181542
181543
181544
181546
181547
181548
181549
181550
181551
181552
181553
181554
181555
181556
181558
181559
181560
181561
181562
181563
181564
181565
181566
181567
181568
181569
181570
181571
181574
181575
181577
181581
181584
181585
181586
181587
181588
181589
181590
181591
181592
181593
181594
181595
181596
181597
181598
181600
181602
181604
181605
181611
181613
181617
181627
181628
181629
181630
181631
181635
181637
181832
181844
181857
181859
181860
181861
181863
181864
181865
181866
181867
181868
181869
181870
181885
181886
181888
181890
181891
181892
181893
181894
181895
181896
181897
181898
181899
181901
181903
181905
181906
181907
181908
181909
181910
181911
181912
181913
181916
181918
181919
181920
181923
181925
181926
181927
181928
181929
181930
181931
181932
181933
181934
181935
181936
181937
181938
181939
181940
181941
181943
181944
181945
181946
181947
181948
181949
181950
181951
181952
181953
181954
181955
181956
181957
181958
181959
181960
181961
181962
181963
181964
181965
181966
181967
181968
181969
181970
181971
181972
181973
181974
181975
181976
181978
181980
181982
181983
181984
181985
181986
181987
181988
181989
181990
181993
181995
181996
181997
182000
182002
182003
182004
182005
182006
182007
182008
182009
182010
182018
182019
182020
182021
182022
182023
182024
182025
182026
182027
182028
182029
182030
182031
182035
182037
182046
182047
182048
182049
182050
182051
182052
182053
182054
182055
182056
182057
182058
182059
182062
182063
182066
182075
182077
182079
182090
182094
182097
182101
182102
182103
182104
182105
182106
182107
182108
182112
182114
182119
182121
182123
182124
182125
182126
182127
182128
182129
182130
182131
182132
182133
182134
182135
182136
182137
182139
182140
182141
182142
182143
182144
182145
182146
182147
182148
182149
182150
182151
182152
182153
182154
182155
182156
182157
182158
182159
182160
182161
182162
182163
182164
182165
182166
182167
182168
182169
182170
182171
182179
182180
182181
182182
182183
182184
182185
182186
182188
182189
182190
182192
182196
182198
182207
182208
182209
182210
182211
182212
182213
182214
182215
182217
182219
182220
182237
182241
182244
182248
182249
182250
182251
182252
182253
182254
182255
182259
182261
182266
182268
182270
182271
182272
182273
182274
182275
182276
182277
182278
182279
182280
182281
182282
182283
182291
182293
182294
182295
182297
182298
182299
182301
182303
182304
182312
182313
182315
182317
182318
182335
182339
182348
182349
182350
182352
182353
182357
182359
182369
182370
182371
182372
182373
182375
182376
182377
182378
182379
182380
182381
182382
182383
182384
182385
182386
182387
182388
182389
182390
182391
182392
182393
182394
182395
182396
182397
182398
182399
182400
182401
182402
182413
182415
182417
182418
182419
182420
182421
182422
182423
182445
182446
182447
182448
182449
182450
182451
182452
182454
182455
182456
182458
182459
182465
182466
182467
182468
182469
182470
182471
182472
182473
182474
182476
182478
182479
182480
182481
182484
182485
182487
182488
182489
182490
182491
182492
182493
182494
182496
182498
182500
182501
182502
182503
182504
182505
182506
182507
182537
182539
182541
182551
182552
182554
182557
182558
182559
182560
182561
182562
182563
182564
182565
182566
182567
182568
182569
182570
182571
182572
182573
182574
182575
182576
182577
182578
182579
182580
182581
182582
182583
182584
182585
182586
182587
182588
182589
182590
182591
182593
182595
182597
182607
182609
182611
182614
182615
182617
182629
182630
182633
182642
182643
182644
182646
182647
182656
182658
182660
182670
182671
182672
182673
182674
182683
182684
182685
182686
182687
182688
182689
182697
182698
182699
182700
182701
182702
182703
182711
182712
182713
182714
182715
182716
182717
182725
182726
182727
182728
182729
182730
182731
182739
182740
182741
182742
182743
182744
182745
182753
182754
182755
182756
182757
182758
182759
182767
182768
182769
182770
182771
182772
182773
182781
182782
182783
182784
182785
182786
182787
182795
182796
182797
182798
182799
182800
182801
182809
182810
182811
182812
182813
182814
182815
182823
182824
182825
182826
182827
182828
182829
182838
182840
182842
182851
182852
182853
182854
182855
182856
182857
182866
182867
182869
182879
182880
182881
182882
182883
182884
182885
182893
182894
182895
182896
182897
182898
182899
182907
182908
182909
182910
182911
182912
182913
182923
182924
182927
182929
182933
182936
182938
182940
182944
182946
182949
182950
182951
182952
182953
182954
182955
182956
182957
182958
182959
182960
182961
182962
182963
182964
182965
182966
182967
182968
182969
182970
182971
182972
182973
182974
182975
182976
182977
182978
182979
182980
182981
182982
182983
182992
182994
182996
182999
183000
183001
183002
183003
183013
183014
183016
183033
183035
183037
183039
183040
183041
183042
183043
183044
183045
183046
183047
183048
183049
183050
183051
183052
183053
183054
183057
183059
183060
183061
183062
183063
183064
183065
183066
183067
183068
183069
183070
183071
183072
183073
183074
183075
183076
183077
183079
183080
183081
183082
183083
183084
183085
183086
183087
183088
183089
183091
183092
183093
183094
183095
183104
183117
183118
183119
183120
183121
183122
183123
183125
183129
183138
183139
183140
183141
183142
183143
183144
183147
183149
183152
183153
183154
183155
183156
183157
183158
183159
183160
183161
183162
183163
183164
183165
183167
183171
183173
183174
183176
183177
183178
183187
183188
183189
183190
183191
183192
183193
183196
183198
183201
183202
183203
183205
183207
183236
183237
183239
183240
183241
183243
183244
183245
183247
183249
183257
183258
183259
183261
183263
183264
183265
183267
183268
183269
183271
183272
183273
183274
183275
183276
183277
183285
183286
183287
183289
183291
183292
183293
183294
183295
183296
183297
183298
183327
183328
183329
183330
183331
183332
183333
183342
183346
183348
183349
183350
183352
183354
183355
183356
183357
183358
183359
183360
183361
183371
183373
183376
183377
183378
183379
183380
183381
183382
183383
183384
183385
183386
183387
183388
183389
183390
183391
183392
183393
183394
183395
183396
183397
183398
183399
183400
183401
183402
183403
183404
183405
183407
183408
183409
183411
183412
183414
183415
183416
183425
183426
183427
183429
183431
183432
183433
183434
183436
183438
183454
183456
183458
183475
183476
183478
183488
183489
183490
183491
183492
183493
183494
183502
183503
183506
183507
183509
183510
183511
183512
183513
183514
183515
183516
183517
183518
183519
183520
183521
183522
183530
183532
183534
183536
183537
183538
183541
183542
183544
183545
183546
183547
183548
183549
183550
183551
183553
183555
183557
183558
183559
183560
183561
183562
183563
183564
183565
183566
183567
183568
183569
183570
183571
183572
183573
183574
183575
183576
183577
183578
183579
183580
183581
183582
183583
183584
183585
183586
183587
183588
183589
183590
183591
183592
183593
183594
183595
183596
183597
183598
183599
183600
183601
183602
183603
183604
183605
183606
183607
183608
183609
183610
183611
183612
183613
183614
183615
183616
183617
183618
183619
183620
183621
183622
183623
183624
183625
183626
183627
183628
183629
183630
183632
183633
183634
183635
183636
183637
183638
183639
183640
183641
183642
183644
183645
183646
183647
183648
183649
183650
183651
183652
183653
183654
183655
183656
183657
183660
183661
183663
183667
183670
183671
183672
183673
183674
183675
183676
183677
183678
183679
183680
183681
183682
183683
183684
183686
183688
183690
183691
183697
183699
183703
183713
183714
183715
183716
183717
183721
183723
183918
183930
183943
183945
183946
183947
183949
183950
183951
183952
183953
183954
183955
183956
183971
183972
183974
183976
183977
183978
183979
183980
183981
183982
183983
183984
183985
183987
183989
183991
183992
183993
183994
183995
183996
183997
183998
183999
184002
184004
184005
184006
184009
184011
184012
184013
184014
184015
184016
184017
184018
184019
184020
184021
184022
184023
184024
184025
184026
184027
184029
184030
184031
184032
184033
184034
184035
184036
184037
184038
184039
184040
184041
184042
184043
184044
184045
184046
184047
184048
184049
184050
184051
184052
184053
184054
184055
184056
184057
184058
184059
184060
184061
184062
184064
184066
184068
184069
184070
184071
184072
184073
184074
184075
184076
184079
184081
184082
184083
184086
184088
184089
184090
184091
184092
184093
184094
184095
184096
184104
184105
184106
184107
184108
184109
184110
184111
184112
184113
184114
184115
184116
184117
184121
184123
184132
184133
184134
184135
184136
184137
184138
184139
184140
184141
184142
184143
184144
184145
184148
184149
184152
184161
184163
184165
184176
184180
184183
184187
184188
184189
184190
184191
184192
184193
184194
184198
184200
184205
184207
184209
184210
184211
184212
184213
184214
184215
184216
184217
184218
184219
184220
184221
184222
184223
184225
184226
184227
184228
184229
184230
184231
184232
184233
184234
184235
184236
184237
184238
184239
184240
184241
184242
184243
184244
184245
184246
184247
184248
184249
184250
184251
184252
184253
184254
184255
184256
184257
184265
184266
184267
184268
184269
184270
184271
184272
184274
184275
184276
184278
184282
184284
184293
184294
184295
184296
184297
184298
184299
184300
184301
184303
184305
184306
184323
184327
184330
184334
184335
184336
184337
184338
184339
184340
184341
184345
184347
184352
184354
184356
184357
184358
184359
184360
184361
184362
184363
184364
184365
184366
184367
184368
184369
184377
184379
184380
184381
184383
184384
184385
184387
184389
184390
184398
184399
184401
184403
184404
184421
184425
184434
184435
184436
184438
184439
184443
184445
184455
184456
184457
184458
184459
184461
184462
184463
184464
184465
184466
184467
184468
184469
184470
184471
184472
184473
184474
184475
184476
184477
184478
184479
184480
184481
184482
184483
184484
184485
184486
184487
184488
184499
184501
184503
184504
184505
184506
184507
184508
184509
184531
184532
184533
184534
184535
184536
184537
184538
184540
184541
184542
184544
184545
184551
184552
184553
184554
184555
184556
184557
184558
184559
184560
184562
184564
184565
184566
184567
184570
184571
184573
184574
184575
184576
184577
184578
184579
184580
184582
184584
184586
184587
184588
184589
184590
184591
184592
184593
184623
184625
184627
184637
184638
184640
184643
184644
184645
184646
184647
184648
184649
184650
184651
184652
184653
184654
184655
184656
184657
184658
184659
184660
184661
184662
184663
184664
184665
184666
184667
184668
184669
184670
184671
184672
184673
184674
184675
184676
184677
184679
184681
184683
184693
184695
184697
184700
184701
184703
184715
184716
184719
184728
184729
184730
184732
184733
184742
184744
184746
184756
184757
184758
184759
184760
184769
184770
184771
184772
184773
184774
184775
184783
184784
184785
184786
184787
184788
184789
184797
184798
184799
184800
184801
184802
184803
184811
184812
184813
184814
184815
184816
184817
184825
184826
184827
184828
184829
184830
184831
184839
184840
184841
184842
184843
184844
184845
184853
184854
184855
184856
184857
184858
184859
184867
184868
184869
184870
184871
184872
184873
184881
184882
184883
184884
184885
184886
184887
184895
184896
184897
184898
184899
184900
184901
184909
184910
184911
184912
184913
184914
184915
184924
184926
184928
184937
184938
184939
184940
184941
184942
184943
184952
184953
184955
184965
184966
184967
184968
184969
184970
184971
184979
184980
184981
184982
184983
184984
184985
184993
184994
184995
184996
184997
184998
184999
185009
185010
185013
185015
185019
185022
185024
185026
185030
185032
185035
185036
185037
185038
185039
185040
185041
185042
185043
185044
185045
185046
185047
185048
185049
185050
185051
185052
185053
185054
185055
185056
185057
185058
185059
185060
185061
185062
185063
185064
185065
185066
185067
185068
185069
185078
185080
185082
185085
185086
185087
185088
185089
185099
185100
185102
185119
185121
185123
185125
185126
185127
185128
185129
185130
185131
185132
185133
185134
185135
185136
185137
185138
185139
185140
185143
185145
185146
185147
185148
185149
185150
185151
185152
185153
185154
185155
185156
185157
185158
185159
185160
185161
185162
185163
185165
185166
185167
185168
185169
185170
185171
185172
185173
185174
185175
185177
185178
185179
185180
185181
185190
185203
185204
185205
185206
185207
185208
185209
185211
185215
185224
185225
185226
185227
185228
185229
185230
185233
185235
185238
185239
185240
185241
185242
185243
185244
185245
185246
185247
185248
185249
185250
185251
185253
185257
185259
185260
185262
185263
185264
185273
185274
185275
185276
185277
185278
185279
185282
185284
185287
185288
185289
185291
185293
185322
185323
185325
185326
185327
185329
185330
185331
185333
185335
185343
185344
185345
185347
185349
185350
185351
185353
185354
185355
185357
185358
185359
185360
185361
185362
185363
185371
185372
185373
185375
185377
185378
185379
185380
185381
185382
185383
185384
185413
185414
185415
185416
185417
185418
185419
185428
185432
185434
185435
185436
185438
185440
185441
185442
185443
185444
185445
185446
185447
185457
185459
185462
185463
185464
185465
185466
185467
185468
185469
185470
185471
185472
185473
185474
185475
185476
185477
185478
185479
185480
185481
185482
185483
185484
185485
185486
185487
185488
185489
185490
185491
185493
185494
185495
185497
185498
185500
185501
185502
185511
185512
185513
185515
185517
185518
185519
185520
185522
185524
185540
185542
185544
185561
185562
185564
185574
185575
185576
185577
185578
185579
185580
185588
185589
185592
185593
185595
185596
185597
185598
185599
185600
185601
185602
185603
185604
185605
185606
185607
185608
185616
185618
185620
185622
185623
185624
185627
185628
185630
185631
185632
185633
185634
185635
185636
185637
185639
185641
185643
185644
185645
185646
185647
185648
185649
185650
185651
185652
185653
185654
185655
185656
185657
185658
185659
185660
185661
185662
185663
185664
185665
185666
185667
185668
185669
185670
185671
185672
185673
185674
185675
185676
185677
185678
185679
185680
185681
185682
185683
185684
185685
185686
185687
185688
185689
185690
185691
185692
185693
185694
185695
185696
185697
185698
185699
185700
185701
185702
185703
185704
185705
185706
185707
185708
185709
185710
185711
185712
185713
185714
185715
185716
185718
185719
185720
185721
185722
185723
185724
185725
185726
185727
185728
185730
185731
185732
185733
185734
185735
185736
185737
185738
185739
185740
185741
185742
185743
185746
185747
185749
185753
185756
185757
185758
185759
185760
185761
185762
185763
185764
185765
185766
185767
185768
185769
185770
185772
185774
185776
185777
185783
185785
185789
185799
185800
185801
185802
185803
185807
185809
186004
186016
186029
186031
186032
186033
186035
186036
186037
186038
186039
186040
186041
186042
186057
186058
186060
186062
186063
186064
186065
186066
186067
186068
186069
186070
186071
186073
186075
186077
186078
186079
186080
186081
186082
186083
186084
186085
186088
186090
186091
186092
186095
186097
186098
186099
186100
186101
186102
186103
186104
186105
186106
186107
186108
186109
186110
186111
186112
186113
186115
186116
186117
186118
186119
186120
186121
186122
186123
186124
186125
186126
186127
186128
186129
186130
186131
186132
186133
186134
186135
186136
186137
186138
186139
186140
186141
186142
186143
186144
186145
186146
186147
186148
186150
186152
186154
186155
186156
186157
186158
186159
186160
186161
186162
186165
186167
186168
186169
186172
186174
186175
186176
186177
186178
186179
186180
186181
186182
186190
186191
186192
186193
186194
186195
186196
186197
186198
186199
186200
186201
186202
186203
186207
186209
186218
186219
186220
186221
186222
186223
186224
186225
186226
186227
186228
186229
186230
186231
186234
186235
186238
186247
186249
186251
186262
186266
186269
186273
186274
186275
186276
186277
186278
186279
186280
186284
186286
186291
186293
186295
186296
186297
186298
186299
186300
186301
186302
186303
186304
186305
186306
186307
186308
186309
186311
186312
186313
186314
186315
186316
186317
186318
186319
186320
186321
186322
186323
186324
186325
186326
186327
186328
186329
186330
186331
186332
186333
186334
186335
186336
186337
186338
186339
186340
186341
186342
186343
186351
186352
186353
186354
186355
186356
186357
186358
186360
186361
186362
186364
186368
186370
186379
186380
186381
186382
186383
186384
186385
186386
186387
186389
186391
186392
186409
186413
186416
186420
186421
186422
186423
186424
186425
186426
186427
186431
186433
186438
186440
186442
186443
186444
186445
186446
186447
186448
186449
186450
186451
186452
186453
186454
186455
186463
186465
186466
186467
186469
186470
186471
186473
186475
186476
186484
186485
186487
186489
186490
186507
186511
186520
186521
186522
186524
186525
186529
186531
186541
186542
186543
186544
186545
186547
186548
186549
186550
186551
186552
186553
186554
186555
186556
186557
186558
186559
186560
186561
186562
186563
186564
186565
186566
186567
186568
186569
186570
186571
186572
186573
186574
186585
186587
186589
186590
186591
186592
186593
186594
186595
186617
186618
186619
186620
186621
186622
186623
186624
186626
186627
186628
186630
186631
186637
186638
186639
186640
186641
186642
186643
186644
186645
186646
186648
186650
186651
186652
186653
186656
186657
186659
186660
186661
186662
186663
186664
186665
186666
186668
186670
186672
186673
186674
186675
186676
186677
186678
186679
186709
186711
186713
186723
186724
186726
186729
186730
186731
186732
186733
186734
186735
186736
186737
186738
186739
186740
186741
186742
186743
186744
186745
186746
186747
186748
186749
186750
186751
186752
186753
186754
186755
186756
186757
186758
186759
186760
186761
186762
186763
186765
186767
186769
186779
186781
186783
186786
186787
186789
186801
186802
186805
186814
186815
186816
186818
186819
186828
186830
186832
186842
186843
186844
186845
186846
186855
186856
186857
186858
186859
186860
186861
186869
186870
186871
186872
186873
186874
186875
186883
186884
186885
186886
186887
186888
186889
186897
186898
186899
186900
186901
186902
186903
186911
186912
186913
186914
186915
186916
186917
186925
186926
186927
186928
186929
186930
186931
186939
186940
186941
186942
186943
186944
186945
186953
186954
186955
186956
186957
186958
186959
186967
186968
186969
186970
186971
186972
186973
186981
186982
186983
186984
186985
186986
186987
186995
186996
186997
186998
186999
187000
187001
187010
187012
187014
187023
187024
187025
187026
187027
187028
187029
187038
187039
187041
187051
187052
187053
187054
187055
187056
187057
187065
187066
187067
187068
187069
187070
187071
187079
187080
187081
187082
187083
187084
187085
187095
187096
187099
187101
187105
187108
187110
187112
187116
187118
187121
187122
187123
187124
187125
187126
187127
187128
187129
187130
187131
187132
187133
187134
187135
187136
187137
187138
187139
187140
187141
187142
187143
187144
187145
187146
187147
187148
187149
187150
187151
187152
187153
187154
187155
187164
187166
187168
187171
187172
187173
187174
187175
187185
187186
187188
187205
187207
187209
187211
187212
187213
187214
187215
187216
187217
187218
187219
187220
187221
187222
187223
187224
187225
187226
187229
187231
187232
187233
187234
187235
187236
187237
187238
187239
187240
187241
187242
187243
187244
187245
187246
187247
187248
187249
187251
187252
187253
187254
187255
187256
187257
187258
187259
187260
187261
187263
187264
187265
187266
187267
187276
187289
187290
187291
187292
187293
187294
187295
187297
187301
187310
187311
187312
187313
187314
187315
187316
187319
187321
187324
187325
187326
187327
187328
187329
187330
187331
187332
187333
187334
187335
187336
187337
187339
187343
187345
187346
187348
187349
187350
187359
187360
187361
187362
187363
187364
187365
187368
187370
187373
187374
187375
187377
187379
187408
187409
187411
187412
187413
187415
187416
187417
187419
187421
187429
187430
187431
187433
187435
187436
187437
187439
187440
187441
187443
187444
187445
187446
187447
187448
187449
187457
187458
187459
187461
187463
187464
187465
187466
187467
187468
187469
187470
187499
187500
187501
187502
187503
187504
187505
187514
187518
187520
187521
187522
187524
187526
187527
187528
187529
187530
187531
187532
187533
187543
187545
187548
187549
187550
187551
187552
187553
187554
187555
187556
187557
187558
187559
187560
187561
187562
187563
187564
187565
187566
187567
187568
187569
187570
187571
187572
187573
187574
187575
187576
187577
187579
187580
187581
187583
187584
187586
187587
187588
187597
187598
187599
187601
187603
187604
187605
187606
187608
187610
187626
187628
187630
187647
187648
187650
187660
187661
187662
187663
187664
187665
187666
187674
187675
187678
187679
187681
187682
187683
187684
187685
187686
187687
187688
187689
187690
187691
187692
187693
187694
187702
187704
187706
187708
187709
187710
187713
187714
187716
187717
187718
187719
187720
187721
187722
187723
187725
187727
187729
187730
187731
187732
187733
187734
187735
187736
187737
187738
187739
187740
187741
187742
187743
187744
187745
187746
187747
187748
187749
187750
187751
187752
187753
187754
187755
187756
187757
187758
187759
187760
187761
187762
187763
187764
187765
187766
187767
187768
187769
187770
187771
187772
187773
187774
187775
187776
187777
187778
187779
187780
187781
187782
187783
187784
187785
187786
187787
187788
187789
187790
187791
187792
187793
187794
187795
187796
187797
187798
187799
187800
187801
187802
187804
187805
187806
187807
187808
187809
187810
187811
187812
187813
187814
187816
187817
187818
187819
187820
187821
187822
187823
187824
187825
187826
187827
187828
187829
187832
187833
187835
187839
187842
187843
187844
187845
187846
187847
187848
187849
187850
187851
187852
187853
187854
187855
187856
187858
187860
187862
187863
187869
187871
187875
187885
187886
187887
187888
187889
187893
187895
188090
188105
188115
188117
188118
188119
188121
188122
188123
188124
188125
188126
188127
188128
188144
188145
188146
188147
188149
188150
188151
188152
188153
188154
188155
188156
188157
188159
188161
188163
188164
188165
188166
188167
188168
188169
188170
188172
188173
188174
188177
188179
188180
188181
188184
188185
188186
188187
188188
188189
188190
188191
188192
188193
188194
188195
188196
188197
188198
188199
188200
188201
188202
188204
188205
188206
188207
188208
188209
188210
188211
188212
188213
188214
188215
188216
188217
188218
188219
188220
188221
188222
188223
188224
188225
188226
188227
188228
188229
188230
188231
188232
188233
188234
188236
188238
188240
188241
188242
188243
188244
188245
188246
188247
188249
188250
188251
188254
188256
188257
188258
188261
188262
188263
188264
188265
188266
188267
188268
188276
188277
188278
188279
188280
188281
188282
188283
188284
188285
188286
188287
188288
188289
188291
188296
188304
188305
188306
188307
188308
188309
188310
188311
188312
188313
188314
188315
188316
188317
188320
188321
188324
188333
188336
188338
188348
188352
188355
188359
188360
188361
188362
188363
188364
188365
188366
188368
188373
188375
188380
188381
188382
188383
188384
188385
188386
188387
188388
188389
188390
188391
188392
188393
188394
188395
188396
188397
188398
188400
188401
188402
188403
188404
188405
188406
188407
188408
188409
188410
188411
188412
188413
188414
188415
188416
188417
188418
188419
188420
188421
188422
188423
188424
188425
188426
188427
188428
188429
188437
188438
188439
188440
188441
188442
188443
188444
188446
188447
188448
188450
188452
188457
188465
188466
188467
188468
188469
188470
188471
188473
188474
188475
188476
188478
188495
188499
188502
188506
188507
188508
188509
188510
188511
188512
188513
188515
188520
188522
188527
188528
188529
188530
188531
188532
188533
188534
188535
188536
188537
188538
188539
188540
188541
188549
188551
188552
188553
188555
188557
188558
188559
188560
188562
188571
188572
188573
188574
188576
188593
188597
188606
188607
188608
188610
188611
188613
188618
188626
188627
188630
188631
188632
188633
188634
188635
188636
188637
188638
188639
188640
188641
188642
188643
188644
188645
188646
188647
188648
188649
188650
188651
188652
188653
188654
188655
188656
188657
188658
188659
188660
188669
188674
188675
188676
188677
188678
188679
188680
188681
188703
188704
188705
188706
188707
188708
188709
188710
188712
188713
188714
188716
188719
188720
188724
188725
188726
188727
188728
188729
188730
188732
188733
188734
188735
188737
188738
188739
188742
188743
188745
188746
188747
188748
188749
188750
188751
188752
188754
188755
188757
188759
188760
188761
188762
188763
188764
188765
188795
188797
188799
188808
188812
188813
188815
188816
188817
188818
188819
188820
188821
188822
188823
188824
188825
188826
188827
188828
188829
188830
188831
188832
188833
188834
188835
188836
188837
188838
188839
188840
188841
188842
188843
188844
188845
188846
188847
188848
188849
188851
188853
188855
188865
188868
188870
188871
188875
188876
188887
188888
188891
188900
188901
188902
188904
188905
188914
188917
188919
188927
188928
188931
188932
188933
188941
188942
188943
188944
188945
188946
188947
188955
188956
188957
188958
188959
188960
188961
188969
188970
188971
188972
188973
188974
188975
188983
188984
188985
188986
188987
188988
188989
188997
188998
188999
189000
189001
189002
189003
189011
189012
189013
189014
189015
189016
189017
189025
189026
189027
189028
189029
189030
189031
189039
189040
189041
189042
189043
189044
189045
189053
189054
189055
189056
189057
189058
189059
189067
189068
189069
189070
189071
189072
189073
189081
189082
189083
189084
189085
189086
189087
189096
189098
189100
189109
189110
189111
189112
189113
189114
189115
189123
189127
189128
189137
189138
189139
189140
189141
189142
189143
189151
189152
189153
189154
189155
189156
189157
189165
189166
189167
189168
189169
189170
189171
189181
189182
189185
189187
189191
189194
189197
189199
189200
189205
189207
189208
189209
189210
189211
189212
189213
189214
189215
189216
189217
189218
189219
189220
189221
189222
189223
189224
189225
189226
189227
189228
189229
189230
189231
189232
189233
189234
189235
189236
189237
189238
189239
189240
189241
189250
189252
189254
189256
189257
189260
189261
189262
189270
189274
189275
189291
189293
189295
189297
189298
189299
189300
189301
189302
189303
189304
189305
189306
189307
189308
189309
189310
189311
189313
189314
189315
189318
189319
189320
189321
189322
189323
189324
189325
189326
189327
189328
189329
189330
189331
189332
189333
189334
189335
189337
189338
189339
189340
189341
189342
189343
189344
189345
189346
189347
189348
189349
189350
189352
189353
189365
189375
189376
189377
189378
189379
189380
189381
189383
189387
189396
189397
189398
189399
189400
189401
189402
189403
189408
189410
189411
189412
189413
189414
189415
189416
189417
189418
189419
189420
189421
189422
189423
189425
189429
189431
189432
189434
189435
189436
189445
189446
189447
189448
189449
189450
189451
189452
189457
189459
189461
189462
189463
189464
189494
189495
189497
189498
189499
189501
189503
189504
189505
189506
189515
189517
189518
189519
189520
189522
189523
189525
189526
189527
189529
189530
189531
189532
189533
189534
189535
189543
189545
189546
189547
189548
189550
189551
189552
189553
189554
189555
189556
189585
189586
189587
189588
189589
189590
189591
189600
189604
189606
189608
189609
189610
189611
189613
189614
189615
189616
189617
189618
189619
189627
189632
189634
189635
189636
189637
189638
189639
189640
189641
189642
189643
189644
189645
189646
189647
189648
189649
189650
189651
189652
189653
189654
189655
189656
189657
189658
189659
189660
189661
189662
189663
189665
189666
189667
189669
189670
189672
189673
189674
189683
189685
189686
189687
189688
189690
189692
189693
189694
189695
189712
189714
189716
189732
189736
189737
189746
189747
189748
189749
189750
189751
189752
189760
189761
189764
189765
189767
189768
189769
189770
189771
189772
189773
189774
189775
189776
189777
189778
189779
189780
189788
189790
189791
189793
189795
189796
189799
189800
189802
189803
189804
189805
189806
189807
189808
189809
189811
189812
189814
189816
189817
189818
189819
189820
189821
189822
189823
189824
189825
189826
189827
189828
189829
189830
189831
189832
189833
189834
189835
189836
189837
189838
189839
189840
189841
189842
189843
189844
189845
189846
189847
189848
189849
189850
189851
189852
189853
189854
189855
189856
189857
189858
189859
189860
189861
189862
189863
189864
189865
189866
189867
189868
189869
189870
189871
189872
189873
189874
189875
189876
189877
189878
189879
189880
189881
189882
189883
189884
189885
189886
189887
189888
189890
189891
189892
189893
189894
189895
189896
189897
189898
189899
189900
189901
189902
189903
189905
189906
189907
189908
189909
189910
189911
189912
189913
189914
189915
189918
189919
189921
189925
189928
189929
189930
189931
189932
189933
189934
189935
189936
189937
189938
189939
189940
189941
189942
189944
189945
189947
189951
189952
189957
189961
189970
189971
189974
189975
189976
189977
189982
190082
190083
190084
190085
190086
190087
190088
190089
190090
190091
190092
190093
190094
190095
190096
190097
190098
190099
190100
190101
190102
190131
190132
190133
190134
190135
190136
190137
190138
190139
190140
190141
190142
190143
190144
190145
190146
190147
190148
190149
190150
190151
190180
190181
190182
190183
190184
190185
190186
190187
190188
190189
190190
190191
190192
190193
190194
190195
190196
190197
190198
190199
190200
190229
190230
190231
190232
190233
190234
190235
190236
190237
190238
190239
190240
190241
190242
190243
190244
190245
190246
190247
190248
190249
190278
190279
190280
190281
190282
190283
190284
190285
190286
190287
190288
190289
190290
190291
190292
190293
190294
190295
190296
190297
190298
190327
190328
190329
190330
190331
190332
190333
190334
190335
190336
190337
190338
190339
190340
190341
190342
190343
190344
190345
190346
190347
190376
190377
190378
190379
190380
190381
190382
190383
190384
190385
190386
190387
190388
190389
190390
190391
190392
190393
190394
190395
190396
190425
190426
190427
190428
190429
190430
190431
190432
190433
190434
190435
190436
190437
190438
190439
190440
190441
190442
190443
190444
190445
190474
190475
190476
190477
190478
190479
190480
190481
190482
190483
190484
190485
190486
190487
190488
190489
190490
190491
190492
190493
190494
190523
190524
190525
190526
190527
190528
190529
190530
190531
190532
190533
190534
190535
190536
190537
190538
190539
190540
190541
190542
190543
190572
190573
190574
190575
190576
190577
190578
190579
190580
190581
190582
190583
190584
190585
190586
190587
190588
190589
190590
190591
190592
190621
190622
190623
190624
190625
190626
190627
190628
190629
190630
190631
190632
190633
190634
190635
190636
190637
190638
190639
190640
190641
190670
190671
190672
190673
190674
190675
190676
190677
190678
190679
190680
190681
190682
190683
190684
190685
190686
190687
190688
190689
190690
190719
190720
190721
190722
190723
190724
190725
190726
190727
190728
190729
190730
190731
190732
190733
190734
190735
190736
190737
190738
190739
190768
190769
190770
190771
190772
190773
190774
190775
190776
190777
190778
190779
190780
190781
190782
190783
190784
190785
190786
190787
190788
190817
190818
190819
190820
190821
190822
190823
190824
190825
190826
190827
190828
190829
190830
190831
190832
190833
190834
190835
190836
190837
190866
190867
190868
190869
190870
190871
190872
190873
190874
190875
190876
190877
190878
190879
190880
190881
190882
190883
190884
190885
190886
190915
190916
190917
190918
190919
190920
190921
190922
190923
190924
190925
190926
190927
190928
190929
190930
190931
190932
190933
190934
190935
190964
190965
190966
190967
190968
190969
190970
190971
190972
190973
190974
190975
190976
190977
190978
190979
190980
190981
190982
190983
190984
191013
191014
191015
191016
191017
191018
191019
191020
191021
191022
191023
191024
191025
191026
191027
191028
191029
191030
191031
191032
191033
191062
191063
191064
191065
191066
191067
191068
191069
191070
191071
191072
191073
191074
191075
191076
191077
191078
191079
191080
191081
191082
191111
191112
191113
191114
191115
191116
191117
191118
191119
191120
191121
191122
191123
191124
191125
191126
191127
191128
191129
191130
191131
191160
191161
191162
191163
191164
191165
191166
191167
191168
191169
191170
191171
191172
191173
191174
191175
191176
191177
191178
191179
191180
191209
191210
191211
191212
191213
191214
191215
191216
191217
191218
191219
191220
191221
191222
191223
191224
191225
191226
191227
191228
191229
191258
191259
191260
191261
191262
191263
191264
191265
191266
191267
191268
191269
191270
191271
191272
191273
191274
191275
191276
191277
191278
191307
191308
191309
191310
191311
191312
191313
191314
191315
191316
191317
191318
191319
191320
191321
191322
191323
191324
191325
191326
191327
191356
191357
191358
191359
191360
191361
191362
191363
191364
191365
191366
191367
191368
191369
191370
191371
191372
191373
191374
191375
191376
191405
191406
191407
191408
191409
191410
191411
191412
191413
191414
191415
191416
191417
191418
191419
191420
191421
191422
191423
191424
191425
191454
191455
191456
191457
191458
191459
191460
191461
191462
191463
191464
191465
191466
191467
191468
191469
191470
191471
191472
191473
191474
191503
191504
191505
191506
191507
191508
191509
191510
191511
191512
191513
191514
191515
191516
191517
191518
191519
191520
191521
191522
191523
191552
191553
191554
191555
191556
191557
191558
191559
191560
191561
191562
191563
191564
191565
191566
191567
191568
191569
191570
191571
191572
191601
191602
191603
191604
191605
191606
191607
191608
191609
191610
191611
191612
191613
191614
191615
191616
191617
191618
191619
191620
191621
191650
191651
191652
191653
191654
191655
191656
191657
191658
191659
191660
191661
191662
191663
191664
191665
191666
191667
191668
191669
191670
191699
191700
191701
191702
191703
191704
191705
191706
191707
191708
191709
191710
191711
191712
191713
191714
191715
191716
191717
191718
191719
191748
191749
191750
191751
191752
191753
191754
191755
191756
191757
191758
191759
191760
191761
191762
191763
191764
191765
191766
191767
191768
191797
191798
191799
191800
191801
191802
191803
191804
191805
191806
191807
191808
191809
191810
191811
191812
191813
191814
191815
191816
191817
191846
191847
191848
191849
191850
191851
191852
191853
191854
191855
191856
191857
191858
191859
191860
191861
191862
191863
191864
191865
191866
191895
191896
191897
191898
191899
191900
191901
191902
191903
191904
191905
191906
191907
191908
191909
191910
191911
191912
191913
191914
191915
191944
191945
191946
191947
191948
191949
191950
191951
191952
191953
191954
191955
191956
191957
191958
191959
191960
191961
191962
191963
191964
191993
191994
191995
191996
191997
191998
191999
192000
192001
192002
192003
192004
192005
192006
192007
192008
192009
192010
192011
192012
192013
192042
192043
192044
192045
192046
192047
192048
192049
192050
192051
192052
192053
192054
192055
192056
192057
192058
192059
192060
192061
192062
192091
192092
192093
192094
192095
192096
192097
192098
192099
192100
192101
192102
192103
192104
192105
192106
192107
192108
192109
192110
192111
192140
192141
192142
192143
192144
192145
192146
192147
192148
192149
192150
192151
192152
192153
192154
192155
192156
192157
192158
192159
192160
192189
192190
192191
192192
192193
192194
192195
192196
192197
192198
192199
192200
192201
192202
192203
192204
192205
192206
192207
192208
192209
192238
192239
192240
192241
192242
192243
192244
192245
192246
192247
192248
192249
192250
192251
192252
192253
192254
192255
192256
192257
192258
192287
192288
192289
192290
192291
192292
192293
192294
192295
192296
192297
192298
192299
192300
192301
192302
192303
192304
192305
192306
192307
192336
192337
192338
192339
192340
192341
192342
192343
192344
192345
192346
192347
192348
192349
192350
192351
192352
192353
192354
192355
192356
192385
192386
192387
192388
192389
192390
192391
192392
192393
192394
192395
192396
192397
192398
192399
192400
192401
192402
192403
192404
192405
192434
192435
192436
192437
192438
192439
192440
192441
192442
192443
192444
192445
192446
192447
192448
192449
192450
192451
192452
192453
192454
192483
192484
192485
192486
192487
192488
192489
192490
192491
192492
192493
192494
192495
192496
192497
192498
192499
192500
192501
192502
192503
192532
192533
192534
192535
192536
192537
192538
192539
192540
192541
192542
192543
192544
192545
192546
192547
192548
192549
192550
192551
192552
192581
192582
192583
192584
192585
192586
192587
192588
192589
192590
192591
192592
192593
192594
192595
192596
192597
192598
192599
192600
192601
192630
192631
192632
192633
192634
192635
192636
192637
192638
192639
192640
192641
192642
192643
192644
192645
192646
192647
192648
192649
192650
192679
192680
192681
192682
192683
192684
192685
192686
192687
192688
192689
192690
192691
192692
192693
192694
192695
192696
192697
192698
192699
192728
192729
192730
192731
192732
192733
192734
192735
192736
192737
192738
192739
192740
192741
192742
192743
192744
192745
192746
192747
192748
192777
192778
192779
192780
192781
192782
192783
192784
192785
192786
192787
192788
192789
192790
192791
192792
192793
192794
192795
192796
192797
192826
192827
192828
192829
192830
192831
192832
192833
192834
192835
192836
192837
192838
192839
192840
192841
192842
192843
192844
192845
192846
192875
192876
192877
192878
192879
192880
192881
192882
192883
192884
192885
192886
192887
192888
192889
192890
192891
192892
192893
192894
192895
192924
192925
192926
192927
192928
192929
192930
192931
192932
192933
192934
192935
192936
192937
192938
192939
192940
192941
192942
192943
192944
192973
192974
192975
192976
192977
192978
192979
192980
192981
192982
192983
192984
192985
192986
192987
192988
192989
192990
192991
192992
192993
193022
193023
193024
193025
193026
193027
193028
193029
193030
193031
193032
193033
193034
193035
193036
193037
193038
193039
193040
193041
193042
193071
193072
193073
193074
193075
193076
193077
193078
193079
193080
193081
193082
193083
193084
193085
193086
193087
193088
193089
193090
193091
193120
193121
193122
193123
193124
193125
193126
193127
193128
193129
193130
193131
193132
193133
193134
193135
193136
193137
193138
193139
193140
193169
193170
193171
193172
193173
193174
193175
193176
193177
193178
193179
193180
193181
193182
193183
193184
193185
193186
193187
193188
193189
193218
193219
193220
193221
193222
193223
193224
193225
193226
193227
193228
193229
193230
193231
193232
193233
193234
193235
193236
193237
193238
193267
193268
193269
193270
193271
193272
193273
193274
193275
193276
193277
193278
193279
193280
193281
193282
193283
193284
193285
193286
193287
193316
193317
193318
193319
193320
193321
193322
193323
193324
193325
193326
193327
193328
193329
193330
193331
193332
193333
193334
193335
193336
193365
193366
193367
193368
193369
193370
193371
193372
193373
193374
193375
193376
193377
193378
193379
193380
193381
193382
193383
193384
193385
193414
193415
193416
193417
193418
193419
193420
193421
193422
193423
193424
193425
193426
193427
193428
193429
193430
193431
193432
193433
193434
193463
193464
193465
193466
193467
193468
193469
193470
193471
193472
193473
193474
193475
193476
193477
193478
193479
193480
193481
193482
193483
193512
193513
193514
193515
193516
193517
193518
193519
193520
193521
193522
193523
193524
193525
193526
193527
193528
193529
193530
193531
193532
193561
193562
193563
193564
193565
193566
193567
193568
193569
193570
193571
193572
193573
193574
193575
193576
193577
193578
193579
193580
193581
193610
193611
193612
193613
193614
193615
193616
193617
193618
193619
193620
193621
193622
193623
193624
193625
193626
193627
193628
193629
193630
193659
193660
193661
193662
193663
193664
193665
193666
193667
193668
193669
193670
193671
193672
193673
193674
193675
193676
193677
193678
193679
193708
193709
193710
193711
193712
193713
193714
193715
193716
193717
193718
193719
193720
193721
193722
193723
193724
193725
193726
193727
193728
193757
193758
193759
193760
193761
193762
193763
193764
193765
193766
193767
193768
193769
193770
193771
193772
193773
193774
193775
193776
193777
193806
193807
193808
193809
193810
193811
193812
193813
193814
193815
193816
193817
193818
193819
193820
193821
193822
193823
193824
193825
193826
193855
193856
193857
193858
193859
193860
193861
193862
193863
193864
193865
193866
193867
193868
193869
193870
193871
193872
193873
193874
193875
193904
193905
193906
193907
193908
193909
193910
193911
193912
193913
193914
193915
193916
193917
193918
193919
193920
193921
193922
193923
193924
193953
193954
193955
193956
193957
193958
193959
193960
193961
193962
193963
193964
193965
193966
193967
193968
193969
193970
193971
193972
193973
194002
194003
194004
194005
194006
194007
194008
194009
194010
194011
194012
194013
194014
194015
194016
194017
194018
194019
194020
194021
194022
194051
194052
194053
194054
194055
194056
194057
194058
194059
194060
194061
194062
194063
194064
194065
194066
194067
194068
194069
194070
194071
194100
194101
194102
194103
194104
194105
194106
194107
194108
194109
194110
194111
194112
194113
194114
194115
194116
194117
194118
194119
194120
194149
194150
194151
194152
194153
194154
194155
194156
194157
194158
194159
194160
194161
194162
194163
194164
194165
194166
194167
194168
194169
194198
194199
194200
194201
194202
194203
194204
194205
194206
194207
194208
194209
194210
194211
194212
194213
194214
194215
194216
194217
194218
194247
194248
194249
194250
194251
194252
194253
194254
194255
194256
194257
194258
194259
194260
194261
194262
194263
194264
194265
194266
194267
194296
194297
194298
194299
194300
194301
194302
194303
194304
194305
194306
194307
194308
194309
194310
194311
194312
194313
194314
194315
194316
194345
194346
194347
194348
194349
194350
194351
194352
194353
194354
194355
194356
194357
194358
194359
194360
194361
194362
194363
194364
194365
194394
194395
194396
194397
194398
194399
194400
194401
194402
194403
194404
194405
194406
194407
194408
194409
194410
194411
194412
194413
194414
194443
194444
194445
194446
194447
194448
194449
194450
194451
194452
194453
194454
194455
194456
194457
194458
194459
194460
194461
194462
194463
194492
194493
194494
194495
194496
194497
194498
194499
194500
194501
194502
194503
194504
194505
194506
194507
194508
194509
194510
194511
194512
194541
194542
194543
194544
194545
194546
194547
194548
194549
194550
194551
194552
194553
194554
194555
194556
194557
194558
194559
194560
194561
194590
194591
194592
194593
194594
194595
194596
194597
194598
194599
194600
194601
194602
194603
194604
194605
194606
194607
194608
194609
194610
194639
194640
194641
194642
194643
194644
194645
194646
194647
194648
194649
194650
194651
194652
194653
194654
194655
194656
194657
194658
194659
194688
194689
194690
194691
194692
194693
194694
194695
194696
194697
194698
194699
194700
194701
194702
194703
194704
194705
194706
194707
194708
194737
194738
194739
194740
194741
194742
194743
194744
194745
194746
194747
194748
194749
194750
194751
194752
194753
194754
194755
194756
194757
194786
194787
194788
194789
194790
194791
194792
194793
194794
194795
194796
194797
194798
194799
194800
194801
194802
194803
194804
194805
194806
194835
194836
194837
194838
194839
194840
194841
194842
194843
194844
194845
194846
194847
194848
194849
194850
194851
194852
194853
194854
194855
194884
194885
194886
194887
194888
194889
194890
194891
194892
194893
194894
194895
194896
194897
194898
194899
194900
194901
194902
194903
194904
194933
194934
194935
194936
194937
194938
194939
194940
194941
194942
194943
194944
194945
194946
194947
194948
194949
194950
194951
194952
194953
194982
194983
194984
194985
194986
194987
194988
194989
194990
194991
194992
194993
194994
194995
194996
194997
194998
194999
195000
195001
195002
195031
195032
195033
195034
195035
195036
195037
195038
195039
195040
195041
195042
195043
195044
195045
195046
195047
195048
195049
195050
195051
195080
195081
195082
195083
195084
195085
195086
195087
195088
195089
195090
195091
195092
195093
195094
195095
195096
195097
195098
195099
195100
195129
195130
195131
195132
195133
195134
195135
195136
195137
195138
195139
195140
195141
195142
195143
195144
195145
195146
195147
195148
195149
195178
195179
195180
195181
195182
195183
195184
195185
195186
195187
195188
195189
195190
195191
195192
195193
195194
195195
195196
195197
195198
195227
195228
195229
195230
195231
195232
195233
195234
195235
195236
195237
195238
195239
195240
195241
195242
195243
195244
195245
195246
195247
195276
195277
195278
195279
195280
195281
195282
195283
195284
195285
195286
195287
195288
195289
195290
195291
195292
195293
195294
195295
195296
195325
195326
195327
195328
195329
195330
195331
195332
195333
195334
195335
195336
195337
195338
195339
195340
195341
195342
195343
195344
195345
195374
195375
195376
195377
195378
195379
195380
195381
195382
195383
195384
195385
195386
195387
195388
195389
195390
195391
195392
195393
195394
195423
195424
195425
195426
195427
195428
195429
195430
195431
195432
195433
195434
195435
195436
195437
195438
195439
195440
195441
195442
195443
195472
195473
195474
195475
195476
195477
195478
195479
195480
195481
195482
195483
195484
195485
195486
195487
195488
195489
195490
195491
195492
195521
195522
195523
195524
195525
195526
195527
195528
195529
195530
195531
195532
195533
195534
195535
195536
195537
195538
195539
195540
195541
195570
195571
195572
195573
195574
195575
195576
195577
195578
195579
195580
195581
195582
195583
195584
195585
195586
195587
195588
195589
195590
195619
195620
195621
195622
195623
195624
195625
195626
195627
195628
195629
195630
195631
195632
195633
195634
195635
195636
195637
195638
195639
195668
195669
195670
195671
195672
195673
195674
195675
195676
195677
195678
195679
195680
195681
195682
195683
195684
195685
195686
195687
195688
195717
195718
195719
195720
195721
195722
195723
195724
195725
195726
195727
195728
195729
195730
195731
195732
195733
195734
195735
195736
195737
195766
195767
195768
195769
195770
195771
195772
195773
195774
195775
195776
195777
195778
195779
195780
195781
195782
195783
195784
195785
195786
195815
195816
195817
195818
195819
195820
195821
195822
195823
195824
195825
195826
195827
195828
195829
195830
195831
195832
195833
195834
195835
195864
195865
195866
195867
195868
195869
195870
195871
195872
195873
195874
195875
195876
195877
195878
195879
195880
195881
195882
195883
195884
195913
195914
195915
195916
195917
195918
195919
195920
195921
195922
195923
195924
195925
195926
195927
195928
195929
195930
195931
195932
195933
195962
195963
195964
195965
195966
195967
195968
195969
195970
195971
195972
195973
195974
195975
195976
195977
195978
195979
195980
195981
195982
196011
196012
196013
196014
196015
196016
196017
196018
196019
196020
196021
196022
196023
196024
196025
196026
196027
196028
196029
196030
196031
196060
196061
196062
196063
196064
196065
196066
196067
196068
196069
196070
196071
196072
196073
196074
196075
196076
196077
196078
196079
196080
196109
196110
196111
196112
196113
196114
196115
196116
196117
196118
196119
196120
196121
196122
196123
196124
196125
196126
196127
196128
196129
196158
196159
196160
196161
196162
196163
196164
196165
196166
196167
196168
196169
196170
196171
196172
196173
196174
196175
196176
196177
196178
196207
196208
196209
196210
196211
196212
196213
196214
196215
196216
196217
196218
196219
196220
196221
196222
196223
196224
196225
196226
196227
196256
196257
196258
196259
196260
196261
196262
196263
196264
196265
196266
196267
196268
196269
196270
196271
196272
196273
196274
196275
196276
196305
196306
196307
196308
196309
196310
196311
196312
196313
196314
196315
196316
196317
196318
196319
196320
196321
196322
196323
196324
196325
196354
196355
196356
196357
196358
196359
196360
196361
196362
196363
196364
196365
196366
196367
196368
196369
196370
196371
196372
196373
196374
210845
210846
210847
210848
210849
210850
210851
210873
210876
210877
211219
211220
211223
211224
211225
211226
211227
211228
211229
211251
211252
211253
211254
211255
211256
211257
211279
211280
211281
211282
211283
211284
211285
211293
211294
211295
211296
211297
211298
211299
211300
211301
211302
211303
211304
211305
211306
211328
211329
211330
211331
211332
211333
211334
211622
211623
211624
211625
211626
211627
211628
211629
211630
211631
211632
211633
211634
211635
211657
211658
211659
211660
211661
211662
211663
211685
211686
211687
211688
211689
211690
211691
211699
211700
211701
211702
211703
211704
211705
211706
211707
211708
211709
211710
211711
211712
211734
211735
211736
211737
211738
211739
211740
211789
212021
212022
212023
212024
212025
212026
212027
212028
212029
212030
212031
212032
212033
212034
212035
212036
212037
212038
212039
212040
212041
212056
212057
212058
212059
212060
212061
212062
212063
212064
212065
212066
212067
212068
212069
212084
212085
212086
212087
212088
212089
212090
212091
212092
212093
212094
212095
212096
212097
212105
212106
212107
212108
212109
212110
212111
212112
212113
212114
212115
212116
212117
212118
212136
212137
212138
212139
212140
212141
212142
212143
212144
212145
212146
212175
212176
212177
212178
212179
212180
212181
212189
212190
212191
212192
212193
212194
212195
212231
212232
212233
212234
212235
212236
212237
212238
212239
212240
212241
212242
212243
212244
212259
212261
212262
212263
212264
212265
212266
212267
212268
212269
212270
212271
212272
212273
212274
212275
212276
212277
212278
212279
212280
212281
212282
212283
212284
212285
212286
212287
212288
212289
212290
212291
212292
212293
212427
212428
212429
212430
212431
212432
212433
212434
212435
212436
212437
212438
212439
212440
212441
212442
212443
212444
212445
212446
212447
212462
212463
212464
212465
212466
212467
212468
212469
212470
212471
212472
212473
212474
212475
212490
212491
212492
212493
212494
212495
212496
212497
212498
212499
212500
212501
212502
212503
212511
212512
212513
212514
212515
212516
212517
212518
212519
212520
212521
212522
212523
212524
212539
212540
212541
212542
212543
212544
212545
212546
212547
212548
212549
212550
212551
212552
212553
212554
212555
212556
212557
212558
212559
212574
212575
212576
212577
212578
212579
212580
212581
212582
212583
212584
212585
212586
212587
212595
212596
212597
212598
212599
212600
212601
212609
212610
212611
212612
212613
212614
212615
212630
212631
212632
212633
212634
212635
212636
212637
212638
212639
212640
212641
212642
212643
212644
212645
212646
212647
212648
212649
212650
212665
212666
212667
212668
212669
212670
212671
212672
212673
212674
212675
212676
212677
212678
212679
212680
212681
212682
212683
212684
212685
212686
212687
212688
212689
212690
212691
212692
212693
212694
212695
212696
212697
212698
212699
212714
212715
212716
212717
212718
212719
212720
212833
212834
212835
212836
212837
212838
212839
212840
212841
212842
212843
212844
212845
212846
212847
212848
212849
212850
212851
212852
212853
212868
212869
212870
212871
212872
212873
212874
212875
212876
212877
212878
212879
212880
212881
212896
212897
212898
212899
212900
212901
212902
212903
212904
212905
212906
212907
212908
212909
212917
212918
212919
212920
212921
212922
212923
212924
212925
212926
212927
212928
212929
212930
212945
212946
212947
212948
212949
212950
212951
212952
212953
212954
212955
212956
212957
212958
212959
212960
212961
212962
212963
212964
212965
212980
212981
212982
212983
212984
212985
212986
212987
212988
212989
212990
212991
212992
212993
213001
213002
213003
213004
213005
213006
213007
213015
213016
213017
213018
213019
213020
213021
213036
213037
213038
213039
213040
213041
213042
213043
213044
213045
213046
213047
213048
213049
213050
213051
213052
213053
213054
213055
213056
213071
213072
213073
213074
213075
213076
213077
213078
213079
213080
213081
213082
213083
213084
213085
213086
213087
213088
213089
213090
213091
213092
213093
213094
213095
213096
213097
213098
213099
213100
213101
213102
213103
213104
213105
213120
213121
213122
213123
213124
213125
213126
213239
213240
213241
213242
213243
213244
213245
213246
213247
213248
213249
213250
213251
213252
213253
213254
213255
213256
213257
213258
213259
213274
213275
213276
213277
213278
213279
213280
213281
213282
213283
213284
213285
213286
213287
213302
213303
213304
213305
213306
213307
213308
213309
213310
213311
213312
213313
213314
213315
213323
213324
213325
213326
213327
213328
213329
213330
213331
213332
213333
213334
213335
213336
213351
213352
213353
213354
213355
213356
213357
213358
213359
213360
213361
213362
213363
213364
213365
213366
213367
213368
213369
213370
213371
213386
213387
213388
213389
213390
213391
213392
213393
213394
213395
213396
213397
213398
213399
213407
213408
213409
213410
213411
213412
213413
213421
213422
213423
213424
213425
213426
213427
213442
213443
213444
213445
213446
213447
213448
213449
213450
213451
213452
213453
213454
213455
213456
213457
213458
213459
213460
213461
213462
213477
213478
213479
213480
213481
213482
213483
213484
213485
213486
213487
213488
213489
213490
213491
213492
213493
213494
213495
213496
213497
213498
213499
213500
213501
213502
213503
213504
213505
213506
213507
213508
213509
213510
213511
213526
213527
213528
213529
213530
213531
213532
213645
213646
213647
213648
213649
213650
213651
213652
213653
213654
213655
213656
213657
213658
213659
213660
213661
213662
213663
213664
213665
213680
213681
213682
213683
213684
213685
213686
213687
213688
213689
213690
213691
213692
213693
213708
213709
213710
213711
213712
213713
213714
213715
213716
213717
213718
213719
213720
213721
213729
213730
213731
213732
213733
213734
213735
213736
213737
213738
213739
213740
213741
213742
213757
213758
213759
213760
213761
213762
213763
213764
213765
213766
213767
213768
213769
213770
213771
213772
213773
213774
213775
213776
213777
213792
213793
213794
213795
213796
213797
213798
213799
213800
213801
213802
213803
213804
213805
213813
213814
213815
213816
213817
213818
213819
213827
213828
213829
213830
213831
213832
213833
213848
213849
213850
213851
213852
213853
213854
213855
213856
213857
213858
213859
213860
213861
213862
213863
213864
213865
213866
213867
213868
213883
213884
213885
213886
213887
213888
213889
213890
213891
213892
213893
213894
213895
213896
213897
213898
213899
213900
213901
213902
213903
213904
213905
213906
213907
213908
213909
213910
213911
213912
213913
213914
213915
213916
213917
213932
213933
213934
213935
213936
213937
213938
214051
214052
214053
214054
214055
214056
214057
214058
214059
214060
214061
214062
214063
214064
214065
214066
214067
214068
214069
214070
214071
214086
214087
214088
214089
214090
214091
214092
214093
214094
214095
214096
214097
214098
214099
214114
214115
214116
214117
214118
214119
214120
214121
214122
214123
214124
214125
214126
214127
214135
214136
214137
214138
214139
214140
214141
214142
214143
214144
214145
214146
214147
214148
214163
214164
214165
214166
214167
214168
214169
214170
214171
214172
214173
214174
214175
214176
214177
214178
214179
214180
214181
214182
214183
214198
214199
214200
214201
214202
214203
214204
214205
214206
214207
214208
214209
214210
214211
214219
214220
214221
214222
214223
214224
214225
214233
214234
214235
214236
214237
214238
214239
214254
214255
214256
214257
214258
214259
214260
214261
214262
214263
214264
214265
214266
214267
214268
214269
214270
214271
214272
214273
214274
214289
214290
214291
214292
214293
214294
214295
214296
214297
214298
214299
214300
214301
214302
214303
214304
214305
214306
214307
214308
214309
214310
214311
214312
214313
214314
214315
214316
214317
214318
214319
214320
214321
214322
214323
214338
214339
214340
214341
214342
214343
214344
214457
214458
214459
214460
214461
214462
214463
214464
214465
214466
214467
214468
214469
214470
214471
214472
214473
214474
214475
214476
214477
214492
214493
214494
214495
214496
214497
214498
214499
214500
214501
214502
214503
214504
214505
214520
214521
214522
214523
214524
214525
214526
214527
214528
214529
214530
214531
214532
214533
214541
214542
214543
214544
214545
214546
214547
214548
214549
214550
214551
214552
214553
214554
214569
214570
214571
214572
214573
214574
214575
214576
214577
214578
214579
214580
214581
214582
214583
214584
214585
214586
214587
214588
214589
214604
214605
214606
214607
214608
214609
214610
214611
214612
214613
214614
214615
214616
214617
214625
214626
214627
214628
214629
214630
214631
214639
214640
214641
214642
214643
214644
214645
214660
214661
214662
214663
214664
214665
214666
214667
214668
214669
214670
214671
214672
214673
214674
214675
214676
214677
214678
214679
214680
214695
214696
214697
214698
214699
214700
214701
214702
214703
214704
214705
214706
214707
214708
214709
214710
214711
214712
214713
214714
214715
214716
214717
214718
214719
214720
214721
214722
214723
214724
214725
214726
214727
214728
214729
214744
214745
214746
214747
214748
214749
214750
214863
214864
214865
214866
214867
214868
214869
214870
214871
214872
214873
214874
214875
214876
214877
214878
214879
214880
214881
214882
214883
214898
214899
214900
214901
214902
214903
214904
214905
214906
214907
214908
214909
214910
214911
214926
214927
214928
214929
214930
214931
214932
214933
214934
214935
214936
214937
214938
214939
214947
214948
214949
214950
214951
214952
214953
214954
214955
214956
214957
214958
214959
214960
214975
214976
214977
214978
214979
214980
214981
214982
214983
214984
214985
214986
214987
214988
214989
214990
214991
214992
214993
214994
214995
215010
215011
215012
215013
215014
215015
215016
215017
215018
215019
215020
215021
215022
215023
215031
215032
215033
215034
215035
215036
215037
215045
215046
215047
215048
215049
215050
215051
215066
215067
215068
215069
215070
215071
215072
215073
215074
215075
215076
215077
215078
215079
215080
215081
215082
215083
215084
215085
215086
215101
215102
215103
215104
215105
215106
215107
215108
215109
215110
215111
215112
215113
215114
215115
215116
215117
215118
215119
215120
215121
215122
215123
215124
215125
215126
215127
215128
215129
215130
215131
215132
215133
215134
215135
215150
215151
215152
215153
215154
215155
215156
215269
215270
215271
215272
215273
215274
215275
215276
215277
215278
215279
215280
215281
215282
215283
215284
215285
215286
215287
215288
215289
215304
215305
215306
215307
215308
215309
215310
215311
215312
215313
215314
215315
215316
215317
215332
215333
215334
215335
215336
215337
215338
215339
215340
215341
215342
215343
215344
215345
215353
215354
215355
215356
215357
215358
215359
215360
215361
215362
215363
215364
215365
215366
215381
215382
215383
215384
215385
215386
215387
215388
215389
215390
215391
215392
215393
215394
215395
215396
215397
215398
215399
215400
215401
215416
215417
215418
215419
215420
215421
215422
215423
215424
215425
215426
215427
215428
215429
215437
215438
215439
215440
215441
215442
215443
215451
215452
215453
215454
215455
215456
215457
215472
215473
215474
215475
215476
215477
215478
215479
215480
215481
215482
215483
215484
215485
215486
215487
215488
215489
215490
215491
215492
215507
215508
215509
215510
215511
215512
215513
215514
215515
215516
215517
215518
215519
215520
215521
215522
215523
215524
215525
215526
215527
215528
215529
215530
215531
215532
215533
215534
215535
215536
215537
215538
215539
215540
215541
215556
215557
215558
215559
215560
215561
215562
215675
215676
215677
215678
215679
215680
215681
215682
215683
215684
215685
215686
215687
215688
215689
215690
215691
215692
215693
215694
215695
215710
215711
215712
215713
215714
215715
215716
215717
215718
215719
215720
215721
215722
215723
215738
215739
215740
215741
215742
215743
215744
215745
215746
215747
215748
215749
215750
215751
215759
215760
215761
215762
215763
215764
215765
215766
215767
215768
215769
215770
215771
215772
215787
215788
215789
215790
215791
215792
215793
215794
215795
215796
215797
215798
215799
215800
215801
215802
215803
215804
215805
215806
215807
215822
215823
215824
215825
215826
215827
215828
215829
215830
215831
215832
215833
215834
215835
215843
215844
215845
215846
215847
215848
215849
215857
215858
215859
215860
215861
215862
215863
215878
215879
215880
215881
215882
215883
215884
215885
215886
215887
215888
215889
215890
215891
215892
215893
215894
215895
215896
215897
215898
215913
215914
215915
215916
215917
215918
215919
215920
215921
215922
215923
215924
215925
215926
215927
215928
215929
215930
215931
215932
215933
215934
215935
215936
215937
215938
215939
215940
215941
215942
215943
215944
215945
215946
215947
215962
215963
215964
215965
215966
215967
215968
216081
216082
216083
216084
216085
216086
216087
216088
216089
216090
216091
216092
216093
216094
216095
216096
216097
216098
216099
216100
216101
216116
216117
216118
216119
216120
216121
216122
216123
216124
216125
216126
216127
216128
216129
216144
216145
216146
216147
216148
216149
216150
216151
216152
216153
216154
216155
216156
216157
216165
216166
216167
216168
216169
216170
216171
216172
216173
216174
216175
216176
216177
216178
216193
216194
216195
216196
216197
216198
216199
216200
216201
216202
216203
216204
216205
216206
216207
216208
216209
216210
216211
216212
216213
216228
216229
216230
216231
216232
216233
216234
216235
216236
216237
216238
216239
216240
216241
216249
216250
216251
216252
216253
216254
216255
216263
216264
216265
216266
216267
216268
216269
216284
216285
216286
216287
216288
216289
216290
216291
216292
216293
216294
216295
216296
216297
216298
216299
216300
216301
216302
216303
216304
216319
216320
216321
216322
216323
216324
216325
216326
216327
216328
216329
216330
216331
216332
216333
216334
216335
216336
216337
216338
216339
216340
216341
216342
216343
216344
216345
216346
216347
216348
216349
216350
216351
216352
216353
216368
216369
216370
216371
216372
216373
216374
216487
216488
216489
216490
216491
216492
216493
216529
216530
216531
216532
216533
216534
216535
216550
216551
216552
216553
216554
216555
216556
216599
216600
216601
216602
216603
216604
216605
216620
216621
216622
216623
216624
216625
216626
216641
216642
216643
216644
216645
216646
216647
233091
233092
233093
233094
233095
233096
233097
233098
233099
233100
233101
233102
233103
233104
233147
233148
233149
233150
233151
233152
233153
233154
233155
233156
233157
233158
233159
233160
233161
233162
233163
233164
233165
233166
233167
233168
233169
233170
233171
233172
233173
233174
233672
233673
233674
233675
233676
233677
233678
233679
233680
233681
233682
233683
233684
233685
233686
233687
233688
233689
233690
233691
233692
233735
233736
233737
233738
233739
233740
233741
233742
233743
233744
233745
233746
233747
233748
233749
233750
233751
233752
233753
233754
233755
233756
233757
233758
233759
233760
233761
233762
233826
233827
233828
233829
233830
233831
233832
233854
233855
233856
233857
233858
233859
233860
234239
234240
234241
234242
234243
234244
234245
234246
234247
234248
234249
234250
234251
234252
234253
234254
234255
234256
234257
234258
234259
234260
234261
234262
234263
234264
234265
234266
234267
234268
234269
234270
234271
234272
234273
234274
234275
234276
234277
234278
234279
234280
234323
234324
234325
234326
234327
234328
234329
234330
234331
234332
234333
234334
234335
234336
234337
234338
234339
234340
234341
234342
234343
234344
234345
234346
234347
234348
234349
234350
234414
234415
234416
234417
234418
234419
234420
234435
234436
234437
234438
234439
234440
234441
234442
234443
234444
234445
234446
234447
234448
234526
234527
234528
234529
234530
234531
234532
234568
234569
234570
234571
234572
234573
234574
234827
234828
234829
234830
234831
234832
234833
234834
234835
234836
234837
234838
234839
234840
234841
234842
234843
234844
234845
234846
234847
234848
234849
234850
234851
234852
234853
234854
234855
234856
234857
234858
234859
234860
234861
234862
234863
234864
234865
234866
234867
234868
234883
234884
234885
234886
234887
234888
234889
234890
234891
234892
234893
234894
234895
234896
234897
234898
234899
234900
234901
234902
234903
234911
234912
234913
234914
234915
234916
234917
234918
234919
234920
234921
234922
234923
234924
234925
234926
234927
234928
234929
234930
234931
234932
234933
234934
234935
234936
234937
234938
234946
234947
234948
234949
234950
234951
234952
234953
234954
234955
234956
234957
234958
234959
234995
234996
234997
234998
234999
235000
235001
235002
235003
235004
235005
235006
235007
235008
235023
235024
235025
235026
235027
235028
235029
235030
235031
235032
235033
235034
235035
235036
235058
235059
235060
235061
235062
235063
235064
235065
235066
235067
235068
235069
235070
235071
235107
235108
235109
235110
235111
235112
235113
235114
235115
235116
235117
235118
235119
235120
235149
235150
235151
235152
235153
235154
235155
235156
235157
235158
235159
235160
235161
235162
235191
235192
235193
235194
235195
235196
235197
235198
235199
235200
235201
235202
235203
235204
235219
235220
235221
235222
235223
235224
235225
235240
235241
235242
235243
235244
235245
235246
235247
235248
235249
235250
235251
235252
235253
235254
235255
235256
235257
235258
235259
235260
235289
235290
235291
235292
235293
235294
235295
235296
235297
235298
235299
235300
235301
235302
235303
235304
235305
235306
235307
235308
235309
235415
235416
235417
235418
235419
235420
235421
235422
235423
235424
235425
235426
235427
235428
235429
235430
235431
235432
235433
235434
235435
235436
235437
235438
235439
235440
235441
235442
235443
235444
235445
235446
235447
235448
235449
235450
235451
235452
235453
235454
235455
235456
235471
235472
235473
235474
235475
235476
235477
235478
235479
235480
235481
235482
235483
235484
235485
235486
235487
235488
235489
235490
235491
235499
235500
235501
235502
235503
235504
235505
235506
235507
235508
235509
235510
235511
235512
235513
235514
235515
235516
235517
235518
235519
235520
235521
235522
235523
235524
235525
235526
235534
235535
235536
235537
235538
235539
235540
235541
235542
235543
235544
235545
235546
235547
235576
235577
235578
235579
235580
235581
235582
235583
235584
235585
235586
235587
235588
235589
235590
235591
235592
235593
235594
235595
235596
235611
235612
235613
235614
235615
235616
235617
235618
235619
235620
235621
235622
235623
235624
235639
235640
235641
235642
235643
235644
235645
235646
235647
235648
235649
235650
235651
235652
235653
235654
235655
235656
235657
235658
235659
235660
235661
235662
235663
235664
235665
235666
235667
235668
235669
235670
235671
235672
235673
235695
235696
235697
235698
235699
235700
235701
235702
235703
235704
235705
235706
235707
235708
235737
235738
235739
235740
235741
235742
235743
235744
235745
235746
235747
235748
235749
235750
235779
235780
235781
235782
235783
235784
235785
235786
235787
235788
235789
235790
235791
235792
235793
235794
235795
235796
235797
235798
235799
235800
235801
235802
235803
235804
235805
235806
235807
235808
235809
235810
235811
235812
235813
235814
235815
235816
235817
235818
235819
235820
235821
235822
235823
235824
235825
235826
235827
235828
235829
235830
235831
235832
235833
235834
235835
235836
235837
235838
235839
235840
235841
235842
235843
235844
235845
235846
235847
235848
235877
235878
235879
235880
235881
235882
235883
235884
235885
235886
235887
235888
235889
235890
235891
235892
235893
235894
235895
235896
235897
236003
236004
236005
236006
236007
236008
236009
236010
236011
236012
236013
236014
236015
236016
236017
236018
236019
236020
236021
236022
236023
236024
236025
236026
236027
236028
236029
236030
236031
236032
236033
236034
236035
236036
236037
236038
236039
236040
236041
236042
236043
236044
236059
236060
236061
236062
236063
236064
236065
236066
236067
236068
236069
236070
236071
236072
236073
236074
236075
236076
236077
236078
236079
236087
236088
236089
236090
236091
236092
236093
236094
236095
236096
236097
236098
236099
236100
236101
236102
236103
236104
236105
236106
236107
236108
236109
236110
236111
236112
236113
236114
236122
236123
236124
236125
236126
236127
236128
236129
236130
236131
236132
236133
236134
236135
236164
236165
236166
236167
236168
236169
236170
236171
236172
236173
236174
236175
236176
236177
236178
236179
236180
236181
236182
236183
236184
236199
236200
236201
236202
236203
236204
236205
236206
236207
236208
236209
236210
236211
236212
236227
236228
236229
236230
236231
236232
236233
236234
236235
236236
236237
236238
236239
236240
236241
236242
236243
236244
236245
236246
236247
236248
236249
236250
236251
236252
236253
236254
236255
236256
236257
236258
236259
236260
236261
236283
236284
236285
236286
236287
236288
236289
236290
236291
236292
236293
236294
236295
236296
236325
236326
236327
236328
236329
236330
236331
236332
236333
236334
236335
236336
236337
236338
236367
236368
236369
236370
236371
236372
236373
236374
236375
236376
236377
236378
236379
236380
236381
236382
236383
236384
236385
236386
236387
236388
236389
236390
236391
236392
236393
236394
236395
236396
236397
236398
236399
236400
236401
236402
236403
236404
236405
236406
236407
236408
236409
236410
236411
236412
236413
236414
236415
236416
236417
236418
236419
236420
236421
236422
236423
236424
236425
236426
236427
236428
236429
236430
236431
236432
236433
236434
236435
236436
236465
236466
236467
236468
236469
236470
236471
236472
236473
236474
236475
236476
236477
236478
236479
236480
236481
236482
236483
236484
236485
236591
236592
236593
236594
236595
236596
236597
236598
236599
236600
236601
236602
236603
236604
236605
236606
236607
236608
236609
236610
236611
236612
236613
236614
236615
236616
236617
236618
236619
236620
236621
236622
236623
236624
236625
236626
236627
236628
236629
236630
236631
236632
236647
236648
236649
236650
236651
236652
236653
236654
236655
236656
236657
236658
236659
236660
236661
236662
236663
236664
236665
236666
236667
236675
236676
236677
236678
236679
236680
236681
236682
236683
236684
236685
236686
236687
236688
236689
236690
236691
236692
236693
236694
236695
236696
236697
236698
236699
236700
236701
236702
236710
236711
236712
236713
236714
236715
236716
236717
236718
236719
236720
236721
236722
236723
236752
236753
236754
236755
236756
236757
236758
236759
236760
236761
236762
236763
236764
236765
236766
236767
236768
236769
236770
236771
236772
236787
236788
236789
236790
236791
236792
236793
236794
236795
236796
236797
236798
236799
236800
236815
236816
236817
236818
236819
236820
236821
236822
236823
236824
236825
236826
236827
236828
236829
236830
236831
236832
236833
236834
236835
236836
236837
236838
236839
236840
236841
236842
236843
236844
236845
236846
236847
236848
236849
236871
236872
236873
236874
236875
236876
236877
236878
236879
236880
236881
236882
236883
236884
236913
236914
236915
236916
236917
236918
236919
236920
236921
236922
236923
236924
236925
236926
236955
236956
236957
236958
236959
236960
236961
236962
236963
236964
236965
236966
236967
236968
236969
236970
236971
236972
236973
236974
236975
236976
236977
236978
236979
236980
236981
236982
236983
236984
236985
236986
236987
236988
236989
236990
236991
236992
236993
236994
236995
236996
236997
236998
236999
237000
237001
237002
237003
237004
237005
237006
237007
237008
237009
237010
237011
237012
237013
237014
237015
237016
237017
237018
237019
237020
237021
237022
237023
237024
237053
237054
237055
237056
237057
237058
237059
237060
237061
237062
237063
237064
237065
237066
237067
237068
237069
237070
237071
237072
237073
237179
237180
237181
237182
237183
237184
237185
237186
237187
237188
237189
237190
237191
237192
237193
237194
237195
237196
237197
237198
237199
237200
237201
237202
237203
237204
237205
237206
237207
237208
237209
237210
237211
237212
237213
237214
237215
237216
237217
237218
237219
237220
237235
237236
237237
237238
237239
237240
237241
237242
237243
237244
237245
237246
237247
237248
237249
237250
237251
237252
237253
237254
237255
237263
237264
237265
237266
237267
237268
237269
237270
237271
237272
237273
237274
237275
237276
237277
237278
237279
237280
237281
237282
237283
237284
237285
237286
237287
237288
237289
237290
237298
237299
237300
237301
237302
237303
237304
237305
237306
237307
237308
237309
237310
237311
237340
237341
237342
237343
237344
237345
237346
237347
237348
237349
237350
237351
237352
237353
237354
237355
237356
237357
237358
237359
237360
237375
237376
237377
237378
237379
237380
237381
237382
237383
237384
237385
237386
237387
237388
237403
237404
237405
237406
237407
237408
237409
237410
237411
237412
237413
237414
237415
237416
237417
237418
237419
237420
237421
237422
237423
237424
237425
237426
237427
237428
237429
237430
237431
237432
237433
237434
237435
237436
237437
237459
237460
237461
237462
237463
237464
237465
237466
237467
237468
237469
237470
237471
237472
237501
237502
237503
237504
237505
237506
237507
237508
237509
237510
237511
237512
237513
237514
237543
237544
237545
237546
237547
237548
237549
237550
237551
237552
237553
237554
237555
237556
237557
237558
237559
237560
237561
237562
237563
237564
237565
237566
237567
237568
237569
237570
237571
237572
237573
237574
237575
237576
237577
237578
237579
237580
237581
237582
237583
237584
237585
237586
237587
237588
237589
237590
237591
237592
237593
237594
237595
237596
237597
237598
237599
237600
237601
237602
237603
237604
237605
237606
237607
237608
237609
237610
237611
237612
237641
237642
237643
237644
237645
237646
237647
237648
237649
237650
237651
237652
237653
237654
237655
237656
237657
237658
237659
237660
237661
237767
237768
237769
237770
237771
237772
237773
237774
237775
237776
237777
237778
237779
237780
237781
237782
237783
237784
237785
237786
237787
237788
237789
237790
237791
237792
237793
237794
237795
237796
237797
237798
237799
237800
237801
237802
237803
237804
237805
237806
237807
237808
237823
237824
237825
237826
237827
237828
237829
237830
237831
237832
237833
237834
237835
237836
237837
237838
237839
237840
237841
237842
237843
237851
237852
237853
237854
237855
237856
237857
237858
237859
237860
237861
237862
237863
237864
237865
237866
237867
237868
237869
237870
237871
237872
237873
237874
237875
237876
237877
237878
237886
237887
237888
237889
237890
237891
237892
237893
237894
237895
237896
237897
237898
237899
237928
237929
237930
237931
237932
237933
237934
237935
237936
237937
237938
237939
237940
237941
237942
237943
237944
237945
237946
237947
237948
237963
237964
237965
237966
237967
237968
237969
237970
237971
237972
237973
237974
237975
237976
237991
237992
237993
237994
237995
237996
237997
237998
237999
238000
238001
238002
238003
238004
238005
238006
238007
238008
238009
238010
238011
238012
238013
238014
238015
238016
238017
238018
238019
238020
238021
238022
238023
238024
238025
238047
238048
238049
238050
238051
238052
238053
238054
238055
238056
238057
238058
238059
238060
238089
238090
238091
238092
238093
238094
238095
238096
238097
238098
238099
238100
238101
238102
238131
238132
238133
238134
238135
238136
238137
238138
238139
238140
238141
238142
238143
238144
238145
238146
238147
238148
238149
238150
238151
238152
238153
238154
238155
238156
238157
238158
238159
238160
238161
238162
238163
238164
238165
238166
238167
238168
238169
238170
238171
238172
238173
238174
238175
238176
238177
238178
238179
238180
238181
238182
238183
238184
238185
238186
238187
238188
238189
238190
238191
238192
238193
238194
238195
238196
238197
238198
238199
238200
238229
238230
238231
238232
238233
238234
238235
238236
238237
238238
238239
238240
238241
238242
238243
238244
238245
238246
238247
238248
238249
238355
238356
238357
238358
238359
238360
238361
238362
238363
238364
238365
238366
238367
238368
238369
238370
238371
238372
238373
238374
238375
238376
238377
238378
238379
238380
238381
238382
238383
238384
238385
238386
238387
238388
238389
238390
238391
238392
238393
238394
238395
238396
238411
238412
238413
238414
238415
238416
238417
238418
238419
238420
238421
238422
238423
238424
238425
238426
238427
238428
238429
238430
238431
238439
238440
238441
238442
238443
238444
238445
238446
238447
238448
238449
238450
238451
238452
238453
238454
238455
238456
238457
238458
238459
238460
238461
238462
238463
238464
238465
238466
238474
238475
238476
238477
238478
238479
238480
238481
238482
238483
238484
238485
238486
238487
238516
238517
238518
238519
238520
238521
238522
238523
238524
238525
238526
238527
238528
238529
238530
238531
238532
238533
238534
238535
238536
238551
238552
238553
238554
238555
238556
238557
238558
238559
238560
238561
238562
238563
238564
238579
238580
238581
238582
238583
238584
238585
238586
238587
238588
238589
238590
238591
238592
238593
238594
238595
238596
238597
238598
238599
238600
238601
238602
238603
238604
238605
238606
238607
238608
238609
238610
238611
238612
238613
238635
238636
238637
238638
238639
238640
238641
238642
238643
238644
238645
238646
238647
238648
238677
238678
238679
238680
238681
238682
238683
238684
238685
238686
238687
238688
238689
238690
238719
238720
238721
238722
238723
238724
238725
238726
238727
238728
238729
238730
238731
238732
238733
238734
238735
238736
238737
238738
238739
238740
238741
238742
238743
238744
238745
238746
238747
238748
238749
238750
238751
238752
238753
238754
238755
238756
238757
238758
238759
238760
238761
238762
238763
238764
238765
238766
238767
238768
238769
238770
238771
238772
238773
238774
238775
238776
238777
238778
238779
238780
238781
238782
238783
238784
238785
238786
238787
238788
238817
238818
238819
238820
238821
238822
238823
238824
238825
238826
238827
238828
238829
238830
238831
238832
238833
238834
238835
238836
238837
238943
238944
238945
238946
238947
238948
238949
238950
238951
238952
238953
238954
238955
238956
238957
238958
238959
238960
238961
238962
238963
238964
238965
238966
238967
238968
238969
238970
238971
238972
238973
238974
238975
238976
238977
238978
238979
238980
238981
238982
238983
238984
238999
239000
239001
239002
239003
239004
239005
239006
239007
239008
239009
239010
239011
239012
239013
239014
239015
239016
239017
239018
239019
239027
239028
239029
239030
239031
239032
239033
239034
239035
239036
239037
239038
239039
239040
239041
239042
239043
239044
239045
239046
239047
239048
239049
239050
239051
239052
239053
239054
239062
239063
239064
239065
239066
239067
239068
239069
239070
239071
239072
239073
239074
239075
239104
239105
239106
239107
239108
239109
239110
239111
239112
239113
239114
239115
239116
239117
239118
239119
239120
239121
239122
239123
239124
239139
239140
239141
239142
239143
239144
239145
239146
239147
239148
239149
239150
239151
239152
239167
239168
239169
239170
239171
239172
239173
239174
239175
239176
239177
239178
239179
239180
239181
239182
239183
239184
239185
239186
239187
239188
239189
239190
239191
239192
239193
239194
239195
239196
239197
239198
239199
239200
239201
239223
239224
239225
239226
239227
239228
239229
239230
239231
239232
239233
239234
239235
239236
239265
239266
239267
239268
239269
239270
239271
239272
239273
239274
239275
239276
239277
239278
239307
239308
239309
239310
239311
239312
239313
239314
239315
239316
239317
239318
239319
239320
239321
239322
239323
239324
239325
239326
239327
239328
239329
239330
239331
239332
239333
239334
239335
239336
239337
239338
239339
239340
239341
239342
239343
239344
239345
239346
239347
239348
239349
239350
239351
239352
239353
239354
239355
239356
239357
239358
239359
239360
239361
239362
239363
239364
239365
239366
239367
239368
239369
239370
239371
239372
239373
239374
239375
239376
239405
239406
239407
239408
239409
239410
239411
239412
239413
239414
239415
239416
239417
239418
239419
239420
239421
239422
239423
239424
239425
239531
239532
239533
239534
239535
239536
239537
239538
239539
239540
239541
239542
239543
239544
239545
239546
239547
239548
239549
239550
239551
239552
239553
239554
239555
239556
239557
239558
239559
239560
239561
239562
239563
239564
239565
239566
239567
239568
239569
239570
239571
239572
239587
239588
239589
239590
239591
239592
239593
239594
239595
239596
239597
239598
239599
239600
239601
239602
239603
239604
239605
239606
239607
239615
239616
239617
239618
239619
239620
239621
239622
239623
239624
239625
239626
239627
239628
239629
239630
239631
239632
239633
239634
239635
239636
239637
239638
239639
239640
239641
239642
239650
239651
239652
239653
239654
239655
239656
239657
239658
239659
239660
239661
239662
239663
239692
239693
239694
239695
239696
239697
239698
239699
239700
239701
239702
239703
239704
239705
239706
239707
239708
239709
239710
239711
239712
239727
239728
239729
239730
239731
239732
239733
239734
239735
239736
239737
239738
239739
239740
239755
239756
239757
239758
239759
239760
239761
239762
239763
239764
239765
239766
239767
239768
239769
239770
239771
239772
239773
239774
239775
239776
239777
239778
239779
239780
239781
239782
239783
239784
239785
239786
239787
239788
239789
239811
239812
239813
239814
239815
239816
239817
239818
239819
239820
239821
239822
239823
239824
239853
239854
239855
239856
239857
239858
239859
239860
239861
239862
239863
239864
239865
239866
239895
239896
239897
239898
239899
239900
239901
239902
239903
239904
239905
239906
239907
239908
239909
239910
239911
239912
239913
239914
239915
239916
239917
239918
239919
239920
239921
239922
239923
239924
239925
239926
239927
239928
239929
239930
239931
239932
239933
239934
239935
239936
239937
239938
239939
239940
239941
239942
239943
239944
239945
239946
239947
239948
239949
239950
239951
239952
239953
239954
239955
239956
239957
239958
239959
239960
239961
239962
239963
239964
239993
239994
239995
239996
239997
239998
239999
240000
240001
240002
240003
240004
240005
240006
240007
240008
240009
240010
240011
240012
240013
240119
240120
240121
240122
240123
240124
240125
240126
240127
240128
240129
240130
240131
240132
240133
240134
240135
240136
240137
240138
240139
240140
240141
240142
240143
240144
240145
240146
240147
240148
240149
240150
240151
240152
240153
240154
240155
240156
240157
240158
240159
240160
240175
240176
240177
240178
240179
240180
240181
240182
240183
240184
240185
240186
240187
240188
240189
240190
240191
240192
240193
240194
240195
240203
240204
240205
240206
240207
240208
240209
240210
240211
240212
240213
240214
240215
240216
240217
240218
240219
240220
240221
240222
240223
240224
240225
240226
240227
240228
240229
240230
240238
240239
240240
240241
240242
240243
240244
240245
240246
240247
240248
240249
240250
240251
240280
240281
240282
240283
240284
240285
240286
240287
240288
240289
240290
240291
240292
240293
240294
240295
240296
240297
240298
240299
240300
240315
240316
240317
240318
240319
240320
240321
240322
240323
240324
240325
240326
240327
240328
240343
240344
240345
240346
240347
240348
240349
240350
240351
240352
240353
240354
240355
240356
240357
240358
240359
240360
240361
240362
240363
240364
240365
240366
240367
240368
240369
240370
240371
240372
240373
240374
240375
240376
240377
240399
240400
240401
240402
240403
240404
240405
240406
240407
240408
240409
240410
240411
240412
240441
240442
240443
240444
240445
240446
240447
240448
240449
240450
240451
240452
240453
240454
240483
240484
240485
240486
240487
240488
240489
240490
240491
240492
240493
240494
240495
240496
240497
240498
240499
240500
240501
240502
240503
240504
240505
240506
240507
240508
240509
240510
240511
240512
240513
240514
240515
240516
240517
240518
240519
240520
240521
240522
240523
240524
240525
240526
240527
240528
240529
240530
240531
240532
240533
240534
240535
240536
240537
240538
240539
240540
240541
240542
240543
240544
240545
240546
240547
240548
240549
240550
240551
240552
240581
240582
240583
240584
240585
240586
240587
240588
240589
240590
240591
240592
240593
240594
240595
240596
240597
240598
240599
240600
240601
240707
240708
240709
240710
240711
240712
240713
240714
240715
240716
240717
240718
240719
240720
240721
240722
240723
240724
240725
240726
240727
240728
240729
240730
240731
240732
240733
240734
240735
240736
240737
240738
240739
240740
240741
240742
240743
240744
240745
240746
240747
240748
240763
240764
240765
240766
240767
240768
240769
240770
240771
240772
240773
240774
240775
240776
240777
240778
240779
240780
240781
240782
240783
240791
240792
240793
240794
240795
240796
240797
240798
240799
240800
240801
240802
240803
240804
240805
240806
240807
240808
240809
240810
240811
240812
240813
240814
240815
240816
240817
240818
240826
240827
240828
240829
240830
240831
240832
240833
240834
240835
240836
240837
240838
240839
240868
240869
240870
240871
240872
240873
240874
240875
240876
240877
240878
240879
240880
240881
240882
240883
240884
240885
240886
240887
240888
240903
240904
240905
240906
240907
240908
240909
240910
240911
240912
240913
240914
240915
240916
240931
240932
240933
240934
240935
240936
240937
240938
240939
240940
240941
240942
240943
240944
240945
240946
240947
240948
240949
240950
240951
240952
240953
240954
240955
240956
240957
240958
240959
240960
240961
240962
240963
240964
240965
240987
240988
240989
240990
240991
240992
240993
240994
240995
240996
240997
240998
240999
241000
241029
241030
241031
241032
241033
241034
241035
241036
241037
241038
241039
241040
241041
241042
241071
241072
241073
241074
241075
241076
241077
241078
241079
241080
241081
241082
241083
241084
241085
241086
241087
241088
241089
241090
241091
241092
241093
241094
241095
241096
241097
241098
241099
241100
241101
241102
241103
241104
241105
241106
241107
241108
241109
241110
241111
241112
241113
241114
241115
241116
241117
241118
241119
241120
241121
241122
241123
241124
241125
241126
241127
241128
241129
241130
241131
241132
241133
241134
241135
241136
241137
241138
241139
241140
241169
241170
241171
241172
241173
241174
241175
241176
241177
241178
241179
241180
241181
241182
241183
241184
241185
241186
241187
241188
241189
241295
241296
241297
241298
241299
241300
241301
241302
241303
241304
241305
241306
241307
241308
241309
241310
241311
241312
241313
241314
241315
241316
241317
241318
241319
241320
241321
241322
241323
241324
241325
241326
241327
241328
241329
241330
241331
241332
241333
241334
241335
241336
241351
241352
241353
241354
241355
241356
241357
241358
241359
241360
241361
241362
241363
241364
241365
241366
241367
241368
241369
241370
241371
241379
241380
241381
241382
241383
241384
241385
241386
241387
241388
241389
241390
241391
241392
241393
241394
241395
241396
241397
241398
241399
241400
241401
241402
241403
241404
241405
241406
241414
241415
241416
241417
241418
241419
241420
241421
241422
241423
241424
241425
241426
241427
241456
241457
241458
241459
241460
241461
241462
241463
241464
241465
241466
241467
241468
241469
241470
241471
241472
241473
241474
241475
241476
241491
241492
241493
241494
241495
241496
241497
241498
241499
241500
241501
241502
241503
241504
241519
241520
241521
241522
241523
241524
241525
241526
241527
241528
241529
241530
241531
241532
241533
241534
241535
241536
241537
241538
241539
241540
241541
241542
241543
241544
241545
241546
241547
241548
241549
241550
241551
241552
241553
241575
241576
241577
241578
241579
241580
241581
241582
241583
241584
241585
241586
241587
241588
241617
241618
241619
241620
241621
241622
241623
241624
241625
241626
241627
241628
241629
241630
241659
241660
241661
241662
241663
241664
241665
241666
241667
241668
241669
241670
241671
241672
241673
241674
241675
241676
241677
241678
241679
241680
241681
241682
241683
241684
241685
241686
241687
241688
241689
241690
241691
241692
241693
241694
241695
241696
241697
241698
241699
241700
241701
241702
241703
241704
241705
241706
241707
241708
241709
241710
241711
241712
241713
241714
241715
241716
241717
241718
241719
241720
241721
241722
241723
241724
241725
241726
241727
241728
241729
241730
241731
241732
241733
241734
241735
241736
241737
241738
241739
241740
241741
241742
241743
241744
241745
241746
241747
241748
241749
241750
241751
241752
241753
241754
241755
241756
241785
241786
241787
241788
241789
241790
241791
241792
241793
241794
241795
241796
241797
241798
241799
241800
241801
241802
241803
241804
241805
244879
244880
244881
244882
244883
244884
244885
244886
244887
244888
244889
244890
244891
244892
244956
244957
244958
244959
244960
244961
244962
244963
244964
244965
244966
244967
244968
244969
244970
244971
244972
244973
244974
244975
244976
244977
244978
244979
244980
244981
244982
244983
245047
245048
245049
245050
245051
245052
245053
245054
245055
245056
245057
245058
245059
245060
245061
245062
245063
245064
245065
245066
245067
245068
245069
245070
245071
245072
245073
245074
245138
245139
245140
245141
245142
245143
245144
245145
245146
245147
245148
245149
245150
245151
245152
245153
245154
245155
245156
245157
245158
245159
245160
245161
245162
245163
245164
245165
245229
245230
245231
245232
245233
245234
245235
245236
245237
245238
245239
245240
245241
245242
245243
245244
245245
245246
245247
245248
245249
245250
245251
245252
245253
245254
245255
245256
245320
245321
245322
245323
245324
245325
245326
245327
245328
245329
245330
245331
245332
245333
245334
245335
245336
245337
245338
245339
245340
245341
245342
245343
245344
245345
245346
245347
245411
245412
245413
245414
245415
245416
245417
245418
245419
245420
245421
245422
245423
245424
245425
245426
245427
245428
245429
245430
245431
245432
245433
245434
245435
245436
245437
245438
245502
245503
245504
245505
245506
245507
245508
245509
245510
245511
245512
245513
245514
245515
245516
245517
245518
245519
245520
245521
245522
245523
245524
245525
245526
245527
245528
245529
245593
245594
245595
245596
245597
245598
245599
245600
245601
245602
245603
245604
245605
245606
245607
245608
245609
245610
245611
245612
245613
245614
245615
245616
245617
245618
245619
245620
245684
245685
245686
245687
245688
245689
245690
245691
245692
245693
245694
245695
245696
245697
245698
245699
245700
245701
245702
245703
245704
245705
245706
245707
245708
245709
245710
245711
245775
245776
245777
245778
245779
245780
245781
245782
245783
245784
245785
245786
245787
245788
245789
245790
245791
245792
245793
245794
245795
245796
245797
245798
245799
245800
245801
245802
249520
249521
249522
249523
249524
249525
249526
249530
249531
249532
249533
249541
249542
249543
249544
249545
249546
249547
249618
249619
249620
249621
249622
249623
249624
249625
249626
249627
249628
249629
249630
249631
249632
249633
249634
249635
249636
249637
249638
249639
249640
249641
249642
249643
249644
249645
249716
249717
249718
249719
249720
249721
249722
249723
249724
249725
249726
249727
249728
249729
249730
249731
249732
249733
249734
249735
249736
249737
249738
249739
249740
249741
249742
249743
249814
249815
249816
249817
249818
249819
249820
249821
249822
249823
249824
249825
249826
249827
249828
249829
249830
249831
249832
249833
249834
249835
249836
249837
249838
249839
249840
249841
249912
249913
249914
249915
249916
249917
249918
249919
249920
249921
249922
249923
249924
249925
249926
249927
249928
249929
249930
249931
249932
249933
249934
249935
249936
249937
249938
249939
250010
250011
250012
250013
250014
250015
250016
250017
250018
250019
250020
250021
250022
250023
250024
250025
250026
250027
250028
250029
250030
250031
250032
250033
250034
250035
250036
250037
250108
250109
250110
250111
250112
250113
250114
250115
250116
250117
250118
250119
250120
250121
250122
250123
250124
250125
250126
250127
250128
250129
250130
250131
250132
250133
250134
250135
250206
250207
250208
250209
250210
250211
250212
250213
250214
250215
250216
250217
250218
250219
250220
250221
250222
250223
250224
250225
250226
250227
250228
250229
250230
250231
250232
250233
250304
250305
250306
250307
250308
250309
250310
250311
250312
250313
250314
250315
250316
250317
250318
250319
250320
250321
250322
250323
250324
250325
250326
250327
250328
250329
250330
250331
250402
250403
250404
250405
250406
250407
250408
250409
250410
250411
250412
250413
250414
250415
250416
250417
250418
250419
250420
250421
250422
250423
250424
250425
250426
250427
250428
250429
250500
250501
250502
250503
250504
250505
250506
250507
250508
250509
250510
250511
250512
250513
250514
250515
250516
250517
250518
250519
250520
250521
250522
250523
250524
250525
250526
250527
)


// ************************************************************************* //
